date,open,high,low,close,volume,ticker
2022-08-15 14:15:00,0.19390000,0.19870000,0.19210000,0.19230000,333478.00000000,BEAMUSDT
2022-08-15 14:30:00,0.19230000,0.19320000,0.19220000,0.19260000,23951.00000000,BEAMUSDT
2022-08-15 14:45:00,0.19250000,0.19380000,0.19250000,0.19320000,34223.00000000,BEAMUSDT
2022-08-15 15:00:00,0.19320000,0.19330000,0.19200000,0.19240000,36442.00000000,BEAMUSDT
2022-08-15 15:15:00,0.19220000,0.19260000,0.19220000,0.19260000,18615.00000000,BEAMUSDT
2022-08-15 15:30:00,0.19280000,0.19280000,0.19220000,0.19220000,12990.00000000,BEAMUSDT
2022-08-15 15:45:00,0.19250000,0.19410000,0.19220000,0.19370000,33753.00000000,BEAMUSDT
2022-08-15 16:00:00,0.19370000,0.19420000,0.19350000,0.19390000,22965.00000000,BEAMUSDT
2022-08-15 16:15:00,0.19390000,0.19620000,0.19290000,0.19590000,91594.00000000,BEAMUSDT
2022-08-15 16:30:00,0.19630000,0.19770000,0.19430000,0.19530000,158542.00000000,BEAMUSDT
2022-08-15 16:45:00,0.19530000,0.19580000,0.19470000,0.19520000,47585.00000000,BEAMUSDT
2022-08-15 17:00:00,0.19520000,0.20170000,0.19490000,0.20060000,491500.00000000,BEAMUSDT
2022-08-15 17:15:00,0.20070000,0.21980000,0.19930000,0.21980000,5682058.00000000,BEAMUSDT
2022-08-15 17:30:00,0.21960000,0.23000000,0.20040000,0.20430000,9688133.00000000,BEAMUSDT
2022-08-15 17:45:00,0.20410000,0.20450000,0.19820000,0.20080000,1797054.00000000,BEAMUSDT
2022-08-15 18:00:00,0.20120000,0.20220000,0.19750000,0.19750000,1045810.00000000,BEAMUSDT
2022-08-15 18:15:00,0.19740000,0.20100000,0.19710000,0.19780000,574420.00000000,BEAMUSDT
2022-08-15 18:30:00,0.19800000,0.19850000,0.19650000,0.19650000,292491.00000000,BEAMUSDT
2022-08-15 18:45:00,0.19650000,0.19710000,0.19490000,0.19550000,514013.00000000,BEAMUSDT
2022-08-15 19:00:00,0.19520000,0.19590000,0.19300000,0.19310000,481999.00000000,BEAMUSDT
2022-08-15 19:15:00,0.19310000,0.19720000,0.19300000,0.19580000,290548.00000000,BEAMUSDT
2022-08-15 19:30:00,0.19560000,0.19580000,0.19300000,0.19490000,155440.00000000,BEAMUSDT
2022-08-15 19:45:00,0.19480000,0.19520000,0.18190000,0.18470000,1813056.00000000,BEAMUSDT
2022-08-15 20:00:00,0.18470000,0.18710000,0.18400000,0.18510000,488916.00000000,BEAMUSDT
2022-08-15 20:15:00,0.18560000,0.18680000,0.18470000,0.18630000,163520.00000000,BEAMUSDT
2022-08-15 20:30:00,0.18620000,0.18660000,0.18220000,0.18420000,300568.00000000,BEAMUSDT
2022-08-15 20:45:00,0.18450000,0.18450000,0.18160000,0.18330000,336880.00000000,BEAMUSDT
2022-08-15 21:00:00,0.18330000,0.18500000,0.18260000,0.18360000,142401.00000000,BEAMUSDT
2022-08-15 21:15:00,0.18360000,0.18400000,0.18290000,0.18320000,54660.00000000,BEAMUSDT
2022-08-15 21:30:00,0.18320000,0.18460000,0.18320000,0.18430000,45347.00000000,BEAMUSDT
2022-08-15 21:45:00,0.18430000,0.18610000,0.18350000,0.18350000,109726.00000000,BEAMUSDT
2022-08-15 22:00:00,0.18340000,0.18590000,0.18340000,0.18520000,57705.00000000,BEAMUSDT
2022-08-15 22:15:00,0.18470000,0.18550000,0.18450000,0.18460000,23756.00000000,BEAMUSDT
2022-08-15 22:30:00,0.18450000,0.18500000,0.18340000,0.18340000,64372.00000000,BEAMUSDT
2022-08-15 22:45:00,0.18370000,0.18370000,0.18320000,0.18330000,38709.00000000,BEAMUSDT
2022-08-15 23:00:00,0.18330000,0.18330000,0.18100000,0.18130000,100697.00000000,BEAMUSDT
2022-08-15 23:15:00,0.18150000,0.18210000,0.18000000,0.18100000,237971.00000000,BEAMUSDT
2022-08-15 23:30:00,0.18100000,0.18240000,0.18100000,0.18210000,92649.00000000,BEAMUSDT
2022-08-15 23:45:00,0.18220000,0.18220000,0.18040000,0.18060000,108393.00000000,BEAMUSDT
2022-08-16 00:00:00,0.18060000,0.18230000,0.18040000,0.18170000,104238.00000000,BEAMUSDT
2022-08-16 00:15:00,0.18150000,0.18150000,0.18040000,0.18090000,70005.00000000,BEAMUSDT
2022-08-16 00:30:00,0.18070000,0.18130000,0.18020000,0.18060000,51888.00000000,BEAMUSDT
2022-08-16 00:45:00,0.18090000,0.18290000,0.18030000,0.18140000,94069.00000000,BEAMUSDT
2022-08-16 01:00:00,0.18110000,0.18190000,0.18050000,0.18140000,43391.00000000,BEAMUSDT
2022-08-16 01:15:00,0.18130000,0.18190000,0.18100000,0.18150000,40540.00000000,BEAMUSDT
2022-08-16 01:30:00,0.18150000,0.18250000,0.18130000,0.18230000,20016.00000000,BEAMUSDT
2022-08-16 01:45:00,0.18250000,0.18270000,0.18210000,0.18260000,51943.00000000,BEAMUSDT
2022-08-16 02:00:00,0.18260000,0.18360000,0.18230000,0.18330000,98898.00000000,BEAMUSDT
2022-08-16 02:15:00,0.18340000,0.18350000,0.18240000,0.18270000,54084.00000000,BEAMUSDT
2022-08-16 02:30:00,0.18280000,0.18280000,0.18230000,0.18230000,42230.00000000,BEAMUSDT
2022-08-16 02:45:00,0.18250000,0.18280000,0.18230000,0.18280000,40345.00000000,BEAMUSDT
2022-08-16 03:00:00,0.18270000,0.18330000,0.18220000,0.18230000,165301.00000000,BEAMUSDT
2022-08-16 03:15:00,0.18200000,0.18290000,0.18160000,0.18290000,127762.00000000,BEAMUSDT
2022-08-16 03:30:00,0.18250000,0.18280000,0.18230000,0.18230000,62138.00000000,BEAMUSDT
2022-08-16 03:45:00,0.18230000,0.18260000,0.18210000,0.18250000,11669.00000000,BEAMUSDT
2022-08-16 04:00:00,0.18230000,0.18290000,0.18190000,0.18280000,38284.00000000,BEAMUSDT
2022-08-16 04:15:00,0.18280000,0.18290000,0.18190000,0.18200000,61476.00000000,BEAMUSDT
2022-08-16 04:30:00,0.18200000,0.18300000,0.18160000,0.18240000,86941.00000000,BEAMUSDT
2022-08-16 04:45:00,0.18220000,0.18240000,0.18200000,0.18210000,20061.00000000,BEAMUSDT
2022-08-16 05:00:00,0.18170000,0.18200000,0.18130000,0.18130000,28903.00000000,BEAMUSDT
2022-08-16 05:15:00,0.18130000,0.18190000,0.18100000,0.18190000,78276.00000000,BEAMUSDT
2022-08-16 05:30:00,0.18180000,0.18190000,0.18100000,0.18130000,61311.00000000,BEAMUSDT
2022-08-16 05:45:00,0.18100000,0.18170000,0.18070000,0.18150000,65445.00000000,BEAMUSDT
2022-08-16 06:00:00,0.18150000,0.18190000,0.18120000,0.18120000,55869.00000000,BEAMUSDT
2022-08-16 06:15:00,0.18130000,0.18160000,0.18090000,0.18160000,65763.00000000,BEAMUSDT
2022-08-16 06:30:00,0.18140000,0.18140000,0.18100000,0.18140000,37740.00000000,BEAMUSDT
2022-08-16 06:45:00,0.18150000,0.18180000,0.18150000,0.18160000,20004.00000000,BEAMUSDT
2022-08-16 07:00:00,0.18170000,0.18210000,0.18150000,0.18200000,36005.00000000,BEAMUSDT
2022-08-16 07:15:00,0.18190000,0.18220000,0.18190000,0.18200000,42295.00000000,BEAMUSDT
2022-08-16 07:30:00,0.18210000,0.18210000,0.18160000,0.18170000,44269.00000000,BEAMUSDT
2022-08-16 07:45:00,0.18160000,0.18200000,0.18150000,0.18200000,58632.00000000,BEAMUSDT
2022-08-16 08:00:00,0.18190000,0.18210000,0.18130000,0.18180000,95738.00000000,BEAMUSDT
2022-08-16 08:15:00,0.18180000,0.18180000,0.18110000,0.18110000,80559.00000000,BEAMUSDT
2022-08-16 08:30:00,0.18110000,0.18110000,0.17950000,0.17980000,275049.00000000,BEAMUSDT
2022-08-16 08:45:00,0.17980000,0.18070000,0.17950000,0.18070000,143529.00000000,BEAMUSDT
2022-08-16 09:00:00,0.18070000,0.18070000,0.17950000,0.17950000,112238.00000000,BEAMUSDT
2022-08-16 09:15:00,0.17950000,0.18020000,0.17950000,0.18010000,30536.00000000,BEAMUSDT
2022-08-16 09:30:00,0.18020000,0.18110000,0.18020000,0.18100000,125999.00000000,BEAMUSDT
2022-08-16 09:45:00,0.18090000,0.18120000,0.18040000,0.18110000,89192.00000000,BEAMUSDT
2022-08-16 10:00:00,0.18080000,0.18130000,0.18060000,0.18110000,70509.00000000,BEAMUSDT
2022-08-16 10:15:00,0.18130000,0.18190000,0.18110000,0.18160000,128739.00000000,BEAMUSDT
2022-08-16 10:30:00,0.18150000,0.18240000,0.18150000,0.18200000,62806.00000000,BEAMUSDT
2022-08-16 10:45:00,0.18200000,0.18230000,0.18140000,0.18140000,106274.00000000,BEAMUSDT
2022-08-16 11:00:00,0.18140000,0.18240000,0.18100000,0.18220000,55409.00000000,BEAMUSDT
2022-08-16 11:15:00,0.18210000,0.18240000,0.18150000,0.18170000,59844.00000000,BEAMUSDT
2022-08-16 11:30:00,0.18220000,0.18220000,0.18150000,0.18170000,20087.00000000,BEAMUSDT
2022-08-16 11:45:00,0.18190000,0.18230000,0.18170000,0.18210000,53548.00000000,BEAMUSDT
2022-08-16 12:00:00,0.18200000,0.18240000,0.18190000,0.18230000,14530.00000000,BEAMUSDT
2022-08-16 12:15:00,0.18250000,0.18270000,0.18230000,0.18240000,36636.00000000,BEAMUSDT
2022-08-16 12:30:00,0.18260000,0.18260000,0.18210000,0.18220000,73332.00000000,BEAMUSDT
2022-08-16 12:45:00,0.18220000,0.18240000,0.18130000,0.18180000,46551.00000000,BEAMUSDT
2022-08-16 13:00:00,0.18200000,0.18280000,0.18180000,0.18280000,53380.00000000,BEAMUSDT
2022-08-16 13:15:00,0.18260000,0.18270000,0.18250000,0.18270000,31656.00000000,BEAMUSDT
2022-08-16 13:30:00,0.18270000,0.18330000,0.18240000,0.18310000,118935.00000000,BEAMUSDT
2022-08-16 13:45:00,0.18300000,0.18330000,0.18160000,0.18280000,94484.00000000,BEAMUSDT
2022-08-16 14:00:00,0.18270000,0.19770000,0.18190000,0.19510000,1778922.00000000,BEAMUSDT
2022-08-16 14:15:00,0.19520000,0.19890000,0.17890000,0.18190000,3502980.00000000,BEAMUSDT
2022-08-16 14:30:00,0.18180000,0.18180000,0.17980000,0.18100000,305108.00000000,BEAMUSDT
2022-08-16 14:45:00,0.18090000,0.18090000,0.17920000,0.18000000,210793.00000000,BEAMUSDT
2022-08-16 15:00:00,0.17990000,0.18080000,0.17930000,0.18010000,141677.00000000,BEAMUSDT
2022-08-16 15:15:00,0.18010000,0.18120000,0.17990000,0.18020000,219949.00000000,BEAMUSDT
2022-08-16 15:30:00,0.18070000,0.18100000,0.18020000,0.18070000,55330.00000000,BEAMUSDT
2022-08-16 15:45:00,0.18070000,0.18200000,0.18020000,0.18150000,88292.00000000,BEAMUSDT
2022-08-16 16:00:00,0.18150000,0.18200000,0.18140000,0.18150000,63410.00000000,BEAMUSDT
2022-08-16 16:15:00,0.18140000,0.18170000,0.18090000,0.18120000,113054.00000000,BEAMUSDT
2022-08-16 16:30:00,0.18130000,0.18220000,0.18040000,0.18090000,223813.00000000,BEAMUSDT
2022-08-16 16:45:00,0.18050000,0.18180000,0.18040000,0.18180000,82295.00000000,BEAMUSDT
2022-08-16 17:00:00,0.18180000,0.18290000,0.18110000,0.18270000,176091.00000000,BEAMUSDT
2022-08-16 17:15:00,0.18280000,0.18310000,0.18210000,0.18240000,114535.00000000,BEAMUSDT
2022-08-16 17:30:00,0.18240000,0.18250000,0.18160000,0.18210000,139987.00000000,BEAMUSDT
2022-08-16 17:45:00,0.18210000,0.18240000,0.18160000,0.18190000,83899.00000000,BEAMUSDT
2022-08-16 18:00:00,0.18190000,0.18240000,0.18190000,0.18240000,62362.00000000,BEAMUSDT
2022-08-16 18:15:00,0.18240000,0.18370000,0.18230000,0.18350000,107779.00000000,BEAMUSDT
2022-08-16 18:30:00,0.18320000,0.18360000,0.18270000,0.18270000,64160.00000000,BEAMUSDT
2022-08-16 18:45:00,0.18270000,0.18320000,0.18150000,0.18280000,66849.00000000,BEAMUSDT
2022-08-16 19:00:00,0.18280000,0.18440000,0.18220000,0.18410000,107900.00000000,BEAMUSDT
2022-08-16 19:15:00,0.18410000,0.18540000,0.18400000,0.18410000,139029.00000000,BEAMUSDT
2022-08-16 19:30:00,0.18410000,0.18420000,0.18310000,0.18310000,39327.00000000,BEAMUSDT
2022-08-16 19:45:00,0.18320000,0.18420000,0.18320000,0.18410000,53588.00000000,BEAMUSDT
2022-08-16 20:00:00,0.18400000,0.18470000,0.18380000,0.18410000,37778.00000000,BEAMUSDT
2022-08-16 20:15:00,0.18430000,0.18500000,0.18430000,0.18470000,35673.00000000,BEAMUSDT
2022-08-16 20:30:00,0.18470000,0.18530000,0.18470000,0.18510000,24976.00000000,BEAMUSDT
2022-08-16 20:45:00,0.18500000,0.18500000,0.18410000,0.18410000,94564.00000000,BEAMUSDT
2022-08-16 21:00:00,0.18410000,0.18450000,0.18330000,0.18340000,46552.00000000,BEAMUSDT
2022-08-16 21:15:00,0.18340000,0.18380000,0.18300000,0.18380000,43615.00000000,BEAMUSDT
2022-08-16 21:30:00,0.18320000,0.18360000,0.18260000,0.18350000,25965.00000000,BEAMUSDT
2022-08-16 21:45:00,0.18340000,0.18550000,0.18340000,0.18550000,112999.00000000,BEAMUSDT
2022-08-16 22:00:00,0.18550000,0.18620000,0.18480000,0.18540000,21619.00000000,BEAMUSDT
2022-08-16 22:15:00,0.18560000,0.18610000,0.18510000,0.18520000,28623.00000000,BEAMUSDT
2022-08-16 22:30:00,0.18530000,0.18530000,0.18280000,0.18370000,69545.00000000,BEAMUSDT
2022-08-16 22:45:00,0.18390000,0.18390000,0.18320000,0.18340000,13518.00000000,BEAMUSDT
2022-08-16 23:00:00,0.18340000,0.18390000,0.18220000,0.18300000,50285.00000000,BEAMUSDT
2022-08-16 23:15:00,0.18290000,0.18370000,0.18090000,0.18170000,98480.00000000,BEAMUSDT
2022-08-16 23:30:00,0.18180000,0.18220000,0.18130000,0.18160000,34801.00000000,BEAMUSDT
2022-08-16 23:45:00,0.18210000,0.18250000,0.18170000,0.18180000,8136.00000000,BEAMUSDT
2022-08-17 00:00:00,0.18180000,0.18290000,0.18170000,0.18290000,9170.00000000,BEAMUSDT
2022-08-17 00:15:00,0.18310000,0.18380000,0.18170000,0.18180000,69464.00000000,BEAMUSDT
2022-08-17 00:30:00,0.18230000,0.18360000,0.18230000,0.18350000,34958.00000000,BEAMUSDT
2022-08-17 00:45:00,0.18350000,0.18440000,0.18350000,0.18420000,16515.00000000,BEAMUSDT
2022-08-17 01:00:00,0.18410000,0.18430000,0.18390000,0.18410000,22317.00000000,BEAMUSDT
2022-08-17 01:15:00,0.18400000,0.18490000,0.18360000,0.18400000,32319.00000000,BEAMUSDT
2022-08-17 01:30:00,0.18460000,0.18480000,0.18410000,0.18410000,16858.00000000,BEAMUSDT
2022-08-17 01:45:00,0.18450000,0.18470000,0.18350000,0.18350000,23115.00000000,BEAMUSDT
2022-08-17 02:00:00,0.18350000,0.18350000,0.18330000,0.18330000,2718.00000000,BEAMUSDT
2022-08-17 02:15:00,0.18330000,0.18360000,0.18300000,0.18320000,15024.00000000,BEAMUSDT
2022-08-17 02:30:00,0.18350000,0.18440000,0.18350000,0.18440000,8641.00000000,BEAMUSDT
2022-08-17 02:45:00,0.18390000,0.18390000,0.18340000,0.18340000,25506.00000000,BEAMUSDT
2022-08-17 03:00:00,0.18340000,0.18440000,0.18280000,0.18440000,30807.00000000,BEAMUSDT
2022-08-17 03:15:00,0.18440000,0.18440000,0.18390000,0.18440000,9542.00000000,BEAMUSDT
2022-08-17 03:30:00,0.18410000,0.18460000,0.18390000,0.18430000,53795.00000000,BEAMUSDT
2022-08-17 03:45:00,0.18440000,0.18460000,0.18400000,0.18440000,19180.00000000,BEAMUSDT
2022-08-17 04:00:00,0.18440000,0.18560000,0.18440000,0.18560000,36455.00000000,BEAMUSDT
2022-08-17 04:15:00,0.18560000,0.18590000,0.18520000,0.18590000,26994.00000000,BEAMUSDT
2022-08-17 04:30:00,0.18590000,0.18710000,0.18570000,0.18700000,35689.00000000,BEAMUSDT
2022-08-17 04:45:00,0.18700000,0.18710000,0.18630000,0.18690000,21826.00000000,BEAMUSDT
2022-08-17 05:00:00,0.18690000,0.18690000,0.18560000,0.18640000,31939.00000000,BEAMUSDT
2022-08-17 05:15:00,0.18620000,0.18670000,0.18610000,0.18670000,6326.00000000,BEAMUSDT
2022-08-17 05:30:00,0.18670000,0.18720000,0.18640000,0.18700000,30726.00000000,BEAMUSDT
2022-08-17 05:45:00,0.18700000,0.18770000,0.18680000,0.18740000,16575.00000000,BEAMUSDT
2022-08-17 06:00:00,0.18740000,0.18880000,0.18730000,0.18790000,103165.00000000,BEAMUSDT
2022-08-17 06:15:00,0.18790000,0.18830000,0.18650000,0.18770000,54231.00000000,BEAMUSDT
2022-08-17 06:30:00,0.18770000,0.18800000,0.18700000,0.18800000,57392.00000000,BEAMUSDT
2022-08-17 06:45:00,0.18790000,0.18830000,0.18730000,0.18810000,53331.00000000,BEAMUSDT
2022-08-17 07:00:00,0.18800000,0.18830000,0.18720000,0.18780000,92356.00000000,BEAMUSDT
2022-08-17 07:15:00,0.18770000,0.18790000,0.18610000,0.18620000,212187.00000000,BEAMUSDT
2022-08-17 07:30:00,0.18630000,0.18630000,0.18300000,0.18300000,124325.00000000,BEAMUSDT
2022-08-17 07:45:00,0.18340000,0.18370000,0.18210000,0.18210000,102851.00000000,BEAMUSDT
2022-08-17 08:00:00,0.18210000,0.18330000,0.18150000,0.18330000,55331.00000000,BEAMUSDT
2022-08-17 08:15:00,0.18330000,0.18350000,0.18160000,0.18200000,49034.00000000,BEAMUSDT
2022-08-17 08:30:00,0.18200000,0.18260000,0.18200000,0.18230000,37988.00000000,BEAMUSDT
2022-08-17 08:45:00,0.18250000,0.18350000,0.18230000,0.18230000,52479.00000000,BEAMUSDT
2022-08-17 09:00:00,0.18230000,0.18480000,0.18230000,0.18400000,45063.00000000,BEAMUSDT
2022-08-17 09:15:00,0.18420000,0.18490000,0.18420000,0.18470000,16781.00000000,BEAMUSDT
2022-08-17 09:30:00,0.18450000,0.18490000,0.18420000,0.18460000,7974.00000000,BEAMUSDT
2022-08-17 09:45:00,0.18450000,0.18470000,0.18410000,0.18440000,30742.00000000,BEAMUSDT
2022-08-17 10:00:00,0.18430000,0.18430000,0.18310000,0.18340000,15103.00000000,BEAMUSDT
2022-08-17 10:15:00,0.18340000,0.18480000,0.18330000,0.18480000,45211.00000000,BEAMUSDT
2022-08-17 10:30:00,0.18480000,0.18480000,0.18240000,0.18300000,45117.00000000,BEAMUSDT
2022-08-17 10:45:00,0.18320000,0.18360000,0.18280000,0.18310000,27088.00000000,BEAMUSDT
2022-08-17 11:00:00,0.18320000,0.18390000,0.18310000,0.18340000,36748.00000000,BEAMUSDT
2022-08-17 11:15:00,0.18340000,0.18340000,0.18230000,0.18240000,30202.00000000,BEAMUSDT
2022-08-17 11:30:00,0.18240000,0.18250000,0.18180000,0.18220000,39119.00000000,BEAMUSDT
2022-08-17 11:45:00,0.18220000,0.18240000,0.18110000,0.18150000,43877.00000000,BEAMUSDT
2022-08-17 12:00:00,0.18150000,0.18180000,0.18060000,0.18090000,35205.00000000,BEAMUSDT
2022-08-17 12:15:00,0.18080000,0.18160000,0.17840000,0.17860000,307828.00000000,BEAMUSDT
2022-08-17 12:30:00,0.17900000,0.18260000,0.17800000,0.18180000,121969.00000000,BEAMUSDT
2022-08-17 12:45:00,0.18180000,0.18210000,0.18050000,0.18070000,61658.00000000,BEAMUSDT
2022-08-17 13:00:00,0.18080000,0.18080000,0.17860000,0.17940000,64150.00000000,BEAMUSDT
2022-08-17 13:15:00,0.17960000,0.18020000,0.17940000,0.17960000,26176.00000000,BEAMUSDT
2022-08-17 13:30:00,0.18000000,0.18000000,0.17810000,0.17840000,36678.00000000,BEAMUSDT
2022-08-17 13:45:00,0.17820000,0.17900000,0.17660000,0.17840000,68528.00000000,BEAMUSDT
2022-08-17 14:00:00,0.17830000,0.17930000,0.17770000,0.17880000,22636.00000000,BEAMUSDT
2022-08-17 14:15:00,0.17830000,0.17890000,0.17830000,0.17860000,8873.00000000,BEAMUSDT
2022-08-17 14:30:00,0.17850000,0.17910000,0.17840000,0.17880000,23249.00000000,BEAMUSDT
2022-08-17 14:45:00,0.17870000,0.17870000,0.17330000,0.17530000,347627.00000000,BEAMUSDT
2022-08-17 15:00:00,0.17530000,0.17590000,0.17470000,0.17560000,66252.00000000,BEAMUSDT
2022-08-17 15:15:00,0.17560000,0.17620000,0.17550000,0.17560000,41758.00000000,BEAMUSDT
2022-08-17 15:30:00,0.17580000,0.17600000,0.17490000,0.17490000,53669.00000000,BEAMUSDT
2022-08-17 15:45:00,0.17510000,0.17550000,0.17510000,0.17530000,11957.00000000,BEAMUSDT
2022-08-17 16:00:00,0.17550000,0.17880000,0.17550000,0.17820000,131484.00000000,BEAMUSDT
2022-08-17 16:15:00,0.17800000,0.17830000,0.17740000,0.17800000,24650.00000000,BEAMUSDT
2022-08-17 16:30:00,0.17800000,0.17810000,0.17740000,0.17760000,12317.00000000,BEAMUSDT
2022-08-17 16:45:00,0.17770000,0.17800000,0.17770000,0.17800000,370.00000000,BEAMUSDT
2022-08-17 17:00:00,0.17760000,0.17780000,0.17730000,0.17740000,9972.00000000,BEAMUSDT
2022-08-17 17:15:00,0.17730000,0.17780000,0.17680000,0.17780000,40395.00000000,BEAMUSDT
2022-08-17 17:30:00,0.17750000,0.17760000,0.17740000,0.17740000,11325.00000000,BEAMUSDT
2022-08-17 17:45:00,0.17780000,0.17800000,0.17730000,0.17800000,6946.00000000,BEAMUSDT
2022-08-17 18:00:00,0.17820000,0.17900000,0.17700000,0.17870000,76063.00000000,BEAMUSDT
2022-08-17 18:15:00,0.17890000,0.17940000,0.17880000,0.17900000,14888.00000000,BEAMUSDT
2022-08-17 18:30:00,0.17900000,0.18020000,0.17900000,0.17990000,20798.00000000,BEAMUSDT
2022-08-17 18:45:00,0.18020000,0.18120000,0.17990000,0.18090000,51805.00000000,BEAMUSDT
2022-08-17 19:00:00,0.18060000,0.18100000,0.17950000,0.17980000,70390.00000000,BEAMUSDT
2022-08-17 19:15:00,0.17990000,0.18120000,0.17900000,0.17960000,90996.00000000,BEAMUSDT
2022-08-17 19:30:00,0.17960000,0.17960000,0.17920000,0.17950000,11740.00000000,BEAMUSDT
2022-08-17 19:45:00,0.17950000,0.18060000,0.17920000,0.18020000,28208.00000000,BEAMUSDT
2022-08-17 20:00:00,0.18030000,0.18030000,0.17920000,0.17990000,14585.00000000,BEAMUSDT
2022-08-17 20:15:00,0.17990000,0.18090000,0.17990000,0.18050000,23112.00000000,BEAMUSDT
2022-08-17 20:30:00,0.18070000,0.18200000,0.18070000,0.18090000,27401.00000000,BEAMUSDT
2022-08-17 20:45:00,0.18110000,0.18130000,0.18090000,0.18120000,8032.00000000,BEAMUSDT
2022-08-17 21:00:00,0.18110000,0.18200000,0.18110000,0.18110000,24893.00000000,BEAMUSDT
2022-08-17 21:15:00,0.18120000,0.18120000,0.17950000,0.17950000,76805.00000000,BEAMUSDT
2022-08-17 21:30:00,0.17930000,0.18050000,0.17870000,0.17880000,18209.00000000,BEAMUSDT
2022-08-17 21:45:00,0.17980000,0.17980000,0.17970000,0.17970000,255.00000000,BEAMUSDT
2022-08-17 22:00:00,0.17900000,0.17990000,0.17880000,0.17900000,1466.00000000,BEAMUSDT
2022-08-17 22:15:00,0.17880000,0.17890000,0.17800000,0.17820000,12673.00000000,BEAMUSDT
2022-08-17 22:30:00,0.17850000,0.17940000,0.17800000,0.17890000,9424.00000000,BEAMUSDT
2022-08-17 22:45:00,0.17900000,0.17900000,0.17900000,0.17900000,94.00000000,BEAMUSDT
2022-08-17 23:00:00,0.17890000,0.17900000,0.17820000,0.17840000,11108.00000000,BEAMUSDT
2022-08-17 23:15:00,0.17860000,0.17880000,0.17800000,0.17840000,19074.00000000,BEAMUSDT
2022-08-17 23:30:00,0.17840000,0.17920000,0.17840000,0.17870000,5328.00000000,BEAMUSDT
2022-08-17 23:45:00,0.17850000,0.17940000,0.17850000,0.17910000,11259.00000000,BEAMUSDT
2022-08-18 00:00:00,0.17940000,0.18120000,0.17940000,0.18040000,40268.00000000,BEAMUSDT
2022-08-18 00:15:00,0.18070000,0.18130000,0.17960000,0.17960000,51526.00000000,BEAMUSDT
2022-08-18 00:30:00,0.17990000,0.18040000,0.17840000,0.18000000,53513.00000000,BEAMUSDT
2022-08-18 00:45:00,0.17980000,0.17990000,0.17960000,0.17960000,15363.00000000,BEAMUSDT
2022-08-18 01:00:00,0.17960000,0.17960000,0.17930000,0.17930000,6981.00000000,BEAMUSDT
2022-08-18 01:15:00,0.17940000,0.17970000,0.17920000,0.17970000,4197.00000000,BEAMUSDT
2022-08-18 01:30:00,0.17950000,0.17980000,0.17880000,0.17930000,7630.00000000,BEAMUSDT
2022-08-18 01:45:00,0.17970000,0.18020000,0.17950000,0.18020000,2338.00000000,BEAMUSDT
2022-08-18 02:00:00,0.17960000,0.17990000,0.17910000,0.17960000,7990.00000000,BEAMUSDT
2022-08-18 02:15:00,0.17960000,0.17960000,0.17920000,0.17920000,3387.00000000,BEAMUSDT
2022-08-18 02:30:00,0.17950000,0.17950000,0.17950000,0.17950000,335.00000000,BEAMUSDT
2022-08-18 02:45:00,0.17950000,0.18070000,0.17950000,0.18040000,27906.00000000,BEAMUSDT
2022-08-18 03:00:00,0.18020000,0.18200000,0.18000000,0.18160000,39325.00000000,BEAMUSDT
2022-08-18 03:15:00,0.18130000,0.18180000,0.18100000,0.18170000,5623.00000000,BEAMUSDT
2022-08-18 03:30:00,0.18170000,0.18200000,0.18150000,0.18150000,13927.00000000,BEAMUSDT
2022-08-18 03:45:00,0.18120000,0.18150000,0.18050000,0.18050000,7186.00000000,BEAMUSDT
2022-08-18 04:00:00,0.18120000,0.18140000,0.18060000,0.18110000,2209.00000000,BEAMUSDT
2022-08-18 04:15:00,0.18090000,0.18180000,0.18060000,0.18090000,20558.00000000,BEAMUSDT
2022-08-18 04:30:00,0.18080000,0.18170000,0.18080000,0.18120000,7783.00000000,BEAMUSDT
2022-08-18 04:45:00,0.18120000,0.18130000,0.18100000,0.18100000,4174.00000000,BEAMUSDT
2022-08-18 05:00:00,0.18160000,0.18190000,0.18130000,0.18130000,4588.00000000,BEAMUSDT
2022-08-18 05:15:00,0.18130000,0.18190000,0.18130000,0.18140000,2734.00000000,BEAMUSDT
2022-08-18 05:30:00,0.18170000,0.18200000,0.18140000,0.18180000,10465.00000000,BEAMUSDT
2022-08-18 05:45:00,0.18180000,0.18190000,0.18100000,0.18190000,25063.00000000,BEAMUSDT
2022-08-18 06:00:00,0.18160000,0.18210000,0.18150000,0.18190000,6457.00000000,BEAMUSDT
2022-08-18 06:15:00,0.18190000,0.18190000,0.18150000,0.18190000,1473.00000000,BEAMUSDT
2022-08-18 06:30:00,0.18170000,0.18180000,0.18120000,0.18160000,12992.00000000,BEAMUSDT
2022-08-18 06:45:00,0.18120000,0.18120000,0.18010000,0.18080000,46182.00000000,BEAMUSDT
2022-08-18 07:00:00,0.18140000,0.18140000,0.18010000,0.18050000,19365.00000000,BEAMUSDT
2022-08-18 07:15:00,0.18020000,0.18080000,0.18020000,0.18080000,4114.00000000,BEAMUSDT
2022-08-18 07:30:00,0.18120000,0.18170000,0.18080000,0.18150000,27532.00000000,BEAMUSDT
2022-08-18 07:45:00,0.18170000,0.18190000,0.18080000,0.18120000,22461.00000000,BEAMUSDT
2022-08-18 08:00:00,0.18140000,0.18140000,0.18100000,0.18100000,3898.00000000,BEAMUSDT
2022-08-18 08:15:00,0.18100000,0.18100000,0.18060000,0.18070000,8635.00000000,BEAMUSDT
2022-08-18 08:30:00,0.18050000,0.18050000,0.18000000,0.18030000,15747.00000000,BEAMUSDT
2022-08-18 08:45:00,0.18030000,0.18050000,0.18020000,0.18050000,24240.00000000,BEAMUSDT
2022-08-18 09:00:00,0.18050000,0.18090000,0.18020000,0.18040000,6862.00000000,BEAMUSDT
2022-08-18 09:15:00,0.18030000,0.18180000,0.18030000,0.18030000,25791.00000000,BEAMUSDT
2022-08-18 09:30:00,0.18040000,0.18070000,0.18010000,0.18020000,15184.00000000,BEAMUSDT
2022-08-18 09:45:00,0.18060000,0.18060000,0.18010000,0.18020000,24379.00000000,BEAMUSDT
2022-08-18 10:00:00,0.18020000,0.18060000,0.18020000,0.18050000,13779.00000000,BEAMUSDT
2022-08-18 10:15:00,0.18020000,0.18060000,0.18010000,0.18020000,16943.00000000,BEAMUSDT
2022-08-18 10:30:00,0.18020000,0.18020000,0.17970000,0.17980000,38549.00000000,BEAMUSDT
2022-08-18 10:45:00,0.17990000,0.18180000,0.17970000,0.18140000,102967.00000000,BEAMUSDT
2022-08-18 11:00:00,0.18130000,0.18130000,0.18080000,0.18130000,7790.00000000,BEAMUSDT
2022-08-18 11:15:00,0.18110000,0.18120000,0.18030000,0.18040000,16671.00000000,BEAMUSDT
2022-08-18 11:30:00,0.18070000,0.18120000,0.18030000,0.18030000,50988.00000000,BEAMUSDT
2022-08-18 11:45:00,0.18040000,0.18040000,0.18000000,0.18020000,28878.00000000,BEAMUSDT
2022-08-18 12:00:00,0.18070000,0.18140000,0.18040000,0.18060000,25757.00000000,BEAMUSDT
2022-08-18 12:15:00,0.18060000,0.18090000,0.18030000,0.18080000,21253.00000000,BEAMUSDT
2022-08-18 12:30:00,0.18080000,0.18080000,0.18040000,0.18060000,16933.00000000,BEAMUSDT
2022-08-18 12:45:00,0.18050000,0.18100000,0.18030000,0.18080000,10929.00000000,BEAMUSDT
2022-08-18 13:00:00,0.18080000,0.18080000,0.18020000,0.18030000,12714.00000000,BEAMUSDT
2022-08-18 13:15:00,0.18030000,0.18060000,0.18000000,0.18000000,20766.00000000,BEAMUSDT
2022-08-18 13:30:00,0.18040000,0.18040000,0.17960000,0.18020000,7051.00000000,BEAMUSDT
2022-08-18 13:45:00,0.17990000,0.18130000,0.17990000,0.18060000,35213.00000000,BEAMUSDT
2022-08-18 14:00:00,0.18060000,0.18120000,0.18050000,0.18060000,47707.00000000,BEAMUSDT
2022-08-18 14:15:00,0.18050000,0.18130000,0.18040000,0.18100000,40441.00000000,BEAMUSDT
2022-08-18 14:30:00,0.18040000,0.18060000,0.17990000,0.18040000,57304.00000000,BEAMUSDT
2022-08-18 14:45:00,0.18080000,0.18100000,0.18010000,0.18010000,18502.00000000,BEAMUSDT
2022-08-18 15:00:00,0.18030000,0.18040000,0.17960000,0.18040000,26476.00000000,BEAMUSDT
2022-08-18 15:15:00,0.18040000,0.18090000,0.18040000,0.18090000,30983.00000000,BEAMUSDT
2022-08-18 15:30:00,0.18100000,0.18170000,0.18040000,0.18120000,53209.00000000,BEAMUSDT
2022-08-18 15:45:00,0.18120000,0.18130000,0.18090000,0.18130000,6429.00000000,BEAMUSDT
2022-08-18 16:00:00,0.18090000,0.18120000,0.18080000,0.18120000,6475.00000000,BEAMUSDT
2022-08-18 16:15:00,0.18100000,0.18100000,0.18040000,0.18040000,48499.00000000,BEAMUSDT
2022-08-18 16:30:00,0.18040000,0.18050000,0.17990000,0.17990000,74088.00000000,BEAMUSDT
2022-08-18 16:45:00,0.17980000,0.18030000,0.17960000,0.18030000,17569.00000000,BEAMUSDT
2022-08-18 17:00:00,0.18010000,0.18050000,0.18000000,0.18050000,7377.00000000,BEAMUSDT
2022-08-18 17:15:00,0.18030000,0.18080000,0.18030000,0.18040000,1719.00000000,BEAMUSDT
2022-08-18 17:30:00,0.18040000,0.18040000,0.18020000,0.18020000,5202.00000000,BEAMUSDT
2022-08-18 17:45:00,0.18030000,0.18040000,0.17930000,0.17940000,4710.00000000,BEAMUSDT
2022-08-18 18:00:00,0.17960000,0.17990000,0.17920000,0.17990000,16758.00000000,BEAMUSDT
2022-08-18 18:15:00,0.17960000,0.17970000,0.17880000,0.17930000,64026.00000000,BEAMUSDT
2022-08-18 18:30:00,0.17930000,0.17930000,0.17860000,0.17910000,10761.00000000,BEAMUSDT
2022-08-18 18:45:00,0.17880000,0.17930000,0.17850000,0.17910000,27467.00000000,BEAMUSDT
2022-08-18 19:00:00,0.17920000,0.17940000,0.17890000,0.17940000,24079.00000000,BEAMUSDT
2022-08-18 19:15:00,0.17940000,0.17970000,0.17910000,0.17960000,6503.00000000,BEAMUSDT
2022-08-18 19:30:00,0.17960000,0.17960000,0.17950000,0.17960000,1375.00000000,BEAMUSDT
2022-08-18 19:45:00,0.17960000,0.17960000,0.17880000,0.17890000,10710.00000000,BEAMUSDT
2022-08-18 20:00:00,0.17890000,0.17920000,0.17870000,0.17890000,4732.00000000,BEAMUSDT
2022-08-18 20:15:00,0.17910000,0.17930000,0.17890000,0.17890000,2766.00000000,BEAMUSDT
2022-08-18 20:30:00,0.17890000,0.17940000,0.17890000,0.17940000,1862.00000000,BEAMUSDT
2022-08-18 20:45:00,0.17910000,0.17910000,0.17860000,0.17890000,10235.00000000,BEAMUSDT
2022-08-18 21:00:00,0.17920000,0.17950000,0.17870000,0.17930000,13087.00000000,BEAMUSDT
2022-08-18 21:15:00,0.17930000,0.17930000,0.17820000,0.17870000,15012.00000000,BEAMUSDT
2022-08-18 21:30:00,0.17870000,0.17890000,0.17830000,0.17840000,2086.00000000,BEAMUSDT
2022-08-18 21:45:00,0.17840000,0.17850000,0.17840000,0.17850000,1651.00000000,BEAMUSDT
2022-08-18 22:00:00,0.17850000,0.17890000,0.17800000,0.17890000,18696.00000000,BEAMUSDT
2022-08-18 22:15:00,0.17870000,0.17870000,0.17810000,0.17820000,1134.00000000,BEAMUSDT
2022-08-18 22:30:00,0.17870000,0.17910000,0.17860000,0.17870000,8031.00000000,BEAMUSDT
2022-08-18 22:45:00,0.17900000,0.17900000,0.17820000,0.17850000,21303.00000000,BEAMUSDT
2022-08-18 23:00:00,0.17840000,0.17850000,0.17640000,0.17710000,84085.00000000,BEAMUSDT
2022-08-18 23:15:00,0.17730000,0.17730000,0.17500000,0.17560000,62850.00000000,BEAMUSDT
2022-08-18 23:30:00,0.17560000,0.17730000,0.17560000,0.17580000,41098.00000000,BEAMUSDT
2022-08-18 23:45:00,0.17610000,0.17630000,0.17590000,0.17590000,3609.00000000,BEAMUSDT
2022-08-19 00:00:00,0.17590000,0.17650000,0.17460000,0.17460000,63691.00000000,BEAMUSDT
2022-08-19 00:15:00,0.17460000,0.17470000,0.16960000,0.17010000,233408.00000000,BEAMUSDT
2022-08-19 00:30:00,0.16990000,0.16990000,0.16580000,0.16740000,354727.00000000,BEAMUSDT
2022-08-19 00:45:00,0.16760000,0.16830000,0.16650000,0.16710000,73594.00000000,BEAMUSDT
2022-08-19 01:00:00,0.16680000,0.16720000,0.16450000,0.16520000,78810.00000000,BEAMUSDT
2022-08-19 01:15:00,0.16490000,0.16540000,0.16380000,0.16400000,64550.00000000,BEAMUSDT
2022-08-19 01:30:00,0.16400000,0.16610000,0.16400000,0.16550000,103421.00000000,BEAMUSDT
2022-08-19 01:45:00,0.16570000,0.16570000,0.16500000,0.16500000,31162.00000000,BEAMUSDT
2022-08-19 02:00:00,0.16530000,0.16600000,0.16510000,0.16570000,19345.00000000,BEAMUSDT
2022-08-19 02:15:00,0.16570000,0.16660000,0.16550000,0.16660000,35072.00000000,BEAMUSDT
2022-08-19 02:30:00,0.16650000,0.16650000,0.16540000,0.16540000,12309.00000000,BEAMUSDT
2022-08-19 02:45:00,0.16540000,0.16560000,0.16530000,0.16550000,22579.00000000,BEAMUSDT
2022-08-19 03:00:00,0.16570000,0.16590000,0.16420000,0.16500000,54913.00000000,BEAMUSDT
2022-08-19 03:15:00,0.16520000,0.16550000,0.16520000,0.16550000,6354.00000000,BEAMUSDT
2022-08-19 03:30:00,0.16550000,0.16740000,0.16550000,0.16690000,41091.00000000,BEAMUSDT
2022-08-19 03:45:00,0.16680000,0.16750000,0.16670000,0.16700000,22398.00000000,BEAMUSDT
2022-08-19 04:00:00,0.16680000,0.16690000,0.16640000,0.16650000,28153.00000000,BEAMUSDT
2022-08-19 04:15:00,0.16650000,0.16650000,0.16560000,0.16620000,34463.00000000,BEAMUSDT
2022-08-19 04:30:00,0.16580000,0.16790000,0.16580000,0.16700000,56148.00000000,BEAMUSDT
2022-08-19 04:45:00,0.16700000,0.16700000,0.16670000,0.16690000,6688.00000000,BEAMUSDT
2022-08-19 05:00:00,0.16670000,0.16700000,0.16650000,0.16650000,13187.00000000,BEAMUSDT
2022-08-19 05:15:00,0.16680000,0.16700000,0.16600000,0.16600000,14996.00000000,BEAMUSDT
2022-08-19 05:30:00,0.16600000,0.16600000,0.16420000,0.16510000,49621.00000000,BEAMUSDT
2022-08-19 05:45:00,0.16530000,0.16530000,0.16460000,0.16530000,18706.00000000,BEAMUSDT
2022-08-19 06:00:00,0.16530000,0.16540000,0.16300000,0.16410000,179073.00000000,BEAMUSDT
2022-08-19 06:15:00,0.16400000,0.16400000,0.16270000,0.16370000,113325.00000000,BEAMUSDT
2022-08-19 06:30:00,0.16370000,0.16370000,0.15760000,0.15830000,323324.00000000,BEAMUSDT
2022-08-19 06:45:00,0.15820000,0.15830000,0.15610000,0.15720000,193641.00000000,BEAMUSDT
2022-08-19 07:00:00,0.15690000,0.15960000,0.15680000,0.15930000,66833.00000000,BEAMUSDT
2022-08-19 07:15:00,0.15930000,0.16060000,0.15810000,0.15840000,112891.00000000,BEAMUSDT
2022-08-19 07:30:00,0.15830000,0.15980000,0.15780000,0.15840000,22516.00000000,BEAMUSDT
2022-08-19 07:45:00,0.15860000,0.15880000,0.15770000,0.15870000,55608.00000000,BEAMUSDT
2022-08-19 08:00:00,0.15870000,0.15870000,0.15680000,0.15760000,65466.00000000,BEAMUSDT
2022-08-19 08:15:00,0.15740000,0.15740000,0.15600000,0.15600000,75406.00000000,BEAMUSDT
2022-08-19 08:30:00,0.15610000,0.15630000,0.15370000,0.15530000,185391.00000000,BEAMUSDT
2022-08-19 08:45:00,0.15540000,0.15570000,0.15510000,0.15540000,75847.00000000,BEAMUSDT
2022-08-19 09:00:00,0.15540000,0.15540000,0.15380000,0.15440000,26881.00000000,BEAMUSDT
2022-08-19 09:15:00,0.15440000,0.15490000,0.15210000,0.15380000,111565.00000000,BEAMUSDT
2022-08-19 09:30:00,0.15410000,0.15520000,0.15400000,0.15470000,20123.00000000,BEAMUSDT
2022-08-19 09:45:00,0.15440000,0.15490000,0.15420000,0.15480000,27044.00000000,BEAMUSDT
2022-08-19 10:00:00,0.15490000,0.15520000,0.15410000,0.15490000,18098.00000000,BEAMUSDT
2022-08-19 10:15:00,0.15450000,0.15520000,0.15430000,0.15520000,25810.00000000,BEAMUSDT
2022-08-19 10:30:00,0.15460000,0.15460000,0.15360000,0.15360000,17150.00000000,BEAMUSDT
2022-08-19 10:45:00,0.15330000,0.15340000,0.15250000,0.15290000,12685.00000000,BEAMUSDT
2022-08-19 11:00:00,0.15290000,0.15360000,0.15140000,0.15330000,175560.00000000,BEAMUSDT
2022-08-19 11:15:00,0.15330000,0.15390000,0.15200000,0.15340000,156462.00000000,BEAMUSDT
2022-08-19 11:30:00,0.15350000,0.15360000,0.15110000,0.15170000,103828.00000000,BEAMUSDT
2022-08-19 11:45:00,0.15200000,0.15360000,0.15200000,0.15330000,31705.00000000,BEAMUSDT
2022-08-19 12:00:00,0.15370000,0.15370000,0.15320000,0.15350000,26872.00000000,BEAMUSDT
2022-08-19 12:15:00,0.15340000,0.15390000,0.15260000,0.15270000,41384.00000000,BEAMUSDT
2022-08-19 12:30:00,0.15280000,0.15370000,0.15240000,0.15360000,84032.00000000,BEAMUSDT
2022-08-19 12:45:00,0.15400000,0.15540000,0.15400000,0.15470000,51226.00000000,BEAMUSDT
2022-08-19 13:00:00,0.15470000,0.15500000,0.15450000,0.15490000,17115.00000000,BEAMUSDT
2022-08-19 13:15:00,0.15460000,0.15500000,0.15460000,0.15470000,6274.00000000,BEAMUSDT
2022-08-19 13:30:00,0.15470000,0.15480000,0.15370000,0.15440000,35968.00000000,BEAMUSDT
2022-08-19 13:45:00,0.15420000,0.15420000,0.15360000,0.15420000,32539.00000000,BEAMUSDT
2022-08-19 14:00:00,0.15420000,0.15470000,0.15420000,0.15430000,17726.00000000,BEAMUSDT
2022-08-19 14:15:00,0.15470000,0.15520000,0.15410000,0.15500000,14955.00000000,BEAMUSDT
2022-08-19 14:30:00,0.15500000,0.15590000,0.15500000,0.15510000,15413.00000000,BEAMUSDT
2022-08-19 14:45:00,0.15510000,0.15540000,0.15440000,0.15440000,4487.00000000,BEAMUSDT
2022-08-19 15:00:00,0.15440000,0.15450000,0.15410000,0.15420000,5911.00000000,BEAMUSDT
2022-08-19 15:15:00,0.15430000,0.15430000,0.15380000,0.15410000,34429.00000000,BEAMUSDT
2022-08-19 15:30:00,0.15380000,0.15400000,0.15370000,0.15390000,12574.00000000,BEAMUSDT
2022-08-19 15:45:00,0.15390000,0.15470000,0.15390000,0.15470000,14964.00000000,BEAMUSDT
2022-08-19 16:00:00,0.15470000,0.15490000,0.15420000,0.15450000,20062.00000000,BEAMUSDT
2022-08-19 16:15:00,0.15450000,0.15510000,0.15430000,0.15480000,16631.00000000,BEAMUSDT
2022-08-19 16:30:00,0.15500000,0.15720000,0.15500000,0.15700000,79843.00000000,BEAMUSDT
2022-08-19 16:45:00,0.15680000,0.15700000,0.15640000,0.15640000,31464.00000000,BEAMUSDT
2022-08-19 17:00:00,0.15650000,0.15700000,0.15650000,0.15700000,21769.00000000,BEAMUSDT
2022-08-19 17:15:00,0.15680000,0.15690000,0.15630000,0.15660000,46589.00000000,BEAMUSDT
2022-08-19 17:30:00,0.15650000,0.15650000,0.15600000,0.15630000,4986.00000000,BEAMUSDT
2022-08-19 17:45:00,0.15630000,0.15630000,0.15590000,0.15600000,6445.00000000,BEAMUSDT
2022-08-19 18:00:00,0.15630000,0.15640000,0.15570000,0.15570000,58286.00000000,BEAMUSDT
2022-08-19 18:15:00,0.15580000,0.15580000,0.15530000,0.15540000,9310.00000000,BEAMUSDT
2022-08-19 18:30:00,0.15550000,0.15560000,0.15540000,0.15540000,13263.00000000,BEAMUSDT
2022-08-19 18:45:00,0.15540000,0.15560000,0.15540000,0.15540000,17356.00000000,BEAMUSDT
2022-08-19 19:00:00,0.15530000,0.15530000,0.15430000,0.15530000,44424.00000000,BEAMUSDT
2022-08-19 19:15:00,0.15540000,0.15570000,0.15520000,0.15560000,89117.00000000,BEAMUSDT
2022-08-19 19:30:00,0.15560000,0.15710000,0.15560000,0.15690000,50457.00000000,BEAMUSDT
2022-08-19 19:45:00,0.15680000,0.15700000,0.15650000,0.15650000,11658.00000000,BEAMUSDT
2022-08-19 20:00:00,0.15620000,0.15640000,0.15610000,0.15620000,9176.00000000,BEAMUSDT
2022-08-19 20:15:00,0.15640000,0.15640000,0.15510000,0.15510000,51233.00000000,BEAMUSDT
2022-08-19 20:30:00,0.15490000,0.15520000,0.15460000,0.15460000,23264.00000000,BEAMUSDT
2022-08-19 20:45:00,0.15460000,0.15550000,0.15460000,0.15550000,21189.00000000,BEAMUSDT
2022-08-19 21:00:00,0.15550000,0.15560000,0.15470000,0.15500000,34459.00000000,BEAMUSDT
2022-08-19 21:15:00,0.15550000,0.15660000,0.15530000,0.15620000,27321.00000000,BEAMUSDT
2022-08-19 21:30:00,0.15590000,0.15620000,0.15540000,0.15550000,4538.00000000,BEAMUSDT
2022-08-19 21:45:00,0.15550000,0.15550000,0.15180000,0.15260000,40562.00000000,BEAMUSDT
2022-08-19 22:00:00,0.15200000,0.15280000,0.15070000,0.15200000,54468.00000000,BEAMUSDT
2022-08-19 22:15:00,0.15200000,0.15220000,0.15170000,0.15170000,2113.00000000,BEAMUSDT
2022-08-19 22:30:00,0.15170000,0.15170000,0.15070000,0.15100000,21897.00000000,BEAMUSDT
2022-08-19 22:45:00,0.15110000,0.15190000,0.15080000,0.15120000,77352.00000000,BEAMUSDT
2022-08-19 23:00:00,0.15160000,0.15370000,0.15130000,0.15130000,109954.00000000,BEAMUSDT
2022-08-19 23:15:00,0.15160000,0.15370000,0.15160000,0.15340000,5727.00000000,BEAMUSDT
2022-08-19 23:30:00,0.15330000,0.15340000,0.15230000,0.15230000,5600.00000000,BEAMUSDT
2022-08-19 23:45:00,0.15160000,0.15200000,0.15160000,0.15170000,11468.00000000,BEAMUSDT
2022-08-20 00:00:00,0.15170000,0.15280000,0.15150000,0.15280000,24852.00000000,BEAMUSDT
2022-08-20 00:15:00,0.15290000,0.15330000,0.15230000,0.15330000,17749.00000000,BEAMUSDT
2022-08-20 00:30:00,0.15330000,0.15410000,0.15230000,0.15410000,69844.00000000,BEAMUSDT
2022-08-20 00:45:00,0.15400000,0.15410000,0.15340000,0.15340000,9085.00000000,BEAMUSDT
2022-08-20 01:00:00,0.15310000,0.15340000,0.15270000,0.15300000,10260.00000000,BEAMUSDT
2022-08-20 01:15:00,0.15300000,0.15360000,0.15300000,0.15310000,7719.00000000,BEAMUSDT
2022-08-20 01:30:00,0.15310000,0.15350000,0.15310000,0.15310000,8740.00000000,BEAMUSDT
2022-08-20 01:45:00,0.15310000,0.15310000,0.15230000,0.15260000,15516.00000000,BEAMUSDT
2022-08-20 02:00:00,0.15230000,0.15280000,0.15230000,0.15280000,2228.00000000,BEAMUSDT
2022-08-20 02:15:00,0.15290000,0.15340000,0.15290000,0.15340000,11590.00000000,BEAMUSDT
2022-08-20 02:30:00,0.15360000,0.15440000,0.15360000,0.15440000,21307.00000000,BEAMUSDT
2022-08-20 02:45:00,0.15440000,0.15460000,0.15370000,0.15430000,15748.00000000,BEAMUSDT
2022-08-20 03:00:00,0.15410000,0.15430000,0.15400000,0.15400000,3372.00000000,BEAMUSDT
2022-08-20 03:15:00,0.15380000,0.15390000,0.15340000,0.15340000,3757.00000000,BEAMUSDT
2022-08-20 03:30:00,0.15390000,0.15410000,0.15370000,0.15410000,3954.00000000,BEAMUSDT
2022-08-20 03:45:00,0.15410000,0.15410000,0.15410000,0.15410000,324.00000000,BEAMUSDT
2022-08-20 04:00:00,0.15400000,0.15460000,0.15400000,0.15460000,3996.00000000,BEAMUSDT
2022-08-20 04:15:00,0.15430000,0.15440000,0.15410000,0.15440000,5749.00000000,BEAMUSDT
2022-08-20 04:30:00,0.15440000,0.15440000,0.15420000,0.15440000,6516.00000000,BEAMUSDT
2022-08-20 04:45:00,0.15440000,0.15580000,0.15440000,0.15580000,19177.00000000,BEAMUSDT
2022-08-20 05:00:00,0.15540000,0.15540000,0.15490000,0.15510000,12612.00000000,BEAMUSDT
2022-08-20 05:15:00,0.15510000,0.15580000,0.15510000,0.15580000,4032.00000000,BEAMUSDT
2022-08-20 05:30:00,0.15570000,0.15610000,0.15500000,0.15550000,14531.00000000,BEAMUSDT
2022-08-20 05:45:00,0.15540000,0.15540000,0.15490000,0.15500000,4725.00000000,BEAMUSDT
2022-08-20 06:00:00,0.15510000,0.15530000,0.15470000,0.15530000,23864.00000000,BEAMUSDT
2022-08-20 06:15:00,0.15540000,0.15590000,0.15540000,0.15580000,5950.00000000,BEAMUSDT
2022-08-20 06:30:00,0.15580000,0.15610000,0.15530000,0.15580000,11879.00000000,BEAMUSDT
2022-08-20 06:45:00,0.15610000,0.15890000,0.15610000,0.15770000,120934.00000000,BEAMUSDT
2022-08-20 07:00:00,0.15790000,0.15980000,0.15790000,0.15820000,36699.00000000,BEAMUSDT
2022-08-20 07:15:00,0.15820000,0.15850000,0.15810000,0.15850000,13537.00000000,BEAMUSDT
2022-08-20 07:30:00,0.15840000,0.15900000,0.15830000,0.15860000,22236.00000000,BEAMUSDT
2022-08-20 07:45:00,0.15840000,0.15960000,0.15770000,0.15930000,169520.00000000,BEAMUSDT
2022-08-20 08:00:00,0.15930000,0.15980000,0.15920000,0.15920000,61354.00000000,BEAMUSDT
2022-08-20 08:15:00,0.15920000,0.16270000,0.15920000,0.16150000,112243.00000000,BEAMUSDT
2022-08-20 08:30:00,0.16180000,0.16200000,0.15900000,0.15920000,36649.00000000,BEAMUSDT
2022-08-20 08:45:00,0.15900000,0.16000000,0.15900000,0.15900000,32283.00000000,BEAMUSDT
2022-08-20 09:00:00,0.15940000,0.16180000,0.15900000,0.16070000,81406.00000000,BEAMUSDT
2022-08-20 09:15:00,0.16100000,0.16630000,0.16030000,0.16580000,446386.00000000,BEAMUSDT
2022-08-20 09:30:00,0.16630000,0.17120000,0.15990000,0.16190000,2036857.00000000,BEAMUSDT
2022-08-20 09:45:00,0.16210000,0.16210000,0.16020000,0.16080000,268687.00000000,BEAMUSDT
2022-08-20 10:00:00,0.16060000,0.16100000,0.16010000,0.16060000,29335.00000000,BEAMUSDT
2022-08-20 10:15:00,0.16040000,0.16430000,0.15990000,0.16290000,126866.00000000,BEAMUSDT
2022-08-20 10:30:00,0.16290000,0.16300000,0.15910000,0.15950000,178214.00000000,BEAMUSDT
2022-08-20 10:45:00,0.15930000,0.16040000,0.15880000,0.15960000,140454.00000000,BEAMUSDT
2022-08-20 11:00:00,0.15960000,0.15980000,0.15850000,0.15880000,82395.00000000,BEAMUSDT
2022-08-20 11:15:00,0.15880000,0.15940000,0.15850000,0.15940000,68683.00000000,BEAMUSDT
2022-08-20 11:30:00,0.15960000,0.16030000,0.15920000,0.16010000,24355.00000000,BEAMUSDT
2022-08-20 11:45:00,0.15980000,0.16100000,0.15920000,0.16080000,107174.00000000,BEAMUSDT
2022-08-20 12:00:00,0.16090000,0.16580000,0.15910000,0.16280000,727824.00000000,BEAMUSDT
2022-08-20 12:15:00,0.16260000,0.16260000,0.15900000,0.16140000,192005.00000000,BEAMUSDT
2022-08-20 12:30:00,0.16150000,0.16470000,0.16120000,0.16420000,326037.00000000,BEAMUSDT
2022-08-20 12:45:00,0.16430000,0.16430000,0.16210000,0.16270000,103672.00000000,BEAMUSDT
2022-08-20 13:00:00,0.16250000,0.17890000,0.16250000,0.16360000,2911776.00000000,BEAMUSDT
2022-08-20 13:15:00,0.16330000,0.16490000,0.16200000,0.16450000,408635.00000000,BEAMUSDT
2022-08-20 13:30:00,0.16430000,0.16430000,0.16200000,0.16280000,129202.00000000,BEAMUSDT
2022-08-20 13:45:00,0.16280000,0.16390000,0.16280000,0.16360000,66312.00000000,BEAMUSDT
2022-08-20 14:00:00,0.16370000,0.16390000,0.16240000,0.16320000,105277.00000000,BEAMUSDT
2022-08-20 14:15:00,0.16260000,0.16550000,0.16260000,0.16370000,87693.00000000,BEAMUSDT
2022-08-20 14:30:00,0.16400000,0.16430000,0.16240000,0.16370000,52406.00000000,BEAMUSDT
2022-08-20 14:45:00,0.16370000,0.16450000,0.16350000,0.16410000,133992.00000000,BEAMUSDT
2022-08-20 15:00:00,0.16430000,0.17210000,0.16320000,0.16530000,594247.00000000,BEAMUSDT
2022-08-20 15:15:00,0.16500000,0.16560000,0.16280000,0.16320000,149645.00000000,BEAMUSDT
2022-08-20 15:30:00,0.16390000,0.16390000,0.16150000,0.16300000,175055.00000000,BEAMUSDT
2022-08-20 15:45:00,0.16290000,0.16320000,0.16220000,0.16220000,112504.00000000,BEAMUSDT
2022-08-20 16:00:00,0.16220000,0.16330000,0.16220000,0.16270000,91880.00000000,BEAMUSDT
2022-08-20 16:15:00,0.16250000,0.16280000,0.16210000,0.16250000,74836.00000000,BEAMUSDT
2022-08-20 16:30:00,0.16220000,0.16220000,0.16200000,0.16210000,56581.00000000,BEAMUSDT
2022-08-20 16:45:00,0.16210000,0.16300000,0.16160000,0.16300000,91371.00000000,BEAMUSDT
2022-08-20 17:00:00,0.16260000,0.16310000,0.16010000,0.16070000,93036.00000000,BEAMUSDT
2022-08-20 17:15:00,0.16050000,0.16260000,0.16030000,0.16250000,71021.00000000,BEAMUSDT
2022-08-20 17:30:00,0.16190000,0.16350000,0.16180000,0.16300000,21515.00000000,BEAMUSDT
2022-08-20 17:45:00,0.16270000,0.16270000,0.16150000,0.16170000,26189.00000000,BEAMUSDT
2022-08-20 18:00:00,0.16160000,0.16180000,0.16130000,0.16180000,12150.00000000,BEAMUSDT
2022-08-20 18:15:00,0.16160000,0.16170000,0.16020000,0.16140000,47127.00000000,BEAMUSDT
2022-08-20 18:30:00,0.16110000,0.16110000,0.16030000,0.16060000,17274.00000000,BEAMUSDT
2022-08-20 18:45:00,0.16020000,0.16050000,0.15800000,0.15800000,87074.00000000,BEAMUSDT
2022-08-20 19:00:00,0.15800000,0.15820000,0.15640000,0.15640000,58846.00000000,BEAMUSDT
2022-08-20 19:15:00,0.15630000,0.15720000,0.15550000,0.15640000,73307.00000000,BEAMUSDT
2022-08-20 19:30:00,0.15640000,0.15650000,0.15510000,0.15530000,78794.00000000,BEAMUSDT
2022-08-20 19:45:00,0.15520000,0.15600000,0.15500000,0.15600000,34433.00000000,BEAMUSDT
2022-08-20 20:00:00,0.15600000,0.15750000,0.15550000,0.15740000,30377.00000000,BEAMUSDT
2022-08-20 20:15:00,0.15750000,0.15840000,0.15750000,0.15810000,36209.00000000,BEAMUSDT
2022-08-20 20:30:00,0.15750000,0.15820000,0.15750000,0.15820000,13430.00000000,BEAMUSDT
2022-08-20 20:45:00,0.15780000,0.15780000,0.15530000,0.15580000,55106.00000000,BEAMUSDT
2022-08-20 21:00:00,0.15590000,0.15660000,0.15550000,0.15660000,41810.00000000,BEAMUSDT
2022-08-20 21:15:00,0.15660000,0.15680000,0.15630000,0.15650000,7382.00000000,BEAMUSDT
2022-08-20 21:30:00,0.15650000,0.15830000,0.15610000,0.15800000,61109.00000000,BEAMUSDT
2022-08-20 21:45:00,0.15800000,0.15800000,0.15610000,0.15730000,76264.00000000,BEAMUSDT
2022-08-20 22:00:00,0.15770000,0.15910000,0.15770000,0.15880000,42186.00000000,BEAMUSDT
2022-08-20 22:15:00,0.15900000,0.15920000,0.15880000,0.15920000,6831.00000000,BEAMUSDT
2022-08-20 22:30:00,0.15910000,0.15920000,0.15800000,0.15800000,9700.00000000,BEAMUSDT
2022-08-20 22:45:00,0.15830000,0.15940000,0.15830000,0.15880000,8870.00000000,BEAMUSDT
2022-08-20 23:00:00,0.15900000,0.15960000,0.15900000,0.15940000,11134.00000000,BEAMUSDT
2022-08-20 23:15:00,0.15950000,0.15990000,0.15950000,0.15990000,4716.00000000,BEAMUSDT
2022-08-20 23:30:00,0.15980000,0.15990000,0.15910000,0.15920000,9997.00000000,BEAMUSDT
2022-08-20 23:45:00,0.15960000,0.16100000,0.15940000,0.16080000,9387.00000000,BEAMUSDT
2022-08-21 00:00:00,0.16070000,0.16270000,0.15970000,0.16160000,61511.00000000,BEAMUSDT
2022-08-21 00:15:00,0.16160000,0.16160000,0.15950000,0.16060000,53401.00000000,BEAMUSDT
2022-08-21 00:30:00,0.16100000,0.16100000,0.16050000,0.16060000,12472.00000000,BEAMUSDT
2022-08-21 00:45:00,0.16050000,0.16050000,0.15960000,0.15960000,2834.00000000,BEAMUSDT
2022-08-21 01:00:00,0.15960000,0.16050000,0.15950000,0.16000000,13341.00000000,BEAMUSDT
2022-08-21 01:15:00,0.16000000,0.16010000,0.16000000,0.16000000,3456.00000000,BEAMUSDT
2022-08-21 01:30:00,0.15980000,0.16020000,0.15970000,0.16020000,5875.00000000,BEAMUSDT
2022-08-21 01:45:00,0.16020000,0.16030000,0.16000000,0.16020000,14935.00000000,BEAMUSDT
2022-08-21 02:00:00,0.16010000,0.16060000,0.15920000,0.15960000,48821.00000000,BEAMUSDT
2022-08-21 02:15:00,0.15960000,0.16000000,0.15960000,0.16000000,28763.00000000,BEAMUSDT
2022-08-21 02:30:00,0.15980000,0.16010000,0.15960000,0.15960000,59223.00000000,BEAMUSDT
2022-08-21 02:45:00,0.15970000,0.15980000,0.15930000,0.15940000,125138.00000000,BEAMUSDT
2022-08-21 03:00:00,0.15930000,0.15930000,0.15850000,0.15860000,93109.00000000,BEAMUSDT
2022-08-21 03:15:00,0.15860000,0.15880000,0.15860000,0.15880000,8347.00000000,BEAMUSDT
2022-08-21 03:30:00,0.15900000,0.15980000,0.15890000,0.15920000,51077.00000000,BEAMUSDT
2022-08-21 03:45:00,0.15890000,0.15900000,0.15870000,0.15900000,6245.00000000,BEAMUSDT
2022-08-21 04:00:00,0.15880000,0.15890000,0.15870000,0.15880000,7319.00000000,BEAMUSDT
2022-08-21 04:15:00,0.15860000,0.15860000,0.15790000,0.15810000,35813.00000000,BEAMUSDT
2022-08-21 04:30:00,0.15860000,0.15940000,0.15850000,0.15940000,20189.00000000,BEAMUSDT
2022-08-21 04:45:00,0.15920000,0.15930000,0.15910000,0.15920000,19098.00000000,BEAMUSDT
2022-08-21 05:00:00,0.15920000,0.15920000,0.15840000,0.15850000,4428.00000000,BEAMUSDT
2022-08-21 05:15:00,0.15850000,0.15870000,0.15800000,0.15870000,19395.00000000,BEAMUSDT
2022-08-21 05:30:00,0.15900000,0.15980000,0.15900000,0.15980000,23880.00000000,BEAMUSDT
2022-08-21 05:45:00,0.15980000,0.16050000,0.15950000,0.16050000,14660.00000000,BEAMUSDT
2022-08-21 06:00:00,0.16020000,0.16020000,0.15960000,0.15960000,14185.00000000,BEAMUSDT
2022-08-21 06:15:00,0.15990000,0.16240000,0.15990000,0.16220000,94192.00000000,BEAMUSDT
2022-08-21 06:30:00,0.16230000,0.16250000,0.16130000,0.16140000,40740.00000000,BEAMUSDT
2022-08-21 06:45:00,0.16110000,0.16120000,0.16060000,0.16080000,13452.00000000,BEAMUSDT
2022-08-21 07:00:00,0.16070000,0.16070000,0.15930000,0.15950000,33388.00000000,BEAMUSDT
2022-08-21 07:15:00,0.16000000,0.16000000,0.15890000,0.15960000,45988.00000000,BEAMUSDT
2022-08-21 07:30:00,0.15970000,0.16130000,0.15970000,0.16100000,35032.00000000,BEAMUSDT
2022-08-21 07:45:00,0.16140000,0.16280000,0.16140000,0.16250000,42635.00000000,BEAMUSDT
2022-08-21 08:00:00,0.16270000,0.16690000,0.16250000,0.16690000,398458.00000000,BEAMUSDT
2022-08-21 08:15:00,0.16680000,0.16750000,0.16310000,0.16330000,143366.00000000,BEAMUSDT
2022-08-21 08:30:00,0.16320000,0.16320000,0.16220000,0.16250000,35532.00000000,BEAMUSDT
2022-08-21 08:45:00,0.16250000,0.16280000,0.16240000,0.16280000,5211.00000000,BEAMUSDT
2022-08-21 09:00:00,0.16290000,0.16430000,0.16280000,0.16430000,28747.00000000,BEAMUSDT
2022-08-21 09:15:00,0.16440000,0.16560000,0.16400000,0.16520000,34933.00000000,BEAMUSDT
2022-08-21 09:30:00,0.16520000,0.16800000,0.16470000,0.16570000,117063.00000000,BEAMUSDT
2022-08-21 09:45:00,0.16570000,0.16620000,0.16520000,0.16590000,26725.00000000,BEAMUSDT
2022-08-21 10:00:00,0.16630000,0.16630000,0.16530000,0.16530000,1863.00000000,BEAMUSDT
2022-08-21 10:15:00,0.16530000,0.16540000,0.16460000,0.16480000,52765.00000000,BEAMUSDT
2022-08-21 10:30:00,0.16480000,0.16490000,0.16380000,0.16490000,24564.00000000,BEAMUSDT
2022-08-21 10:45:00,0.16490000,0.16500000,0.16440000,0.16500000,9686.00000000,BEAMUSDT
2022-08-21 11:00:00,0.16450000,0.16490000,0.16430000,0.16430000,8653.00000000,BEAMUSDT
2022-08-21 11:15:00,0.16490000,0.16500000,0.16450000,0.16450000,3821.00000000,BEAMUSDT
2022-08-21 11:30:00,0.16470000,0.16510000,0.16470000,0.16480000,12958.00000000,BEAMUSDT
2022-08-21 11:45:00,0.16490000,0.16590000,0.16490000,0.16590000,23913.00000000,BEAMUSDT
2022-08-21 12:00:00,0.16590000,0.16850000,0.16570000,0.16730000,85634.00000000,BEAMUSDT
2022-08-21 12:15:00,0.16730000,0.16730000,0.16560000,0.16570000,32433.00000000,BEAMUSDT
2022-08-21 12:30:00,0.16590000,0.16640000,0.16520000,0.16520000,14988.00000000,BEAMUSDT
2022-08-21 12:45:00,0.16540000,0.16580000,0.16530000,0.16580000,9717.00000000,BEAMUSDT
2022-08-21 13:00:00,0.16570000,0.16570000,0.16420000,0.16510000,33795.00000000,BEAMUSDT
2022-08-21 13:15:00,0.16490000,0.16560000,0.16440000,0.16520000,37376.00000000,BEAMUSDT
2022-08-21 13:30:00,0.16490000,0.16820000,0.16480000,0.16790000,189724.00000000,BEAMUSDT
2022-08-21 13:45:00,0.16790000,0.17470000,0.16760000,0.16910000,1352441.00000000,BEAMUSDT
2022-08-21 14:00:00,0.16910000,0.17160000,0.16750000,0.16860000,179627.00000000,BEAMUSDT
2022-08-21 14:15:00,0.16880000,0.17080000,0.16870000,0.16970000,57267.00000000,BEAMUSDT
2022-08-21 14:30:00,0.16920000,0.16950000,0.16820000,0.16890000,56350.00000000,BEAMUSDT
2022-08-21 14:45:00,0.16890000,0.16890000,0.16630000,0.16710000,133690.00000000,BEAMUSDT
2022-08-21 15:00:00,0.16720000,0.16900000,0.16720000,0.16860000,17947.00000000,BEAMUSDT
2022-08-21 15:15:00,0.16860000,0.16860000,0.16820000,0.16840000,14292.00000000,BEAMUSDT
2022-08-21 15:30:00,0.16840000,0.16940000,0.16830000,0.16940000,15445.00000000,BEAMUSDT
2022-08-21 15:45:00,0.16960000,0.17270000,0.16910000,0.17010000,196424.00000000,BEAMUSDT
2022-08-21 16:00:00,0.17010000,0.17360000,0.17010000,0.17200000,154108.00000000,BEAMUSDT
2022-08-21 16:15:00,0.17170000,0.17170000,0.16870000,0.16960000,149845.00000000,BEAMUSDT
2022-08-21 16:30:00,0.16940000,0.17110000,0.16920000,0.17080000,51287.00000000,BEAMUSDT
2022-08-21 16:45:00,0.17090000,0.17140000,0.16990000,0.17130000,63729.00000000,BEAMUSDT
2022-08-21 17:00:00,0.17060000,0.17110000,0.16950000,0.17060000,48799.00000000,BEAMUSDT
2022-08-21 17:15:00,0.17080000,0.17080000,0.17000000,0.17050000,33092.00000000,BEAMUSDT
2022-08-21 17:30:00,0.17050000,0.17080000,0.17030000,0.17060000,12093.00000000,BEAMUSDT
2022-08-21 17:45:00,0.17060000,0.17060000,0.17020000,0.17040000,25624.00000000,BEAMUSDT
2022-08-21 18:00:00,0.17040000,0.17050000,0.16910000,0.16930000,88204.00000000,BEAMUSDT
2022-08-21 18:15:00,0.16930000,0.16970000,0.16930000,0.16930000,11714.00000000,BEAMUSDT
2022-08-21 18:30:00,0.16920000,0.17010000,0.16920000,0.16960000,26136.00000000,BEAMUSDT
2022-08-21 18:45:00,0.16960000,0.17110000,0.16960000,0.17080000,17693.00000000,BEAMUSDT
2022-08-21 19:00:00,0.17080000,0.17590000,0.17080000,0.17160000,473890.00000000,BEAMUSDT
2022-08-21 19:15:00,0.17170000,0.17220000,0.17000000,0.17020000,119671.00000000,BEAMUSDT
2022-08-21 19:30:00,0.17020000,0.17040000,0.17000000,0.17000000,13504.00000000,BEAMUSDT
2022-08-21 19:45:00,0.17010000,0.17180000,0.17010000,0.17130000,44027.00000000,BEAMUSDT
2022-08-21 20:00:00,0.17150000,0.17150000,0.16970000,0.16980000,117637.00000000,BEAMUSDT
2022-08-21 20:15:00,0.16990000,0.17000000,0.16970000,0.16980000,29213.00000000,BEAMUSDT
2022-08-21 20:30:00,0.16980000,0.17010000,0.16960000,0.16960000,15822.00000000,BEAMUSDT
2022-08-21 20:45:00,0.17010000,0.17260000,0.16960000,0.17060000,60905.00000000,BEAMUSDT
2022-08-21 21:00:00,0.17030000,0.17110000,0.16960000,0.17110000,22267.00000000,BEAMUSDT
2022-08-21 21:15:00,0.17090000,0.17120000,0.17010000,0.17120000,35774.00000000,BEAMUSDT
2022-08-21 21:30:00,0.17110000,0.17110000,0.16960000,0.16970000,26018.00000000,BEAMUSDT
2022-08-21 21:45:00,0.16980000,0.17040000,0.16980000,0.17040000,694.00000000,BEAMUSDT
2022-08-21 22:00:00,0.16980000,0.17000000,0.16950000,0.17000000,51784.00000000,BEAMUSDT
2022-08-21 22:15:00,0.16920000,0.16930000,0.16770000,0.16830000,36345.00000000,BEAMUSDT
2022-08-21 22:30:00,0.16900000,0.16930000,0.16870000,0.16920000,5946.00000000,BEAMUSDT
2022-08-21 22:45:00,0.16910000,0.16930000,0.16890000,0.16890000,4045.00000000,BEAMUSDT
2022-08-21 23:00:00,0.16870000,0.16890000,0.16820000,0.16850000,8454.00000000,BEAMUSDT
2022-08-21 23:15:00,0.16860000,0.16880000,0.16780000,0.16780000,11213.00000000,BEAMUSDT
2022-08-21 23:30:00,0.16800000,0.16850000,0.16770000,0.16800000,13106.00000000,BEAMUSDT
2022-08-21 23:45:00,0.16810000,0.16810000,0.16770000,0.16790000,7273.00000000,BEAMUSDT
2022-08-22 00:00:00,0.16790000,0.16790000,0.16670000,0.16700000,62569.00000000,BEAMUSDT
2022-08-22 00:15:00,0.16720000,0.16740000,0.16700000,0.16730000,6209.00000000,BEAMUSDT
2022-08-22 00:30:00,0.16760000,0.16770000,0.16740000,0.16770000,852.00000000,BEAMUSDT
2022-08-22 00:45:00,0.16760000,0.16760000,0.16670000,0.16730000,13152.00000000,BEAMUSDT
2022-08-22 01:00:00,0.16680000,0.16680000,0.16600000,0.16650000,55063.00000000,BEAMUSDT
2022-08-22 01:15:00,0.16630000,0.16640000,0.16550000,0.16580000,40926.00000000,BEAMUSDT
2022-08-22 01:30:00,0.16570000,0.16590000,0.16510000,0.16520000,36186.00000000,BEAMUSDT
2022-08-22 01:45:00,0.16560000,0.16600000,0.16560000,0.16600000,9702.00000000,BEAMUSDT
2022-08-22 02:00:00,0.16590000,0.16590000,0.16530000,0.16530000,14289.00000000,BEAMUSDT
2022-08-22 02:15:00,0.16530000,0.16550000,0.16500000,0.16500000,22780.00000000,BEAMUSDT
2022-08-22 02:30:00,0.16500000,0.16550000,0.16500000,0.16510000,8376.00000000,BEAMUSDT
2022-08-22 02:45:00,0.16520000,0.16570000,0.16520000,0.16560000,4013.00000000,BEAMUSDT
2022-08-22 03:00:00,0.16590000,0.16620000,0.16570000,0.16610000,11752.00000000,BEAMUSDT
2022-08-22 03:15:00,0.16630000,0.16640000,0.16590000,0.16590000,14852.00000000,BEAMUSDT
2022-08-22 03:30:00,0.16590000,0.16610000,0.16580000,0.16590000,2538.00000000,BEAMUSDT
2022-08-22 03:45:00,0.16570000,0.16570000,0.16550000,0.16550000,1864.00000000,BEAMUSDT
2022-08-22 04:00:00,0.16540000,0.16540000,0.16430000,0.16440000,17998.00000000,BEAMUSDT
2022-08-22 04:15:00,0.16430000,0.16470000,0.16420000,0.16420000,38949.00000000,BEAMUSDT
2022-08-22 04:30:00,0.16450000,0.16460000,0.16450000,0.16450000,1091.00000000,BEAMUSDT
2022-08-22 04:45:00,0.16430000,0.16480000,0.16430000,0.16480000,3121.00000000,BEAMUSDT
2022-08-22 05:00:00,0.16470000,0.16480000,0.16370000,0.16430000,26454.00000000,BEAMUSDT
2022-08-22 05:15:00,0.16450000,0.16480000,0.16430000,0.16430000,20877.00000000,BEAMUSDT
2022-08-22 05:30:00,0.16420000,0.16430000,0.16330000,0.16390000,27124.00000000,BEAMUSDT
2022-08-22 05:45:00,0.16380000,0.16440000,0.16380000,0.16390000,29000.00000000,BEAMUSDT
2022-08-22 06:00:00,0.16410000,0.16410000,0.16350000,0.16350000,36245.00000000,BEAMUSDT
2022-08-22 06:15:00,0.16350000,0.16390000,0.16330000,0.16390000,9661.00000000,BEAMUSDT
2022-08-22 06:30:00,0.16390000,0.16410000,0.16060000,0.16100000,143824.00000000,BEAMUSDT
2022-08-22 06:45:00,0.16110000,0.16220000,0.16110000,0.16220000,24660.00000000,BEAMUSDT
2022-08-22 07:00:00,0.16240000,0.16270000,0.16150000,0.16190000,68138.00000000,BEAMUSDT
2022-08-22 07:15:00,0.16210000,0.16220000,0.16190000,0.16190000,12526.00000000,BEAMUSDT
2022-08-22 07:30:00,0.16160000,0.16170000,0.16110000,0.16130000,17623.00000000,BEAMUSDT
2022-08-22 07:45:00,0.16110000,0.16120000,0.15880000,0.15900000,88570.00000000,BEAMUSDT
2022-08-22 08:00:00,0.15870000,0.15950000,0.15500000,0.15740000,316680.00000000,BEAMUSDT
2022-08-22 08:15:00,0.15750000,0.15790000,0.15690000,0.15790000,57559.00000000,BEAMUSDT
2022-08-22 08:30:00,0.15720000,0.15850000,0.15700000,0.15820000,151144.00000000,BEAMUSDT
2022-08-22 08:45:00,0.15830000,0.15910000,0.15830000,0.15900000,29063.00000000,BEAMUSDT
2022-08-22 09:00:00,0.15890000,0.15970000,0.15870000,0.15960000,40240.00000000,BEAMUSDT
2022-08-22 09:15:00,0.15970000,0.15990000,0.15900000,0.15900000,20890.00000000,BEAMUSDT
2022-08-22 09:30:00,0.15900000,0.15900000,0.15870000,0.15870000,4707.00000000,BEAMUSDT
2022-08-22 09:45:00,0.15880000,0.15930000,0.15880000,0.15920000,2905.00000000,BEAMUSDT
2022-08-22 10:00:00,0.15920000,0.15920000,0.15880000,0.15890000,6175.00000000,BEAMUSDT
2022-08-22 10:15:00,0.15890000,0.15940000,0.15850000,0.15940000,44608.00000000,BEAMUSDT
2022-08-22 10:30:00,0.15950000,0.16070000,0.15950000,0.16060000,49766.00000000,BEAMUSDT
2022-08-22 10:45:00,0.16030000,0.16030000,0.16000000,0.16020000,6572.00000000,BEAMUSDT
2022-08-22 11:00:00,0.16020000,0.16040000,0.16010000,0.16030000,6044.00000000,BEAMUSDT
2022-08-22 11:15:00,0.16030000,0.16080000,0.15990000,0.16010000,22900.00000000,BEAMUSDT
2022-08-22 11:30:00,0.15980000,0.15980000,0.15870000,0.15870000,39979.00000000,BEAMUSDT
2022-08-22 11:45:00,0.15870000,0.15970000,0.15870000,0.15910000,13340.00000000,BEAMUSDT
2022-08-22 12:00:00,0.15910000,0.15960000,0.15910000,0.15920000,8277.00000000,BEAMUSDT
2022-08-22 12:15:00,0.15950000,0.15950000,0.15890000,0.15890000,12578.00000000,BEAMUSDT
2022-08-22 12:30:00,0.15940000,0.15950000,0.15740000,0.15770000,87567.00000000,BEAMUSDT
2022-08-22 12:45:00,0.15770000,0.15770000,0.15660000,0.15750000,32637.00000000,BEAMUSDT
2022-08-22 13:00:00,0.15720000,0.15750000,0.15720000,0.15730000,4453.00000000,BEAMUSDT
2022-08-22 13:15:00,0.15740000,0.15790000,0.15720000,0.15730000,17562.00000000,BEAMUSDT
2022-08-22 13:30:00,0.15760000,0.15890000,0.15680000,0.15870000,53683.00000000,BEAMUSDT
2022-08-22 13:45:00,0.15890000,0.15960000,0.15820000,0.15910000,49202.00000000,BEAMUSDT
2022-08-22 14:00:00,0.15900000,0.15950000,0.15850000,0.15850000,5880.00000000,BEAMUSDT
2022-08-22 14:15:00,0.15850000,0.15880000,0.15820000,0.15820000,19216.00000000,BEAMUSDT
2022-08-22 14:30:00,0.15860000,0.16020000,0.15860000,0.15990000,40544.00000000,BEAMUSDT
2022-08-22 14:45:00,0.15980000,0.15980000,0.15860000,0.15870000,28581.00000000,BEAMUSDT
2022-08-22 15:00:00,0.15880000,0.15990000,0.15880000,0.15970000,31969.00000000,BEAMUSDT
2022-08-22 15:15:00,0.15980000,0.16020000,0.15980000,0.15980000,45290.00000000,BEAMUSDT
2022-08-22 15:30:00,0.15980000,0.16050000,0.15970000,0.16040000,11700.00000000,BEAMUSDT
2022-08-22 15:45:00,0.16020000,0.16150000,0.16020000,0.16100000,35748.00000000,BEAMUSDT
2022-08-22 16:00:00,0.16130000,0.16130000,0.16070000,0.16070000,5943.00000000,BEAMUSDT
2022-08-22 16:15:00,0.16120000,0.16170000,0.16120000,0.16160000,14031.00000000,BEAMUSDT
2022-08-22 16:30:00,0.16180000,0.16180000,0.16140000,0.16160000,10894.00000000,BEAMUSDT
2022-08-22 16:45:00,0.16160000,0.16270000,0.16160000,0.16230000,32469.00000000,BEAMUSDT
2022-08-22 17:00:00,0.16260000,0.16260000,0.16210000,0.16240000,20967.00000000,BEAMUSDT
2022-08-22 17:15:00,0.16230000,0.16250000,0.16210000,0.16230000,9510.00000000,BEAMUSDT
2022-08-22 17:30:00,0.16210000,0.16220000,0.16180000,0.16220000,35412.00000000,BEAMUSDT
2022-08-22 17:45:00,0.16200000,0.16220000,0.16180000,0.16200000,10658.00000000,BEAMUSDT
2022-08-22 18:00:00,0.16190000,0.16190000,0.16140000,0.16170000,10450.00000000,BEAMUSDT
2022-08-22 18:15:00,0.16140000,0.16240000,0.16140000,0.16180000,20146.00000000,BEAMUSDT
2022-08-22 18:30:00,0.16150000,0.16150000,0.15960000,0.15990000,52923.00000000,BEAMUSDT
2022-08-22 18:45:00,0.15950000,0.16030000,0.15920000,0.16030000,49715.00000000,BEAMUSDT
2022-08-22 19:00:00,0.16030000,0.16070000,0.16010000,0.16050000,16854.00000000,BEAMUSDT
2022-08-22 19:15:00,0.16040000,0.16110000,0.16030000,0.16030000,10761.00000000,BEAMUSDT
2022-08-22 19:30:00,0.16020000,0.16050000,0.16010000,0.16030000,5662.00000000,BEAMUSDT
2022-08-22 19:45:00,0.16010000,0.16060000,0.16010000,0.16060000,4162.00000000,BEAMUSDT
2022-08-22 20:00:00,0.16060000,0.16190000,0.16060000,0.16100000,94255.00000000,BEAMUSDT
2022-08-22 20:15:00,0.16120000,0.16190000,0.16120000,0.16150000,6929.00000000,BEAMUSDT
2022-08-22 20:30:00,0.16180000,0.16220000,0.16150000,0.16190000,11957.00000000,BEAMUSDT
2022-08-22 20:45:00,0.16160000,0.16160000,0.16110000,0.16140000,32639.00000000,BEAMUSDT
2022-08-22 21:00:00,0.16150000,0.16180000,0.16110000,0.16130000,25602.00000000,BEAMUSDT
2022-08-22 21:15:00,0.16130000,0.16140000,0.16070000,0.16090000,8795.00000000,BEAMUSDT
2022-08-22 21:30:00,0.16140000,0.16150000,0.16070000,0.16070000,3005.00000000,BEAMUSDT
2022-08-22 21:45:00,0.16080000,0.16090000,0.16040000,0.16060000,702.00000000,BEAMUSDT
2022-08-22 22:00:00,0.16060000,0.16150000,0.16060000,0.16100000,14958.00000000,BEAMUSDT
2022-08-22 22:15:00,0.16160000,0.16220000,0.16150000,0.16150000,5097.00000000,BEAMUSDT
2022-08-22 22:30:00,0.16220000,0.16230000,0.16160000,0.16230000,656.00000000,BEAMUSDT
2022-08-22 22:45:00,0.16200000,0.16250000,0.16190000,0.16200000,6861.00000000,BEAMUSDT
2022-08-22 23:00:00,0.16210000,0.16300000,0.16200000,0.16240000,16307.00000000,BEAMUSDT
2022-08-22 23:15:00,0.16250000,0.16260000,0.16240000,0.16250000,7861.00000000,BEAMUSDT
2022-08-22 23:30:00,0.16270000,0.16440000,0.16230000,0.16360000,26445.00000000,BEAMUSDT
2022-08-22 23:45:00,0.16410000,0.16430000,0.16380000,0.16430000,11794.00000000,BEAMUSDT
2022-08-23 00:00:00,0.16420000,0.16460000,0.16400000,0.16450000,12584.00000000,BEAMUSDT
2022-08-23 00:15:00,0.16450000,0.16600000,0.16420000,0.16520000,24318.00000000,BEAMUSDT
2022-08-23 00:30:00,0.16510000,0.16560000,0.16470000,0.16560000,33396.00000000,BEAMUSDT
2022-08-23 00:45:00,0.16550000,0.16550000,0.16500000,0.16510000,4485.00000000,BEAMUSDT
2022-08-23 01:00:00,0.16510000,0.16570000,0.16480000,0.16570000,12234.00000000,BEAMUSDT
2022-08-23 01:15:00,0.16530000,0.16550000,0.16470000,0.16470000,10250.00000000,BEAMUSDT
2022-08-23 01:30:00,0.16460000,0.16520000,0.16450000,0.16480000,19548.00000000,BEAMUSDT
2022-08-23 01:45:00,0.16480000,0.16480000,0.16390000,0.16420000,13632.00000000,BEAMUSDT
2022-08-23 02:00:00,0.16410000,0.16410000,0.16380000,0.16380000,2372.00000000,BEAMUSDT
2022-08-23 02:15:00,0.16370000,0.16420000,0.16370000,0.16420000,2442.00000000,BEAMUSDT
2022-08-23 02:30:00,0.16400000,0.16400000,0.16400000,0.16400000,6143.00000000,BEAMUSDT
2022-08-23 02:45:00,0.16420000,0.16430000,0.16400000,0.16430000,4475.00000000,BEAMUSDT
2022-08-23 03:00:00,0.16450000,0.16480000,0.16450000,0.16460000,6363.00000000,BEAMUSDT
2022-08-23 03:15:00,0.16460000,0.16460000,0.16420000,0.16420000,15654.00000000,BEAMUSDT
2022-08-23 03:30:00,0.16420000,0.16420000,0.16400000,0.16420000,6064.00000000,BEAMUSDT
2022-08-23 03:45:00,0.16400000,0.16400000,0.16300000,0.16300000,29301.00000000,BEAMUSDT
2022-08-23 04:00:00,0.16330000,0.16350000,0.16300000,0.16340000,2520.00000000,BEAMUSDT
2022-08-23 04:15:00,0.16310000,0.16350000,0.16300000,0.16350000,1521.00000000,BEAMUSDT
2022-08-23 04:30:00,0.16350000,0.16350000,0.16300000,0.16330000,15300.00000000,BEAMUSDT
2022-08-23 04:45:00,0.16350000,0.16360000,0.16290000,0.16290000,7440.00000000,BEAMUSDT
2022-08-23 05:00:00,0.16310000,0.16390000,0.16310000,0.16350000,24933.00000000,BEAMUSDT
2022-08-23 05:15:00,0.16360000,0.16360000,0.16230000,0.16240000,24460.00000000,BEAMUSDT
2022-08-23 05:30:00,0.16210000,0.16270000,0.16160000,0.16160000,34827.00000000,BEAMUSDT
2022-08-23 05:45:00,0.16160000,0.16160000,0.16020000,0.16020000,26237.00000000,BEAMUSDT
2022-08-23 06:00:00,0.16010000,0.16070000,0.16010000,0.16070000,27988.00000000,BEAMUSDT
2022-08-23 06:15:00,0.16070000,0.16070000,0.15990000,0.16030000,10636.00000000,BEAMUSDT
2022-08-23 06:30:00,0.16080000,0.16160000,0.16060000,0.16130000,13582.00000000,BEAMUSDT
2022-08-23 06:45:00,0.16110000,0.16140000,0.16110000,0.16130000,383.00000000,BEAMUSDT
2022-08-23 07:00:00,0.16110000,0.16280000,0.16100000,0.16230000,34926.00000000,BEAMUSDT
2022-08-23 07:15:00,0.16230000,0.16280000,0.16200000,0.16260000,7974.00000000,BEAMUSDT
2022-08-23 07:30:00,0.16260000,0.16290000,0.16250000,0.16260000,6347.00000000,BEAMUSDT
2022-08-23 07:45:00,0.16300000,0.16370000,0.16280000,0.16320000,20902.00000000,BEAMUSDT
2022-08-23 08:00:00,0.16330000,0.16470000,0.16330000,0.16410000,44387.00000000,BEAMUSDT
2022-08-23 08:15:00,0.16410000,0.16470000,0.16410000,0.16450000,4157.00000000,BEAMUSDT
2022-08-23 08:30:00,0.16410000,0.16450000,0.16410000,0.16420000,7360.00000000,BEAMUSDT
2022-08-23 08:45:00,0.16410000,0.16440000,0.16410000,0.16430000,6960.00000000,BEAMUSDT
2022-08-23 09:00:00,0.16430000,0.16450000,0.16400000,0.16450000,30639.00000000,BEAMUSDT
2022-08-23 09:15:00,0.16430000,0.16430000,0.16250000,0.16310000,87888.00000000,BEAMUSDT
2022-08-23 09:30:00,0.16280000,0.16290000,0.16220000,0.16250000,41679.00000000,BEAMUSDT
2022-08-23 09:45:00,0.16270000,0.16420000,0.16270000,0.16350000,76512.00000000,BEAMUSDT
2022-08-23 10:00:00,0.16330000,0.16340000,0.16230000,0.16230000,29396.00000000,BEAMUSDT
2022-08-23 10:15:00,0.16240000,0.16280000,0.16220000,0.16230000,3866.00000000,BEAMUSDT
2022-08-23 10:30:00,0.16260000,0.16310000,0.16220000,0.16310000,12775.00000000,BEAMUSDT
2022-08-23 10:45:00,0.16280000,0.16390000,0.16250000,0.16390000,47877.00000000,BEAMUSDT
2022-08-23 11:00:00,0.16370000,0.16370000,0.16310000,0.16330000,11619.00000000,BEAMUSDT
2022-08-23 11:15:00,0.16350000,0.16390000,0.16340000,0.16390000,10673.00000000,BEAMUSDT
2022-08-23 11:30:00,0.16400000,0.16650000,0.16400000,0.16520000,80342.00000000,BEAMUSDT
2022-08-23 11:45:00,0.16530000,0.16630000,0.16530000,0.16560000,24497.00000000,BEAMUSDT
2022-08-23 12:00:00,0.16540000,0.16700000,0.16510000,0.16580000,44615.00000000,BEAMUSDT
2022-08-23 12:15:00,0.16550000,0.16580000,0.16500000,0.16550000,24113.00000000,BEAMUSDT
2022-08-23 12:30:00,0.16530000,0.16540000,0.16440000,0.16440000,23824.00000000,BEAMUSDT
2022-08-23 12:45:00,0.16450000,0.16510000,0.16420000,0.16450000,13741.00000000,BEAMUSDT
2022-08-23 13:00:00,0.16440000,0.16440000,0.16430000,0.16430000,10822.00000000,BEAMUSDT
2022-08-23 13:15:00,0.16490000,0.16580000,0.16480000,0.16560000,10484.00000000,BEAMUSDT
2022-08-23 13:30:00,0.16530000,0.16580000,0.16480000,0.16500000,32253.00000000,BEAMUSDT
2022-08-23 13:45:00,0.16490000,0.16590000,0.16490000,0.16590000,13201.00000000,BEAMUSDT
2022-08-23 14:00:00,0.16610000,0.16720000,0.16610000,0.16670000,56975.00000000,BEAMUSDT
2022-08-23 14:15:00,0.16670000,0.16750000,0.16640000,0.16660000,46023.00000000,BEAMUSDT
2022-08-23 14:30:00,0.16660000,0.16680000,0.16580000,0.16610000,58710.00000000,BEAMUSDT
2022-08-23 14:45:00,0.16610000,0.16660000,0.16580000,0.16660000,26365.00000000,BEAMUSDT
2022-08-23 15:00:00,0.16630000,0.16640000,0.16570000,0.16620000,105803.00000000,BEAMUSDT
2022-08-23 15:15:00,0.16630000,0.16660000,0.16620000,0.16640000,7056.00000000,BEAMUSDT
2022-08-23 15:30:00,0.16600000,0.16660000,0.16600000,0.16640000,4655.00000000,BEAMUSDT
2022-08-23 15:45:00,0.16640000,0.16660000,0.16550000,0.16600000,8469.00000000,BEAMUSDT
2022-08-23 16:00:00,0.16600000,0.16620000,0.16560000,0.16560000,13309.00000000,BEAMUSDT
2022-08-23 16:15:00,0.16570000,0.16570000,0.16520000,0.16550000,12765.00000000,BEAMUSDT
2022-08-23 16:30:00,0.16550000,0.16640000,0.16550000,0.16610000,17120.00000000,BEAMUSDT
2022-08-23 16:45:00,0.16620000,0.16660000,0.16610000,0.16660000,7937.00000000,BEAMUSDT
2022-08-23 17:00:00,0.16660000,0.16660000,0.16610000,0.16630000,14850.00000000,BEAMUSDT
2022-08-23 17:15:00,0.16610000,0.16630000,0.16570000,0.16630000,41167.00000000,BEAMUSDT
2022-08-23 17:30:00,0.16630000,0.16660000,0.16630000,0.16650000,4780.00000000,BEAMUSDT
2022-08-23 17:45:00,0.16630000,0.16650000,0.16600000,0.16600000,16446.00000000,BEAMUSDT
2022-08-23 18:00:00,0.16600000,0.16600000,0.16580000,0.16590000,4781.00000000,BEAMUSDT
2022-08-23 18:15:00,0.16610000,0.16760000,0.16610000,0.16720000,28919.00000000,BEAMUSDT
2022-08-23 18:30:00,0.16730000,0.16760000,0.16700000,0.16710000,14291.00000000,BEAMUSDT
2022-08-23 18:45:00,0.16700000,0.16770000,0.16660000,0.16730000,32523.00000000,BEAMUSDT
2022-08-23 19:00:00,0.16720000,0.16720000,0.16690000,0.16720000,4709.00000000,BEAMUSDT
2022-08-23 19:15:00,0.16710000,0.16710000,0.16680000,0.16700000,4114.00000000,BEAMUSDT
2022-08-23 19:30:00,0.16680000,0.16730000,0.16680000,0.16730000,5200.00000000,BEAMUSDT
2022-08-23 19:45:00,0.16690000,0.16690000,0.16680000,0.16680000,926.00000000,BEAMUSDT
2022-08-23 20:00:00,0.16680000,0.16710000,0.16650000,0.16700000,16531.00000000,BEAMUSDT
2022-08-23 20:15:00,0.16700000,0.16700000,0.16680000,0.16690000,4460.00000000,BEAMUSDT
2022-08-23 20:30:00,0.16700000,0.16700000,0.16610000,0.16610000,21590.00000000,BEAMUSDT
2022-08-23 20:45:00,0.16610000,0.16610000,0.16570000,0.16580000,7889.00000000,BEAMUSDT
2022-08-23 21:00:00,0.16600000,0.16600000,0.16520000,0.16520000,27506.00000000,BEAMUSDT
2022-08-23 21:15:00,0.16540000,0.16550000,0.16530000,0.16550000,6426.00000000,BEAMUSDT
2022-08-23 21:30:00,0.16550000,0.16570000,0.16530000,0.16540000,1752.00000000,BEAMUSDT
2022-08-23 21:45:00,0.16580000,0.16580000,0.16530000,0.16570000,1083.00000000,BEAMUSDT
2022-08-23 22:00:00,0.16550000,0.16590000,0.16540000,0.16540000,3263.00000000,BEAMUSDT
2022-08-23 22:15:00,0.16540000,0.16590000,0.16540000,0.16580000,1220.00000000,BEAMUSDT
2022-08-23 22:30:00,0.16580000,0.16600000,0.16540000,0.16580000,8789.00000000,BEAMUSDT
2022-08-23 22:45:00,0.16580000,0.16700000,0.16580000,0.16640000,23676.00000000,BEAMUSDT
2022-08-23 23:00:00,0.16640000,0.16730000,0.16640000,0.16730000,23101.00000000,BEAMUSDT
2022-08-23 23:15:00,0.16730000,0.16730000,0.16720000,0.16730000,10877.00000000,BEAMUSDT
2022-08-23 23:30:00,0.16710000,0.16710000,0.16670000,0.16680000,3307.00000000,BEAMUSDT
2022-08-23 23:45:00,0.16670000,0.16710000,0.16660000,0.16660000,2545.00000000,BEAMUSDT
2022-08-24 00:00:00,0.16660000,0.16680000,0.16660000,0.16660000,667.00000000,BEAMUSDT
2022-08-24 00:15:00,0.16640000,0.16650000,0.16630000,0.16640000,589.00000000,BEAMUSDT
2022-08-24 00:30:00,0.16640000,0.16660000,0.16500000,0.16540000,30619.00000000,BEAMUSDT
2022-08-24 00:45:00,0.16520000,0.16530000,0.16420000,0.16480000,51194.00000000,BEAMUSDT
2022-08-24 01:00:00,0.16520000,0.16520000,0.16480000,0.16500000,3751.00000000,BEAMUSDT
2022-08-24 01:15:00,0.16500000,0.16500000,0.16370000,0.16430000,15021.00000000,BEAMUSDT
2022-08-24 01:30:00,0.16420000,0.16430000,0.16320000,0.16380000,22465.00000000,BEAMUSDT
2022-08-24 01:45:00,0.16380000,0.16380000,0.16260000,0.16300000,15336.00000000,BEAMUSDT
2022-08-24 02:00:00,0.16310000,0.16390000,0.16310000,0.16340000,8252.00000000,BEAMUSDT
2022-08-24 02:15:00,0.16370000,0.16370000,0.16220000,0.16310000,25271.00000000,BEAMUSDT
2022-08-24 02:30:00,0.16300000,0.16370000,0.16220000,0.16240000,20659.00000000,BEAMUSDT
2022-08-24 02:45:00,0.16230000,0.16250000,0.16190000,0.16190000,5776.00000000,BEAMUSDT
2022-08-24 03:00:00,0.16210000,0.16230000,0.16180000,0.16180000,7928.00000000,BEAMUSDT
2022-08-24 03:15:00,0.16190000,0.16260000,0.16190000,0.16250000,8930.00000000,BEAMUSDT
2022-08-24 03:30:00,0.16250000,0.16250000,0.16240000,0.16240000,4192.00000000,BEAMUSDT
2022-08-24 03:45:00,0.16210000,0.16230000,0.16210000,0.16230000,502.00000000,BEAMUSDT
2022-08-24 04:00:00,0.16220000,0.16220000,0.16050000,0.16140000,99098.00000000,BEAMUSDT
2022-08-24 04:15:00,0.16160000,0.16190000,0.16110000,0.16170000,24099.00000000,BEAMUSDT
2022-08-24 04:30:00,0.16160000,0.16170000,0.16130000,0.16170000,8017.00000000,BEAMUSDT
2022-08-24 04:45:00,0.16180000,0.16230000,0.16140000,0.16230000,104843.00000000,BEAMUSDT
2022-08-24 05:00:00,0.16210000,0.16210000,0.16200000,0.16210000,2674.00000000,BEAMUSDT
2022-08-24 05:15:00,0.16210000,0.16250000,0.16190000,0.16250000,4269.00000000,BEAMUSDT
2022-08-24 05:30:00,0.16300000,0.16350000,0.16280000,0.16340000,13381.00000000,BEAMUSDT
2022-08-24 05:45:00,0.16340000,0.16360000,0.16310000,0.16340000,31120.00000000,BEAMUSDT
2022-08-24 06:00:00,0.16340000,0.16370000,0.16340000,0.16340000,7126.00000000,BEAMUSDT
2022-08-24 06:15:00,0.16340000,0.16360000,0.16240000,0.16320000,45876.00000000,BEAMUSDT
2022-08-24 06:30:00,0.16300000,0.16350000,0.16300000,0.16340000,55963.00000000,BEAMUSDT
2022-08-24 06:45:00,0.16340000,0.16390000,0.16340000,0.16380000,33372.00000000,BEAMUSDT
2022-08-24 07:00:00,0.16390000,0.16420000,0.16230000,0.16310000,184731.00000000,BEAMUSDT
2022-08-24 07:15:00,0.16310000,0.16320000,0.16220000,0.16230000,36431.00000000,BEAMUSDT
2022-08-24 07:30:00,0.16210000,0.16210000,0.16110000,0.16160000,94645.00000000,BEAMUSDT
2022-08-24 07:45:00,0.16150000,0.16190000,0.16150000,0.16190000,12558.00000000,BEAMUSDT
2022-08-24 08:00:00,0.16190000,0.16270000,0.16190000,0.16230000,13245.00000000,BEAMUSDT
2022-08-24 08:15:00,0.16250000,0.16270000,0.16240000,0.16260000,9282.00000000,BEAMUSDT
2022-08-24 08:30:00,0.16280000,0.16320000,0.16280000,0.16290000,17292.00000000,BEAMUSDT
2022-08-24 08:45:00,0.16290000,0.16300000,0.16290000,0.16290000,10742.00000000,BEAMUSDT
2022-08-24 09:00:00,0.16230000,0.16370000,0.16230000,0.16280000,29762.00000000,BEAMUSDT
2022-08-24 09:15:00,0.16300000,0.16330000,0.16300000,0.16300000,7674.00000000,BEAMUSDT
2022-08-24 09:30:00,0.16290000,0.16300000,0.16280000,0.16300000,16313.00000000,BEAMUSDT
2022-08-24 09:45:00,0.16290000,0.16310000,0.16280000,0.16290000,9581.00000000,BEAMUSDT
2022-08-24 10:00:00,0.16270000,0.16440000,0.16270000,0.16420000,74338.00000000,BEAMUSDT
2022-08-24 10:15:00,0.16420000,0.16490000,0.16420000,0.16470000,39451.00000000,BEAMUSDT
2022-08-24 10:30:00,0.16490000,0.16490000,0.16350000,0.16380000,36146.00000000,BEAMUSDT
2022-08-24 10:45:00,0.16410000,0.16410000,0.16320000,0.16330000,38154.00000000,BEAMUSDT
2022-08-24 11:00:00,0.16340000,0.16440000,0.16300000,0.16420000,23513.00000000,BEAMUSDT
2022-08-24 11:15:00,0.16430000,0.16460000,0.16430000,0.16450000,3849.00000000,BEAMUSDT
2022-08-24 11:30:00,0.16470000,0.16480000,0.16450000,0.16450000,10102.00000000,BEAMUSDT
2022-08-24 11:45:00,0.16490000,0.16650000,0.16490000,0.16560000,19962.00000000,BEAMUSDT
2022-08-24 12:00:00,0.16590000,0.16610000,0.16520000,0.16580000,15887.00000000,BEAMUSDT
2022-08-24 12:15:00,0.16570000,0.16610000,0.16530000,0.16530000,6127.00000000,BEAMUSDT
2022-08-24 12:30:00,0.16550000,0.16650000,0.16550000,0.16580000,29661.00000000,BEAMUSDT
2022-08-24 12:45:00,0.16580000,0.16610000,0.16490000,0.16590000,97944.00000000,BEAMUSDT
2022-08-24 13:00:00,0.16570000,0.16660000,0.16540000,0.16570000,29715.00000000,BEAMUSDT
2022-08-24 13:15:00,0.16570000,0.16660000,0.16560000,0.16580000,11132.00000000,BEAMUSDT
2022-08-24 13:30:00,0.16600000,0.16600000,0.16510000,0.16530000,15929.00000000,BEAMUSDT
2022-08-24 13:45:00,0.16570000,0.16610000,0.16540000,0.16540000,9922.00000000,BEAMUSDT
2022-08-24 14:00:00,0.16540000,0.16620000,0.16540000,0.16570000,13582.00000000,BEAMUSDT
2022-08-24 14:15:00,0.16600000,0.16640000,0.16560000,0.16640000,6318.00000000,BEAMUSDT
2022-08-24 14:30:00,0.16620000,0.16640000,0.16540000,0.16560000,31945.00000000,BEAMUSDT
2022-08-24 14:45:00,0.16590000,0.17020000,0.16570000,0.16860000,383273.00000000,BEAMUSDT
2022-08-24 15:00:00,0.16890000,0.17200000,0.16890000,0.17060000,363300.00000000,BEAMUSDT
2022-08-24 15:15:00,0.17080000,0.17090000,0.16910000,0.16980000,80288.00000000,BEAMUSDT
2022-08-24 15:30:00,0.16980000,0.17080000,0.16980000,0.17080000,61258.00000000,BEAMUSDT
2022-08-24 15:45:00,0.17090000,0.17180000,0.17080000,0.17180000,122336.00000000,BEAMUSDT
2022-08-24 16:00:00,0.17180000,0.17370000,0.17150000,0.17170000,142731.00000000,BEAMUSDT
2022-08-24 16:15:00,0.17170000,0.17190000,0.17140000,0.17160000,26594.00000000,BEAMUSDT
2022-08-24 16:30:00,0.17180000,0.17200000,0.16970000,0.16970000,102010.00000000,BEAMUSDT
2022-08-24 16:45:00,0.16980000,0.17050000,0.16950000,0.16980000,141136.00000000,BEAMUSDT
2022-08-24 17:00:00,0.17000000,0.17080000,0.16980000,0.17070000,73555.00000000,BEAMUSDT
2022-08-24 17:15:00,0.17060000,0.17130000,0.17000000,0.17120000,44687.00000000,BEAMUSDT
2022-08-24 17:30:00,0.17130000,0.17170000,0.17100000,0.17140000,13346.00000000,BEAMUSDT
2022-08-24 17:45:00,0.17150000,0.17150000,0.17100000,0.17130000,8886.00000000,BEAMUSDT
2022-08-24 18:00:00,0.17090000,0.17180000,0.17090000,0.17120000,19089.00000000,BEAMUSDT
2022-08-24 18:15:00,0.17120000,0.17120000,0.17010000,0.17040000,61944.00000000,BEAMUSDT
2022-08-24 18:30:00,0.17020000,0.17020000,0.16990000,0.17010000,14014.00000000,BEAMUSDT
2022-08-24 18:45:00,0.16990000,0.16990000,0.16980000,0.16990000,7376.00000000,BEAMUSDT
2022-08-24 19:00:00,0.17000000,0.17070000,0.17000000,0.17070000,12433.00000000,BEAMUSDT
2022-08-24 19:15:00,0.17080000,0.17090000,0.17040000,0.17070000,20734.00000000,BEAMUSDT
2022-08-24 19:30:00,0.17070000,0.17110000,0.16910000,0.17100000,66098.00000000,BEAMUSDT
2022-08-24 19:45:00,0.17070000,0.17090000,0.17030000,0.17030000,33429.00000000,BEAMUSDT
2022-08-24 20:00:00,0.17040000,0.17070000,0.17010000,0.17010000,14600.00000000,BEAMUSDT
2022-08-24 20:15:00,0.17050000,0.17110000,0.17020000,0.17060000,10836.00000000,BEAMUSDT
2022-08-24 20:30:00,0.17070000,0.17070000,0.17050000,0.17060000,4308.00000000,BEAMUSDT
2022-08-24 20:45:00,0.17060000,0.17060000,0.17060000,0.17060000,8210.00000000,BEAMUSDT
2022-08-24 21:00:00,0.17020000,0.17030000,0.17010000,0.17020000,13359.00000000,BEAMUSDT
2022-08-24 21:15:00,0.17010000,0.17030000,0.17010000,0.17030000,26857.00000000,BEAMUSDT
2022-08-24 21:30:00,0.17040000,0.17050000,0.17010000,0.17020000,2080.00000000,BEAMUSDT
2022-08-24 21:45:00,0.17020000,0.17020000,0.16970000,0.16980000,11331.00000000,BEAMUSDT
2022-08-24 22:00:00,0.16960000,0.16980000,0.16910000,0.16970000,10463.00000000,BEAMUSDT
2022-08-24 22:15:00,0.16940000,0.16950000,0.16920000,0.16920000,11594.00000000,BEAMUSDT
2022-08-24 22:30:00,0.16910000,0.16910000,0.16870000,0.16870000,28601.00000000,BEAMUSDT
2022-08-24 22:45:00,0.16880000,0.16920000,0.16840000,0.16890000,18168.00000000,BEAMUSDT
2022-08-24 23:00:00,0.16870000,0.16870000,0.16760000,0.16810000,30188.00000000,BEAMUSDT
2022-08-24 23:15:00,0.16830000,0.16860000,0.16740000,0.16770000,40827.00000000,BEAMUSDT
2022-08-24 23:30:00,0.16770000,0.16770000,0.16700000,0.16720000,16166.00000000,BEAMUSDT
2022-08-24 23:45:00,0.16750000,0.16750000,0.16710000,0.16750000,9908.00000000,BEAMUSDT
2022-08-25 00:00:00,0.16730000,0.16810000,0.16730000,0.16750000,11444.00000000,BEAMUSDT
2022-08-25 00:15:00,0.16780000,0.16800000,0.16780000,0.16800000,2837.00000000,BEAMUSDT
2022-08-25 00:30:00,0.16800000,0.16970000,0.16780000,0.16970000,32385.00000000,BEAMUSDT
2022-08-25 00:45:00,0.16990000,0.17040000,0.16990000,0.17000000,19872.00000000,BEAMUSDT
2022-08-25 01:00:00,0.17010000,0.17010000,0.16970000,0.16970000,2455.00000000,BEAMUSDT
2022-08-25 01:15:00,0.16940000,0.17080000,0.16940000,0.17060000,18011.00000000,BEAMUSDT
2022-08-25 01:30:00,0.17070000,0.17110000,0.17050000,0.17060000,19082.00000000,BEAMUSDT
2022-08-25 01:45:00,0.17060000,0.17060000,0.17030000,0.17030000,196.00000000,BEAMUSDT
2022-08-25 02:00:00,0.17030000,0.17030000,0.17030000,0.17030000,1995.00000000,BEAMUSDT
2022-08-25 02:15:00,0.17030000,0.17030000,0.16980000,0.17000000,5520.00000000,BEAMUSDT
2022-08-25 02:30:00,0.16990000,0.17030000,0.16980000,0.17010000,5095.00000000,BEAMUSDT
2022-08-25 02:45:00,0.17010000,0.17110000,0.16850000,0.16980000,83889.00000000,BEAMUSDT
2022-08-25 03:00:00,0.17020000,0.17040000,0.17010000,0.17040000,12075.00000000,BEAMUSDT
2022-08-25 03:15:00,0.17050000,0.17060000,0.17000000,0.17000000,6937.00000000,BEAMUSDT
2022-08-25 03:30:00,0.17010000,0.17010000,0.16950000,0.16950000,4676.00000000,BEAMUSDT
2022-08-25 03:45:00,0.16950000,0.16970000,0.16950000,0.16970000,877.00000000,BEAMUSDT
2022-08-25 04:00:00,0.16960000,0.17030000,0.16930000,0.16970000,56700.00000000,BEAMUSDT
2022-08-25 04:15:00,0.16980000,0.17020000,0.16960000,0.16970000,5352.00000000,BEAMUSDT
2022-08-25 04:30:00,0.16960000,0.17010000,0.16960000,0.16990000,11763.00000000,BEAMUSDT
2022-08-25 04:45:00,0.16990000,0.17000000,0.16970000,0.16990000,4170.00000000,BEAMUSDT
2022-08-25 05:00:00,0.17020000,0.17070000,0.17000000,0.17010000,10687.00000000,BEAMUSDT
2022-08-25 05:15:00,0.17010000,0.17030000,0.16990000,0.16990000,8144.00000000,BEAMUSDT
2022-08-25 05:30:00,0.17000000,0.17000000,0.16930000,0.16970000,17091.00000000,BEAMUSDT
2022-08-25 05:45:00,0.16980000,0.17030000,0.16980000,0.17030000,1998.00000000,BEAMUSDT
2022-08-25 06:00:00,0.17020000,0.17030000,0.16990000,0.17010000,14786.00000000,BEAMUSDT
2022-08-25 06:15:00,0.17030000,0.17110000,0.17030000,0.17040000,40810.00000000,BEAMUSDT
2022-08-25 06:30:00,0.17050000,0.17080000,0.17040000,0.17060000,12511.00000000,BEAMUSDT
2022-08-25 06:45:00,0.17060000,0.17070000,0.17040000,0.17040000,7903.00000000,BEAMUSDT
2022-08-25 07:00:00,0.17040000,0.17060000,0.17040000,0.17060000,6671.00000000,BEAMUSDT
2022-08-25 07:15:00,0.17080000,0.17080000,0.17060000,0.17060000,9699.00000000,BEAMUSDT
2022-08-25 07:30:00,0.17040000,0.17110000,0.16920000,0.17100000,100418.00000000,BEAMUSDT
2022-08-25 07:45:00,0.17080000,0.17110000,0.17080000,0.17100000,63910.00000000,BEAMUSDT
2022-08-25 08:00:00,0.17100000,0.17110000,0.17050000,0.17050000,26637.00000000,BEAMUSDT
2022-08-25 08:15:00,0.17050000,0.17080000,0.17010000,0.17020000,40383.00000000,BEAMUSDT
2022-08-25 08:30:00,0.17020000,0.17250000,0.17010000,0.17210000,110677.00000000,BEAMUSDT
2022-08-25 08:45:00,0.17230000,0.17380000,0.17200000,0.17230000,262580.00000000,BEAMUSDT
2022-08-25 09:00:00,0.17210000,0.17380000,0.17210000,0.17380000,113088.00000000,BEAMUSDT
2022-08-25 09:15:00,0.17320000,0.17580000,0.17140000,0.17260000,247636.00000000,BEAMUSDT
2022-08-25 09:30:00,0.17280000,0.17330000,0.17240000,0.17270000,27012.00000000,BEAMUSDT
2022-08-25 09:45:00,0.17300000,0.17490000,0.17300000,0.17410000,136591.00000000,BEAMUSDT
2022-08-25 10:00:00,0.17410000,0.17470000,0.17280000,0.17420000,47946.00000000,BEAMUSDT
2022-08-25 10:15:00,0.17400000,0.17420000,0.17360000,0.17400000,10598.00000000,BEAMUSDT
2022-08-25 10:30:00,0.17400000,0.17400000,0.17130000,0.17310000,151530.00000000,BEAMUSDT
2022-08-25 10:45:00,0.17320000,0.17320000,0.17210000,0.17240000,45147.00000000,BEAMUSDT
2022-08-25 11:00:00,0.17230000,0.17230000,0.17140000,0.17150000,112106.00000000,BEAMUSDT
2022-08-25 11:15:00,0.17140000,0.17150000,0.17090000,0.17120000,50392.00000000,BEAMUSDT
2022-08-25 11:30:00,0.17130000,0.17130000,0.17070000,0.17070000,23956.00000000,BEAMUSDT
2022-08-25 11:45:00,0.17110000,0.17190000,0.17100000,0.17180000,32133.00000000,BEAMUSDT
2022-08-25 12:00:00,0.17150000,0.17220000,0.17130000,0.17160000,40990.00000000,BEAMUSDT
2022-08-25 12:15:00,0.17150000,0.17150000,0.17090000,0.17090000,16934.00000000,BEAMUSDT
2022-08-25 12:30:00,0.17090000,0.17180000,0.17090000,0.17140000,14473.00000000,BEAMUSDT
2022-08-25 12:45:00,0.17110000,0.17210000,0.17100000,0.17190000,76281.00000000,BEAMUSDT
2022-08-25 13:00:00,0.17170000,0.17180000,0.17070000,0.17090000,33138.00000000,BEAMUSDT
2022-08-25 13:15:00,0.17080000,0.17280000,0.17080000,0.17190000,117577.00000000,BEAMUSDT
2022-08-25 13:30:00,0.17200000,0.17420000,0.17170000,0.17360000,198024.00000000,BEAMUSDT
2022-08-25 13:45:00,0.17370000,0.17760000,0.17350000,0.17760000,471582.00000000,BEAMUSDT
2022-08-25 14:00:00,0.17750000,0.17900000,0.17550000,0.17660000,493925.00000000,BEAMUSDT
2022-08-25 14:15:00,0.17660000,0.17690000,0.17380000,0.17540000,341026.00000000,BEAMUSDT
2022-08-25 14:30:00,0.17510000,0.17750000,0.17330000,0.17470000,522192.00000000,BEAMUSDT
2022-08-25 14:45:00,0.17470000,0.17480000,0.17350000,0.17370000,77773.00000000,BEAMUSDT
2022-08-25 15:00:00,0.17360000,0.17390000,0.17200000,0.17280000,114070.00000000,BEAMUSDT
2022-08-25 15:15:00,0.17260000,0.17260000,0.16740000,0.16850000,247597.00000000,BEAMUSDT
2022-08-25 15:30:00,0.16810000,0.17000000,0.16770000,0.17000000,125833.00000000,BEAMUSDT
2022-08-25 15:45:00,0.17000000,0.17090000,0.16970000,0.17000000,73325.00000000,BEAMUSDT
2022-08-25 16:00:00,0.17000000,0.17010000,0.16920000,0.16920000,36177.00000000,BEAMUSDT
2022-08-25 16:15:00,0.16930000,0.16970000,0.16850000,0.16950000,74505.00000000,BEAMUSDT
2022-08-25 16:30:00,0.16930000,0.16930000,0.16870000,0.16870000,20581.00000000,BEAMUSDT
2022-08-25 16:45:00,0.16880000,0.16890000,0.16800000,0.16840000,36694.00000000,BEAMUSDT
2022-08-25 17:00:00,0.16860000,0.16940000,0.16860000,0.16920000,7300.00000000,BEAMUSDT
2022-08-25 17:15:00,0.16930000,0.17000000,0.16900000,0.16970000,21689.00000000,BEAMUSDT
2022-08-25 17:30:00,0.16970000,0.17040000,0.16970000,0.17040000,25747.00000000,BEAMUSDT
2022-08-25 17:45:00,0.17020000,0.17020000,0.17010000,0.17010000,1220.00000000,BEAMUSDT
2022-08-25 18:00:00,0.17020000,0.17040000,0.17020000,0.17030000,21194.00000000,BEAMUSDT
2022-08-25 18:15:00,0.17050000,0.17060000,0.17020000,0.17040000,17493.00000000,BEAMUSDT
2022-08-25 18:30:00,0.17040000,0.17090000,0.17040000,0.17060000,26590.00000000,BEAMUSDT
2022-08-25 18:45:00,0.17050000,0.17050000,0.17010000,0.17020000,20939.00000000,BEAMUSDT
2022-08-25 19:00:00,0.17040000,0.17060000,0.17030000,0.17030000,6054.00000000,BEAMUSDT
2022-08-25 19:15:00,0.17030000,0.17230000,0.17030000,0.17160000,100924.00000000,BEAMUSDT
2022-08-25 19:30:00,0.17150000,0.17180000,0.17140000,0.17180000,34296.00000000,BEAMUSDT
2022-08-25 19:45:00,0.17170000,0.17550000,0.17170000,0.17270000,444683.00000000,BEAMUSDT
2022-08-25 20:00:00,0.17230000,0.17680000,0.17190000,0.17400000,507628.00000000,BEAMUSDT
2022-08-25 20:15:00,0.17410000,0.17410000,0.17190000,0.17200000,63481.00000000,BEAMUSDT
2022-08-25 20:30:00,0.17190000,0.17260000,0.17170000,0.17250000,45217.00000000,BEAMUSDT
2022-08-25 20:45:00,0.17250000,0.17320000,0.17210000,0.17290000,34355.00000000,BEAMUSDT
2022-08-25 21:00:00,0.17280000,0.17290000,0.17210000,0.17220000,54099.00000000,BEAMUSDT
2022-08-25 21:15:00,0.17220000,0.17290000,0.17220000,0.17290000,26492.00000000,BEAMUSDT
2022-08-25 21:30:00,0.17240000,0.17350000,0.17230000,0.17350000,8911.00000000,BEAMUSDT
2022-08-25 21:45:00,0.17340000,0.17380000,0.17230000,0.17250000,18297.00000000,BEAMUSDT
2022-08-25 22:00:00,0.17250000,0.17530000,0.17110000,0.17260000,460727.00000000,BEAMUSDT
2022-08-25 22:15:00,0.17230000,0.17240000,0.17220000,0.17220000,1235.00000000,BEAMUSDT
2022-08-25 22:30:00,0.17250000,0.17260000,0.17210000,0.17230000,5497.00000000,BEAMUSDT
2022-08-25 22:45:00,0.17190000,0.17230000,0.17070000,0.17100000,75304.00000000,BEAMUSDT
2022-08-25 23:00:00,0.17110000,0.17120000,0.17070000,0.17110000,37869.00000000,BEAMUSDT
2022-08-25 23:15:00,0.17120000,0.17240000,0.17100000,0.17240000,80942.00000000,BEAMUSDT
2022-08-25 23:30:00,0.17230000,0.17250000,0.17230000,0.17230000,1657.00000000,BEAMUSDT
2022-08-25 23:45:00,0.17220000,0.17260000,0.17190000,0.17200000,27259.00000000,BEAMUSDT
2022-08-26 00:00:00,0.17190000,0.17210000,0.17120000,0.17190000,51635.00000000,BEAMUSDT
2022-08-26 00:15:00,0.17200000,0.17270000,0.17200000,0.17270000,16423.00000000,BEAMUSDT
2022-08-26 00:30:00,0.17280000,0.17310000,0.17280000,0.17310000,19157.00000000,BEAMUSDT
2022-08-26 00:45:00,0.17310000,0.17320000,0.17160000,0.17160000,64471.00000000,BEAMUSDT
2022-08-26 01:00:00,0.17160000,0.17190000,0.17150000,0.17190000,6995.00000000,BEAMUSDT
2022-08-26 01:15:00,0.17200000,0.17220000,0.17190000,0.17200000,22175.00000000,BEAMUSDT
2022-08-26 01:30:00,0.17190000,0.17200000,0.17190000,0.17190000,6320.00000000,BEAMUSDT
2022-08-26 01:45:00,0.17200000,0.17200000,0.17200000,0.17200000,331.00000000,BEAMUSDT
2022-08-26 02:00:00,0.17210000,0.17230000,0.17210000,0.17230000,1891.00000000,BEAMUSDT
2022-08-26 02:15:00,0.17230000,0.17240000,0.17220000,0.17240000,5384.00000000,BEAMUSDT
2022-08-26 02:30:00,0.17230000,0.17250000,0.17230000,0.17230000,7721.00000000,BEAMUSDT
2022-08-26 02:45:00,0.17250000,0.17250000,0.17210000,0.17240000,3656.00000000,BEAMUSDT
2022-08-26 03:00:00,0.17210000,0.17270000,0.17210000,0.17240000,12892.00000000,BEAMUSDT
2022-08-26 03:15:00,0.17240000,0.17250000,0.17210000,0.17250000,5423.00000000,BEAMUSDT
2022-08-26 03:30:00,0.17260000,0.17290000,0.17260000,0.17280000,9699.00000000,BEAMUSDT
2022-08-26 03:45:00,0.17280000,0.17290000,0.17270000,0.17270000,537.00000000,BEAMUSDT
2022-08-26 04:00:00,0.17270000,0.17270000,0.17240000,0.17240000,8648.00000000,BEAMUSDT
2022-08-26 04:15:00,0.17250000,0.17290000,0.17250000,0.17290000,15659.00000000,BEAMUSDT
2022-08-26 04:30:00,0.17250000,0.17290000,0.17250000,0.17290000,20885.00000000,BEAMUSDT
2022-08-26 04:45:00,0.17290000,0.17290000,0.17260000,0.17260000,9126.00000000,BEAMUSDT
2022-08-26 05:00:00,0.17250000,0.17250000,0.17130000,0.17140000,18731.00000000,BEAMUSDT
2022-08-26 05:15:00,0.17190000,0.17190000,0.17040000,0.17060000,44335.00000000,BEAMUSDT
2022-08-26 05:30:00,0.17050000,0.17110000,0.17040000,0.17040000,51877.00000000,BEAMUSDT
2022-08-26 05:45:00,0.17050000,0.17050000,0.17020000,0.17030000,62048.00000000,BEAMUSDT
2022-08-26 06:00:00,0.17010000,0.17010000,0.16770000,0.16910000,229809.00000000,BEAMUSDT
2022-08-26 06:15:00,0.16890000,0.16900000,0.16850000,0.16880000,34828.00000000,BEAMUSDT
2022-08-26 06:30:00,0.16870000,0.16880000,0.16810000,0.16810000,27837.00000000,BEAMUSDT
2022-08-26 06:45:00,0.16830000,0.16880000,0.16830000,0.16880000,14974.00000000,BEAMUSDT
2022-08-26 07:00:00,0.16880000,0.16880000,0.16720000,0.16740000,35197.00000000,BEAMUSDT
2022-08-26 07:15:00,0.16730000,0.16770000,0.16700000,0.16760000,41246.00000000,BEAMUSDT
2022-08-26 07:30:00,0.16760000,0.16780000,0.16730000,0.16730000,11989.00000000,BEAMUSDT
2022-08-26 07:45:00,0.16740000,0.16740000,0.16600000,0.16680000,271153.00000000,BEAMUSDT
2022-08-26 08:00:00,0.16680000,0.16690000,0.16650000,0.16670000,39220.00000000,BEAMUSDT
2022-08-26 08:15:00,0.16690000,0.16710000,0.16640000,0.16660000,34350.00000000,BEAMUSDT
2022-08-26 08:30:00,0.16660000,0.16720000,0.16660000,0.16700000,12873.00000000,BEAMUSDT
2022-08-26 08:45:00,0.16720000,0.16740000,0.16680000,0.16730000,21235.00000000,BEAMUSDT
2022-08-26 09:00:00,0.16690000,0.16720000,0.16680000,0.16720000,15473.00000000,BEAMUSDT
2022-08-26 09:15:00,0.16720000,0.16750000,0.16720000,0.16730000,18680.00000000,BEAMUSDT
2022-08-26 09:30:00,0.16730000,0.16740000,0.16720000,0.16740000,11433.00000000,BEAMUSDT
2022-08-26 09:45:00,0.16740000,0.16740000,0.16720000,0.16740000,10576.00000000,BEAMUSDT
2022-08-26 10:00:00,0.16730000,0.16750000,0.16730000,0.16730000,7974.00000000,BEAMUSDT
2022-08-26 10:15:00,0.16710000,0.17070000,0.16700000,0.17070000,258490.00000000,BEAMUSDT
2022-08-26 10:30:00,0.17070000,0.17400000,0.16880000,0.17250000,446940.00000000,BEAMUSDT
2022-08-26 10:45:00,0.17280000,0.18910000,0.17190000,0.18470000,5339343.00000000,BEAMUSDT
2022-08-26 11:00:00,0.18510000,0.20980000,0.17770000,0.18370000,11565990.00000000,BEAMUSDT
2022-08-26 11:15:00,0.18310000,0.18600000,0.17640000,0.18600000,2076777.00000000,BEAMUSDT
2022-08-26 11:30:00,0.18600000,0.18650000,0.17750000,0.17820000,984920.00000000,BEAMUSDT
2022-08-26 11:45:00,0.17850000,0.19920000,0.17720000,0.18790000,4430736.00000000,BEAMUSDT
2022-08-26 12:00:00,0.18770000,0.19880000,0.18300000,0.18530000,3319754.00000000,BEAMUSDT
2022-08-26 12:15:00,0.18460000,0.19560000,0.18450000,0.19270000,1671648.00000000,BEAMUSDT
2022-08-26 12:30:00,0.19270000,0.19700000,0.18570000,0.18750000,1599247.00000000,BEAMUSDT
2022-08-26 12:45:00,0.18790000,0.18960000,0.18310000,0.18480000,1494016.00000000,BEAMUSDT
2022-08-26 13:00:00,0.18480000,0.18630000,0.18030000,0.18100000,770242.00000000,BEAMUSDT
2022-08-26 13:15:00,0.18130000,0.18270000,0.18000000,0.18020000,580926.00000000,BEAMUSDT
2022-08-26 13:30:00,0.18080000,0.18310000,0.17780000,0.18210000,607181.00000000,BEAMUSDT
2022-08-26 13:45:00,0.18210000,0.18320000,0.17870000,0.18110000,361803.00000000,BEAMUSDT
2022-08-26 14:00:00,0.18110000,0.18190000,0.17670000,0.17840000,437069.00000000,BEAMUSDT
2022-08-26 14:15:00,0.17870000,0.17900000,0.17660000,0.17760000,254341.00000000,BEAMUSDT
2022-08-26 14:30:00,0.17760000,0.17790000,0.17600000,0.17730000,343701.00000000,BEAMUSDT
2022-08-26 14:45:00,0.17750000,0.17910000,0.17670000,0.17680000,247705.00000000,BEAMUSDT
2022-08-26 15:00:00,0.17680000,0.17680000,0.17130000,0.17160000,478199.00000000,BEAMUSDT
2022-08-26 15:15:00,0.17180000,0.17350000,0.16800000,0.17230000,428979.00000000,BEAMUSDT
2022-08-26 15:30:00,0.17230000,0.17340000,0.17100000,0.17130000,92345.00000000,BEAMUSDT
2022-08-26 15:45:00,0.17140000,0.17540000,0.17130000,0.17450000,134540.00000000,BEAMUSDT
2022-08-26 16:00:00,0.17420000,0.17620000,0.17370000,0.17620000,203118.00000000,BEAMUSDT
2022-08-26 16:15:00,0.17630000,0.17640000,0.16910000,0.17070000,524348.00000000,BEAMUSDT
2022-08-26 16:30:00,0.17080000,0.18170000,0.17070000,0.17610000,1604733.00000000,BEAMUSDT
2022-08-26 16:45:00,0.17570000,0.18480000,0.17370000,0.18100000,1195808.00000000,BEAMUSDT
2022-08-26 17:00:00,0.18100000,0.19400000,0.17920000,0.18910000,4697188.00000000,BEAMUSDT
2022-08-26 17:15:00,0.18970000,0.19990000,0.17700000,0.17820000,5749694.00000000,BEAMUSDT
2022-08-26 17:30:00,0.17810000,0.18190000,0.17710000,0.18130000,648737.00000000,BEAMUSDT
2022-08-26 17:45:00,0.18150000,0.18150000,0.17750000,0.17930000,264710.00000000,BEAMUSDT
2022-08-26 18:00:00,0.17910000,0.17910000,0.17370000,0.17600000,585001.00000000,BEAMUSDT
2022-08-26 18:15:00,0.17620000,0.17930000,0.17450000,0.17880000,392953.00000000,BEAMUSDT
2022-08-26 18:30:00,0.17900000,0.18180000,0.17760000,0.17870000,665165.00000000,BEAMUSDT
2022-08-26 18:45:00,0.17840000,0.17870000,0.17490000,0.17680000,366012.00000000,BEAMUSDT
2022-08-26 19:00:00,0.17660000,0.17760000,0.17300000,0.17700000,459832.00000000,BEAMUSDT
2022-08-26 19:15:00,0.17700000,0.17900000,0.17320000,0.17490000,275148.00000000,BEAMUSDT
2022-08-26 19:30:00,0.17480000,0.17580000,0.17130000,0.17190000,429179.00000000,BEAMUSDT
2022-08-26 19:45:00,0.17200000,0.17270000,0.17040000,0.17090000,263128.00000000,BEAMUSDT
2022-08-26 20:00:00,0.17140000,0.17340000,0.17010000,0.17320000,182879.00000000,BEAMUSDT
2022-08-26 20:15:00,0.17340000,0.17550000,0.17200000,0.17450000,200160.00000000,BEAMUSDT
2022-08-26 20:30:00,0.17420000,0.17580000,0.17200000,0.17200000,192194.00000000,BEAMUSDT
2022-08-26 20:45:00,0.17310000,0.17350000,0.17260000,0.17260000,21683.00000000,BEAMUSDT
2022-08-26 21:00:00,0.17260000,0.17430000,0.17200000,0.17430000,110905.00000000,BEAMUSDT
2022-08-26 21:15:00,0.17440000,0.17530000,0.17230000,0.17240000,155659.00000000,BEAMUSDT
2022-08-26 21:30:00,0.17240000,0.17460000,0.17240000,0.17430000,89368.00000000,BEAMUSDT
2022-08-26 21:45:00,0.17430000,0.17510000,0.17240000,0.17380000,76799.00000000,BEAMUSDT
2022-08-26 22:00:00,0.17330000,0.17460000,0.17220000,0.17290000,47882.00000000,BEAMUSDT
2022-08-26 22:15:00,0.17290000,0.17550000,0.17290000,0.17360000,125112.00000000,BEAMUSDT
2022-08-26 22:30:00,0.17370000,0.17570000,0.17370000,0.17530000,144463.00000000,BEAMUSDT
2022-08-26 22:45:00,0.17530000,0.18000000,0.17480000,0.17780000,450497.00000000,BEAMUSDT
2022-08-26 23:00:00,0.17760000,0.18020000,0.17330000,0.17410000,372546.00000000,BEAMUSDT
2022-08-26 23:15:00,0.17420000,0.17530000,0.17100000,0.17440000,207283.00000000,BEAMUSDT
2022-08-26 23:30:00,0.17430000,0.17710000,0.17270000,0.17660000,264037.00000000,BEAMUSDT
2022-08-26 23:45:00,0.17670000,0.17670000,0.17290000,0.17370000,164143.00000000,BEAMUSDT
2022-08-27 00:00:00,0.17370000,0.17830000,0.17200000,0.17760000,580162.00000000,BEAMUSDT
2022-08-27 00:15:00,0.17750000,0.17880000,0.17670000,0.17760000,332519.00000000,BEAMUSDT
2022-08-27 00:30:00,0.17810000,0.18410000,0.17800000,0.17870000,775740.00000000,BEAMUSDT
2022-08-27 00:45:00,0.17880000,0.18350000,0.17860000,0.18280000,340869.00000000,BEAMUSDT
2022-08-27 01:00:00,0.18270000,0.18290000,0.17950000,0.18230000,338209.00000000,BEAMUSDT
2022-08-27 01:15:00,0.18240000,0.18260000,0.17800000,0.17970000,154893.00000000,BEAMUSDT
2022-08-27 01:30:00,0.17970000,0.18210000,0.17900000,0.17940000,173106.00000000,BEAMUSDT
2022-08-27 01:45:00,0.17960000,0.18220000,0.17960000,0.18130000,133896.00000000,BEAMUSDT
2022-08-27 02:00:00,0.18080000,0.18130000,0.17870000,0.17910000,201194.00000000,BEAMUSDT
2022-08-27 02:15:00,0.17910000,0.17940000,0.17740000,0.17750000,217677.00000000,BEAMUSDT
2022-08-27 02:30:00,0.17750000,0.18380000,0.17730000,0.18210000,388150.00000000,BEAMUSDT
2022-08-27 02:45:00,0.18210000,0.18570000,0.18150000,0.18180000,451911.00000000,BEAMUSDT
2022-08-27 03:00:00,0.18190000,0.18220000,0.17910000,0.17920000,264845.00000000,BEAMUSDT
2022-08-27 03:15:00,0.17950000,0.18080000,0.17850000,0.17960000,152239.00000000,BEAMUSDT
2022-08-27 03:30:00,0.17970000,0.18060000,0.17820000,0.17950000,144991.00000000,BEAMUSDT
2022-08-27 03:45:00,0.18020000,0.18260000,0.17930000,0.18060000,86029.00000000,BEAMUSDT
2022-08-27 04:00:00,0.18060000,0.18170000,0.17870000,0.17930000,74141.00000000,BEAMUSDT
2022-08-27 04:15:00,0.17910000,0.18310000,0.17840000,0.18290000,246242.00000000,BEAMUSDT
2022-08-27 04:30:00,0.18290000,0.18330000,0.18020000,0.18090000,129301.00000000,BEAMUSDT
2022-08-27 04:45:00,0.18080000,0.18080000,0.17820000,0.17840000,105921.00000000,BEAMUSDT
2022-08-27 05:00:00,0.17820000,0.17880000,0.17580000,0.17640000,223356.00000000,BEAMUSDT
2022-08-27 05:15:00,0.17600000,0.17830000,0.17550000,0.17750000,133337.00000000,BEAMUSDT
2022-08-27 05:30:00,0.17730000,0.17730000,0.17150000,0.17180000,373785.00000000,BEAMUSDT
2022-08-27 05:45:00,0.17190000,0.17340000,0.17180000,0.17320000,110000.00000000,BEAMUSDT
2022-08-27 06:00:00,0.17300000,0.17550000,0.17280000,0.17510000,135475.00000000,BEAMUSDT
2022-08-27 06:15:00,0.17530000,0.17650000,0.17530000,0.17620000,88227.00000000,BEAMUSDT
2022-08-27 06:30:00,0.17620000,0.18880000,0.17550000,0.18880000,1093807.00000000,BEAMUSDT
2022-08-27 06:45:00,0.18880000,0.19000000,0.18090000,0.18620000,1492972.00000000,BEAMUSDT
2022-08-27 07:00:00,0.18620000,0.18750000,0.18030000,0.18270000,625496.00000000,BEAMUSDT
2022-08-27 07:15:00,0.18280000,0.18490000,0.18100000,0.18150000,386202.00000000,BEAMUSDT
2022-08-27 07:30:00,0.18160000,0.18380000,0.18000000,0.18130000,322941.00000000,BEAMUSDT
2022-08-27 07:45:00,0.18150000,0.18160000,0.18010000,0.18050000,191940.00000000,BEAMUSDT
2022-08-27 08:00:00,0.18070000,0.18280000,0.17830000,0.17860000,385179.00000000,BEAMUSDT
2022-08-27 08:15:00,0.17860000,0.17930000,0.17800000,0.17830000,154367.00000000,BEAMUSDT
2022-08-27 08:30:00,0.17830000,0.18230000,0.17660000,0.18210000,427728.00000000,BEAMUSDT
2022-08-27 08:45:00,0.18210000,0.18270000,0.17660000,0.17980000,374325.00000000,BEAMUSDT
2022-08-27 09:00:00,0.17970000,0.17970000,0.17740000,0.17830000,160395.00000000,BEAMUSDT
2022-08-27 09:15:00,0.17810000,0.17900000,0.17530000,0.17600000,175370.00000000,BEAMUSDT
2022-08-27 09:30:00,0.17600000,0.17850000,0.17590000,0.17840000,61972.00000000,BEAMUSDT
2022-08-27 09:45:00,0.17830000,0.17830000,0.17580000,0.17630000,78599.00000000,BEAMUSDT
2022-08-27 10:00:00,0.17630000,0.18560000,0.17500000,0.18450000,1117000.00000000,BEAMUSDT
2022-08-27 10:15:00,0.18450000,0.19470000,0.18320000,0.19040000,3289878.00000000,BEAMUSDT
2022-08-27 10:30:00,0.19020000,0.19160000,0.18110000,0.18180000,1006696.00000000,BEAMUSDT
2022-08-27 10:45:00,0.18150000,0.18340000,0.17920000,0.18000000,588713.00000000,BEAMUSDT
2022-08-27 11:00:00,0.18000000,0.18110000,0.17850000,0.17850000,251229.00000000,BEAMUSDT
2022-08-27 11:15:00,0.17840000,0.18050000,0.17780000,0.18000000,211121.00000000,BEAMUSDT
2022-08-27 11:30:00,0.17990000,0.18310000,0.17800000,0.18200000,484039.00000000,BEAMUSDT
2022-08-27 11:45:00,0.18200000,0.18390000,0.18020000,0.18050000,301444.00000000,BEAMUSDT
2022-08-27 12:00:00,0.18020000,0.18070000,0.17860000,0.17880000,220105.00000000,BEAMUSDT
2022-08-27 12:15:00,0.17880000,0.18190000,0.17880000,0.18070000,137287.00000000,BEAMUSDT
2022-08-27 12:30:00,0.18060000,0.18120000,0.17860000,0.17860000,130868.00000000,BEAMUSDT
2022-08-27 12:45:00,0.17860000,0.17890000,0.17620000,0.17750000,199020.00000000,BEAMUSDT
2022-08-27 13:00:00,0.17740000,0.17830000,0.17550000,0.17630000,196038.00000000,BEAMUSDT
2022-08-27 13:15:00,0.17600000,0.17620000,0.17450000,0.17570000,295063.00000000,BEAMUSDT
2022-08-27 13:30:00,0.17550000,0.17860000,0.17490000,0.17710000,85303.00000000,BEAMUSDT
2022-08-27 13:45:00,0.17720000,0.17840000,0.17680000,0.17810000,60393.00000000,BEAMUSDT
2022-08-27 14:00:00,0.17810000,0.17840000,0.17730000,0.17820000,29626.00000000,BEAMUSDT
2022-08-27 14:15:00,0.17800000,0.18020000,0.17780000,0.18020000,173541.00000000,BEAMUSDT
2022-08-27 14:30:00,0.18030000,0.18200000,0.17800000,0.17820000,284604.00000000,BEAMUSDT
2022-08-27 14:45:00,0.17810000,0.18040000,0.17760000,0.17840000,473233.00000000,BEAMUSDT
2022-08-27 15:00:00,0.17880000,0.18010000,0.17510000,0.17850000,565694.00000000,BEAMUSDT
2022-08-27 15:15:00,0.17850000,0.18150000,0.17800000,0.18100000,478147.00000000,BEAMUSDT
2022-08-27 15:30:00,0.18090000,0.18090000,0.17600000,0.17800000,278360.00000000,BEAMUSDT
2022-08-27 15:45:00,0.17800000,0.18120000,0.17800000,0.18080000,136466.00000000,BEAMUSDT
2022-08-27 16:00:00,0.18110000,0.18350000,0.17810000,0.17920000,522487.00000000,BEAMUSDT
2022-08-27 16:15:00,0.17890000,0.18230000,0.17570000,0.17770000,495579.00000000,BEAMUSDT
2022-08-27 16:30:00,0.17770000,0.17820000,0.17720000,0.17760000,77415.00000000,BEAMUSDT
2022-08-27 16:45:00,0.17800000,0.17840000,0.17790000,0.17800000,45906.00000000,BEAMUSDT
2022-08-27 17:00:00,0.17790000,0.17790000,0.17530000,0.17640000,269889.00000000,BEAMUSDT
2022-08-27 17:15:00,0.17640000,0.17710000,0.17630000,0.17630000,102917.00000000,BEAMUSDT
2022-08-27 17:30:00,0.17630000,0.17770000,0.17600000,0.17650000,102654.00000000,BEAMUSDT
2022-08-27 17:45:00,0.17670000,0.17670000,0.17270000,0.17290000,286112.00000000,BEAMUSDT
2022-08-27 18:00:00,0.17290000,0.17410000,0.17270000,0.17360000,107785.00000000,BEAMUSDT
2022-08-27 18:15:00,0.17360000,0.17410000,0.17350000,0.17390000,41587.00000000,BEAMUSDT
2022-08-27 18:30:00,0.17380000,0.17530000,0.17350000,0.17470000,78361.00000000,BEAMUSDT
2022-08-27 18:45:00,0.17430000,0.17540000,0.17430000,0.17440000,48180.00000000,BEAMUSDT
2022-08-27 19:00:00,0.17440000,0.17520000,0.17410000,0.17450000,40118.00000000,BEAMUSDT
2022-08-27 19:15:00,0.17470000,0.17540000,0.17470000,0.17500000,39666.00000000,BEAMUSDT
2022-08-27 19:30:00,0.17480000,0.17500000,0.17400000,0.17410000,45227.00000000,BEAMUSDT
2022-08-27 19:45:00,0.17420000,0.17470000,0.17410000,0.17450000,16492.00000000,BEAMUSDT
2022-08-27 20:00:00,0.17440000,0.17470000,0.17440000,0.17450000,5353.00000000,BEAMUSDT
2022-08-27 20:15:00,0.17470000,0.17470000,0.17410000,0.17410000,68706.00000000,BEAMUSDT
2022-08-27 20:30:00,0.17410000,0.17420000,0.16940000,0.16970000,569049.00000000,BEAMUSDT
2022-08-27 20:45:00,0.16970000,0.17190000,0.16950000,0.17190000,85544.00000000,BEAMUSDT
2022-08-27 21:00:00,0.17150000,0.17250000,0.17140000,0.17250000,78076.00000000,BEAMUSDT
2022-08-27 21:15:00,0.17200000,0.17200000,0.17040000,0.17050000,31964.00000000,BEAMUSDT
2022-08-27 21:30:00,0.17050000,0.17050000,0.16790000,0.16820000,153525.00000000,BEAMUSDT
2022-08-27 21:45:00,0.16880000,0.16910000,0.16750000,0.16750000,24302.00000000,BEAMUSDT
2022-08-27 22:00:00,0.16780000,0.16840000,0.16720000,0.16760000,46894.00000000,BEAMUSDT
2022-08-27 22:15:00,0.16760000,0.16780000,0.16630000,0.16700000,92997.00000000,BEAMUSDT
2022-08-27 22:30:00,0.16680000,0.16860000,0.16410000,0.16800000,276417.00000000,BEAMUSDT
2022-08-27 22:45:00,0.16800000,0.16990000,0.16800000,0.16840000,53638.00000000,BEAMUSDT
2022-08-27 23:00:00,0.16810000,0.16810000,0.16680000,0.16710000,61176.00000000,BEAMUSDT
2022-08-27 23:15:00,0.16710000,0.16750000,0.16670000,0.16690000,29022.00000000,BEAMUSDT
2022-08-27 23:30:00,0.16750000,0.16890000,0.16700000,0.16810000,182644.00000000,BEAMUSDT
2022-08-27 23:45:00,0.16830000,0.16970000,0.16780000,0.16780000,71953.00000000,BEAMUSDT
2022-08-28 00:00:00,0.16780000,0.16980000,0.16770000,0.16920000,56630.00000000,BEAMUSDT
2022-08-28 00:15:00,0.16910000,0.16940000,0.16850000,0.16850000,33251.00000000,BEAMUSDT
2022-08-28 00:30:00,0.16860000,0.16860000,0.16790000,0.16820000,26965.00000000,BEAMUSDT
2022-08-28 00:45:00,0.16790000,0.16830000,0.16730000,0.16760000,25707.00000000,BEAMUSDT
2022-08-28 01:00:00,0.16770000,0.16830000,0.16770000,0.16830000,19984.00000000,BEAMUSDT
2022-08-28 01:15:00,0.16850000,0.16910000,0.16850000,0.16850000,20493.00000000,BEAMUSDT
2022-08-28 01:30:00,0.16840000,0.16860000,0.16540000,0.16630000,268691.00000000,BEAMUSDT
2022-08-28 01:45:00,0.16630000,0.16800000,0.16580000,0.16750000,180607.00000000,BEAMUSDT
2022-08-28 02:00:00,0.16720000,0.16730000,0.16630000,0.16730000,25547.00000000,BEAMUSDT
2022-08-28 02:15:00,0.16720000,0.16770000,0.16700000,0.16710000,47389.00000000,BEAMUSDT
2022-08-28 02:30:00,0.16710000,0.16790000,0.16640000,0.16640000,100191.00000000,BEAMUSDT
2022-08-28 02:45:00,0.16640000,0.16660000,0.16540000,0.16560000,119456.00000000,BEAMUSDT
2022-08-28 03:00:00,0.16580000,0.16640000,0.16550000,0.16640000,28607.00000000,BEAMUSDT
2022-08-28 03:15:00,0.16640000,0.16660000,0.16540000,0.16570000,25911.00000000,BEAMUSDT
2022-08-28 03:30:00,0.16550000,0.16670000,0.16550000,0.16610000,45462.00000000,BEAMUSDT
2022-08-28 03:45:00,0.16610000,0.16680000,0.16560000,0.16590000,66196.00000000,BEAMUSDT
2022-08-28 04:00:00,0.16590000,0.16640000,0.16540000,0.16540000,50018.00000000,BEAMUSDT
2022-08-28 04:15:00,0.16570000,0.16570000,0.16380000,0.16420000,127879.00000000,BEAMUSDT
2022-08-28 04:30:00,0.16420000,0.16500000,0.16320000,0.16350000,78714.00000000,BEAMUSDT
2022-08-28 04:45:00,0.16390000,0.16440000,0.16300000,0.16360000,147185.00000000,BEAMUSDT
2022-08-28 05:00:00,0.16380000,0.16430000,0.16350000,0.16350000,80379.00000000,BEAMUSDT
2022-08-28 05:15:00,0.16380000,0.16400000,0.16280000,0.16290000,95217.00000000,BEAMUSDT
2022-08-28 05:30:00,0.16290000,0.16360000,0.16290000,0.16320000,66028.00000000,BEAMUSDT
2022-08-28 05:45:00,0.16330000,0.16400000,0.16250000,0.16400000,39764.00000000,BEAMUSDT
2022-08-28 06:00:00,0.16400000,0.16510000,0.16380000,0.16470000,65697.00000000,BEAMUSDT
2022-08-28 06:15:00,0.16480000,0.16490000,0.16450000,0.16480000,16471.00000000,BEAMUSDT
2022-08-28 06:30:00,0.16460000,0.16470000,0.16400000,0.16430000,36731.00000000,BEAMUSDT
2022-08-28 06:45:00,0.16430000,0.16470000,0.16430000,0.16450000,27031.00000000,BEAMUSDT
2022-08-28 07:00:00,0.16450000,0.16500000,0.16410000,0.16430000,41640.00000000,BEAMUSDT
2022-08-28 07:15:00,0.16440000,0.16480000,0.16390000,0.16470000,74450.00000000,BEAMUSDT
2022-08-28 07:30:00,0.16470000,0.16470000,0.16450000,0.16450000,7517.00000000,BEAMUSDT
2022-08-28 07:45:00,0.16470000,0.16500000,0.16460000,0.16470000,56496.00000000,BEAMUSDT
2022-08-28 08:00:00,0.16470000,0.16610000,0.16450000,0.16610000,151835.00000000,BEAMUSDT
2022-08-28 08:15:00,0.16580000,0.16650000,0.16570000,0.16610000,42089.00000000,BEAMUSDT
2022-08-28 08:30:00,0.16610000,0.16610000,0.16530000,0.16570000,28140.00000000,BEAMUSDT
2022-08-28 08:45:00,0.16580000,0.16580000,0.16440000,0.16490000,116895.00000000,BEAMUSDT
2022-08-28 09:00:00,0.16510000,0.16620000,0.16510000,0.16610000,95924.00000000,BEAMUSDT
2022-08-28 09:15:00,0.16600000,0.16600000,0.16570000,0.16570000,21270.00000000,BEAMUSDT
2022-08-28 09:30:00,0.16560000,0.16560000,0.16470000,0.16490000,41669.00000000,BEAMUSDT
2022-08-28 09:45:00,0.16490000,0.16510000,0.16450000,0.16500000,34565.00000000,BEAMUSDT
2022-08-28 10:00:00,0.16490000,0.16490000,0.16410000,0.16410000,43707.00000000,BEAMUSDT
2022-08-28 10:15:00,0.16410000,0.16430000,0.16250000,0.16330000,185402.00000000,BEAMUSDT
2022-08-28 10:30:00,0.16330000,0.16480000,0.16280000,0.16320000,305214.00000000,BEAMUSDT
2022-08-28 10:45:00,0.16320000,0.16330000,0.16260000,0.16280000,50746.00000000,BEAMUSDT
2022-08-28 11:00:00,0.16260000,0.16400000,0.16230000,0.16390000,108202.00000000,BEAMUSDT
2022-08-28 11:15:00,0.16370000,0.16390000,0.16320000,0.16320000,11266.00000000,BEAMUSDT
2022-08-28 11:30:00,0.16320000,0.16360000,0.16300000,0.16320000,30177.00000000,BEAMUSDT
2022-08-28 11:45:00,0.16340000,0.16390000,0.16320000,0.16350000,41615.00000000,BEAMUSDT
2022-08-28 12:00:00,0.16360000,0.16410000,0.16350000,0.16390000,53125.00000000,BEAMUSDT
2022-08-28 12:15:00,0.16370000,0.16370000,0.16350000,0.16350000,32512.00000000,BEAMUSDT
2022-08-28 12:30:00,0.16350000,0.16350000,0.16300000,0.16320000,12422.00000000,BEAMUSDT
2022-08-28 12:45:00,0.16330000,0.16330000,0.16210000,0.16230000,53000.00000000,BEAMUSDT
2022-08-28 13:00:00,0.16230000,0.16230000,0.16190000,0.16230000,56415.00000000,BEAMUSDT
2022-08-28 13:15:00,0.16200000,0.16280000,0.16200000,0.16280000,18695.00000000,BEAMUSDT
2022-08-28 13:30:00,0.16280000,0.16280000,0.16250000,0.16250000,11065.00000000,BEAMUSDT
2022-08-28 13:45:00,0.16260000,0.16340000,0.16250000,0.16330000,37975.00000000,BEAMUSDT
2022-08-28 14:00:00,0.16310000,0.16330000,0.16150000,0.16150000,143798.00000000,BEAMUSDT
2022-08-28 14:15:00,0.16150000,0.16170000,0.15830000,0.15930000,430172.00000000,BEAMUSDT
2022-08-28 14:30:00,0.15920000,0.16180000,0.15900000,0.16160000,93945.00000000,BEAMUSDT
2022-08-28 14:45:00,0.16180000,0.16190000,0.16070000,0.16070000,73162.00000000,BEAMUSDT
2022-08-28 15:00:00,0.16090000,0.16290000,0.16060000,0.16100000,237661.00000000,BEAMUSDT
2022-08-28 15:15:00,0.16110000,0.16200000,0.16110000,0.16190000,12064.00000000,BEAMUSDT
2022-08-28 15:30:00,0.16190000,0.16250000,0.16190000,0.16220000,11441.00000000,BEAMUSDT
2022-08-28 15:45:00,0.16220000,0.16290000,0.16170000,0.16270000,66752.00000000,BEAMUSDT
2022-08-28 16:00:00,0.16270000,0.16330000,0.16260000,0.16330000,26195.00000000,BEAMUSDT
2022-08-28 16:15:00,0.16330000,0.16410000,0.16300000,0.16370000,107286.00000000,BEAMUSDT
2022-08-28 16:30:00,0.16370000,0.16380000,0.16290000,0.16340000,56965.00000000,BEAMUSDT
2022-08-28 16:45:00,0.16340000,0.16340000,0.16260000,0.16280000,43159.00000000,BEAMUSDT
2022-08-28 17:00:00,0.16250000,0.16320000,0.16250000,0.16320000,47724.00000000,BEAMUSDT
2022-08-28 17:15:00,0.16320000,0.16330000,0.16250000,0.16310000,19201.00000000,BEAMUSDT
2022-08-28 17:30:00,0.16320000,0.16320000,0.16270000,0.16290000,14333.00000000,BEAMUSDT
2022-08-28 17:45:00,0.16270000,0.16380000,0.16260000,0.16360000,55049.00000000,BEAMUSDT
2022-08-28 18:00:00,0.16340000,0.16400000,0.16340000,0.16360000,10607.00000000,BEAMUSDT
2022-08-28 18:15:00,0.16370000,0.16460000,0.16360000,0.16400000,25267.00000000,BEAMUSDT
2022-08-28 18:30:00,0.16420000,0.16420000,0.16400000,0.16410000,4301.00000000,BEAMUSDT
2022-08-28 18:45:00,0.16420000,0.16430000,0.16310000,0.16320000,12198.00000000,BEAMUSDT
2022-08-28 19:00:00,0.16330000,0.16420000,0.16310000,0.16420000,14449.00000000,BEAMUSDT
2022-08-28 19:15:00,0.16420000,0.16430000,0.16360000,0.16360000,12832.00000000,BEAMUSDT
2022-08-28 19:30:00,0.16360000,0.16360000,0.16310000,0.16330000,28869.00000000,BEAMUSDT
2022-08-28 19:45:00,0.16350000,0.16360000,0.16320000,0.16320000,2472.00000000,BEAMUSDT
2022-08-28 20:00:00,0.16320000,0.16390000,0.16320000,0.16390000,2965.00000000,BEAMUSDT
2022-08-28 20:15:00,0.16380000,0.16400000,0.16340000,0.16360000,5071.00000000,BEAMUSDT
2022-08-28 20:30:00,0.16360000,0.16480000,0.16360000,0.16440000,21181.00000000,BEAMUSDT
2022-08-28 20:45:00,0.16420000,0.16420000,0.16360000,0.16390000,6060.00000000,BEAMUSDT
2022-08-28 21:00:00,0.16370000,0.16410000,0.16350000,0.16380000,9845.00000000,BEAMUSDT
2022-08-28 21:15:00,0.16400000,0.16410000,0.16370000,0.16400000,6292.00000000,BEAMUSDT
2022-08-28 21:30:00,0.16370000,0.16380000,0.16340000,0.16340000,7414.00000000,BEAMUSDT
2022-08-28 21:45:00,0.16330000,0.16350000,0.16310000,0.16310000,7269.00000000,BEAMUSDT
2022-08-28 22:00:00,0.16300000,0.16320000,0.16220000,0.16310000,19552.00000000,BEAMUSDT
2022-08-28 22:15:00,0.16270000,0.16320000,0.16210000,0.16210000,11691.00000000,BEAMUSDT
2022-08-28 22:30:00,0.16250000,0.16250000,0.16170000,0.16180000,5001.00000000,BEAMUSDT
2022-08-28 22:45:00,0.16180000,0.16180000,0.16080000,0.16080000,57309.00000000,BEAMUSDT
2022-08-28 23:00:00,0.16080000,0.16080000,0.15980000,0.16030000,46838.00000000,BEAMUSDT
2022-08-28 23:15:00,0.16030000,0.16060000,0.15810000,0.15870000,59019.00000000,BEAMUSDT
2022-08-28 23:30:00,0.15880000,0.15880000,0.15760000,0.15760000,59985.00000000,BEAMUSDT
2022-08-28 23:45:00,0.15750000,0.15800000,0.15700000,0.15770000,70723.00000000,BEAMUSDT
2022-08-29 00:00:00,0.15770000,0.15830000,0.15700000,0.15720000,56025.00000000,BEAMUSDT
2022-08-29 00:15:00,0.15740000,0.15750000,0.15650000,0.15700000,79367.00000000,BEAMUSDT
2022-08-29 00:30:00,0.15730000,0.15800000,0.15730000,0.15780000,27203.00000000,BEAMUSDT
2022-08-29 00:45:00,0.15730000,0.15750000,0.15710000,0.15710000,1443.00000000,BEAMUSDT
2022-08-29 01:00:00,0.15710000,0.15720000,0.15650000,0.15690000,20188.00000000,BEAMUSDT
2022-08-29 01:15:00,0.15690000,0.15690000,0.15600000,0.15600000,8608.00000000,BEAMUSDT
2022-08-29 01:30:00,0.15610000,0.15610000,0.15530000,0.15550000,45993.00000000,BEAMUSDT
2022-08-29 01:45:00,0.15550000,0.15580000,0.15520000,0.15560000,26211.00000000,BEAMUSDT
2022-08-29 02:00:00,0.15550000,0.15560000,0.15490000,0.15530000,97572.00000000,BEAMUSDT
2022-08-29 02:15:00,0.15530000,0.15530000,0.15420000,0.15530000,106895.00000000,BEAMUSDT
2022-08-29 02:30:00,0.15530000,0.15530000,0.15510000,0.15520000,18446.00000000,BEAMUSDT
2022-08-29 02:45:00,0.15510000,0.15520000,0.15510000,0.15510000,9893.00000000,BEAMUSDT
2022-08-29 03:00:00,0.15520000,0.15520000,0.15500000,0.15500000,40323.00000000,BEAMUSDT
2022-08-29 03:15:00,0.15510000,0.15570000,0.15510000,0.15560000,10810.00000000,BEAMUSDT
2022-08-29 03:30:00,0.15560000,0.15650000,0.15560000,0.15620000,55870.00000000,BEAMUSDT
2022-08-29 03:45:00,0.15620000,0.15650000,0.15600000,0.15650000,51415.00000000,BEAMUSDT
2022-08-29 04:00:00,0.15660000,0.15690000,0.15650000,0.15680000,69532.00000000,BEAMUSDT
2022-08-29 04:15:00,0.15660000,0.15660000,0.15560000,0.15650000,73075.00000000,BEAMUSDT
2022-08-29 04:30:00,0.15630000,0.15630000,0.15570000,0.15610000,38690.00000000,BEAMUSDT
2022-08-29 04:45:00,0.15600000,0.15620000,0.15600000,0.15620000,9731.00000000,BEAMUSDT
2022-08-29 05:00:00,0.15600000,0.15610000,0.15580000,0.15600000,5920.00000000,BEAMUSDT
2022-08-29 05:15:00,0.15610000,0.15640000,0.15610000,0.15610000,14234.00000000,BEAMUSDT
2022-08-29 05:30:00,0.15620000,0.15630000,0.15500000,0.15520000,72418.00000000,BEAMUSDT
2022-08-29 05:45:00,0.15510000,0.15550000,0.15430000,0.15430000,55437.00000000,BEAMUSDT
2022-08-29 06:00:00,0.15430000,0.15500000,0.15410000,0.15490000,118624.00000000,BEAMUSDT
2022-08-29 06:15:00,0.15500000,0.15520000,0.15480000,0.15490000,5351.00000000,BEAMUSDT
2022-08-29 06:30:00,0.15480000,0.15550000,0.15390000,0.15540000,107897.00000000,BEAMUSDT
2022-08-29 06:45:00,0.15540000,0.15570000,0.15470000,0.15480000,39834.00000000,BEAMUSDT
2022-08-29 07:00:00,0.15470000,0.15550000,0.15470000,0.15500000,17092.00000000,BEAMUSDT
2022-08-29 07:15:00,0.15480000,0.15480000,0.15360000,0.15380000,32465.00000000,BEAMUSDT
2022-08-29 07:30:00,0.15410000,0.15500000,0.15400000,0.15480000,29571.00000000,BEAMUSDT
2022-08-29 07:45:00,0.15480000,0.15550000,0.15470000,0.15530000,34521.00000000,BEAMUSDT
2022-08-29 08:00:00,0.15540000,0.15540000,0.15490000,0.15500000,27714.00000000,BEAMUSDT
2022-08-29 08:15:00,0.15500000,0.15510000,0.15480000,0.15500000,8797.00000000,BEAMUSDT
2022-08-29 08:30:00,0.15490000,0.15490000,0.15370000,0.15410000,43274.00000000,BEAMUSDT
2022-08-29 08:45:00,0.15410000,0.15420000,0.15370000,0.15390000,14312.00000000,BEAMUSDT
2022-08-29 09:00:00,0.15390000,0.15480000,0.15370000,0.15440000,33410.00000000,BEAMUSDT
2022-08-29 09:15:00,0.15450000,0.15530000,0.15440000,0.15520000,11790.00000000,BEAMUSDT
2022-08-29 09:30:00,0.15540000,0.15610000,0.15490000,0.15570000,33734.00000000,BEAMUSDT
2022-08-29 09:45:00,0.15570000,0.15630000,0.15530000,0.15630000,46440.00000000,BEAMUSDT
2022-08-29 10:00:00,0.15590000,0.15600000,0.15550000,0.15550000,51758.00000000,BEAMUSDT
2022-08-29 10:15:00,0.15540000,0.15550000,0.15510000,0.15530000,21678.00000000,BEAMUSDT
2022-08-29 10:30:00,0.15510000,0.15780000,0.15500000,0.15620000,392314.00000000,BEAMUSDT
2022-08-29 10:45:00,0.15600000,0.15690000,0.15570000,0.15660000,66878.00000000,BEAMUSDT
2022-08-29 11:00:00,0.15680000,0.15700000,0.15660000,0.15660000,25357.00000000,BEAMUSDT
2022-08-29 11:15:00,0.15680000,0.15750000,0.15670000,0.15700000,30105.00000000,BEAMUSDT
2022-08-29 11:30:00,0.15690000,0.15790000,0.15660000,0.15770000,52454.00000000,BEAMUSDT
2022-08-29 11:45:00,0.15760000,0.15770000,0.15750000,0.15750000,5881.00000000,BEAMUSDT
2022-08-29 12:00:00,0.15750000,0.15770000,0.15690000,0.15720000,51418.00000000,BEAMUSDT
2022-08-29 12:15:00,0.15700000,0.15850000,0.15690000,0.15850000,31618.00000000,BEAMUSDT
2022-08-29 12:30:00,0.15850000,0.15970000,0.15850000,0.15880000,75510.00000000,BEAMUSDT
2022-08-29 12:45:00,0.15900000,0.15900000,0.15810000,0.15880000,61608.00000000,BEAMUSDT
2022-08-29 13:00:00,0.15880000,0.15990000,0.15850000,0.15890000,36233.00000000,BEAMUSDT
2022-08-29 13:15:00,0.15880000,0.15980000,0.15860000,0.15980000,23676.00000000,BEAMUSDT
2022-08-29 13:30:00,0.15950000,0.16060000,0.15950000,0.15990000,76102.00000000,BEAMUSDT
2022-08-29 13:45:00,0.16020000,0.16110000,0.16010000,0.16060000,95712.00000000,BEAMUSDT
2022-08-29 14:00:00,0.16050000,0.16150000,0.16000000,0.16130000,34094.00000000,BEAMUSDT
2022-08-29 14:15:00,0.16150000,0.16310000,0.16150000,0.16230000,300852.00000000,BEAMUSDT
2022-08-29 14:30:00,0.16230000,0.16350000,0.16180000,0.16190000,106362.00000000,BEAMUSDT
2022-08-29 14:45:00,0.16210000,0.16210000,0.16030000,0.16060000,86178.00000000,BEAMUSDT
2022-08-29 15:00:00,0.16070000,0.16150000,0.16070000,0.16110000,16651.00000000,BEAMUSDT
2022-08-29 15:15:00,0.16110000,0.16220000,0.16100000,0.16220000,28040.00000000,BEAMUSDT
2022-08-29 15:30:00,0.16220000,0.16230000,0.16110000,0.16140000,42504.00000000,BEAMUSDT
2022-08-29 15:45:00,0.16140000,0.16170000,0.16110000,0.16110000,14717.00000000,BEAMUSDT
2022-08-29 16:00:00,0.16160000,0.16380000,0.16160000,0.16300000,119086.00000000,BEAMUSDT
2022-08-29 16:15:00,0.16270000,0.16320000,0.16250000,0.16290000,22710.00000000,BEAMUSDT
2022-08-29 16:30:00,0.16320000,0.16330000,0.16280000,0.16310000,18408.00000000,BEAMUSDT
2022-08-29 16:45:00,0.16320000,0.16400000,0.16320000,0.16360000,24940.00000000,BEAMUSDT
2022-08-29 17:00:00,0.16350000,0.16410000,0.16340000,0.16340000,14385.00000000,BEAMUSDT
2022-08-29 17:15:00,0.16340000,0.16610000,0.16300000,0.16600000,389254.00000000,BEAMUSDT
2022-08-29 17:30:00,0.16590000,0.16840000,0.16420000,0.16590000,493243.00000000,BEAMUSDT
2022-08-29 17:45:00,0.16640000,0.16640000,0.16370000,0.16440000,172820.00000000,BEAMUSDT
2022-08-29 18:00:00,0.16440000,0.16470000,0.16340000,0.16350000,67561.00000000,BEAMUSDT
2022-08-29 18:15:00,0.16370000,0.16370000,0.16200000,0.16280000,138885.00000000,BEAMUSDT
2022-08-29 18:30:00,0.16250000,0.16290000,0.16100000,0.16200000,201094.00000000,BEAMUSDT
2022-08-29 18:45:00,0.16200000,0.16230000,0.16120000,0.16150000,50103.00000000,BEAMUSDT
2022-08-29 19:00:00,0.16150000,0.16380000,0.16150000,0.16350000,107912.00000000,BEAMUSDT
2022-08-29 19:15:00,0.16380000,0.16380000,0.16240000,0.16280000,58938.00000000,BEAMUSDT
2022-08-29 19:30:00,0.16250000,0.16310000,0.16240000,0.16270000,27617.00000000,BEAMUSDT
2022-08-29 19:45:00,0.16300000,0.16420000,0.16300000,0.16360000,32459.00000000,BEAMUSDT
2022-08-29 20:00:00,0.16340000,0.16400000,0.16310000,0.16390000,24823.00000000,BEAMUSDT
2022-08-29 20:15:00,0.16370000,0.16410000,0.16350000,0.16350000,3142.00000000,BEAMUSDT
2022-08-29 20:30:00,0.16390000,0.16410000,0.16350000,0.16390000,8498.00000000,BEAMUSDT
2022-08-29 20:45:00,0.16410000,0.16430000,0.16350000,0.16390000,15268.00000000,BEAMUSDT
2022-08-29 21:00:00,0.16370000,0.16410000,0.16370000,0.16410000,6364.00000000,BEAMUSDT
2022-08-29 21:15:00,0.16400000,0.16440000,0.16390000,0.16410000,6140.00000000,BEAMUSDT
2022-08-29 21:30:00,0.16410000,0.16410000,0.16390000,0.16390000,1069.00000000,BEAMUSDT
2022-08-29 21:45:00,0.16390000,0.16440000,0.16380000,0.16440000,8662.00000000,BEAMUSDT
2022-08-29 22:00:00,0.16440000,0.16460000,0.16390000,0.16390000,6500.00000000,BEAMUSDT
2022-08-29 22:15:00,0.16370000,0.16460000,0.16350000,0.16460000,5226.00000000,BEAMUSDT
2022-08-29 22:30:00,0.16410000,0.16480000,0.16410000,0.16430000,11275.00000000,BEAMUSDT
2022-08-29 22:45:00,0.16440000,0.16440000,0.16420000,0.16420000,3782.00000000,BEAMUSDT
2022-08-29 23:00:00,0.16440000,0.16440000,0.16400000,0.16430000,13165.00000000,BEAMUSDT
2022-08-29 23:15:00,0.16430000,0.16510000,0.16430000,0.16510000,10689.00000000,BEAMUSDT
2022-08-29 23:30:00,0.16520000,0.16590000,0.16520000,0.16580000,20373.00000000,BEAMUSDT
2022-08-29 23:45:00,0.16610000,0.16740000,0.16610000,0.16680000,143737.00000000,BEAMUSDT
2022-08-30 00:00:00,0.16680000,0.16730000,0.16620000,0.16640000,29630.00000000,BEAMUSDT
2022-08-30 00:15:00,0.16670000,0.16670000,0.16590000,0.16590000,4959.00000000,BEAMUSDT
2022-08-30 00:30:00,0.16590000,0.16630000,0.16580000,0.16600000,30098.00000000,BEAMUSDT
2022-08-30 00:45:00,0.16570000,0.16620000,0.16550000,0.16590000,15085.00000000,BEAMUSDT
2022-08-30 01:00:00,0.16590000,0.16710000,0.16590000,0.16690000,20210.00000000,BEAMUSDT
2022-08-30 01:15:00,0.16660000,0.16660000,0.16590000,0.16650000,33180.00000000,BEAMUSDT
2022-08-30 01:30:00,0.16590000,0.16590000,0.16480000,0.16490000,46056.00000000,BEAMUSDT
2022-08-30 01:45:00,0.16490000,0.16670000,0.16490000,0.16620000,41146.00000000,BEAMUSDT
2022-08-30 02:00:00,0.16610000,0.16690000,0.16610000,0.16630000,36557.00000000,BEAMUSDT
2022-08-30 02:15:00,0.16630000,0.16630000,0.16620000,0.16620000,2681.00000000,BEAMUSDT
2022-08-30 02:30:00,0.16640000,0.16700000,0.16610000,0.16700000,13831.00000000,BEAMUSDT
2022-08-30 02:45:00,0.16710000,0.16740000,0.16660000,0.16660000,22190.00000000,BEAMUSDT
2022-08-30 03:00:00,0.16660000,0.16670000,0.16590000,0.16640000,7216.00000000,BEAMUSDT
2022-08-30 03:15:00,0.16630000,0.16690000,0.16630000,0.16650000,2490.00000000,BEAMUSDT
2022-08-30 03:30:00,0.16670000,0.16710000,0.16630000,0.16670000,14319.00000000,BEAMUSDT
2022-08-30 03:45:00,0.16680000,0.16680000,0.16680000,0.16680000,304.00000000,BEAMUSDT
2022-08-30 04:00:00,0.16680000,0.16740000,0.16680000,0.16730000,6467.00000000,BEAMUSDT
2022-08-30 04:15:00,0.16730000,0.16880000,0.16680000,0.16820000,33019.00000000,BEAMUSDT
2022-08-30 04:30:00,0.16840000,0.16910000,0.16840000,0.16850000,25500.00000000,BEAMUSDT
2022-08-30 04:45:00,0.16850000,0.16860000,0.16780000,0.16800000,20007.00000000,BEAMUSDT
2022-08-30 05:00:00,0.16790000,0.16800000,0.16730000,0.16800000,41015.00000000,BEAMUSDT
2022-08-30 05:15:00,0.16780000,0.16800000,0.16730000,0.16760000,8381.00000000,BEAMUSDT
2022-08-30 05:30:00,0.16750000,0.16890000,0.16630000,0.16710000,192665.00000000,BEAMUSDT
2022-08-30 05:45:00,0.16720000,0.16780000,0.16710000,0.16770000,18678.00000000,BEAMUSDT
2022-08-30 06:00:00,0.16760000,0.16760000,0.16720000,0.16750000,15367.00000000,BEAMUSDT
2022-08-30 06:15:00,0.16750000,0.16750000,0.16690000,0.16720000,36982.00000000,BEAMUSDT
2022-08-30 06:30:00,0.16700000,0.16740000,0.16690000,0.16720000,38065.00000000,BEAMUSDT
2022-08-30 06:45:00,0.16720000,0.16770000,0.16710000,0.16720000,9088.00000000,BEAMUSDT
2022-08-30 07:00:00,0.16740000,0.16750000,0.16700000,0.16740000,5645.00000000,BEAMUSDT
2022-08-30 07:15:00,0.16790000,0.16840000,0.16750000,0.16820000,8939.00000000,BEAMUSDT
2022-08-30 07:30:00,0.16820000,0.16940000,0.16790000,0.16790000,44160.00000000,BEAMUSDT
2022-08-30 07:45:00,0.16830000,0.16840000,0.16780000,0.16780000,3398.00000000,BEAMUSDT
2022-08-30 08:00:00,0.16810000,0.16900000,0.16810000,0.16890000,8617.00000000,BEAMUSDT
2022-08-30 08:15:00,0.16860000,0.17220000,0.16860000,0.17000000,252985.00000000,BEAMUSDT
2022-08-30 08:30:00,0.17000000,0.17000000,0.16850000,0.16900000,73332.00000000,BEAMUSDT
2022-08-30 08:45:00,0.16870000,0.17180000,0.16870000,0.17140000,174365.00000000,BEAMUSDT
2022-08-30 09:00:00,0.17170000,0.17800000,0.16940000,0.16950000,2011265.00000000,BEAMUSDT
2022-08-30 09:15:00,0.16960000,0.16990000,0.16910000,0.16950000,129301.00000000,BEAMUSDT
2022-08-30 09:30:00,0.16940000,0.17010000,0.16940000,0.17000000,32232.00000000,BEAMUSDT
2022-08-30 09:45:00,0.16990000,0.17000000,0.16960000,0.16960000,125338.00000000,BEAMUSDT
2022-08-30 10:00:00,0.16970000,0.16990000,0.16930000,0.16940000,37202.00000000,BEAMUSDT
2022-08-30 10:15:00,0.16950000,0.16990000,0.16940000,0.16960000,42574.00000000,BEAMUSDT
2022-08-30 10:30:00,0.16970000,0.16980000,0.16930000,0.16940000,14218.00000000,BEAMUSDT
2022-08-30 10:45:00,0.16950000,0.16950000,0.16860000,0.16870000,89631.00000000,BEAMUSDT
2022-08-30 11:00:00,0.16890000,0.16920000,0.16830000,0.16890000,32656.00000000,BEAMUSDT
2022-08-30 11:15:00,0.16900000,0.16910000,0.16830000,0.16860000,21040.00000000,BEAMUSDT
2022-08-30 11:30:00,0.16860000,0.16910000,0.16850000,0.16870000,20802.00000000,BEAMUSDT
2022-08-30 11:45:00,0.16870000,0.16870000,0.16830000,0.16830000,17760.00000000,BEAMUSDT
2022-08-30 12:00:00,0.16830000,0.16880000,0.16700000,0.16720000,128259.00000000,BEAMUSDT
2022-08-30 12:15:00,0.16720000,0.16740000,0.16610000,0.16630000,124491.00000000,BEAMUSDT
2022-08-30 12:30:00,0.16620000,0.16620000,0.16510000,0.16550000,71414.00000000,BEAMUSDT
2022-08-30 12:45:00,0.16540000,0.16540000,0.16390000,0.16430000,181695.00000000,BEAMUSDT
2022-08-30 13:00:00,0.16470000,0.16490000,0.16450000,0.16460000,11555.00000000,BEAMUSDT
2022-08-30 13:15:00,0.16460000,0.16540000,0.16460000,0.16540000,25940.00000000,BEAMUSDT
2022-08-30 13:30:00,0.16540000,0.16560000,0.16470000,0.16470000,30115.00000000,BEAMUSDT
2022-08-30 13:45:00,0.16490000,0.16540000,0.16440000,0.16440000,111688.00000000,BEAMUSDT
2022-08-30 14:00:00,0.16480000,0.16520000,0.16350000,0.16380000,64832.00000000,BEAMUSDT
2022-08-30 14:15:00,0.16370000,0.16380000,0.16270000,0.16320000,33173.00000000,BEAMUSDT
2022-08-30 14:30:00,0.16320000,0.16320000,0.16020000,0.16070000,109887.00000000,BEAMUSDT
2022-08-30 14:45:00,0.16060000,0.16060000,0.15850000,0.15890000,128212.00000000,BEAMUSDT
2022-08-30 15:00:00,0.15890000,0.16050000,0.15860000,0.15920000,127432.00000000,BEAMUSDT
2022-08-30 15:15:00,0.15920000,0.16110000,0.15920000,0.16070000,82975.00000000,BEAMUSDT
2022-08-30 15:30:00,0.16060000,0.16100000,0.15920000,0.15930000,112102.00000000,BEAMUSDT
2022-08-30 15:45:00,0.15940000,0.16030000,0.15920000,0.16000000,78364.00000000,BEAMUSDT
2022-08-30 16:00:00,0.16000000,0.16030000,0.15980000,0.16010000,33230.00000000,BEAMUSDT
2022-08-30 16:15:00,0.16050000,0.16090000,0.15980000,0.16010000,20621.00000000,BEAMUSDT
2022-08-30 16:30:00,0.16010000,0.16010000,0.15730000,0.15730000,81786.00000000,BEAMUSDT
2022-08-30 16:45:00,0.15760000,0.15810000,0.15700000,0.15760000,44619.00000000,BEAMUSDT
2022-08-30 17:00:00,0.15750000,0.15800000,0.15710000,0.15740000,20065.00000000,BEAMUSDT
2022-08-30 17:15:00,0.15740000,0.15760000,0.15720000,0.15760000,7975.00000000,BEAMUSDT
2022-08-30 17:30:00,0.15760000,0.15850000,0.15760000,0.15830000,20101.00000000,BEAMUSDT
2022-08-30 17:45:00,0.15830000,0.15930000,0.15820000,0.15930000,28594.00000000,BEAMUSDT
2022-08-30 18:00:00,0.15890000,0.16080000,0.15890000,0.16050000,60603.00000000,BEAMUSDT
2022-08-30 18:15:00,0.16080000,0.16290000,0.16070000,0.16220000,93927.00000000,BEAMUSDT
2022-08-30 18:30:00,0.16250000,0.16420000,0.16250000,0.16320000,66805.00000000,BEAMUSDT
2022-08-30 18:45:00,0.16330000,0.16330000,0.16030000,0.16120000,205451.00000000,BEAMUSDT
2022-08-30 19:00:00,0.16110000,0.16310000,0.16070000,0.16300000,92545.00000000,BEAMUSDT
2022-08-30 19:15:00,0.16310000,0.16340000,0.16190000,0.16200000,118471.00000000,BEAMUSDT
2022-08-30 19:30:00,0.16200000,0.16240000,0.16170000,0.16240000,12478.00000000,BEAMUSDT
2022-08-30 19:45:00,0.16190000,0.16230000,0.16150000,0.16150000,11335.00000000,BEAMUSDT
2022-08-30 20:00:00,0.16150000,0.16150000,0.16050000,0.16110000,14713.00000000,BEAMUSDT
2022-08-30 20:15:00,0.16110000,0.16180000,0.16110000,0.16180000,6488.00000000,BEAMUSDT
2022-08-30 20:30:00,0.16180000,0.16280000,0.16140000,0.16260000,44915.00000000,BEAMUSDT
2022-08-30 20:45:00,0.16250000,0.16300000,0.16230000,0.16250000,7823.00000000,BEAMUSDT
2022-08-30 21:00:00,0.16230000,0.16230000,0.16160000,0.16180000,12874.00000000,BEAMUSDT
2022-08-30 21:15:00,0.16180000,0.16180000,0.16150000,0.16150000,5459.00000000,BEAMUSDT
2022-08-30 21:30:00,0.16190000,0.16240000,0.16170000,0.16240000,7700.00000000,BEAMUSDT
2022-08-30 21:45:00,0.16240000,0.16260000,0.16080000,0.16100000,22415.00000000,BEAMUSDT
2022-08-30 22:00:00,0.16090000,0.16110000,0.16080000,0.16110000,4414.00000000,BEAMUSDT
2022-08-30 22:15:00,0.16080000,0.16080000,0.16070000,0.16070000,9337.00000000,BEAMUSDT
2022-08-30 22:30:00,0.16110000,0.16170000,0.16110000,0.16170000,15507.00000000,BEAMUSDT
2022-08-30 22:45:00,0.16160000,0.16330000,0.16140000,0.16280000,35168.00000000,BEAMUSDT
2022-08-30 23:00:00,0.16250000,0.16270000,0.16180000,0.16180000,18645.00000000,BEAMUSDT
2022-08-30 23:15:00,0.16160000,0.16160000,0.16120000,0.16120000,7555.00000000,BEAMUSDT
2022-08-30 23:30:00,0.16120000,0.16120000,0.16120000,0.16120000,0.00000000,BEAMUSDT
2022-08-30 23:45:00,0.16130000,0.16170000,0.16080000,0.16130000,42129.00000000,BEAMUSDT
2022-08-31 00:00:00,0.16130000,0.16300000,0.16130000,0.16260000,8938.00000000,BEAMUSDT
2022-08-31 00:15:00,0.16260000,0.16330000,0.16260000,0.16330000,7419.00000000,BEAMUSDT
2022-08-31 00:30:00,0.16340000,0.16350000,0.16330000,0.16350000,8042.00000000,BEAMUSDT
2022-08-31 00:45:00,0.16350000,0.16400000,0.16310000,0.16370000,13941.00000000,BEAMUSDT
2022-08-31 01:00:00,0.16390000,0.16490000,0.16380000,0.16430000,17937.00000000,BEAMUSDT
2022-08-31 01:15:00,0.16460000,0.16500000,0.16420000,0.16420000,18758.00000000,BEAMUSDT
2022-08-31 01:30:00,0.16480000,0.16560000,0.16480000,0.16530000,16169.00000000,BEAMUSDT
2022-08-31 01:45:00,0.16530000,0.16530000,0.16500000,0.16520000,4583.00000000,BEAMUSDT
2022-08-31 02:00:00,0.16510000,0.16530000,0.16510000,0.16530000,2008.00000000,BEAMUSDT
2022-08-31 02:15:00,0.16480000,0.16640000,0.16480000,0.16620000,29753.00000000,BEAMUSDT
2022-08-31 02:30:00,0.16640000,0.16700000,0.16600000,0.16650000,53600.00000000,BEAMUSDT
2022-08-31 02:45:00,0.16680000,0.16710000,0.16660000,0.16660000,7147.00000000,BEAMUSDT
2022-08-31 03:00:00,0.16620000,0.16630000,0.16570000,0.16630000,10413.00000000,BEAMUSDT
2022-08-31 03:15:00,0.16620000,0.16710000,0.16580000,0.16700000,9666.00000000,BEAMUSDT
2022-08-31 03:30:00,0.16690000,0.16690000,0.16670000,0.16670000,2697.00000000,BEAMUSDT
2022-08-31 03:45:00,0.16640000,0.16640000,0.16580000,0.16580000,3764.00000000,BEAMUSDT
2022-08-31 04:00:00,0.16610000,0.16610000,0.16600000,0.16600000,766.00000000,BEAMUSDT
2022-08-31 04:15:00,0.16570000,0.16650000,0.16570000,0.16620000,24492.00000000,BEAMUSDT
2022-08-31 04:30:00,0.16610000,0.16690000,0.16600000,0.16610000,37183.00000000,BEAMUSDT
2022-08-31 04:45:00,0.16580000,0.16710000,0.16580000,0.16710000,10114.00000000,BEAMUSDT
2022-08-31 05:00:00,0.16640000,0.16690000,0.16430000,0.16600000,107357.00000000,BEAMUSDT
2022-08-31 05:15:00,0.16570000,0.16590000,0.16570000,0.16580000,6765.00000000,BEAMUSDT
2022-08-31 05:30:00,0.16610000,0.16650000,0.16610000,0.16610000,11698.00000000,BEAMUSDT
2022-08-31 05:45:00,0.16630000,0.16630000,0.16590000,0.16610000,3190.00000000,BEAMUSDT
2022-08-31 06:00:00,0.16650000,0.16690000,0.16650000,0.16690000,6874.00000000,BEAMUSDT
2022-08-31 06:15:00,0.16660000,0.16660000,0.16580000,0.16600000,15008.00000000,BEAMUSDT
2022-08-31 06:30:00,0.16570000,0.16570000,0.16520000,0.16530000,42999.00000000,BEAMUSDT
2022-08-31 06:45:00,0.16530000,0.16560000,0.16420000,0.16420000,181272.00000000,BEAMUSDT
2022-08-31 07:00:00,0.16440000,0.16470000,0.16410000,0.16450000,60997.00000000,BEAMUSDT
2022-08-31 07:15:00,0.16440000,0.16440000,0.16410000,0.16410000,9203.00000000,BEAMUSDT
2022-08-31 07:30:00,0.16440000,0.16460000,0.16420000,0.16430000,2925.00000000,BEAMUSDT
2022-08-31 07:45:00,0.16470000,0.16490000,0.16370000,0.16390000,153005.00000000,BEAMUSDT
2022-08-31 08:00:00,0.16390000,0.16390000,0.16320000,0.16380000,67338.00000000,BEAMUSDT
2022-08-31 08:15:00,0.16380000,0.16380000,0.16100000,0.16150000,95955.00000000,BEAMUSDT
2022-08-31 08:30:00,0.16120000,0.16240000,0.16030000,0.16240000,135264.00000000,BEAMUSDT
2022-08-31 08:45:00,0.16230000,0.16280000,0.16200000,0.16200000,12760.00000000,BEAMUSDT
2022-08-31 09:00:00,0.16200000,0.16220000,0.16080000,0.16170000,49441.00000000,BEAMUSDT
2022-08-31 09:15:00,0.16190000,0.16200000,0.16120000,0.16140000,11616.00000000,BEAMUSDT
2022-08-31 09:30:00,0.16150000,0.16180000,0.16140000,0.16180000,4739.00000000,BEAMUSDT
2022-08-31 09:45:00,0.16180000,0.16380000,0.16180000,0.16250000,126979.00000000,BEAMUSDT
2022-08-31 10:00:00,0.16280000,0.16300000,0.16250000,0.16300000,17386.00000000,BEAMUSDT
2022-08-31 10:15:00,0.16320000,0.16370000,0.16320000,0.16370000,14402.00000000,BEAMUSDT
2022-08-31 10:30:00,0.16360000,0.16520000,0.16360000,0.16500000,158754.00000000,BEAMUSDT
2022-08-31 10:45:00,0.16500000,0.16560000,0.16480000,0.16560000,22077.00000000,BEAMUSDT
2022-08-31 11:00:00,0.16540000,0.16610000,0.16470000,0.16470000,52347.00000000,BEAMUSDT
2022-08-31 11:15:00,0.16480000,0.16510000,0.16480000,0.16500000,4141.00000000,BEAMUSDT
2022-08-31 11:30:00,0.16510000,0.16510000,0.16470000,0.16470000,7646.00000000,BEAMUSDT
2022-08-31 11:45:00,0.16460000,0.16500000,0.16440000,0.16470000,11657.00000000,BEAMUSDT
2022-08-31 12:00:00,0.16510000,0.16530000,0.16490000,0.16490000,20161.00000000,BEAMUSDT
2022-08-31 12:15:00,0.16490000,0.16560000,0.16390000,0.16450000,97841.00000000,BEAMUSDT
2022-08-31 12:30:00,0.16480000,0.16520000,0.16440000,0.16450000,46483.00000000,BEAMUSDT
2022-08-31 12:45:00,0.16450000,0.16560000,0.16440000,0.16510000,27772.00000000,BEAMUSDT
2022-08-31 13:00:00,0.16500000,0.16580000,0.16500000,0.16550000,31958.00000000,BEAMUSDT
2022-08-31 13:15:00,0.16550000,0.16560000,0.16520000,0.16530000,13268.00000000,BEAMUSDT
2022-08-31 13:30:00,0.16530000,0.16550000,0.16460000,0.16550000,48465.00000000,BEAMUSDT
2022-08-31 13:45:00,0.16570000,0.16820000,0.16570000,0.16720000,306699.00000000,BEAMUSDT
2022-08-31 14:00:00,0.16690000,0.16720000,0.16640000,0.16680000,48436.00000000,BEAMUSDT
2022-08-31 14:15:00,0.16660000,0.16740000,0.16630000,0.16660000,97283.00000000,BEAMUSDT
2022-08-31 14:30:00,0.16640000,0.16640000,0.16480000,0.16580000,117671.00000000,BEAMUSDT
2022-08-31 14:45:00,0.16590000,0.16650000,0.16570000,0.16570000,14184.00000000,BEAMUSDT
2022-08-31 15:00:00,0.16560000,0.16560000,0.16330000,0.16430000,62581.00000000,BEAMUSDT
2022-08-31 15:15:00,0.16430000,0.16490000,0.16340000,0.16360000,90572.00000000,BEAMUSDT
2022-08-31 15:30:00,0.16360000,0.16500000,0.16350000,0.16460000,13542.00000000,BEAMUSDT
2022-08-31 15:45:00,0.16470000,0.16480000,0.16450000,0.16470000,3527.00000000,BEAMUSDT
2022-08-31 16:00:00,0.16470000,0.16520000,0.16400000,0.16410000,7665.00000000,BEAMUSDT
2022-08-31 16:15:00,0.16420000,0.16440000,0.16380000,0.16380000,81312.00000000,BEAMUSDT
2022-08-31 16:30:00,0.16390000,0.16410000,0.16350000,0.16370000,31251.00000000,BEAMUSDT
2022-08-31 16:45:00,0.16380000,0.16390000,0.16340000,0.16340000,16529.00000000,BEAMUSDT
2022-08-31 17:00:00,0.16370000,0.16470000,0.16360000,0.16470000,38107.00000000,BEAMUSDT
2022-08-31 17:15:00,0.16420000,0.16450000,0.16390000,0.16410000,11663.00000000,BEAMUSDT
2022-08-31 17:30:00,0.16410000,0.16410000,0.16190000,0.16220000,84641.00000000,BEAMUSDT
2022-08-31 17:45:00,0.16200000,0.16250000,0.16130000,0.16250000,22046.00000000,BEAMUSDT
2022-08-31 18:00:00,0.16260000,0.16340000,0.16250000,0.16280000,40576.00000000,BEAMUSDT
2022-08-31 18:15:00,0.16310000,0.16320000,0.16290000,0.16320000,11608.00000000,BEAMUSDT
2022-08-31 18:30:00,0.16320000,0.16320000,0.16280000,0.16320000,7129.00000000,BEAMUSDT
2022-08-31 18:45:00,0.16330000,0.16330000,0.16250000,0.16310000,52749.00000000,BEAMUSDT
2022-08-31 19:00:00,0.16300000,0.16440000,0.16300000,0.16410000,44509.00000000,BEAMUSDT
2022-08-31 19:15:00,0.16420000,0.16470000,0.16420000,0.16440000,5392.00000000,BEAMUSDT
2022-08-31 19:30:00,0.16440000,0.16500000,0.16440000,0.16500000,68434.00000000,BEAMUSDT
2022-08-31 19:45:00,0.16500000,0.16500000,0.16350000,0.16360000,76389.00000000,BEAMUSDT
2022-08-31 20:00:00,0.16370000,0.16370000,0.16260000,0.16260000,49272.00000000,BEAMUSDT
2022-08-31 20:15:00,0.16250000,0.16280000,0.16250000,0.16280000,5039.00000000,BEAMUSDT
2022-08-31 20:30:00,0.16300000,0.16300000,0.16250000,0.16250000,5000.00000000,BEAMUSDT
2022-08-31 20:45:00,0.16250000,0.16280000,0.16250000,0.16260000,12326.00000000,BEAMUSDT
2022-08-31 21:00:00,0.16270000,0.16300000,0.16250000,0.16290000,14760.00000000,BEAMUSDT
2022-08-31 21:15:00,0.16320000,0.16330000,0.16110000,0.16260000,106282.00000000,BEAMUSDT
2022-08-31 21:30:00,0.16260000,0.16270000,0.16220000,0.16240000,10663.00000000,BEAMUSDT
2022-08-31 21:45:00,0.16220000,0.16270000,0.16190000,0.16270000,17921.00000000,BEAMUSDT
2022-08-31 22:00:00,0.16260000,0.16260000,0.16210000,0.16210000,19982.00000000,BEAMUSDT
2022-08-31 22:15:00,0.16180000,0.16180000,0.16130000,0.16130000,4765.00000000,BEAMUSDT
2022-08-31 22:30:00,0.16120000,0.16120000,0.16050000,0.16050000,28548.00000000,BEAMUSDT
2022-08-31 22:45:00,0.16100000,0.16100000,0.16100000,0.16100000,3493.00000000,BEAMUSDT
2022-08-31 23:00:00,0.16100000,0.16100000,0.16010000,0.16010000,6567.00000000,BEAMUSDT
2022-08-31 23:15:00,0.16010000,0.16010000,0.15900000,0.15950000,64338.00000000,BEAMUSDT
2022-08-31 23:30:00,0.15930000,0.15930000,0.15810000,0.15860000,100547.00000000,BEAMUSDT
2022-08-31 23:45:00,0.15890000,0.15910000,0.15870000,0.15910000,8229.00000000,BEAMUSDT
2022-09-01 00:00:00,0.15910000,0.16040000,0.15910000,0.16030000,55815.00000000,BEAMUSDT
2022-09-01 00:15:00,0.16030000,0.16030000,0.16000000,0.16000000,2488.00000000,BEAMUSDT
2022-09-01 00:30:00,0.16000000,0.16000000,0.15790000,0.15880000,103948.00000000,BEAMUSDT
2022-09-01 00:45:00,0.15890000,0.16000000,0.15890000,0.15990000,34882.00000000,BEAMUSDT
2022-09-01 01:00:00,0.16000000,0.16040000,0.15990000,0.16000000,6729.00000000,BEAMUSDT
2022-09-01 01:15:00,0.16010000,0.16060000,0.16000000,0.16040000,22546.00000000,BEAMUSDT
2022-09-01 01:30:00,0.16040000,0.16230000,0.16040000,0.16210000,86160.00000000,BEAMUSDT
2022-09-01 01:45:00,0.16180000,0.16180000,0.16160000,0.16160000,1308.00000000,BEAMUSDT
2022-09-01 02:00:00,0.16160000,0.16240000,0.16150000,0.16210000,48840.00000000,BEAMUSDT
2022-09-01 02:15:00,0.16210000,0.16260000,0.16180000,0.16240000,73305.00000000,BEAMUSDT
2022-09-01 02:30:00,0.16260000,0.16480000,0.16260000,0.16410000,155531.00000000,BEAMUSDT
2022-09-01 02:45:00,0.16410000,0.16610000,0.16410000,0.16560000,361334.00000000,BEAMUSDT
2022-09-01 03:00:00,0.16540000,0.16540000,0.16440000,0.16520000,55572.00000000,BEAMUSDT
2022-09-01 03:15:00,0.16520000,0.16610000,0.16520000,0.16570000,73332.00000000,BEAMUSDT
2022-09-01 03:30:00,0.16570000,0.16660000,0.16560000,0.16650000,45344.00000000,BEAMUSDT
2022-09-01 03:45:00,0.16630000,0.16690000,0.16500000,0.16660000,112574.00000000,BEAMUSDT
2022-09-01 04:00:00,0.16630000,0.16650000,0.16570000,0.16580000,54509.00000000,BEAMUSDT
2022-09-01 04:15:00,0.16560000,0.16560000,0.16490000,0.16520000,33699.00000000,BEAMUSDT
2022-09-01 04:30:00,0.16520000,0.16600000,0.16510000,0.16590000,21428.00000000,BEAMUSDT
2022-09-01 04:45:00,0.16540000,0.16700000,0.16500000,0.16630000,169968.00000000,BEAMUSDT
2022-09-01 05:00:00,0.16650000,0.16700000,0.16650000,0.16690000,11625.00000000,BEAMUSDT
2022-09-01 05:15:00,0.16700000,0.17220000,0.16670000,0.17050000,637656.00000000,BEAMUSDT
2022-09-01 05:30:00,0.17060000,0.17070000,0.16580000,0.16750000,235131.00000000,BEAMUSDT
2022-09-01 05:45:00,0.16770000,0.17160000,0.16770000,0.17120000,250081.00000000,BEAMUSDT
2022-09-01 06:00:00,0.17140000,0.17500000,0.16550000,0.16610000,2454101.00000000,BEAMUSDT
2022-09-01 06:15:00,0.16610000,0.16740000,0.16450000,0.16660000,393862.00000000,BEAMUSDT
2022-09-01 06:30:00,0.16660000,0.17020000,0.16610000,0.16750000,583283.00000000,BEAMUSDT
2022-09-01 06:45:00,0.16700000,0.17020000,0.16510000,0.16660000,573129.00000000,BEAMUSDT
2022-09-01 07:00:00,0.16700000,0.16730000,0.16300000,0.16430000,456543.00000000,BEAMUSDT
2022-09-01 07:15:00,0.16450000,0.16450000,0.16300000,0.16340000,168629.00000000,BEAMUSDT
2022-09-01 07:30:00,0.16350000,0.16770000,0.16290000,0.16740000,500116.00000000,BEAMUSDT
2022-09-01 07:45:00,0.16760000,0.17180000,0.16760000,0.16850000,612143.00000000,BEAMUSDT
2022-09-01 08:00:00,0.16830000,0.17280000,0.16750000,0.17130000,369252.00000000,BEAMUSDT
2022-09-01 08:15:00,0.17150000,0.17260000,0.16820000,0.16830000,416666.00000000,BEAMUSDT
2022-09-01 08:30:00,0.16850000,0.16940000,0.16710000,0.16850000,221623.00000000,BEAMUSDT
2022-09-01 08:45:00,0.16850000,0.17140000,0.16850000,0.16950000,147693.00000000,BEAMUSDT
2022-09-01 09:00:00,0.16950000,0.17050000,0.16850000,0.16880000,238108.00000000,BEAMUSDT
2022-09-01 09:15:00,0.16890000,0.17260000,0.16880000,0.17230000,232553.00000000,BEAMUSDT
2022-09-01 09:30:00,0.17240000,0.17720000,0.17160000,0.17280000,1538853.00000000,BEAMUSDT
2022-09-01 09:45:00,0.17300000,0.17700000,0.16990000,0.17040000,1026994.00000000,BEAMUSDT
2022-09-01 10:00:00,0.17050000,0.17180000,0.16990000,0.17010000,138329.00000000,BEAMUSDT
2022-09-01 10:15:00,0.17010000,0.17020000,0.16930000,0.17020000,102701.00000000,BEAMUSDT
2022-09-01 10:30:00,0.17020000,0.17020000,0.16880000,0.16940000,227908.00000000,BEAMUSDT
2022-09-01 10:45:00,0.16930000,0.17100000,0.16930000,0.17080000,96754.00000000,BEAMUSDT
2022-09-01 11:00:00,0.17080000,0.17270000,0.16930000,0.16970000,260863.00000000,BEAMUSDT
2022-09-01 11:15:00,0.16940000,0.17200000,0.16900000,0.16940000,330073.00000000,BEAMUSDT
2022-09-01 11:30:00,0.16950000,0.17070000,0.16920000,0.17040000,55509.00000000,BEAMUSDT
2022-09-01 11:45:00,0.17050000,0.17210000,0.17010000,0.17080000,142362.00000000,BEAMUSDT
2022-09-01 12:00:00,0.17080000,0.17140000,0.16970000,0.17020000,88829.00000000,BEAMUSDT
2022-09-01 12:15:00,0.16980000,0.16980000,0.16840000,0.16920000,296821.00000000,BEAMUSDT
2022-09-01 12:30:00,0.16910000,0.16940000,0.16690000,0.16770000,243663.00000000,BEAMUSDT
2022-09-01 12:45:00,0.16800000,0.16840000,0.16760000,0.16800000,69157.00000000,BEAMUSDT
2022-09-01 13:00:00,0.16810000,0.16830000,0.16750000,0.16770000,39172.00000000,BEAMUSDT
2022-09-01 13:15:00,0.16750000,0.16800000,0.16750000,0.16750000,13592.00000000,BEAMUSDT
2022-09-01 13:30:00,0.16770000,0.16860000,0.16750000,0.16850000,30220.00000000,BEAMUSDT
2022-09-01 13:45:00,0.16890000,0.16950000,0.16850000,0.16950000,49105.00000000,BEAMUSDT
2022-09-01 14:00:00,0.16900000,0.17090000,0.16760000,0.16790000,173595.00000000,BEAMUSDT
2022-09-01 14:15:00,0.16800000,0.16860000,0.16700000,0.16810000,91685.00000000,BEAMUSDT
2022-09-01 14:30:00,0.16810000,0.16860000,0.16790000,0.16790000,47905.00000000,BEAMUSDT
2022-09-01 14:45:00,0.16780000,0.16780000,0.16280000,0.16440000,484101.00000000,BEAMUSDT
2022-09-01 15:00:00,0.16430000,0.16740000,0.16410000,0.16700000,167587.00000000,BEAMUSDT
2022-09-01 15:15:00,0.16710000,0.16730000,0.16670000,0.16670000,10401.00000000,BEAMUSDT
2022-09-01 15:30:00,0.16690000,0.16750000,0.16670000,0.16730000,13680.00000000,BEAMUSDT
2022-09-01 15:45:00,0.16740000,0.16750000,0.16630000,0.16650000,73532.00000000,BEAMUSDT
2022-09-01 16:00:00,0.16640000,0.16850000,0.16630000,0.16820000,80276.00000000,BEAMUSDT
2022-09-01 16:15:00,0.16820000,0.16850000,0.16710000,0.16810000,73614.00000000,BEAMUSDT
2022-09-01 16:30:00,0.16820000,0.17000000,0.16790000,0.17000000,309353.00000000,BEAMUSDT
2022-09-01 16:45:00,0.16970000,0.16970000,0.16840000,0.16840000,89339.00000000,BEAMUSDT
2022-09-01 17:00:00,0.16850000,0.17170000,0.16850000,0.16930000,367443.00000000,BEAMUSDT
2022-09-01 17:15:00,0.16890000,0.17100000,0.16880000,0.17040000,252403.00000000,BEAMUSDT
2022-09-01 17:30:00,0.17070000,0.17200000,0.17030000,0.17110000,175380.00000000,BEAMUSDT
2022-09-01 17:45:00,0.17130000,0.17140000,0.16890000,0.16920000,113549.00000000,BEAMUSDT
2022-09-01 18:00:00,0.16940000,0.17040000,0.16940000,0.17040000,118577.00000000,BEAMUSDT
2022-09-01 18:15:00,0.17060000,0.17100000,0.16950000,0.17000000,107818.00000000,BEAMUSDT
2022-09-01 18:30:00,0.17000000,0.17030000,0.16960000,0.16990000,79104.00000000,BEAMUSDT
2022-09-01 18:45:00,0.16990000,0.17080000,0.16980000,0.17000000,61747.00000000,BEAMUSDT
2022-09-01 19:00:00,0.17020000,0.17190000,0.16960000,0.17190000,100490.00000000,BEAMUSDT
2022-09-01 19:15:00,0.17180000,0.17190000,0.17000000,0.17000000,80504.00000000,BEAMUSDT
2022-09-01 19:30:00,0.17010000,0.17010000,0.16930000,0.17010000,26406.00000000,BEAMUSDT
2022-09-01 19:45:00,0.17020000,0.17140000,0.17000000,0.17060000,36716.00000000,BEAMUSDT
2022-09-01 20:00:00,0.17090000,0.17190000,0.17060000,0.17150000,63372.00000000,BEAMUSDT
2022-09-01 20:15:00,0.17180000,0.17230000,0.17120000,0.17160000,65717.00000000,BEAMUSDT
2022-09-01 20:30:00,0.17170000,0.17280000,0.17140000,0.17250000,38875.00000000,BEAMUSDT
2022-09-01 20:45:00,0.17260000,0.17390000,0.17190000,0.17250000,150834.00000000,BEAMUSDT
2022-09-01 21:00:00,0.17250000,0.17280000,0.17180000,0.17230000,37978.00000000,BEAMUSDT
2022-09-01 21:15:00,0.17260000,0.17310000,0.17170000,0.17190000,66828.00000000,BEAMUSDT
2022-09-01 21:30:00,0.17210000,0.17400000,0.17170000,0.17400000,109313.00000000,BEAMUSDT
2022-09-01 21:45:00,0.17370000,0.17480000,0.17240000,0.17470000,192057.00000000,BEAMUSDT
2022-09-01 22:00:00,0.17410000,0.17580000,0.17190000,0.17250000,309000.00000000,BEAMUSDT
2022-09-01 22:15:00,0.17250000,0.17280000,0.17100000,0.17160000,83088.00000000,BEAMUSDT
2022-09-01 22:30:00,0.17200000,0.17220000,0.17100000,0.17180000,32936.00000000,BEAMUSDT
2022-09-01 22:45:00,0.17170000,0.17210000,0.17030000,0.17030000,69302.00000000,BEAMUSDT
2022-09-01 23:00:00,0.17040000,0.17070000,0.16910000,0.16910000,145636.00000000,BEAMUSDT
2022-09-01 23:15:00,0.16930000,0.17030000,0.16930000,0.17030000,39170.00000000,BEAMUSDT
2022-09-01 23:30:00,0.17000000,0.17080000,0.16900000,0.16920000,90581.00000000,BEAMUSDT
2022-09-01 23:45:00,0.16960000,0.16960000,0.16880000,0.16940000,42797.00000000,BEAMUSDT
2022-09-02 00:00:00,0.16940000,0.16950000,0.16860000,0.16930000,44541.00000000,BEAMUSDT
2022-09-02 00:15:00,0.16910000,0.16930000,0.16750000,0.16800000,182518.00000000,BEAMUSDT
2022-09-02 00:30:00,0.16820000,0.16820000,0.16790000,0.16790000,47126.00000000,BEAMUSDT
2022-09-02 00:45:00,0.16810000,0.16850000,0.16810000,0.16850000,12242.00000000,BEAMUSDT
2022-09-02 01:00:00,0.16850000,0.16870000,0.16790000,0.16790000,51404.00000000,BEAMUSDT
2022-09-02 01:15:00,0.16810000,0.16820000,0.16780000,0.16800000,12548.00000000,BEAMUSDT
2022-09-02 01:30:00,0.16810000,0.16810000,0.16790000,0.16790000,10821.00000000,BEAMUSDT
2022-09-02 01:45:00,0.16770000,0.16800000,0.16760000,0.16800000,19919.00000000,BEAMUSDT
2022-09-02 02:00:00,0.16800000,0.16840000,0.16750000,0.16780000,89610.00000000,BEAMUSDT
2022-09-02 02:15:00,0.16770000,0.16780000,0.16750000,0.16750000,36064.00000000,BEAMUSDT
2022-09-02 02:30:00,0.16750000,0.16800000,0.16750000,0.16800000,16695.00000000,BEAMUSDT
2022-09-02 02:45:00,0.16810000,0.16960000,0.16810000,0.16960000,57534.00000000,BEAMUSDT
2022-09-02 03:00:00,0.16960000,0.17050000,0.16870000,0.16880000,131281.00000000,BEAMUSDT
2022-09-02 03:15:00,0.16880000,0.16950000,0.16840000,0.16870000,64754.00000000,BEAMUSDT
2022-09-02 03:30:00,0.16880000,0.16920000,0.16830000,0.16920000,31896.00000000,BEAMUSDT
2022-09-02 03:45:00,0.16910000,0.16910000,0.16840000,0.16840000,24795.00000000,BEAMUSDT
2022-09-02 04:00:00,0.16850000,0.16870000,0.16820000,0.16850000,21358.00000000,BEAMUSDT
2022-09-02 04:15:00,0.16870000,0.16990000,0.16870000,0.16960000,49798.00000000,BEAMUSDT
2022-09-02 04:30:00,0.16960000,0.16960000,0.16900000,0.16930000,30709.00000000,BEAMUSDT
2022-09-02 04:45:00,0.16910000,0.16940000,0.16910000,0.16930000,8247.00000000,BEAMUSDT
2022-09-02 05:00:00,0.16930000,0.16980000,0.16920000,0.16950000,26932.00000000,BEAMUSDT
2022-09-02 05:15:00,0.16960000,0.16980000,0.16910000,0.16930000,31748.00000000,BEAMUSDT
2022-09-02 05:30:00,0.16940000,0.16940000,0.16900000,0.16910000,7803.00000000,BEAMUSDT
2022-09-02 05:45:00,0.16910000,0.16930000,0.16870000,0.16890000,41205.00000000,BEAMUSDT
2022-09-02 06:00:00,0.16890000,0.16890000,0.16740000,0.16870000,69959.00000000,BEAMUSDT
2022-09-02 06:15:00,0.16870000,0.16950000,0.16800000,0.16820000,136018.00000000,BEAMUSDT
2022-09-02 06:30:00,0.16820000,0.16840000,0.16810000,0.16820000,10542.00000000,BEAMUSDT
2022-09-02 06:45:00,0.16820000,0.16900000,0.16800000,0.16880000,40510.00000000,BEAMUSDT
2022-09-02 07:00:00,0.16880000,0.17120000,0.16870000,0.17110000,142012.00000000,BEAMUSDT
2022-09-02 07:15:00,0.17100000,0.17260000,0.17070000,0.17220000,147529.00000000,BEAMUSDT
2022-09-02 07:30:00,0.17200000,0.17200000,0.17080000,0.17150000,63491.00000000,BEAMUSDT
2022-09-02 07:45:00,0.17150000,0.17170000,0.17130000,0.17150000,28460.00000000,BEAMUSDT
2022-09-02 08:00:00,0.17160000,0.17180000,0.16950000,0.16980000,84695.00000000,BEAMUSDT
2022-09-02 08:15:00,0.16990000,0.17040000,0.16980000,0.17040000,17394.00000000,BEAMUSDT
2022-09-02 08:30:00,0.17060000,0.17090000,0.17030000,0.17070000,42270.00000000,BEAMUSDT
2022-09-02 08:45:00,0.17080000,0.17120000,0.17080000,0.17110000,33449.00000000,BEAMUSDT
2022-09-02 09:00:00,0.17110000,0.17120000,0.17040000,0.17040000,43470.00000000,BEAMUSDT
2022-09-02 09:15:00,0.17040000,0.17070000,0.16950000,0.17020000,45553.00000000,BEAMUSDT
2022-09-02 09:30:00,0.17020000,0.17040000,0.16840000,0.16900000,157184.00000000,BEAMUSDT
2022-09-02 09:45:00,0.16920000,0.17030000,0.16920000,0.16980000,42635.00000000,BEAMUSDT
2022-09-02 10:00:00,0.17000000,0.17290000,0.16980000,0.17230000,228875.00000000,BEAMUSDT
2022-09-02 10:15:00,0.17200000,0.17210000,0.17030000,0.17030000,71259.00000000,BEAMUSDT
2022-09-02 10:30:00,0.17050000,0.17070000,0.16790000,0.16900000,352131.00000000,BEAMUSDT
2022-09-02 10:45:00,0.16870000,0.16890000,0.16740000,0.16770000,201380.00000000,BEAMUSDT
2022-09-02 11:00:00,0.16790000,0.16810000,0.16740000,0.16740000,72576.00000000,BEAMUSDT
2022-09-02 11:15:00,0.16740000,0.16750000,0.16700000,0.16720000,43126.00000000,BEAMUSDT
2022-09-02 11:30:00,0.16690000,0.16860000,0.16690000,0.16860000,78258.00000000,BEAMUSDT
2022-09-02 11:45:00,0.16840000,0.16850000,0.16770000,0.16800000,45835.00000000,BEAMUSDT
2022-09-02 12:00:00,0.16790000,0.16850000,0.16750000,0.16770000,23294.00000000,BEAMUSDT
2022-09-02 12:15:00,0.16760000,0.16800000,0.16700000,0.16800000,74929.00000000,BEAMUSDT
2022-09-02 12:30:00,0.16840000,0.17040000,0.16760000,0.16950000,197620.00000000,BEAMUSDT
2022-09-02 12:45:00,0.16920000,0.17020000,0.16830000,0.16970000,82301.00000000,BEAMUSDT
2022-09-02 13:00:00,0.16980000,0.16990000,0.16930000,0.16960000,49469.00000000,BEAMUSDT
2022-09-02 13:15:00,0.16950000,0.17040000,0.16950000,0.17040000,70778.00000000,BEAMUSDT
2022-09-02 13:30:00,0.17020000,0.17020000,0.16950000,0.16950000,50687.00000000,BEAMUSDT
2022-09-02 13:45:00,0.16940000,0.16980000,0.16930000,0.16960000,24295.00000000,BEAMUSDT
2022-09-02 14:00:00,0.16930000,0.16960000,0.16810000,0.16930000,104858.00000000,BEAMUSDT
2022-09-02 14:15:00,0.16950000,0.16970000,0.16920000,0.16940000,21398.00000000,BEAMUSDT
2022-09-02 14:30:00,0.16940000,0.17010000,0.16940000,0.17000000,16670.00000000,BEAMUSDT
2022-09-02 14:45:00,0.16970000,0.17110000,0.16950000,0.17070000,162758.00000000,BEAMUSDT
2022-09-02 15:00:00,0.17070000,0.17110000,0.17050000,0.17060000,23103.00000000,BEAMUSDT
2022-09-02 15:15:00,0.17090000,0.17090000,0.17050000,0.17050000,27287.00000000,BEAMUSDT
2022-09-02 15:30:00,0.17060000,0.17060000,0.16980000,0.16980000,38623.00000000,BEAMUSDT
2022-09-02 15:45:00,0.17020000,0.17050000,0.17010000,0.17050000,57497.00000000,BEAMUSDT
2022-09-02 16:00:00,0.17060000,0.17110000,0.17050000,0.17070000,7235.00000000,BEAMUSDT
2022-09-02 16:15:00,0.17070000,0.17070000,0.17000000,0.17000000,49402.00000000,BEAMUSDT
2022-09-02 16:30:00,0.16980000,0.16990000,0.16880000,0.16920000,52978.00000000,BEAMUSDT
2022-09-02 16:45:00,0.16930000,0.16950000,0.16910000,0.16940000,17490.00000000,BEAMUSDT
2022-09-02 17:00:00,0.16920000,0.17010000,0.16880000,0.16950000,58087.00000000,BEAMUSDT
2022-09-02 17:15:00,0.16930000,0.16970000,0.16730000,0.16740000,84116.00000000,BEAMUSDT
2022-09-02 17:30:00,0.16740000,0.16840000,0.16730000,0.16780000,68404.00000000,BEAMUSDT
2022-09-02 17:45:00,0.16770000,0.16770000,0.16710000,0.16730000,46335.00000000,BEAMUSDT
2022-09-02 18:00:00,0.16730000,0.16770000,0.16710000,0.16710000,12665.00000000,BEAMUSDT
2022-09-02 18:15:00,0.16710000,0.16810000,0.16690000,0.16770000,47288.00000000,BEAMUSDT
2022-09-02 18:30:00,0.16770000,0.16770000,0.16680000,0.16760000,18932.00000000,BEAMUSDT
2022-09-02 18:45:00,0.16750000,0.16760000,0.16710000,0.16710000,8900.00000000,BEAMUSDT
2022-09-02 19:00:00,0.16730000,0.16780000,0.16730000,0.16780000,5888.00000000,BEAMUSDT
2022-09-02 19:15:00,0.16790000,0.16800000,0.16670000,0.16680000,22501.00000000,BEAMUSDT
2022-09-02 19:30:00,0.16670000,0.16670000,0.16560000,0.16600000,75386.00000000,BEAMUSDT
2022-09-02 19:45:00,0.16630000,0.16710000,0.16600000,0.16710000,50383.00000000,BEAMUSDT
2022-09-02 20:00:00,0.16690000,0.16690000,0.16610000,0.16610000,12612.00000000,BEAMUSDT
2022-09-02 20:15:00,0.16610000,0.16620000,0.16600000,0.16620000,4078.00000000,BEAMUSDT
2022-09-02 20:30:00,0.16630000,0.16660000,0.16590000,0.16600000,9976.00000000,BEAMUSDT
2022-09-02 20:45:00,0.16620000,0.16650000,0.16580000,0.16650000,17353.00000000,BEAMUSDT
2022-09-02 21:00:00,0.16660000,0.16660000,0.16620000,0.16620000,8350.00000000,BEAMUSDT
2022-09-02 21:15:00,0.16610000,0.16620000,0.16590000,0.16590000,10721.00000000,BEAMUSDT
2022-09-02 21:30:00,0.16600000,0.16660000,0.16600000,0.16600000,2867.00000000,BEAMUSDT
2022-09-02 21:45:00,0.16600000,0.16670000,0.16600000,0.16670000,920.00000000,BEAMUSDT
2022-09-02 22:00:00,0.16670000,0.16670000,0.16610000,0.16620000,3796.00000000,BEAMUSDT
2022-09-02 22:15:00,0.16660000,0.16660000,0.16620000,0.16640000,3342.00000000,BEAMUSDT
2022-09-02 22:30:00,0.16620000,0.16640000,0.16580000,0.16600000,13286.00000000,BEAMUSDT
2022-09-02 22:45:00,0.16580000,0.16690000,0.16570000,0.16640000,13777.00000000,BEAMUSDT
2022-09-02 23:00:00,0.16640000,0.16660000,0.16570000,0.16570000,20914.00000000,BEAMUSDT
2022-09-02 23:15:00,0.16580000,0.16640000,0.16520000,0.16580000,22536.00000000,BEAMUSDT
2022-09-02 23:30:00,0.16550000,0.16550000,0.16530000,0.16540000,2928.00000000,BEAMUSDT
2022-09-02 23:45:00,0.16540000,0.16560000,0.16520000,0.16550000,7467.00000000,BEAMUSDT
2022-09-03 00:00:00,0.16550000,0.16600000,0.16500000,0.16500000,27833.00000000,BEAMUSDT
2022-09-03 00:15:00,0.16570000,0.16570000,0.16550000,0.16550000,3704.00000000,BEAMUSDT
2022-09-03 00:30:00,0.16550000,0.16650000,0.16540000,0.16650000,30016.00000000,BEAMUSDT
2022-09-03 00:45:00,0.16650000,0.16670000,0.16600000,0.16640000,16637.00000000,BEAMUSDT
2022-09-03 01:00:00,0.16640000,0.16640000,0.16620000,0.16620000,1408.00000000,BEAMUSDT
2022-09-03 01:15:00,0.16620000,0.16620000,0.16560000,0.16570000,12605.00000000,BEAMUSDT
2022-09-03 01:30:00,0.16560000,0.16570000,0.16510000,0.16560000,25153.00000000,BEAMUSDT
2022-09-03 01:45:00,0.16560000,0.16600000,0.16550000,0.16590000,5251.00000000,BEAMUSDT
2022-09-03 02:00:00,0.16580000,0.16580000,0.16560000,0.16560000,360.00000000,BEAMUSDT
2022-09-03 02:15:00,0.16550000,0.16550000,0.16520000,0.16520000,1441.00000000,BEAMUSDT
2022-09-03 02:30:00,0.16520000,0.16590000,0.16510000,0.16590000,17598.00000000,BEAMUSDT
2022-09-03 02:45:00,0.16590000,0.16590000,0.16570000,0.16590000,13227.00000000,BEAMUSDT
2022-09-03 03:00:00,0.16590000,0.16590000,0.16590000,0.16590000,13143.00000000,BEAMUSDT
2022-09-03 03:15:00,0.16580000,0.16580000,0.16580000,0.16580000,311.00000000,BEAMUSDT
2022-09-03 03:30:00,0.16600000,0.16600000,0.16530000,0.16530000,19694.00000000,BEAMUSDT
2022-09-03 03:45:00,0.16550000,0.16630000,0.16550000,0.16630000,24148.00000000,BEAMUSDT
2022-09-03 04:00:00,0.16610000,0.16610000,0.16600000,0.16610000,1028.00000000,BEAMUSDT
2022-09-03 04:15:00,0.16600000,0.16600000,0.16600000,0.16600000,74.00000000,BEAMUSDT
2022-09-03 04:30:00,0.16620000,0.16620000,0.16370000,0.16400000,189535.00000000,BEAMUSDT
2022-09-03 04:45:00,0.16380000,0.16490000,0.16350000,0.16480000,175183.00000000,BEAMUSDT
2022-09-03 05:00:00,0.16470000,0.16490000,0.16440000,0.16490000,19823.00000000,BEAMUSDT
2022-09-03 05:15:00,0.16490000,0.16490000,0.16450000,0.16450000,18054.00000000,BEAMUSDT
2022-09-03 05:30:00,0.16460000,0.16490000,0.16460000,0.16490000,6653.00000000,BEAMUSDT
2022-09-03 05:45:00,0.16490000,0.16490000,0.16490000,0.16490000,0.00000000,BEAMUSDT
2022-09-03 06:00:00,0.16500000,0.16500000,0.16450000,0.16450000,20380.00000000,BEAMUSDT
2022-09-03 06:15:00,0.16450000,0.16450000,0.16400000,0.16400000,59937.00000000,BEAMUSDT
2022-09-03 06:30:00,0.16390000,0.16400000,0.16390000,0.16390000,948.00000000,BEAMUSDT
2022-09-03 06:45:00,0.16400000,0.16400000,0.16390000,0.16400000,4238.00000000,BEAMUSDT
2022-09-03 07:00:00,0.16390000,0.16420000,0.16300000,0.16400000,175170.00000000,BEAMUSDT
2022-09-03 07:15:00,0.16400000,0.16420000,0.16400000,0.16400000,12342.00000000,BEAMUSDT
2022-09-03 07:30:00,0.16400000,0.16420000,0.16380000,0.16390000,31849.00000000,BEAMUSDT
2022-09-03 07:45:00,0.16400000,0.16400000,0.16250000,0.16300000,148154.00000000,BEAMUSDT
2022-09-03 08:00:00,0.16270000,0.16320000,0.16260000,0.16300000,105004.00000000,BEAMUSDT
2022-09-03 08:15:00,0.16290000,0.16330000,0.16280000,0.16330000,8010.00000000,BEAMUSDT
2022-09-03 08:30:00,0.16330000,0.16350000,0.16330000,0.16340000,11401.00000000,BEAMUSDT
2022-09-03 08:45:00,0.16350000,0.16410000,0.16350000,0.16390000,29979.00000000,BEAMUSDT
2022-09-03 09:00:00,0.16390000,0.16420000,0.16230000,0.16350000,97882.00000000,BEAMUSDT
2022-09-03 09:15:00,0.16350000,0.16360000,0.16330000,0.16330000,57571.00000000,BEAMUSDT
2022-09-03 09:30:00,0.16330000,0.16350000,0.16260000,0.16260000,37063.00000000,BEAMUSDT
2022-09-03 09:45:00,0.16290000,0.16290000,0.16220000,0.16240000,22514.00000000,BEAMUSDT
2022-09-03 10:00:00,0.16250000,0.16300000,0.16250000,0.16300000,36997.00000000,BEAMUSDT
2022-09-03 10:15:00,0.16310000,0.16310000,0.16240000,0.16250000,41841.00000000,BEAMUSDT
2022-09-03 10:30:00,0.16260000,0.16260000,0.16220000,0.16220000,15823.00000000,BEAMUSDT
2022-09-03 10:45:00,0.16230000,0.16290000,0.16230000,0.16250000,31790.00000000,BEAMUSDT
2022-09-03 11:00:00,0.16270000,0.16300000,0.16250000,0.16300000,4839.00000000,BEAMUSDT
2022-09-03 11:15:00,0.16280000,0.16290000,0.16250000,0.16260000,14155.00000000,BEAMUSDT
2022-09-03 11:30:00,0.16280000,0.16280000,0.16260000,0.16260000,1774.00000000,BEAMUSDT
2022-09-03 11:45:00,0.16260000,0.16270000,0.16220000,0.16220000,33033.00000000,BEAMUSDT
2022-09-03 12:00:00,0.16250000,0.16290000,0.16240000,0.16290000,9815.00000000,BEAMUSDT
2022-09-03 12:15:00,0.16300000,0.16300000,0.16290000,0.16290000,4220.00000000,BEAMUSDT
2022-09-03 12:30:00,0.16290000,0.16320000,0.16290000,0.16300000,2533.00000000,BEAMUSDT
2022-09-03 12:45:00,0.16280000,0.16310000,0.16280000,0.16310000,2998.00000000,BEAMUSDT
2022-09-03 13:00:00,0.16310000,0.16310000,0.16270000,0.16270000,2443.00000000,BEAMUSDT
2022-09-03 13:15:00,0.16290000,0.16320000,0.16270000,0.16290000,9379.00000000,BEAMUSDT
2022-09-03 13:30:00,0.16280000,0.16300000,0.16280000,0.16300000,2843.00000000,BEAMUSDT
2022-09-03 13:45:00,0.16310000,0.16350000,0.16310000,0.16350000,7524.00000000,BEAMUSDT
2022-09-03 14:00:00,0.16350000,0.16350000,0.16290000,0.16300000,21366.00000000,BEAMUSDT
2022-09-03 14:15:00,0.16330000,0.16330000,0.16270000,0.16270000,12001.00000000,BEAMUSDT
2022-09-03 14:30:00,0.16270000,0.16310000,0.16270000,0.16290000,29507.00000000,BEAMUSDT
2022-09-03 14:45:00,0.16310000,0.16310000,0.16290000,0.16300000,3378.00000000,BEAMUSDT
2022-09-03 15:00:00,0.16290000,0.16310000,0.16280000,0.16300000,5093.00000000,BEAMUSDT
2022-09-03 15:15:00,0.16280000,0.16310000,0.16270000,0.16280000,8422.00000000,BEAMUSDT
2022-09-03 15:30:00,0.16300000,0.16300000,0.16250000,0.16250000,12430.00000000,BEAMUSDT
2022-09-03 15:45:00,0.16250000,0.16270000,0.16180000,0.16220000,73334.00000000,BEAMUSDT
2022-09-03 16:00:00,0.16220000,0.16300000,0.16220000,0.16270000,11681.00000000,BEAMUSDT
2022-09-03 16:15:00,0.16290000,0.16290000,0.16270000,0.16270000,3039.00000000,BEAMUSDT
2022-09-03 16:30:00,0.16300000,0.16320000,0.16270000,0.16310000,11774.00000000,BEAMUSDT
2022-09-03 16:45:00,0.16310000,0.16370000,0.16310000,0.16370000,30682.00000000,BEAMUSDT
2022-09-03 17:00:00,0.16370000,0.16440000,0.16340000,0.16400000,75846.00000000,BEAMUSDT
2022-09-03 17:15:00,0.16370000,0.16390000,0.16330000,0.16330000,4484.00000000,BEAMUSDT
2022-09-03 17:30:00,0.16350000,0.16350000,0.16300000,0.16330000,45889.00000000,BEAMUSDT
2022-09-03 17:45:00,0.16340000,0.16370000,0.16340000,0.16350000,6682.00000000,BEAMUSDT
2022-09-03 18:00:00,0.16340000,0.16380000,0.16340000,0.16340000,9792.00000000,BEAMUSDT
2022-09-03 18:15:00,0.16360000,0.16400000,0.16360000,0.16370000,7389.00000000,BEAMUSDT
2022-09-03 18:30:00,0.16400000,0.16410000,0.16400000,0.16400000,4104.00000000,BEAMUSDT
2022-09-03 18:45:00,0.16400000,0.16400000,0.16290000,0.16290000,26974.00000000,BEAMUSDT
2022-09-03 19:00:00,0.16310000,0.16310000,0.16210000,0.16210000,7476.00000000,BEAMUSDT
2022-09-03 19:15:00,0.16210000,0.16290000,0.16210000,0.16290000,5392.00000000,BEAMUSDT
2022-09-03 19:30:00,0.16320000,0.16360000,0.16320000,0.16340000,5144.00000000,BEAMUSDT
2022-09-03 19:45:00,0.16260000,0.16310000,0.16250000,0.16280000,8886.00000000,BEAMUSDT
2022-09-03 20:00:00,0.16270000,0.16360000,0.16270000,0.16340000,24398.00000000,BEAMUSDT
2022-09-03 20:15:00,0.16340000,0.16400000,0.16340000,0.16400000,15530.00000000,BEAMUSDT
2022-09-03 20:30:00,0.16370000,0.16390000,0.16290000,0.16330000,20484.00000000,BEAMUSDT
2022-09-03 20:45:00,0.16350000,0.16350000,0.16350000,0.16350000,87.00000000,BEAMUSDT
2022-09-03 21:00:00,0.16370000,0.16370000,0.16370000,0.16370000,2418.00000000,BEAMUSDT
2022-09-03 21:15:00,0.16380000,0.16420000,0.16380000,0.16390000,7065.00000000,BEAMUSDT
2022-09-03 21:30:00,0.16410000,0.16430000,0.16410000,0.16430000,5613.00000000,BEAMUSDT
2022-09-03 21:45:00,0.16430000,0.16430000,0.16430000,0.16430000,4273.00000000,BEAMUSDT
2022-09-03 22:00:00,0.16430000,0.16430000,0.16430000,0.16430000,874.00000000,BEAMUSDT
2022-09-03 22:15:00,0.16400000,0.16400000,0.16400000,0.16400000,180.00000000,BEAMUSDT
2022-09-03 22:30:00,0.16440000,0.16480000,0.16390000,0.16400000,8049.00000000,BEAMUSDT
2022-09-03 22:45:00,0.16470000,0.16470000,0.16410000,0.16410000,1047.00000000,BEAMUSDT
2022-09-03 23:00:00,0.16460000,0.16460000,0.16410000,0.16450000,2735.00000000,BEAMUSDT
2022-09-03 23:15:00,0.16410000,0.16470000,0.16400000,0.16400000,14599.00000000,BEAMUSDT
2022-09-03 23:30:00,0.16410000,0.16470000,0.16400000,0.16410000,10108.00000000,BEAMUSDT
2022-09-03 23:45:00,0.16420000,0.16460000,0.16420000,0.16460000,1422.00000000,BEAMUSDT
2022-09-04 00:00:00,0.16470000,0.16470000,0.16470000,0.16470000,79.00000000,BEAMUSDT
2022-09-04 00:15:00,0.16460000,0.16480000,0.16440000,0.16470000,6383.00000000,BEAMUSDT
2022-09-04 00:30:00,0.16470000,0.16470000,0.16460000,0.16460000,440.00000000,BEAMUSDT
2022-09-04 00:45:00,0.16460000,0.16460000,0.16390000,0.16390000,7331.00000000,BEAMUSDT
2022-09-04 01:00:00,0.16430000,0.16430000,0.16410000,0.16410000,308.00000000,BEAMUSDT
2022-09-04 01:15:00,0.16410000,0.16410000,0.16410000,0.16410000,236.00000000,BEAMUSDT
2022-09-04 01:30:00,0.16430000,0.16440000,0.16430000,0.16440000,1954.00000000,BEAMUSDT
2022-09-04 01:45:00,0.16420000,0.16420000,0.16370000,0.16400000,20145.00000000,BEAMUSDT
2022-09-04 02:00:00,0.16390000,0.16390000,0.16370000,0.16370000,499.00000000,BEAMUSDT
2022-09-04 02:15:00,0.16390000,0.16390000,0.16390000,0.16390000,2915.00000000,BEAMUSDT
2022-09-04 02:30:00,0.16390000,0.16390000,0.16390000,0.16390000,4171.00000000,BEAMUSDT
2022-09-04 02:45:00,0.16400000,0.16400000,0.16380000,0.16380000,27444.00000000,BEAMUSDT
2022-09-04 03:00:00,0.16400000,0.16440000,0.16400000,0.16440000,18293.00000000,BEAMUSDT
2022-09-04 03:15:00,0.16440000,0.16450000,0.16420000,0.16420000,8874.00000000,BEAMUSDT
2022-09-04 03:30:00,0.16400000,0.16410000,0.16390000,0.16410000,11968.00000000,BEAMUSDT
2022-09-04 03:45:00,0.16410000,0.16420000,0.16370000,0.16380000,8997.00000000,BEAMUSDT
2022-09-04 04:00:00,0.16400000,0.16420000,0.16400000,0.16420000,2652.00000000,BEAMUSDT
2022-09-04 04:15:00,0.16420000,0.16420000,0.16380000,0.16400000,5088.00000000,BEAMUSDT
2022-09-04 04:30:00,0.16370000,0.16420000,0.16370000,0.16420000,14356.00000000,BEAMUSDT
2022-09-04 04:45:00,0.16400000,0.16400000,0.16400000,0.16400000,415.00000000,BEAMUSDT
2022-09-04 05:00:00,0.16420000,0.16420000,0.16420000,0.16420000,377.00000000,BEAMUSDT
2022-09-04 05:15:00,0.16420000,0.16440000,0.16420000,0.16430000,2901.00000000,BEAMUSDT
2022-09-04 05:30:00,0.16410000,0.16410000,0.16370000,0.16400000,52166.00000000,BEAMUSDT
2022-09-04 05:45:00,0.16400000,0.16400000,0.16400000,0.16400000,3839.00000000,BEAMUSDT
2022-09-04 06:00:00,0.16400000,0.16400000,0.16380000,0.16390000,3232.00000000,BEAMUSDT
2022-09-04 06:15:00,0.16390000,0.16440000,0.16380000,0.16380000,11230.00000000,BEAMUSDT
2022-09-04 06:30:00,0.16380000,0.16410000,0.16380000,0.16400000,3705.00000000,BEAMUSDT
2022-09-04 06:45:00,0.16390000,0.16390000,0.16390000,0.16390000,2516.00000000,BEAMUSDT
2022-09-04 07:00:00,0.16390000,0.16390000,0.16240000,0.16270000,124479.00000000,BEAMUSDT
2022-09-04 07:15:00,0.16280000,0.16300000,0.16250000,0.16270000,19549.00000000,BEAMUSDT
2022-09-04 07:30:00,0.16270000,0.16280000,0.16190000,0.16240000,58137.00000000,BEAMUSDT
2022-09-04 07:45:00,0.16210000,0.16220000,0.16190000,0.16220000,6960.00000000,BEAMUSDT
2022-09-04 08:00:00,0.16190000,0.16260000,0.16180000,0.16240000,14503.00000000,BEAMUSDT
2022-09-04 08:15:00,0.16240000,0.16240000,0.16220000,0.16220000,2476.00000000,BEAMUSDT
2022-09-04 08:30:00,0.16240000,0.16390000,0.16210000,0.16350000,42967.00000000,BEAMUSDT
2022-09-04 08:45:00,0.16350000,0.16390000,0.16330000,0.16330000,6590.00000000,BEAMUSDT
2022-09-04 09:00:00,0.16330000,0.16370000,0.16330000,0.16370000,3099.00000000,BEAMUSDT
2022-09-04 09:15:00,0.16370000,0.16380000,0.16370000,0.16370000,13433.00000000,BEAMUSDT
2022-09-04 09:30:00,0.16360000,0.16380000,0.16350000,0.16380000,6243.00000000,BEAMUSDT
2022-09-04 09:45:00,0.16380000,0.16390000,0.16330000,0.16330000,22035.00000000,BEAMUSDT
2022-09-04 10:00:00,0.16330000,0.16330000,0.16280000,0.16280000,12258.00000000,BEAMUSDT
2022-09-04 10:15:00,0.16300000,0.16330000,0.16280000,0.16330000,15862.00000000,BEAMUSDT
2022-09-04 10:30:00,0.16340000,0.16370000,0.16340000,0.16370000,10747.00000000,BEAMUSDT
2022-09-04 10:45:00,0.16370000,0.16380000,0.16370000,0.16380000,4902.00000000,BEAMUSDT
2022-09-04 11:00:00,0.16380000,0.16380000,0.16360000,0.16360000,14322.00000000,BEAMUSDT
2022-09-04 11:15:00,0.16370000,0.16370000,0.16350000,0.16350000,16887.00000000,BEAMUSDT
2022-09-04 11:30:00,0.16360000,0.16370000,0.16350000,0.16360000,17081.00000000,BEAMUSDT
2022-09-04 11:45:00,0.16360000,0.16500000,0.16340000,0.16460000,75076.00000000,BEAMUSDT
2022-09-04 12:00:00,0.16460000,0.16500000,0.16400000,0.16400000,36337.00000000,BEAMUSDT
2022-09-04 12:15:00,0.16420000,0.16440000,0.16390000,0.16390000,29770.00000000,BEAMUSDT
2022-09-04 12:30:00,0.16410000,0.16540000,0.16400000,0.16530000,60721.00000000,BEAMUSDT
2022-09-04 12:45:00,0.16550000,0.16580000,0.16520000,0.16570000,16181.00000000,BEAMUSDT
2022-09-04 13:00:00,0.16570000,0.16590000,0.16520000,0.16530000,25709.00000000,BEAMUSDT
2022-09-04 13:15:00,0.16500000,0.16500000,0.16450000,0.16450000,20171.00000000,BEAMUSDT
2022-09-04 13:30:00,0.16480000,0.16500000,0.16450000,0.16450000,8758.00000000,BEAMUSDT
2022-09-04 13:45:00,0.16450000,0.16450000,0.16320000,0.16320000,20956.00000000,BEAMUSDT
2022-09-04 14:00:00,0.16330000,0.16370000,0.16300000,0.16370000,12224.00000000,BEAMUSDT
2022-09-04 14:15:00,0.16370000,0.16370000,0.16330000,0.16330000,2536.00000000,BEAMUSDT
2022-09-04 14:30:00,0.16340000,0.16370000,0.16340000,0.16360000,4253.00000000,BEAMUSDT
2022-09-04 14:45:00,0.16340000,0.16340000,0.16340000,0.16340000,4005.00000000,BEAMUSDT
2022-09-04 15:00:00,0.16340000,0.16380000,0.16340000,0.16380000,16984.00000000,BEAMUSDT
2022-09-04 15:15:00,0.16380000,0.16420000,0.16360000,0.16410000,31956.00000000,BEAMUSDT
2022-09-04 15:30:00,0.16420000,0.16430000,0.16390000,0.16390000,1836.00000000,BEAMUSDT
2022-09-04 15:45:00,0.16370000,0.16410000,0.16370000,0.16410000,4402.00000000,BEAMUSDT
2022-09-04 16:00:00,0.16430000,0.16430000,0.16360000,0.16360000,17604.00000000,BEAMUSDT
2022-09-04 16:15:00,0.16380000,0.16390000,0.16370000,0.16380000,2789.00000000,BEAMUSDT
2022-09-04 16:30:00,0.16400000,0.16410000,0.16370000,0.16380000,8161.00000000,BEAMUSDT
2022-09-04 16:45:00,0.16420000,0.16430000,0.16390000,0.16400000,2430.00000000,BEAMUSDT
2022-09-04 17:00:00,0.16420000,0.16420000,0.16400000,0.16400000,9102.00000000,BEAMUSDT
2022-09-04 17:15:00,0.16400000,0.16460000,0.16400000,0.16440000,34239.00000000,BEAMUSDT
2022-09-04 17:30:00,0.16420000,0.16470000,0.16420000,0.16440000,6854.00000000,BEAMUSDT
2022-09-04 17:45:00,0.16450000,0.16470000,0.16440000,0.16440000,2199.00000000,BEAMUSDT
2022-09-04 18:00:00,0.16440000,0.16450000,0.16410000,0.16450000,5742.00000000,BEAMUSDT
2022-09-04 18:15:00,0.16460000,0.16500000,0.16450000,0.16500000,12194.00000000,BEAMUSDT
2022-09-04 18:30:00,0.16530000,0.16530000,0.16470000,0.16470000,1193.00000000,BEAMUSDT
2022-09-04 18:45:00,0.16450000,0.16540000,0.16450000,0.16500000,15857.00000000,BEAMUSDT
2022-09-04 19:00:00,0.16520000,0.16580000,0.16520000,0.16580000,11602.00000000,BEAMUSDT
2022-09-04 19:15:00,0.16580000,0.16640000,0.16560000,0.16560000,13307.00000000,BEAMUSDT
2022-09-04 19:30:00,0.16560000,0.16590000,0.16530000,0.16550000,12514.00000000,BEAMUSDT
2022-09-04 19:45:00,0.16570000,0.16590000,0.16530000,0.16590000,16146.00000000,BEAMUSDT
2022-09-04 20:00:00,0.16580000,0.16650000,0.16580000,0.16630000,86713.00000000,BEAMUSDT
2022-09-04 20:15:00,0.16640000,0.16650000,0.16600000,0.16620000,10780.00000000,BEAMUSDT
2022-09-04 20:30:00,0.16640000,0.16650000,0.16590000,0.16600000,10170.00000000,BEAMUSDT
2022-09-04 20:45:00,0.16620000,0.16640000,0.16580000,0.16580000,13621.00000000,BEAMUSDT
2022-09-04 21:00:00,0.16590000,0.16620000,0.16590000,0.16610000,4474.00000000,BEAMUSDT
2022-09-04 21:15:00,0.16600000,0.16660000,0.16600000,0.16630000,7778.00000000,BEAMUSDT
2022-09-04 21:30:00,0.16650000,0.16770000,0.16650000,0.16680000,41347.00000000,BEAMUSDT
2022-09-04 21:45:00,0.16690000,0.16730000,0.16550000,0.16600000,66046.00000000,BEAMUSDT
2022-09-04 22:00:00,0.16620000,0.16620000,0.16620000,0.16620000,61.00000000,BEAMUSDT
2022-09-04 22:15:00,0.16620000,0.16670000,0.16620000,0.16670000,12003.00000000,BEAMUSDT
2022-09-04 22:30:00,0.16650000,0.16650000,0.16620000,0.16620000,5063.00000000,BEAMUSDT
2022-09-04 22:45:00,0.16630000,0.16640000,0.16590000,0.16620000,5167.00000000,BEAMUSDT
2022-09-04 23:00:00,0.16640000,0.16650000,0.16620000,0.16650000,2904.00000000,BEAMUSDT
2022-09-04 23:15:00,0.16660000,0.16690000,0.16630000,0.16690000,3794.00000000,BEAMUSDT
2022-09-04 23:30:00,0.16700000,0.16750000,0.16700000,0.16710000,12134.00000000,BEAMUSDT
2022-09-04 23:45:00,0.16710000,0.16730000,0.16710000,0.16730000,6427.00000000,BEAMUSDT
2022-09-05 00:00:00,0.16740000,0.16810000,0.16740000,0.16800000,31577.00000000,BEAMUSDT
2022-09-05 00:15:00,0.16790000,0.16800000,0.16770000,0.16800000,23306.00000000,BEAMUSDT
2022-09-05 00:30:00,0.16790000,0.16820000,0.16780000,0.16790000,16454.00000000,BEAMUSDT
2022-09-05 00:45:00,0.16790000,0.16810000,0.16780000,0.16780000,8810.00000000,BEAMUSDT
2022-09-05 01:00:00,0.16800000,0.16830000,0.16800000,0.16810000,1462.00000000,BEAMUSDT
2022-09-05 01:15:00,0.16810000,0.16810000,0.16790000,0.16790000,2560.00000000,BEAMUSDT
2022-09-05 01:30:00,0.16780000,0.16850000,0.16780000,0.16850000,5870.00000000,BEAMUSDT
2022-09-05 01:45:00,0.16820000,0.16820000,0.16770000,0.16770000,797.00000000,BEAMUSDT
2022-09-05 02:00:00,0.16780000,0.16790000,0.16760000,0.16770000,6266.00000000,BEAMUSDT
2022-09-05 02:15:00,0.16770000,0.16810000,0.16760000,0.16760000,34269.00000000,BEAMUSDT
2022-09-05 02:30:00,0.16780000,0.16780000,0.16700000,0.16700000,55927.00000000,BEAMUSDT
2022-09-05 02:45:00,0.16690000,0.16690000,0.16650000,0.16650000,12518.00000000,BEAMUSDT
2022-09-05 03:00:00,0.16650000,0.16650000,0.16580000,0.16580000,29182.00000000,BEAMUSDT
2022-09-05 03:15:00,0.16580000,0.16610000,0.16580000,0.16600000,12160.00000000,BEAMUSDT
2022-09-05 03:30:00,0.16600000,0.16620000,0.16600000,0.16600000,2289.00000000,BEAMUSDT
2022-09-05 03:45:00,0.16600000,0.16600000,0.16590000,0.16590000,5061.00000000,BEAMUSDT
2022-09-05 04:00:00,0.16590000,0.16620000,0.16580000,0.16610000,7343.00000000,BEAMUSDT
2022-09-05 04:15:00,0.16610000,0.16610000,0.16600000,0.16610000,3081.00000000,BEAMUSDT
2022-09-05 04:30:00,0.16610000,0.16620000,0.16590000,0.16590000,2464.00000000,BEAMUSDT
2022-09-05 04:45:00,0.16610000,0.16620000,0.16550000,0.16560000,24773.00000000,BEAMUSDT
2022-09-05 05:00:00,0.16560000,0.16580000,0.16400000,0.16400000,179604.00000000,BEAMUSDT
2022-09-05 05:15:00,0.16390000,0.16630000,0.16370000,0.16390000,174499.00000000,BEAMUSDT
2022-09-05 05:30:00,0.16390000,0.16450000,0.16360000,0.16410000,22616.00000000,BEAMUSDT
2022-09-05 05:45:00,0.16380000,0.16400000,0.16380000,0.16400000,6455.00000000,BEAMUSDT
2022-09-05 06:00:00,0.16380000,0.16440000,0.16360000,0.16400000,7768.00000000,BEAMUSDT
2022-09-05 06:15:00,0.16420000,0.16420000,0.16370000,0.16410000,9815.00000000,BEAMUSDT
2022-09-05 06:30:00,0.16410000,0.16450000,0.16310000,0.16390000,126149.00000000,BEAMUSDT
2022-09-05 06:45:00,0.16370000,0.16420000,0.16370000,0.16420000,3242.00000000,BEAMUSDT
2022-09-05 07:00:00,0.16390000,0.16400000,0.16380000,0.16380000,3486.00000000,BEAMUSDT
2022-09-05 07:15:00,0.16380000,0.16400000,0.16350000,0.16350000,3700.00000000,BEAMUSDT
2022-09-05 07:30:00,0.16340000,0.16400000,0.16340000,0.16400000,6388.00000000,BEAMUSDT
2022-09-05 07:45:00,0.16350000,0.16380000,0.16350000,0.16370000,15669.00000000,BEAMUSDT
2022-09-05 08:00:00,0.16360000,0.16530000,0.16350000,0.16410000,72180.00000000,BEAMUSDT
2022-09-05 08:15:00,0.16450000,0.16470000,0.16450000,0.16470000,1599.00000000,BEAMUSDT
2022-09-05 08:30:00,0.16460000,0.16480000,0.16440000,0.16480000,9720.00000000,BEAMUSDT
2022-09-05 08:45:00,0.16460000,0.16460000,0.16460000,0.16460000,1403.00000000,BEAMUSDT
2022-09-05 09:00:00,0.16480000,0.16510000,0.16440000,0.16510000,9323.00000000,BEAMUSDT
2022-09-05 09:15:00,0.16500000,0.16580000,0.16500000,0.16510000,5972.00000000,BEAMUSDT
2022-09-05 09:30:00,0.16500000,0.16560000,0.16450000,0.16530000,41663.00000000,BEAMUSDT
2022-09-05 09:45:00,0.16570000,0.16670000,0.16520000,0.16520000,87432.00000000,BEAMUSDT
2022-09-05 10:00:00,0.16500000,0.16530000,0.16470000,0.16500000,9938.00000000,BEAMUSDT
2022-09-05 10:15:00,0.16490000,0.16560000,0.16490000,0.16550000,4601.00000000,BEAMUSDT
2022-09-05 10:30:00,0.16560000,0.16570000,0.16530000,0.16530000,12403.00000000,BEAMUSDT
2022-09-05 10:45:00,0.16490000,0.16490000,0.16330000,0.16440000,23226.00000000,BEAMUSDT
2022-09-05 11:00:00,0.16420000,0.16430000,0.16400000,0.16420000,17389.00000000,BEAMUSDT
2022-09-05 11:15:00,0.16430000,0.16470000,0.16420000,0.16430000,12788.00000000,BEAMUSDT
2022-09-05 11:30:00,0.16440000,0.16440000,0.16400000,0.16430000,3460.00000000,BEAMUSDT
2022-09-05 11:45:00,0.16420000,0.16420000,0.16390000,0.16420000,12044.00000000,BEAMUSDT
2022-09-05 12:00:00,0.16400000,0.16400000,0.16370000,0.16380000,7845.00000000,BEAMUSDT
2022-09-05 12:15:00,0.16380000,0.16410000,0.16360000,0.16410000,8592.00000000,BEAMUSDT
2022-09-05 12:30:00,0.16430000,0.16430000,0.16320000,0.16320000,52371.00000000,BEAMUSDT
2022-09-05 12:45:00,0.16310000,0.16310000,0.16300000,0.16310000,3213.00000000,BEAMUSDT
2022-09-05 13:00:00,0.16310000,0.16330000,0.16290000,0.16320000,16121.00000000,BEAMUSDT
2022-09-05 13:15:00,0.16310000,0.16360000,0.16310000,0.16340000,66381.00000000,BEAMUSDT
2022-09-05 13:30:00,0.16340000,0.16370000,0.16320000,0.16340000,25692.00000000,BEAMUSDT
2022-09-05 13:45:00,0.16340000,0.16340000,0.16300000,0.16340000,16410.00000000,BEAMUSDT
2022-09-05 14:00:00,0.16310000,0.16340000,0.16300000,0.16340000,6501.00000000,BEAMUSDT
2022-09-05 14:15:00,0.16310000,0.16410000,0.16290000,0.16400000,29934.00000000,BEAMUSDT
2022-09-05 14:30:00,0.16400000,0.16460000,0.16390000,0.16460000,56338.00000000,BEAMUSDT
2022-09-05 14:45:00,0.16470000,0.16790000,0.16470000,0.16770000,153857.00000000,BEAMUSDT
2022-09-05 15:00:00,0.16770000,0.16920000,0.16600000,0.16880000,222583.00000000,BEAMUSDT
2022-09-05 15:15:00,0.16860000,0.16920000,0.16700000,0.16770000,126458.00000000,BEAMUSDT
2022-09-05 15:30:00,0.16770000,0.16800000,0.16740000,0.16790000,46685.00000000,BEAMUSDT
2022-09-05 15:45:00,0.16790000,0.16870000,0.16760000,0.16830000,66058.00000000,BEAMUSDT
2022-09-05 16:00:00,0.16810000,0.16850000,0.16770000,0.16820000,34581.00000000,BEAMUSDT
2022-09-05 16:15:00,0.16830000,0.16840000,0.16690000,0.16750000,116883.00000000,BEAMUSDT
2022-09-05 16:30:00,0.16760000,0.16930000,0.16700000,0.16880000,94155.00000000,BEAMUSDT
2022-09-05 16:45:00,0.16850000,0.16970000,0.16800000,0.16870000,63379.00000000,BEAMUSDT
2022-09-05 17:00:00,0.16870000,0.16930000,0.16720000,0.16810000,57463.00000000,BEAMUSDT
2022-09-05 17:15:00,0.16820000,0.16850000,0.16750000,0.16800000,53199.00000000,BEAMUSDT
2022-09-05 17:30:00,0.16790000,0.16830000,0.16770000,0.16810000,14018.00000000,BEAMUSDT
2022-09-05 17:45:00,0.16810000,0.16830000,0.16770000,0.16800000,16260.00000000,BEAMUSDT
2022-09-05 18:00:00,0.16780000,0.16790000,0.16700000,0.16700000,32541.00000000,BEAMUSDT
2022-09-05 18:15:00,0.16700000,0.16770000,0.16600000,0.16630000,47265.00000000,BEAMUSDT
2022-09-05 18:30:00,0.16650000,0.16680000,0.16590000,0.16620000,18317.00000000,BEAMUSDT
2022-09-05 18:45:00,0.16650000,0.16700000,0.16630000,0.16700000,12830.00000000,BEAMUSDT
2022-09-05 19:00:00,0.16710000,0.16750000,0.16710000,0.16750000,16511.00000000,BEAMUSDT
2022-09-05 19:15:00,0.16720000,0.16760000,0.16710000,0.16720000,5084.00000000,BEAMUSDT
2022-09-05 19:30:00,0.16730000,0.16730000,0.16720000,0.16730000,5355.00000000,BEAMUSDT
2022-09-05 19:45:00,0.16740000,0.16740000,0.16720000,0.16730000,3954.00000000,BEAMUSDT
2022-09-05 20:00:00,0.16740000,0.16760000,0.16710000,0.16760000,16109.00000000,BEAMUSDT
2022-09-05 20:15:00,0.16740000,0.16800000,0.16740000,0.16800000,8060.00000000,BEAMUSDT
2022-09-05 20:30:00,0.16800000,0.16840000,0.16770000,0.16800000,24124.00000000,BEAMUSDT
2022-09-05 20:45:00,0.16820000,0.16820000,0.16800000,0.16800000,10195.00000000,BEAMUSDT
2022-09-05 21:00:00,0.16830000,0.16840000,0.16770000,0.16840000,27465.00000000,BEAMUSDT
2022-09-05 21:15:00,0.16800000,0.16970000,0.16760000,0.16890000,56096.00000000,BEAMUSDT
2022-09-05 21:30:00,0.16920000,0.16960000,0.16900000,0.16930000,5165.00000000,BEAMUSDT
2022-09-05 21:45:00,0.16930000,0.16950000,0.16760000,0.16910000,54209.00000000,BEAMUSDT
2022-09-05 22:00:00,0.16850000,0.17000000,0.16840000,0.16950000,95048.00000000,BEAMUSDT
2022-09-05 22:15:00,0.16980000,0.17000000,0.16940000,0.16950000,85677.00000000,BEAMUSDT
2022-09-05 22:30:00,0.16950000,0.17180000,0.16950000,0.17130000,72098.00000000,BEAMUSDT
2022-09-05 22:45:00,0.17120000,0.17340000,0.17120000,0.17300000,158044.00000000,BEAMUSDT
2022-09-05 23:00:00,0.17290000,0.17290000,0.17000000,0.17040000,101442.00000000,BEAMUSDT
2022-09-05 23:15:00,0.17020000,0.17090000,0.16940000,0.17040000,37915.00000000,BEAMUSDT
2022-09-05 23:30:00,0.17040000,0.17140000,0.17040000,0.17140000,35008.00000000,BEAMUSDT
2022-09-05 23:45:00,0.17160000,0.17250000,0.17110000,0.17140000,46570.00000000,BEAMUSDT
2022-09-06 00:00:00,0.17130000,0.17260000,0.17120000,0.17240000,27275.00000000,BEAMUSDT
2022-09-06 00:15:00,0.17260000,0.17370000,0.17210000,0.17350000,55994.00000000,BEAMUSDT
2022-09-06 00:30:00,0.17350000,0.17440000,0.17230000,0.17290000,96502.00000000,BEAMUSDT
2022-09-06 00:45:00,0.17300000,0.17320000,0.17130000,0.17200000,109766.00000000,BEAMUSDT
2022-09-06 01:00:00,0.17200000,0.17330000,0.17200000,0.17270000,38654.00000000,BEAMUSDT
2022-09-06 01:15:00,0.17270000,0.17280000,0.17210000,0.17230000,29675.00000000,BEAMUSDT
2022-09-06 01:30:00,0.17220000,0.17260000,0.17080000,0.17090000,84730.00000000,BEAMUSDT
2022-09-06 01:45:00,0.17080000,0.17180000,0.16960000,0.16960000,113356.00000000,BEAMUSDT
2022-09-06 02:00:00,0.16980000,0.16980000,0.16770000,0.16880000,94442.00000000,BEAMUSDT
2022-09-06 02:15:00,0.16910000,0.16970000,0.16890000,0.16930000,30015.00000000,BEAMUSDT
2022-09-06 02:30:00,0.16920000,0.16920000,0.16820000,0.16910000,41767.00000000,BEAMUSDT
2022-09-06 02:45:00,0.16900000,0.16990000,0.16900000,0.16970000,12040.00000000,BEAMUSDT
2022-09-06 03:00:00,0.16970000,0.17110000,0.16850000,0.16970000,97289.00000000,BEAMUSDT
2022-09-06 03:15:00,0.16950000,0.17360000,0.16950000,0.17350000,258832.00000000,BEAMUSDT
2022-09-06 03:30:00,0.17340000,0.17500000,0.17230000,0.17430000,244700.00000000,BEAMUSDT
2022-09-06 03:45:00,0.17430000,0.17530000,0.17090000,0.17320000,254713.00000000,BEAMUSDT
2022-09-06 04:00:00,0.17300000,0.17400000,0.17260000,0.17390000,95419.00000000,BEAMUSDT
2022-09-06 04:15:00,0.17390000,0.17680000,0.17380000,0.17540000,289656.00000000,BEAMUSDT
2022-09-06 04:30:00,0.17510000,0.17720000,0.17450000,0.17690000,229315.00000000,BEAMUSDT
2022-09-06 04:45:00,0.17720000,0.17860000,0.17470000,0.17570000,195550.00000000,BEAMUSDT
2022-09-06 05:00:00,0.17590000,0.17800000,0.17500000,0.17730000,179483.00000000,BEAMUSDT
2022-09-06 05:15:00,0.17750000,0.18130000,0.17670000,0.17970000,1050224.00000000,BEAMUSDT
2022-09-06 05:30:00,0.17960000,0.18190000,0.17790000,0.17800000,385735.00000000,BEAMUSDT
2022-09-06 05:45:00,0.17820000,0.18100000,0.17680000,0.17880000,206526.00000000,BEAMUSDT
2022-09-06 06:00:00,0.17880000,0.17880000,0.17640000,0.17700000,81170.00000000,BEAMUSDT
2022-09-06 06:15:00,0.17700000,0.17750000,0.17640000,0.17650000,84323.00000000,BEAMUSDT
2022-09-06 06:30:00,0.17660000,0.17910000,0.17640000,0.17670000,99470.00000000,BEAMUSDT
2022-09-06 06:45:00,0.17690000,0.17810000,0.17690000,0.17780000,80899.00000000,BEAMUSDT
2022-09-06 07:00:00,0.17790000,0.18040000,0.17710000,0.17860000,202707.00000000,BEAMUSDT
2022-09-06 07:15:00,0.17860000,0.17900000,0.17810000,0.17840000,83647.00000000,BEAMUSDT
2022-09-06 07:30:00,0.17840000,0.17890000,0.17780000,0.17880000,84393.00000000,BEAMUSDT
2022-09-06 07:45:00,0.17850000,0.17850000,0.17760000,0.17800000,33764.00000000,BEAMUSDT
2022-09-06 08:00:00,0.17810000,0.17830000,0.17720000,0.17740000,61576.00000000,BEAMUSDT
2022-09-06 08:15:00,0.17730000,0.17750000,0.17680000,0.17750000,102214.00000000,BEAMUSDT
2022-09-06 08:30:00,0.17750000,0.17880000,0.17750000,0.17820000,85375.00000000,BEAMUSDT
2022-09-06 08:45:00,0.17840000,0.18180000,0.17800000,0.18060000,247527.00000000,BEAMUSDT
2022-09-06 09:00:00,0.18070000,0.18140000,0.17880000,0.17910000,49367.00000000,BEAMUSDT
2022-09-06 09:15:00,0.17920000,0.17980000,0.17750000,0.17790000,134232.00000000,BEAMUSDT
2022-09-06 09:30:00,0.17750000,0.18010000,0.17750000,0.18010000,80882.00000000,BEAMUSDT
2022-09-06 09:45:00,0.18010000,0.18280000,0.17780000,0.18130000,317501.00000000,BEAMUSDT
2022-09-06 10:00:00,0.18120000,0.18150000,0.17900000,0.18130000,180200.00000000,BEAMUSDT
2022-09-06 10:15:00,0.18130000,0.18140000,0.18040000,0.18070000,33431.00000000,BEAMUSDT
2022-09-06 10:30:00,0.18100000,0.18170000,0.17990000,0.17990000,72653.00000000,BEAMUSDT
2022-09-06 10:45:00,0.18010000,0.18180000,0.18000000,0.18160000,105058.00000000,BEAMUSDT
2022-09-06 11:00:00,0.18170000,0.18520000,0.18140000,0.18390000,280538.00000000,BEAMUSDT
2022-09-06 11:15:00,0.18390000,0.19490000,0.18280000,0.18800000,3246881.00000000,BEAMUSDT
2022-09-06 11:30:00,0.18800000,0.19300000,0.18430000,0.18580000,2012724.00000000,BEAMUSDT
2022-09-06 11:45:00,0.18550000,0.18590000,0.18290000,0.18360000,516551.00000000,BEAMUSDT
2022-09-06 12:00:00,0.18360000,0.18490000,0.18200000,0.18340000,335067.00000000,BEAMUSDT
2022-09-06 12:15:00,0.18350000,0.18620000,0.18350000,0.18440000,203846.00000000,BEAMUSDT
2022-09-06 12:30:00,0.18410000,0.18410000,0.18000000,0.18170000,448303.00000000,BEAMUSDT
2022-09-06 12:45:00,0.18170000,0.18510000,0.18170000,0.18350000,216821.00000000,BEAMUSDT
2022-09-06 13:00:00,0.18360000,0.18390000,0.18170000,0.18180000,225054.00000000,BEAMUSDT
2022-09-06 13:15:00,0.18200000,0.18390000,0.18120000,0.18370000,182756.00000000,BEAMUSDT
2022-09-06 13:30:00,0.18380000,0.18830000,0.18220000,0.18740000,635456.00000000,BEAMUSDT
2022-09-06 13:45:00,0.18740000,0.18840000,0.18270000,0.18650000,848807.00000000,BEAMUSDT
2022-09-06 14:00:00,0.18690000,0.18980000,0.18330000,0.18490000,850175.00000000,BEAMUSDT
2022-09-06 14:15:00,0.18450000,0.18830000,0.18360000,0.18750000,534514.00000000,BEAMUSDT
2022-09-06 14:30:00,0.18730000,0.19410000,0.18560000,0.19010000,1252397.00000000,BEAMUSDT
2022-09-06 14:45:00,0.18970000,0.19020000,0.18640000,0.18840000,375693.00000000,BEAMUSDT
2022-09-06 15:00:00,0.18790000,0.18820000,0.18630000,0.18630000,281590.00000000,BEAMUSDT
2022-09-06 15:15:00,0.18620000,0.18980000,0.18530000,0.18770000,350682.00000000,BEAMUSDT
2022-09-06 15:30:00,0.18780000,0.18860000,0.18690000,0.18730000,212079.00000000,BEAMUSDT
2022-09-06 15:45:00,0.18700000,0.19110000,0.18650000,0.18990000,212923.00000000,BEAMUSDT
2022-09-06 16:00:00,0.18980000,0.19060000,0.18570000,0.18620000,397323.00000000,BEAMUSDT
2022-09-06 16:15:00,0.18600000,0.18700000,0.18450000,0.18450000,224801.00000000,BEAMUSDT
2022-09-06 16:30:00,0.18450000,0.18620000,0.18300000,0.18620000,238733.00000000,BEAMUSDT
2022-09-06 16:45:00,0.18620000,0.18800000,0.18590000,0.18730000,93674.00000000,BEAMUSDT
2022-09-06 17:00:00,0.18710000,0.18710000,0.17810000,0.18000000,716086.00000000,BEAMUSDT
2022-09-06 17:15:00,0.18000000,0.18130000,0.17610000,0.17770000,583755.00000000,BEAMUSDT
2022-09-06 17:30:00,0.17780000,0.17850000,0.17590000,0.17760000,212890.00000000,BEAMUSDT
2022-09-06 17:45:00,0.17730000,0.17950000,0.17500000,0.17890000,266385.00000000,BEAMUSDT
2022-09-06 18:00:00,0.17850000,0.17880000,0.17660000,0.17850000,130586.00000000,BEAMUSDT
2022-09-06 18:15:00,0.17850000,0.17870000,0.17560000,0.17650000,95369.00000000,BEAMUSDT
2022-09-06 18:30:00,0.17660000,0.17750000,0.17580000,0.17580000,87493.00000000,BEAMUSDT
2022-09-06 18:45:00,0.17600000,0.17600000,0.17420000,0.17430000,181398.00000000,BEAMUSDT
2022-09-06 19:00:00,0.17430000,0.17430000,0.17000000,0.17180000,1082142.00000000,BEAMUSDT
2022-09-06 19:15:00,0.17190000,0.17390000,0.17190000,0.17260000,249637.00000000,BEAMUSDT
2022-09-06 19:30:00,0.17220000,0.17220000,0.17000000,0.17090000,167688.00000000,BEAMUSDT
2022-09-06 19:45:00,0.17100000,0.17150000,0.16950000,0.17060000,157598.00000000,BEAMUSDT
2022-09-06 20:00:00,0.17030000,0.17090000,0.16700000,0.16740000,439545.00000000,BEAMUSDT
2022-09-06 20:15:00,0.16730000,0.16800000,0.15920000,0.16040000,1273850.00000000,BEAMUSDT
2022-09-06 20:30:00,0.16040000,0.16400000,0.16040000,0.16380000,397770.00000000,BEAMUSDT
2022-09-06 20:45:00,0.16400000,0.16690000,0.16290000,0.16610000,217175.00000000,BEAMUSDT
2022-09-06 21:00:00,0.16610000,0.16710000,0.16540000,0.16580000,78907.00000000,BEAMUSDT
2022-09-06 21:15:00,0.16560000,0.16620000,0.16510000,0.16530000,17140.00000000,BEAMUSDT
2022-09-06 21:30:00,0.16530000,0.16570000,0.16500000,0.16510000,23196.00000000,BEAMUSDT
2022-09-06 21:45:00,0.16510000,0.16580000,0.16500000,0.16580000,42669.00000000,BEAMUSDT
2022-09-06 22:00:00,0.16520000,0.16610000,0.16510000,0.16580000,31945.00000000,BEAMUSDT
2022-09-06 22:15:00,0.16540000,0.16590000,0.16500000,0.16520000,29871.00000000,BEAMUSDT
2022-09-06 22:30:00,0.16520000,0.16580000,0.16230000,0.16520000,208568.00000000,BEAMUSDT
2022-09-06 22:45:00,0.16520000,0.16620000,0.16500000,0.16610000,48845.00000000,BEAMUSDT
2022-09-06 23:00:00,0.16550000,0.16550000,0.16210000,0.16310000,52698.00000000,BEAMUSDT
2022-09-06 23:15:00,0.16310000,0.16370000,0.16220000,0.16320000,80091.00000000,BEAMUSDT
2022-09-06 23:30:00,0.16320000,0.16350000,0.16120000,0.16170000,46331.00000000,BEAMUSDT
2022-09-06 23:45:00,0.16140000,0.16200000,0.16040000,0.16080000,72253.00000000,BEAMUSDT
2022-09-07 00:00:00,0.16090000,0.16350000,0.16000000,0.16280000,156934.00000000,BEAMUSDT
2022-09-07 00:15:00,0.16310000,0.16320000,0.15860000,0.15990000,215896.00000000,BEAMUSDT
2022-09-07 00:30:00,0.16020000,0.16100000,0.15900000,0.15930000,111380.00000000,BEAMUSDT
2022-09-07 00:45:00,0.15900000,0.16020000,0.15900000,0.16000000,63540.00000000,BEAMUSDT
2022-09-07 01:00:00,0.15980000,0.16000000,0.15950000,0.15980000,40625.00000000,BEAMUSDT
2022-09-07 01:15:00,0.16000000,0.16220000,0.15950000,0.16140000,165379.00000000,BEAMUSDT
2022-09-07 01:30:00,0.16140000,0.16340000,0.16140000,0.16160000,394711.00000000,BEAMUSDT
2022-09-07 01:45:00,0.16190000,0.16550000,0.16190000,0.16530000,290677.00000000,BEAMUSDT
2022-09-07 02:00:00,0.16490000,0.16510000,0.16310000,0.16310000,151179.00000000,BEAMUSDT
2022-09-07 02:15:00,0.16350000,0.16410000,0.16200000,0.16250000,274355.00000000,BEAMUSDT
2022-09-07 02:30:00,0.16290000,0.16330000,0.16230000,0.16300000,18493.00000000,BEAMUSDT
2022-09-07 02:45:00,0.16290000,0.16340000,0.16260000,0.16340000,41298.00000000,BEAMUSDT
2022-09-07 03:00:00,0.16310000,0.16390000,0.16280000,0.16290000,94023.00000000,BEAMUSDT
2022-09-07 03:15:00,0.16340000,0.16360000,0.16300000,0.16330000,40868.00000000,BEAMUSDT
2022-09-07 03:30:00,0.16370000,0.16370000,0.16290000,0.16290000,21060.00000000,BEAMUSDT
2022-09-07 03:45:00,0.16290000,0.16440000,0.16290000,0.16360000,85446.00000000,BEAMUSDT
2022-09-07 04:00:00,0.16350000,0.16380000,0.16300000,0.16350000,26951.00000000,BEAMUSDT
2022-09-07 04:15:00,0.16350000,0.16380000,0.16340000,0.16340000,27337.00000000,BEAMUSDT
2022-09-07 04:30:00,0.16340000,0.16430000,0.16340000,0.16380000,78382.00000000,BEAMUSDT
2022-09-07 04:45:00,0.16400000,0.16400000,0.16340000,0.16360000,75170.00000000,BEAMUSDT
2022-09-07 05:00:00,0.16360000,0.16360000,0.16280000,0.16330000,117747.00000000,BEAMUSDT
2022-09-07 05:15:00,0.16340000,0.16370000,0.16330000,0.16370000,27151.00000000,BEAMUSDT
2022-09-07 05:30:00,0.16360000,0.16560000,0.16320000,0.16560000,161784.00000000,BEAMUSDT
2022-09-07 05:45:00,0.16580000,0.16660000,0.16550000,0.16610000,86250.00000000,BEAMUSDT
2022-09-07 06:00:00,0.16610000,0.16610000,0.16500000,0.16580000,52905.00000000,BEAMUSDT
2022-09-07 06:15:00,0.16580000,0.16580000,0.16530000,0.16550000,23017.00000000,BEAMUSDT
2022-09-07 06:30:00,0.16530000,0.16560000,0.16500000,0.16560000,37650.00000000,BEAMUSDT
2022-09-07 06:45:00,0.16560000,0.16600000,0.16390000,0.16400000,260685.00000000,BEAMUSDT
2022-09-07 07:00:00,0.16400000,0.16470000,0.16090000,0.16280000,697601.00000000,BEAMUSDT
2022-09-07 07:15:00,0.16280000,0.16280000,0.16100000,0.16180000,197964.00000000,BEAMUSDT
2022-09-07 07:30:00,0.16170000,0.16650000,0.16150000,0.16600000,296740.00000000,BEAMUSDT
2022-09-07 07:45:00,0.16610000,0.16630000,0.16550000,0.16550000,89446.00000000,BEAMUSDT
2022-09-07 08:00:00,0.16550000,0.16630000,0.16390000,0.16610000,217740.00000000,BEAMUSDT
2022-09-07 08:15:00,0.16610000,0.16950000,0.16570000,0.16820000,746205.00000000,BEAMUSDT
2022-09-07 08:30:00,0.16830000,0.16830000,0.16700000,0.16730000,28249.00000000,BEAMUSDT
2022-09-07 08:45:00,0.16710000,0.16750000,0.16660000,0.16720000,31451.00000000,BEAMUSDT
2022-09-07 09:00:00,0.16700000,0.16700000,0.16600000,0.16630000,35471.00000000,BEAMUSDT
2022-09-07 09:15:00,0.16630000,0.16810000,0.16600000,0.16710000,73181.00000000,BEAMUSDT
2022-09-07 09:30:00,0.16710000,0.16860000,0.16680000,0.16850000,97981.00000000,BEAMUSDT
2022-09-07 09:45:00,0.16850000,0.16850000,0.16690000,0.16760000,146829.00000000,BEAMUSDT
2022-09-07 10:00:00,0.16730000,0.16730000,0.16610000,0.16620000,48479.00000000,BEAMUSDT
2022-09-07 10:15:00,0.16620000,0.16690000,0.16600000,0.16660000,23278.00000000,BEAMUSDT
2022-09-07 10:30:00,0.16690000,0.16820000,0.16660000,0.16810000,82720.00000000,BEAMUSDT
2022-09-07 10:45:00,0.16790000,0.16810000,0.16740000,0.16800000,27741.00000000,BEAMUSDT
2022-09-07 11:00:00,0.16800000,0.16850000,0.16670000,0.16720000,164759.00000000,BEAMUSDT
2022-09-07 11:15:00,0.16700000,0.16760000,0.16700000,0.16760000,43633.00000000,BEAMUSDT
2022-09-07 11:30:00,0.16770000,0.16770000,0.16680000,0.16710000,60666.00000000,BEAMUSDT
2022-09-07 11:45:00,0.16730000,0.16730000,0.16660000,0.16660000,64716.00000000,BEAMUSDT
2022-09-07 12:00:00,0.16660000,0.16680000,0.16610000,0.16610000,8212.00000000,BEAMUSDT
2022-09-07 12:15:00,0.16620000,0.16620000,0.16530000,0.16570000,89865.00000000,BEAMUSDT
2022-09-07 12:30:00,0.16570000,0.16660000,0.16570000,0.16630000,78339.00000000,BEAMUSDT
2022-09-07 12:45:00,0.16630000,0.16900000,0.16620000,0.16860000,137786.00000000,BEAMUSDT
2022-09-07 13:00:00,0.16880000,0.17140000,0.16880000,0.17050000,343094.00000000,BEAMUSDT
2022-09-07 13:15:00,0.17050000,0.17060000,0.16960000,0.17010000,54096.00000000,BEAMUSDT
2022-09-07 13:30:00,0.17010000,0.17210000,0.16970000,0.17160000,130034.00000000,BEAMUSDT
2022-09-07 13:45:00,0.17180000,0.17180000,0.16980000,0.17050000,77462.00000000,BEAMUSDT
2022-09-07 14:00:00,0.17040000,0.17070000,0.16930000,0.16990000,73032.00000000,BEAMUSDT
2022-09-07 14:15:00,0.16960000,0.17280000,0.16960000,0.17240000,68075.00000000,BEAMUSDT
2022-09-07 14:30:00,0.17240000,0.17280000,0.17220000,0.17230000,93465.00000000,BEAMUSDT
2022-09-07 14:45:00,0.17260000,0.17300000,0.17240000,0.17250000,44913.00000000,BEAMUSDT
2022-09-07 15:00:00,0.17260000,0.17320000,0.17250000,0.17270000,111144.00000000,BEAMUSDT
2022-09-07 15:15:00,0.17280000,0.17320000,0.17250000,0.17310000,90048.00000000,BEAMUSDT
2022-09-07 15:30:00,0.17270000,0.17290000,0.17250000,0.17280000,24685.00000000,BEAMUSDT
2022-09-07 15:45:00,0.17250000,0.17260000,0.16860000,0.17040000,364654.00000000,BEAMUSDT
2022-09-07 16:00:00,0.17060000,0.17150000,0.16970000,0.16990000,131815.00000000,BEAMUSDT
2022-09-07 16:15:00,0.16970000,0.17000000,0.16910000,0.16930000,75621.00000000,BEAMUSDT
2022-09-07 16:30:00,0.16950000,0.17030000,0.16940000,0.17020000,45447.00000000,BEAMUSDT
2022-09-07 16:45:00,0.17020000,0.17050000,0.16940000,0.16940000,75077.00000000,BEAMUSDT
2022-09-07 17:00:00,0.16940000,0.16980000,0.16940000,0.16980000,31553.00000000,BEAMUSDT
2022-09-07 17:15:00,0.16980000,0.16990000,0.16840000,0.16840000,93424.00000000,BEAMUSDT
2022-09-07 17:30:00,0.16850000,0.17190000,0.16840000,0.17190000,273408.00000000,BEAMUSDT
2022-09-07 17:45:00,0.17190000,0.17360000,0.17190000,0.17340000,97163.00000000,BEAMUSDT
2022-09-07 18:00:00,0.17340000,0.17370000,0.17160000,0.17200000,114140.00000000,BEAMUSDT
2022-09-07 18:15:00,0.17200000,0.17350000,0.17200000,0.17320000,147154.00000000,BEAMUSDT
2022-09-07 18:30:00,0.17310000,0.17320000,0.17200000,0.17210000,62281.00000000,BEAMUSDT
2022-09-07 18:45:00,0.17240000,0.17410000,0.17200000,0.17350000,83115.00000000,BEAMUSDT
2022-09-07 19:00:00,0.17300000,0.17470000,0.17300000,0.17410000,21700.00000000,BEAMUSDT
2022-09-07 19:15:00,0.17420000,0.17540000,0.17400000,0.17470000,67307.00000000,BEAMUSDT
2022-09-07 19:30:00,0.17480000,0.17640000,0.17440000,0.17630000,132443.00000000,BEAMUSDT
2022-09-07 19:45:00,0.17630000,0.17730000,0.17590000,0.17590000,127965.00000000,BEAMUSDT
2022-09-07 20:00:00,0.17580000,0.17650000,0.17580000,0.17590000,52298.00000000,BEAMUSDT
2022-09-07 20:15:00,0.17590000,0.17760000,0.17560000,0.17690000,241394.00000000,BEAMUSDT
2022-09-07 20:30:00,0.17700000,0.17750000,0.17630000,0.17740000,84565.00000000,BEAMUSDT
2022-09-07 20:45:00,0.17710000,0.17790000,0.17700000,0.17700000,64914.00000000,BEAMUSDT
2022-09-07 21:00:00,0.17710000,0.17710000,0.17610000,0.17620000,60095.00000000,BEAMUSDT
2022-09-07 21:15:00,0.17630000,0.17640000,0.17560000,0.17640000,76438.00000000,BEAMUSDT
2022-09-07 21:30:00,0.17620000,0.17620000,0.17470000,0.17530000,31482.00000000,BEAMUSDT
2022-09-07 21:45:00,0.17550000,0.17610000,0.17520000,0.17530000,13739.00000000,BEAMUSDT
2022-09-07 22:00:00,0.17570000,0.17570000,0.17460000,0.17530000,34562.00000000,BEAMUSDT
2022-09-07 22:15:00,0.17500000,0.17540000,0.17440000,0.17460000,22004.00000000,BEAMUSDT
2022-09-07 22:30:00,0.17470000,0.17470000,0.17400000,0.17400000,21029.00000000,BEAMUSDT
2022-09-07 22:45:00,0.17410000,0.17670000,0.17400000,0.17570000,86338.00000000,BEAMUSDT
2022-09-07 23:00:00,0.17610000,0.17610000,0.17530000,0.17600000,60229.00000000,BEAMUSDT
2022-09-07 23:15:00,0.17540000,0.17560000,0.17530000,0.17530000,2795.00000000,BEAMUSDT
2022-09-07 23:30:00,0.17560000,0.17580000,0.17530000,0.17530000,9728.00000000,BEAMUSDT
2022-09-07 23:45:00,0.17540000,0.17540000,0.17380000,0.17470000,77298.00000000,BEAMUSDT
2022-09-08 00:00:00,0.17520000,0.17550000,0.17520000,0.17530000,13304.00000000,BEAMUSDT
2022-09-08 00:15:00,0.17550000,0.17600000,0.17520000,0.17600000,64281.00000000,BEAMUSDT
2022-09-08 00:30:00,0.17600000,0.17610000,0.17550000,0.17550000,7601.00000000,BEAMUSDT
2022-09-08 00:45:00,0.17550000,0.17650000,0.17540000,0.17640000,10002.00000000,BEAMUSDT
2022-09-08 01:00:00,0.17660000,0.17730000,0.17660000,0.17700000,75219.00000000,BEAMUSDT
2022-09-08 01:15:00,0.17700000,0.17700000,0.17470000,0.17510000,154665.00000000,BEAMUSDT
2022-09-08 01:30:00,0.17510000,0.17550000,0.17480000,0.17480000,15582.00000000,BEAMUSDT
2022-09-08 01:45:00,0.17500000,0.17510000,0.17480000,0.17480000,61840.00000000,BEAMUSDT
2022-09-08 02:00:00,0.17490000,0.17540000,0.17480000,0.17510000,17799.00000000,BEAMUSDT
2022-09-08 02:15:00,0.17530000,0.17560000,0.17520000,0.17560000,25641.00000000,BEAMUSDT
2022-09-08 02:30:00,0.17550000,0.17560000,0.17540000,0.17550000,9598.00000000,BEAMUSDT
2022-09-08 02:45:00,0.17530000,0.17530000,0.17490000,0.17520000,38691.00000000,BEAMUSDT
2022-09-08 03:00:00,0.17520000,0.17690000,0.17520000,0.17630000,127070.00000000,BEAMUSDT
2022-09-08 03:15:00,0.17640000,0.17650000,0.17600000,0.17600000,32633.00000000,BEAMUSDT
2022-09-08 03:30:00,0.17600000,0.17640000,0.17570000,0.17610000,12923.00000000,BEAMUSDT
2022-09-08 03:45:00,0.17610000,0.17630000,0.17580000,0.17580000,7925.00000000,BEAMUSDT
2022-09-08 04:00:00,0.17650000,0.17700000,0.17640000,0.17650000,15033.00000000,BEAMUSDT
2022-09-08 04:15:00,0.17660000,0.17740000,0.17660000,0.17710000,23339.00000000,BEAMUSDT
2022-09-08 04:30:00,0.17710000,0.17710000,0.17660000,0.17660000,3156.00000000,BEAMUSDT
2022-09-08 04:45:00,0.17660000,0.17680000,0.17490000,0.17500000,71508.00000000,BEAMUSDT
2022-09-08 05:00:00,0.17500000,0.17540000,0.17500000,0.17530000,11131.00000000,BEAMUSDT
2022-09-08 05:15:00,0.17510000,0.17530000,0.17480000,0.17530000,24067.00000000,BEAMUSDT
2022-09-08 05:30:00,0.17530000,0.17530000,0.17480000,0.17490000,18315.00000000,BEAMUSDT
2022-09-08 05:45:00,0.17500000,0.17520000,0.17470000,0.17480000,92039.00000000,BEAMUSDT
2022-09-08 06:00:00,0.17480000,0.17510000,0.17480000,0.17480000,59609.00000000,BEAMUSDT
2022-09-08 06:15:00,0.17500000,0.17520000,0.17470000,0.17490000,37745.00000000,BEAMUSDT
2022-09-08 06:30:00,0.17490000,0.17500000,0.17480000,0.17480000,27732.00000000,BEAMUSDT
2022-09-08 06:45:00,0.17510000,0.17510000,0.17470000,0.17470000,64952.00000000,BEAMUSDT
2022-09-08 07:00:00,0.17490000,0.17530000,0.17470000,0.17510000,202899.00000000,BEAMUSDT
2022-09-08 07:15:00,0.17500000,0.17510000,0.17470000,0.17470000,170338.00000000,BEAMUSDT
2022-09-08 07:30:00,0.17470000,0.17560000,0.17470000,0.17490000,53786.00000000,BEAMUSDT
2022-09-08 07:45:00,0.17510000,0.17570000,0.17490000,0.17570000,25829.00000000,BEAMUSDT
2022-09-08 08:00:00,0.17560000,0.17580000,0.17540000,0.17580000,32547.00000000,BEAMUSDT
2022-09-08 08:15:00,0.17570000,0.17660000,0.17560000,0.17660000,95657.00000000,BEAMUSDT
2022-09-08 08:30:00,0.17650000,0.17710000,0.17610000,0.17650000,43431.00000000,BEAMUSDT
2022-09-08 08:45:00,0.17660000,0.17720000,0.17650000,0.17660000,69417.00000000,BEAMUSDT
2022-09-08 09:00:00,0.17660000,0.17700000,0.17530000,0.17530000,57720.00000000,BEAMUSDT
2022-09-08 09:15:00,0.17580000,0.17610000,0.17540000,0.17540000,32561.00000000,BEAMUSDT
2022-09-08 09:30:00,0.17550000,0.17550000,0.17520000,0.17550000,21690.00000000,BEAMUSDT
2022-09-08 09:45:00,0.17560000,0.17560000,0.17520000,0.17520000,25022.00000000,BEAMUSDT
2022-09-08 10:00:00,0.17550000,0.17610000,0.17550000,0.17590000,44750.00000000,BEAMUSDT
2022-09-08 10:15:00,0.17610000,0.17620000,0.17550000,0.17560000,36537.00000000,BEAMUSDT
2022-09-08 10:30:00,0.17560000,0.17580000,0.17540000,0.17560000,13972.00000000,BEAMUSDT
2022-09-08 10:45:00,0.17560000,0.17620000,0.17560000,0.17600000,58400.00000000,BEAMUSDT
2022-09-08 11:00:00,0.17600000,0.17620000,0.17550000,0.17600000,79211.00000000,BEAMUSDT
2022-09-08 11:15:00,0.17590000,0.17620000,0.17590000,0.17610000,45855.00000000,BEAMUSDT
2022-09-08 11:30:00,0.17600000,0.17700000,0.17600000,0.17680000,98934.00000000,BEAMUSDT
2022-09-08 11:45:00,0.17670000,0.17710000,0.17670000,0.17700000,38836.00000000,BEAMUSDT
2022-09-08 12:00:00,0.17690000,0.17730000,0.17690000,0.17710000,27442.00000000,BEAMUSDT
2022-09-08 12:15:00,0.17690000,0.17780000,0.17620000,0.17670000,150853.00000000,BEAMUSDT
2022-09-08 12:30:00,0.17690000,0.17690000,0.17600000,0.17610000,55442.00000000,BEAMUSDT
2022-09-08 12:45:00,0.17590000,0.17670000,0.17560000,0.17600000,91607.00000000,BEAMUSDT
2022-09-08 13:00:00,0.17600000,0.17840000,0.17550000,0.17610000,214282.00000000,BEAMUSDT
2022-09-08 13:15:00,0.17610000,0.17810000,0.17600000,0.17670000,289309.00000000,BEAMUSDT
2022-09-08 13:30:00,0.17670000,0.17930000,0.17620000,0.17930000,303654.00000000,BEAMUSDT
2022-09-08 13:45:00,0.17930000,0.17940000,0.17670000,0.17790000,329138.00000000,BEAMUSDT
2022-09-08 14:00:00,0.17790000,0.17930000,0.17670000,0.17930000,98333.00000000,BEAMUSDT
2022-09-08 14:15:00,0.17920000,0.18130000,0.17900000,0.18100000,333632.00000000,BEAMUSDT
2022-09-08 14:30:00,0.18090000,0.18310000,0.18010000,0.18050000,332858.00000000,BEAMUSDT
2022-09-08 14:45:00,0.18040000,0.18070000,0.17890000,0.17950000,161625.00000000,BEAMUSDT
2022-09-08 15:00:00,0.17990000,0.18040000,0.17940000,0.17950000,116098.00000000,BEAMUSDT
2022-09-08 15:15:00,0.17950000,0.18010000,0.17950000,0.17950000,29253.00000000,BEAMUSDT
2022-09-08 15:30:00,0.17960000,0.17960000,0.17810000,0.17850000,134599.00000000,BEAMUSDT
2022-09-08 15:45:00,0.17850000,0.17850000,0.17800000,0.17830000,35274.00000000,BEAMUSDT
2022-09-08 16:00:00,0.17840000,0.17910000,0.17800000,0.17880000,119311.00000000,BEAMUSDT
2022-09-08 16:15:00,0.17860000,0.17860000,0.17800000,0.17820000,58292.00000000,BEAMUSDT
2022-09-08 16:30:00,0.17820000,0.17900000,0.17810000,0.17850000,40622.00000000,BEAMUSDT
2022-09-08 16:45:00,0.17860000,0.17900000,0.17840000,0.17880000,36420.00000000,BEAMUSDT
2022-09-08 17:00:00,0.17880000,0.17910000,0.17820000,0.17900000,44589.00000000,BEAMUSDT
2022-09-08 17:15:00,0.17900000,0.18230000,0.17870000,0.18220000,106480.00000000,BEAMUSDT
2022-09-08 17:30:00,0.18230000,0.19380000,0.18160000,0.19110000,4372934.00000000,BEAMUSDT
2022-09-08 17:45:00,0.19150000,0.19490000,0.18040000,0.18140000,5079593.00000000,BEAMUSDT
2022-09-08 18:00:00,0.18140000,0.18410000,0.17940000,0.18010000,800517.00000000,BEAMUSDT
2022-09-08 18:15:00,0.18000000,0.18060000,0.17870000,0.17940000,217549.00000000,BEAMUSDT
2022-09-08 18:30:00,0.17930000,0.17970000,0.17800000,0.17810000,169971.00000000,BEAMUSDT
2022-09-08 18:45:00,0.17810000,0.17900000,0.17810000,0.17860000,68386.00000000,BEAMUSDT
2022-09-08 19:00:00,0.17870000,0.17980000,0.17600000,0.17910000,602696.00000000,BEAMUSDT
2022-09-08 19:15:00,0.17930000,0.18000000,0.17900000,0.17900000,45355.00000000,BEAMUSDT
2022-09-08 19:30:00,0.17900000,0.17940000,0.17800000,0.17810000,63574.00000000,BEAMUSDT
2022-09-08 19:45:00,0.17820000,0.17860000,0.17790000,0.17840000,44487.00000000,BEAMUSDT
2022-09-08 20:00:00,0.17820000,0.17910000,0.17790000,0.17850000,48007.00000000,BEAMUSDT
2022-09-08 20:15:00,0.17830000,0.17870000,0.17770000,0.17770000,13572.00000000,BEAMUSDT
2022-09-08 20:30:00,0.17760000,0.17790000,0.17700000,0.17720000,53043.00000000,BEAMUSDT
2022-09-08 20:45:00,0.17740000,0.17740000,0.17680000,0.17680000,20253.00000000,BEAMUSDT
2022-09-08 21:00:00,0.17700000,0.17700000,0.17590000,0.17620000,83727.00000000,BEAMUSDT
2022-09-08 21:15:00,0.17620000,0.17650000,0.17620000,0.17640000,8987.00000000,BEAMUSDT
2022-09-08 21:30:00,0.17640000,0.17670000,0.17590000,0.17590000,64023.00000000,BEAMUSDT
2022-09-08 21:45:00,0.17630000,0.17650000,0.17600000,0.17650000,10971.00000000,BEAMUSDT
2022-09-08 22:00:00,0.17650000,0.17660000,0.17640000,0.17640000,3842.00000000,BEAMUSDT
2022-09-08 22:15:00,0.17620000,0.17660000,0.17610000,0.17650000,15122.00000000,BEAMUSDT
2022-09-08 22:30:00,0.17650000,0.17660000,0.17590000,0.17660000,14468.00000000,BEAMUSDT
2022-09-08 22:45:00,0.17670000,0.17730000,0.17670000,0.17730000,17686.00000000,BEAMUSDT
2022-09-08 23:00:00,0.17740000,0.17790000,0.17730000,0.17790000,24045.00000000,BEAMUSDT
2022-09-08 23:15:00,0.17790000,0.17880000,0.17780000,0.17880000,45727.00000000,BEAMUSDT
2022-09-08 23:30:00,0.17880000,0.17880000,0.17770000,0.17840000,43284.00000000,BEAMUSDT
2022-09-08 23:45:00,0.17860000,0.17880000,0.17850000,0.17860000,26163.00000000,BEAMUSDT
2022-09-09 00:00:00,0.17860000,0.17880000,0.17780000,0.17880000,35521.00000000,BEAMUSDT
2022-09-09 00:15:00,0.17890000,0.17970000,0.17870000,0.17970000,18843.00000000,BEAMUSDT
2022-09-09 00:30:00,0.17970000,0.18050000,0.17970000,0.18020000,26343.00000000,BEAMUSDT
2022-09-09 00:45:00,0.18040000,0.18230000,0.18020000,0.18140000,189215.00000000,BEAMUSDT
2022-09-09 01:00:00,0.18170000,0.18230000,0.18100000,0.18130000,44124.00000000,BEAMUSDT
2022-09-09 01:15:00,0.18140000,0.18140000,0.18010000,0.18140000,46376.00000000,BEAMUSDT
2022-09-09 01:30:00,0.18140000,0.18140000,0.17980000,0.18030000,25135.00000000,BEAMUSDT
2022-09-09 01:45:00,0.18030000,0.18310000,0.18010000,0.18310000,120090.00000000,BEAMUSDT
2022-09-09 02:00:00,0.18320000,0.18560000,0.18310000,0.18410000,305899.00000000,BEAMUSDT
2022-09-09 02:15:00,0.18380000,0.18500000,0.18350000,0.18450000,96151.00000000,BEAMUSDT
2022-09-09 02:30:00,0.18430000,0.18710000,0.18430000,0.18640000,305467.00000000,BEAMUSDT
2022-09-09 02:45:00,0.18640000,0.18820000,0.18640000,0.18750000,165712.00000000,BEAMUSDT
2022-09-09 03:00:00,0.18760000,0.18760000,0.18580000,0.18580000,106151.00000000,BEAMUSDT
2022-09-09 03:15:00,0.18590000,0.18730000,0.18560000,0.18560000,153542.00000000,BEAMUSDT
2022-09-09 03:30:00,0.18560000,0.18640000,0.18460000,0.18470000,241765.00000000,BEAMUSDT
2022-09-09 03:45:00,0.18470000,0.18490000,0.18280000,0.18440000,185526.00000000,BEAMUSDT
2022-09-09 04:00:00,0.18480000,0.18600000,0.18360000,0.18590000,146558.00000000,BEAMUSDT
2022-09-09 04:15:00,0.18580000,0.18640000,0.18510000,0.18640000,84672.00000000,BEAMUSDT
2022-09-09 04:30:00,0.18620000,0.18620000,0.18460000,0.18500000,127309.00000000,BEAMUSDT
2022-09-09 04:45:00,0.18500000,0.18690000,0.18500000,0.18690000,84877.00000000,BEAMUSDT
2022-09-09 05:00:00,0.18690000,0.18780000,0.18670000,0.18740000,77097.00000000,BEAMUSDT
2022-09-09 05:15:00,0.18750000,0.18780000,0.18710000,0.18730000,47241.00000000,BEAMUSDT
2022-09-09 05:30:00,0.18710000,0.18800000,0.18630000,0.18630000,167897.00000000,BEAMUSDT
2022-09-09 05:45:00,0.18650000,0.18650000,0.18550000,0.18550000,130673.00000000,BEAMUSDT
2022-09-09 06:00:00,0.18580000,0.18590000,0.18460000,0.18480000,151888.00000000,BEAMUSDT
2022-09-09 06:15:00,0.18460000,0.18580000,0.18450000,0.18480000,105463.00000000,BEAMUSDT
2022-09-09 06:30:00,0.18490000,0.18490000,0.18380000,0.18420000,168069.00000000,BEAMUSDT
2022-09-09 06:45:00,0.18410000,0.18470000,0.18380000,0.18450000,38474.00000000,BEAMUSDT
2022-09-09 07:00:00,0.18470000,0.18540000,0.18440000,0.18490000,35737.00000000,BEAMUSDT
2022-09-09 07:15:00,0.18490000,0.18500000,0.18340000,0.18340000,122592.00000000,BEAMUSDT
2022-09-09 07:30:00,0.18360000,0.18370000,0.18320000,0.18370000,39501.00000000,BEAMUSDT
2022-09-09 07:45:00,0.18360000,0.18400000,0.18360000,0.18380000,6280.00000000,BEAMUSDT
2022-09-09 08:00:00,0.18380000,0.18410000,0.18310000,0.18330000,104889.00000000,BEAMUSDT
2022-09-09 08:15:00,0.18330000,0.18560000,0.18330000,0.18550000,100900.00000000,BEAMUSDT
2022-09-09 08:30:00,0.18550000,0.18600000,0.18500000,0.18560000,70867.00000000,BEAMUSDT
2022-09-09 08:45:00,0.18590000,0.18730000,0.18590000,0.18660000,96715.00000000,BEAMUSDT
2022-09-09 09:00:00,0.18660000,0.18660000,0.18460000,0.18480000,82573.00000000,BEAMUSDT
2022-09-09 09:15:00,0.18490000,0.18520000,0.18470000,0.18520000,31114.00000000,BEAMUSDT
2022-09-09 09:30:00,0.18510000,0.18520000,0.18470000,0.18500000,68500.00000000,BEAMUSDT
2022-09-09 09:45:00,0.18500000,0.18540000,0.18490000,0.18540000,80059.00000000,BEAMUSDT
2022-09-09 10:00:00,0.18520000,0.18550000,0.18420000,0.18430000,92130.00000000,BEAMUSDT
2022-09-09 10:15:00,0.18440000,0.18550000,0.18410000,0.18550000,44202.00000000,BEAMUSDT
2022-09-09 10:30:00,0.18560000,0.18670000,0.18500000,0.18660000,139328.00000000,BEAMUSDT
2022-09-09 10:45:00,0.18670000,0.18690000,0.18540000,0.18580000,59515.00000000,BEAMUSDT
2022-09-09 11:00:00,0.18560000,0.18570000,0.18360000,0.18420000,115275.00000000,BEAMUSDT
2022-09-09 11:15:00,0.18390000,0.18400000,0.18310000,0.18360000,64208.00000000,BEAMUSDT
2022-09-09 11:30:00,0.18350000,0.18470000,0.18330000,0.18380000,75032.00000000,BEAMUSDT
2022-09-09 11:45:00,0.18400000,0.18510000,0.18370000,0.18380000,97129.00000000,BEAMUSDT
2022-09-09 12:00:00,0.18410000,0.18530000,0.18300000,0.18530000,60225.00000000,BEAMUSDT
2022-09-09 12:15:00,0.18540000,0.18650000,0.18480000,0.18560000,90551.00000000,BEAMUSDT
2022-09-09 12:30:00,0.18580000,0.18780000,0.18580000,0.18670000,126324.00000000,BEAMUSDT
2022-09-09 12:45:00,0.18680000,0.18800000,0.18600000,0.18600000,177503.00000000,BEAMUSDT
2022-09-09 13:00:00,0.18600000,0.18600000,0.18400000,0.18510000,102422.00000000,BEAMUSDT
2022-09-09 13:15:00,0.18510000,0.18610000,0.18500000,0.18600000,128560.00000000,BEAMUSDT
2022-09-09 13:30:00,0.18610000,0.18690000,0.18580000,0.18640000,72153.00000000,BEAMUSDT
2022-09-09 13:45:00,0.18630000,0.18740000,0.18620000,0.18740000,26235.00000000,BEAMUSDT
2022-09-09 14:00:00,0.18730000,0.18800000,0.18620000,0.18620000,83270.00000000,BEAMUSDT
2022-09-09 14:15:00,0.18630000,0.18700000,0.18570000,0.18630000,11765.00000000,BEAMUSDT
2022-09-09 14:30:00,0.18620000,0.18650000,0.18580000,0.18600000,17108.00000000,BEAMUSDT
2022-09-09 14:45:00,0.18600000,0.18600000,0.18520000,0.18550000,52122.00000000,BEAMUSDT
2022-09-09 15:00:00,0.18580000,0.18860000,0.18570000,0.18760000,184849.00000000,BEAMUSDT
2022-09-09 15:15:00,0.18780000,0.18850000,0.18650000,0.18670000,47177.00000000,BEAMUSDT
2022-09-09 15:30:00,0.18670000,0.18790000,0.18670000,0.18700000,39637.00000000,BEAMUSDT
2022-09-09 15:45:00,0.18700000,0.18710000,0.18590000,0.18610000,97675.00000000,BEAMUSDT
2022-09-09 16:00:00,0.18630000,0.18630000,0.18430000,0.18520000,45963.00000000,BEAMUSDT
2022-09-09 16:15:00,0.18520000,0.18800000,0.18520000,0.18770000,79128.00000000,BEAMUSDT
2022-09-09 16:30:00,0.18750000,0.18810000,0.18640000,0.18650000,31373.00000000,BEAMUSDT
2022-09-09 16:45:00,0.18640000,0.18740000,0.18590000,0.18700000,58021.00000000,BEAMUSDT
2022-09-09 17:00:00,0.18700000,0.18890000,0.18690000,0.18760000,30480.00000000,BEAMUSDT
2022-09-09 17:15:00,0.18780000,0.19000000,0.18740000,0.18910000,229552.00000000,BEAMUSDT
2022-09-09 17:30:00,0.18830000,0.18890000,0.18760000,0.18770000,49085.00000000,BEAMUSDT
2022-09-09 17:45:00,0.18770000,0.18880000,0.18650000,0.18870000,60309.00000000,BEAMUSDT
2022-09-09 18:00:00,0.18870000,0.18870000,0.18570000,0.18620000,137499.00000000,BEAMUSDT
2022-09-09 18:15:00,0.18630000,0.18670000,0.18560000,0.18640000,64314.00000000,BEAMUSDT
2022-09-09 18:30:00,0.18660000,0.18660000,0.18600000,0.18630000,5609.00000000,BEAMUSDT
2022-09-09 18:45:00,0.18620000,0.18640000,0.18480000,0.18510000,60323.00000000,BEAMUSDT
2022-09-09 19:00:00,0.18510000,0.18640000,0.18470000,0.18640000,68093.00000000,BEAMUSDT
2022-09-09 19:15:00,0.18650000,0.18680000,0.18550000,0.18550000,49524.00000000,BEAMUSDT
2022-09-09 19:30:00,0.18550000,0.18630000,0.18410000,0.18420000,167238.00000000,BEAMUSDT
2022-09-09 19:45:00,0.18420000,0.18520000,0.18390000,0.18470000,35592.00000000,BEAMUSDT
2022-09-09 20:00:00,0.18490000,0.18680000,0.18490000,0.18560000,96745.00000000,BEAMUSDT
2022-09-09 20:15:00,0.18590000,0.18630000,0.18570000,0.18610000,3086.00000000,BEAMUSDT
2022-09-09 20:30:00,0.18610000,0.18690000,0.18610000,0.18650000,14356.00000000,BEAMUSDT
2022-09-09 20:45:00,0.18650000,0.18650000,0.18580000,0.18630000,22993.00000000,BEAMUSDT
2022-09-09 21:00:00,0.18620000,0.18640000,0.18580000,0.18620000,16176.00000000,BEAMUSDT
2022-09-09 21:15:00,0.18610000,0.18620000,0.18430000,0.18480000,57996.00000000,BEAMUSDT
2022-09-09 21:30:00,0.18490000,0.18590000,0.18430000,0.18580000,53134.00000000,BEAMUSDT
2022-09-09 21:45:00,0.18530000,0.18800000,0.18530000,0.18700000,37285.00000000,BEAMUSDT
2022-09-09 22:00:00,0.18720000,0.18800000,0.18650000,0.18720000,30914.00000000,BEAMUSDT
2022-09-09 22:15:00,0.18750000,0.18820000,0.18750000,0.18820000,21724.00000000,BEAMUSDT
2022-09-09 22:30:00,0.18770000,0.18770000,0.18750000,0.18750000,7279.00000000,BEAMUSDT
2022-09-09 22:45:00,0.18750000,0.18760000,0.18540000,0.18580000,85844.00000000,BEAMUSDT
2022-09-09 23:00:00,0.18650000,0.18850000,0.18650000,0.18820000,62211.00000000,BEAMUSDT
2022-09-09 23:15:00,0.18850000,0.19000000,0.18670000,0.18690000,133683.00000000,BEAMUSDT
2022-09-09 23:30:00,0.18660000,0.18820000,0.18660000,0.18760000,6551.00000000,BEAMUSDT
2022-09-09 23:45:00,0.18820000,0.19080000,0.18820000,0.19060000,153705.00000000,BEAMUSDT
2022-09-10 00:00:00,0.19060000,0.19290000,0.19040000,0.19240000,261426.00000000,BEAMUSDT
2022-09-10 00:15:00,0.19250000,0.19310000,0.18830000,0.18840000,263906.00000000,BEAMUSDT
2022-09-10 00:30:00,0.18840000,0.18920000,0.18770000,0.18850000,87415.00000000,BEAMUSDT
2022-09-10 00:45:00,0.18880000,0.18880000,0.18780000,0.18860000,49403.00000000,BEAMUSDT
2022-09-10 01:00:00,0.18860000,0.18970000,0.18850000,0.18890000,28190.00000000,BEAMUSDT
2022-09-10 01:15:00,0.18940000,0.19030000,0.18860000,0.19020000,97525.00000000,BEAMUSDT
2022-09-10 01:30:00,0.19000000,0.19110000,0.19000000,0.19070000,22267.00000000,BEAMUSDT
2022-09-10 01:45:00,0.19070000,0.19130000,0.19010000,0.19050000,31596.00000000,BEAMUSDT
2022-09-10 02:00:00,0.19050000,0.19170000,0.19020000,0.19170000,28811.00000000,BEAMUSDT
2022-09-10 02:15:00,0.19170000,0.19230000,0.19130000,0.19220000,36177.00000000,BEAMUSDT
2022-09-10 02:30:00,0.19230000,0.19310000,0.19190000,0.19240000,45162.00000000,BEAMUSDT
2022-09-10 02:45:00,0.19240000,0.19470000,0.19190000,0.19450000,131521.00000000,BEAMUSDT
2022-09-10 03:00:00,0.19460000,0.19850000,0.19440000,0.19830000,320975.00000000,BEAMUSDT
2022-09-10 03:15:00,0.19830000,0.19850000,0.19500000,0.19640000,104009.00000000,BEAMUSDT
2022-09-10 03:30:00,0.19630000,0.19890000,0.19630000,0.19690000,242610.00000000,BEAMUSDT
2022-09-10 03:45:00,0.19700000,0.19720000,0.19500000,0.19530000,56956.00000000,BEAMUSDT
2022-09-10 04:00:00,0.19520000,0.19660000,0.19430000,0.19660000,79179.00000000,BEAMUSDT
2022-09-10 04:15:00,0.19640000,0.19640000,0.19320000,0.19350000,82660.00000000,BEAMUSDT
2022-09-10 04:30:00,0.19370000,0.19730000,0.19370000,0.19650000,71435.00000000,BEAMUSDT
2022-09-10 04:45:00,0.19650000,0.19680000,0.19570000,0.19670000,45211.00000000,BEAMUSDT
2022-09-10 05:00:00,0.19670000,0.19750000,0.19580000,0.19730000,49118.00000000,BEAMUSDT
2022-09-10 05:15:00,0.19750000,0.19850000,0.19740000,0.19750000,101471.00000000,BEAMUSDT
2022-09-10 05:30:00,0.19760000,0.19830000,0.19740000,0.19760000,52701.00000000,BEAMUSDT
2022-09-10 05:45:00,0.19770000,0.19810000,0.19730000,0.19810000,120389.00000000,BEAMUSDT
2022-09-10 06:00:00,0.19810000,0.19890000,0.19780000,0.19850000,84167.00000000,BEAMUSDT
2022-09-10 06:15:00,0.19850000,0.19930000,0.19730000,0.19830000,183205.00000000,BEAMUSDT
2022-09-10 06:30:00,0.19830000,0.20170000,0.19830000,0.19980000,401120.00000000,BEAMUSDT
2022-09-10 06:45:00,0.19960000,0.19970000,0.19650000,0.19670000,210584.00000000,BEAMUSDT
2022-09-10 07:00:00,0.19650000,0.19800000,0.19620000,0.19660000,124087.00000000,BEAMUSDT
2022-09-10 07:15:00,0.19690000,0.19700000,0.19580000,0.19630000,65954.00000000,BEAMUSDT
2022-09-10 07:30:00,0.19630000,0.19680000,0.19570000,0.19590000,121089.00000000,BEAMUSDT
2022-09-10 07:45:00,0.19590000,0.19630000,0.19570000,0.19570000,219472.00000000,BEAMUSDT
2022-09-10 08:00:00,0.19570000,0.19880000,0.19570000,0.19710000,188581.00000000,BEAMUSDT
2022-09-10 08:15:00,0.19700000,0.19850000,0.19600000,0.19850000,81074.00000000,BEAMUSDT
2022-09-10 08:30:00,0.19820000,0.19890000,0.19820000,0.19820000,55712.00000000,BEAMUSDT
2022-09-10 08:45:00,0.19820000,0.19860000,0.19700000,0.19830000,30124.00000000,BEAMUSDT
2022-09-10 09:00:00,0.19860000,0.19900000,0.19720000,0.19770000,99550.00000000,BEAMUSDT
2022-09-10 09:15:00,0.19800000,0.19900000,0.19740000,0.19790000,17926.00000000,BEAMUSDT
2022-09-10 09:30:00,0.19790000,0.19800000,0.19690000,0.19690000,30456.00000000,BEAMUSDT
2022-09-10 09:45:00,0.19690000,0.19820000,0.19650000,0.19680000,97617.00000000,BEAMUSDT
2022-09-10 10:00:00,0.19680000,0.19750000,0.19580000,0.19610000,114545.00000000,BEAMUSDT
2022-09-10 10:15:00,0.19610000,0.19630000,0.19470000,0.19500000,122637.00000000,BEAMUSDT
2022-09-10 10:30:00,0.19520000,0.19560000,0.19470000,0.19530000,36187.00000000,BEAMUSDT
2022-09-10 10:45:00,0.19530000,0.19610000,0.19470000,0.19520000,39854.00000000,BEAMUSDT
2022-09-10 11:00:00,0.19530000,0.19530000,0.18940000,0.19230000,495620.00000000,BEAMUSDT
2022-09-10 11:15:00,0.19260000,0.19350000,0.19200000,0.19200000,64510.00000000,BEAMUSDT
2022-09-10 11:30:00,0.19200000,0.19210000,0.19160000,0.19160000,42361.00000000,BEAMUSDT
2022-09-10 11:45:00,0.19160000,0.19170000,0.19100000,0.19130000,84610.00000000,BEAMUSDT
2022-09-10 12:00:00,0.19110000,0.19270000,0.19050000,0.19230000,127935.00000000,BEAMUSDT
2022-09-10 12:15:00,0.19240000,0.19280000,0.19050000,0.19150000,70951.00000000,BEAMUSDT
2022-09-10 12:30:00,0.19180000,0.19220000,0.19090000,0.19160000,49306.00000000,BEAMUSDT
2022-09-10 12:45:00,0.19160000,0.19250000,0.19160000,0.19250000,17522.00000000,BEAMUSDT
2022-09-10 13:00:00,0.19250000,0.19480000,0.19250000,0.19480000,174864.00000000,BEAMUSDT
2022-09-10 13:15:00,0.19480000,0.19530000,0.18990000,0.19200000,193725.00000000,BEAMUSDT
2022-09-10 13:30:00,0.19210000,0.19230000,0.19170000,0.19170000,59602.00000000,BEAMUSDT
2022-09-10 13:45:00,0.19170000,0.19170000,0.19070000,0.19070000,153329.00000000,BEAMUSDT
2022-09-10 14:00:00,0.19080000,0.19120000,0.18920000,0.19110000,119561.00000000,BEAMUSDT
2022-09-10 14:15:00,0.19100000,0.19270000,0.19100000,0.19210000,70039.00000000,BEAMUSDT
2022-09-10 14:30:00,0.19220000,0.19430000,0.19220000,0.19310000,127129.00000000,BEAMUSDT
2022-09-10 14:45:00,0.19300000,0.19610000,0.19300000,0.19390000,251925.00000000,BEAMUSDT
2022-09-10 15:00:00,0.19350000,0.19360000,0.19210000,0.19220000,33603.00000000,BEAMUSDT
2022-09-10 15:15:00,0.19240000,0.19240000,0.19140000,0.19150000,30312.00000000,BEAMUSDT
2022-09-10 15:30:00,0.19170000,0.19180000,0.19090000,0.19140000,22578.00000000,BEAMUSDT
2022-09-10 15:45:00,0.19110000,0.19130000,0.19060000,0.19060000,9350.00000000,BEAMUSDT
2022-09-10 16:00:00,0.19070000,0.19080000,0.19010000,0.19050000,23066.00000000,BEAMUSDT
2022-09-10 16:15:00,0.19020000,0.19020000,0.18940000,0.18970000,85296.00000000,BEAMUSDT
2022-09-10 16:30:00,0.18970000,0.19080000,0.18940000,0.19070000,56985.00000000,BEAMUSDT
2022-09-10 16:45:00,0.19110000,0.19170000,0.19090000,0.19140000,27836.00000000,BEAMUSDT
2022-09-10 17:00:00,0.19160000,0.19160000,0.18980000,0.19000000,29389.00000000,BEAMUSDT
2022-09-10 17:15:00,0.19000000,0.19230000,0.18990000,0.19090000,103989.00000000,BEAMUSDT
2022-09-10 17:30:00,0.19080000,0.19100000,0.19050000,0.19050000,26602.00000000,BEAMUSDT
2022-09-10 17:45:00,0.19070000,0.19110000,0.19050000,0.19090000,11091.00000000,BEAMUSDT
2022-09-10 18:00:00,0.19080000,0.19140000,0.19080000,0.19140000,4766.00000000,BEAMUSDT
2022-09-10 18:15:00,0.19160000,0.19160000,0.19130000,0.19150000,7554.00000000,BEAMUSDT
2022-09-10 18:30:00,0.19150000,0.19210000,0.19140000,0.19180000,34725.00000000,BEAMUSDT
2022-09-10 18:45:00,0.19200000,0.19230000,0.19160000,0.19200000,44921.00000000,BEAMUSDT
2022-09-10 19:00:00,0.19200000,0.19250000,0.19190000,0.19230000,20298.00000000,BEAMUSDT
2022-09-10 19:15:00,0.19180000,0.19210000,0.19170000,0.19210000,23513.00000000,BEAMUSDT
2022-09-10 19:30:00,0.19210000,0.19270000,0.19170000,0.19250000,30443.00000000,BEAMUSDT
2022-09-10 19:45:00,0.19250000,0.19280000,0.19140000,0.19140000,21685.00000000,BEAMUSDT
2022-09-10 20:00:00,0.19140000,0.19200000,0.19090000,0.19090000,19045.00000000,BEAMUSDT
2022-09-10 20:15:00,0.19090000,0.19120000,0.18950000,0.19120000,64387.00000000,BEAMUSDT
2022-09-10 20:30:00,0.19120000,0.19130000,0.19010000,0.19010000,41430.00000000,BEAMUSDT
2022-09-10 20:45:00,0.18990000,0.19140000,0.18990000,0.19110000,33546.00000000,BEAMUSDT
2022-09-10 21:00:00,0.19120000,0.19170000,0.19110000,0.19110000,15406.00000000,BEAMUSDT
2022-09-10 21:15:00,0.19120000,0.19120000,0.19100000,0.19110000,6303.00000000,BEAMUSDT
2022-09-10 21:30:00,0.19120000,0.19160000,0.19120000,0.19120000,10903.00000000,BEAMUSDT
2022-09-10 21:45:00,0.19120000,0.19180000,0.19060000,0.19060000,73204.00000000,BEAMUSDT
2022-09-10 22:00:00,0.19110000,0.19150000,0.19070000,0.19070000,35100.00000000,BEAMUSDT
2022-09-10 22:15:00,0.19070000,0.19150000,0.19070000,0.19070000,16492.00000000,BEAMUSDT
2022-09-10 22:30:00,0.19080000,0.19190000,0.19070000,0.19190000,7976.00000000,BEAMUSDT
2022-09-10 22:45:00,0.19190000,0.19190000,0.19170000,0.19170000,3083.00000000,BEAMUSDT
2022-09-10 23:00:00,0.19180000,0.19180000,0.19120000,0.19140000,21195.00000000,BEAMUSDT
2022-09-10 23:15:00,0.19170000,0.19170000,0.19020000,0.19060000,46065.00000000,BEAMUSDT
2022-09-10 23:30:00,0.19040000,0.19090000,0.18980000,0.19010000,26059.00000000,BEAMUSDT
2022-09-10 23:45:00,0.19000000,0.19000000,0.18860000,0.18940000,57624.00000000,BEAMUSDT
2022-09-11 00:00:00,0.18950000,0.19080000,0.18950000,0.19080000,52162.00000000,BEAMUSDT
2022-09-11 00:15:00,0.19080000,0.19080000,0.19050000,0.19080000,6576.00000000,BEAMUSDT
2022-09-11 00:30:00,0.19080000,0.19090000,0.19020000,0.19020000,19379.00000000,BEAMUSDT
2022-09-11 00:45:00,0.19010000,0.19010000,0.18870000,0.18900000,67442.00000000,BEAMUSDT
2022-09-11 01:00:00,0.18910000,0.19030000,0.18870000,0.19030000,129240.00000000,BEAMUSDT
2022-09-11 01:15:00,0.19030000,0.19110000,0.18990000,0.18990000,26354.00000000,BEAMUSDT
2022-09-11 01:30:00,0.19000000,0.19010000,0.18960000,0.18970000,42097.00000000,BEAMUSDT
2022-09-11 01:45:00,0.19020000,0.19020000,0.18940000,0.18950000,12405.00000000,BEAMUSDT
2022-09-11 02:00:00,0.18950000,0.18990000,0.18950000,0.18990000,5236.00000000,BEAMUSDT
2022-09-11 02:15:00,0.19010000,0.19010000,0.18970000,0.18970000,4315.00000000,BEAMUSDT
2022-09-11 02:30:00,0.18960000,0.18960000,0.18750000,0.18750000,91511.00000000,BEAMUSDT
2022-09-11 02:45:00,0.18760000,0.18810000,0.18700000,0.18770000,64786.00000000,BEAMUSDT
2022-09-11 03:00:00,0.18770000,0.18830000,0.18720000,0.18820000,11676.00000000,BEAMUSDT
2022-09-11 03:15:00,0.18790000,0.18800000,0.18720000,0.18720000,45494.00000000,BEAMUSDT
2022-09-11 03:30:00,0.18730000,0.18780000,0.18720000,0.18780000,41590.00000000,BEAMUSDT
2022-09-11 03:45:00,0.18760000,0.18790000,0.18740000,0.18790000,11907.00000000,BEAMUSDT
2022-09-11 04:00:00,0.18780000,0.18840000,0.18750000,0.18840000,23689.00000000,BEAMUSDT
2022-09-11 04:15:00,0.18850000,0.18890000,0.18830000,0.18890000,10163.00000000,BEAMUSDT
2022-09-11 04:30:00,0.18890000,0.18890000,0.18850000,0.18850000,7734.00000000,BEAMUSDT
2022-09-11 04:45:00,0.18850000,0.18860000,0.18780000,0.18780000,23672.00000000,BEAMUSDT
2022-09-11 05:00:00,0.18810000,0.18830000,0.18800000,0.18830000,14898.00000000,BEAMUSDT
2022-09-11 05:15:00,0.18810000,0.18870000,0.18770000,0.18770000,12056.00000000,BEAMUSDT
2022-09-11 05:30:00,0.18770000,0.18800000,0.18760000,0.18790000,14942.00000000,BEAMUSDT
2022-09-11 05:45:00,0.18780000,0.18810000,0.18760000,0.18800000,15970.00000000,BEAMUSDT
2022-09-11 06:00:00,0.18790000,0.18820000,0.18760000,0.18770000,35274.00000000,BEAMUSDT
2022-09-11 06:15:00,0.18790000,0.18890000,0.18770000,0.18770000,42239.00000000,BEAMUSDT
2022-09-11 06:30:00,0.18770000,0.18770000,0.18560000,0.18600000,97789.00000000,BEAMUSDT
2022-09-11 06:45:00,0.18600000,0.18720000,0.18600000,0.18700000,73630.00000000,BEAMUSDT
2022-09-11 07:00:00,0.18680000,0.18710000,0.18660000,0.18710000,18858.00000000,BEAMUSDT
2022-09-11 07:15:00,0.18710000,0.18750000,0.18680000,0.18750000,15854.00000000,BEAMUSDT
2022-09-11 07:30:00,0.18770000,0.18860000,0.18770000,0.18860000,10920.00000000,BEAMUSDT
2022-09-11 07:45:00,0.18850000,0.18940000,0.18810000,0.18900000,37664.00000000,BEAMUSDT
2022-09-11 08:00:00,0.18910000,0.18950000,0.18910000,0.18910000,15368.00000000,BEAMUSDT
2022-09-11 08:15:00,0.18910000,0.19040000,0.18910000,0.19030000,47053.00000000,BEAMUSDT
2022-09-11 08:30:00,0.19010000,0.19050000,0.19000000,0.19040000,42352.00000000,BEAMUSDT
2022-09-11 08:45:00,0.19050000,0.19150000,0.19040000,0.19140000,83450.00000000,BEAMUSDT
2022-09-11 09:00:00,0.19150000,0.19300000,0.19140000,0.19270000,97220.00000000,BEAMUSDT
2022-09-11 09:15:00,0.19280000,0.19300000,0.19190000,0.19200000,29904.00000000,BEAMUSDT
2022-09-11 09:30:00,0.19220000,0.19290000,0.19200000,0.19280000,11119.00000000,BEAMUSDT
2022-09-11 09:45:00,0.19280000,0.19280000,0.19000000,0.19170000,72853.00000000,BEAMUSDT
2022-09-11 10:00:00,0.19170000,0.19170000,0.19090000,0.19120000,29518.00000000,BEAMUSDT
2022-09-11 10:15:00,0.19140000,0.19280000,0.19050000,0.19060000,96616.00000000,BEAMUSDT
2022-09-11 10:30:00,0.19050000,0.19140000,0.19000000,0.19000000,51085.00000000,BEAMUSDT
2022-09-11 10:45:00,0.18990000,0.19070000,0.18930000,0.19030000,89150.00000000,BEAMUSDT
2022-09-11 11:00:00,0.19050000,0.19220000,0.19040000,0.19190000,34073.00000000,BEAMUSDT
2022-09-11 11:15:00,0.19210000,0.19270000,0.19110000,0.19150000,63559.00000000,BEAMUSDT
2022-09-11 11:30:00,0.19120000,0.19120000,0.19090000,0.19100000,48057.00000000,BEAMUSDT
2022-09-11 11:45:00,0.19130000,0.19130000,0.19030000,0.19030000,14958.00000000,BEAMUSDT
2022-09-11 12:00:00,0.19040000,0.19040000,0.18890000,0.18950000,116408.00000000,BEAMUSDT
2022-09-11 12:15:00,0.18990000,0.18990000,0.18930000,0.18970000,23104.00000000,BEAMUSDT
2022-09-11 12:30:00,0.18970000,0.19120000,0.18970000,0.19090000,78092.00000000,BEAMUSDT
2022-09-11 12:45:00,0.19090000,0.19120000,0.19070000,0.19100000,16271.00000000,BEAMUSDT
2022-09-11 13:00:00,0.19100000,0.19100000,0.19010000,0.19020000,94604.00000000,BEAMUSDT
2022-09-11 13:15:00,0.19020000,0.19070000,0.19000000,0.19010000,34002.00000000,BEAMUSDT
2022-09-11 13:30:00,0.19020000,0.19060000,0.19000000,0.19010000,38788.00000000,BEAMUSDT
2022-09-11 13:45:00,0.19010000,0.19200000,0.18930000,0.18940000,293172.00000000,BEAMUSDT
2022-09-11 14:00:00,0.18940000,0.18970000,0.18870000,0.18930000,84687.00000000,BEAMUSDT
2022-09-11 14:15:00,0.18930000,0.18930000,0.18800000,0.18850000,42630.00000000,BEAMUSDT
2022-09-11 14:30:00,0.18850000,0.18950000,0.18810000,0.18950000,28384.00000000,BEAMUSDT
2022-09-11 14:45:00,0.18940000,0.18950000,0.18900000,0.18930000,15183.00000000,BEAMUSDT
2022-09-11 15:00:00,0.18920000,0.18950000,0.18820000,0.18950000,87420.00000000,BEAMUSDT
2022-09-11 15:15:00,0.18920000,0.19140000,0.18920000,0.19080000,141531.00000000,BEAMUSDT
2022-09-11 15:30:00,0.19100000,0.19170000,0.19060000,0.19070000,39167.00000000,BEAMUSDT
2022-09-11 15:45:00,0.19080000,0.19080000,0.19020000,0.19060000,43766.00000000,BEAMUSDT
2022-09-11 16:00:00,0.19060000,0.19110000,0.19030000,0.19110000,18918.00000000,BEAMUSDT
2022-09-11 16:15:00,0.19100000,0.19130000,0.19080000,0.19120000,8520.00000000,BEAMUSDT
2022-09-11 16:30:00,0.19080000,0.19100000,0.19070000,0.19080000,4012.00000000,BEAMUSDT
2022-09-11 16:45:00,0.19110000,0.19160000,0.19080000,0.19120000,7501.00000000,BEAMUSDT
2022-09-11 17:00:00,0.19140000,0.19180000,0.19080000,0.19090000,9316.00000000,BEAMUSDT
2022-09-11 17:15:00,0.19120000,0.19120000,0.19050000,0.19060000,10172.00000000,BEAMUSDT
2022-09-11 17:30:00,0.19070000,0.19130000,0.19040000,0.19040000,13491.00000000,BEAMUSDT
2022-09-11 17:45:00,0.19040000,0.19040000,0.18840000,0.18850000,155286.00000000,BEAMUSDT
2022-09-11 18:00:00,0.18840000,0.18860000,0.18810000,0.18850000,43476.00000000,BEAMUSDT
2022-09-11 18:15:00,0.18860000,0.18860000,0.18740000,0.18810000,75424.00000000,BEAMUSDT
2022-09-11 18:30:00,0.18790000,0.18860000,0.18790000,0.18830000,39712.00000000,BEAMUSDT
2022-09-11 18:45:00,0.18820000,0.18830000,0.18760000,0.18770000,6208.00000000,BEAMUSDT
2022-09-11 19:00:00,0.18760000,0.18800000,0.18700000,0.18770000,59095.00000000,BEAMUSDT
2022-09-11 19:15:00,0.18770000,0.18820000,0.18730000,0.18740000,25467.00000000,BEAMUSDT
2022-09-11 19:30:00,0.18750000,0.18760000,0.18720000,0.18730000,7449.00000000,BEAMUSDT
2022-09-11 19:45:00,0.18730000,0.18760000,0.18720000,0.18760000,10211.00000000,BEAMUSDT
2022-09-11 20:00:00,0.18760000,0.18770000,0.18720000,0.18730000,105820.00000000,BEAMUSDT
2022-09-11 20:15:00,0.18730000,0.18730000,0.18680000,0.18690000,32896.00000000,BEAMUSDT
2022-09-11 20:30:00,0.18710000,0.18710000,0.18560000,0.18560000,111709.00000000,BEAMUSDT
2022-09-11 20:45:00,0.18590000,0.18760000,0.18580000,0.18690000,233572.00000000,BEAMUSDT
2022-09-11 21:00:00,0.18680000,0.18730000,0.18670000,0.18690000,11036.00000000,BEAMUSDT
2022-09-11 21:15:00,0.18710000,0.18730000,0.18650000,0.18660000,11217.00000000,BEAMUSDT
2022-09-11 21:30:00,0.18690000,0.18690000,0.18620000,0.18620000,885.00000000,BEAMUSDT
2022-09-11 21:45:00,0.18620000,0.18620000,0.18460000,0.18490000,35805.00000000,BEAMUSDT
2022-09-11 22:00:00,0.18520000,0.18670000,0.18520000,0.18540000,19725.00000000,BEAMUSDT
2022-09-11 22:15:00,0.18590000,0.18620000,0.18570000,0.18620000,2047.00000000,BEAMUSDT
2022-09-11 22:30:00,0.18610000,0.18670000,0.18550000,0.18670000,13165.00000000,BEAMUSDT
2022-09-11 22:45:00,0.18590000,0.18590000,0.18590000,0.18590000,81.00000000,BEAMUSDT
2022-09-11 23:00:00,0.18580000,0.18600000,0.18540000,0.18600000,23029.00000000,BEAMUSDT
2022-09-11 23:15:00,0.18650000,0.18650000,0.18610000,0.18640000,656.00000000,BEAMUSDT
2022-09-11 23:30:00,0.18610000,0.18780000,0.18560000,0.18690000,126982.00000000,BEAMUSDT
2022-09-11 23:45:00,0.18740000,0.18770000,0.18720000,0.18760000,23097.00000000,BEAMUSDT
2022-09-12 00:00:00,0.18760000,0.18810000,0.18720000,0.18780000,52461.00000000,BEAMUSDT
2022-09-12 00:15:00,0.18780000,0.18840000,0.18780000,0.18800000,16036.00000000,BEAMUSDT
2022-09-12 00:30:00,0.18800000,0.18850000,0.18740000,0.18760000,23609.00000000,BEAMUSDT
2022-09-12 00:45:00,0.18750000,0.18810000,0.18700000,0.18700000,25380.00000000,BEAMUSDT
2022-09-12 01:00:00,0.18710000,0.18720000,0.18520000,0.18560000,66678.00000000,BEAMUSDT
2022-09-12 01:15:00,0.18590000,0.18800000,0.18590000,0.18740000,28740.00000000,BEAMUSDT
2022-09-12 01:30:00,0.18760000,0.18880000,0.18680000,0.18840000,62603.00000000,BEAMUSDT
2022-09-12 01:45:00,0.18870000,0.18970000,0.18870000,0.18910000,100975.00000000,BEAMUSDT
2022-09-12 02:00:00,0.18940000,0.18950000,0.18760000,0.18760000,39983.00000000,BEAMUSDT
2022-09-12 02:15:00,0.18740000,0.18740000,0.18620000,0.18670000,76585.00000000,BEAMUSDT
2022-09-12 02:30:00,0.18660000,0.18690000,0.18620000,0.18690000,23251.00000000,BEAMUSDT
2022-09-12 02:45:00,0.18700000,0.18700000,0.18610000,0.18640000,64013.00000000,BEAMUSDT
2022-09-12 03:00:00,0.18640000,0.18680000,0.18630000,0.18680000,1300.00000000,BEAMUSDT
2022-09-12 03:15:00,0.18690000,0.18690000,0.18610000,0.18650000,14650.00000000,BEAMUSDT
2022-09-12 03:30:00,0.18620000,0.18620000,0.18580000,0.18580000,18007.00000000,BEAMUSDT
2022-09-12 03:45:00,0.18600000,0.18600000,0.18570000,0.18590000,17175.00000000,BEAMUSDT
2022-09-12 04:00:00,0.18570000,0.18590000,0.18560000,0.18590000,44951.00000000,BEAMUSDT
2022-09-12 04:15:00,0.18590000,0.18600000,0.18530000,0.18590000,22082.00000000,BEAMUSDT
2022-09-12 04:30:00,0.18590000,0.18590000,0.18540000,0.18550000,26593.00000000,BEAMUSDT
2022-09-12 04:45:00,0.18540000,0.18540000,0.18130000,0.18270000,417970.00000000,BEAMUSDT
2022-09-12 05:00:00,0.18270000,0.18340000,0.18260000,0.18310000,135485.00000000,BEAMUSDT
2022-09-12 05:15:00,0.18330000,0.18370000,0.18280000,0.18340000,44270.00000000,BEAMUSDT
2022-09-12 05:30:00,0.18360000,0.18420000,0.18360000,0.18400000,18343.00000000,BEAMUSDT
2022-09-12 05:45:00,0.18400000,0.18490000,0.18390000,0.18460000,37641.00000000,BEAMUSDT
2022-09-12 06:00:00,0.18460000,0.18480000,0.18410000,0.18440000,42176.00000000,BEAMUSDT
2022-09-12 06:15:00,0.18410000,0.18430000,0.18400000,0.18430000,14619.00000000,BEAMUSDT
2022-09-12 06:30:00,0.18440000,0.18520000,0.18440000,0.18510000,24796.00000000,BEAMUSDT
2022-09-12 06:45:00,0.18530000,0.18550000,0.18520000,0.18550000,21207.00000000,BEAMUSDT
2022-09-12 07:00:00,0.18550000,0.18570000,0.18540000,0.18570000,31215.00000000,BEAMUSDT
2022-09-12 07:15:00,0.18580000,0.18660000,0.18560000,0.18580000,65269.00000000,BEAMUSDT
2022-09-12 07:30:00,0.18640000,0.18660000,0.18590000,0.18640000,27087.00000000,BEAMUSDT
2022-09-12 07:45:00,0.18640000,0.18700000,0.18590000,0.18700000,39991.00000000,BEAMUSDT
2022-09-12 08:00:00,0.18710000,0.18750000,0.18600000,0.18680000,107774.00000000,BEAMUSDT
2022-09-12 08:15:00,0.18660000,0.18700000,0.18600000,0.18650000,52576.00000000,BEAMUSDT
2022-09-12 08:30:00,0.18630000,0.18710000,0.18630000,0.18680000,18939.00000000,BEAMUSDT
2022-09-12 08:45:00,0.18680000,0.18740000,0.18650000,0.18650000,22471.00000000,BEAMUSDT
2022-09-12 09:00:00,0.18670000,0.18690000,0.18650000,0.18690000,8045.00000000,BEAMUSDT
2022-09-12 09:15:00,0.18700000,0.18700000,0.18600000,0.18610000,28289.00000000,BEAMUSDT
2022-09-12 09:30:00,0.18600000,0.18600000,0.18570000,0.18580000,14556.00000000,BEAMUSDT
2022-09-12 09:45:00,0.18570000,0.18580000,0.18540000,0.18580000,30569.00000000,BEAMUSDT
2022-09-12 10:00:00,0.18580000,0.18580000,0.18470000,0.18520000,79407.00000000,BEAMUSDT
2022-09-12 10:15:00,0.18510000,0.18600000,0.18490000,0.18600000,35444.00000000,BEAMUSDT
2022-09-12 10:30:00,0.18600000,0.18640000,0.18550000,0.18550000,25855.00000000,BEAMUSDT
2022-09-12 10:45:00,0.18600000,0.18610000,0.18550000,0.18580000,13059.00000000,BEAMUSDT
2022-09-12 11:00:00,0.18610000,0.18620000,0.18510000,0.18600000,66621.00000000,BEAMUSDT
2022-09-12 11:15:00,0.18620000,0.19000000,0.18610000,0.18840000,484288.00000000,BEAMUSDT
2022-09-12 11:30:00,0.18820000,0.18880000,0.18800000,0.18840000,40469.00000000,BEAMUSDT
2022-09-12 11:45:00,0.18860000,0.18870000,0.18760000,0.18770000,30801.00000000,BEAMUSDT
2022-09-12 12:00:00,0.18770000,0.18860000,0.18770000,0.18850000,9795.00000000,BEAMUSDT
2022-09-12 12:15:00,0.18880000,0.18950000,0.18790000,0.18850000,82093.00000000,BEAMUSDT
2022-09-12 12:30:00,0.18820000,0.18900000,0.18790000,0.18860000,35367.00000000,BEAMUSDT
2022-09-12 12:45:00,0.18860000,0.18860000,0.18790000,0.18820000,9471.00000000,BEAMUSDT
2022-09-12 13:00:00,0.18790000,0.18910000,0.18790000,0.18900000,29888.00000000,BEAMUSDT
2022-09-12 13:15:00,0.18860000,0.18860000,0.18800000,0.18840000,33009.00000000,BEAMUSDT
2022-09-12 13:30:00,0.18830000,0.18930000,0.18790000,0.18830000,43992.00000000,BEAMUSDT
2022-09-12 13:45:00,0.18860000,0.18940000,0.18800000,0.18900000,60423.00000000,BEAMUSDT
2022-09-12 14:00:00,0.18900000,0.18980000,0.18900000,0.18960000,43706.00000000,BEAMUSDT
2022-09-12 14:15:00,0.18980000,0.19110000,0.18900000,0.18900000,169270.00000000,BEAMUSDT
2022-09-12 14:30:00,0.18900000,0.18920000,0.18790000,0.18870000,111878.00000000,BEAMUSDT
2022-09-12 14:45:00,0.18870000,0.18890000,0.18810000,0.18860000,62075.00000000,BEAMUSDT
2022-09-12 15:00:00,0.18860000,0.18920000,0.18700000,0.18700000,130041.00000000,BEAMUSDT
2022-09-12 15:15:00,0.18700000,0.18750000,0.18600000,0.18690000,60156.00000000,BEAMUSDT
2022-09-12 15:30:00,0.18670000,0.18680000,0.18560000,0.18560000,99141.00000000,BEAMUSDT
2022-09-12 15:45:00,0.18580000,0.18600000,0.18410000,0.18520000,112122.00000000,BEAMUSDT
2022-09-12 16:00:00,0.18520000,0.18520000,0.18370000,0.18440000,62598.00000000,BEAMUSDT
2022-09-12 16:15:00,0.18410000,0.18500000,0.18410000,0.18500000,49038.00000000,BEAMUSDT
2022-09-12 16:30:00,0.18490000,0.18510000,0.18450000,0.18510000,16716.00000000,BEAMUSDT
2022-09-12 16:45:00,0.18510000,0.18600000,0.18500000,0.18550000,19332.00000000,BEAMUSDT
2022-09-12 17:00:00,0.18540000,0.18540000,0.18450000,0.18490000,44317.00000000,BEAMUSDT
2022-09-12 17:15:00,0.18490000,0.18520000,0.18490000,0.18520000,215.00000000,BEAMUSDT
2022-09-12 17:30:00,0.18530000,0.18530000,0.18370000,0.18430000,119165.00000000,BEAMUSDT
2022-09-12 17:45:00,0.18440000,0.18510000,0.18430000,0.18510000,21744.00000000,BEAMUSDT
2022-09-12 18:00:00,0.18490000,0.18490000,0.18430000,0.18470000,23943.00000000,BEAMUSDT
2022-09-12 18:15:00,0.18480000,0.18490000,0.18440000,0.18450000,6976.00000000,BEAMUSDT
2022-09-12 18:30:00,0.18450000,0.18450000,0.18420000,0.18430000,11355.00000000,BEAMUSDT
2022-09-12 18:45:00,0.18420000,0.18520000,0.18390000,0.18520000,45339.00000000,BEAMUSDT
2022-09-12 19:00:00,0.18490000,0.18490000,0.18410000,0.18470000,68231.00000000,BEAMUSDT
2022-09-12 19:15:00,0.18460000,0.18530000,0.18460000,0.18500000,33266.00000000,BEAMUSDT
2022-09-12 19:30:00,0.18500000,0.18540000,0.18500000,0.18530000,20062.00000000,BEAMUSDT
2022-09-12 19:45:00,0.18550000,0.18560000,0.18510000,0.18550000,37481.00000000,BEAMUSDT
2022-09-12 20:00:00,0.18550000,0.18580000,0.18530000,0.18570000,14277.00000000,BEAMUSDT
2022-09-12 20:15:00,0.18570000,0.18600000,0.18540000,0.18570000,9625.00000000,BEAMUSDT
2022-09-12 20:30:00,0.18570000,0.18610000,0.18570000,0.18600000,8052.00000000,BEAMUSDT
2022-09-12 20:45:00,0.18590000,0.18620000,0.18590000,0.18620000,2297.00000000,BEAMUSDT
2022-09-12 21:00:00,0.18620000,0.18620000,0.18550000,0.18570000,11392.00000000,BEAMUSDT
2022-09-12 21:15:00,0.18550000,0.18560000,0.18400000,0.18460000,28002.00000000,BEAMUSDT
2022-09-12 21:30:00,0.18470000,0.18610000,0.18460000,0.18530000,25690.00000000,BEAMUSDT
2022-09-12 21:45:00,0.18520000,0.18540000,0.18470000,0.18480000,4759.00000000,BEAMUSDT
2022-09-12 22:00:00,0.18450000,0.18580000,0.18450000,0.18560000,4237.00000000,BEAMUSDT
2022-09-12 22:15:00,0.18570000,0.18570000,0.18560000,0.18560000,645.00000000,BEAMUSDT
2022-09-12 22:30:00,0.18510000,0.18570000,0.18470000,0.18470000,11328.00000000,BEAMUSDT
2022-09-12 22:45:00,0.18480000,0.18510000,0.18480000,0.18510000,687.00000000,BEAMUSDT
2022-09-12 23:00:00,0.18500000,0.18580000,0.18470000,0.18580000,20208.00000000,BEAMUSDT
2022-09-12 23:15:00,0.18540000,0.18610000,0.18530000,0.18610000,9652.00000000,BEAMUSDT
2022-09-12 23:30:00,0.18590000,0.18650000,0.18590000,0.18650000,1506.00000000,BEAMUSDT
2022-09-12 23:45:00,0.18660000,0.18700000,0.18660000,0.18690000,21984.00000000,BEAMUSDT
2022-09-13 00:00:00,0.18680000,0.18710000,0.18560000,0.18610000,43789.00000000,BEAMUSDT
2022-09-13 00:15:00,0.18640000,0.18660000,0.18410000,0.18540000,67376.00000000,BEAMUSDT
2022-09-13 00:30:00,0.18540000,0.18630000,0.18510000,0.18540000,48491.00000000,BEAMUSDT
2022-09-13 00:45:00,0.18580000,0.18700000,0.18570000,0.18620000,26686.00000000,BEAMUSDT
2022-09-13 01:00:00,0.18600000,0.18640000,0.18580000,0.18610000,11552.00000000,BEAMUSDT
2022-09-13 01:15:00,0.18620000,0.18620000,0.18600000,0.18600000,3989.00000000,BEAMUSDT
2022-09-13 01:30:00,0.18600000,0.18610000,0.18560000,0.18610000,2379.00000000,BEAMUSDT
2022-09-13 01:45:00,0.18610000,0.18670000,0.18600000,0.18670000,45360.00000000,BEAMUSDT
2022-09-13 02:00:00,0.18640000,0.18640000,0.18540000,0.18540000,75349.00000000,BEAMUSDT
2022-09-13 02:15:00,0.18530000,0.18580000,0.18530000,0.18580000,8522.00000000,BEAMUSDT
2022-09-13 02:30:00,0.18560000,0.18640000,0.18520000,0.18640000,55086.00000000,BEAMUSDT
2022-09-13 02:45:00,0.18640000,0.18730000,0.18640000,0.18710000,28846.00000000,BEAMUSDT
2022-09-13 03:00:00,0.18700000,0.19060000,0.18700000,0.18980000,201698.00000000,BEAMUSDT
2022-09-13 03:15:00,0.18990000,0.19390000,0.18900000,0.19250000,429884.00000000,BEAMUSDT
2022-09-13 03:30:00,0.19250000,0.19690000,0.19020000,0.19360000,411467.00000000,BEAMUSDT
2022-09-13 03:45:00,0.19340000,0.19560000,0.19300000,0.19500000,147588.00000000,BEAMUSDT
2022-09-13 04:00:00,0.19510000,0.19510000,0.19370000,0.19480000,53617.00000000,BEAMUSDT
2022-09-13 04:15:00,0.19480000,0.19880000,0.19450000,0.19750000,228648.00000000,BEAMUSDT
2022-09-13 04:30:00,0.19750000,0.19750000,0.19400000,0.19540000,252262.00000000,BEAMUSDT
2022-09-13 04:45:00,0.19540000,0.19810000,0.19450000,0.19720000,177759.00000000,BEAMUSDT
2022-09-13 05:00:00,0.19750000,0.20140000,0.19590000,0.19720000,440494.00000000,BEAMUSDT
2022-09-13 05:15:00,0.19720000,0.19760000,0.19430000,0.19440000,183338.00000000,BEAMUSDT
2022-09-13 05:30:00,0.19450000,0.19470000,0.19360000,0.19360000,76222.00000000,BEAMUSDT
2022-09-13 05:45:00,0.19360000,0.19410000,0.19300000,0.19340000,58578.00000000,BEAMUSDT
2022-09-13 06:00:00,0.19350000,0.19590000,0.19330000,0.19490000,64003.00000000,BEAMUSDT
2022-09-13 06:15:00,0.19490000,0.19490000,0.19270000,0.19340000,74044.00000000,BEAMUSDT
2022-09-13 06:30:00,0.19360000,0.19520000,0.19350000,0.19520000,125361.00000000,BEAMUSDT
2022-09-13 06:45:00,0.19520000,0.19970000,0.19510000,0.19540000,308792.00000000,BEAMUSDT
2022-09-13 07:00:00,0.19580000,0.19680000,0.19400000,0.19430000,128159.00000000,BEAMUSDT
2022-09-13 07:15:00,0.19460000,0.19920000,0.19460000,0.19630000,110065.00000000,BEAMUSDT
2022-09-13 07:30:00,0.19640000,0.19710000,0.19540000,0.19700000,70956.00000000,BEAMUSDT
2022-09-13 07:45:00,0.19680000,0.19720000,0.19570000,0.19570000,32049.00000000,BEAMUSDT
2022-09-13 08:00:00,0.19580000,0.19670000,0.19500000,0.19510000,98266.00000000,BEAMUSDT
2022-09-13 08:15:00,0.19510000,0.19620000,0.19440000,0.19510000,60659.00000000,BEAMUSDT
2022-09-13 08:30:00,0.19510000,0.19630000,0.19300000,0.19520000,116830.00000000,BEAMUSDT
2022-09-13 08:45:00,0.19500000,0.19510000,0.19240000,0.19300000,125709.00000000,BEAMUSDT
2022-09-13 09:00:00,0.19350000,0.19510000,0.19230000,0.19400000,102970.00000000,BEAMUSDT
2022-09-13 09:15:00,0.19410000,0.19440000,0.19360000,0.19370000,11017.00000000,BEAMUSDT
2022-09-13 09:30:00,0.19350000,0.19350000,0.19200000,0.19220000,79099.00000000,BEAMUSDT
2022-09-13 09:45:00,0.19210000,0.19220000,0.19080000,0.19080000,98045.00000000,BEAMUSDT
2022-09-13 10:00:00,0.19110000,0.19130000,0.19000000,0.19010000,113671.00000000,BEAMUSDT
2022-09-13 10:15:00,0.19020000,0.19410000,0.19020000,0.19360000,102341.00000000,BEAMUSDT
2022-09-13 10:30:00,0.19350000,0.19670000,0.19340000,0.19550000,104051.00000000,BEAMUSDT
2022-09-13 10:45:00,0.19570000,0.19590000,0.19480000,0.19520000,53293.00000000,BEAMUSDT
2022-09-13 11:00:00,0.19520000,0.19750000,0.19520000,0.19620000,92068.00000000,BEAMUSDT
2022-09-13 11:15:00,0.19640000,0.19640000,0.19350000,0.19480000,131471.00000000,BEAMUSDT
2022-09-13 11:30:00,0.19480000,0.19480000,0.19300000,0.19310000,88447.00000000,BEAMUSDT
2022-09-13 11:45:00,0.19340000,0.19350000,0.19300000,0.19300000,15649.00000000,BEAMUSDT
2022-09-13 12:00:00,0.19330000,0.19590000,0.19320000,0.19520000,125827.00000000,BEAMUSDT
2022-09-13 12:15:00,0.19560000,0.19760000,0.19460000,0.19470000,255231.00000000,BEAMUSDT
2022-09-13 12:30:00,0.19480000,0.19480000,0.18330000,0.18440000,582391.00000000,BEAMUSDT
2022-09-13 12:45:00,0.18450000,0.18500000,0.18100000,0.18200000,321768.00000000,BEAMUSDT
2022-09-13 13:00:00,0.18180000,0.18330000,0.18180000,0.18230000,51008.00000000,BEAMUSDT
2022-09-13 13:15:00,0.18220000,0.18820000,0.17620000,0.18170000,1128671.00000000,BEAMUSDT
2022-09-13 13:30:00,0.18150000,0.18270000,0.18130000,0.18240000,161087.00000000,BEAMUSDT
2022-09-13 13:45:00,0.18220000,0.18310000,0.18210000,0.18240000,112165.00000000,BEAMUSDT
2022-09-13 14:00:00,0.18250000,0.18330000,0.18130000,0.18330000,55165.00000000,BEAMUSDT
2022-09-13 14:15:00,0.18310000,0.18360000,0.18270000,0.18290000,96232.00000000,BEAMUSDT
2022-09-13 14:30:00,0.18340000,0.18370000,0.18300000,0.18320000,64760.00000000,BEAMUSDT
2022-09-13 14:45:00,0.18300000,0.18300000,0.18080000,0.18250000,203279.00000000,BEAMUSDT
2022-09-13 15:00:00,0.18220000,0.18250000,0.18150000,0.18170000,42608.00000000,BEAMUSDT
2022-09-13 15:15:00,0.18160000,0.18180000,0.18070000,0.18110000,63406.00000000,BEAMUSDT
2022-09-13 15:30:00,0.18130000,0.18170000,0.18090000,0.18120000,38817.00000000,BEAMUSDT
2022-09-13 15:45:00,0.18150000,0.18160000,0.18110000,0.18130000,7398.00000000,BEAMUSDT
2022-09-13 16:00:00,0.18130000,0.18160000,0.18100000,0.18160000,14902.00000000,BEAMUSDT
2022-09-13 16:15:00,0.18170000,0.18290000,0.18110000,0.18110000,54230.00000000,BEAMUSDT
2022-09-13 16:30:00,0.18120000,0.18330000,0.18120000,0.18280000,31732.00000000,BEAMUSDT
2022-09-13 16:45:00,0.18310000,0.18370000,0.18310000,0.18320000,11846.00000000,BEAMUSDT
2022-09-13 17:00:00,0.18360000,0.18400000,0.18320000,0.18350000,15435.00000000,BEAMUSDT
2022-09-13 17:15:00,0.18350000,0.18360000,0.18160000,0.18360000,218358.00000000,BEAMUSDT
2022-09-13 17:30:00,0.18330000,0.18370000,0.18290000,0.18360000,38673.00000000,BEAMUSDT
2022-09-13 17:45:00,0.18340000,0.18360000,0.18240000,0.18330000,6836.00000000,BEAMUSDT
2022-09-13 18:00:00,0.18270000,0.18340000,0.18230000,0.18280000,32802.00000000,BEAMUSDT
2022-09-13 18:15:00,0.18280000,0.18280000,0.18200000,0.18270000,51146.00000000,BEAMUSDT
2022-09-13 18:30:00,0.18280000,0.18280000,0.18200000,0.18240000,12619.00000000,BEAMUSDT
2022-09-13 18:45:00,0.18210000,0.18210000,0.17920000,0.17980000,122388.00000000,BEAMUSDT
2022-09-13 19:00:00,0.17920000,0.18000000,0.17820000,0.17840000,54022.00000000,BEAMUSDT
2022-09-13 19:15:00,0.17870000,0.18090000,0.17870000,0.18060000,45627.00000000,BEAMUSDT
2022-09-13 19:30:00,0.18120000,0.18170000,0.18050000,0.18170000,9437.00000000,BEAMUSDT
2022-09-13 19:45:00,0.18170000,0.18210000,0.18100000,0.18150000,4507.00000000,BEAMUSDT
2022-09-13 20:00:00,0.18170000,0.18180000,0.18000000,0.18110000,35688.00000000,BEAMUSDT
2022-09-13 20:15:00,0.18080000,0.18110000,0.17990000,0.17990000,18991.00000000,BEAMUSDT
2022-09-13 20:30:00,0.17980000,0.18090000,0.17960000,0.18090000,29493.00000000,BEAMUSDT
2022-09-13 20:45:00,0.18050000,0.18060000,0.18010000,0.18010000,1081.00000000,BEAMUSDT
2022-09-13 21:00:00,0.18000000,0.18010000,0.17940000,0.18010000,11583.00000000,BEAMUSDT
2022-09-13 21:15:00,0.17970000,0.17990000,0.17930000,0.17940000,7427.00000000,BEAMUSDT
2022-09-13 21:30:00,0.17940000,0.17960000,0.17890000,0.17950000,35777.00000000,BEAMUSDT
2022-09-13 21:45:00,0.17960000,0.18050000,0.17940000,0.18050000,20741.00000000,BEAMUSDT
2022-09-13 22:00:00,0.18050000,0.18080000,0.17950000,0.17950000,36271.00000000,BEAMUSDT
2022-09-13 22:15:00,0.18000000,0.18010000,0.18000000,0.18000000,6932.00000000,BEAMUSDT
2022-09-13 22:30:00,0.18050000,0.18060000,0.18020000,0.18060000,13802.00000000,BEAMUSDT
2022-09-13 22:45:00,0.18050000,0.18090000,0.18050000,0.18090000,4419.00000000,BEAMUSDT
2022-09-13 23:00:00,0.18020000,0.18020000,0.17950000,0.17950000,13071.00000000,BEAMUSDT
2022-09-13 23:15:00,0.17940000,0.17960000,0.17900000,0.17950000,44443.00000000,BEAMUSDT
2022-09-13 23:30:00,0.17920000,0.17920000,0.17910000,0.17910000,5380.00000000,BEAMUSDT
2022-09-13 23:45:00,0.17900000,0.17920000,0.17860000,0.17910000,27268.00000000,BEAMUSDT
2022-09-14 00:00:00,0.17900000,0.17900000,0.17820000,0.17880000,31899.00000000,BEAMUSDT
2022-09-14 00:15:00,0.17890000,0.17910000,0.17820000,0.17900000,43884.00000000,BEAMUSDT
2022-09-14 00:30:00,0.17890000,0.17900000,0.17890000,0.17900000,11448.00000000,BEAMUSDT
2022-09-14 00:45:00,0.17890000,0.17890000,0.17850000,0.17890000,19439.00000000,BEAMUSDT
2022-09-14 01:00:00,0.17890000,0.17930000,0.17890000,0.17930000,31662.00000000,BEAMUSDT
2022-09-14 01:15:00,0.17910000,0.17910000,0.17890000,0.17900000,9798.00000000,BEAMUSDT
2022-09-14 01:30:00,0.17910000,0.17950000,0.17900000,0.17930000,38497.00000000,BEAMUSDT
2022-09-14 01:45:00,0.17930000,0.17930000,0.17930000,0.17930000,893.00000000,BEAMUSDT
2022-09-14 02:00:00,0.17940000,0.18000000,0.17940000,0.17950000,24766.00000000,BEAMUSDT
2022-09-14 02:15:00,0.17960000,0.18090000,0.17960000,0.18040000,70036.00000000,BEAMUSDT
2022-09-14 02:30:00,0.18040000,0.18080000,0.18020000,0.18040000,21222.00000000,BEAMUSDT
2022-09-14 02:45:00,0.18070000,0.18330000,0.18070000,0.18320000,223245.00000000,BEAMUSDT
2022-09-14 03:00:00,0.18320000,0.18400000,0.18260000,0.18300000,118497.00000000,BEAMUSDT
2022-09-14 03:15:00,0.18330000,0.18350000,0.18300000,0.18340000,34592.00000000,BEAMUSDT
2022-09-14 03:30:00,0.18370000,0.18400000,0.18340000,0.18340000,37586.00000000,BEAMUSDT
2022-09-14 03:45:00,0.18350000,0.18350000,0.18300000,0.18340000,13942.00000000,BEAMUSDT
2022-09-14 04:00:00,0.18340000,0.18360000,0.18320000,0.18360000,6386.00000000,BEAMUSDT
2022-09-14 04:15:00,0.18370000,0.18400000,0.18210000,0.18220000,13517.00000000,BEAMUSDT
2022-09-14 04:30:00,0.18220000,0.18290000,0.18000000,0.18160000,116109.00000000,BEAMUSDT
2022-09-14 04:45:00,0.18160000,0.18190000,0.18140000,0.18160000,58363.00000000,BEAMUSDT
2022-09-14 05:00:00,0.18150000,0.18170000,0.18150000,0.18160000,10238.00000000,BEAMUSDT
2022-09-14 05:15:00,0.18160000,0.18190000,0.18150000,0.18150000,26821.00000000,BEAMUSDT
2022-09-14 05:30:00,0.18150000,0.18380000,0.18150000,0.18310000,95287.00000000,BEAMUSDT
2022-09-14 05:45:00,0.18320000,0.18380000,0.18270000,0.18370000,37834.00000000,BEAMUSDT
2022-09-14 06:00:00,0.18330000,0.18510000,0.18330000,0.18370000,179603.00000000,BEAMUSDT
2022-09-14 06:15:00,0.18400000,0.18630000,0.18370000,0.18620000,157489.00000000,BEAMUSDT
2022-09-14 06:30:00,0.18600000,0.18640000,0.18510000,0.18540000,65633.00000000,BEAMUSDT
2022-09-14 06:45:00,0.18540000,0.18590000,0.18450000,0.18510000,42916.00000000,BEAMUSDT
2022-09-14 07:00:00,0.18540000,0.18540000,0.18450000,0.18510000,30881.00000000,BEAMUSDT
2022-09-14 07:15:00,0.18500000,0.18500000,0.18200000,0.18250000,83683.00000000,BEAMUSDT
2022-09-14 07:30:00,0.18250000,0.18260000,0.18120000,0.18150000,62334.00000000,BEAMUSDT
2022-09-14 07:45:00,0.18150000,0.18150000,0.17870000,0.18000000,211977.00000000,BEAMUSDT
2022-09-14 08:00:00,0.18000000,0.18000000,0.17870000,0.17940000,109528.00000000,BEAMUSDT
2022-09-14 08:15:00,0.17960000,0.18080000,0.17910000,0.18040000,45595.00000000,BEAMUSDT
2022-09-14 08:30:00,0.18030000,0.18300000,0.18030000,0.18240000,93791.00000000,BEAMUSDT
2022-09-14 08:45:00,0.18260000,0.18440000,0.18240000,0.18390000,28646.00000000,BEAMUSDT
2022-09-14 09:00:00,0.18400000,0.18510000,0.18390000,0.18490000,92379.00000000,BEAMUSDT
2022-09-14 09:15:00,0.18430000,0.18590000,0.18330000,0.18500000,261541.00000000,BEAMUSDT
2022-09-14 09:30:00,0.18510000,0.18590000,0.18400000,0.18490000,71861.00000000,BEAMUSDT
2022-09-14 09:45:00,0.18490000,0.18600000,0.18330000,0.18340000,114612.00000000,BEAMUSDT
2022-09-14 10:00:00,0.18360000,0.18540000,0.18360000,0.18510000,48771.00000000,BEAMUSDT
2022-09-14 10:15:00,0.18500000,0.18620000,0.18320000,0.18570000,165977.00000000,BEAMUSDT
2022-09-14 10:30:00,0.18570000,0.18670000,0.18510000,0.18540000,112653.00000000,BEAMUSDT
2022-09-14 10:45:00,0.18520000,0.18870000,0.18440000,0.18570000,224001.00000000,BEAMUSDT
2022-09-14 11:00:00,0.18610000,0.18960000,0.18590000,0.18780000,142745.00000000,BEAMUSDT
2022-09-14 11:15:00,0.18780000,0.18810000,0.18480000,0.18530000,85003.00000000,BEAMUSDT
2022-09-14 11:30:00,0.18560000,0.18650000,0.18510000,0.18530000,58833.00000000,BEAMUSDT
2022-09-14 11:45:00,0.18510000,0.18570000,0.18270000,0.18370000,223180.00000000,BEAMUSDT
2022-09-14 12:00:00,0.18380000,0.18520000,0.18300000,0.18500000,88525.00000000,BEAMUSDT
2022-09-14 12:15:00,0.18490000,0.18740000,0.18450000,0.18640000,114528.00000000,BEAMUSDT
2022-09-14 12:30:00,0.18630000,0.18950000,0.18630000,0.18910000,171426.00000000,BEAMUSDT
2022-09-14 12:45:00,0.18920000,0.18920000,0.18700000,0.18710000,98982.00000000,BEAMUSDT
2022-09-14 13:00:00,0.18710000,0.18730000,0.18590000,0.18670000,82519.00000000,BEAMUSDT
2022-09-14 13:15:00,0.18670000,0.18690000,0.18570000,0.18600000,100721.00000000,BEAMUSDT
2022-09-14 13:30:00,0.18590000,0.18630000,0.18490000,0.18630000,53985.00000000,BEAMUSDT
2022-09-14 13:45:00,0.18630000,0.18850000,0.18620000,0.18840000,87812.00000000,BEAMUSDT
2022-09-14 14:00:00,0.18810000,0.19430000,0.18810000,0.19060000,1129504.00000000,BEAMUSDT
2022-09-14 14:15:00,0.19070000,0.19100000,0.18740000,0.18800000,300122.00000000,BEAMUSDT
2022-09-14 14:30:00,0.18800000,0.18960000,0.18770000,0.18870000,113659.00000000,BEAMUSDT
2022-09-14 14:45:00,0.18870000,0.18960000,0.18800000,0.18910000,94478.00000000,BEAMUSDT
2022-09-14 15:00:00,0.18940000,0.19210000,0.18920000,0.19170000,140552.00000000,BEAMUSDT
2022-09-14 15:15:00,0.19150000,0.19590000,0.19120000,0.19520000,568883.00000000,BEAMUSDT
2022-09-14 15:30:00,0.19510000,0.20150000,0.19500000,0.19940000,1504137.00000000,BEAMUSDT
2022-09-14 15:45:00,0.19950000,0.24450000,0.19950000,0.23510000,9977149.00000000,BEAMUSDT
2022-09-14 16:00:00,0.23470000,0.28080000,0.22280000,0.26600000,8492827.00000000,BEAMUSDT
2022-09-14 16:15:00,0.26600000,0.28740000,0.25110000,0.28740000,8742465.00000000,BEAMUSDT
2022-09-14 16:30:00,0.28650000,0.29850000,0.25660000,0.26770000,10400179.00000000,BEAMUSDT
2022-09-14 16:45:00,0.26770000,0.26970000,0.25650000,0.26860000,3465653.00000000,BEAMUSDT
2022-09-14 17:00:00,0.26820000,0.29800000,0.26600000,0.29710000,6006841.00000000,BEAMUSDT
2022-09-14 17:15:00,0.29750000,0.34420000,0.29150000,0.31140000,13276198.00000000,BEAMUSDT
2022-09-14 17:30:00,0.31180000,0.35000000,0.30380000,0.33360000,8414487.00000000,BEAMUSDT
2022-09-14 17:45:00,0.33360000,0.35660000,0.32360000,0.32510000,8689456.00000000,BEAMUSDT
2022-09-14 18:00:00,0.32520000,0.32690000,0.28940000,0.29630000,5993061.00000000,BEAMUSDT
2022-09-14 18:15:00,0.29630000,0.30400000,0.27230000,0.30140000,6268345.00000000,BEAMUSDT
2022-09-14 18:30:00,0.30130000,0.31870000,0.29040000,0.29990000,5718658.00000000,BEAMUSDT
2022-09-14 18:45:00,0.29990000,0.30710000,0.28530000,0.29050000,2620348.00000000,BEAMUSDT
2022-09-14 19:00:00,0.29010000,0.30200000,0.28310000,0.28590000,2845729.00000000,BEAMUSDT
2022-09-14 19:15:00,0.28650000,0.28960000,0.26650000,0.28060000,3732711.00000000,BEAMUSDT
2022-09-14 19:30:00,0.28030000,0.28650000,0.26840000,0.28080000,2803037.00000000,BEAMUSDT
2022-09-14 19:45:00,0.28080000,0.30140000,0.28020000,0.29860000,2594431.00000000,BEAMUSDT
2022-09-14 20:00:00,0.29850000,0.29850000,0.27230000,0.27640000,2445221.00000000,BEAMUSDT
2022-09-14 20:15:00,0.27670000,0.28470000,0.27100000,0.27710000,1338882.00000000,BEAMUSDT
2022-09-14 20:30:00,0.27700000,0.28590000,0.27490000,0.28240000,1355766.00000000,BEAMUSDT
2022-09-14 20:45:00,0.28230000,0.28310000,0.27200000,0.27380000,844501.00000000,BEAMUSDT
2022-09-14 21:00:00,0.27380000,0.28150000,0.27290000,0.27840000,646381.00000000,BEAMUSDT
2022-09-14 21:15:00,0.27840000,0.29600000,0.27700000,0.29450000,2168598.00000000,BEAMUSDT
2022-09-14 21:30:00,0.29410000,0.30590000,0.28120000,0.30330000,1937700.00000000,BEAMUSDT
2022-09-14 21:45:00,0.30290000,0.30800000,0.28610000,0.29120000,2186072.00000000,BEAMUSDT
2022-09-14 22:00:00,0.29120000,0.29890000,0.28480000,0.28650000,946150.00000000,BEAMUSDT
2022-09-14 22:15:00,0.28660000,0.29070000,0.28500000,0.28600000,620950.00000000,BEAMUSDT
2022-09-14 22:30:00,0.28540000,0.28590000,0.27420000,0.27780000,855216.00000000,BEAMUSDT
2022-09-14 22:45:00,0.27790000,0.28610000,0.27700000,0.28610000,464865.00000000,BEAMUSDT
2022-09-14 23:00:00,0.28620000,0.30460000,0.28180000,0.30080000,2221129.00000000,BEAMUSDT
2022-09-14 23:15:00,0.30070000,0.31000000,0.29340000,0.30500000,2526079.00000000,BEAMUSDT
2022-09-14 23:30:00,0.30490000,0.32080000,0.29210000,0.29530000,3357042.00000000,BEAMUSDT
2022-09-14 23:45:00,0.29470000,0.29980000,0.28030000,0.29400000,1749302.00000000,BEAMUSDT
2022-09-15 00:00:00,0.29380000,0.30330000,0.28500000,0.30100000,1400705.00000000,BEAMUSDT
2022-09-15 00:15:00,0.30000000,0.32120000,0.29700000,0.31690000,2599459.00000000,BEAMUSDT
2022-09-15 00:30:00,0.31690000,0.33270000,0.30500000,0.32730000,2498952.00000000,BEAMUSDT
2022-09-15 00:45:00,0.32790000,0.35000000,0.31620000,0.32330000,5623706.00000000,BEAMUSDT
2022-09-15 01:00:00,0.32340000,0.33850000,0.30030000,0.31230000,3360745.00000000,BEAMUSDT
2022-09-15 01:15:00,0.31240000,0.31790000,0.29660000,0.31090000,3255508.00000000,BEAMUSDT
2022-09-15 01:30:00,0.31190000,0.32430000,0.30310000,0.32250000,2038794.00000000,BEAMUSDT
2022-09-15 01:45:00,0.32150000,0.34270000,0.31570000,0.33970000,2962386.00000000,BEAMUSDT
2022-09-15 02:00:00,0.33940000,0.34880000,0.31830000,0.32010000,3101523.00000000,BEAMUSDT
2022-09-15 02:15:00,0.31990000,0.32920000,0.31130000,0.32750000,1707997.00000000,BEAMUSDT
2022-09-15 02:30:00,0.32760000,0.32770000,0.30120000,0.30430000,1880166.00000000,BEAMUSDT
2022-09-15 02:45:00,0.30430000,0.30970000,0.28430000,0.29250000,2351767.00000000,BEAMUSDT
2022-09-15 03:00:00,0.29280000,0.29800000,0.25800000,0.25950000,3538780.00000000,BEAMUSDT
2022-09-15 03:15:00,0.25990000,0.26130000,0.24600000,0.25320000,4144059.00000000,BEAMUSDT
2022-09-15 03:30:00,0.25320000,0.27100000,0.24790000,0.26710000,2860070.00000000,BEAMUSDT
2022-09-15 03:45:00,0.26690000,0.27370000,0.25050000,0.25570000,2303309.00000000,BEAMUSDT
2022-09-15 04:00:00,0.25570000,0.26500000,0.24500000,0.25180000,1498909.00000000,BEAMUSDT
2022-09-15 04:15:00,0.25190000,0.25660000,0.24710000,0.25380000,889499.00000000,BEAMUSDT
2022-09-15 04:30:00,0.25430000,0.26250000,0.25290000,0.25870000,916875.00000000,BEAMUSDT
2022-09-15 04:45:00,0.25860000,0.25870000,0.24400000,0.25000000,1420884.00000000,BEAMUSDT
2022-09-15 05:00:00,0.24990000,0.25630000,0.24520000,0.25560000,789074.00000000,BEAMUSDT
2022-09-15 05:15:00,0.25560000,0.26160000,0.25250000,0.26080000,1203129.00000000,BEAMUSDT
2022-09-15 05:30:00,0.26080000,0.26570000,0.26020000,0.26470000,946824.00000000,BEAMUSDT
2022-09-15 05:45:00,0.26450000,0.26500000,0.25250000,0.25460000,1518227.00000000,BEAMUSDT
2022-09-15 06:00:00,0.25520000,0.26410000,0.25450000,0.25790000,945742.00000000,BEAMUSDT
2022-09-15 06:15:00,0.25790000,0.26300000,0.25550000,0.26150000,648751.00000000,BEAMUSDT
2022-09-15 06:30:00,0.26150000,0.28690000,0.26140000,0.27200000,4023124.00000000,BEAMUSDT
2022-09-15 06:45:00,0.27250000,0.28600000,0.26770000,0.27140000,2149914.00000000,BEAMUSDT
2022-09-15 07:00:00,0.27140000,0.28410000,0.26210000,0.27790000,2236433.00000000,BEAMUSDT
2022-09-15 07:15:00,0.27830000,0.28300000,0.26830000,0.26990000,1200861.00000000,BEAMUSDT
2022-09-15 07:30:00,0.26990000,0.27990000,0.26930000,0.27350000,1882035.00000000,BEAMUSDT
2022-09-15 07:45:00,0.27390000,0.27440000,0.26100000,0.26270000,1381926.00000000,BEAMUSDT
2022-09-15 08:00:00,0.26230000,0.26800000,0.26020000,0.26510000,746879.00000000,BEAMUSDT
2022-09-15 08:15:00,0.26610000,0.26700000,0.25700000,0.25990000,1203180.00000000,BEAMUSDT
2022-09-15 08:30:00,0.25930000,0.26090000,0.25200000,0.25290000,3231576.00000000,BEAMUSDT
2022-09-15 08:45:00,0.25280000,0.26090000,0.25220000,0.26010000,750843.00000000,BEAMUSDT
2022-09-15 09:00:00,0.25960000,0.26440000,0.25470000,0.26400000,704772.00000000,BEAMUSDT
2022-09-15 09:15:00,0.26350000,0.26600000,0.25890000,0.25980000,499673.00000000,BEAMUSDT
2022-09-15 09:30:00,0.26010000,0.26600000,0.25930000,0.26410000,567142.00000000,BEAMUSDT
2022-09-15 09:45:00,0.26390000,0.26440000,0.25740000,0.26050000,536112.00000000,BEAMUSDT
2022-09-15 10:00:00,0.26080000,0.26180000,0.25600000,0.25660000,653375.00000000,BEAMUSDT
2022-09-15 10:15:00,0.25660000,0.25860000,0.25130000,0.25260000,542097.00000000,BEAMUSDT
2022-09-15 10:30:00,0.25260000,0.25960000,0.25260000,0.25670000,555524.00000000,BEAMUSDT
2022-09-15 10:45:00,0.25660000,0.26350000,0.25430000,0.26280000,843622.00000000,BEAMUSDT
2022-09-15 11:00:00,0.26280000,0.26650000,0.25590000,0.25660000,1909192.00000000,BEAMUSDT
2022-09-15 11:15:00,0.25660000,0.26380000,0.25560000,0.25970000,645300.00000000,BEAMUSDT
2022-09-15 11:30:00,0.25930000,0.25970000,0.25150000,0.25190000,1041495.00000000,BEAMUSDT
2022-09-15 11:45:00,0.25160000,0.25400000,0.24440000,0.24860000,1583281.00000000,BEAMUSDT
2022-09-15 12:00:00,0.24860000,0.24860000,0.24250000,0.24250000,739730.00000000,BEAMUSDT
2022-09-15 12:15:00,0.24250000,0.24830000,0.24060000,0.24350000,642515.00000000,BEAMUSDT
2022-09-15 12:30:00,0.24280000,0.24900000,0.24260000,0.24460000,409051.00000000,BEAMUSDT
2022-09-15 12:45:00,0.24450000,0.24740000,0.24400000,0.24580000,210217.00000000,BEAMUSDT
2022-09-15 13:00:00,0.24560000,0.25200000,0.24550000,0.24960000,624690.00000000,BEAMUSDT
2022-09-15 13:15:00,0.24930000,0.25310000,0.24770000,0.25240000,784267.00000000,BEAMUSDT
2022-09-15 13:30:00,0.25240000,0.25900000,0.25140000,0.25780000,774932.00000000,BEAMUSDT
2022-09-15 13:45:00,0.25750000,0.26150000,0.24500000,0.24590000,1608073.00000000,BEAMUSDT
2022-09-15 14:00:00,0.24590000,0.25120000,0.24590000,0.24630000,391292.00000000,BEAMUSDT
2022-09-15 14:15:00,0.24630000,0.24960000,0.24340000,0.24580000,509491.00000000,BEAMUSDT
2022-09-15 14:30:00,0.24570000,0.24720000,0.22400000,0.22850000,3602836.00000000,BEAMUSDT
2022-09-15 14:45:00,0.22820000,0.23110000,0.22400000,0.22630000,1217994.00000000,BEAMUSDT
2022-09-15 15:00:00,0.22660000,0.22760000,0.21380000,0.21780000,2212831.00000000,BEAMUSDT
2022-09-15 15:15:00,0.21780000,0.22650000,0.21560000,0.22440000,1215468.00000000,BEAMUSDT
2022-09-15 15:30:00,0.22490000,0.23200000,0.21870000,0.22790000,1558868.00000000,BEAMUSDT
2022-09-15 15:45:00,0.22730000,0.23000000,0.22160000,0.22380000,638589.00000000,BEAMUSDT
2022-09-15 16:00:00,0.22360000,0.22560000,0.21940000,0.22430000,428063.00000000,BEAMUSDT
2022-09-15 16:15:00,0.22440000,0.22870000,0.22440000,0.22580000,379980.00000000,BEAMUSDT
2022-09-15 16:30:00,0.22550000,0.22900000,0.22460000,0.22730000,297894.00000000,BEAMUSDT
2022-09-15 16:45:00,0.22720000,0.22980000,0.22540000,0.22600000,230912.00000000,BEAMUSDT
2022-09-15 17:00:00,0.22610000,0.23330000,0.22580000,0.23130000,603741.00000000,BEAMUSDT
2022-09-15 17:15:00,0.23100000,0.23250000,0.23000000,0.23180000,171031.00000000,BEAMUSDT
2022-09-15 17:30:00,0.23220000,0.23250000,0.22800000,0.23070000,211990.00000000,BEAMUSDT
2022-09-15 17:45:00,0.23060000,0.23190000,0.22880000,0.22880000,187914.00000000,BEAMUSDT
2022-09-15 18:00:00,0.22880000,0.23100000,0.22550000,0.22770000,488406.00000000,BEAMUSDT
2022-09-15 18:15:00,0.22770000,0.22910000,0.22270000,0.22490000,364849.00000000,BEAMUSDT
2022-09-15 18:30:00,0.22490000,0.22820000,0.22360000,0.22780000,170301.00000000,BEAMUSDT
2022-09-15 18:45:00,0.22800000,0.22800000,0.22210000,0.22480000,244268.00000000,BEAMUSDT
2022-09-15 19:00:00,0.22480000,0.22760000,0.22150000,0.22180000,368105.00000000,BEAMUSDT
2022-09-15 19:15:00,0.22180000,0.22420000,0.22000000,0.22070000,117552.00000000,BEAMUSDT
2022-09-15 19:30:00,0.22060000,0.22190000,0.21860000,0.21910000,172216.00000000,BEAMUSDT
2022-09-15 19:45:00,0.21900000,0.22320000,0.21830000,0.21830000,184202.00000000,BEAMUSDT
2022-09-15 20:00:00,0.21860000,0.22170000,0.21830000,0.22020000,112772.00000000,BEAMUSDT
2022-09-15 20:15:00,0.22040000,0.22260000,0.22020000,0.22020000,129769.00000000,BEAMUSDT
2022-09-15 20:30:00,0.22030000,0.22240000,0.21870000,0.22240000,182041.00000000,BEAMUSDT
2022-09-15 20:45:00,0.22240000,0.22530000,0.22230000,0.22260000,262631.00000000,BEAMUSDT
2022-09-15 21:00:00,0.22260000,0.22490000,0.22100000,0.22410000,94238.00000000,BEAMUSDT
2022-09-15 21:15:00,0.22410000,0.22440000,0.22230000,0.22370000,69733.00000000,BEAMUSDT
2022-09-15 21:30:00,0.22380000,0.22670000,0.22380000,0.22630000,119072.00000000,BEAMUSDT
2022-09-15 21:45:00,0.22610000,0.22670000,0.22430000,0.22440000,70152.00000000,BEAMUSDT
2022-09-15 22:00:00,0.22470000,0.22960000,0.22440000,0.22770000,264665.00000000,BEAMUSDT
2022-09-15 22:15:00,0.22770000,0.22840000,0.22280000,0.22400000,86560.00000000,BEAMUSDT
2022-09-15 22:30:00,0.22380000,0.22460000,0.22090000,0.22090000,115337.00000000,BEAMUSDT
2022-09-15 22:45:00,0.22090000,0.22100000,0.21700000,0.21880000,263977.00000000,BEAMUSDT
2022-09-15 23:00:00,0.21890000,0.21930000,0.21500000,0.21740000,239545.00000000,BEAMUSDT
2022-09-15 23:15:00,0.21730000,0.22380000,0.21450000,0.22380000,536234.00000000,BEAMUSDT
2022-09-15 23:30:00,0.22380000,0.22680000,0.22200000,0.22320000,368163.00000000,BEAMUSDT
2022-09-15 23:45:00,0.22310000,0.22650000,0.22180000,0.22310000,192730.00000000,BEAMUSDT
2022-09-16 00:00:00,0.22260000,0.22440000,0.22190000,0.22370000,108535.00000000,BEAMUSDT
2022-09-16 00:15:00,0.22370000,0.22670000,0.22280000,0.22300000,468360.00000000,BEAMUSDT
2022-09-16 00:30:00,0.22310000,0.22990000,0.22220000,0.22910000,501374.00000000,BEAMUSDT
2022-09-16 00:45:00,0.22920000,0.23070000,0.22620000,0.22740000,369030.00000000,BEAMUSDT
2022-09-16 01:00:00,0.22720000,0.22720000,0.22200000,0.22310000,454471.00000000,BEAMUSDT
2022-09-16 01:15:00,0.22310000,0.22750000,0.22200000,0.22630000,329239.00000000,BEAMUSDT
2022-09-16 01:30:00,0.22640000,0.22740000,0.22370000,0.22440000,212467.00000000,BEAMUSDT
2022-09-16 01:45:00,0.22440000,0.22630000,0.22380000,0.22530000,112337.00000000,BEAMUSDT
2022-09-16 02:00:00,0.22520000,0.22530000,0.22000000,0.22010000,185736.00000000,BEAMUSDT
2022-09-16 02:15:00,0.22000000,0.22400000,0.21800000,0.22290000,242457.00000000,BEAMUSDT
2022-09-16 02:30:00,0.22280000,0.22490000,0.22170000,0.22300000,263971.00000000,BEAMUSDT
2022-09-16 02:45:00,0.22300000,0.22870000,0.22050000,0.22760000,562125.00000000,BEAMUSDT
2022-09-16 03:00:00,0.22750000,0.22770000,0.22460000,0.22650000,148668.00000000,BEAMUSDT
2022-09-16 03:15:00,0.22650000,0.22670000,0.22360000,0.22380000,141537.00000000,BEAMUSDT
2022-09-16 03:30:00,0.22380000,0.22480000,0.22290000,0.22400000,132208.00000000,BEAMUSDT
2022-09-16 03:45:00,0.22380000,0.22380000,0.21810000,0.21950000,572615.00000000,BEAMUSDT
2022-09-16 04:00:00,0.21940000,0.22060000,0.21710000,0.21780000,394611.00000000,BEAMUSDT
2022-09-16 04:15:00,0.21810000,0.21970000,0.21710000,0.21720000,360242.00000000,BEAMUSDT
2022-09-16 04:30:00,0.21710000,0.21770000,0.21570000,0.21700000,231641.00000000,BEAMUSDT
2022-09-16 04:45:00,0.21730000,0.21790000,0.21470000,0.21470000,131510.00000000,BEAMUSDT
2022-09-16 05:00:00,0.21470000,0.21690000,0.21140000,0.21370000,606387.00000000,BEAMUSDT
2022-09-16 05:15:00,0.21370000,0.21370000,0.21000000,0.21140000,393586.00000000,BEAMUSDT
2022-09-16 05:30:00,0.21150000,0.21210000,0.21070000,0.21190000,182707.00000000,BEAMUSDT
2022-09-16 05:45:00,0.21190000,0.21190000,0.21000000,0.21010000,472319.00000000,BEAMUSDT
2022-09-16 06:00:00,0.21070000,0.21210000,0.20950000,0.21110000,386081.00000000,BEAMUSDT
2022-09-16 06:15:00,0.21110000,0.21210000,0.20850000,0.20920000,324280.00000000,BEAMUSDT
2022-09-16 06:30:00,0.20900000,0.21150000,0.20810000,0.20910000,350752.00000000,BEAMUSDT
2022-09-16 06:45:00,0.20920000,0.21210000,0.20870000,0.21160000,305910.00000000,BEAMUSDT
2022-09-16 07:00:00,0.21170000,0.21300000,0.21100000,0.21150000,219442.00000000,BEAMUSDT
2022-09-16 07:15:00,0.21120000,0.21220000,0.20820000,0.20840000,763372.00000000,BEAMUSDT
2022-09-16 07:30:00,0.20850000,0.20910000,0.20560000,0.20750000,428452.00000000,BEAMUSDT
2022-09-16 07:45:00,0.20750000,0.21100000,0.20610000,0.20950000,327872.00000000,BEAMUSDT
2022-09-16 08:00:00,0.20940000,0.21200000,0.20560000,0.20720000,373654.00000000,BEAMUSDT
2022-09-16 08:15:00,0.20720000,0.20780000,0.20330000,0.20410000,355425.00000000,BEAMUSDT
2022-09-16 08:30:00,0.20420000,0.20510000,0.19870000,0.20210000,684098.00000000,BEAMUSDT
2022-09-16 08:45:00,0.20220000,0.20310000,0.19980000,0.19980000,352850.00000000,BEAMUSDT
2022-09-16 09:00:00,0.19970000,0.20470000,0.19940000,0.20320000,350484.00000000,BEAMUSDT
2022-09-16 09:15:00,0.20300000,0.20390000,0.20170000,0.20200000,141896.00000000,BEAMUSDT
2022-09-16 09:30:00,0.20180000,0.20570000,0.20160000,0.20260000,266682.00000000,BEAMUSDT
2022-09-16 09:45:00,0.20270000,0.20670000,0.20180000,0.20660000,380915.00000000,BEAMUSDT
2022-09-16 10:00:00,0.20660000,0.21210000,0.20640000,0.21140000,384568.00000000,BEAMUSDT
2022-09-16 10:15:00,0.21110000,0.21670000,0.21110000,0.21610000,632678.00000000,BEAMUSDT
2022-09-16 10:30:00,0.21610000,0.21810000,0.21010000,0.21160000,841257.00000000,BEAMUSDT
2022-09-16 10:45:00,0.21140000,0.21150000,0.20920000,0.20920000,223252.00000000,BEAMUSDT
2022-09-16 11:00:00,0.20920000,0.21200000,0.20790000,0.21040000,463455.00000000,BEAMUSDT
2022-09-16 11:15:00,0.21000000,0.21110000,0.20860000,0.20890000,165921.00000000,BEAMUSDT
2022-09-16 11:30:00,0.20890000,0.20910000,0.20730000,0.20790000,172625.00000000,BEAMUSDT
2022-09-16 11:45:00,0.20790000,0.21140000,0.20560000,0.21080000,329472.00000000,BEAMUSDT
2022-09-16 12:00:00,0.21050000,0.21050000,0.20730000,0.20740000,80060.00000000,BEAMUSDT
2022-09-16 12:15:00,0.20740000,0.20880000,0.20660000,0.20740000,202854.00000000,BEAMUSDT
2022-09-16 12:30:00,0.20720000,0.20990000,0.20670000,0.20700000,477387.00000000,BEAMUSDT
2022-09-16 12:45:00,0.20730000,0.20730000,0.20060000,0.20360000,585190.00000000,BEAMUSDT
2022-09-16 13:00:00,0.20360000,0.20520000,0.20230000,0.20440000,416191.00000000,BEAMUSDT
2022-09-16 13:15:00,0.20460000,0.20690000,0.20450000,0.20580000,180299.00000000,BEAMUSDT
2022-09-16 13:30:00,0.20560000,0.20560000,0.20320000,0.20370000,160612.00000000,BEAMUSDT
2022-09-16 13:45:00,0.20330000,0.20470000,0.19890000,0.19930000,233954.00000000,BEAMUSDT
2022-09-16 14:00:00,0.19940000,0.20490000,0.19900000,0.20420000,299481.00000000,BEAMUSDT
2022-09-16 14:15:00,0.20420000,0.20490000,0.20260000,0.20260000,147164.00000000,BEAMUSDT
2022-09-16 14:30:00,0.20320000,0.20690000,0.20310000,0.20610000,228830.00000000,BEAMUSDT
2022-09-16 14:45:00,0.20600000,0.20610000,0.20410000,0.20410000,92602.00000000,BEAMUSDT
2022-09-16 15:00:00,0.20410000,0.20560000,0.20380000,0.20490000,154400.00000000,BEAMUSDT
2022-09-16 15:15:00,0.20520000,0.20560000,0.20160000,0.20340000,212703.00000000,BEAMUSDT
2022-09-16 15:30:00,0.20330000,0.20370000,0.20240000,0.20260000,55090.00000000,BEAMUSDT
2022-09-16 15:45:00,0.20240000,0.20350000,0.20210000,0.20350000,29308.00000000,BEAMUSDT
2022-09-16 16:00:00,0.20330000,0.20330000,0.20160000,0.20180000,36878.00000000,BEAMUSDT
2022-09-16 16:15:00,0.20170000,0.20230000,0.19890000,0.19990000,218012.00000000,BEAMUSDT
2022-09-16 16:30:00,0.19970000,0.20110000,0.19890000,0.20060000,88928.00000000,BEAMUSDT
2022-09-16 16:45:00,0.20040000,0.20170000,0.19680000,0.19700000,290672.00000000,BEAMUSDT
2022-09-16 17:00:00,0.19680000,0.19980000,0.19500000,0.19790000,379413.00000000,BEAMUSDT
2022-09-16 17:15:00,0.19790000,0.19840000,0.19560000,0.19590000,278847.00000000,BEAMUSDT
2022-09-16 17:30:00,0.19570000,0.19840000,0.19570000,0.19710000,180824.00000000,BEAMUSDT
2022-09-16 17:45:00,0.19720000,0.20380000,0.19500000,0.20030000,610773.00000000,BEAMUSDT
2022-09-16 18:00:00,0.20040000,0.20380000,0.20000000,0.20260000,160089.00000000,BEAMUSDT
2022-09-16 18:15:00,0.20270000,0.20620000,0.19920000,0.20080000,307817.00000000,BEAMUSDT
2022-09-16 18:30:00,0.20110000,0.20150000,0.20040000,0.20070000,46412.00000000,BEAMUSDT
2022-09-16 18:45:00,0.20080000,0.20120000,0.19990000,0.20020000,31190.00000000,BEAMUSDT
2022-09-16 19:00:00,0.20070000,0.20370000,0.20010000,0.20110000,364335.00000000,BEAMUSDT
2022-09-16 19:15:00,0.20070000,0.20200000,0.20040000,0.20190000,57196.00000000,BEAMUSDT
2022-09-16 19:30:00,0.20180000,0.20560000,0.20180000,0.20350000,143119.00000000,BEAMUSDT
2022-09-16 19:45:00,0.20350000,0.20480000,0.20230000,0.20430000,87878.00000000,BEAMUSDT
2022-09-16 20:00:00,0.20430000,0.20530000,0.20430000,0.20470000,34707.00000000,BEAMUSDT
2022-09-16 20:15:00,0.20450000,0.20450000,0.20270000,0.20340000,108244.00000000,BEAMUSDT
2022-09-16 20:30:00,0.20340000,0.20350000,0.20250000,0.20290000,62796.00000000,BEAMUSDT
2022-09-16 20:45:00,0.20300000,0.20370000,0.20300000,0.20350000,43906.00000000,BEAMUSDT
2022-09-16 21:00:00,0.20350000,0.20360000,0.20290000,0.20330000,12806.00000000,BEAMUSDT
2022-09-16 21:15:00,0.20340000,0.20410000,0.20310000,0.20330000,20273.00000000,BEAMUSDT
2022-09-16 21:30:00,0.20330000,0.20400000,0.20240000,0.20240000,76056.00000000,BEAMUSDT
2022-09-16 21:45:00,0.20320000,0.20340000,0.20250000,0.20250000,37942.00000000,BEAMUSDT
2022-09-16 22:00:00,0.20240000,0.20260000,0.20150000,0.20230000,31332.00000000,BEAMUSDT
2022-09-16 22:15:00,0.20190000,0.20440000,0.20190000,0.20300000,79960.00000000,BEAMUSDT
2022-09-16 22:30:00,0.20290000,0.20370000,0.20250000,0.20300000,25861.00000000,BEAMUSDT
2022-09-16 22:45:00,0.20280000,0.20470000,0.20280000,0.20410000,102395.00000000,BEAMUSDT
2022-09-16 23:00:00,0.20420000,0.20520000,0.20420000,0.20510000,57395.00000000,BEAMUSDT
2022-09-16 23:15:00,0.20500000,0.20750000,0.20500000,0.20700000,81545.00000000,BEAMUSDT
2022-09-16 23:30:00,0.20680000,0.20760000,0.20530000,0.20540000,115390.00000000,BEAMUSDT
2022-09-16 23:45:00,0.20550000,0.20670000,0.20520000,0.20670000,45906.00000000,BEAMUSDT
2022-09-17 00:00:00,0.20640000,0.20710000,0.20610000,0.20710000,73240.00000000,BEAMUSDT
2022-09-17 00:15:00,0.20710000,0.21060000,0.20710000,0.20950000,302307.00000000,BEAMUSDT
2022-09-17 00:30:00,0.20960000,0.21050000,0.20810000,0.20940000,183882.00000000,BEAMUSDT
2022-09-17 00:45:00,0.20930000,0.20940000,0.20680000,0.20770000,91742.00000000,BEAMUSDT
2022-09-17 01:00:00,0.20790000,0.20900000,0.20710000,0.20780000,103030.00000000,BEAMUSDT
2022-09-17 01:15:00,0.20810000,0.20970000,0.20720000,0.20970000,77419.00000000,BEAMUSDT
2022-09-17 01:30:00,0.20960000,0.21390000,0.20930000,0.21340000,303341.00000000,BEAMUSDT
2022-09-17 01:45:00,0.21350000,0.21690000,0.21240000,0.21520000,355360.00000000,BEAMUSDT
2022-09-17 02:00:00,0.21520000,0.21680000,0.21220000,0.21540000,190072.00000000,BEAMUSDT
2022-09-17 02:15:00,0.21590000,0.21750000,0.21420000,0.21600000,158580.00000000,BEAMUSDT
2022-09-17 02:30:00,0.21610000,0.21730000,0.21200000,0.21260000,237436.00000000,BEAMUSDT
2022-09-17 02:45:00,0.21280000,0.21340000,0.21190000,0.21330000,152860.00000000,BEAMUSDT
2022-09-17 03:00:00,0.21350000,0.21460000,0.21250000,0.21390000,40086.00000000,BEAMUSDT
2022-09-17 03:15:00,0.21390000,0.21480000,0.21290000,0.21350000,95154.00000000,BEAMUSDT
2022-09-17 03:30:00,0.21350000,0.21370000,0.21270000,0.21300000,56098.00000000,BEAMUSDT
2022-09-17 03:45:00,0.21300000,0.21480000,0.21290000,0.21400000,27110.00000000,BEAMUSDT
2022-09-17 04:00:00,0.21360000,0.21360000,0.21020000,0.21180000,219803.00000000,BEAMUSDT
2022-09-17 04:15:00,0.21200000,0.21230000,0.21040000,0.21050000,155246.00000000,BEAMUSDT
2022-09-17 04:30:00,0.21090000,0.21160000,0.21080000,0.21160000,14642.00000000,BEAMUSDT
2022-09-17 04:45:00,0.21110000,0.21220000,0.21110000,0.21180000,37187.00000000,BEAMUSDT
2022-09-17 05:00:00,0.21140000,0.21340000,0.21060000,0.21280000,72060.00000000,BEAMUSDT
2022-09-17 05:15:00,0.21290000,0.21680000,0.21270000,0.21530000,152465.00000000,BEAMUSDT
2022-09-17 05:30:00,0.21540000,0.21670000,0.21460000,0.21600000,76036.00000000,BEAMUSDT
2022-09-17 05:45:00,0.21620000,0.22210000,0.21610000,0.22210000,433077.00000000,BEAMUSDT
2022-09-17 06:00:00,0.22220000,0.22730000,0.22130000,0.22490000,599418.00000000,BEAMUSDT
2022-09-17 06:15:00,0.22470000,0.22860000,0.22140000,0.22540000,602394.00000000,BEAMUSDT
2022-09-17 06:30:00,0.22560000,0.22840000,0.22070000,0.22200000,1186704.00000000,BEAMUSDT
2022-09-17 06:45:00,0.22190000,0.22220000,0.21780000,0.21780000,411375.00000000,BEAMUSDT
2022-09-17 07:00:00,0.21780000,0.21910000,0.21480000,0.21590000,486455.00000000,BEAMUSDT
2022-09-17 07:15:00,0.21600000,0.21760000,0.21520000,0.21660000,113865.00000000,BEAMUSDT
2022-09-17 07:30:00,0.21680000,0.21690000,0.21190000,0.21310000,223307.00000000,BEAMUSDT
2022-09-17 07:45:00,0.21320000,0.21320000,0.20880000,0.20880000,334026.00000000,BEAMUSDT
2022-09-17 08:00:00,0.20880000,0.21090000,0.20860000,0.21010000,210667.00000000,BEAMUSDT
2022-09-17 08:15:00,0.21040000,0.21040000,0.20900000,0.20930000,145870.00000000,BEAMUSDT
2022-09-17 08:30:00,0.20940000,0.21170000,0.20820000,0.20870000,272357.00000000,BEAMUSDT
2022-09-17 08:45:00,0.20880000,0.20890000,0.20640000,0.20760000,233018.00000000,BEAMUSDT
2022-09-17 09:00:00,0.20760000,0.20780000,0.20600000,0.20670000,91765.00000000,BEAMUSDT
2022-09-17 09:15:00,0.20680000,0.20950000,0.20660000,0.20910000,104546.00000000,BEAMUSDT
2022-09-17 09:30:00,0.20920000,0.21160000,0.20860000,0.21120000,140130.00000000,BEAMUSDT
2022-09-17 09:45:00,0.21110000,0.21230000,0.21110000,0.21150000,227867.00000000,BEAMUSDT
2022-09-17 10:00:00,0.21150000,0.21190000,0.21090000,0.21090000,100001.00000000,BEAMUSDT
2022-09-17 10:15:00,0.21090000,0.21100000,0.20790000,0.20790000,202320.00000000,BEAMUSDT
2022-09-17 10:30:00,0.20780000,0.20780000,0.20520000,0.20550000,206421.00000000,BEAMUSDT
2022-09-17 10:45:00,0.20540000,0.20570000,0.20320000,0.20400000,285071.00000000,BEAMUSDT
2022-09-17 11:00:00,0.20380000,0.20470000,0.20340000,0.20400000,116370.00000000,BEAMUSDT
2022-09-17 11:15:00,0.20400000,0.20530000,0.20170000,0.20200000,391836.00000000,BEAMUSDT
2022-09-17 11:30:00,0.20210000,0.20240000,0.19980000,0.20190000,360236.00000000,BEAMUSDT
2022-09-17 11:45:00,0.20210000,0.20230000,0.20120000,0.20230000,63157.00000000,BEAMUSDT
2022-09-17 12:00:00,0.20230000,0.20310000,0.20100000,0.20150000,128327.00000000,BEAMUSDT
2022-09-17 12:15:00,0.20150000,0.20200000,0.20010000,0.20140000,127870.00000000,BEAMUSDT
2022-09-17 12:30:00,0.20150000,0.20330000,0.20120000,0.20330000,87790.00000000,BEAMUSDT
2022-09-17 12:45:00,0.20320000,0.20410000,0.20250000,0.20400000,157780.00000000,BEAMUSDT
2022-09-17 13:00:00,0.20400000,0.20680000,0.20400000,0.20650000,145807.00000000,BEAMUSDT
2022-09-17 13:15:00,0.20640000,0.20640000,0.20400000,0.20430000,166422.00000000,BEAMUSDT
2022-09-17 13:30:00,0.20410000,0.20410000,0.20290000,0.20320000,127397.00000000,BEAMUSDT
2022-09-17 13:45:00,0.20330000,0.20370000,0.20230000,0.20270000,115999.00000000,BEAMUSDT
2022-09-17 14:00:00,0.20300000,0.20630000,0.20280000,0.20600000,174528.00000000,BEAMUSDT
2022-09-17 14:15:00,0.20600000,0.20620000,0.20470000,0.20560000,106098.00000000,BEAMUSDT
2022-09-17 14:30:00,0.20560000,0.20560000,0.20350000,0.20380000,106540.00000000,BEAMUSDT
2022-09-17 14:45:00,0.20370000,0.20480000,0.20330000,0.20430000,44066.00000000,BEAMUSDT
2022-09-17 15:00:00,0.20450000,0.20480000,0.20390000,0.20440000,25275.00000000,BEAMUSDT
2022-09-17 15:15:00,0.20440000,0.20440000,0.20390000,0.20410000,21082.00000000,BEAMUSDT
2022-09-17 15:30:00,0.20410000,0.20530000,0.20350000,0.20470000,122958.00000000,BEAMUSDT
2022-09-17 15:45:00,0.20470000,0.20490000,0.20430000,0.20430000,40576.00000000,BEAMUSDT
2022-09-17 16:00:00,0.20430000,0.20530000,0.20410000,0.20490000,59431.00000000,BEAMUSDT
2022-09-17 16:15:00,0.20530000,0.20750000,0.20530000,0.20580000,151525.00000000,BEAMUSDT
2022-09-17 16:30:00,0.20570000,0.20730000,0.20520000,0.20720000,113568.00000000,BEAMUSDT
2022-09-17 16:45:00,0.20730000,0.20920000,0.20700000,0.20820000,157739.00000000,BEAMUSDT
2022-09-17 17:00:00,0.20850000,0.20940000,0.20770000,0.20850000,178185.00000000,BEAMUSDT
2022-09-17 17:15:00,0.20850000,0.20850000,0.20710000,0.20750000,130201.00000000,BEAMUSDT
2022-09-17 17:30:00,0.20730000,0.20750000,0.20670000,0.20710000,156754.00000000,BEAMUSDT
2022-09-17 17:45:00,0.20700000,0.20780000,0.20680000,0.20780000,59953.00000000,BEAMUSDT
2022-09-17 18:00:00,0.20780000,0.21000000,0.20780000,0.20910000,101284.00000000,BEAMUSDT
2022-09-17 18:15:00,0.20920000,0.20940000,0.20870000,0.20930000,13846.00000000,BEAMUSDT
2022-09-17 18:30:00,0.20940000,0.21000000,0.20850000,0.20950000,55486.00000000,BEAMUSDT
2022-09-17 18:45:00,0.20930000,0.21130000,0.20910000,0.21130000,82664.00000000,BEAMUSDT
2022-09-17 19:00:00,0.21140000,0.21320000,0.20930000,0.20970000,193120.00000000,BEAMUSDT
2022-09-17 19:15:00,0.20930000,0.20960000,0.20740000,0.20780000,124836.00000000,BEAMUSDT
2022-09-17 19:30:00,0.20780000,0.20780000,0.20700000,0.20720000,41627.00000000,BEAMUSDT
2022-09-17 19:45:00,0.20740000,0.21000000,0.20740000,0.21000000,87244.00000000,BEAMUSDT
2022-09-17 20:00:00,0.21000000,0.21180000,0.20860000,0.20860000,105731.00000000,BEAMUSDT
2022-09-17 20:15:00,0.20840000,0.20930000,0.20820000,0.20820000,51054.00000000,BEAMUSDT
2022-09-17 20:30:00,0.20860000,0.20950000,0.20860000,0.20910000,20336.00000000,BEAMUSDT
2022-09-17 20:45:00,0.20910000,0.21000000,0.20900000,0.20930000,29074.00000000,BEAMUSDT
2022-09-17 21:00:00,0.20950000,0.21110000,0.20810000,0.20870000,69253.00000000,BEAMUSDT
2022-09-17 21:15:00,0.20890000,0.20940000,0.20830000,0.20830000,28119.00000000,BEAMUSDT
2022-09-17 21:30:00,0.20830000,0.20920000,0.20810000,0.20920000,12421.00000000,BEAMUSDT
2022-09-17 21:45:00,0.20880000,0.20900000,0.20860000,0.20870000,4199.00000000,BEAMUSDT
2022-09-17 22:00:00,0.20870000,0.20870000,0.20720000,0.20740000,59482.00000000,BEAMUSDT
2022-09-17 22:15:00,0.20750000,0.20750000,0.20670000,0.20720000,36348.00000000,BEAMUSDT
2022-09-17 22:30:00,0.20710000,0.20730000,0.20670000,0.20730000,17529.00000000,BEAMUSDT
2022-09-17 22:45:00,0.20720000,0.20850000,0.20700000,0.20800000,71722.00000000,BEAMUSDT
2022-09-17 23:00:00,0.20790000,0.20790000,0.20760000,0.20780000,7220.00000000,BEAMUSDT
2022-09-17 23:15:00,0.20790000,0.20820000,0.20780000,0.20790000,14646.00000000,BEAMUSDT
2022-09-17 23:30:00,0.20790000,0.20800000,0.20770000,0.20770000,21582.00000000,BEAMUSDT
2022-09-17 23:45:00,0.20810000,0.20840000,0.20680000,0.20750000,55060.00000000,BEAMUSDT
2022-09-18 00:00:00,0.20750000,0.20770000,0.20590000,0.20670000,74337.00000000,BEAMUSDT
2022-09-18 00:15:00,0.20680000,0.20730000,0.20620000,0.20690000,36590.00000000,BEAMUSDT
2022-09-18 00:30:00,0.20660000,0.20670000,0.20610000,0.20620000,40873.00000000,BEAMUSDT
2022-09-18 00:45:00,0.20640000,0.20640000,0.20490000,0.20600000,63200.00000000,BEAMUSDT
2022-09-18 01:00:00,0.20560000,0.20560000,0.20470000,0.20480000,29934.00000000,BEAMUSDT
2022-09-18 01:15:00,0.20480000,0.20500000,0.20460000,0.20460000,15033.00000000,BEAMUSDT
2022-09-18 01:30:00,0.20480000,0.20520000,0.20380000,0.20400000,40699.00000000,BEAMUSDT
2022-09-18 01:45:00,0.20400000,0.20490000,0.20270000,0.20430000,140388.00000000,BEAMUSDT
2022-09-18 02:00:00,0.20420000,0.20440000,0.20070000,0.20150000,388070.00000000,BEAMUSDT
2022-09-18 02:15:00,0.20150000,0.20230000,0.20090000,0.20120000,64620.00000000,BEAMUSDT
2022-09-18 02:30:00,0.20130000,0.20150000,0.20070000,0.20150000,25301.00000000,BEAMUSDT
2022-09-18 02:45:00,0.20130000,0.20130000,0.20050000,0.20100000,25357.00000000,BEAMUSDT
2022-09-18 03:00:00,0.20120000,0.20120000,0.20060000,0.20110000,24128.00000000,BEAMUSDT
2022-09-18 03:15:00,0.20110000,0.20420000,0.20110000,0.20260000,211928.00000000,BEAMUSDT
2022-09-18 03:30:00,0.20250000,0.20280000,0.20200000,0.20240000,30091.00000000,BEAMUSDT
2022-09-18 03:45:00,0.20230000,0.20260000,0.20160000,0.20210000,41474.00000000,BEAMUSDT
2022-09-18 04:00:00,0.20220000,0.20520000,0.20190000,0.20290000,127187.00000000,BEAMUSDT
2022-09-18 04:15:00,0.20290000,0.20360000,0.20160000,0.20160000,139697.00000000,BEAMUSDT
2022-09-18 04:30:00,0.20180000,0.20190000,0.20080000,0.20110000,60477.00000000,BEAMUSDT
2022-09-18 04:45:00,0.20110000,0.20130000,0.20010000,0.20040000,67981.00000000,BEAMUSDT
2022-09-18 05:00:00,0.20030000,0.20130000,0.20000000,0.20130000,94953.00000000,BEAMUSDT
2022-09-18 05:15:00,0.20130000,0.20150000,0.20030000,0.20060000,66292.00000000,BEAMUSDT
2022-09-18 05:30:00,0.20060000,0.20090000,0.20030000,0.20090000,22083.00000000,BEAMUSDT
2022-09-18 05:45:00,0.20080000,0.20110000,0.19980000,0.20090000,111571.00000000,BEAMUSDT
2022-09-18 06:00:00,0.20070000,0.20180000,0.20070000,0.20170000,61345.00000000,BEAMUSDT
2022-09-18 06:15:00,0.20170000,0.20340000,0.20160000,0.20340000,92828.00000000,BEAMUSDT
2022-09-18 06:30:00,0.20330000,0.20420000,0.20250000,0.20380000,104584.00000000,BEAMUSDT
2022-09-18 06:45:00,0.20380000,0.20420000,0.20340000,0.20410000,39466.00000000,BEAMUSDT
2022-09-18 07:00:00,0.20410000,0.20420000,0.20240000,0.20250000,118768.00000000,BEAMUSDT
2022-09-18 07:15:00,0.20250000,0.20300000,0.20230000,0.20280000,14176.00000000,BEAMUSDT
2022-09-18 07:30:00,0.20260000,0.20260000,0.20080000,0.20080000,54849.00000000,BEAMUSDT
2022-09-18 07:45:00,0.20080000,0.20210000,0.20000000,0.20040000,149613.00000000,BEAMUSDT
2022-09-18 08:00:00,0.20030000,0.20280000,0.19970000,0.20190000,206819.00000000,BEAMUSDT
2022-09-18 08:15:00,0.20210000,0.20250000,0.20210000,0.20250000,31702.00000000,BEAMUSDT
2022-09-18 08:30:00,0.20250000,0.20360000,0.20240000,0.20330000,88270.00000000,BEAMUSDT
2022-09-18 08:45:00,0.20330000,0.20330000,0.20240000,0.20270000,34977.00000000,BEAMUSDT
2022-09-18 09:00:00,0.20270000,0.20270000,0.20070000,0.20150000,110006.00000000,BEAMUSDT
2022-09-18 09:15:00,0.20160000,0.20160000,0.20080000,0.20080000,17477.00000000,BEAMUSDT
2022-09-18 09:30:00,0.20080000,0.20110000,0.20040000,0.20060000,39128.00000000,BEAMUSDT
2022-09-18 09:45:00,0.20060000,0.20080000,0.19600000,0.19740000,407966.00000000,BEAMUSDT
2022-09-18 10:00:00,0.19750000,0.19750000,0.19630000,0.19670000,257731.00000000,BEAMUSDT
2022-09-18 10:15:00,0.19670000,0.20020000,0.19650000,0.19970000,216063.00000000,BEAMUSDT
2022-09-18 10:30:00,0.19980000,0.20090000,0.19960000,0.19980000,127029.00000000,BEAMUSDT
2022-09-18 10:45:00,0.19960000,0.20030000,0.19920000,0.19950000,67586.00000000,BEAMUSDT
2022-09-18 11:00:00,0.19950000,0.20310000,0.19950000,0.20160000,118515.00000000,BEAMUSDT
2022-09-18 11:15:00,0.20170000,0.20210000,0.20000000,0.20010000,75070.00000000,BEAMUSDT
2022-09-18 11:30:00,0.20010000,0.20050000,0.19970000,0.20040000,26197.00000000,BEAMUSDT
2022-09-18 11:45:00,0.20040000,0.20040000,0.19990000,0.20010000,13891.00000000,BEAMUSDT
2022-09-18 12:00:00,0.20010000,0.20300000,0.20000000,0.20150000,160704.00000000,BEAMUSDT
2022-09-18 12:15:00,0.20160000,0.20160000,0.20040000,0.20140000,32306.00000000,BEAMUSDT
2022-09-18 12:30:00,0.20120000,0.20250000,0.20110000,0.20180000,58968.00000000,BEAMUSDT
2022-09-18 12:45:00,0.20180000,0.20180000,0.20070000,0.20110000,46945.00000000,BEAMUSDT
2022-09-18 13:00:00,0.20110000,0.20200000,0.20110000,0.20170000,54463.00000000,BEAMUSDT
2022-09-18 13:15:00,0.20190000,0.20230000,0.20130000,0.20130000,86315.00000000,BEAMUSDT
2022-09-18 13:30:00,0.20160000,0.20210000,0.20140000,0.20180000,25701.00000000,BEAMUSDT
2022-09-18 13:45:00,0.20190000,0.20350000,0.20190000,0.20300000,107471.00000000,BEAMUSDT
2022-09-18 14:00:00,0.20300000,0.20480000,0.20260000,0.20390000,88436.00000000,BEAMUSDT
2022-09-18 14:15:00,0.20370000,0.20390000,0.20120000,0.20130000,109062.00000000,BEAMUSDT
2022-09-18 14:30:00,0.20150000,0.20190000,0.20080000,0.20100000,38418.00000000,BEAMUSDT
2022-09-18 14:45:00,0.20110000,0.20110000,0.19900000,0.19910000,168304.00000000,BEAMUSDT
2022-09-18 15:00:00,0.19910000,0.19990000,0.19870000,0.19920000,45584.00000000,BEAMUSDT
2022-09-18 15:15:00,0.19910000,0.19990000,0.19910000,0.19970000,80121.00000000,BEAMUSDT
2022-09-18 15:30:00,0.19990000,0.20000000,0.19920000,0.19930000,22471.00000000,BEAMUSDT
2022-09-18 15:45:00,0.19940000,0.19950000,0.19890000,0.19900000,22128.00000000,BEAMUSDT
2022-09-18 16:00:00,0.19890000,0.19930000,0.19750000,0.19800000,87377.00000000,BEAMUSDT
2022-09-18 16:15:00,0.19800000,0.19820000,0.19430000,0.19490000,302493.00000000,BEAMUSDT
2022-09-18 16:30:00,0.19460000,0.20010000,0.19460000,0.19720000,512749.00000000,BEAMUSDT
2022-09-18 16:45:00,0.19730000,0.19750000,0.19580000,0.19610000,140354.00000000,BEAMUSDT
2022-09-18 17:00:00,0.19610000,0.19670000,0.19410000,0.19550000,117579.00000000,BEAMUSDT
2022-09-18 17:15:00,0.19520000,0.19600000,0.19470000,0.19580000,118175.00000000,BEAMUSDT
2022-09-18 17:30:00,0.19580000,0.19620000,0.19480000,0.19600000,102449.00000000,BEAMUSDT
2022-09-18 17:45:00,0.19570000,0.19570000,0.19400000,0.19410000,35915.00000000,BEAMUSDT
2022-09-18 18:00:00,0.19410000,0.19500000,0.19410000,0.19440000,37791.00000000,BEAMUSDT
2022-09-18 18:15:00,0.19430000,0.19480000,0.19370000,0.19470000,67774.00000000,BEAMUSDT
2022-09-18 18:30:00,0.19480000,0.19480000,0.19330000,0.19340000,91868.00000000,BEAMUSDT
2022-09-18 18:45:00,0.19340000,0.19370000,0.19310000,0.19350000,18342.00000000,BEAMUSDT
2022-09-18 19:00:00,0.19320000,0.19480000,0.19190000,0.19410000,117828.00000000,BEAMUSDT
2022-09-18 19:15:00,0.19410000,0.19460000,0.19390000,0.19440000,8518.00000000,BEAMUSDT
2022-09-18 19:30:00,0.19460000,0.19580000,0.19460000,0.19530000,122583.00000000,BEAMUSDT
2022-09-18 19:45:00,0.19490000,0.19580000,0.19480000,0.19490000,30616.00000000,BEAMUSDT
2022-09-18 20:00:00,0.19490000,0.19490000,0.19370000,0.19370000,34851.00000000,BEAMUSDT
2022-09-18 20:15:00,0.19410000,0.19410000,0.19350000,0.19370000,17429.00000000,BEAMUSDT
2022-09-18 20:30:00,0.19380000,0.19390000,0.19280000,0.19290000,44610.00000000,BEAMUSDT
2022-09-18 20:45:00,0.19290000,0.19350000,0.19200000,0.19200000,78745.00000000,BEAMUSDT
2022-09-18 21:00:00,0.19200000,0.19220000,0.18760000,0.18780000,307343.00000000,BEAMUSDT
2022-09-18 21:15:00,0.18750000,0.19000000,0.18660000,0.18980000,130764.00000000,BEAMUSDT
2022-09-18 21:30:00,0.18980000,0.19040000,0.18980000,0.19020000,23583.00000000,BEAMUSDT
2022-09-18 21:45:00,0.19000000,0.19000000,0.18890000,0.18890000,38540.00000000,BEAMUSDT
2022-09-18 22:00:00,0.18890000,0.18890000,0.18400000,0.18700000,348193.00000000,BEAMUSDT
2022-09-18 22:15:00,0.18700000,0.19770000,0.18670000,0.19210000,767963.00000000,BEAMUSDT
2022-09-18 22:30:00,0.19210000,0.19320000,0.19120000,0.19190000,39960.00000000,BEAMUSDT
2022-09-18 22:45:00,0.19170000,0.19390000,0.19080000,0.19390000,147091.00000000,BEAMUSDT
2022-09-18 23:00:00,0.19380000,0.19400000,0.19250000,0.19290000,76473.00000000,BEAMUSDT
2022-09-18 23:15:00,0.19290000,0.19340000,0.19270000,0.19330000,83961.00000000,BEAMUSDT
2022-09-18 23:30:00,0.19320000,0.19320000,0.19040000,0.19090000,83860.00000000,BEAMUSDT
2022-09-18 23:45:00,0.19080000,0.19230000,0.19080000,0.19190000,105385.00000000,BEAMUSDT
2022-09-19 00:00:00,0.19200000,0.19200000,0.19030000,0.19040000,81165.00000000,BEAMUSDT
2022-09-19 00:15:00,0.19040000,0.19190000,0.18940000,0.19150000,144075.00000000,BEAMUSDT
2022-09-19 00:30:00,0.19170000,0.19200000,0.19110000,0.19180000,8509.00000000,BEAMUSDT
2022-09-19 00:45:00,0.19210000,0.19310000,0.19200000,0.19200000,29193.00000000,BEAMUSDT
2022-09-19 01:00:00,0.19200000,0.19300000,0.19180000,0.19290000,15800.00000000,BEAMUSDT
2022-09-19 01:15:00,0.19290000,0.19360000,0.19180000,0.19240000,29093.00000000,BEAMUSDT
2022-09-19 01:30:00,0.19230000,0.19230000,0.19120000,0.19140000,12021.00000000,BEAMUSDT
2022-09-19 01:45:00,0.19160000,0.19360000,0.19160000,0.19310000,77472.00000000,BEAMUSDT
2022-09-19 02:00:00,0.19300000,0.19700000,0.19280000,0.19630000,200176.00000000,BEAMUSDT
2022-09-19 02:15:00,0.19620000,0.19620000,0.19030000,0.19090000,226744.00000000,BEAMUSDT
2022-09-19 02:30:00,0.19090000,0.19100000,0.18710000,0.18890000,168480.00000000,BEAMUSDT
2022-09-19 02:45:00,0.18870000,0.18870000,0.18560000,0.18670000,158807.00000000,BEAMUSDT
2022-09-19 03:00:00,0.18640000,0.18690000,0.18560000,0.18690000,103565.00000000,BEAMUSDT
2022-09-19 03:15:00,0.18700000,0.18710000,0.18600000,0.18670000,23517.00000000,BEAMUSDT
2022-09-19 03:30:00,0.18640000,0.18670000,0.18500000,0.18500000,71062.00000000,BEAMUSDT
2022-09-19 03:45:00,0.18540000,0.18790000,0.18540000,0.18790000,70604.00000000,BEAMUSDT
2022-09-19 04:00:00,0.18750000,0.18790000,0.18600000,0.18670000,156748.00000000,BEAMUSDT
2022-09-19 04:15:00,0.18670000,0.18850000,0.18670000,0.18780000,36111.00000000,BEAMUSDT
2022-09-19 04:30:00,0.18780000,0.18900000,0.18770000,0.18840000,19606.00000000,BEAMUSDT
2022-09-19 04:45:00,0.18830000,0.18830000,0.18780000,0.18820000,25913.00000000,BEAMUSDT
2022-09-19 05:00:00,0.18820000,0.18960000,0.18820000,0.18960000,80229.00000000,BEAMUSDT
2022-09-19 05:15:00,0.18960000,0.19030000,0.18930000,0.18980000,32824.00000000,BEAMUSDT
2022-09-19 05:30:00,0.18980000,0.19010000,0.18950000,0.19010000,7700.00000000,BEAMUSDT
2022-09-19 05:45:00,0.18990000,0.19020000,0.18740000,0.18740000,79384.00000000,BEAMUSDT
2022-09-19 06:00:00,0.18740000,0.19100000,0.18710000,0.18720000,113822.00000000,BEAMUSDT
2022-09-19 06:15:00,0.18730000,0.18860000,0.18650000,0.18650000,35006.00000000,BEAMUSDT
2022-09-19 06:30:00,0.18660000,0.18780000,0.18500000,0.18500000,117868.00000000,BEAMUSDT
2022-09-19 06:45:00,0.18520000,0.18830000,0.18510000,0.18720000,90325.00000000,BEAMUSDT
2022-09-19 07:00:00,0.18720000,0.19060000,0.18640000,0.19060000,85478.00000000,BEAMUSDT
2022-09-19 07:15:00,0.19060000,0.19480000,0.19050000,0.19400000,384292.00000000,BEAMUSDT
2022-09-19 07:30:00,0.19410000,0.19680000,0.18900000,0.19040000,439608.00000000,BEAMUSDT
2022-09-19 07:45:00,0.19020000,0.19530000,0.19000000,0.19520000,228610.00000000,BEAMUSDT
2022-09-19 08:00:00,0.19510000,0.19750000,0.19130000,0.19170000,244135.00000000,BEAMUSDT
2022-09-19 08:15:00,0.19200000,0.19200000,0.19070000,0.19090000,75201.00000000,BEAMUSDT
2022-09-19 08:30:00,0.19090000,0.19120000,0.19030000,0.19110000,48509.00000000,BEAMUSDT
2022-09-19 08:45:00,0.19110000,0.19110000,0.18900000,0.18950000,62342.00000000,BEAMUSDT
2022-09-19 09:00:00,0.18980000,0.19020000,0.18900000,0.18920000,35039.00000000,BEAMUSDT
2022-09-19 09:15:00,0.18930000,0.18930000,0.18820000,0.18820000,81121.00000000,BEAMUSDT
2022-09-19 09:30:00,0.18850000,0.19680000,0.18850000,0.19580000,637322.00000000,BEAMUSDT
2022-09-19 09:45:00,0.19590000,0.21800000,0.19390000,0.21260000,4127017.00000000,BEAMUSDT
2022-09-19 10:00:00,0.21250000,0.21500000,0.20350000,0.20670000,2464005.00000000,BEAMUSDT
2022-09-19 10:15:00,0.20650000,0.21500000,0.20410000,0.20880000,1983809.00000000,BEAMUSDT
2022-09-19 10:30:00,0.20770000,0.21400000,0.20550000,0.20780000,801369.00000000,BEAMUSDT
2022-09-19 10:45:00,0.20760000,0.21200000,0.20470000,0.20570000,833717.00000000,BEAMUSDT
2022-09-19 11:00:00,0.20570000,0.20680000,0.19310000,0.19860000,1807640.00000000,BEAMUSDT
2022-09-19 11:15:00,0.19870000,0.19930000,0.19490000,0.19490000,455396.00000000,BEAMUSDT
2022-09-19 11:30:00,0.19490000,0.19650000,0.19480000,0.19570000,193938.00000000,BEAMUSDT
2022-09-19 11:45:00,0.19570000,0.19730000,0.19490000,0.19720000,155867.00000000,BEAMUSDT
2022-09-19 12:00:00,0.19720000,0.19760000,0.19590000,0.19650000,141718.00000000,BEAMUSDT
2022-09-19 12:15:00,0.19660000,0.19730000,0.19350000,0.19400000,319503.00000000,BEAMUSDT
2022-09-19 12:30:00,0.19350000,0.19470000,0.19270000,0.19420000,259581.00000000,BEAMUSDT
2022-09-19 12:45:00,0.19450000,0.19540000,0.19400000,0.19400000,76709.00000000,BEAMUSDT
2022-09-19 13:00:00,0.19400000,0.19580000,0.19360000,0.19410000,189920.00000000,BEAMUSDT
2022-09-19 13:15:00,0.19400000,0.19430000,0.19180000,0.19190000,144782.00000000,BEAMUSDT
2022-09-19 13:30:00,0.19210000,0.19540000,0.19210000,0.19430000,64936.00000000,BEAMUSDT
2022-09-19 13:45:00,0.19480000,0.19550000,0.19410000,0.19430000,278187.00000000,BEAMUSDT
2022-09-19 14:00:00,0.19410000,0.19550000,0.19360000,0.19510000,139407.00000000,BEAMUSDT
2022-09-19 14:15:00,0.19500000,0.19720000,0.19430000,0.19680000,198286.00000000,BEAMUSDT
2022-09-19 14:30:00,0.19700000,0.19920000,0.19650000,0.19810000,203081.00000000,BEAMUSDT
2022-09-19 14:45:00,0.19840000,0.19960000,0.19740000,0.19810000,123228.00000000,BEAMUSDT
2022-09-19 15:00:00,0.19830000,0.20370000,0.19710000,0.20220000,356553.00000000,BEAMUSDT
2022-09-19 15:15:00,0.20220000,0.20300000,0.19580000,0.19640000,291090.00000000,BEAMUSDT
2022-09-19 15:30:00,0.19630000,0.19710000,0.19460000,0.19560000,102674.00000000,BEAMUSDT
2022-09-19 15:45:00,0.19560000,0.19660000,0.19470000,0.19530000,103988.00000000,BEAMUSDT
2022-09-19 16:00:00,0.19540000,0.19780000,0.19510000,0.19670000,64524.00000000,BEAMUSDT
2022-09-19 16:15:00,0.19670000,0.19680000,0.19560000,0.19600000,45449.00000000,BEAMUSDT
2022-09-19 16:30:00,0.19600000,0.19710000,0.19550000,0.19640000,106993.00000000,BEAMUSDT
2022-09-19 16:45:00,0.19630000,0.19780000,0.19620000,0.19750000,30479.00000000,BEAMUSDT
2022-09-19 17:00:00,0.19760000,0.19790000,0.19680000,0.19680000,46479.00000000,BEAMUSDT
2022-09-19 17:15:00,0.19670000,0.19670000,0.19430000,0.19450000,56077.00000000,BEAMUSDT
2022-09-19 17:30:00,0.19420000,0.19460000,0.19190000,0.19330000,131212.00000000,BEAMUSDT
2022-09-19 17:45:00,0.19330000,0.19480000,0.19290000,0.19390000,36206.00000000,BEAMUSDT
2022-09-19 18:00:00,0.19380000,0.19500000,0.19320000,0.19330000,50261.00000000,BEAMUSDT
2022-09-19 18:15:00,0.19350000,0.19440000,0.19330000,0.19380000,43532.00000000,BEAMUSDT
2022-09-19 18:30:00,0.19420000,0.19590000,0.19420000,0.19550000,30673.00000000,BEAMUSDT
2022-09-19 18:45:00,0.19540000,0.19590000,0.19380000,0.19480000,70349.00000000,BEAMUSDT
2022-09-19 19:00:00,0.19510000,0.19800000,0.19480000,0.19720000,124732.00000000,BEAMUSDT
2022-09-19 19:15:00,0.19720000,0.19740000,0.19560000,0.19590000,30785.00000000,BEAMUSDT
2022-09-19 19:30:00,0.19630000,0.19730000,0.19610000,0.19640000,19260.00000000,BEAMUSDT
2022-09-19 19:45:00,0.19680000,0.19710000,0.19570000,0.19620000,38578.00000000,BEAMUSDT
2022-09-19 20:00:00,0.19630000,0.19700000,0.19580000,0.19630000,88765.00000000,BEAMUSDT
2022-09-19 20:15:00,0.19640000,0.19660000,0.19440000,0.19510000,56896.00000000,BEAMUSDT
2022-09-19 20:30:00,0.19510000,0.19560000,0.19460000,0.19520000,38661.00000000,BEAMUSDT
2022-09-19 20:45:00,0.19520000,0.19570000,0.19420000,0.19460000,28042.00000000,BEAMUSDT
2022-09-19 21:00:00,0.19440000,0.19690000,0.19400000,0.19520000,69739.00000000,BEAMUSDT
2022-09-19 21:15:00,0.19550000,0.19690000,0.19440000,0.19440000,54381.00000000,BEAMUSDT
2022-09-19 21:30:00,0.19440000,0.19450000,0.19330000,0.19330000,50114.00000000,BEAMUSDT
2022-09-19 21:45:00,0.19320000,0.19400000,0.19320000,0.19390000,6062.00000000,BEAMUSDT
2022-09-19 22:00:00,0.19370000,0.19430000,0.19300000,0.19320000,25666.00000000,BEAMUSDT
2022-09-19 22:15:00,0.19370000,0.19540000,0.19340000,0.19340000,55313.00000000,BEAMUSDT
2022-09-19 22:30:00,0.19350000,0.19500000,0.19280000,0.19420000,62657.00000000,BEAMUSDT
2022-09-19 22:45:00,0.19410000,0.19560000,0.19400000,0.19400000,34915.00000000,BEAMUSDT
2022-09-19 23:00:00,0.19400000,0.19450000,0.19300000,0.19370000,60090.00000000,BEAMUSDT
2022-09-19 23:15:00,0.19360000,0.19530000,0.19340000,0.19370000,27012.00000000,BEAMUSDT
2022-09-19 23:30:00,0.19400000,0.19400000,0.19340000,0.19380000,15322.00000000,BEAMUSDT
2022-09-19 23:45:00,0.19340000,0.19480000,0.19300000,0.19320000,30619.00000000,BEAMUSDT
2022-09-20 00:00:00,0.19300000,0.19400000,0.19240000,0.19270000,97880.00000000,BEAMUSDT
2022-09-20 00:15:00,0.19260000,0.19380000,0.19210000,0.19240000,39375.00000000,BEAMUSDT
2022-09-20 00:30:00,0.19270000,0.19480000,0.19120000,0.19270000,118194.00000000,BEAMUSDT
2022-09-20 00:45:00,0.19290000,0.19300000,0.19080000,0.19230000,93397.00000000,BEAMUSDT
2022-09-20 01:00:00,0.19230000,0.19230000,0.19120000,0.19160000,59692.00000000,BEAMUSDT
2022-09-20 01:15:00,0.19140000,0.19170000,0.19060000,0.19090000,42706.00000000,BEAMUSDT
2022-09-20 01:30:00,0.19120000,0.19150000,0.19030000,0.19100000,40756.00000000,BEAMUSDT
2022-09-20 01:45:00,0.19100000,0.19130000,0.19050000,0.19110000,15887.00000000,BEAMUSDT
2022-09-20 02:00:00,0.19110000,0.19300000,0.19110000,0.19260000,104847.00000000,BEAMUSDT
2022-09-20 02:15:00,0.19240000,0.19420000,0.19240000,0.19420000,52429.00000000,BEAMUSDT
2022-09-20 02:30:00,0.19430000,0.19630000,0.19430000,0.19630000,86278.00000000,BEAMUSDT
2022-09-20 02:45:00,0.19600000,0.19610000,0.19560000,0.19610000,67061.00000000,BEAMUSDT
2022-09-20 03:00:00,0.19600000,0.19620000,0.19510000,0.19570000,81858.00000000,BEAMUSDT
2022-09-20 03:15:00,0.19570000,0.19580000,0.19480000,0.19490000,93866.00000000,BEAMUSDT
2022-09-20 03:30:00,0.19500000,0.19800000,0.19500000,0.19760000,143674.00000000,BEAMUSDT
2022-09-20 03:45:00,0.19770000,0.19890000,0.19710000,0.19730000,107063.00000000,BEAMUSDT
2022-09-20 04:00:00,0.19720000,0.19880000,0.19700000,0.19830000,40600.00000000,BEAMUSDT
2022-09-20 04:15:00,0.19800000,0.19860000,0.19640000,0.19680000,57691.00000000,BEAMUSDT
2022-09-20 04:30:00,0.19670000,0.19800000,0.19670000,0.19700000,70980.00000000,BEAMUSDT
2022-09-20 04:45:00,0.19720000,0.19760000,0.19410000,0.19510000,131388.00000000,BEAMUSDT
2022-09-20 05:00:00,0.19470000,0.19590000,0.19470000,0.19560000,16730.00000000,BEAMUSDT
2022-09-20 05:15:00,0.19560000,0.19560000,0.19510000,0.19520000,14438.00000000,BEAMUSDT
2022-09-20 05:30:00,0.19510000,0.19580000,0.19500000,0.19550000,26677.00000000,BEAMUSDT
2022-09-20 05:45:00,0.19510000,0.19550000,0.19490000,0.19490000,4283.00000000,BEAMUSDT
2022-09-20 06:00:00,0.19490000,0.19490000,0.19410000,0.19410000,11773.00000000,BEAMUSDT
2022-09-20 06:15:00,0.19400000,0.19400000,0.19200000,0.19210000,69476.00000000,BEAMUSDT
2022-09-20 06:30:00,0.19200000,0.19270000,0.19200000,0.19270000,12141.00000000,BEAMUSDT
2022-09-20 06:45:00,0.19270000,0.19400000,0.19270000,0.19400000,25177.00000000,BEAMUSDT
2022-09-20 07:00:00,0.19420000,0.19590000,0.19420000,0.19550000,18147.00000000,BEAMUSDT
2022-09-20 07:15:00,0.19520000,0.19580000,0.19370000,0.19370000,53881.00000000,BEAMUSDT
2022-09-20 07:30:00,0.19370000,0.19460000,0.19240000,0.19240000,182993.00000000,BEAMUSDT
2022-09-20 07:45:00,0.19220000,0.19410000,0.19180000,0.19370000,39133.00000000,BEAMUSDT
2022-09-20 08:00:00,0.19380000,0.19390000,0.19260000,0.19260000,35629.00000000,BEAMUSDT
2022-09-20 08:15:00,0.19290000,0.19330000,0.19250000,0.19250000,56026.00000000,BEAMUSDT
2022-09-20 08:30:00,0.19270000,0.19330000,0.19110000,0.19160000,89574.00000000,BEAMUSDT
2022-09-20 08:45:00,0.19140000,0.19170000,0.19110000,0.19140000,31144.00000000,BEAMUSDT
2022-09-20 09:00:00,0.19140000,0.19170000,0.19070000,0.19080000,97915.00000000,BEAMUSDT
2022-09-20 09:15:00,0.19080000,0.19080000,0.18950000,0.19030000,93302.00000000,BEAMUSDT
2022-09-20 09:30:00,0.19020000,0.19100000,0.18960000,0.18960000,106172.00000000,BEAMUSDT
2022-09-20 09:45:00,0.18960000,0.19070000,0.18950000,0.19060000,71009.00000000,BEAMUSDT
2022-09-20 10:00:00,0.19070000,0.19210000,0.18970000,0.19200000,89799.00000000,BEAMUSDT
2022-09-20 10:15:00,0.19200000,0.19220000,0.19130000,0.19210000,22890.00000000,BEAMUSDT
2022-09-20 10:30:00,0.19210000,0.19290000,0.19210000,0.19260000,24382.00000000,BEAMUSDT
2022-09-20 10:45:00,0.19290000,0.19300000,0.19230000,0.19250000,18671.00000000,BEAMUSDT
2022-09-20 11:00:00,0.19250000,0.19270000,0.19180000,0.19230000,29437.00000000,BEAMUSDT
2022-09-20 11:15:00,0.19190000,0.19270000,0.19190000,0.19250000,9908.00000000,BEAMUSDT
2022-09-20 11:30:00,0.19250000,0.19270000,0.19130000,0.19150000,28581.00000000,BEAMUSDT
2022-09-20 11:45:00,0.19170000,0.19350000,0.19100000,0.19250000,66249.00000000,BEAMUSDT
2022-09-20 12:00:00,0.19230000,0.19230000,0.19150000,0.19180000,9655.00000000,BEAMUSDT
2022-09-20 12:15:00,0.19170000,0.19220000,0.19050000,0.19050000,39850.00000000,BEAMUSDT
2022-09-20 12:30:00,0.19060000,0.19110000,0.18950000,0.19010000,89948.00000000,BEAMUSDT
2022-09-20 12:45:00,0.19030000,0.19070000,0.18980000,0.19070000,29122.00000000,BEAMUSDT
2022-09-20 13:00:00,0.19040000,0.19040000,0.18980000,0.18980000,20917.00000000,BEAMUSDT
2022-09-20 13:15:00,0.19000000,0.19000000,0.18530000,0.18650000,239665.00000000,BEAMUSDT
2022-09-20 13:30:00,0.18660000,0.18780000,0.18550000,0.18690000,49729.00000000,BEAMUSDT
2022-09-20 13:45:00,0.18710000,0.18860000,0.18690000,0.18830000,54508.00000000,BEAMUSDT
2022-09-20 14:00:00,0.18850000,0.19040000,0.18840000,0.18970000,45669.00000000,BEAMUSDT
2022-09-20 14:15:00,0.18910000,0.19040000,0.18870000,0.18960000,32961.00000000,BEAMUSDT
2022-09-20 14:30:00,0.18950000,0.19030000,0.18870000,0.19030000,45193.00000000,BEAMUSDT
2022-09-20 14:45:00,0.19030000,0.19200000,0.19030000,0.19170000,23593.00000000,BEAMUSDT
2022-09-20 15:00:00,0.19190000,0.19300000,0.19160000,0.19210000,54325.00000000,BEAMUSDT
2022-09-20 15:15:00,0.19240000,0.19240000,0.19150000,0.19180000,32782.00000000,BEAMUSDT
2022-09-20 15:30:00,0.19160000,0.19160000,0.19050000,0.19090000,42867.00000000,BEAMUSDT
2022-09-20 15:45:00,0.19070000,0.19300000,0.19070000,0.19260000,24421.00000000,BEAMUSDT
2022-09-20 16:00:00,0.19250000,0.19290000,0.19120000,0.19180000,86751.00000000,BEAMUSDT
2022-09-20 16:15:00,0.19140000,0.19170000,0.19050000,0.19060000,23076.00000000,BEAMUSDT
2022-09-20 16:30:00,0.19030000,0.19040000,0.18970000,0.19040000,19968.00000000,BEAMUSDT
2022-09-20 16:45:00,0.19030000,0.19060000,0.19000000,0.19000000,9728.00000000,BEAMUSDT
2022-09-20 17:00:00,0.18980000,0.18980000,0.18770000,0.18770000,39134.00000000,BEAMUSDT
2022-09-20 17:15:00,0.18750000,0.18890000,0.18500000,0.18770000,138216.00000000,BEAMUSDT
2022-09-20 17:30:00,0.18740000,0.19030000,0.18700000,0.18970000,113291.00000000,BEAMUSDT
2022-09-20 17:45:00,0.18950000,0.18960000,0.18800000,0.18820000,102883.00000000,BEAMUSDT
2022-09-20 18:00:00,0.18820000,0.19110000,0.18820000,0.19060000,49328.00000000,BEAMUSDT
2022-09-20 18:15:00,0.19050000,0.19060000,0.18890000,0.18950000,53613.00000000,BEAMUSDT
2022-09-20 18:30:00,0.18940000,0.18970000,0.18850000,0.18950000,35680.00000000,BEAMUSDT
2022-09-20 18:45:00,0.18950000,0.19230000,0.18950000,0.19200000,68752.00000000,BEAMUSDT
2022-09-20 19:00:00,0.19200000,0.19350000,0.19040000,0.19310000,57032.00000000,BEAMUSDT
2022-09-20 19:15:00,0.19280000,0.19350000,0.19190000,0.19280000,50487.00000000,BEAMUSDT
2022-09-20 19:30:00,0.19250000,0.19350000,0.19190000,0.19280000,29138.00000000,BEAMUSDT
2022-09-20 19:45:00,0.19290000,0.19400000,0.19290000,0.19350000,24270.00000000,BEAMUSDT
2022-09-20 20:00:00,0.19350000,0.19350000,0.19270000,0.19310000,27353.00000000,BEAMUSDT
2022-09-20 20:15:00,0.19320000,0.19380000,0.18950000,0.19240000,340172.00000000,BEAMUSDT
2022-09-20 20:30:00,0.19250000,0.19250000,0.19060000,0.19060000,25479.00000000,BEAMUSDT
2022-09-20 20:45:00,0.19070000,0.19120000,0.18920000,0.18950000,81971.00000000,BEAMUSDT
2022-09-20 21:00:00,0.18940000,0.18990000,0.18860000,0.18910000,33288.00000000,BEAMUSDT
2022-09-20 21:15:00,0.18870000,0.18890000,0.18800000,0.18820000,38585.00000000,BEAMUSDT
2022-09-20 21:30:00,0.18810000,0.18880000,0.18810000,0.18810000,9119.00000000,BEAMUSDT
2022-09-20 21:45:00,0.18820000,0.18880000,0.18820000,0.18830000,3813.00000000,BEAMUSDT
2022-09-20 22:00:00,0.18810000,0.18840000,0.18750000,0.18750000,25866.00000000,BEAMUSDT
2022-09-20 22:15:00,0.18740000,0.18850000,0.18710000,0.18830000,24198.00000000,BEAMUSDT
2022-09-20 22:30:00,0.18830000,0.18880000,0.18810000,0.18880000,4305.00000000,BEAMUSDT
2022-09-20 22:45:00,0.18880000,0.18880000,0.18820000,0.18830000,6991.00000000,BEAMUSDT
2022-09-20 23:00:00,0.18870000,0.18870000,0.18710000,0.18710000,10203.00000000,BEAMUSDT
2022-09-20 23:15:00,0.18700000,0.18760000,0.18640000,0.18720000,29349.00000000,BEAMUSDT
2022-09-20 23:30:00,0.18730000,0.18800000,0.18720000,0.18720000,14527.00000000,BEAMUSDT
2022-09-20 23:45:00,0.18730000,0.18790000,0.18640000,0.18790000,47917.00000000,BEAMUSDT
2022-09-21 00:00:00,0.18760000,0.18930000,0.18690000,0.18710000,91875.00000000,BEAMUSDT
2022-09-21 00:15:00,0.18690000,0.18770000,0.18650000,0.18720000,32807.00000000,BEAMUSDT
2022-09-21 00:30:00,0.18700000,0.18700000,0.18470000,0.18550000,258831.00000000,BEAMUSDT
2022-09-21 00:45:00,0.18550000,0.18700000,0.18500000,0.18630000,96158.00000000,BEAMUSDT
2022-09-21 01:00:00,0.18620000,0.18620000,0.18560000,0.18590000,22654.00000000,BEAMUSDT
2022-09-21 01:15:00,0.18590000,0.18590000,0.18440000,0.18440000,27309.00000000,BEAMUSDT
2022-09-21 01:30:00,0.18430000,0.18470000,0.18320000,0.18360000,45546.00000000,BEAMUSDT
2022-09-21 01:45:00,0.18340000,0.18340000,0.18200000,0.18250000,64097.00000000,BEAMUSDT
2022-09-21 02:00:00,0.18250000,0.18360000,0.18250000,0.18340000,42991.00000000,BEAMUSDT
2022-09-21 02:15:00,0.18310000,0.18380000,0.18310000,0.18360000,21163.00000000,BEAMUSDT
2022-09-21 02:30:00,0.18370000,0.18380000,0.18320000,0.18350000,23679.00000000,BEAMUSDT
2022-09-21 02:45:00,0.18350000,0.18400000,0.18260000,0.18280000,80530.00000000,BEAMUSDT
2022-09-21 03:00:00,0.18290000,0.18300000,0.18120000,0.18190000,109231.00000000,BEAMUSDT
2022-09-21 03:15:00,0.18190000,0.18420000,0.18190000,0.18340000,138301.00000000,BEAMUSDT
2022-09-21 03:30:00,0.18340000,0.18340000,0.18270000,0.18280000,18350.00000000,BEAMUSDT
2022-09-21 03:45:00,0.18290000,0.18300000,0.18240000,0.18240000,9825.00000000,BEAMUSDT
2022-09-21 04:00:00,0.18280000,0.18300000,0.18240000,0.18240000,17142.00000000,BEAMUSDT
2022-09-21 04:15:00,0.18260000,0.18300000,0.18250000,0.18270000,26003.00000000,BEAMUSDT
2022-09-21 04:30:00,0.18260000,0.18390000,0.18260000,0.18380000,45791.00000000,BEAMUSDT
2022-09-21 04:45:00,0.18390000,0.18450000,0.18390000,0.18440000,40385.00000000,BEAMUSDT
2022-09-21 05:00:00,0.18440000,0.18520000,0.18440000,0.18500000,54607.00000000,BEAMUSDT
2022-09-21 05:15:00,0.18490000,0.18500000,0.18430000,0.18500000,44087.00000000,BEAMUSDT
2022-09-21 05:30:00,0.18510000,0.18540000,0.18460000,0.18460000,12809.00000000,BEAMUSDT
2022-09-21 05:45:00,0.18440000,0.18460000,0.18300000,0.18300000,22563.00000000,BEAMUSDT
2022-09-21 06:00:00,0.18290000,0.18380000,0.18210000,0.18230000,79706.00000000,BEAMUSDT
2022-09-21 06:15:00,0.18210000,0.18450000,0.18100000,0.18140000,339900.00000000,BEAMUSDT
2022-09-21 06:30:00,0.18140000,0.18200000,0.18010000,0.18050000,137458.00000000,BEAMUSDT
2022-09-21 06:45:00,0.18090000,0.18150000,0.18050000,0.18070000,38660.00000000,BEAMUSDT
2022-09-21 07:00:00,0.18070000,0.18100000,0.17880000,0.17960000,119393.00000000,BEAMUSDT
2022-09-21 07:15:00,0.17960000,0.18060000,0.17960000,0.18050000,57920.00000000,BEAMUSDT
2022-09-21 07:30:00,0.18050000,0.18080000,0.17990000,0.18050000,21434.00000000,BEAMUSDT
2022-09-21 07:45:00,0.18020000,0.18070000,0.17980000,0.18020000,45853.00000000,BEAMUSDT
2022-09-21 08:00:00,0.18040000,0.18090000,0.18030000,0.18080000,34311.00000000,BEAMUSDT
2022-09-21 08:15:00,0.18080000,0.18100000,0.18040000,0.18040000,16573.00000000,BEAMUSDT
2022-09-21 08:30:00,0.18040000,0.18060000,0.17960000,0.18020000,47333.00000000,BEAMUSDT
2022-09-21 08:45:00,0.18040000,0.18090000,0.18030000,0.18060000,10302.00000000,BEAMUSDT
2022-09-21 09:00:00,0.18060000,0.18060000,0.18000000,0.18020000,12294.00000000,BEAMUSDT
2022-09-21 09:15:00,0.18030000,0.18040000,0.17960000,0.17960000,23727.00000000,BEAMUSDT
2022-09-21 09:30:00,0.17960000,0.18160000,0.17960000,0.18150000,26818.00000000,BEAMUSDT
2022-09-21 09:45:00,0.18130000,0.18740000,0.18130000,0.18460000,641221.00000000,BEAMUSDT
2022-09-21 10:00:00,0.18450000,0.18600000,0.18280000,0.18450000,154721.00000000,BEAMUSDT
2022-09-21 10:15:00,0.18470000,0.18530000,0.18260000,0.18310000,147527.00000000,BEAMUSDT
2022-09-21 10:30:00,0.18310000,0.18490000,0.18250000,0.18390000,77883.00000000,BEAMUSDT
2022-09-21 10:45:00,0.18400000,0.18430000,0.18320000,0.18430000,21287.00000000,BEAMUSDT
2022-09-21 11:00:00,0.18410000,0.18410000,0.18390000,0.18410000,20572.00000000,BEAMUSDT
2022-09-21 11:15:00,0.18420000,0.18440000,0.18390000,0.18390000,1577.00000000,BEAMUSDT
2022-09-21 11:30:00,0.18400000,0.18470000,0.18400000,0.18470000,14190.00000000,BEAMUSDT
2022-09-21 11:45:00,0.18470000,0.18510000,0.18440000,0.18470000,35042.00000000,BEAMUSDT
2022-09-21 12:00:00,0.18460000,0.18630000,0.18440000,0.18520000,40897.00000000,BEAMUSDT
2022-09-21 12:15:00,0.18560000,0.18560000,0.18480000,0.18510000,22563.00000000,BEAMUSDT
2022-09-21 12:30:00,0.18520000,0.18630000,0.18520000,0.18600000,61152.00000000,BEAMUSDT
2022-09-21 12:45:00,0.18620000,0.18620000,0.18560000,0.18570000,7343.00000000,BEAMUSDT
2022-09-21 13:00:00,0.18590000,0.18600000,0.18550000,0.18550000,6946.00000000,BEAMUSDT
2022-09-21 13:15:00,0.18580000,0.18590000,0.18500000,0.18540000,57587.00000000,BEAMUSDT
2022-09-21 13:30:00,0.18550000,0.18560000,0.18460000,0.18460000,37270.00000000,BEAMUSDT
2022-09-21 13:45:00,0.18460000,0.18520000,0.18440000,0.18440000,19666.00000000,BEAMUSDT
2022-09-21 14:00:00,0.18470000,0.18500000,0.18400000,0.18480000,78176.00000000,BEAMUSDT
2022-09-21 14:15:00,0.18490000,0.18560000,0.18480000,0.18560000,31255.00000000,BEAMUSDT
2022-09-21 14:30:00,0.18550000,0.18550000,0.18410000,0.18420000,12603.00000000,BEAMUSDT
2022-09-21 14:45:00,0.18430000,0.18450000,0.18340000,0.18340000,52911.00000000,BEAMUSDT
2022-09-21 15:00:00,0.18330000,0.18340000,0.18050000,0.18070000,127163.00000000,BEAMUSDT
2022-09-21 15:15:00,0.18070000,0.18080000,0.17990000,0.18030000,127213.00000000,BEAMUSDT
2022-09-21 15:30:00,0.18050000,0.18200000,0.18050000,0.18200000,22915.00000000,BEAMUSDT
2022-09-21 15:45:00,0.18190000,0.18190000,0.18080000,0.18160000,29824.00000000,BEAMUSDT
2022-09-21 16:00:00,0.18140000,0.18140000,0.18020000,0.18120000,72360.00000000,BEAMUSDT
2022-09-21 16:15:00,0.18130000,0.18440000,0.18130000,0.18320000,96595.00000000,BEAMUSDT
2022-09-21 16:30:00,0.18300000,0.18400000,0.18260000,0.18340000,23380.00000000,BEAMUSDT
2022-09-21 16:45:00,0.18320000,0.18320000,0.18100000,0.18120000,44784.00000000,BEAMUSDT
2022-09-21 17:00:00,0.18160000,0.18160000,0.17960000,0.18080000,86340.00000000,BEAMUSDT
2022-09-21 17:15:00,0.18080000,0.18080000,0.17950000,0.18070000,59099.00000000,BEAMUSDT
2022-09-21 17:30:00,0.18080000,0.18370000,0.18080000,0.18340000,93513.00000000,BEAMUSDT
2022-09-21 17:45:00,0.18350000,0.18350000,0.18210000,0.18270000,72123.00000000,BEAMUSDT
2022-09-21 18:00:00,0.18280000,0.18400000,0.17730000,0.18020000,619977.00000000,BEAMUSDT
2022-09-21 18:15:00,0.18000000,0.18390000,0.17970000,0.18330000,114821.00000000,BEAMUSDT
2022-09-21 18:30:00,0.18290000,0.18820000,0.18240000,0.18770000,711243.00000000,BEAMUSDT
2022-09-21 18:45:00,0.18780000,0.18910000,0.18560000,0.18700000,188240.00000000,BEAMUSDT
2022-09-21 19:00:00,0.18720000,0.18810000,0.18240000,0.18520000,306359.00000000,BEAMUSDT
2022-09-21 19:15:00,0.18520000,0.18700000,0.18390000,0.18470000,152913.00000000,BEAMUSDT
2022-09-21 19:30:00,0.18400000,0.18400000,0.17900000,0.18030000,284723.00000000,BEAMUSDT
2022-09-21 19:45:00,0.18010000,0.18230000,0.18000000,0.18070000,212860.00000000,BEAMUSDT
2022-09-21 20:00:00,0.18080000,0.18110000,0.17960000,0.18040000,76626.00000000,BEAMUSDT
2022-09-21 20:15:00,0.18010000,0.18020000,0.17810000,0.17830000,111468.00000000,BEAMUSDT
2022-09-21 20:30:00,0.17850000,0.18050000,0.17830000,0.18020000,118708.00000000,BEAMUSDT
2022-09-21 20:45:00,0.18000000,0.18120000,0.17950000,0.18120000,58533.00000000,BEAMUSDT
2022-09-21 21:00:00,0.18080000,0.18090000,0.17730000,0.17730000,59058.00000000,BEAMUSDT
2022-09-21 21:15:00,0.17720000,0.17780000,0.17630000,0.17660000,111338.00000000,BEAMUSDT
2022-09-21 21:30:00,0.17660000,0.17720000,0.17480000,0.17530000,125305.00000000,BEAMUSDT
2022-09-21 21:45:00,0.17590000,0.17600000,0.17530000,0.17550000,36896.00000000,BEAMUSDT
2022-09-21 22:00:00,0.17550000,0.17550000,0.17470000,0.17470000,14732.00000000,BEAMUSDT
2022-09-21 22:15:00,0.17470000,0.17570000,0.17360000,0.17560000,50314.00000000,BEAMUSDT
2022-09-21 22:30:00,0.17530000,0.17600000,0.17530000,0.17550000,28337.00000000,BEAMUSDT
2022-09-21 22:45:00,0.17540000,0.17750000,0.17540000,0.17750000,102130.00000000,BEAMUSDT
2022-09-21 23:00:00,0.17730000,0.17770000,0.17650000,0.17680000,28186.00000000,BEAMUSDT
2022-09-21 23:15:00,0.17690000,0.17860000,0.17650000,0.17860000,33931.00000000,BEAMUSDT
2022-09-21 23:30:00,0.17830000,0.18120000,0.17830000,0.18120000,133680.00000000,BEAMUSDT
2022-09-21 23:45:00,0.18090000,0.18090000,0.17910000,0.17910000,20340.00000000,BEAMUSDT
2022-09-22 00:00:00,0.17880000,0.18080000,0.17870000,0.18030000,141217.00000000,BEAMUSDT
2022-09-22 00:15:00,0.18030000,0.18230000,0.17920000,0.18190000,158900.00000000,BEAMUSDT
2022-09-22 00:30:00,0.18150000,0.18220000,0.18080000,0.18080000,18717.00000000,BEAMUSDT
2022-09-22 00:45:00,0.18120000,0.18140000,0.17890000,0.17910000,116225.00000000,BEAMUSDT
2022-09-22 01:00:00,0.17930000,0.17950000,0.17850000,0.17950000,33061.00000000,BEAMUSDT
2022-09-22 01:15:00,0.17980000,0.18010000,0.17930000,0.17990000,18174.00000000,BEAMUSDT
2022-09-22 01:30:00,0.18010000,0.18040000,0.17930000,0.17930000,11404.00000000,BEAMUSDT
2022-09-22 01:45:00,0.17950000,0.18090000,0.17950000,0.18080000,11583.00000000,BEAMUSDT
2022-09-22 02:00:00,0.18050000,0.18120000,0.18010000,0.18100000,4605.00000000,BEAMUSDT
2022-09-22 02:15:00,0.18090000,0.18110000,0.18050000,0.18080000,8997.00000000,BEAMUSDT
2022-09-22 02:30:00,0.18070000,0.18160000,0.18030000,0.18140000,15978.00000000,BEAMUSDT
2022-09-22 02:45:00,0.18160000,0.18300000,0.18150000,0.18240000,13253.00000000,BEAMUSDT
2022-09-22 03:00:00,0.18210000,0.18230000,0.18080000,0.18130000,14572.00000000,BEAMUSDT
2022-09-22 03:15:00,0.18140000,0.18200000,0.18120000,0.18200000,7997.00000000,BEAMUSDT
2022-09-22 03:30:00,0.18190000,0.18550000,0.18130000,0.18470000,288223.00000000,BEAMUSDT
2022-09-22 03:45:00,0.18450000,0.18520000,0.18430000,0.18440000,20490.00000000,BEAMUSDT
2022-09-22 04:00:00,0.18430000,0.18570000,0.18430000,0.18490000,59961.00000000,BEAMUSDT
2022-09-22 04:15:00,0.18510000,0.18600000,0.18480000,0.18510000,61245.00000000,BEAMUSDT
2022-09-22 04:30:00,0.18520000,0.18600000,0.18440000,0.18440000,59614.00000000,BEAMUSDT
2022-09-22 04:45:00,0.18470000,0.18810000,0.18470000,0.18710000,161349.00000000,BEAMUSDT
2022-09-22 05:00:00,0.18700000,0.18710000,0.18450000,0.18450000,23965.00000000,BEAMUSDT
2022-09-22 05:15:00,0.18470000,0.18470000,0.18390000,0.18400000,27878.00000000,BEAMUSDT
2022-09-22 05:30:00,0.18430000,0.18570000,0.18400000,0.18510000,64106.00000000,BEAMUSDT
2022-09-22 05:45:00,0.18520000,0.18520000,0.18450000,0.18480000,11390.00000000,BEAMUSDT
2022-09-22 06:00:00,0.18500000,0.18700000,0.18470000,0.18520000,98950.00000000,BEAMUSDT
2022-09-22 06:15:00,0.18550000,0.18660000,0.18540000,0.18650000,26796.00000000,BEAMUSDT
2022-09-22 06:30:00,0.18640000,0.18660000,0.18420000,0.18450000,51948.00000000,BEAMUSDT
2022-09-22 06:45:00,0.18450000,0.18520000,0.18400000,0.18500000,21019.00000000,BEAMUSDT
2022-09-22 07:00:00,0.18490000,0.18540000,0.18470000,0.18540000,7586.00000000,BEAMUSDT
2022-09-22 07:15:00,0.18560000,0.18720000,0.18530000,0.18680000,17973.00000000,BEAMUSDT
2022-09-22 07:30:00,0.18660000,0.18710000,0.18590000,0.18710000,17645.00000000,BEAMUSDT
2022-09-22 07:45:00,0.18710000,0.18790000,0.18710000,0.18770000,31636.00000000,BEAMUSDT
2022-09-22 08:00:00,0.18770000,0.18850000,0.18760000,0.18790000,34241.00000000,BEAMUSDT
2022-09-22 08:15:00,0.18780000,0.18890000,0.18780000,0.18890000,46500.00000000,BEAMUSDT
2022-09-22 08:30:00,0.18890000,0.18940000,0.18820000,0.18930000,112564.00000000,BEAMUSDT
2022-09-22 08:45:00,0.18920000,0.18920000,0.18700000,0.18710000,186314.00000000,BEAMUSDT
2022-09-22 09:00:00,0.18720000,0.18770000,0.18580000,0.18670000,183085.00000000,BEAMUSDT
2022-09-22 09:15:00,0.18670000,0.18700000,0.18590000,0.18650000,60602.00000000,BEAMUSDT
2022-09-22 09:30:00,0.18650000,0.18670000,0.18550000,0.18630000,183468.00000000,BEAMUSDT
2022-09-22 09:45:00,0.18610000,0.18970000,0.18600000,0.18750000,478001.00000000,BEAMUSDT
2022-09-22 10:00:00,0.18780000,0.18890000,0.18710000,0.18740000,41407.00000000,BEAMUSDT
2022-09-22 10:15:00,0.18730000,0.18810000,0.18690000,0.18760000,55497.00000000,BEAMUSDT
2022-09-22 10:30:00,0.18790000,0.18820000,0.18740000,0.18740000,34539.00000000,BEAMUSDT
2022-09-22 10:45:00,0.18730000,0.18750000,0.18700000,0.18700000,17822.00000000,BEAMUSDT
2022-09-22 11:00:00,0.18680000,0.18760000,0.18630000,0.18630000,40585.00000000,BEAMUSDT
2022-09-22 11:15:00,0.18630000,0.18640000,0.18580000,0.18610000,32605.00000000,BEAMUSDT
2022-09-22 11:30:00,0.18610000,0.18650000,0.18570000,0.18650000,19496.00000000,BEAMUSDT
2022-09-22 11:45:00,0.18650000,0.18920000,0.18650000,0.18850000,54452.00000000,BEAMUSDT
2022-09-22 12:00:00,0.18830000,0.18890000,0.18820000,0.18890000,33012.00000000,BEAMUSDT
2022-09-22 12:15:00,0.18880000,0.18880000,0.18770000,0.18770000,74278.00000000,BEAMUSDT
2022-09-22 12:30:00,0.18770000,0.18820000,0.18750000,0.18750000,145863.00000000,BEAMUSDT
2022-09-22 12:45:00,0.18750000,0.18810000,0.18550000,0.18550000,234772.00000000,BEAMUSDT
2022-09-22 13:00:00,0.18550000,0.18600000,0.18360000,0.18360000,374847.00000000,BEAMUSDT
2022-09-22 13:15:00,0.18360000,0.18430000,0.18110000,0.18230000,392780.00000000,BEAMUSDT
2022-09-22 13:30:00,0.18260000,0.18510000,0.18170000,0.18170000,333137.00000000,BEAMUSDT
2022-09-22 13:45:00,0.18180000,0.18240000,0.18150000,0.18190000,51164.00000000,BEAMUSDT
2022-09-22 14:00:00,0.18190000,0.18360000,0.18180000,0.18360000,51951.00000000,BEAMUSDT
2022-09-22 14:15:00,0.18370000,0.18390000,0.18230000,0.18260000,35855.00000000,BEAMUSDT
2022-09-22 14:30:00,0.18320000,0.18330000,0.18240000,0.18270000,32138.00000000,BEAMUSDT
2022-09-22 14:45:00,0.18250000,0.18290000,0.18130000,0.18160000,47263.00000000,BEAMUSDT
2022-09-22 15:00:00,0.18120000,0.18160000,0.18050000,0.18130000,30578.00000000,BEAMUSDT
2022-09-22 15:15:00,0.18140000,0.18140000,0.18080000,0.18120000,14980.00000000,BEAMUSDT
2022-09-22 15:30:00,0.18110000,0.18180000,0.18060000,0.18060000,73578.00000000,BEAMUSDT
2022-09-22 15:45:00,0.18090000,0.18180000,0.18090000,0.18140000,43814.00000000,BEAMUSDT
2022-09-22 16:00:00,0.18140000,0.18160000,0.17870000,0.17890000,107099.00000000,BEAMUSDT
2022-09-22 16:15:00,0.17890000,0.18170000,0.17860000,0.18130000,79368.00000000,BEAMUSDT
2022-09-22 16:30:00,0.18130000,0.18190000,0.18100000,0.18180000,15565.00000000,BEAMUSDT
2022-09-22 16:45:00,0.18200000,0.18260000,0.18160000,0.18160000,49010.00000000,BEAMUSDT
2022-09-22 17:00:00,0.18180000,0.18280000,0.18130000,0.18130000,37171.00000000,BEAMUSDT
2022-09-22 17:15:00,0.18130000,0.18240000,0.18090000,0.18240000,12867.00000000,BEAMUSDT
2022-09-22 17:30:00,0.18250000,0.18290000,0.18210000,0.18210000,6162.00000000,BEAMUSDT
2022-09-22 17:45:00,0.18200000,0.18270000,0.18200000,0.18260000,24042.00000000,BEAMUSDT
2022-09-22 18:00:00,0.18240000,0.18260000,0.18170000,0.18180000,12683.00000000,BEAMUSDT
2022-09-22 18:15:00,0.18180000,0.18240000,0.18140000,0.18240000,8584.00000000,BEAMUSDT
2022-09-22 18:30:00,0.18260000,0.18410000,0.18260000,0.18290000,49760.00000000,BEAMUSDT
2022-09-22 18:45:00,0.18280000,0.18360000,0.18180000,0.18290000,37217.00000000,BEAMUSDT
2022-09-22 19:00:00,0.18320000,0.18440000,0.18230000,0.18440000,36594.00000000,BEAMUSDT
2022-09-22 19:15:00,0.18400000,0.18420000,0.18350000,0.18380000,12657.00000000,BEAMUSDT
2022-09-22 19:30:00,0.18360000,0.18500000,0.18350000,0.18430000,16448.00000000,BEAMUSDT
2022-09-22 19:45:00,0.18430000,0.18550000,0.18360000,0.18440000,154139.00000000,BEAMUSDT
2022-09-22 20:00:00,0.18460000,0.18520000,0.18400000,0.18400000,110385.00000000,BEAMUSDT
2022-09-22 20:15:00,0.18410000,0.18420000,0.18350000,0.18350000,17591.00000000,BEAMUSDT
2022-09-22 20:30:00,0.18350000,0.18360000,0.18320000,0.18330000,11149.00000000,BEAMUSDT
2022-09-22 20:45:00,0.18330000,0.18340000,0.18280000,0.18330000,32734.00000000,BEAMUSDT
2022-09-22 21:00:00,0.18330000,0.18370000,0.18310000,0.18320000,15442.00000000,BEAMUSDT
2022-09-22 21:15:00,0.18310000,0.18310000,0.18240000,0.18260000,16899.00000000,BEAMUSDT
2022-09-22 21:30:00,0.18250000,0.18300000,0.18140000,0.18170000,52118.00000000,BEAMUSDT
2022-09-22 21:45:00,0.18170000,0.18170000,0.18170000,0.18170000,1283.00000000,BEAMUSDT
2022-09-22 22:00:00,0.18170000,0.18280000,0.18130000,0.18230000,39706.00000000,BEAMUSDT
2022-09-22 22:15:00,0.18230000,0.18320000,0.18230000,0.18310000,4618.00000000,BEAMUSDT
2022-09-22 22:30:00,0.18320000,0.18470000,0.18320000,0.18340000,61541.00000000,BEAMUSDT
2022-09-22 22:45:00,0.18350000,0.18360000,0.18310000,0.18350000,4488.00000000,BEAMUSDT
2022-09-22 23:00:00,0.18370000,0.18550000,0.18370000,0.18490000,30753.00000000,BEAMUSDT
2022-09-22 23:15:00,0.18440000,0.18440000,0.18350000,0.18400000,16995.00000000,BEAMUSDT
2022-09-22 23:30:00,0.18380000,0.18500000,0.18350000,0.18440000,33867.00000000,BEAMUSDT
2022-09-22 23:45:00,0.18410000,0.18420000,0.18370000,0.18410000,7589.00000000,BEAMUSDT
2022-09-23 00:00:00,0.18420000,0.18700000,0.18400000,0.18450000,104447.00000000,BEAMUSDT
2022-09-23 00:15:00,0.18520000,0.18590000,0.18470000,0.18470000,8571.00000000,BEAMUSDT
2022-09-23 00:30:00,0.18500000,0.18520000,0.18350000,0.18450000,50114.00000000,BEAMUSDT
2022-09-23 00:45:00,0.18440000,0.18450000,0.18370000,0.18390000,11988.00000000,BEAMUSDT
2022-09-23 01:00:00,0.18390000,0.18400000,0.18170000,0.18230000,174157.00000000,BEAMUSDT
2022-09-23 01:15:00,0.18230000,0.18280000,0.18070000,0.18150000,123852.00000000,BEAMUSDT
2022-09-23 01:30:00,0.18140000,0.18150000,0.17980000,0.18130000,50955.00000000,BEAMUSDT
2022-09-23 01:45:00,0.18110000,0.18220000,0.18060000,0.18220000,71707.00000000,BEAMUSDT
2022-09-23 02:00:00,0.18220000,0.18220000,0.18180000,0.18220000,23343.00000000,BEAMUSDT
2022-09-23 02:15:00,0.18190000,0.18190000,0.18150000,0.18180000,13890.00000000,BEAMUSDT
2022-09-23 02:30:00,0.18190000,0.18420000,0.18190000,0.18300000,157316.00000000,BEAMUSDT
2022-09-23 02:45:00,0.18280000,0.18320000,0.18260000,0.18260000,13173.00000000,BEAMUSDT
2022-09-23 03:00:00,0.18290000,0.18380000,0.18280000,0.18380000,8049.00000000,BEAMUSDT
2022-09-23 03:15:00,0.18380000,0.18410000,0.18330000,0.18390000,92681.00000000,BEAMUSDT
2022-09-23 03:30:00,0.18410000,0.18410000,0.18340000,0.18360000,29876.00000000,BEAMUSDT
2022-09-23 03:45:00,0.18360000,0.18420000,0.18340000,0.18380000,22418.00000000,BEAMUSDT
2022-09-23 04:00:00,0.18380000,0.18470000,0.18340000,0.18450000,23186.00000000,BEAMUSDT
2022-09-23 04:15:00,0.18450000,0.18520000,0.18430000,0.18510000,7405.00000000,BEAMUSDT
2022-09-23 04:30:00,0.18530000,0.18660000,0.18510000,0.18600000,86152.00000000,BEAMUSDT
2022-09-23 04:45:00,0.18600000,0.18700000,0.18450000,0.18460000,113569.00000000,BEAMUSDT
2022-09-23 05:00:00,0.18510000,0.18520000,0.18460000,0.18470000,31232.00000000,BEAMUSDT
2022-09-23 05:15:00,0.18470000,0.18510000,0.18420000,0.18480000,74438.00000000,BEAMUSDT
2022-09-23 05:30:00,0.18490000,0.18490000,0.18450000,0.18480000,19258.00000000,BEAMUSDT
2022-09-23 05:45:00,0.18480000,0.18840000,0.18470000,0.18700000,256522.00000000,BEAMUSDT
2022-09-23 06:00:00,0.18680000,0.18860000,0.18570000,0.18830000,179767.00000000,BEAMUSDT
2022-09-23 06:15:00,0.18830000,0.18830000,0.18650000,0.18660000,63255.00000000,BEAMUSDT
2022-09-23 06:30:00,0.18690000,0.19160000,0.18620000,0.18940000,722918.00000000,BEAMUSDT
2022-09-23 06:45:00,0.18930000,0.18940000,0.18850000,0.18910000,89021.00000000,BEAMUSDT
2022-09-23 07:00:00,0.18910000,0.18930000,0.18750000,0.18770000,106181.00000000,BEAMUSDT
2022-09-23 07:15:00,0.18760000,0.18760000,0.18660000,0.18660000,37163.00000000,BEAMUSDT
2022-09-23 07:30:00,0.18690000,0.18790000,0.18600000,0.18640000,62626.00000000,BEAMUSDT
2022-09-23 07:45:00,0.18650000,0.18650000,0.18560000,0.18560000,29565.00000000,BEAMUSDT
2022-09-23 08:00:00,0.18580000,0.18740000,0.18560000,0.18660000,107296.00000000,BEAMUSDT
2022-09-23 08:15:00,0.18640000,0.18640000,0.18480000,0.18520000,119749.00000000,BEAMUSDT
2022-09-23 08:30:00,0.18490000,0.18510000,0.18200000,0.18290000,196093.00000000,BEAMUSDT
2022-09-23 08:45:00,0.18310000,0.18360000,0.18130000,0.18240000,170386.00000000,BEAMUSDT
2022-09-23 09:00:00,0.18210000,0.18350000,0.18190000,0.18330000,89735.00000000,BEAMUSDT
2022-09-23 09:15:00,0.18330000,0.18430000,0.18330000,0.18400000,31036.00000000,BEAMUSDT
2022-09-23 09:30:00,0.18400000,0.18680000,0.18210000,0.18560000,432408.00000000,BEAMUSDT
2022-09-23 09:45:00,0.18530000,0.18820000,0.18510000,0.18640000,102719.00000000,BEAMUSDT
2022-09-23 10:00:00,0.18640000,0.18670000,0.18600000,0.18600000,11858.00000000,BEAMUSDT
2022-09-23 10:15:00,0.18620000,0.18620000,0.18480000,0.18490000,47600.00000000,BEAMUSDT
2022-09-23 10:30:00,0.18510000,0.18510000,0.18440000,0.18500000,15391.00000000,BEAMUSDT
2022-09-23 10:45:00,0.18480000,0.18480000,0.18360000,0.18370000,15527.00000000,BEAMUSDT
2022-09-23 11:00:00,0.18400000,0.18410000,0.18380000,0.18410000,10244.00000000,BEAMUSDT
2022-09-23 11:15:00,0.18410000,0.18500000,0.18380000,0.18480000,15111.00000000,BEAMUSDT
2022-09-23 11:30:00,0.18490000,0.18500000,0.18350000,0.18370000,12534.00000000,BEAMUSDT
2022-09-23 11:45:00,0.18380000,0.18380000,0.18330000,0.18330000,12463.00000000,BEAMUSDT
2022-09-23 12:00:00,0.18320000,0.18470000,0.18310000,0.18410000,23305.00000000,BEAMUSDT
2022-09-23 12:15:00,0.18410000,0.18440000,0.18390000,0.18440000,17832.00000000,BEAMUSDT
2022-09-23 12:30:00,0.18440000,0.18480000,0.18390000,0.18390000,7033.00000000,BEAMUSDT
2022-09-23 12:45:00,0.18440000,0.18440000,0.18380000,0.18410000,27749.00000000,BEAMUSDT
2022-09-23 13:00:00,0.18400000,0.18680000,0.18400000,0.18680000,33782.00000000,BEAMUSDT
2022-09-23 13:15:00,0.18690000,0.18810000,0.18690000,0.18800000,56925.00000000,BEAMUSDT
2022-09-23 13:30:00,0.18770000,0.18890000,0.18760000,0.18810000,122421.00000000,BEAMUSDT
2022-09-23 13:45:00,0.18790000,0.18850000,0.18230000,0.18270000,143872.00000000,BEAMUSDT
2022-09-23 14:00:00,0.18270000,0.18450000,0.18170000,0.18330000,95792.00000000,BEAMUSDT
2022-09-23 14:15:00,0.18300000,0.18320000,0.18210000,0.18300000,93366.00000000,BEAMUSDT
2022-09-23 14:30:00,0.18290000,0.18640000,0.18280000,0.18550000,101861.00000000,BEAMUSDT
2022-09-23 14:45:00,0.18570000,0.18600000,0.18470000,0.18500000,34662.00000000,BEAMUSDT
2022-09-23 15:00:00,0.18480000,0.18480000,0.18380000,0.18410000,47350.00000000,BEAMUSDT
2022-09-23 15:15:00,0.18410000,0.18600000,0.18410000,0.18570000,58585.00000000,BEAMUSDT
2022-09-23 15:30:00,0.18600000,0.18680000,0.18480000,0.18480000,108611.00000000,BEAMUSDT
2022-09-23 15:45:00,0.18480000,0.18560000,0.18370000,0.18520000,30392.00000000,BEAMUSDT
2022-09-23 16:00:00,0.18510000,0.18560000,0.18460000,0.18510000,32168.00000000,BEAMUSDT
2022-09-23 16:15:00,0.18520000,0.18580000,0.18330000,0.18340000,64175.00000000,BEAMUSDT
2022-09-23 16:30:00,0.18380000,0.18410000,0.18340000,0.18360000,4212.00000000,BEAMUSDT
2022-09-23 16:45:00,0.18400000,0.18480000,0.18400000,0.18450000,9658.00000000,BEAMUSDT
2022-09-23 17:00:00,0.18430000,0.18540000,0.18430000,0.18490000,4694.00000000,BEAMUSDT
2022-09-23 17:15:00,0.18490000,0.18570000,0.18420000,0.18420000,20803.00000000,BEAMUSDT
2022-09-23 17:30:00,0.18470000,0.18470000,0.18400000,0.18430000,5717.00000000,BEAMUSDT
2022-09-23 17:45:00,0.18440000,0.18580000,0.18430000,0.18560000,12828.00000000,BEAMUSDT
2022-09-23 18:00:00,0.18590000,0.18700000,0.18510000,0.18520000,58322.00000000,BEAMUSDT
2022-09-23 18:15:00,0.18500000,0.18690000,0.18500000,0.18650000,58011.00000000,BEAMUSDT
2022-09-23 18:30:00,0.18650000,0.18690000,0.18450000,0.18500000,70279.00000000,BEAMUSDT
2022-09-23 18:45:00,0.18520000,0.18560000,0.18310000,0.18380000,32075.00000000,BEAMUSDT
2022-09-23 19:00:00,0.18360000,0.18560000,0.18360000,0.18500000,25084.00000000,BEAMUSDT
2022-09-23 19:15:00,0.18520000,0.18520000,0.18430000,0.18500000,20342.00000000,BEAMUSDT
2022-09-23 19:30:00,0.18500000,0.18630000,0.18500000,0.18630000,16488.00000000,BEAMUSDT
2022-09-23 19:45:00,0.18640000,0.18650000,0.18540000,0.18650000,18138.00000000,BEAMUSDT
2022-09-23 20:00:00,0.18650000,0.18880000,0.18650000,0.18870000,93238.00000000,BEAMUSDT
2022-09-23 20:15:00,0.18850000,0.18900000,0.18740000,0.18750000,21961.00000000,BEAMUSDT
2022-09-23 20:30:00,0.18780000,0.18810000,0.18760000,0.18770000,32428.00000000,BEAMUSDT
2022-09-23 20:45:00,0.18770000,0.18790000,0.18750000,0.18760000,21321.00000000,BEAMUSDT
2022-09-23 21:00:00,0.18760000,0.18790000,0.18730000,0.18730000,19564.00000000,BEAMUSDT
2022-09-23 21:15:00,0.18730000,0.18760000,0.18710000,0.18730000,12980.00000000,BEAMUSDT
2022-09-23 21:30:00,0.18750000,0.18800000,0.18750000,0.18800000,4685.00000000,BEAMUSDT
2022-09-23 21:45:00,0.18800000,0.18810000,0.18790000,0.18790000,7985.00000000,BEAMUSDT
2022-09-23 22:00:00,0.18810000,0.18810000,0.18800000,0.18800000,13305.00000000,BEAMUSDT
2022-09-23 22:15:00,0.18800000,0.18940000,0.18770000,0.18930000,64800.00000000,BEAMUSDT
2022-09-23 22:30:00,0.18940000,0.19040000,0.18920000,0.18990000,17257.00000000,BEAMUSDT
2022-09-23 22:45:00,0.18980000,0.19050000,0.18940000,0.19050000,24634.00000000,BEAMUSDT
2022-09-23 23:00:00,0.19010000,0.19110000,0.18930000,0.19110000,62632.00000000,BEAMUSDT
2022-09-23 23:15:00,0.19070000,0.19100000,0.18870000,0.18970000,129009.00000000,BEAMUSDT
2022-09-23 23:30:00,0.18970000,0.19060000,0.18890000,0.18970000,56091.00000000,BEAMUSDT
2022-09-23 23:45:00,0.18960000,0.18980000,0.18860000,0.18920000,44477.00000000,BEAMUSDT
2022-09-24 00:00:00,0.18940000,0.19020000,0.18930000,0.18980000,18269.00000000,BEAMUSDT
2022-09-24 00:15:00,0.18980000,0.18980000,0.18870000,0.18960000,37786.00000000,BEAMUSDT
2022-09-24 00:30:00,0.18940000,0.18990000,0.18880000,0.18880000,14624.00000000,BEAMUSDT
2022-09-24 00:45:00,0.18920000,0.18920000,0.18890000,0.18900000,7498.00000000,BEAMUSDT
2022-09-24 01:00:00,0.18940000,0.18970000,0.18890000,0.18960000,12836.00000000,BEAMUSDT
2022-09-24 01:15:00,0.18980000,0.18990000,0.18860000,0.18860000,8249.00000000,BEAMUSDT
2022-09-24 01:30:00,0.18870000,0.18870000,0.18810000,0.18870000,11742.00000000,BEAMUSDT
2022-09-24 01:45:00,0.18880000,0.18890000,0.18870000,0.18870000,4453.00000000,BEAMUSDT
2022-09-24 02:00:00,0.18850000,0.18860000,0.18820000,0.18820000,6806.00000000,BEAMUSDT
2022-09-24 02:15:00,0.18860000,0.18890000,0.18840000,0.18890000,12784.00000000,BEAMUSDT
2022-09-24 02:30:00,0.18900000,0.18940000,0.18900000,0.18910000,2692.00000000,BEAMUSDT
2022-09-24 02:45:00,0.18910000,0.18960000,0.18860000,0.18950000,48510.00000000,BEAMUSDT
2022-09-24 03:00:00,0.18920000,0.19110000,0.18870000,0.19040000,138766.00000000,BEAMUSDT
2022-09-24 03:15:00,0.19010000,0.19010000,0.18890000,0.18900000,23295.00000000,BEAMUSDT
2022-09-24 03:30:00,0.18910000,0.18910000,0.18740000,0.18740000,39993.00000000,BEAMUSDT
2022-09-24 03:45:00,0.18770000,0.18820000,0.18770000,0.18810000,9831.00000000,BEAMUSDT
2022-09-24 04:00:00,0.18810000,0.18860000,0.18800000,0.18860000,12860.00000000,BEAMUSDT
2022-09-24 04:15:00,0.18870000,0.18940000,0.18820000,0.18910000,21322.00000000,BEAMUSDT
2022-09-24 04:30:00,0.18930000,0.18940000,0.18880000,0.18910000,7130.00000000,BEAMUSDT
2022-09-24 04:45:00,0.18920000,0.18950000,0.18820000,0.18890000,17314.00000000,BEAMUSDT
2022-09-24 05:00:00,0.18880000,0.18880000,0.18740000,0.18790000,35518.00000000,BEAMUSDT
2022-09-24 05:15:00,0.18800000,0.18840000,0.18780000,0.18790000,20627.00000000,BEAMUSDT
2022-09-24 05:30:00,0.18810000,0.18870000,0.18780000,0.18810000,20946.00000000,BEAMUSDT
2022-09-24 05:45:00,0.18810000,0.18900000,0.18810000,0.18850000,24545.00000000,BEAMUSDT
2022-09-24 06:00:00,0.18850000,0.18850000,0.18690000,0.18800000,53008.00000000,BEAMUSDT
2022-09-24 06:15:00,0.18790000,0.18830000,0.18760000,0.18780000,11912.00000000,BEAMUSDT
2022-09-24 06:30:00,0.18790000,0.18830000,0.18690000,0.18710000,42739.00000000,BEAMUSDT
2022-09-24 06:45:00,0.18710000,0.18760000,0.18700000,0.18730000,48513.00000000,BEAMUSDT
2022-09-24 07:00:00,0.18730000,0.18730000,0.18550000,0.18590000,57778.00000000,BEAMUSDT
2022-09-24 07:15:00,0.18600000,0.18600000,0.18490000,0.18560000,38812.00000000,BEAMUSDT
2022-09-24 07:30:00,0.18570000,0.18590000,0.18520000,0.18550000,21928.00000000,BEAMUSDT
2022-09-24 07:45:00,0.18590000,0.18780000,0.18570000,0.18640000,67495.00000000,BEAMUSDT
2022-09-24 08:00:00,0.18640000,0.18640000,0.18550000,0.18580000,11138.00000000,BEAMUSDT
2022-09-24 08:15:00,0.18580000,0.18620000,0.18550000,0.18570000,20345.00000000,BEAMUSDT
2022-09-24 08:30:00,0.18550000,0.18640000,0.18550000,0.18640000,7812.00000000,BEAMUSDT
2022-09-24 08:45:00,0.18660000,0.18690000,0.18650000,0.18670000,12361.00000000,BEAMUSDT
2022-09-24 09:00:00,0.18670000,0.18700000,0.18670000,0.18680000,7134.00000000,BEAMUSDT
2022-09-24 09:15:00,0.18680000,0.18750000,0.18640000,0.18640000,50926.00000000,BEAMUSDT
2022-09-24 09:30:00,0.18630000,0.18680000,0.18620000,0.18670000,4719.00000000,BEAMUSDT
2022-09-24 09:45:00,0.18690000,0.18730000,0.18660000,0.18680000,9079.00000000,BEAMUSDT
2022-09-24 10:00:00,0.18690000,0.18750000,0.18680000,0.18740000,11836.00000000,BEAMUSDT
2022-09-24 10:15:00,0.18710000,0.18780000,0.18700000,0.18760000,40992.00000000,BEAMUSDT
2022-09-24 10:30:00,0.18740000,0.18740000,0.18580000,0.18580000,32398.00000000,BEAMUSDT
2022-09-24 10:45:00,0.18590000,0.18670000,0.18590000,0.18660000,10219.00000000,BEAMUSDT
2022-09-24 11:00:00,0.18660000,0.18670000,0.18590000,0.18590000,12549.00000000,BEAMUSDT
2022-09-24 11:15:00,0.18590000,0.18690000,0.18590000,0.18690000,40104.00000000,BEAMUSDT
2022-09-24 11:30:00,0.18690000,0.18700000,0.18670000,0.18700000,4146.00000000,BEAMUSDT
2022-09-24 11:45:00,0.18710000,0.18730000,0.18480000,0.18570000,107670.00000000,BEAMUSDT
2022-09-24 12:00:00,0.18580000,0.18630000,0.18580000,0.18600000,14403.00000000,BEAMUSDT
2022-09-24 12:15:00,0.18590000,0.18590000,0.18580000,0.18580000,8024.00000000,BEAMUSDT
2022-09-24 12:30:00,0.18580000,0.18710000,0.18580000,0.18710000,32648.00000000,BEAMUSDT
2022-09-24 12:45:00,0.18710000,0.18720000,0.18630000,0.18670000,32619.00000000,BEAMUSDT
2022-09-24 13:00:00,0.18670000,0.18820000,0.18670000,0.18820000,33103.00000000,BEAMUSDT
2022-09-24 13:15:00,0.18810000,0.19020000,0.18810000,0.18940000,100116.00000000,BEAMUSDT
2022-09-24 13:30:00,0.18920000,0.18970000,0.18860000,0.18900000,101804.00000000,BEAMUSDT
2022-09-24 13:45:00,0.18920000,0.18970000,0.18890000,0.18970000,16132.00000000,BEAMUSDT
2022-09-24 14:00:00,0.18970000,0.19150000,0.18900000,0.19120000,97658.00000000,BEAMUSDT
2022-09-24 14:15:00,0.19100000,0.19280000,0.19010000,0.19230000,296627.00000000,BEAMUSDT
2022-09-24 14:30:00,0.19220000,0.19520000,0.19040000,0.19150000,300673.00000000,BEAMUSDT
2022-09-24 14:45:00,0.19150000,0.19230000,0.18980000,0.19100000,142163.00000000,BEAMUSDT
2022-09-24 15:00:00,0.19100000,0.19120000,0.18980000,0.19070000,91013.00000000,BEAMUSDT
2022-09-24 15:15:00,0.19060000,0.19110000,0.19040000,0.19070000,18335.00000000,BEAMUSDT
2022-09-24 15:30:00,0.19080000,0.19110000,0.19060000,0.19100000,16538.00000000,BEAMUSDT
2022-09-24 15:45:00,0.19100000,0.19500000,0.19100000,0.19470000,148291.00000000,BEAMUSDT
2022-09-24 16:00:00,0.19420000,0.19560000,0.19310000,0.19330000,111193.00000000,BEAMUSDT
2022-09-24 16:15:00,0.19340000,0.19430000,0.19340000,0.19430000,43420.00000000,BEAMUSDT
2022-09-24 16:30:00,0.19450000,0.19450000,0.19300000,0.19300000,28934.00000000,BEAMUSDT
2022-09-24 16:45:00,0.19300000,0.19380000,0.19210000,0.19210000,92797.00000000,BEAMUSDT
2022-09-24 17:00:00,0.19210000,0.19330000,0.19190000,0.19300000,29538.00000000,BEAMUSDT
2022-09-24 17:15:00,0.19320000,0.19400000,0.19300000,0.19340000,49662.00000000,BEAMUSDT
2022-09-24 17:30:00,0.19350000,0.19370000,0.19310000,0.19310000,33474.00000000,BEAMUSDT
2022-09-24 17:45:00,0.19310000,0.19540000,0.19310000,0.19470000,79225.00000000,BEAMUSDT
2022-09-24 18:00:00,0.19510000,0.19880000,0.19500000,0.19610000,468472.00000000,BEAMUSDT
2022-09-24 18:15:00,0.19600000,0.19620000,0.19380000,0.19390000,52202.00000000,BEAMUSDT
2022-09-24 18:30:00,0.19370000,0.19390000,0.19300000,0.19340000,47146.00000000,BEAMUSDT
2022-09-24 18:45:00,0.19340000,0.19380000,0.19300000,0.19380000,22920.00000000,BEAMUSDT
2022-09-24 19:00:00,0.19380000,0.19410000,0.19340000,0.19400000,27769.00000000,BEAMUSDT
2022-09-24 19:15:00,0.19370000,0.19380000,0.19330000,0.19330000,12043.00000000,BEAMUSDT
2022-09-24 19:30:00,0.19370000,0.19420000,0.19310000,0.19390000,25610.00000000,BEAMUSDT
2022-09-24 19:45:00,0.19380000,0.19480000,0.19370000,0.19460000,27518.00000000,BEAMUSDT
2022-09-24 20:00:00,0.19460000,0.19460000,0.19400000,0.19460000,17778.00000000,BEAMUSDT
2022-09-24 20:15:00,0.19460000,0.19460000,0.19420000,0.19430000,6182.00000000,BEAMUSDT
2022-09-24 20:30:00,0.19440000,0.19560000,0.19400000,0.19560000,35421.00000000,BEAMUSDT
2022-09-24 20:45:00,0.19540000,0.19860000,0.19470000,0.19850000,80370.00000000,BEAMUSDT
2022-09-24 21:00:00,0.19800000,0.19800000,0.19580000,0.19620000,50780.00000000,BEAMUSDT
2022-09-24 21:15:00,0.19590000,0.19590000,0.19290000,0.19590000,101012.00000000,BEAMUSDT
2022-09-24 21:30:00,0.19550000,0.19550000,0.19300000,0.19380000,21857.00000000,BEAMUSDT
2022-09-24 21:45:00,0.19390000,0.19410000,0.19290000,0.19300000,11343.00000000,BEAMUSDT
2022-09-24 22:00:00,0.19340000,0.19350000,0.19220000,0.19240000,29413.00000000,BEAMUSDT
2022-09-24 22:15:00,0.19250000,0.19270000,0.19170000,0.19210000,26412.00000000,BEAMUSDT
2022-09-24 22:30:00,0.19180000,0.19270000,0.19150000,0.19240000,30040.00000000,BEAMUSDT
2022-09-24 22:45:00,0.19240000,0.19240000,0.19120000,0.19140000,41662.00000000,BEAMUSDT
2022-09-24 23:00:00,0.19140000,0.19190000,0.19140000,0.19180000,26526.00000000,BEAMUSDT
2022-09-24 23:15:00,0.19200000,0.19240000,0.19200000,0.19200000,10603.00000000,BEAMUSDT
2022-09-24 23:30:00,0.19220000,0.19240000,0.19000000,0.19240000,101764.00000000,BEAMUSDT
2022-09-24 23:45:00,0.19240000,0.19270000,0.19190000,0.19240000,20546.00000000,BEAMUSDT
2022-09-25 00:00:00,0.19270000,0.19450000,0.19240000,0.19410000,76307.00000000,BEAMUSDT
2022-09-25 00:15:00,0.19430000,0.19580000,0.19200000,0.19420000,238608.00000000,BEAMUSDT
2022-09-25 00:30:00,0.19420000,0.19830000,0.19390000,0.19790000,278855.00000000,BEAMUSDT
2022-09-25 00:45:00,0.19840000,0.19880000,0.19710000,0.19710000,124008.00000000,BEAMUSDT
2022-09-25 01:00:00,0.19700000,0.19830000,0.19680000,0.19800000,40484.00000000,BEAMUSDT
2022-09-25 01:15:00,0.19800000,0.20120000,0.19750000,0.20110000,302173.00000000,BEAMUSDT
2022-09-25 01:30:00,0.20120000,0.20190000,0.19740000,0.19760000,368900.00000000,BEAMUSDT
2022-09-25 01:45:00,0.19760000,0.19840000,0.19700000,0.19720000,100371.00000000,BEAMUSDT
2022-09-25 02:00:00,0.19720000,0.19860000,0.19690000,0.19850000,44225.00000000,BEAMUSDT
2022-09-25 02:15:00,0.19860000,0.19940000,0.19860000,0.19940000,50728.00000000,BEAMUSDT
2022-09-25 02:30:00,0.19940000,0.20350000,0.19940000,0.20220000,387560.00000000,BEAMUSDT
2022-09-25 02:45:00,0.20200000,0.20200000,0.19900000,0.19950000,178477.00000000,BEAMUSDT
2022-09-25 03:00:00,0.19960000,0.20380000,0.19900000,0.20300000,200170.00000000,BEAMUSDT
2022-09-25 03:15:00,0.20330000,0.20990000,0.20250000,0.20740000,1050640.00000000,BEAMUSDT
2022-09-25 03:30:00,0.20740000,0.20740000,0.20210000,0.20330000,242110.00000000,BEAMUSDT
2022-09-25 03:45:00,0.20340000,0.20370000,0.20100000,0.20120000,112202.00000000,BEAMUSDT
2022-09-25 04:00:00,0.20120000,0.20170000,0.19700000,0.19780000,595453.00000000,BEAMUSDT
2022-09-25 04:15:00,0.19780000,0.19860000,0.19770000,0.19840000,100305.00000000,BEAMUSDT
2022-09-25 04:30:00,0.19840000,0.20210000,0.19780000,0.20170000,182780.00000000,BEAMUSDT
2022-09-25 04:45:00,0.20150000,0.20210000,0.19940000,0.19970000,91288.00000000,BEAMUSDT
2022-09-25 05:00:00,0.19950000,0.19950000,0.19870000,0.19870000,57395.00000000,BEAMUSDT
2022-09-25 05:15:00,0.19870000,0.19890000,0.19680000,0.19700000,181465.00000000,BEAMUSDT
2022-09-25 05:30:00,0.19700000,0.19720000,0.19580000,0.19590000,104325.00000000,BEAMUSDT
2022-09-25 05:45:00,0.19580000,0.19640000,0.19460000,0.19460000,105445.00000000,BEAMUSDT
2022-09-25 06:00:00,0.19460000,0.19530000,0.19440000,0.19510000,38183.00000000,BEAMUSDT
2022-09-25 06:15:00,0.19510000,0.19800000,0.19510000,0.19580000,233187.00000000,BEAMUSDT
2022-09-25 06:30:00,0.19560000,0.19590000,0.19530000,0.19530000,29192.00000000,BEAMUSDT
2022-09-25 06:45:00,0.19560000,0.19570000,0.19440000,0.19460000,114090.00000000,BEAMUSDT
2022-09-25 07:00:00,0.19450000,0.19470000,0.19410000,0.19450000,41196.00000000,BEAMUSDT
2022-09-25 07:15:00,0.19450000,0.19550000,0.19440000,0.19490000,65750.00000000,BEAMUSDT
2022-09-25 07:30:00,0.19490000,0.19490000,0.19380000,0.19390000,128966.00000000,BEAMUSDT
2022-09-25 07:45:00,0.19390000,0.19450000,0.19380000,0.19430000,14994.00000000,BEAMUSDT
2022-09-25 08:00:00,0.19430000,0.19460000,0.19370000,0.19400000,87688.00000000,BEAMUSDT
2022-09-25 08:15:00,0.19400000,0.19430000,0.19360000,0.19390000,48388.00000000,BEAMUSDT
2022-09-25 08:30:00,0.19390000,0.19390000,0.18940000,0.19350000,626063.00000000,BEAMUSDT
2022-09-25 08:45:00,0.19350000,0.19650000,0.19330000,0.19620000,127473.00000000,BEAMUSDT
2022-09-25 09:00:00,0.19620000,0.19620000,0.19550000,0.19580000,44030.00000000,BEAMUSDT
2022-09-25 09:15:00,0.19580000,0.19580000,0.19460000,0.19460000,13135.00000000,BEAMUSDT
2022-09-25 09:30:00,0.19460000,0.19470000,0.19330000,0.19330000,83331.00000000,BEAMUSDT
2022-09-25 09:45:00,0.19350000,0.19400000,0.19270000,0.19400000,48534.00000000,BEAMUSDT
2022-09-25 10:00:00,0.19400000,0.19530000,0.19400000,0.19430000,115238.00000000,BEAMUSDT
2022-09-25 10:15:00,0.19420000,0.19420000,0.19230000,0.19250000,96110.00000000,BEAMUSDT
2022-09-25 10:30:00,0.19250000,0.19320000,0.19240000,0.19310000,30871.00000000,BEAMUSDT
2022-09-25 10:45:00,0.19300000,0.19300000,0.19270000,0.19290000,13553.00000000,BEAMUSDT
2022-09-25 11:00:00,0.19320000,0.19330000,0.19230000,0.19280000,45457.00000000,BEAMUSDT
2022-09-25 11:15:00,0.19290000,0.19320000,0.19280000,0.19280000,12089.00000000,BEAMUSDT
2022-09-25 11:30:00,0.19280000,0.19280000,0.19240000,0.19240000,12287.00000000,BEAMUSDT
2022-09-25 11:45:00,0.19220000,0.19330000,0.19220000,0.19290000,40698.00000000,BEAMUSDT
2022-09-25 12:00:00,0.19290000,0.19290000,0.19160000,0.19230000,39772.00000000,BEAMUSDT
2022-09-25 12:15:00,0.19250000,0.19270000,0.19170000,0.19220000,118491.00000000,BEAMUSDT
2022-09-25 12:30:00,0.19210000,0.19350000,0.19160000,0.19330000,139007.00000000,BEAMUSDT
2022-09-25 12:45:00,0.19340000,0.19390000,0.19300000,0.19330000,100686.00000000,BEAMUSDT
2022-09-25 13:00:00,0.19320000,0.19350000,0.19260000,0.19260000,42495.00000000,BEAMUSDT
2022-09-25 13:15:00,0.19270000,0.19280000,0.19030000,0.19030000,122583.00000000,BEAMUSDT
2022-09-25 13:30:00,0.19030000,0.19140000,0.18960000,0.19000000,107957.00000000,BEAMUSDT
2022-09-25 13:45:00,0.18970000,0.18970000,0.18850000,0.18960000,151135.00000000,BEAMUSDT
2022-09-25 14:00:00,0.18960000,0.19060000,0.18950000,0.19010000,86587.00000000,BEAMUSDT
2022-09-25 14:15:00,0.19000000,0.19000000,0.18940000,0.18940000,24024.00000000,BEAMUSDT
2022-09-25 14:30:00,0.18980000,0.19000000,0.18940000,0.18950000,54989.00000000,BEAMUSDT
2022-09-25 14:45:00,0.18950000,0.19000000,0.18910000,0.18910000,34643.00000000,BEAMUSDT
2022-09-25 15:00:00,0.18910000,0.18950000,0.18900000,0.18940000,28467.00000000,BEAMUSDT
2022-09-25 15:15:00,0.18930000,0.19120000,0.18930000,0.19120000,73723.00000000,BEAMUSDT
2022-09-25 15:30:00,0.19100000,0.19100000,0.19060000,0.19090000,5733.00000000,BEAMUSDT
2022-09-25 15:45:00,0.19070000,0.19140000,0.19070000,0.19130000,46664.00000000,BEAMUSDT
2022-09-25 16:00:00,0.19100000,0.19110000,0.19060000,0.19090000,35073.00000000,BEAMUSDT
2022-09-25 16:15:00,0.19090000,0.19140000,0.18990000,0.19020000,145612.00000000,BEAMUSDT
2022-09-25 16:30:00,0.19020000,0.19050000,0.18950000,0.19000000,34939.00000000,BEAMUSDT
2022-09-25 16:45:00,0.19010000,0.19010000,0.18820000,0.18840000,86057.00000000,BEAMUSDT
2022-09-25 17:00:00,0.18840000,0.18870000,0.18720000,0.18840000,140129.00000000,BEAMUSDT
2022-09-25 17:15:00,0.18840000,0.18880000,0.18750000,0.18750000,146586.00000000,BEAMUSDT
2022-09-25 17:30:00,0.18750000,0.18780000,0.18700000,0.18700000,31249.00000000,BEAMUSDT
2022-09-25 17:45:00,0.18700000,0.18830000,0.18680000,0.18830000,30775.00000000,BEAMUSDT
2022-09-25 18:00:00,0.18820000,0.18840000,0.18800000,0.18810000,25231.00000000,BEAMUSDT
2022-09-25 18:15:00,0.18800000,0.18800000,0.18770000,0.18770000,3065.00000000,BEAMUSDT
2022-09-25 18:30:00,0.18800000,0.18800000,0.18710000,0.18740000,23970.00000000,BEAMUSDT
2022-09-25 18:45:00,0.18710000,0.18820000,0.18680000,0.18770000,55309.00000000,BEAMUSDT
2022-09-25 19:00:00,0.18760000,0.18760000,0.18670000,0.18750000,51316.00000000,BEAMUSDT
2022-09-25 19:15:00,0.18750000,0.18770000,0.18720000,0.18740000,22689.00000000,BEAMUSDT
2022-09-25 19:30:00,0.18740000,0.18740000,0.18580000,0.18650000,112331.00000000,BEAMUSDT
2022-09-25 19:45:00,0.18610000,0.18640000,0.18610000,0.18630000,5005.00000000,BEAMUSDT
2022-09-25 20:00:00,0.18640000,0.18700000,0.18640000,0.18690000,14341.00000000,BEAMUSDT
2022-09-25 20:15:00,0.18690000,0.18690000,0.18620000,0.18670000,23919.00000000,BEAMUSDT
2022-09-25 20:30:00,0.18670000,0.18730000,0.18650000,0.18690000,32402.00000000,BEAMUSDT
2022-09-25 20:45:00,0.18700000,0.18790000,0.18670000,0.18690000,79934.00000000,BEAMUSDT
2022-09-25 21:00:00,0.18690000,0.18690000,0.18600000,0.18640000,99342.00000000,BEAMUSDT
2022-09-25 21:15:00,0.18640000,0.18640000,0.18540000,0.18620000,17145.00000000,BEAMUSDT
2022-09-25 21:30:00,0.18590000,0.18610000,0.18370000,0.18390000,88181.00000000,BEAMUSDT
2022-09-25 21:45:00,0.18370000,0.18400000,0.18260000,0.18320000,95695.00000000,BEAMUSDT
2022-09-25 22:00:00,0.18300000,0.18390000,0.18200000,0.18380000,62321.00000000,BEAMUSDT
2022-09-25 22:15:00,0.18380000,0.18500000,0.18380000,0.18500000,36911.00000000,BEAMUSDT
2022-09-25 22:30:00,0.18500000,0.18500000,0.18390000,0.18390000,9646.00000000,BEAMUSDT
2022-09-25 22:45:00,0.18400000,0.18600000,0.18400000,0.18420000,87550.00000000,BEAMUSDT
2022-09-25 23:00:00,0.18410000,0.18460000,0.18400000,0.18440000,6155.00000000,BEAMUSDT
2022-09-25 23:15:00,0.18440000,0.18510000,0.18430000,0.18500000,34398.00000000,BEAMUSDT
2022-09-25 23:30:00,0.18470000,0.18510000,0.18360000,0.18360000,24824.00000000,BEAMUSDT
2022-09-25 23:45:00,0.18400000,0.18470000,0.18400000,0.18470000,12888.00000000,BEAMUSDT
2022-09-26 00:00:00,0.18430000,0.18560000,0.18370000,0.18530000,39782.00000000,BEAMUSDT
2022-09-26 00:15:00,0.18540000,0.18580000,0.18480000,0.18480000,117740.00000000,BEAMUSDT
2022-09-26 00:30:00,0.18470000,0.18550000,0.18370000,0.18390000,41899.00000000,BEAMUSDT
2022-09-26 00:45:00,0.18380000,0.18410000,0.18330000,0.18340000,38672.00000000,BEAMUSDT
2022-09-26 01:00:00,0.18340000,0.18410000,0.18290000,0.18370000,86506.00000000,BEAMUSDT
2022-09-26 01:15:00,0.18390000,0.18390000,0.18280000,0.18300000,24160.00000000,BEAMUSDT
2022-09-26 01:30:00,0.18300000,0.18450000,0.18300000,0.18450000,34401.00000000,BEAMUSDT
2022-09-26 01:45:00,0.18470000,0.18470000,0.18430000,0.18430000,7467.00000000,BEAMUSDT
2022-09-26 02:00:00,0.18450000,0.18480000,0.18420000,0.18440000,8838.00000000,BEAMUSDT
2022-09-26 02:15:00,0.18420000,0.18480000,0.18380000,0.18440000,55985.00000000,BEAMUSDT
2022-09-26 02:30:00,0.18450000,0.18460000,0.18390000,0.18390000,26516.00000000,BEAMUSDT
2022-09-26 02:45:00,0.18390000,0.18400000,0.18340000,0.18340000,24963.00000000,BEAMUSDT
2022-09-26 03:00:00,0.18350000,0.18350000,0.18250000,0.18290000,60860.00000000,BEAMUSDT
2022-09-26 03:15:00,0.18290000,0.18440000,0.18270000,0.18360000,74470.00000000,BEAMUSDT
2022-09-26 03:30:00,0.18360000,0.18380000,0.18310000,0.18310000,26517.00000000,BEAMUSDT
2022-09-26 03:45:00,0.18310000,0.18360000,0.18280000,0.18360000,82983.00000000,BEAMUSDT
2022-09-26 04:00:00,0.18340000,0.18340000,0.18290000,0.18330000,9258.00000000,BEAMUSDT
2022-09-26 04:15:00,0.18290000,0.18480000,0.18290000,0.18390000,78584.00000000,BEAMUSDT
2022-09-26 04:30:00,0.18390000,0.18390000,0.18350000,0.18380000,18406.00000000,BEAMUSDT
2022-09-26 04:45:00,0.18350000,0.18400000,0.18260000,0.18340000,152703.00000000,BEAMUSDT
2022-09-26 05:00:00,0.18320000,0.18350000,0.18260000,0.18260000,6549.00000000,BEAMUSDT
2022-09-26 05:15:00,0.18260000,0.18300000,0.18030000,0.18160000,129914.00000000,BEAMUSDT
2022-09-26 05:30:00,0.18150000,0.18160000,0.18000000,0.18130000,95196.00000000,BEAMUSDT
2022-09-26 05:45:00,0.18130000,0.18170000,0.18100000,0.18110000,41836.00000000,BEAMUSDT
2022-09-26 06:00:00,0.18110000,0.18170000,0.18040000,0.18050000,35464.00000000,BEAMUSDT
2022-09-26 06:15:00,0.18060000,0.18100000,0.18000000,0.18080000,59717.00000000,BEAMUSDT
2022-09-26 06:30:00,0.18080000,0.18120000,0.18000000,0.18030000,37062.00000000,BEAMUSDT
2022-09-26 06:45:00,0.18040000,0.18050000,0.18010000,0.18020000,21310.00000000,BEAMUSDT
2022-09-26 07:00:00,0.18010000,0.18130000,0.17960000,0.18110000,85053.00000000,BEAMUSDT
2022-09-26 07:15:00,0.18130000,0.18220000,0.18080000,0.18150000,43580.00000000,BEAMUSDT
2022-09-26 07:30:00,0.18150000,0.18210000,0.18150000,0.18210000,20130.00000000,BEAMUSDT
2022-09-26 07:45:00,0.18200000,0.18210000,0.18020000,0.18160000,46558.00000000,BEAMUSDT
2022-09-26 08:00:00,0.18160000,0.18310000,0.18150000,0.18310000,34776.00000000,BEAMUSDT
2022-09-26 08:15:00,0.18320000,0.18430000,0.18270000,0.18420000,53389.00000000,BEAMUSDT
2022-09-26 08:30:00,0.18400000,0.18480000,0.18390000,0.18460000,63996.00000000,BEAMUSDT
2022-09-26 08:45:00,0.18470000,0.18710000,0.18470000,0.18630000,149711.00000000,BEAMUSDT
2022-09-26 09:00:00,0.18610000,0.18650000,0.18500000,0.18570000,50850.00000000,BEAMUSDT
2022-09-26 09:15:00,0.18590000,0.18640000,0.18510000,0.18530000,20258.00000000,BEAMUSDT
2022-09-26 09:30:00,0.18500000,0.18500000,0.18300000,0.18350000,94565.00000000,BEAMUSDT
2022-09-26 09:45:00,0.18330000,0.18330000,0.18080000,0.18240000,156732.00000000,BEAMUSDT
2022-09-26 10:00:00,0.18230000,0.18260000,0.18120000,0.18160000,50108.00000000,BEAMUSDT
2022-09-26 10:15:00,0.18200000,0.18280000,0.18200000,0.18280000,33035.00000000,BEAMUSDT
2022-09-26 10:30:00,0.18300000,0.18330000,0.18070000,0.18160000,71403.00000000,BEAMUSDT
2022-09-26 10:45:00,0.18180000,0.18190000,0.18000000,0.18010000,81642.00000000,BEAMUSDT
2022-09-26 11:00:00,0.18060000,0.18210000,0.18000000,0.18020000,107827.00000000,BEAMUSDT
2022-09-26 11:15:00,0.18040000,0.18050000,0.17870000,0.17900000,123954.00000000,BEAMUSDT
2022-09-26 11:30:00,0.17900000,0.17960000,0.17810000,0.17940000,102101.00000000,BEAMUSDT
2022-09-26 11:45:00,0.17940000,0.18010000,0.17890000,0.17970000,45874.00000000,BEAMUSDT
2022-09-26 12:00:00,0.17960000,0.17990000,0.17920000,0.17970000,23442.00000000,BEAMUSDT
2022-09-26 12:15:00,0.17990000,0.18170000,0.17960000,0.18150000,45823.00000000,BEAMUSDT
2022-09-26 12:30:00,0.18160000,0.18220000,0.18090000,0.18190000,92618.00000000,BEAMUSDT
2022-09-26 12:45:00,0.18200000,0.18310000,0.18190000,0.18230000,62432.00000000,BEAMUSDT
2022-09-26 13:00:00,0.18230000,0.18310000,0.18180000,0.18240000,62763.00000000,BEAMUSDT
2022-09-26 13:15:00,0.18240000,0.18270000,0.18180000,0.18210000,17595.00000000,BEAMUSDT
2022-09-26 13:30:00,0.18230000,0.18370000,0.18230000,0.18340000,39715.00000000,BEAMUSDT
2022-09-26 13:45:00,0.18350000,0.18370000,0.18320000,0.18340000,4670.00000000,BEAMUSDT
2022-09-26 14:00:00,0.18360000,0.18390000,0.18280000,0.18350000,23260.00000000,BEAMUSDT
2022-09-26 14:15:00,0.18320000,0.18460000,0.18320000,0.18410000,24663.00000000,BEAMUSDT
2022-09-26 14:30:00,0.18420000,0.18420000,0.18300000,0.18330000,19524.00000000,BEAMUSDT
2022-09-26 14:45:00,0.18290000,0.18330000,0.18260000,0.18310000,16139.00000000,BEAMUSDT
2022-09-26 15:00:00,0.18290000,0.18390000,0.18290000,0.18360000,37787.00000000,BEAMUSDT
2022-09-26 15:15:00,0.18360000,0.18430000,0.18240000,0.18240000,21272.00000000,BEAMUSDT
2022-09-26 15:30:00,0.18250000,0.18350000,0.18250000,0.18270000,20114.00000000,BEAMUSDT
2022-09-26 15:45:00,0.18260000,0.18320000,0.18260000,0.18320000,5472.00000000,BEAMUSDT
2022-09-26 16:00:00,0.18320000,0.18340000,0.18280000,0.18320000,9248.00000000,BEAMUSDT
2022-09-26 16:15:00,0.18280000,0.18330000,0.18230000,0.18260000,48986.00000000,BEAMUSDT
2022-09-26 16:30:00,0.18250000,0.18260000,0.18170000,0.18260000,41013.00000000,BEAMUSDT
2022-09-26 16:45:00,0.18270000,0.18290000,0.18220000,0.18240000,21304.00000000,BEAMUSDT
2022-09-26 17:00:00,0.18260000,0.18260000,0.18140000,0.18160000,42525.00000000,BEAMUSDT
2022-09-26 17:15:00,0.18130000,0.18170000,0.18130000,0.18170000,4927.00000000,BEAMUSDT
2022-09-26 17:30:00,0.18170000,0.18190000,0.18170000,0.18190000,2233.00000000,BEAMUSDT
2022-09-26 17:45:00,0.18200000,0.18360000,0.18200000,0.18340000,68565.00000000,BEAMUSDT
2022-09-26 18:00:00,0.18340000,0.18390000,0.18340000,0.18370000,5696.00000000,BEAMUSDT
2022-09-26 18:15:00,0.18360000,0.18380000,0.18320000,0.18360000,5988.00000000,BEAMUSDT
2022-09-26 18:30:00,0.18320000,0.18330000,0.18240000,0.18280000,11341.00000000,BEAMUSDT
2022-09-26 18:45:00,0.18300000,0.18370000,0.18300000,0.18370000,10707.00000000,BEAMUSDT
2022-09-26 19:00:00,0.18360000,0.18540000,0.18350000,0.18540000,154203.00000000,BEAMUSDT
2022-09-26 19:15:00,0.18480000,0.18530000,0.18470000,0.18510000,57865.00000000,BEAMUSDT
2022-09-26 19:30:00,0.18490000,0.18570000,0.18480000,0.18550000,58600.00000000,BEAMUSDT
2022-09-26 19:45:00,0.18560000,0.18610000,0.18500000,0.18540000,28033.00000000,BEAMUSDT
2022-09-26 20:00:00,0.18520000,0.18610000,0.18440000,0.18560000,58659.00000000,BEAMUSDT
2022-09-26 20:15:00,0.18550000,0.18620000,0.18490000,0.18540000,51469.00000000,BEAMUSDT
2022-09-26 20:30:00,0.18520000,0.18520000,0.18470000,0.18500000,18117.00000000,BEAMUSDT
2022-09-26 20:45:00,0.18510000,0.18600000,0.18510000,0.18590000,16100.00000000,BEAMUSDT
2022-09-26 21:00:00,0.18560000,0.18600000,0.18520000,0.18580000,7396.00000000,BEAMUSDT
2022-09-26 21:15:00,0.18550000,0.18550000,0.18470000,0.18510000,11823.00000000,BEAMUSDT
2022-09-26 21:30:00,0.18510000,0.18510000,0.18440000,0.18440000,3523.00000000,BEAMUSDT
2022-09-26 21:45:00,0.18440000,0.18460000,0.18420000,0.18440000,2471.00000000,BEAMUSDT
2022-09-26 22:00:00,0.18420000,0.18420000,0.18220000,0.18360000,65531.00000000,BEAMUSDT
2022-09-26 22:15:00,0.18380000,0.18440000,0.18380000,0.18440000,1873.00000000,BEAMUSDT
2022-09-26 22:30:00,0.18420000,0.18510000,0.18400000,0.18440000,23840.00000000,BEAMUSDT
2022-09-26 22:45:00,0.18470000,0.18470000,0.18410000,0.18410000,6266.00000000,BEAMUSDT
2022-09-26 23:00:00,0.18420000,0.18420000,0.18380000,0.18410000,20804.00000000,BEAMUSDT
2022-09-26 23:15:00,0.18440000,0.18530000,0.18440000,0.18510000,3133.00000000,BEAMUSDT
2022-09-26 23:30:00,0.18510000,0.18540000,0.18500000,0.18500000,895.00000000,BEAMUSDT
2022-09-26 23:45:00,0.18500000,0.18520000,0.18460000,0.18520000,1323.00000000,BEAMUSDT
2022-09-27 00:00:00,0.18480000,0.18590000,0.18480000,0.18590000,3691.00000000,BEAMUSDT
2022-09-27 00:15:00,0.18590000,0.18600000,0.18520000,0.18600000,7518.00000000,BEAMUSDT
2022-09-27 00:30:00,0.18560000,0.18600000,0.18510000,0.18510000,14600.00000000,BEAMUSDT
2022-09-27 00:45:00,0.18540000,0.18610000,0.18540000,0.18570000,15721.00000000,BEAMUSDT
2022-09-27 01:00:00,0.18570000,0.18710000,0.18570000,0.18670000,37124.00000000,BEAMUSDT
2022-09-27 01:15:00,0.18660000,0.18760000,0.18630000,0.18760000,29202.00000000,BEAMUSDT
2022-09-27 01:30:00,0.18760000,0.18840000,0.18680000,0.18760000,57852.00000000,BEAMUSDT
2022-09-27 01:45:00,0.18720000,0.18850000,0.18720000,0.18810000,79270.00000000,BEAMUSDT
2022-09-27 02:00:00,0.18750000,0.18810000,0.18740000,0.18780000,39310.00000000,BEAMUSDT
2022-09-27 02:15:00,0.18740000,0.18840000,0.18740000,0.18770000,16705.00000000,BEAMUSDT
2022-09-27 02:30:00,0.18770000,0.18770000,0.18650000,0.18690000,28289.00000000,BEAMUSDT
2022-09-27 02:45:00,0.18710000,0.18910000,0.18710000,0.18860000,40804.00000000,BEAMUSDT
2022-09-27 03:00:00,0.18850000,0.18960000,0.18770000,0.18890000,61554.00000000,BEAMUSDT
2022-09-27 03:15:00,0.18890000,0.19010000,0.18890000,0.18940000,45837.00000000,BEAMUSDT
2022-09-27 03:30:00,0.18930000,0.18930000,0.18840000,0.18900000,25818.00000000,BEAMUSDT
2022-09-27 03:45:00,0.18880000,0.18930000,0.18850000,0.18900000,17459.00000000,BEAMUSDT
2022-09-27 04:00:00,0.18900000,0.18900000,0.18830000,0.18830000,50958.00000000,BEAMUSDT
2022-09-27 04:15:00,0.18850000,0.18900000,0.18810000,0.18900000,48818.00000000,BEAMUSDT
2022-09-27 04:30:00,0.18880000,0.18920000,0.18810000,0.18820000,31376.00000000,BEAMUSDT
2022-09-27 04:45:00,0.18820000,0.18870000,0.18810000,0.18850000,17303.00000000,BEAMUSDT
2022-09-27 05:00:00,0.18850000,0.18900000,0.18820000,0.18900000,38901.00000000,BEAMUSDT
2022-09-27 05:15:00,0.18890000,0.18890000,0.18830000,0.18880000,7153.00000000,BEAMUSDT
2022-09-27 05:30:00,0.18880000,0.18950000,0.18800000,0.18940000,34039.00000000,BEAMUSDT
2022-09-27 05:45:00,0.18950000,0.18950000,0.18870000,0.18930000,11443.00000000,BEAMUSDT
2022-09-27 06:00:00,0.18940000,0.18940000,0.18860000,0.18910000,6816.00000000,BEAMUSDT
2022-09-27 06:15:00,0.18900000,0.19050000,0.18900000,0.18990000,183101.00000000,BEAMUSDT
2022-09-27 06:30:00,0.18970000,0.19000000,0.18940000,0.18990000,73331.00000000,BEAMUSDT
2022-09-27 06:45:00,0.18950000,0.19230000,0.18950000,0.19070000,206824.00000000,BEAMUSDT
2022-09-27 07:00:00,0.19080000,0.19100000,0.18980000,0.19000000,17222.00000000,BEAMUSDT
2022-09-27 07:15:00,0.19000000,0.19020000,0.18960000,0.18960000,23893.00000000,BEAMUSDT
2022-09-27 07:30:00,0.18990000,0.19150000,0.18960000,0.18990000,166044.00000000,BEAMUSDT
2022-09-27 07:45:00,0.19000000,0.19050000,0.18970000,0.18970000,4407.00000000,BEAMUSDT
2022-09-27 08:00:00,0.18990000,0.19070000,0.18970000,0.19040000,15794.00000000,BEAMUSDT
2022-09-27 08:15:00,0.19020000,0.19040000,0.18970000,0.19040000,8722.00000000,BEAMUSDT
2022-09-27 08:30:00,0.19000000,0.19130000,0.19000000,0.19070000,24898.00000000,BEAMUSDT
2022-09-27 08:45:00,0.19040000,0.19040000,0.18940000,0.18940000,43620.00000000,BEAMUSDT
2022-09-27 09:00:00,0.18930000,0.19000000,0.18890000,0.18920000,40226.00000000,BEAMUSDT
2022-09-27 09:15:00,0.18910000,0.18960000,0.18860000,0.18860000,22588.00000000,BEAMUSDT
2022-09-27 09:30:00,0.18900000,0.18990000,0.18880000,0.18930000,29000.00000000,BEAMUSDT
2022-09-27 09:45:00,0.18950000,0.19010000,0.18910000,0.18950000,19505.00000000,BEAMUSDT
2022-09-27 10:00:00,0.18990000,0.19020000,0.18920000,0.19020000,124960.00000000,BEAMUSDT
2022-09-27 10:15:00,0.19030000,0.19070000,0.18970000,0.19070000,7161.00000000,BEAMUSDT
2022-09-27 10:30:00,0.19080000,0.19150000,0.19060000,0.19110000,14270.00000000,BEAMUSDT
2022-09-27 10:45:00,0.19090000,0.19110000,0.19030000,0.19090000,30752.00000000,BEAMUSDT
2022-09-27 11:00:00,0.19100000,0.19220000,0.19080000,0.19100000,58256.00000000,BEAMUSDT
2022-09-27 11:15:00,0.19080000,0.19080000,0.19000000,0.19020000,11149.00000000,BEAMUSDT
2022-09-27 11:30:00,0.19060000,0.19120000,0.18980000,0.19120000,64424.00000000,BEAMUSDT
2022-09-27 11:45:00,0.19090000,0.19090000,0.19010000,0.19030000,26481.00000000,BEAMUSDT
2022-09-27 12:00:00,0.19000000,0.19190000,0.18980000,0.19050000,66755.00000000,BEAMUSDT
2022-09-27 12:15:00,0.19070000,0.19130000,0.19000000,0.19020000,28793.00000000,BEAMUSDT
2022-09-27 12:30:00,0.19070000,0.19090000,0.19010000,0.19080000,17650.00000000,BEAMUSDT
2022-09-27 12:45:00,0.19090000,0.19120000,0.19020000,0.19020000,31905.00000000,BEAMUSDT
2022-09-27 13:00:00,0.19030000,0.19030000,0.18900000,0.18910000,35677.00000000,BEAMUSDT
2022-09-27 13:15:00,0.18920000,0.18990000,0.18900000,0.18990000,36531.00000000,BEAMUSDT
2022-09-27 13:30:00,0.18980000,0.19150000,0.18980000,0.19060000,33301.00000000,BEAMUSDT
2022-09-27 13:45:00,0.19100000,0.19120000,0.19010000,0.19070000,61904.00000000,BEAMUSDT
2022-09-27 14:00:00,0.19040000,0.19090000,0.18940000,0.19020000,53424.00000000,BEAMUSDT
2022-09-27 14:15:00,0.19030000,0.19140000,0.18950000,0.18980000,28573.00000000,BEAMUSDT
2022-09-27 14:30:00,0.19020000,0.19090000,0.18980000,0.19090000,18103.00000000,BEAMUSDT
2022-09-27 14:45:00,0.19060000,0.19090000,0.19020000,0.19020000,25008.00000000,BEAMUSDT
2022-09-27 15:00:00,0.19020000,0.19080000,0.18970000,0.19030000,15261.00000000,BEAMUSDT
2022-09-27 15:15:00,0.19000000,0.19000000,0.18840000,0.18860000,107298.00000000,BEAMUSDT
2022-09-27 15:30:00,0.18860000,0.18910000,0.18840000,0.18850000,31119.00000000,BEAMUSDT
2022-09-27 15:45:00,0.18890000,0.18900000,0.18800000,0.18800000,11717.00000000,BEAMUSDT
2022-09-27 16:00:00,0.18800000,0.18850000,0.18580000,0.18590000,102056.00000000,BEAMUSDT
2022-09-27 16:15:00,0.18580000,0.18600000,0.18350000,0.18490000,154581.00000000,BEAMUSDT
2022-09-27 16:30:00,0.18440000,0.18440000,0.18100000,0.18250000,242873.00000000,BEAMUSDT
2022-09-27 16:45:00,0.18240000,0.18340000,0.18060000,0.18240000,104938.00000000,BEAMUSDT
2022-09-27 17:00:00,0.18240000,0.18290000,0.18130000,0.18220000,66802.00000000,BEAMUSDT
2022-09-27 17:15:00,0.18200000,0.18270000,0.18060000,0.18090000,68041.00000000,BEAMUSDT
2022-09-27 17:30:00,0.18160000,0.18250000,0.18100000,0.18100000,20975.00000000,BEAMUSDT
2022-09-27 17:45:00,0.18100000,0.18170000,0.18090000,0.18120000,24605.00000000,BEAMUSDT
2022-09-27 18:00:00,0.18130000,0.18210000,0.18080000,0.18150000,20612.00000000,BEAMUSDT
2022-09-27 18:15:00,0.18150000,0.18150000,0.17940000,0.18040000,102197.00000000,BEAMUSDT
2022-09-27 18:30:00,0.18080000,0.18210000,0.18050000,0.18170000,20777.00000000,BEAMUSDT
2022-09-27 18:45:00,0.18170000,0.18270000,0.18150000,0.18180000,33923.00000000,BEAMUSDT
2022-09-27 19:00:00,0.18170000,0.18220000,0.18120000,0.18220000,19621.00000000,BEAMUSDT
2022-09-27 19:15:00,0.18170000,0.18170000,0.18080000,0.18080000,6620.00000000,BEAMUSDT
2022-09-27 19:30:00,0.18080000,0.18260000,0.18020000,0.18260000,115458.00000000,BEAMUSDT
2022-09-27 19:45:00,0.18260000,0.18490000,0.18260000,0.18400000,87947.00000000,BEAMUSDT
2022-09-27 20:00:00,0.18340000,0.18410000,0.18290000,0.18340000,14493.00000000,BEAMUSDT
2022-09-27 20:15:00,0.18340000,0.18500000,0.18260000,0.18450000,41836.00000000,BEAMUSDT
2022-09-27 20:30:00,0.18430000,0.18460000,0.18370000,0.18370000,10018.00000000,BEAMUSDT
2022-09-27 20:45:00,0.18370000,0.18440000,0.18320000,0.18440000,11009.00000000,BEAMUSDT
2022-09-27 21:00:00,0.18430000,0.18440000,0.18380000,0.18380000,11866.00000000,BEAMUSDT
2022-09-27 21:15:00,0.18390000,0.18390000,0.18380000,0.18390000,277.00000000,BEAMUSDT
2022-09-27 21:30:00,0.18360000,0.18430000,0.18350000,0.18430000,2169.00000000,BEAMUSDT
2022-09-27 21:45:00,0.18380000,0.18400000,0.18380000,0.18400000,927.00000000,BEAMUSDT
2022-09-27 22:00:00,0.18400000,0.18450000,0.18400000,0.18450000,4194.00000000,BEAMUSDT
2022-09-27 22:15:00,0.18430000,0.18450000,0.18360000,0.18450000,6028.00000000,BEAMUSDT
2022-09-27 22:30:00,0.18440000,0.18450000,0.18340000,0.18340000,12391.00000000,BEAMUSDT
2022-09-27 22:45:00,0.18350000,0.18490000,0.18350000,0.18440000,12407.00000000,BEAMUSDT
2022-09-27 23:00:00,0.18440000,0.18440000,0.18380000,0.18390000,4586.00000000,BEAMUSDT
2022-09-27 23:15:00,0.18370000,0.18370000,0.18370000,0.18370000,136.00000000,BEAMUSDT
2022-09-27 23:30:00,0.18390000,0.18410000,0.18390000,0.18410000,1054.00000000,BEAMUSDT
2022-09-27 23:45:00,0.18450000,0.18450000,0.18410000,0.18410000,2145.00000000,BEAMUSDT
2022-09-28 00:00:00,0.18430000,0.18470000,0.18390000,0.18470000,2380.00000000,BEAMUSDT
2022-09-28 00:15:00,0.18460000,0.18510000,0.18440000,0.18510000,4496.00000000,BEAMUSDT
2022-09-28 00:30:00,0.18500000,0.18500000,0.18430000,0.18430000,11486.00000000,BEAMUSDT
2022-09-28 00:45:00,0.18430000,0.18430000,0.18410000,0.18430000,1844.00000000,BEAMUSDT
2022-09-28 01:00:00,0.18470000,0.18500000,0.18430000,0.18500000,12219.00000000,BEAMUSDT
2022-09-28 01:15:00,0.18500000,0.18500000,0.18280000,0.18280000,18708.00000000,BEAMUSDT
2022-09-28 01:30:00,0.18280000,0.18290000,0.18170000,0.18190000,22845.00000000,BEAMUSDT
2022-09-28 01:45:00,0.18220000,0.18220000,0.18170000,0.18220000,5600.00000000,BEAMUSDT
2022-09-28 02:00:00,0.18230000,0.18260000,0.18140000,0.18160000,36499.00000000,BEAMUSDT
2022-09-28 02:15:00,0.18130000,0.18130000,0.17960000,0.18010000,23783.00000000,BEAMUSDT
2022-09-28 02:30:00,0.17960000,0.18090000,0.17900000,0.17950000,66186.00000000,BEAMUSDT
2022-09-28 02:45:00,0.17940000,0.18000000,0.17920000,0.17950000,8750.00000000,BEAMUSDT
2022-09-28 03:00:00,0.17990000,0.18120000,0.17980000,0.18080000,9884.00000000,BEAMUSDT
2022-09-28 03:15:00,0.18120000,0.18120000,0.18120000,0.18120000,1379.00000000,BEAMUSDT
2022-09-28 03:30:00,0.18120000,0.18140000,0.18060000,0.18060000,15130.00000000,BEAMUSDT
2022-09-28 03:45:00,0.18080000,0.18130000,0.18070000,0.18130000,3770.00000000,BEAMUSDT
2022-09-28 04:00:00,0.18130000,0.18130000,0.18090000,0.18090000,1767.00000000,BEAMUSDT
2022-09-28 04:15:00,0.18110000,0.18190000,0.18110000,0.18190000,13817.00000000,BEAMUSDT
2022-09-28 04:30:00,0.18170000,0.18220000,0.18170000,0.18220000,20061.00000000,BEAMUSDT
2022-09-28 04:45:00,0.18160000,0.18220000,0.18150000,0.18190000,5497.00000000,BEAMUSDT
2022-09-28 05:00:00,0.18180000,0.18180000,0.18090000,0.18090000,5395.00000000,BEAMUSDT
2022-09-28 05:15:00,0.18090000,0.18150000,0.18090000,0.18150000,4944.00000000,BEAMUSDT
2022-09-28 05:30:00,0.18140000,0.18210000,0.18130000,0.18210000,3014.00000000,BEAMUSDT
2022-09-28 05:45:00,0.18230000,0.18270000,0.18230000,0.18260000,10031.00000000,BEAMUSDT
2022-09-28 06:00:00,0.18240000,0.18270000,0.18200000,0.18200000,2246.00000000,BEAMUSDT
2022-09-28 06:15:00,0.18230000,0.18270000,0.18190000,0.18270000,3907.00000000,BEAMUSDT
2022-09-28 06:30:00,0.18220000,0.18360000,0.18170000,0.18220000,20764.00000000,BEAMUSDT
2022-09-28 06:45:00,0.18200000,0.18200000,0.18110000,0.18190000,31145.00000000,BEAMUSDT
2022-09-28 07:00:00,0.18150000,0.18150000,0.17900000,0.17970000,64721.00000000,BEAMUSDT
2022-09-28 07:15:00,0.18030000,0.18040000,0.17960000,0.18030000,16984.00000000,BEAMUSDT
2022-09-28 07:30:00,0.18000000,0.18050000,0.18000000,0.18040000,5490.00000000,BEAMUSDT
2022-09-28 07:45:00,0.18040000,0.18060000,0.18030000,0.18060000,1243.00000000,BEAMUSDT
2022-09-28 08:00:00,0.18060000,0.18070000,0.18060000,0.18070000,7653.00000000,BEAMUSDT
2022-09-28 08:15:00,0.18040000,0.18050000,0.17970000,0.17970000,7251.00000000,BEAMUSDT
2022-09-28 08:30:00,0.17980000,0.18030000,0.17980000,0.17990000,3713.00000000,BEAMUSDT
2022-09-28 08:45:00,0.17980000,0.18080000,0.17980000,0.18080000,7802.00000000,BEAMUSDT
2022-09-28 09:00:00,0.18050000,0.18060000,0.17960000,0.17960000,24475.00000000,BEAMUSDT
2022-09-28 09:15:00,0.17980000,0.18010000,0.17890000,0.18010000,54413.00000000,BEAMUSDT
2022-09-28 09:30:00,0.18030000,0.18110000,0.17980000,0.18010000,22991.00000000,BEAMUSDT
2022-09-28 09:45:00,0.18060000,0.18220000,0.17970000,0.18100000,114826.00000000,BEAMUSDT
2022-09-28 10:00:00,0.18100000,0.18160000,0.17990000,0.18160000,97371.00000000,BEAMUSDT
2022-09-28 10:15:00,0.18160000,0.18290000,0.18160000,0.18210000,29973.00000000,BEAMUSDT
2022-09-28 10:30:00,0.18200000,0.18310000,0.18150000,0.18230000,37897.00000000,BEAMUSDT
2022-09-28 10:45:00,0.18220000,0.18270000,0.18170000,0.18210000,24785.00000000,BEAMUSDT
2022-09-28 11:00:00,0.18180000,0.18230000,0.18070000,0.18070000,60369.00000000,BEAMUSDT
2022-09-28 11:15:00,0.18070000,0.18100000,0.18010000,0.18020000,28768.00000000,BEAMUSDT
2022-09-28 11:30:00,0.18010000,0.18090000,0.17980000,0.18000000,33115.00000000,BEAMUSDT
2022-09-28 11:45:00,0.18000000,0.18090000,0.18000000,0.18030000,16683.00000000,BEAMUSDT
2022-09-28 12:00:00,0.18060000,0.18140000,0.18040000,0.18040000,19669.00000000,BEAMUSDT
2022-09-28 12:15:00,0.18040000,0.18140000,0.18020000,0.18130000,30385.00000000,BEAMUSDT
2022-09-28 12:30:00,0.18100000,0.18200000,0.18090000,0.18160000,12695.00000000,BEAMUSDT
2022-09-28 12:45:00,0.18160000,0.18180000,0.18130000,0.18130000,7341.00000000,BEAMUSDT
2022-09-28 13:00:00,0.18130000,0.18160000,0.18100000,0.18120000,6215.00000000,BEAMUSDT
2022-09-28 13:15:00,0.18120000,0.18220000,0.18120000,0.18180000,5537.00000000,BEAMUSDT
2022-09-28 13:30:00,0.18170000,0.18240000,0.18120000,0.18140000,15437.00000000,BEAMUSDT
2022-09-28 13:45:00,0.18150000,0.18230000,0.18130000,0.18170000,7492.00000000,BEAMUSDT
2022-09-28 14:00:00,0.18170000,0.18230000,0.18120000,0.18160000,14474.00000000,BEAMUSDT
2022-09-28 14:15:00,0.18150000,0.18300000,0.18120000,0.18300000,17300.00000000,BEAMUSDT
2022-09-28 14:30:00,0.18260000,0.18300000,0.18220000,0.18280000,23184.00000000,BEAMUSDT
2022-09-28 14:45:00,0.18280000,0.18440000,0.18280000,0.18300000,28939.00000000,BEAMUSDT
2022-09-28 15:00:00,0.18300000,0.18380000,0.18300000,0.18300000,33955.00000000,BEAMUSDT
2022-09-28 15:15:00,0.18300000,0.18360000,0.18300000,0.18300000,16123.00000000,BEAMUSDT
2022-09-28 15:30:00,0.18300000,0.18350000,0.18240000,0.18240000,11081.00000000,BEAMUSDT
2022-09-28 15:45:00,0.18240000,0.18350000,0.18240000,0.18300000,25171.00000000,BEAMUSDT
2022-09-28 16:00:00,0.18300000,0.18430000,0.18300000,0.18390000,20039.00000000,BEAMUSDT
2022-09-28 16:15:00,0.18390000,0.18400000,0.18300000,0.18310000,28040.00000000,BEAMUSDT
2022-09-28 16:30:00,0.18310000,0.18390000,0.18310000,0.18330000,12161.00000000,BEAMUSDT
2022-09-28 16:45:00,0.18320000,0.18390000,0.18310000,0.18360000,14660.00000000,BEAMUSDT
2022-09-28 17:00:00,0.18320000,0.18390000,0.18290000,0.18380000,33959.00000000,BEAMUSDT
2022-09-28 17:15:00,0.18380000,0.18400000,0.18290000,0.18300000,35249.00000000,BEAMUSDT
2022-09-28 17:30:00,0.18280000,0.18300000,0.18200000,0.18220000,33023.00000000,BEAMUSDT
2022-09-28 17:45:00,0.18200000,0.18230000,0.18120000,0.18220000,39521.00000000,BEAMUSDT
2022-09-28 18:00:00,0.18220000,0.18270000,0.18190000,0.18230000,41922.00000000,BEAMUSDT
2022-09-28 18:15:00,0.18250000,0.18250000,0.18190000,0.18220000,5580.00000000,BEAMUSDT
2022-09-28 18:30:00,0.18220000,0.18290000,0.18200000,0.18200000,24382.00000000,BEAMUSDT
2022-09-28 18:45:00,0.18200000,0.18260000,0.18190000,0.18240000,15634.00000000,BEAMUSDT
2022-09-28 19:00:00,0.18240000,0.18270000,0.18220000,0.18230000,11766.00000000,BEAMUSDT
2022-09-28 19:15:00,0.18230000,0.18240000,0.18180000,0.18190000,19109.00000000,BEAMUSDT
2022-09-28 19:30:00,0.18180000,0.18250000,0.18180000,0.18240000,12621.00000000,BEAMUSDT
2022-09-28 19:45:00,0.18240000,0.18380000,0.18240000,0.18280000,19613.00000000,BEAMUSDT
2022-09-28 20:00:00,0.18280000,0.18360000,0.18270000,0.18320000,25302.00000000,BEAMUSDT
2022-09-28 20:15:00,0.18320000,0.18320000,0.18230000,0.18230000,98199.00000000,BEAMUSDT
2022-09-28 20:30:00,0.18230000,0.18280000,0.18200000,0.18280000,16637.00000000,BEAMUSDT
2022-09-28 20:45:00,0.18250000,0.18350000,0.18250000,0.18350000,5093.00000000,BEAMUSDT
2022-09-28 21:00:00,0.18310000,0.18370000,0.18290000,0.18330000,27508.00000000,BEAMUSDT
2022-09-28 21:15:00,0.18320000,0.18390000,0.18320000,0.18360000,3182.00000000,BEAMUSDT
2022-09-28 21:30:00,0.18380000,0.18390000,0.18360000,0.18360000,4441.00000000,BEAMUSDT
2022-09-28 21:45:00,0.18340000,0.18340000,0.18290000,0.18290000,2425.00000000,BEAMUSDT
2022-09-28 22:00:00,0.18300000,0.18340000,0.18280000,0.18340000,2381.00000000,BEAMUSDT
2022-09-28 22:15:00,0.18320000,0.18390000,0.18320000,0.18390000,13934.00000000,BEAMUSDT
2022-09-28 22:30:00,0.18390000,0.18410000,0.18330000,0.18400000,5698.00000000,BEAMUSDT
2022-09-28 22:45:00,0.18360000,0.18360000,0.18340000,0.18350000,979.00000000,BEAMUSDT
2022-09-28 23:00:00,0.18360000,0.18560000,0.18350000,0.18450000,48663.00000000,BEAMUSDT
2022-09-28 23:15:00,0.18470000,0.18520000,0.18460000,0.18520000,3101.00000000,BEAMUSDT
2022-09-28 23:30:00,0.18450000,0.18460000,0.18420000,0.18460000,17959.00000000,BEAMUSDT
2022-09-28 23:45:00,0.18440000,0.18440000,0.18260000,0.18290000,71596.00000000,BEAMUSDT
2022-09-29 00:00:00,0.18360000,0.18390000,0.18360000,0.18380000,3064.00000000,BEAMUSDT
2022-09-29 00:15:00,0.18400000,0.18440000,0.18340000,0.18340000,9716.00000000,BEAMUSDT
2022-09-29 00:30:00,0.18380000,0.18380000,0.18280000,0.18280000,35897.00000000,BEAMUSDT
2022-09-29 00:45:00,0.18270000,0.18280000,0.18230000,0.18230000,10109.00000000,BEAMUSDT
2022-09-29 01:00:00,0.18260000,0.18270000,0.18260000,0.18260000,4297.00000000,BEAMUSDT
2022-09-29 01:15:00,0.18270000,0.18270000,0.18230000,0.18270000,25160.00000000,BEAMUSDT
2022-09-29 01:30:00,0.18330000,0.18420000,0.18330000,0.18420000,9651.00000000,BEAMUSDT
2022-09-29 01:45:00,0.18400000,0.18400000,0.18400000,0.18400000,1228.00000000,BEAMUSDT
2022-09-29 02:00:00,0.18390000,0.18420000,0.18250000,0.18280000,44819.00000000,BEAMUSDT
2022-09-29 02:15:00,0.18320000,0.18320000,0.18250000,0.18250000,8136.00000000,BEAMUSDT
2022-09-29 02:30:00,0.18280000,0.18320000,0.18280000,0.18310000,10091.00000000,BEAMUSDT
2022-09-29 02:45:00,0.18370000,0.18370000,0.18320000,0.18320000,1869.00000000,BEAMUSDT
2022-09-29 03:00:00,0.18310000,0.18390000,0.18300000,0.18390000,10866.00000000,BEAMUSDT
2022-09-29 03:15:00,0.18400000,0.18410000,0.18400000,0.18400000,1352.00000000,BEAMUSDT
2022-09-29 03:30:00,0.18400000,0.18440000,0.18370000,0.18440000,11179.00000000,BEAMUSDT
2022-09-29 03:45:00,0.18460000,0.18500000,0.18380000,0.18470000,1875.00000000,BEAMUSDT
2022-09-29 04:00:00,0.18470000,0.18500000,0.18390000,0.18460000,10258.00000000,BEAMUSDT
2022-09-29 04:15:00,0.18460000,0.18480000,0.18440000,0.18480000,2670.00000000,BEAMUSDT
2022-09-29 04:30:00,0.18480000,0.18490000,0.18450000,0.18490000,5688.00000000,BEAMUSDT
2022-09-29 04:45:00,0.18470000,0.18500000,0.18380000,0.18460000,28278.00000000,BEAMUSDT
2022-09-29 05:00:00,0.18400000,0.18400000,0.18340000,0.18340000,14901.00000000,BEAMUSDT
2022-09-29 05:15:00,0.18340000,0.18340000,0.18280000,0.18290000,7802.00000000,BEAMUSDT
2022-09-29 05:30:00,0.18330000,0.18350000,0.18270000,0.18290000,6681.00000000,BEAMUSDT
2022-09-29 05:45:00,0.18270000,0.18330000,0.18260000,0.18270000,39172.00000000,BEAMUSDT
2022-09-29 06:00:00,0.18310000,0.18310000,0.18260000,0.18260000,3478.00000000,BEAMUSDT
2022-09-29 06:15:00,0.18260000,0.18310000,0.18170000,0.18230000,43165.00000000,BEAMUSDT
2022-09-29 06:30:00,0.18250000,0.18280000,0.18230000,0.18260000,989.00000000,BEAMUSDT
2022-09-29 06:45:00,0.18260000,0.18320000,0.18260000,0.18320000,7456.00000000,BEAMUSDT
2022-09-29 07:00:00,0.18300000,0.18300000,0.18250000,0.18280000,26714.00000000,BEAMUSDT
2022-09-29 07:15:00,0.18260000,0.18290000,0.18230000,0.18280000,7936.00000000,BEAMUSDT
2022-09-29 07:30:00,0.18270000,0.18360000,0.18250000,0.18350000,51809.00000000,BEAMUSDT
2022-09-29 07:45:00,0.18350000,0.18350000,0.18310000,0.18340000,30250.00000000,BEAMUSDT
2022-09-29 08:00:00,0.18350000,0.18430000,0.18280000,0.18410000,40008.00000000,BEAMUSDT
2022-09-29 08:15:00,0.18360000,0.18410000,0.18330000,0.18350000,12674.00000000,BEAMUSDT
2022-09-29 08:30:00,0.18310000,0.18350000,0.18260000,0.18280000,16990.00000000,BEAMUSDT
2022-09-29 08:45:00,0.18300000,0.18330000,0.18280000,0.18330000,677.00000000,BEAMUSDT
2022-09-29 09:00:00,0.18280000,0.18400000,0.18280000,0.18400000,2902.00000000,BEAMUSDT
2022-09-29 09:15:00,0.18390000,0.18630000,0.18390000,0.18580000,78355.00000000,BEAMUSDT
2022-09-29 09:30:00,0.18580000,0.18640000,0.18490000,0.18500000,62039.00000000,BEAMUSDT
2022-09-29 09:45:00,0.18520000,0.18560000,0.18510000,0.18510000,9728.00000000,BEAMUSDT
2022-09-29 10:00:00,0.18540000,0.18540000,0.18510000,0.18510000,13742.00000000,BEAMUSDT
2022-09-29 10:15:00,0.18480000,0.18480000,0.18440000,0.18470000,7367.00000000,BEAMUSDT
2022-09-29 10:30:00,0.18500000,0.18510000,0.18430000,0.18450000,15088.00000000,BEAMUSDT
2022-09-29 10:45:00,0.18450000,0.18490000,0.18450000,0.18490000,462.00000000,BEAMUSDT
2022-09-29 11:00:00,0.18510000,0.18700000,0.18440000,0.18700000,120761.00000000,BEAMUSDT
2022-09-29 11:15:00,0.18700000,0.18870000,0.18550000,0.18660000,173930.00000000,BEAMUSDT
2022-09-29 11:30:00,0.18680000,0.18800000,0.18650000,0.18650000,51350.00000000,BEAMUSDT
2022-09-29 11:45:00,0.18700000,0.18700000,0.18620000,0.18630000,29456.00000000,BEAMUSDT
2022-09-29 12:00:00,0.18680000,0.18680000,0.18570000,0.18600000,58671.00000000,BEAMUSDT
2022-09-29 12:15:00,0.18600000,0.18600000,0.18520000,0.18600000,64869.00000000,BEAMUSDT
2022-09-29 12:30:00,0.18550000,0.18600000,0.18120000,0.18350000,165029.00000000,BEAMUSDT
2022-09-29 12:45:00,0.18380000,0.18430000,0.18350000,0.18380000,46005.00000000,BEAMUSDT
2022-09-29 13:00:00,0.18380000,0.18490000,0.18360000,0.18470000,25674.00000000,BEAMUSDT
2022-09-29 13:15:00,0.18440000,0.18480000,0.18420000,0.18480000,11286.00000000,BEAMUSDT
2022-09-29 13:30:00,0.18440000,0.18460000,0.18120000,0.18160000,82785.00000000,BEAMUSDT
2022-09-29 13:45:00,0.18160000,0.18210000,0.18080000,0.18200000,80268.00000000,BEAMUSDT
2022-09-29 14:00:00,0.18170000,0.18180000,0.18150000,0.18150000,10705.00000000,BEAMUSDT
2022-09-29 14:15:00,0.18150000,0.18200000,0.18130000,0.18170000,23954.00000000,BEAMUSDT
2022-09-29 14:30:00,0.18200000,0.18380000,0.18140000,0.18360000,40610.00000000,BEAMUSDT
2022-09-29 14:45:00,0.18360000,0.18470000,0.18270000,0.18470000,50827.00000000,BEAMUSDT
2022-09-29 15:00:00,0.18440000,0.18440000,0.18340000,0.18430000,51325.00000000,BEAMUSDT
2022-09-29 15:15:00,0.18430000,0.18450000,0.18340000,0.18340000,13040.00000000,BEAMUSDT
2022-09-29 15:30:00,0.18350000,0.18410000,0.18340000,0.18400000,35875.00000000,BEAMUSDT
2022-09-29 15:45:00,0.18360000,0.18440000,0.18360000,0.18420000,2957.00000000,BEAMUSDT
2022-09-29 16:00:00,0.18420000,0.18460000,0.18390000,0.18390000,19759.00000000,BEAMUSDT
2022-09-29 16:15:00,0.18380000,0.18540000,0.18330000,0.18330000,92542.00000000,BEAMUSDT
2022-09-29 16:30:00,0.18330000,0.18530000,0.18330000,0.18470000,22924.00000000,BEAMUSDT
2022-09-29 16:45:00,0.18540000,0.18570000,0.18430000,0.18430000,13365.00000000,BEAMUSDT
2022-09-29 17:00:00,0.18430000,0.18430000,0.18320000,0.18410000,12521.00000000,BEAMUSDT
2022-09-29 17:15:00,0.18440000,0.18470000,0.18340000,0.18400000,14103.00000000,BEAMUSDT
2022-09-29 17:30:00,0.18380000,0.18380000,0.18380000,0.18380000,73.00000000,BEAMUSDT
2022-09-29 17:45:00,0.18370000,0.18370000,0.18300000,0.18300000,1358.00000000,BEAMUSDT
2022-09-29 18:00:00,0.18260000,0.18330000,0.18240000,0.18300000,21262.00000000,BEAMUSDT
2022-09-29 18:15:00,0.18320000,0.18360000,0.18320000,0.18360000,11301.00000000,BEAMUSDT
2022-09-29 18:30:00,0.18380000,0.18460000,0.18340000,0.18430000,18025.00000000,BEAMUSDT
2022-09-29 18:45:00,0.18390000,0.18390000,0.18300000,0.18350000,19243.00000000,BEAMUSDT
2022-09-29 19:00:00,0.18350000,0.18390000,0.18350000,0.18350000,25377.00000000,BEAMUSDT
2022-09-29 19:15:00,0.18410000,0.18410000,0.18350000,0.18350000,2402.00000000,BEAMUSDT
2022-09-29 19:30:00,0.18370000,0.18400000,0.18370000,0.18390000,2804.00000000,BEAMUSDT
2022-09-29 19:45:00,0.18390000,0.18420000,0.18350000,0.18350000,7303.00000000,BEAMUSDT
2022-09-29 20:00:00,0.18340000,0.18340000,0.18340000,0.18340000,3488.00000000,BEAMUSDT
2022-09-29 20:15:00,0.18370000,0.18380000,0.18350000,0.18350000,2030.00000000,BEAMUSDT
2022-09-29 20:30:00,0.18340000,0.18350000,0.18310000,0.18350000,9095.00000000,BEAMUSDT
2022-09-29 20:45:00,0.18360000,0.18380000,0.18330000,0.18330000,31058.00000000,BEAMUSDT
2022-09-29 21:00:00,0.18390000,0.18400000,0.18380000,0.18390000,1549.00000000,BEAMUSDT
2022-09-29 21:15:00,0.18390000,0.18390000,0.18390000,0.18390000,3118.00000000,BEAMUSDT
2022-09-29 21:30:00,0.18390000,0.18500000,0.18390000,0.18450000,19434.00000000,BEAMUSDT
2022-09-29 21:45:00,0.18470000,0.18510000,0.18420000,0.18420000,13502.00000000,BEAMUSDT
2022-09-29 22:00:00,0.18440000,0.18490000,0.18440000,0.18460000,332.00000000,BEAMUSDT
2022-09-29 22:15:00,0.18440000,0.18490000,0.18420000,0.18470000,931.00000000,BEAMUSDT
2022-09-29 22:30:00,0.18460000,0.18470000,0.18390000,0.18450000,11551.00000000,BEAMUSDT
2022-09-29 22:45:00,0.18390000,0.18450000,0.18360000,0.18360000,3835.00000000,BEAMUSDT
2022-09-29 23:00:00,0.18360000,0.18360000,0.18360000,0.18360000,74.00000000,BEAMUSDT
2022-09-29 23:15:00,0.18380000,0.18390000,0.18370000,0.18390000,1568.00000000,BEAMUSDT
2022-09-29 23:30:00,0.18400000,0.18400000,0.18390000,0.18390000,6332.00000000,BEAMUSDT
2022-09-29 23:45:00,0.18420000,0.18420000,0.18390000,0.18400000,12669.00000000,BEAMUSDT
2022-09-30 00:00:00,0.18400000,0.18410000,0.18370000,0.18410000,16863.00000000,BEAMUSDT
2022-09-30 00:15:00,0.18380000,0.18390000,0.18230000,0.18320000,56953.00000000,BEAMUSDT
2022-09-30 00:30:00,0.18330000,0.18440000,0.18250000,0.18250000,34875.00000000,BEAMUSDT
2022-09-30 00:45:00,0.18290000,0.18380000,0.18280000,0.18330000,11418.00000000,BEAMUSDT
2022-09-30 01:00:00,0.18340000,0.18350000,0.18250000,0.18350000,31873.00000000,BEAMUSDT
2022-09-30 01:15:00,0.18300000,0.18300000,0.18260000,0.18280000,3787.00000000,BEAMUSDT
2022-09-30 01:30:00,0.18280000,0.18510000,0.18250000,0.18330000,42054.00000000,BEAMUSDT
2022-09-30 01:45:00,0.18360000,0.18450000,0.18360000,0.18430000,3617.00000000,BEAMUSDT
2022-09-30 02:00:00,0.18390000,0.18400000,0.18370000,0.18400000,1198.00000000,BEAMUSDT
2022-09-30 02:15:00,0.18360000,0.18370000,0.18330000,0.18330000,1344.00000000,BEAMUSDT
2022-09-30 02:30:00,0.18330000,0.18340000,0.18330000,0.18340000,897.00000000,BEAMUSDT
2022-09-30 02:45:00,0.18370000,0.18380000,0.18370000,0.18380000,599.00000000,BEAMUSDT
2022-09-30 03:00:00,0.18350000,0.18430000,0.18340000,0.18370000,17400.00000000,BEAMUSDT
2022-09-30 03:15:00,0.18360000,0.18370000,0.18310000,0.18360000,19375.00000000,BEAMUSDT
2022-09-30 03:30:00,0.18300000,0.18300000,0.18240000,0.18240000,14356.00000000,BEAMUSDT
2022-09-30 03:45:00,0.18240000,0.18260000,0.18210000,0.18260000,31311.00000000,BEAMUSDT
2022-09-30 04:00:00,0.18260000,0.18270000,0.18240000,0.18240000,982.00000000,BEAMUSDT
2022-09-30 04:15:00,0.18270000,0.18290000,0.18260000,0.18290000,2424.00000000,BEAMUSDT
2022-09-30 04:30:00,0.18280000,0.18310000,0.18260000,0.18310000,5837.00000000,BEAMUSDT
2022-09-30 04:45:00,0.18290000,0.18290000,0.18250000,0.18250000,1723.00000000,BEAMUSDT
2022-09-30 05:00:00,0.18300000,0.18330000,0.18300000,0.18320000,886.00000000,BEAMUSDT
2022-09-30 05:15:00,0.18310000,0.18320000,0.18310000,0.18320000,2306.00000000,BEAMUSDT
2022-09-30 05:30:00,0.18330000,0.18330000,0.18280000,0.18300000,7215.00000000,BEAMUSDT
2022-09-30 05:45:00,0.18330000,0.18360000,0.18330000,0.18330000,6171.00000000,BEAMUSDT
2022-09-30 06:00:00,0.18320000,0.18330000,0.18300000,0.18320000,940.00000000,BEAMUSDT
2022-09-30 06:15:00,0.18320000,0.18320000,0.18280000,0.18280000,1197.00000000,BEAMUSDT
2022-09-30 06:30:00,0.18290000,0.18330000,0.18270000,0.18280000,1450.00000000,BEAMUSDT
2022-09-30 06:45:00,0.18300000,0.18350000,0.18240000,0.18330000,38448.00000000,BEAMUSDT
2022-09-30 07:00:00,0.18320000,0.18350000,0.18260000,0.18340000,35523.00000000,BEAMUSDT
2022-09-30 07:15:00,0.18330000,0.18350000,0.18290000,0.18350000,24312.00000000,BEAMUSDT
2022-09-30 07:30:00,0.18350000,0.18370000,0.18310000,0.18330000,3356.00000000,BEAMUSDT
2022-09-30 07:45:00,0.18330000,0.18370000,0.18320000,0.18330000,5718.00000000,BEAMUSDT
2022-09-30 08:00:00,0.18340000,0.18400000,0.18300000,0.18360000,68754.00000000,BEAMUSDT
2022-09-30 08:15:00,0.18360000,0.18420000,0.18330000,0.18420000,17100.00000000,BEAMUSDT
2022-09-30 08:30:00,0.18420000,0.18430000,0.18350000,0.18400000,43401.00000000,BEAMUSDT
2022-09-30 08:45:00,0.18400000,0.18410000,0.18320000,0.18410000,38076.00000000,BEAMUSDT
2022-09-30 09:00:00,0.18440000,0.18490000,0.18410000,0.18440000,27098.00000000,BEAMUSDT
2022-09-30 09:15:00,0.18430000,0.18460000,0.18420000,0.18420000,2111.00000000,BEAMUSDT
2022-09-30 09:30:00,0.18440000,0.18470000,0.18420000,0.18440000,7701.00000000,BEAMUSDT
2022-09-30 09:45:00,0.18440000,0.18440000,0.18400000,0.18400000,28617.00000000,BEAMUSDT
2022-09-30 10:00:00,0.18420000,0.18450000,0.18410000,0.18410000,3170.00000000,BEAMUSDT
2022-09-30 10:15:00,0.18410000,0.18430000,0.18330000,0.18370000,76454.00000000,BEAMUSDT
2022-09-30 10:30:00,0.18380000,0.18400000,0.18350000,0.18370000,7611.00000000,BEAMUSDT
2022-09-30 10:45:00,0.18370000,0.18370000,0.18270000,0.18270000,23412.00000000,BEAMUSDT
2022-09-30 11:00:00,0.18320000,0.18330000,0.18240000,0.18290000,27228.00000000,BEAMUSDT
2022-09-30 11:15:00,0.18290000,0.18300000,0.18270000,0.18300000,1004.00000000,BEAMUSDT
2022-09-30 11:30:00,0.18320000,0.18340000,0.18260000,0.18260000,6583.00000000,BEAMUSDT
2022-09-30 11:45:00,0.18260000,0.18290000,0.18150000,0.18160000,31056.00000000,BEAMUSDT
2022-09-30 12:00:00,0.18210000,0.18270000,0.18120000,0.18180000,55229.00000000,BEAMUSDT
2022-09-30 12:15:00,0.18190000,0.18310000,0.18180000,0.18280000,10653.00000000,BEAMUSDT
2022-09-30 12:30:00,0.18280000,0.18280000,0.18010000,0.18130000,114190.00000000,BEAMUSDT
2022-09-30 12:45:00,0.18120000,0.18200000,0.18100000,0.18200000,7831.00000000,BEAMUSDT
2022-09-30 13:00:00,0.18200000,0.18330000,0.18200000,0.18250000,67015.00000000,BEAMUSDT
2022-09-30 13:15:00,0.18280000,0.18300000,0.18230000,0.18260000,28175.00000000,BEAMUSDT
2022-09-30 13:30:00,0.18230000,0.18320000,0.18230000,0.18300000,42447.00000000,BEAMUSDT
2022-09-30 13:45:00,0.18330000,0.18380000,0.18290000,0.18350000,16702.00000000,BEAMUSDT
2022-09-30 14:00:00,0.18390000,0.18420000,0.18380000,0.18400000,14198.00000000,BEAMUSDT
2022-09-30 14:15:00,0.18380000,0.18380000,0.18320000,0.18340000,10372.00000000,BEAMUSDT
2022-09-30 14:30:00,0.18370000,0.18500000,0.18370000,0.18440000,19859.00000000,BEAMUSDT
2022-09-30 14:45:00,0.18450000,0.18560000,0.18450000,0.18500000,69130.00000000,BEAMUSDT
2022-09-30 15:00:00,0.18540000,0.18680000,0.18480000,0.18610000,99052.00000000,BEAMUSDT
2022-09-30 15:15:00,0.18610000,0.18690000,0.18540000,0.18590000,49686.00000000,BEAMUSDT
2022-09-30 15:30:00,0.18550000,0.18670000,0.18470000,0.18470000,33229.00000000,BEAMUSDT
2022-09-30 15:45:00,0.18480000,0.18540000,0.18370000,0.18450000,34624.00000000,BEAMUSDT
2022-09-30 16:00:00,0.18510000,0.18510000,0.18380000,0.18470000,16371.00000000,BEAMUSDT
2022-09-30 16:15:00,0.18470000,0.18500000,0.18420000,0.18490000,15719.00000000,BEAMUSDT
2022-09-30 16:30:00,0.18520000,0.18520000,0.18440000,0.18470000,10677.00000000,BEAMUSDT
2022-09-30 16:45:00,0.18470000,0.18470000,0.18390000,0.18390000,14929.00000000,BEAMUSDT
2022-09-30 17:00:00,0.18440000,0.18470000,0.18440000,0.18450000,1272.00000000,BEAMUSDT
2022-09-30 17:15:00,0.18440000,0.18440000,0.18400000,0.18440000,10097.00000000,BEAMUSDT
2022-09-30 17:30:00,0.18460000,0.18480000,0.18370000,0.18400000,58307.00000000,BEAMUSDT
2022-09-30 17:45:00,0.18360000,0.18440000,0.18330000,0.18430000,47934.00000000,BEAMUSDT
2022-09-30 18:00:00,0.18430000,0.18570000,0.18430000,0.18540000,4689.00000000,BEAMUSDT
2022-09-30 18:15:00,0.18570000,0.18630000,0.18480000,0.18490000,26717.00000000,BEAMUSDT
2022-09-30 18:30:00,0.18520000,0.18520000,0.18500000,0.18500000,4050.00000000,BEAMUSDT
2022-09-30 18:45:00,0.18460000,0.18490000,0.18380000,0.18410000,16937.00000000,BEAMUSDT
2022-09-30 19:00:00,0.18440000,0.18450000,0.18440000,0.18450000,1716.00000000,BEAMUSDT
2022-09-30 19:15:00,0.18470000,0.18490000,0.18380000,0.18490000,13960.00000000,BEAMUSDT
2022-09-30 19:30:00,0.18420000,0.18420000,0.18420000,0.18420000,529.00000000,BEAMUSDT
2022-09-30 19:45:00,0.18420000,0.18470000,0.18320000,0.18350000,8889.00000000,BEAMUSDT
2022-09-30 20:00:00,0.18300000,0.18400000,0.18220000,0.18360000,22734.00000000,BEAMUSDT
2022-09-30 20:15:00,0.18360000,0.18360000,0.18360000,0.18360000,568.00000000,BEAMUSDT
2022-09-30 20:30:00,0.18290000,0.18290000,0.18250000,0.18280000,10771.00000000,BEAMUSDT
2022-09-30 20:45:00,0.18270000,0.18280000,0.18210000,0.18250000,26570.00000000,BEAMUSDT
2022-09-30 21:00:00,0.18250000,0.18280000,0.18100000,0.18250000,54641.00000000,BEAMUSDT
2022-09-30 21:15:00,0.18270000,0.18290000,0.18180000,0.18220000,24480.00000000,BEAMUSDT
2022-09-30 21:30:00,0.18260000,0.18270000,0.18180000,0.18210000,10539.00000000,BEAMUSDT
2022-09-30 21:45:00,0.18200000,0.18230000,0.18160000,0.18160000,15184.00000000,BEAMUSDT
2022-09-30 22:00:00,0.18160000,0.18180000,0.18150000,0.18170000,4032.00000000,BEAMUSDT
2022-09-30 22:15:00,0.18150000,0.18180000,0.18090000,0.18170000,44411.00000000,BEAMUSDT
2022-09-30 22:30:00,0.18160000,0.18170000,0.18130000,0.18150000,2253.00000000,BEAMUSDT
2022-09-30 22:45:00,0.18150000,0.18180000,0.18110000,0.18120000,22593.00000000,BEAMUSDT
2022-09-30 23:00:00,0.18160000,0.18170000,0.18080000,0.18080000,23135.00000000,BEAMUSDT
2022-09-30 23:15:00,0.18150000,0.18200000,0.18150000,0.18200000,49169.00000000,BEAMUSDT
2022-09-30 23:30:00,0.18220000,0.18220000,0.18210000,0.18210000,1946.00000000,BEAMUSDT
2022-09-30 23:45:00,0.18210000,0.18210000,0.18190000,0.18190000,744.00000000,BEAMUSDT
2022-10-01 00:00:00,0.18190000,0.18220000,0.18110000,0.18220000,41574.00000000,BEAMUSDT
2022-10-01 00:15:00,0.18210000,0.18260000,0.18210000,0.18260000,6407.00000000,BEAMUSDT
2022-10-01 00:30:00,0.18180000,0.18250000,0.18160000,0.18240000,48274.00000000,BEAMUSDT
2022-10-01 00:45:00,0.18180000,0.18350000,0.18160000,0.18350000,26534.00000000,BEAMUSDT
2022-10-01 01:00:00,0.18350000,0.18550000,0.18340000,0.18470000,116044.00000000,BEAMUSDT
2022-10-01 01:15:00,0.18470000,0.18590000,0.18470000,0.18520000,89140.00000000,BEAMUSDT
2022-10-01 01:30:00,0.18520000,0.18540000,0.18520000,0.18530000,27433.00000000,BEAMUSDT
2022-10-01 01:45:00,0.18530000,0.18530000,0.18350000,0.18350000,35967.00000000,BEAMUSDT
2022-10-01 02:00:00,0.18370000,0.18420000,0.18370000,0.18420000,4240.00000000,BEAMUSDT
2022-10-01 02:15:00,0.18390000,0.18410000,0.18280000,0.18410000,27273.00000000,BEAMUSDT
2022-10-01 02:30:00,0.18350000,0.18440000,0.18330000,0.18430000,4173.00000000,BEAMUSDT
2022-10-01 02:45:00,0.18430000,0.18430000,0.18430000,0.18430000,1959.00000000,BEAMUSDT
2022-10-01 03:00:00,0.18420000,0.18420000,0.18370000,0.18380000,7039.00000000,BEAMUSDT
2022-10-01 03:15:00,0.18380000,0.18430000,0.18340000,0.18430000,8308.00000000,BEAMUSDT
2022-10-01 03:30:00,0.18420000,0.18450000,0.18350000,0.18360000,33730.00000000,BEAMUSDT
2022-10-01 03:45:00,0.18370000,0.18370000,0.18350000,0.18370000,6500.00000000,BEAMUSDT
2022-10-01 04:00:00,0.18400000,0.18400000,0.18380000,0.18380000,543.00000000,BEAMUSDT
2022-10-01 04:15:00,0.18430000,0.18430000,0.18320000,0.18410000,25055.00000000,BEAMUSDT
2022-10-01 04:30:00,0.18370000,0.18370000,0.18370000,0.18370000,4861.00000000,BEAMUSDT
2022-10-01 04:45:00,0.18410000,0.18410000,0.18400000,0.18400000,6962.00000000,BEAMUSDT
2022-10-01 05:00:00,0.18370000,0.18430000,0.18320000,0.18320000,25404.00000000,BEAMUSDT
2022-10-01 05:15:00,0.18320000,0.18380000,0.18310000,0.18310000,41222.00000000,BEAMUSDT
2022-10-01 05:30:00,0.18320000,0.18340000,0.18260000,0.18310000,33229.00000000,BEAMUSDT
2022-10-01 05:45:00,0.18310000,0.18390000,0.18290000,0.18390000,4838.00000000,BEAMUSDT
2022-10-01 06:00:00,0.18370000,0.18370000,0.18310000,0.18310000,6517.00000000,BEAMUSDT
2022-10-01 06:15:00,0.18330000,0.18340000,0.18330000,0.18340000,1454.00000000,BEAMUSDT
2022-10-01 06:30:00,0.18360000,0.18450000,0.18360000,0.18440000,20740.00000000,BEAMUSDT
2022-10-01 06:45:00,0.18440000,0.19080000,0.18410000,0.19080000,527543.00000000,BEAMUSDT
2022-10-01 07:00:00,0.19080000,0.19140000,0.18430000,0.18540000,473989.00000000,BEAMUSDT
2022-10-01 07:15:00,0.18560000,0.18560000,0.18410000,0.18430000,115689.00000000,BEAMUSDT
2022-10-01 07:30:00,0.18430000,0.18480000,0.18390000,0.18420000,85720.00000000,BEAMUSDT
2022-10-01 07:45:00,0.18420000,0.18470000,0.18400000,0.18430000,22922.00000000,BEAMUSDT
2022-10-01 08:00:00,0.18470000,0.18470000,0.18370000,0.18370000,48932.00000000,BEAMUSDT
2022-10-01 08:15:00,0.18360000,0.18410000,0.18350000,0.18390000,34648.00000000,BEAMUSDT
2022-10-01 08:30:00,0.18360000,0.18470000,0.18330000,0.18410000,39701.00000000,BEAMUSDT
2022-10-01 08:45:00,0.18420000,0.18500000,0.18400000,0.18450000,28658.00000000,BEAMUSDT
2022-10-01 09:00:00,0.18490000,0.18630000,0.18490000,0.18630000,65825.00000000,BEAMUSDT
2022-10-01 09:15:00,0.18590000,0.19120000,0.18590000,0.19010000,534571.00000000,BEAMUSDT
2022-10-01 09:30:00,0.18990000,0.19300000,0.18820000,0.19290000,651369.00000000,BEAMUSDT
2022-10-01 09:45:00,0.19260000,0.19600000,0.19000000,0.19130000,929352.00000000,BEAMUSDT
2022-10-01 10:00:00,0.19150000,0.19430000,0.19070000,0.19240000,892335.00000000,BEAMUSDT
2022-10-01 10:15:00,0.19260000,0.19290000,0.18830000,0.19190000,737139.00000000,BEAMUSDT
2022-10-01 10:30:00,0.19190000,0.19190000,0.19070000,0.19150000,96092.00000000,BEAMUSDT
2022-10-01 10:45:00,0.19150000,0.19180000,0.19040000,0.19070000,89737.00000000,BEAMUSDT
2022-10-01 11:00:00,0.19070000,0.19070000,0.18900000,0.18940000,60473.00000000,BEAMUSDT
2022-10-01 11:15:00,0.18940000,0.18960000,0.18800000,0.18800000,211162.00000000,BEAMUSDT
2022-10-01 11:30:00,0.18810000,0.18830000,0.18750000,0.18800000,185203.00000000,BEAMUSDT
2022-10-01 11:45:00,0.18820000,0.18930000,0.18800000,0.18920000,81026.00000000,BEAMUSDT
2022-10-01 12:00:00,0.18920000,0.18920000,0.18740000,0.18750000,71589.00000000,BEAMUSDT
2022-10-01 12:15:00,0.18780000,0.18780000,0.18620000,0.18670000,119235.00000000,BEAMUSDT
2022-10-01 12:30:00,0.18670000,0.18750000,0.18670000,0.18690000,23077.00000000,BEAMUSDT
2022-10-01 12:45:00,0.18680000,0.18740000,0.18660000,0.18740000,121845.00000000,BEAMUSDT
2022-10-01 13:00:00,0.18730000,0.18770000,0.18700000,0.18710000,24392.00000000,BEAMUSDT
2022-10-01 13:15:00,0.18710000,0.18760000,0.18710000,0.18730000,59086.00000000,BEAMUSDT
2022-10-01 13:30:00,0.18730000,0.18850000,0.18710000,0.18820000,61550.00000000,BEAMUSDT
2022-10-01 13:45:00,0.18830000,0.18880000,0.18830000,0.18850000,24523.00000000,BEAMUSDT
2022-10-01 14:00:00,0.18880000,0.18890000,0.18800000,0.18800000,6117.00000000,BEAMUSDT
2022-10-01 14:15:00,0.18780000,0.18820000,0.18760000,0.18800000,8027.00000000,BEAMUSDT
2022-10-01 14:30:00,0.18820000,0.18900000,0.18820000,0.18840000,40408.00000000,BEAMUSDT
2022-10-01 14:45:00,0.18840000,0.18900000,0.18840000,0.18890000,21434.00000000,BEAMUSDT
2022-10-01 15:00:00,0.18890000,0.18950000,0.18510000,0.18640000,292837.00000000,BEAMUSDT
2022-10-01 15:15:00,0.18640000,0.18930000,0.18640000,0.18810000,237767.00000000,BEAMUSDT
2022-10-01 15:30:00,0.18790000,0.18790000,0.18770000,0.18780000,17286.00000000,BEAMUSDT
2022-10-01 15:45:00,0.18780000,0.18800000,0.18730000,0.18780000,40146.00000000,BEAMUSDT
2022-10-01 16:00:00,0.18780000,0.18780000,0.18690000,0.18700000,10594.00000000,BEAMUSDT
2022-10-01 16:15:00,0.18700000,0.18700000,0.18620000,0.18630000,34637.00000000,BEAMUSDT
2022-10-01 16:30:00,0.18650000,0.18650000,0.18600000,0.18600000,6456.00000000,BEAMUSDT
2022-10-01 16:45:00,0.18590000,0.18630000,0.18590000,0.18630000,4437.00000000,BEAMUSDT
2022-10-01 17:00:00,0.18610000,0.18700000,0.18610000,0.18650000,18879.00000000,BEAMUSDT
2022-10-01 17:15:00,0.18640000,0.18650000,0.18280000,0.18450000,280405.00000000,BEAMUSDT
2022-10-01 17:30:00,0.18450000,0.18540000,0.18450000,0.18510000,26272.00000000,BEAMUSDT
2022-10-01 17:45:00,0.18500000,0.18630000,0.18430000,0.18590000,185253.00000000,BEAMUSDT
2022-10-01 18:00:00,0.18590000,0.18650000,0.18590000,0.18600000,46248.00000000,BEAMUSDT
2022-10-01 18:15:00,0.18600000,0.18650000,0.18600000,0.18610000,4033.00000000,BEAMUSDT
2022-10-01 18:30:00,0.18600000,0.18650000,0.18590000,0.18640000,6323.00000000,BEAMUSDT
2022-10-01 18:45:00,0.18620000,0.18660000,0.18620000,0.18640000,50768.00000000,BEAMUSDT
2022-10-01 19:00:00,0.18670000,0.18690000,0.18670000,0.18670000,11118.00000000,BEAMUSDT
2022-10-01 19:15:00,0.18690000,0.18790000,0.18670000,0.18730000,50259.00000000,BEAMUSDT
2022-10-01 19:30:00,0.18760000,0.18790000,0.18650000,0.18670000,41285.00000000,BEAMUSDT
2022-10-01 19:45:00,0.18640000,0.18740000,0.18640000,0.18690000,13081.00000000,BEAMUSDT
2022-10-01 20:00:00,0.18680000,0.18680000,0.18500000,0.18550000,94370.00000000,BEAMUSDT
2022-10-01 20:15:00,0.18550000,0.18560000,0.18520000,0.18530000,15995.00000000,BEAMUSDT
2022-10-01 20:30:00,0.18550000,0.18550000,0.18520000,0.18530000,2219.00000000,BEAMUSDT
2022-10-01 20:45:00,0.18540000,0.18550000,0.18500000,0.18500000,7412.00000000,BEAMUSDT
2022-10-01 21:00:00,0.18540000,0.18580000,0.18530000,0.18530000,2161.00000000,BEAMUSDT
2022-10-01 21:15:00,0.18520000,0.18550000,0.18500000,0.18520000,5511.00000000,BEAMUSDT
2022-10-01 21:30:00,0.18530000,0.18530000,0.18510000,0.18510000,3766.00000000,BEAMUSDT
2022-10-01 21:45:00,0.18530000,0.18550000,0.18510000,0.18550000,7563.00000000,BEAMUSDT
2022-10-01 22:00:00,0.18540000,0.18540000,0.18500000,0.18510000,5102.00000000,BEAMUSDT
2022-10-01 22:15:00,0.18510000,0.18540000,0.18500000,0.18540000,5308.00000000,BEAMUSDT
2022-10-01 22:30:00,0.18510000,0.18510000,0.18490000,0.18490000,2396.00000000,BEAMUSDT
2022-10-01 22:45:00,0.18490000,0.18520000,0.18490000,0.18520000,6766.00000000,BEAMUSDT
2022-10-01 23:00:00,0.18520000,0.18530000,0.18490000,0.18490000,3374.00000000,BEAMUSDT
2022-10-01 23:15:00,0.18490000,0.18490000,0.18460000,0.18460000,23419.00000000,BEAMUSDT
2022-10-01 23:30:00,0.18490000,0.18490000,0.18490000,0.18490000,290.00000000,BEAMUSDT
2022-10-01 23:45:00,0.18470000,0.18470000,0.18460000,0.18460000,2066.00000000,BEAMUSDT
2022-10-02 00:00:00,0.18470000,0.18520000,0.18470000,0.18520000,8260.00000000,BEAMUSDT
2022-10-02 00:15:00,0.18500000,0.18530000,0.18500000,0.18500000,51928.00000000,BEAMUSDT
2022-10-02 00:30:00,0.18530000,0.18530000,0.18530000,0.18530000,2061.00000000,BEAMUSDT
2022-10-02 00:45:00,0.18530000,0.18530000,0.18480000,0.18490000,26211.00000000,BEAMUSDT
2022-10-02 01:00:00,0.18490000,0.18520000,0.18480000,0.18520000,15580.00000000,BEAMUSDT
2022-10-02 01:15:00,0.18500000,0.18530000,0.18490000,0.18530000,4010.00000000,BEAMUSDT
2022-10-02 01:30:00,0.18500000,0.18530000,0.18500000,0.18530000,2138.00000000,BEAMUSDT
2022-10-02 01:45:00,0.18500000,0.18540000,0.18500000,0.18540000,17593.00000000,BEAMUSDT
2022-10-02 02:00:00,0.18510000,0.18510000,0.18500000,0.18500000,1424.00000000,BEAMUSDT
2022-10-02 02:15:00,0.18530000,0.18550000,0.18530000,0.18550000,9283.00000000,BEAMUSDT
2022-10-02 02:30:00,0.18530000,0.18550000,0.18510000,0.18550000,11795.00000000,BEAMUSDT
2022-10-02 02:45:00,0.18540000,0.18540000,0.18540000,0.18540000,129.00000000,BEAMUSDT
2022-10-02 03:00:00,0.18510000,0.18510000,0.18480000,0.18480000,26241.00000000,BEAMUSDT
2022-10-02 03:15:00,0.18490000,0.18510000,0.18480000,0.18510000,14371.00000000,BEAMUSDT
2022-10-02 03:30:00,0.18520000,0.18520000,0.18510000,0.18510000,6525.00000000,BEAMUSDT
2022-10-02 03:45:00,0.18500000,0.18500000,0.18470000,0.18480000,27297.00000000,BEAMUSDT
2022-10-02 04:00:00,0.18490000,0.18520000,0.18490000,0.18490000,10850.00000000,BEAMUSDT
2022-10-02 04:15:00,0.18490000,0.18510000,0.18480000,0.18480000,2014.00000000,BEAMUSDT
2022-10-02 04:30:00,0.18480000,0.18480000,0.18450000,0.18480000,12382.00000000,BEAMUSDT
2022-10-02 04:45:00,0.18460000,0.18490000,0.18460000,0.18460000,15650.00000000,BEAMUSDT
2022-10-02 05:00:00,0.18480000,0.18490000,0.18450000,0.18480000,16081.00000000,BEAMUSDT
2022-10-02 05:15:00,0.18470000,0.18470000,0.18420000,0.18440000,29308.00000000,BEAMUSDT
2022-10-02 05:30:00,0.18450000,0.18480000,0.18440000,0.18460000,21391.00000000,BEAMUSDT
2022-10-02 05:45:00,0.18420000,0.18450000,0.18400000,0.18400000,4952.00000000,BEAMUSDT
2022-10-02 06:00:00,0.18430000,0.18450000,0.18410000,0.18450000,10195.00000000,BEAMUSDT
2022-10-02 06:15:00,0.18460000,0.18460000,0.18440000,0.18450000,6202.00000000,BEAMUSDT
2022-10-02 06:30:00,0.18440000,0.18520000,0.18430000,0.18500000,28633.00000000,BEAMUSDT
2022-10-02 06:45:00,0.18480000,0.18480000,0.18430000,0.18450000,18874.00000000,BEAMUSDT
2022-10-02 07:00:00,0.18450000,0.18450000,0.18420000,0.18420000,11462.00000000,BEAMUSDT
2022-10-02 07:15:00,0.18410000,0.18430000,0.18370000,0.18390000,27002.00000000,BEAMUSDT
2022-10-02 07:30:00,0.18390000,0.18390000,0.18350000,0.18370000,10084.00000000,BEAMUSDT
2022-10-02 07:45:00,0.18360000,0.18360000,0.18310000,0.18360000,65412.00000000,BEAMUSDT
2022-10-02 08:00:00,0.18370000,0.18390000,0.18370000,0.18380000,18101.00000000,BEAMUSDT
2022-10-02 08:15:00,0.18380000,0.18390000,0.18370000,0.18390000,1635.00000000,BEAMUSDT
2022-10-02 08:30:00,0.18390000,0.18400000,0.18360000,0.18380000,16044.00000000,BEAMUSDT
2022-10-02 08:45:00,0.18360000,0.18370000,0.18340000,0.18370000,4428.00000000,BEAMUSDT
2022-10-02 09:00:00,0.18350000,0.18380000,0.18320000,0.18340000,57815.00000000,BEAMUSDT
2022-10-02 09:15:00,0.18340000,0.18370000,0.18300000,0.18350000,12312.00000000,BEAMUSDT
2022-10-02 09:30:00,0.18350000,0.18350000,0.18320000,0.18340000,8109.00000000,BEAMUSDT
2022-10-02 09:45:00,0.18340000,0.18340000,0.18290000,0.18300000,46324.00000000,BEAMUSDT
2022-10-02 10:00:00,0.18290000,0.18290000,0.18230000,0.18230000,27655.00000000,BEAMUSDT
2022-10-02 10:15:00,0.18220000,0.18220000,0.18100000,0.18140000,135567.00000000,BEAMUSDT
2022-10-02 10:30:00,0.18120000,0.18170000,0.18120000,0.18170000,15436.00000000,BEAMUSDT
2022-10-02 10:45:00,0.18150000,0.18180000,0.18130000,0.18140000,10314.00000000,BEAMUSDT
2022-10-02 11:00:00,0.18140000,0.18170000,0.18140000,0.18160000,8139.00000000,BEAMUSDT
2022-10-02 11:15:00,0.18170000,0.18230000,0.18160000,0.18230000,24589.00000000,BEAMUSDT
2022-10-02 11:30:00,0.18280000,0.18280000,0.18250000,0.18250000,4506.00000000,BEAMUSDT
2022-10-02 11:45:00,0.18250000,0.18250000,0.18240000,0.18250000,10080.00000000,BEAMUSDT
2022-10-02 12:00:00,0.18250000,0.18410000,0.18230000,0.18270000,28907.00000000,BEAMUSDT
2022-10-02 12:15:00,0.18300000,0.18340000,0.18250000,0.18280000,56119.00000000,BEAMUSDT
2022-10-02 12:30:00,0.18260000,0.18280000,0.18250000,0.18250000,3069.00000000,BEAMUSDT
2022-10-02 12:45:00,0.18250000,0.18270000,0.18250000,0.18250000,27112.00000000,BEAMUSDT
2022-10-02 13:00:00,0.18230000,0.18240000,0.18140000,0.18220000,75934.00000000,BEAMUSDT
2022-10-02 13:15:00,0.18230000,0.18280000,0.18230000,0.18230000,20828.00000000,BEAMUSDT
2022-10-02 13:30:00,0.18260000,0.18280000,0.18260000,0.18260000,19777.00000000,BEAMUSDT
2022-10-02 13:45:00,0.18280000,0.18290000,0.18250000,0.18290000,9690.00000000,BEAMUSDT
2022-10-02 14:00:00,0.18290000,0.18290000,0.18250000,0.18290000,1577.00000000,BEAMUSDT
2022-10-02 14:15:00,0.18260000,0.18300000,0.18250000,0.18290000,12699.00000000,BEAMUSDT
2022-10-02 14:30:00,0.18270000,0.18270000,0.18240000,0.18260000,5912.00000000,BEAMUSDT
2022-10-02 14:45:00,0.18260000,0.18270000,0.18190000,0.18240000,60726.00000000,BEAMUSDT
2022-10-02 15:00:00,0.18240000,0.18240000,0.18210000,0.18240000,2588.00000000,BEAMUSDT
2022-10-02 15:15:00,0.18270000,0.18300000,0.18260000,0.18290000,21128.00000000,BEAMUSDT
2022-10-02 15:30:00,0.18280000,0.18290000,0.18260000,0.18270000,4209.00000000,BEAMUSDT
2022-10-02 15:45:00,0.18270000,0.18290000,0.18250000,0.18280000,21035.00000000,BEAMUSDT
2022-10-02 16:00:00,0.18290000,0.18290000,0.18270000,0.18270000,803.00000000,BEAMUSDT
2022-10-02 16:15:00,0.18270000,0.18320000,0.18270000,0.18270000,47818.00000000,BEAMUSDT
2022-10-02 16:30:00,0.18330000,0.18330000,0.18260000,0.18260000,26534.00000000,BEAMUSDT
2022-10-02 16:45:00,0.18260000,0.18260000,0.18180000,0.18180000,77196.00000000,BEAMUSDT
2022-10-02 17:00:00,0.18220000,0.18230000,0.18150000,0.18170000,50032.00000000,BEAMUSDT
2022-10-02 17:15:00,0.18190000,0.18210000,0.18170000,0.18170000,15361.00000000,BEAMUSDT
2022-10-02 17:30:00,0.18170000,0.18230000,0.18170000,0.18220000,15519.00000000,BEAMUSDT
2022-10-02 17:45:00,0.18220000,0.18220000,0.18200000,0.18200000,9040.00000000,BEAMUSDT
2022-10-02 18:00:00,0.18190000,0.18210000,0.18180000,0.18210000,47126.00000000,BEAMUSDT
2022-10-02 18:15:00,0.18170000,0.18200000,0.18170000,0.18170000,1072.00000000,BEAMUSDT
2022-10-02 18:30:00,0.18170000,0.18230000,0.18170000,0.18230000,13580.00000000,BEAMUSDT
2022-10-02 18:45:00,0.18230000,0.18240000,0.18190000,0.18200000,21308.00000000,BEAMUSDT
2022-10-02 19:00:00,0.18250000,0.18300000,0.18250000,0.18280000,30663.00000000,BEAMUSDT
2022-10-02 19:15:00,0.18270000,0.18300000,0.18240000,0.18240000,24296.00000000,BEAMUSDT
2022-10-02 19:30:00,0.18230000,0.18260000,0.18230000,0.18260000,1447.00000000,BEAMUSDT
2022-10-02 19:45:00,0.18260000,0.18290000,0.18260000,0.18290000,1525.00000000,BEAMUSDT
2022-10-02 20:00:00,0.18260000,0.18260000,0.18250000,0.18250000,5854.00000000,BEAMUSDT
2022-10-02 20:15:00,0.18270000,0.18270000,0.18240000,0.18240000,415.00000000,BEAMUSDT
2022-10-02 20:30:00,0.18220000,0.18220000,0.18220000,0.18220000,6498.00000000,BEAMUSDT
2022-10-02 20:45:00,0.18240000,0.18240000,0.18240000,0.18240000,83.00000000,BEAMUSDT
2022-10-02 21:00:00,0.18240000,0.18240000,0.18210000,0.18220000,43106.00000000,BEAMUSDT
2022-10-02 21:15:00,0.18170000,0.18200000,0.18150000,0.18150000,21022.00000000,BEAMUSDT
2022-10-02 21:30:00,0.18190000,0.18190000,0.18190000,0.18190000,2345.00000000,BEAMUSDT
2022-10-02 21:45:00,0.18190000,0.18190000,0.18190000,0.18190000,133.00000000,BEAMUSDT
2022-10-02 22:00:00,0.18190000,0.18190000,0.18140000,0.18160000,4114.00000000,BEAMUSDT
2022-10-02 22:15:00,0.18170000,0.18210000,0.18170000,0.18200000,15198.00000000,BEAMUSDT
2022-10-02 22:30:00,0.18160000,0.18200000,0.18160000,0.18180000,18361.00000000,BEAMUSDT
2022-10-02 22:45:00,0.18160000,0.18160000,0.18130000,0.18140000,25874.00000000,BEAMUSDT
2022-10-02 23:00:00,0.18150000,0.18170000,0.18020000,0.18080000,93272.00000000,BEAMUSDT
2022-10-02 23:15:00,0.18020000,0.18070000,0.18010000,0.18040000,15580.00000000,BEAMUSDT
2022-10-02 23:30:00,0.18040000,0.18070000,0.18020000,0.18050000,43643.00000000,BEAMUSDT
2022-10-02 23:45:00,0.18060000,0.18110000,0.18000000,0.18010000,67208.00000000,BEAMUSDT
2022-10-03 00:00:00,0.18010000,0.18050000,0.17970000,0.18050000,43522.00000000,BEAMUSDT
2022-10-03 00:15:00,0.18050000,0.18130000,0.18040000,0.18130000,15326.00000000,BEAMUSDT
2022-10-03 00:30:00,0.18130000,0.18130000,0.18110000,0.18110000,833.00000000,BEAMUSDT
2022-10-03 00:45:00,0.18110000,0.18110000,0.18100000,0.18100000,8902.00000000,BEAMUSDT
2022-10-03 01:00:00,0.18120000,0.18200000,0.18120000,0.18130000,36570.00000000,BEAMUSDT
2022-10-03 01:15:00,0.18180000,0.18200000,0.18180000,0.18200000,8677.00000000,BEAMUSDT
2022-10-03 01:30:00,0.18170000,0.18170000,0.18160000,0.18160000,2795.00000000,BEAMUSDT
2022-10-03 01:45:00,0.18200000,0.18210000,0.18180000,0.18180000,11247.00000000,BEAMUSDT
2022-10-03 02:00:00,0.18150000,0.18150000,0.18150000,0.18150000,861.00000000,BEAMUSDT
2022-10-03 02:15:00,0.18150000,0.18150000,0.18120000,0.18140000,21590.00000000,BEAMUSDT
2022-10-03 02:30:00,0.18140000,0.18140000,0.18140000,0.18140000,192.00000000,BEAMUSDT
2022-10-03 02:45:00,0.18140000,0.18160000,0.18120000,0.18160000,9312.00000000,BEAMUSDT
2022-10-03 03:00:00,0.18110000,0.18120000,0.18090000,0.18120000,15106.00000000,BEAMUSDT
2022-10-03 03:15:00,0.18120000,0.18120000,0.18060000,0.18060000,8492.00000000,BEAMUSDT
2022-10-03 03:30:00,0.18060000,0.18110000,0.18050000,0.18110000,36575.00000000,BEAMUSDT
2022-10-03 03:45:00,0.18080000,0.18120000,0.18070000,0.18080000,1315.00000000,BEAMUSDT
2022-10-03 04:00:00,0.18100000,0.18100000,0.18030000,0.18060000,2934.00000000,BEAMUSDT
2022-10-03 04:15:00,0.18050000,0.18050000,0.18030000,0.18030000,949.00000000,BEAMUSDT
2022-10-03 04:30:00,0.18030000,0.18030000,0.17900000,0.17900000,143051.00000000,BEAMUSDT
2022-10-03 04:45:00,0.17910000,0.17940000,0.17910000,0.17930000,14414.00000000,BEAMUSDT
2022-10-03 05:00:00,0.17910000,0.17910000,0.17860000,0.17860000,30693.00000000,BEAMUSDT
2022-10-03 05:15:00,0.17870000,0.17910000,0.17870000,0.17910000,17039.00000000,BEAMUSDT
2022-10-03 05:30:00,0.17910000,0.17960000,0.17900000,0.17960000,16972.00000000,BEAMUSDT
2022-10-03 05:45:00,0.17970000,0.18030000,0.17970000,0.18030000,24600.00000000,BEAMUSDT
2022-10-03 06:00:00,0.18030000,0.18060000,0.18010000,0.18010000,8082.00000000,BEAMUSDT
2022-10-03 06:15:00,0.18020000,0.18030000,0.18000000,0.18000000,4419.00000000,BEAMUSDT
2022-10-03 06:30:00,0.18000000,0.18000000,0.18000000,0.18000000,421.00000000,BEAMUSDT
2022-10-03 06:45:00,0.17980000,0.17980000,0.17950000,0.17950000,4364.00000000,BEAMUSDT
2022-10-03 07:00:00,0.17980000,0.18000000,0.17910000,0.17960000,58316.00000000,BEAMUSDT
2022-10-03 07:15:00,0.17970000,0.17970000,0.17900000,0.17960000,24999.00000000,BEAMUSDT
2022-10-03 07:30:00,0.17950000,0.17960000,0.17910000,0.17910000,9901.00000000,BEAMUSDT
2022-10-03 07:45:00,0.17910000,0.17950000,0.17910000,0.17920000,1676.00000000,BEAMUSDT
2022-10-03 08:00:00,0.17920000,0.17940000,0.17860000,0.17900000,30206.00000000,BEAMUSDT
2022-10-03 08:15:00,0.17910000,0.17910000,0.17820000,0.17860000,36428.00000000,BEAMUSDT
2022-10-03 08:30:00,0.17870000,0.17900000,0.17860000,0.17860000,1897.00000000,BEAMUSDT
2022-10-03 08:45:00,0.17870000,0.17930000,0.17850000,0.17920000,36513.00000000,BEAMUSDT
2022-10-03 09:00:00,0.17910000,0.17910000,0.17850000,0.17900000,24946.00000000,BEAMUSDT
2022-10-03 09:15:00,0.17870000,0.17870000,0.17850000,0.17850000,1773.00000000,BEAMUSDT
2022-10-03 09:30:00,0.17910000,0.17910000,0.17870000,0.17870000,24720.00000000,BEAMUSDT
2022-10-03 09:45:00,0.17900000,0.17910000,0.17840000,0.17880000,23958.00000000,BEAMUSDT
2022-10-03 10:00:00,0.17870000,0.17900000,0.17840000,0.17870000,8850.00000000,BEAMUSDT
2022-10-03 10:15:00,0.17910000,0.17910000,0.17870000,0.17870000,317.00000000,BEAMUSDT
2022-10-03 10:30:00,0.17890000,0.17940000,0.17880000,0.17920000,21041.00000000,BEAMUSDT
2022-10-03 10:45:00,0.17920000,0.17970000,0.17920000,0.17960000,35517.00000000,BEAMUSDT
2022-10-03 11:00:00,0.17980000,0.17980000,0.17930000,0.17930000,6016.00000000,BEAMUSDT
2022-10-03 11:15:00,0.17960000,0.17970000,0.17930000,0.17930000,7592.00000000,BEAMUSDT
2022-10-03 11:30:00,0.17960000,0.17960000,0.17960000,0.17960000,60.00000000,BEAMUSDT
2022-10-03 11:45:00,0.17960000,0.17960000,0.17930000,0.17960000,3672.00000000,BEAMUSDT
2022-10-03 12:00:00,0.17970000,0.17980000,0.17860000,0.17860000,70111.00000000,BEAMUSDT
2022-10-03 12:15:00,0.17880000,0.17890000,0.17860000,0.17860000,48494.00000000,BEAMUSDT
2022-10-03 12:30:00,0.17880000,0.17900000,0.17850000,0.17860000,24490.00000000,BEAMUSDT
2022-10-03 12:45:00,0.17870000,0.17940000,0.17870000,0.17910000,25589.00000000,BEAMUSDT
2022-10-03 13:00:00,0.17950000,0.17980000,0.17950000,0.17980000,26109.00000000,BEAMUSDT
2022-10-03 13:15:00,0.17990000,0.18040000,0.17980000,0.17980000,100512.00000000,BEAMUSDT
2022-10-03 13:30:00,0.17990000,0.18070000,0.17910000,0.18050000,86990.00000000,BEAMUSDT
2022-10-03 13:45:00,0.18050000,0.18130000,0.18000000,0.18040000,22900.00000000,BEAMUSDT
2022-10-03 14:00:00,0.18040000,0.18210000,0.18010000,0.18120000,58562.00000000,BEAMUSDT
2022-10-03 14:15:00,0.18150000,0.18310000,0.18100000,0.18220000,61724.00000000,BEAMUSDT
2022-10-03 14:30:00,0.18220000,0.18260000,0.18160000,0.18230000,26537.00000000,BEAMUSDT
2022-10-03 14:45:00,0.18190000,0.18220000,0.18150000,0.18150000,12942.00000000,BEAMUSDT
2022-10-03 15:00:00,0.18160000,0.18270000,0.18160000,0.18250000,21704.00000000,BEAMUSDT
2022-10-03 15:15:00,0.18200000,0.18270000,0.18190000,0.18270000,17750.00000000,BEAMUSDT
2022-10-03 15:30:00,0.18200000,0.18200000,0.18160000,0.18170000,3345.00000000,BEAMUSDT
2022-10-03 15:45:00,0.18170000,0.18180000,0.18140000,0.18150000,9893.00000000,BEAMUSDT
2022-10-03 16:00:00,0.18190000,0.18230000,0.18170000,0.18180000,5872.00000000,BEAMUSDT
2022-10-03 16:15:00,0.18180000,0.18180000,0.18110000,0.18140000,25159.00000000,BEAMUSDT
2022-10-03 16:30:00,0.18140000,0.18200000,0.18140000,0.18200000,7586.00000000,BEAMUSDT
2022-10-03 16:45:00,0.18190000,0.18190000,0.18150000,0.18150000,5618.00000000,BEAMUSDT
2022-10-03 17:00:00,0.18180000,0.18260000,0.18180000,0.18220000,9658.00000000,BEAMUSDT
2022-10-03 17:15:00,0.18220000,0.18310000,0.18180000,0.18290000,42897.00000000,BEAMUSDT
2022-10-03 17:30:00,0.18290000,0.18340000,0.18290000,0.18330000,15624.00000000,BEAMUSDT
2022-10-03 17:45:00,0.18330000,0.18340000,0.18250000,0.18250000,16151.00000000,BEAMUSDT
2022-10-03 18:00:00,0.18290000,0.18300000,0.18200000,0.18280000,40854.00000000,BEAMUSDT
2022-10-03 18:15:00,0.18290000,0.18290000,0.18260000,0.18270000,5016.00000000,BEAMUSDT
2022-10-03 18:30:00,0.18270000,0.18350000,0.18270000,0.18340000,26419.00000000,BEAMUSDT
2022-10-03 18:45:00,0.18300000,0.18340000,0.18260000,0.18290000,7692.00000000,BEAMUSDT
2022-10-03 19:00:00,0.18280000,0.18330000,0.18260000,0.18260000,26761.00000000,BEAMUSDT
2022-10-03 19:15:00,0.18260000,0.18350000,0.18210000,0.18290000,34587.00000000,BEAMUSDT
2022-10-03 19:30:00,0.18270000,0.18280000,0.18210000,0.18280000,23103.00000000,BEAMUSDT
2022-10-03 19:45:00,0.18230000,0.18230000,0.18190000,0.18200000,7184.00000000,BEAMUSDT
2022-10-03 20:00:00,0.18210000,0.18320000,0.18210000,0.18260000,19779.00000000,BEAMUSDT
2022-10-03 20:15:00,0.18310000,0.18320000,0.18260000,0.18270000,3931.00000000,BEAMUSDT
2022-10-03 20:30:00,0.18280000,0.18330000,0.18280000,0.18330000,5342.00000000,BEAMUSDT
2022-10-03 20:45:00,0.18320000,0.18400000,0.18320000,0.18390000,7015.00000000,BEAMUSDT
2022-10-03 21:00:00,0.18370000,0.18370000,0.18330000,0.18340000,8128.00000000,BEAMUSDT
2022-10-03 21:15:00,0.18320000,0.18330000,0.18320000,0.18330000,864.00000000,BEAMUSDT
2022-10-03 21:30:00,0.18360000,0.18380000,0.18330000,0.18360000,1477.00000000,BEAMUSDT
2022-10-03 21:45:00,0.18360000,0.18360000,0.18320000,0.18320000,986.00000000,BEAMUSDT
2022-10-03 22:00:00,0.18380000,0.18480000,0.18350000,0.18420000,18028.00000000,BEAMUSDT
2022-10-03 22:15:00,0.18420000,0.18440000,0.18420000,0.18440000,3011.00000000,BEAMUSDT
2022-10-03 22:30:00,0.18440000,0.18450000,0.18400000,0.18400000,7407.00000000,BEAMUSDT
2022-10-03 22:45:00,0.18390000,0.18470000,0.18310000,0.18350000,34592.00000000,BEAMUSDT
2022-10-03 23:00:00,0.18350000,0.18480000,0.18340000,0.18420000,10535.00000000,BEAMUSDT
2022-10-03 23:15:00,0.18420000,0.18510000,0.18410000,0.18430000,21203.00000000,BEAMUSDT
2022-10-03 23:30:00,0.18440000,0.18440000,0.18420000,0.18440000,942.00000000,BEAMUSDT
2022-10-03 23:45:00,0.18440000,0.18440000,0.18440000,0.18440000,0.00000000,BEAMUSDT
2022-10-04 00:00:00,0.18420000,0.18480000,0.18400000,0.18400000,21340.00000000,BEAMUSDT
2022-10-04 00:15:00,0.18410000,0.18460000,0.18410000,0.18460000,820.00000000,BEAMUSDT
2022-10-04 00:30:00,0.18420000,0.18420000,0.18360000,0.18380000,13606.00000000,BEAMUSDT
2022-10-04 00:45:00,0.18390000,0.18390000,0.18350000,0.18360000,9256.00000000,BEAMUSDT
2022-10-04 01:00:00,0.18360000,0.18400000,0.18360000,0.18400000,658.00000000,BEAMUSDT
2022-10-04 01:15:00,0.18360000,0.18360000,0.18360000,0.18360000,704.00000000,BEAMUSDT
2022-10-04 01:30:00,0.18360000,0.18360000,0.18360000,0.18360000,127.00000000,BEAMUSDT
2022-10-04 01:45:00,0.18360000,0.18360000,0.18350000,0.18350000,1828.00000000,BEAMUSDT
2022-10-04 02:00:00,0.18350000,0.18350000,0.18350000,0.18350000,1930.00000000,BEAMUSDT
2022-10-04 02:15:00,0.18350000,0.18380000,0.18320000,0.18320000,18292.00000000,BEAMUSDT
2022-10-04 02:30:00,0.18300000,0.18330000,0.18280000,0.18280000,6485.00000000,BEAMUSDT
2022-10-04 02:45:00,0.18330000,0.18330000,0.18300000,0.18300000,3068.00000000,BEAMUSDT
2022-10-04 03:00:00,0.18330000,0.18330000,0.18280000,0.18280000,2508.00000000,BEAMUSDT
2022-10-04 03:15:00,0.18300000,0.18300000,0.18280000,0.18280000,5564.00000000,BEAMUSDT
2022-10-04 03:30:00,0.18280000,0.18300000,0.18280000,0.18300000,36092.00000000,BEAMUSDT
2022-10-04 03:45:00,0.18330000,0.18340000,0.18290000,0.18290000,5043.00000000,BEAMUSDT
2022-10-04 04:00:00,0.18300000,0.18320000,0.18280000,0.18320000,3212.00000000,BEAMUSDT
2022-10-04 04:15:00,0.18320000,0.18320000,0.18320000,0.18320000,453.00000000,BEAMUSDT
2022-10-04 04:30:00,0.18300000,0.18330000,0.18280000,0.18330000,1554.00000000,BEAMUSDT
2022-10-04 04:45:00,0.18280000,0.18280000,0.18280000,0.18280000,767.00000000,BEAMUSDT
2022-10-04 05:00:00,0.18280000,0.18280000,0.18280000,0.18280000,547.00000000,BEAMUSDT
2022-10-04 05:15:00,0.18320000,0.18340000,0.18320000,0.18340000,12371.00000000,BEAMUSDT
2022-10-04 05:30:00,0.18310000,0.18330000,0.18270000,0.18320000,12447.00000000,BEAMUSDT
2022-10-04 05:45:00,0.18320000,0.18350000,0.18310000,0.18310000,19716.00000000,BEAMUSDT
2022-10-04 06:00:00,0.18310000,0.18310000,0.18290000,0.18290000,2955.00000000,BEAMUSDT
2022-10-04 06:15:00,0.18310000,0.18340000,0.18210000,0.18240000,72205.00000000,BEAMUSDT
2022-10-04 06:30:00,0.18280000,0.18350000,0.18280000,0.18350000,11334.00000000,BEAMUSDT
2022-10-04 06:45:00,0.18340000,0.18350000,0.18260000,0.18280000,40370.00000000,BEAMUSDT
2022-10-04 07:00:00,0.18330000,0.18410000,0.18320000,0.18410000,46561.00000000,BEAMUSDT
2022-10-04 07:15:00,0.18410000,0.18410000,0.18350000,0.18350000,6700.00000000,BEAMUSDT
2022-10-04 07:30:00,0.18350000,0.18360000,0.18350000,0.18350000,3365.00000000,BEAMUSDT
2022-10-04 07:45:00,0.18360000,0.18380000,0.18340000,0.18360000,6567.00000000,BEAMUSDT
2022-10-04 08:00:00,0.18370000,0.18440000,0.18350000,0.18400000,17404.00000000,BEAMUSDT
2022-10-04 08:15:00,0.18390000,0.18410000,0.18270000,0.18270000,23307.00000000,BEAMUSDT
2022-10-04 08:30:00,0.18270000,0.18300000,0.18210000,0.18240000,44795.00000000,BEAMUSDT
2022-10-04 08:45:00,0.18260000,0.18310000,0.18230000,0.18290000,31851.00000000,BEAMUSDT
2022-10-04 09:00:00,0.18240000,0.18240000,0.18200000,0.18210000,7258.00000000,BEAMUSDT
2022-10-04 09:15:00,0.18230000,0.18230000,0.18160000,0.18200000,47608.00000000,BEAMUSDT
2022-10-04 09:30:00,0.18220000,0.18370000,0.18220000,0.18360000,40142.00000000,BEAMUSDT
2022-10-04 09:45:00,0.18360000,0.18360000,0.18320000,0.18320000,2968.00000000,BEAMUSDT
2022-10-04 10:00:00,0.18330000,0.18330000,0.18270000,0.18270000,22030.00000000,BEAMUSDT
2022-10-04 10:15:00,0.18270000,0.18400000,0.18270000,0.18400000,12460.00000000,BEAMUSDT
2022-10-04 10:30:00,0.18390000,0.18390000,0.18340000,0.18340000,8836.00000000,BEAMUSDT
2022-10-04 10:45:00,0.18360000,0.18360000,0.18340000,0.18340000,18734.00000000,BEAMUSDT
2022-10-04 11:00:00,0.18340000,0.18340000,0.18300000,0.18300000,953.00000000,BEAMUSDT
2022-10-04 11:15:00,0.18330000,0.18360000,0.18330000,0.18340000,1894.00000000,BEAMUSDT
2022-10-04 11:30:00,0.18340000,0.18340000,0.18300000,0.18320000,13017.00000000,BEAMUSDT
2022-10-04 11:45:00,0.18320000,0.18370000,0.18310000,0.18310000,36691.00000000,BEAMUSDT
2022-10-04 12:00:00,0.18310000,0.18370000,0.18300000,0.18350000,7654.00000000,BEAMUSDT
2022-10-04 12:15:00,0.18360000,0.18360000,0.18290000,0.18290000,20248.00000000,BEAMUSDT
2022-10-04 12:30:00,0.18290000,0.18300000,0.18230000,0.18270000,13247.00000000,BEAMUSDT
2022-10-04 12:45:00,0.18270000,0.18370000,0.18270000,0.18270000,31833.00000000,BEAMUSDT
2022-10-04 13:00:00,0.18310000,0.18360000,0.18290000,0.18300000,21134.00000000,BEAMUSDT
2022-10-04 13:15:00,0.18290000,0.18290000,0.18250000,0.18250000,4137.00000000,BEAMUSDT
2022-10-04 13:30:00,0.18280000,0.18320000,0.18270000,0.18270000,28682.00000000,BEAMUSDT
2022-10-04 13:45:00,0.18260000,0.18310000,0.18250000,0.18280000,48958.00000000,BEAMUSDT
2022-10-04 14:00:00,0.18330000,0.18420000,0.18330000,0.18360000,19589.00000000,BEAMUSDT
2022-10-04 14:15:00,0.18390000,0.18400000,0.18260000,0.18380000,125346.00000000,BEAMUSDT
2022-10-04 14:30:00,0.18330000,0.18330000,0.18270000,0.18300000,33565.00000000,BEAMUSDT
2022-10-04 14:45:00,0.18300000,0.18300000,0.18280000,0.18290000,6693.00000000,BEAMUSDT
2022-10-04 15:00:00,0.18280000,0.18310000,0.18260000,0.18290000,7621.00000000,BEAMUSDT
2022-10-04 15:15:00,0.18310000,0.18310000,0.18270000,0.18310000,15150.00000000,BEAMUSDT
2022-10-04 15:30:00,0.18310000,0.18330000,0.18310000,0.18320000,13407.00000000,BEAMUSDT
2022-10-04 15:45:00,0.18300000,0.18310000,0.18300000,0.18300000,2094.00000000,BEAMUSDT
2022-10-04 16:00:00,0.18300000,0.18320000,0.18210000,0.18210000,49741.00000000,BEAMUSDT
2022-10-04 16:15:00,0.18210000,0.18270000,0.18170000,0.18180000,36266.00000000,BEAMUSDT
2022-10-04 16:30:00,0.18190000,0.18320000,0.18190000,0.18290000,26420.00000000,BEAMUSDT
2022-10-04 16:45:00,0.18260000,0.18300000,0.18250000,0.18250000,7460.00000000,BEAMUSDT
2022-10-04 17:00:00,0.18290000,0.18320000,0.18220000,0.18220000,27327.00000000,BEAMUSDT
2022-10-04 17:15:00,0.18220000,0.18250000,0.18190000,0.18250000,9909.00000000,BEAMUSDT
2022-10-04 17:30:00,0.18260000,0.18330000,0.18200000,0.18200000,22126.00000000,BEAMUSDT
2022-10-04 17:45:00,0.18270000,0.18300000,0.18260000,0.18260000,17449.00000000,BEAMUSDT
2022-10-04 18:00:00,0.18270000,0.18330000,0.18260000,0.18280000,5903.00000000,BEAMUSDT
2022-10-04 18:15:00,0.18280000,0.18310000,0.18240000,0.18250000,9827.00000000,BEAMUSDT
2022-10-04 18:30:00,0.18290000,0.18310000,0.18260000,0.18260000,9522.00000000,BEAMUSDT
2022-10-04 18:45:00,0.18260000,0.18330000,0.18260000,0.18300000,11821.00000000,BEAMUSDT
2022-10-04 19:00:00,0.18300000,0.18300000,0.18260000,0.18290000,4087.00000000,BEAMUSDT
2022-10-04 19:15:00,0.18260000,0.18310000,0.18260000,0.18270000,2545.00000000,BEAMUSDT
2022-10-04 19:30:00,0.18320000,0.18340000,0.18320000,0.18330000,12178.00000000,BEAMUSDT
2022-10-04 19:45:00,0.18320000,0.18400000,0.18300000,0.18380000,41448.00000000,BEAMUSDT
2022-10-04 20:00:00,0.18380000,0.18400000,0.18310000,0.18330000,7214.00000000,BEAMUSDT
2022-10-04 20:15:00,0.18350000,0.18470000,0.18350000,0.18470000,41706.00000000,BEAMUSDT
2022-10-04 20:30:00,0.18460000,0.18600000,0.18420000,0.18480000,61905.00000000,BEAMUSDT
2022-10-04 20:45:00,0.18470000,0.18540000,0.18420000,0.18460000,15547.00000000,BEAMUSDT
2022-10-04 21:00:00,0.18420000,0.18490000,0.18340000,0.18340000,16245.00000000,BEAMUSDT
2022-10-04 21:15:00,0.18390000,0.18530000,0.18350000,0.18470000,45926.00000000,BEAMUSDT
2022-10-04 21:30:00,0.18470000,0.18500000,0.18440000,0.18450000,4001.00000000,BEAMUSDT
2022-10-04 21:45:00,0.18420000,0.18450000,0.18380000,0.18380000,4758.00000000,BEAMUSDT
2022-10-04 22:00:00,0.18410000,0.18420000,0.18370000,0.18370000,5679.00000000,BEAMUSDT
2022-10-04 22:15:00,0.18370000,0.18400000,0.18340000,0.18340000,2896.00000000,BEAMUSDT
2022-10-04 22:30:00,0.18340000,0.18480000,0.18340000,0.18350000,7170.00000000,BEAMUSDT
2022-10-04 22:45:00,0.18380000,0.18380000,0.18380000,0.18380000,1173.00000000,BEAMUSDT
2022-10-04 23:00:00,0.18420000,0.18430000,0.18410000,0.18410000,783.00000000,BEAMUSDT
2022-10-04 23:15:00,0.18410000,0.18430000,0.18390000,0.18420000,3371.00000000,BEAMUSDT
2022-10-04 23:30:00,0.18420000,0.18530000,0.18370000,0.18440000,9707.00000000,BEAMUSDT
2022-10-04 23:45:00,0.18440000,0.18440000,0.18440000,0.18440000,8619.00000000,BEAMUSDT
2022-10-05 00:00:00,0.18410000,0.18410000,0.18360000,0.18360000,2924.00000000,BEAMUSDT
2022-10-05 00:15:00,0.18370000,0.18400000,0.18310000,0.18350000,5840.00000000,BEAMUSDT
2022-10-05 00:30:00,0.18350000,0.18450000,0.18310000,0.18360000,17926.00000000,BEAMUSDT
2022-10-05 00:45:00,0.18310000,0.18310000,0.18310000,0.18310000,79.00000000,BEAMUSDT
2022-10-05 01:00:00,0.18360000,0.18390000,0.18360000,0.18380000,2342.00000000,BEAMUSDT
2022-10-05 01:15:00,0.18360000,0.18400000,0.18330000,0.18400000,13507.00000000,BEAMUSDT
2022-10-05 01:30:00,0.18380000,0.18390000,0.18380000,0.18390000,353.00000000,BEAMUSDT
2022-10-05 01:45:00,0.18390000,0.18440000,0.18330000,0.18430000,28319.00000000,BEAMUSDT
2022-10-05 02:00:00,0.18400000,0.18400000,0.18390000,0.18390000,1181.00000000,BEAMUSDT
2022-10-05 02:15:00,0.18390000,0.18390000,0.18390000,0.18390000,0.00000000,BEAMUSDT
2022-10-05 02:30:00,0.18370000,0.18390000,0.18360000,0.18380000,6373.00000000,BEAMUSDT
2022-10-05 02:45:00,0.18380000,0.18380000,0.18380000,0.18380000,0.00000000,BEAMUSDT
2022-10-05 03:00:00,0.18340000,0.18350000,0.18260000,0.18260000,21006.00000000,BEAMUSDT
2022-10-05 03:15:00,0.18330000,0.18350000,0.18300000,0.18300000,7539.00000000,BEAMUSDT
2022-10-05 03:30:00,0.18330000,0.18330000,0.18270000,0.18270000,5320.00000000,BEAMUSDT
2022-10-05 03:45:00,0.18260000,0.18300000,0.18260000,0.18260000,6942.00000000,BEAMUSDT
2022-10-05 04:00:00,0.18260000,0.18270000,0.18260000,0.18260000,3064.00000000,BEAMUSDT
2022-10-05 04:15:00,0.18280000,0.18280000,0.18230000,0.18230000,27038.00000000,BEAMUSDT
2022-10-05 04:30:00,0.18230000,0.18230000,0.18210000,0.18210000,3850.00000000,BEAMUSDT
2022-10-05 04:45:00,0.18230000,0.18240000,0.18230000,0.18240000,3447.00000000,BEAMUSDT
2022-10-05 05:00:00,0.18220000,0.18250000,0.18220000,0.18250000,5023.00000000,BEAMUSDT
2022-10-05 05:15:00,0.18250000,0.18250000,0.18240000,0.18240000,328.00000000,BEAMUSDT
2022-10-05 05:30:00,0.18250000,0.18290000,0.18240000,0.18270000,23745.00000000,BEAMUSDT
2022-10-05 05:45:00,0.18300000,0.18330000,0.18250000,0.18300000,6711.00000000,BEAMUSDT
2022-10-05 06:00:00,0.18330000,0.18340000,0.18270000,0.18270000,7800.00000000,BEAMUSDT
2022-10-05 06:15:00,0.18280000,0.18350000,0.18270000,0.18290000,6993.00000000,BEAMUSDT
2022-10-05 06:30:00,0.18340000,0.18490000,0.18330000,0.18340000,43777.00000000,BEAMUSDT
2022-10-05 06:45:00,0.18350000,0.18410000,0.18320000,0.18320000,9987.00000000,BEAMUSDT
2022-10-05 07:00:00,0.18370000,0.18480000,0.18310000,0.18420000,13331.00000000,BEAMUSDT
2022-10-05 07:15:00,0.18410000,0.18470000,0.18350000,0.18350000,4739.00000000,BEAMUSDT
2022-10-05 07:30:00,0.18340000,0.18380000,0.18320000,0.18380000,45013.00000000,BEAMUSDT
2022-10-05 07:45:00,0.18340000,0.18370000,0.18320000,0.18320000,9059.00000000,BEAMUSDT
2022-10-05 08:00:00,0.18340000,0.18470000,0.18270000,0.18270000,50993.00000000,BEAMUSDT
2022-10-05 08:15:00,0.18270000,0.18270000,0.18190000,0.18200000,35806.00000000,BEAMUSDT
2022-10-05 08:30:00,0.18200000,0.18240000,0.18150000,0.18170000,21987.00000000,BEAMUSDT
2022-10-05 08:45:00,0.18170000,0.18170000,0.18160000,0.18160000,5722.00000000,BEAMUSDT
2022-10-05 09:00:00,0.18160000,0.18160000,0.18140000,0.18140000,5271.00000000,BEAMUSDT
2022-10-05 09:15:00,0.18160000,0.18230000,0.18140000,0.18170000,5937.00000000,BEAMUSDT
2022-10-05 09:30:00,0.18140000,0.18180000,0.18090000,0.18180000,12679.00000000,BEAMUSDT
2022-10-05 09:45:00,0.18200000,0.18200000,0.18150000,0.18150000,4492.00000000,BEAMUSDT
2022-10-05 10:00:00,0.18150000,0.18160000,0.18110000,0.18110000,13019.00000000,BEAMUSDT
2022-10-05 10:15:00,0.18170000,0.18230000,0.18170000,0.18180000,8766.00000000,BEAMUSDT
2022-10-05 10:30:00,0.18180000,0.18230000,0.18170000,0.18230000,28745.00000000,BEAMUSDT
2022-10-05 10:45:00,0.18200000,0.18210000,0.18170000,0.18210000,929.00000000,BEAMUSDT
2022-10-05 11:00:00,0.18170000,0.18230000,0.18170000,0.18210000,4492.00000000,BEAMUSDT
2022-10-05 11:15:00,0.18150000,0.18230000,0.18150000,0.18230000,2135.00000000,BEAMUSDT
2022-10-05 11:30:00,0.18200000,0.18230000,0.18100000,0.18160000,50383.00000000,BEAMUSDT
2022-10-05 11:45:00,0.18130000,0.18140000,0.18110000,0.18130000,24426.00000000,BEAMUSDT
2022-10-05 12:00:00,0.18120000,0.18170000,0.18100000,0.18140000,11214.00000000,BEAMUSDT
2022-10-05 12:15:00,0.18140000,0.18150000,0.18080000,0.18080000,6275.00000000,BEAMUSDT
2022-10-05 12:30:00,0.18080000,0.18150000,0.18080000,0.18140000,4197.00000000,BEAMUSDT
2022-10-05 12:45:00,0.18150000,0.18150000,0.18110000,0.18110000,1347.00000000,BEAMUSDT
2022-10-05 13:00:00,0.18170000,0.18180000,0.18100000,0.18100000,43849.00000000,BEAMUSDT
2022-10-05 13:15:00,0.18110000,0.18120000,0.18080000,0.18120000,4961.00000000,BEAMUSDT
2022-10-05 13:30:00,0.18110000,0.18150000,0.18040000,0.18150000,18496.00000000,BEAMUSDT
2022-10-05 13:45:00,0.18090000,0.18140000,0.18050000,0.18140000,11797.00000000,BEAMUSDT
2022-10-05 14:00:00,0.18100000,0.18150000,0.18080000,0.18150000,19394.00000000,BEAMUSDT
2022-10-05 14:15:00,0.18130000,0.18140000,0.18050000,0.18120000,75217.00000000,BEAMUSDT
2022-10-05 14:30:00,0.18100000,0.18120000,0.18040000,0.18120000,21509.00000000,BEAMUSDT
2022-10-05 14:45:00,0.18080000,0.18110000,0.18050000,0.18080000,6598.00000000,BEAMUSDT
2022-10-05 15:00:00,0.18120000,0.18130000,0.18120000,0.18130000,243.00000000,BEAMUSDT
2022-10-05 15:15:00,0.18090000,0.18150000,0.18090000,0.18120000,17956.00000000,BEAMUSDT
2022-10-05 15:30:00,0.18160000,0.18170000,0.18160000,0.18170000,1090.00000000,BEAMUSDT
2022-10-05 15:45:00,0.18180000,0.18290000,0.18170000,0.18230000,33985.00000000,BEAMUSDT
2022-10-05 16:00:00,0.18240000,0.18340000,0.18210000,0.18330000,7122.00000000,BEAMUSDT
2022-10-05 16:15:00,0.18350000,0.18430000,0.18290000,0.18320000,57419.00000000,BEAMUSDT
2022-10-05 16:30:00,0.18350000,0.18410000,0.18270000,0.18320000,9791.00000000,BEAMUSDT
2022-10-05 16:45:00,0.18310000,0.18370000,0.18260000,0.18320000,32427.00000000,BEAMUSDT
2022-10-05 17:00:00,0.18320000,0.18380000,0.18320000,0.18350000,3029.00000000,BEAMUSDT
2022-10-05 17:15:00,0.18350000,0.18380000,0.18310000,0.18350000,19595.00000000,BEAMUSDT
2022-10-05 17:30:00,0.18350000,0.18380000,0.18300000,0.18310000,12672.00000000,BEAMUSDT
2022-10-05 17:45:00,0.18310000,0.18340000,0.18290000,0.18300000,2127.00000000,BEAMUSDT
2022-10-05 18:00:00,0.18300000,0.18340000,0.18280000,0.18280000,8218.00000000,BEAMUSDT
2022-10-05 18:15:00,0.18340000,0.18530000,0.18330000,0.18470000,35415.00000000,BEAMUSDT
2022-10-05 18:30:00,0.18440000,0.18470000,0.18390000,0.18440000,33057.00000000,BEAMUSDT
2022-10-05 18:45:00,0.18380000,0.18430000,0.18360000,0.18430000,7570.00000000,BEAMUSDT
2022-10-05 19:00:00,0.18430000,0.18610000,0.18310000,0.18380000,93619.00000000,BEAMUSDT
2022-10-05 19:15:00,0.18370000,0.18490000,0.18360000,0.18460000,19295.00000000,BEAMUSDT
2022-10-05 19:30:00,0.18460000,0.18480000,0.18380000,0.18380000,14544.00000000,BEAMUSDT
2022-10-05 19:45:00,0.18340000,0.18340000,0.18250000,0.18320000,57970.00000000,BEAMUSDT
2022-10-05 20:00:00,0.18290000,0.18290000,0.18290000,0.18290000,6466.00000000,BEAMUSDT
2022-10-05 20:15:00,0.18310000,0.18310000,0.18270000,0.18280000,5831.00000000,BEAMUSDT
2022-10-05 20:30:00,0.18310000,0.18340000,0.18290000,0.18290000,4987.00000000,BEAMUSDT
2022-10-05 20:45:00,0.18290000,0.18290000,0.18250000,0.18250000,10029.00000000,BEAMUSDT
2022-10-05 21:00:00,0.18250000,0.18290000,0.18250000,0.18290000,923.00000000,BEAMUSDT
2022-10-05 21:15:00,0.18290000,0.18290000,0.18270000,0.18270000,818.00000000,BEAMUSDT
2022-10-05 21:30:00,0.18290000,0.18290000,0.18290000,0.18290000,5366.00000000,BEAMUSDT
2022-10-05 21:45:00,0.18340000,0.18370000,0.18310000,0.18310000,6237.00000000,BEAMUSDT
2022-10-05 22:00:00,0.18330000,0.18330000,0.18280000,0.18280000,9054.00000000,BEAMUSDT
2022-10-05 22:15:00,0.18290000,0.18320000,0.18290000,0.18320000,3187.00000000,BEAMUSDT
2022-10-05 22:30:00,0.18330000,0.18330000,0.18270000,0.18310000,11944.00000000,BEAMUSDT
2022-10-05 22:45:00,0.18310000,0.18380000,0.18310000,0.18350000,3609.00000000,BEAMUSDT
2022-10-05 23:00:00,0.18370000,0.18400000,0.18320000,0.18390000,16018.00000000,BEAMUSDT
2022-10-05 23:15:00,0.18400000,0.18400000,0.18400000,0.18400000,495.00000000,BEAMUSDT
2022-10-05 23:30:00,0.18310000,0.18330000,0.18310000,0.18330000,12232.00000000,BEAMUSDT
2022-10-05 23:45:00,0.18370000,0.18400000,0.18330000,0.18400000,12244.00000000,BEAMUSDT
2022-10-06 00:00:00,0.18360000,0.18460000,0.18350000,0.18460000,17346.00000000,BEAMUSDT
2022-10-06 00:15:00,0.18460000,0.18500000,0.18400000,0.18400000,26524.00000000,BEAMUSDT
2022-10-06 00:30:00,0.18460000,0.18480000,0.18410000,0.18410000,1097.00000000,BEAMUSDT
2022-10-06 00:45:00,0.18440000,0.18480000,0.18410000,0.18410000,14116.00000000,BEAMUSDT
2022-10-06 01:00:00,0.18400000,0.18470000,0.18400000,0.18400000,3951.00000000,BEAMUSDT
2022-10-06 01:15:00,0.18470000,0.18470000,0.18390000,0.18410000,2454.00000000,BEAMUSDT
2022-10-06 01:30:00,0.18420000,0.18420000,0.18390000,0.18390000,8103.00000000,BEAMUSDT
2022-10-06 01:45:00,0.18480000,0.18500000,0.18460000,0.18470000,38028.00000000,BEAMUSDT
2022-10-06 02:00:00,0.18480000,0.18510000,0.18410000,0.18410000,26512.00000000,BEAMUSDT
2022-10-06 02:15:00,0.18430000,0.18430000,0.18340000,0.18380000,120118.00000000,BEAMUSDT
2022-10-06 02:30:00,0.18380000,0.18380000,0.18380000,0.18380000,0.00000000,BEAMUSDT
2022-10-06 02:45:00,0.18340000,0.18360000,0.18340000,0.18350000,33535.00000000,BEAMUSDT
2022-10-06 03:00:00,0.18350000,0.18380000,0.18350000,0.18380000,1738.00000000,BEAMUSDT
2022-10-06 03:15:00,0.18390000,0.18390000,0.18360000,0.18360000,13128.00000000,BEAMUSDT
2022-10-06 03:30:00,0.18360000,0.18360000,0.18360000,0.18360000,5216.00000000,BEAMUSDT
2022-10-06 03:45:00,0.18390000,0.18390000,0.18360000,0.18360000,1772.00000000,BEAMUSDT
2022-10-06 04:00:00,0.18380000,0.18460000,0.18380000,0.18410000,23707.00000000,BEAMUSDT
2022-10-06 04:15:00,0.18440000,0.18530000,0.18420000,0.18480000,18186.00000000,BEAMUSDT
2022-10-06 04:30:00,0.18460000,0.18510000,0.18430000,0.18480000,45046.00000000,BEAMUSDT
2022-10-06 04:45:00,0.18440000,0.18490000,0.18400000,0.18440000,27159.00000000,BEAMUSDT
2022-10-06 05:00:00,0.18420000,0.18430000,0.18380000,0.18410000,1879.00000000,BEAMUSDT
2022-10-06 05:15:00,0.18420000,0.18470000,0.18410000,0.18470000,56679.00000000,BEAMUSDT
2022-10-06 05:30:00,0.18470000,0.18530000,0.18470000,0.18480000,18339.00000000,BEAMUSDT
2022-10-06 05:45:00,0.18470000,0.18470000,0.18410000,0.18410000,9749.00000000,BEAMUSDT
2022-10-06 06:00:00,0.18390000,0.18390000,0.18310000,0.18320000,50315.00000000,BEAMUSDT
2022-10-06 06:15:00,0.18360000,0.18380000,0.18320000,0.18320000,23090.00000000,BEAMUSDT
2022-10-06 06:30:00,0.18380000,0.18470000,0.18310000,0.18330000,16732.00000000,BEAMUSDT
2022-10-06 06:45:00,0.18400000,0.18410000,0.18330000,0.18330000,22037.00000000,BEAMUSDT
2022-10-06 07:00:00,0.18310000,0.18360000,0.18310000,0.18360000,1452.00000000,BEAMUSDT
2022-10-06 07:15:00,0.18370000,0.18370000,0.18370000,0.18370000,1431.00000000,BEAMUSDT
2022-10-06 07:30:00,0.18370000,0.18370000,0.18370000,0.18370000,224.00000000,BEAMUSDT
2022-10-06 07:45:00,0.18310000,0.18350000,0.18230000,0.18340000,44740.00000000,BEAMUSDT
2022-10-06 08:00:00,0.18350000,0.18420000,0.18290000,0.18320000,2169.00000000,BEAMUSDT
2022-10-06 08:15:00,0.18290000,0.18390000,0.18260000,0.18300000,14702.00000000,BEAMUSDT
2022-10-06 08:30:00,0.18270000,0.18290000,0.18270000,0.18270000,4587.00000000,BEAMUSDT
2022-10-06 08:45:00,0.18270000,0.18270000,0.18200000,0.18260000,13304.00000000,BEAMUSDT
2022-10-06 09:00:00,0.18270000,0.18290000,0.18240000,0.18270000,18788.00000000,BEAMUSDT
2022-10-06 09:15:00,0.18260000,0.18300000,0.18260000,0.18300000,1300.00000000,BEAMUSDT
2022-10-06 09:30:00,0.18250000,0.18310000,0.18250000,0.18270000,16853.00000000,BEAMUSDT
2022-10-06 09:45:00,0.18310000,0.18320000,0.18150000,0.18160000,39463.00000000,BEAMUSDT
2022-10-06 10:00:00,0.18190000,0.18260000,0.18180000,0.18210000,32306.00000000,BEAMUSDT
2022-10-06 10:15:00,0.18210000,0.18280000,0.18210000,0.18240000,13030.00000000,BEAMUSDT
2022-10-06 10:30:00,0.18230000,0.18280000,0.18220000,0.18230000,3145.00000000,BEAMUSDT
2022-10-06 10:45:00,0.18230000,0.18280000,0.18210000,0.18210000,4512.00000000,BEAMUSDT
2022-10-06 11:00:00,0.18250000,0.18260000,0.18180000,0.18180000,9714.00000000,BEAMUSDT
2022-10-06 11:15:00,0.18210000,0.18270000,0.18210000,0.18270000,10450.00000000,BEAMUSDT
2022-10-06 11:30:00,0.18240000,0.18350000,0.18240000,0.18290000,33035.00000000,BEAMUSDT
2022-10-06 11:45:00,0.18290000,0.18350000,0.18290000,0.18350000,7701.00000000,BEAMUSDT
2022-10-06 12:00:00,0.18360000,0.18380000,0.18290000,0.18300000,20516.00000000,BEAMUSDT
2022-10-06 12:15:00,0.18300000,0.18380000,0.18290000,0.18310000,3608.00000000,BEAMUSDT
2022-10-06 12:30:00,0.18330000,0.18440000,0.18330000,0.18420000,40777.00000000,BEAMUSDT
2022-10-06 12:45:00,0.18370000,0.18410000,0.18300000,0.18300000,19775.00000000,BEAMUSDT
2022-10-06 13:00:00,0.18300000,0.18300000,0.18220000,0.18290000,10208.00000000,BEAMUSDT
2022-10-06 13:15:00,0.18240000,0.18240000,0.18190000,0.18220000,33496.00000000,BEAMUSDT
2022-10-06 13:30:00,0.18240000,0.18360000,0.18230000,0.18300000,25398.00000000,BEAMUSDT
2022-10-06 13:45:00,0.18290000,0.18330000,0.18230000,0.18230000,14911.00000000,BEAMUSDT
2022-10-06 14:00:00,0.18220000,0.18220000,0.18100000,0.18130000,31478.00000000,BEAMUSDT
2022-10-06 14:15:00,0.18130000,0.18180000,0.18090000,0.18120000,52937.00000000,BEAMUSDT
2022-10-06 14:30:00,0.18160000,0.18310000,0.18130000,0.18220000,41278.00000000,BEAMUSDT
2022-10-06 14:45:00,0.18200000,0.18290000,0.18190000,0.18220000,23960.00000000,BEAMUSDT
2022-10-06 15:00:00,0.18220000,0.18250000,0.18150000,0.18170000,11343.00000000,BEAMUSDT
2022-10-06 15:15:00,0.18170000,0.18250000,0.18150000,0.18250000,14649.00000000,BEAMUSDT
2022-10-06 15:30:00,0.18200000,0.18260000,0.18190000,0.18190000,8518.00000000,BEAMUSDT
2022-10-06 15:45:00,0.18220000,0.18250000,0.18170000,0.18170000,6300.00000000,BEAMUSDT
2022-10-06 16:00:00,0.18210000,0.18210000,0.18120000,0.18120000,7299.00000000,BEAMUSDT
2022-10-06 16:15:00,0.18130000,0.18190000,0.18130000,0.18150000,22266.00000000,BEAMUSDT
2022-10-06 16:30:00,0.18150000,0.18210000,0.18140000,0.18170000,38754.00000000,BEAMUSDT
2022-10-06 16:45:00,0.18170000,0.18220000,0.18170000,0.18170000,2933.00000000,BEAMUSDT
2022-10-06 17:00:00,0.18150000,0.18200000,0.18140000,0.18200000,5102.00000000,BEAMUSDT
2022-10-06 17:15:00,0.18200000,0.18270000,0.18180000,0.18200000,31584.00000000,BEAMUSDT
2022-10-06 17:30:00,0.18210000,0.18210000,0.18140000,0.18140000,3088.00000000,BEAMUSDT
2022-10-06 17:45:00,0.18200000,0.18210000,0.18200000,0.18200000,2504.00000000,BEAMUSDT
2022-10-06 18:00:00,0.18170000,0.18170000,0.18140000,0.18170000,4866.00000000,BEAMUSDT
2022-10-06 18:15:00,0.18140000,0.18190000,0.18140000,0.18150000,10928.00000000,BEAMUSDT
2022-10-06 18:30:00,0.18150000,0.18230000,0.18140000,0.18190000,30492.00000000,BEAMUSDT
2022-10-06 18:45:00,0.18150000,0.18200000,0.18130000,0.18190000,53364.00000000,BEAMUSDT
2022-10-06 19:00:00,0.18140000,0.18170000,0.18140000,0.18170000,1984.00000000,BEAMUSDT
2022-10-06 19:15:00,0.18140000,0.18180000,0.18130000,0.18140000,9140.00000000,BEAMUSDT
2022-10-06 19:30:00,0.18140000,0.18140000,0.18140000,0.18140000,1149.00000000,BEAMUSDT
2022-10-06 19:45:00,0.18160000,0.18170000,0.18130000,0.18130000,7527.00000000,BEAMUSDT
2022-10-06 20:00:00,0.18130000,0.18140000,0.18130000,0.18130000,5279.00000000,BEAMUSDT
2022-10-06 20:15:00,0.18130000,0.18180000,0.18130000,0.18180000,32480.00000000,BEAMUSDT
2022-10-06 20:30:00,0.18130000,0.18170000,0.18130000,0.18150000,2161.00000000,BEAMUSDT
2022-10-06 20:45:00,0.18130000,0.18130000,0.18120000,0.18130000,8154.00000000,BEAMUSDT
2022-10-06 21:00:00,0.18130000,0.18130000,0.18120000,0.18120000,13513.00000000,BEAMUSDT
2022-10-06 21:15:00,0.18120000,0.18120000,0.18110000,0.18110000,3635.00000000,BEAMUSDT
2022-10-06 21:30:00,0.18110000,0.18120000,0.18110000,0.18110000,3408.00000000,BEAMUSDT
2022-10-06 21:45:00,0.18120000,0.18120000,0.18110000,0.18110000,653.00000000,BEAMUSDT
2022-10-06 22:00:00,0.18110000,0.18140000,0.18110000,0.18120000,14143.00000000,BEAMUSDT
2022-10-06 22:15:00,0.18120000,0.18120000,0.18110000,0.18110000,28365.00000000,BEAMUSDT
2022-10-06 22:30:00,0.18110000,0.18110000,0.18100000,0.18100000,5256.00000000,BEAMUSDT
2022-10-06 22:45:00,0.18140000,0.18160000,0.18100000,0.18100000,2729.00000000,BEAMUSDT
2022-10-06 23:00:00,0.18090000,0.18120000,0.18010000,0.18120000,48766.00000000,BEAMUSDT
2022-10-06 23:15:00,0.18090000,0.18090000,0.18050000,0.18080000,1336.00000000,BEAMUSDT
2022-10-06 23:30:00,0.18110000,0.18110000,0.18050000,0.18050000,734.00000000,BEAMUSDT
2022-10-06 23:45:00,0.18060000,0.18080000,0.18060000,0.18070000,3423.00000000,BEAMUSDT
2022-10-07 00:00:00,0.18080000,0.18110000,0.18080000,0.18110000,1111.00000000,BEAMUSDT
2022-10-07 00:15:00,0.18180000,0.18200000,0.18180000,0.18190000,4685.00000000,BEAMUSDT
2022-10-07 00:30:00,0.18160000,0.18160000,0.18160000,0.18160000,2553.00000000,BEAMUSDT
2022-10-07 00:45:00,0.18150000,0.18160000,0.18150000,0.18160000,3618.00000000,BEAMUSDT
2022-10-07 01:00:00,0.18160000,0.18160000,0.18160000,0.18160000,534.00000000,BEAMUSDT
2022-10-07 01:15:00,0.18120000,0.18120000,0.18110000,0.18120000,1466.00000000,BEAMUSDT
2022-10-07 01:30:00,0.18110000,0.18110000,0.18110000,0.18110000,98.00000000,BEAMUSDT
2022-10-07 01:45:00,0.18100000,0.18250000,0.18100000,0.18240000,12216.00000000,BEAMUSDT
2022-10-07 02:00:00,0.18160000,0.18190000,0.18110000,0.18110000,899.00000000,BEAMUSDT
2022-10-07 02:15:00,0.18130000,0.18180000,0.18130000,0.18130000,1750.00000000,BEAMUSDT
2022-10-07 02:30:00,0.18130000,0.18130000,0.18110000,0.18110000,3605.00000000,BEAMUSDT
2022-10-07 02:45:00,0.18120000,0.18120000,0.18120000,0.18120000,704.00000000,BEAMUSDT
2022-10-07 03:00:00,0.18120000,0.18120000,0.18120000,0.18120000,548.00000000,BEAMUSDT
2022-10-07 03:15:00,0.18120000,0.18150000,0.18110000,0.18150000,1385.00000000,BEAMUSDT
2022-10-07 03:30:00,0.18150000,0.18150000,0.18150000,0.18150000,0.00000000,BEAMUSDT
2022-10-07 03:45:00,0.18110000,0.18150000,0.18110000,0.18110000,3219.00000000,BEAMUSDT
2022-10-07 04:00:00,0.18110000,0.18110000,0.18110000,0.18110000,249.00000000,BEAMUSDT
2022-10-07 04:15:00,0.18110000,0.18110000,0.18110000,0.18110000,632.00000000,BEAMUSDT
2022-10-07 04:30:00,0.18110000,0.18110000,0.18110000,0.18110000,0.00000000,BEAMUSDT
2022-10-07 04:45:00,0.18110000,0.18110000,0.18100000,0.18100000,3581.00000000,BEAMUSDT
2022-10-07 05:00:00,0.18070000,0.18160000,0.18040000,0.18160000,6553.00000000,BEAMUSDT
2022-10-07 05:15:00,0.18130000,0.18130000,0.18060000,0.18060000,900.00000000,BEAMUSDT
2022-10-07 05:30:00,0.18100000,0.18110000,0.18100000,0.18110000,2638.00000000,BEAMUSDT
2022-10-07 05:45:00,0.18120000,0.18120000,0.18120000,0.18120000,138.00000000,BEAMUSDT
2022-10-07 06:00:00,0.18090000,0.18090000,0.18090000,0.18090000,256.00000000,BEAMUSDT
2022-10-07 06:15:00,0.18080000,0.18080000,0.18010000,0.18010000,5753.00000000,BEAMUSDT
2022-10-07 06:30:00,0.18010000,0.18010000,0.17940000,0.17970000,43965.00000000,BEAMUSDT
2022-10-07 06:45:00,0.17970000,0.17990000,0.17970000,0.17980000,12321.00000000,BEAMUSDT
2022-10-07 07:00:00,0.17990000,0.18060000,0.17990000,0.18050000,11772.00000000,BEAMUSDT
2022-10-07 07:15:00,0.18040000,0.18070000,0.18020000,0.18020000,1042.00000000,BEAMUSDT
2022-10-07 07:30:00,0.18020000,0.18070000,0.18020000,0.18070000,5458.00000000,BEAMUSDT
2022-10-07 07:45:00,0.18040000,0.18040000,0.18040000,0.18040000,606.00000000,BEAMUSDT
2022-10-07 08:00:00,0.18030000,0.18060000,0.18020000,0.18020000,45853.00000000,BEAMUSDT
2022-10-07 08:15:00,0.18080000,0.18110000,0.18080000,0.18100000,8650.00000000,BEAMUSDT
2022-10-07 08:30:00,0.18080000,0.18140000,0.18080000,0.18140000,12732.00000000,BEAMUSDT
2022-10-07 08:45:00,0.18140000,0.18160000,0.18140000,0.18160000,276.00000000,BEAMUSDT
2022-10-07 09:00:00,0.18170000,0.18180000,0.18150000,0.18150000,11717.00000000,BEAMUSDT
2022-10-07 09:15:00,0.18160000,0.18220000,0.18140000,0.18140000,6120.00000000,BEAMUSDT
2022-10-07 09:30:00,0.18150000,0.18200000,0.18120000,0.18150000,10562.00000000,BEAMUSDT
2022-10-07 09:45:00,0.18100000,0.18130000,0.18090000,0.18100000,2759.00000000,BEAMUSDT
2022-10-07 10:00:00,0.18120000,0.18180000,0.18120000,0.18180000,18066.00000000,BEAMUSDT
2022-10-07 10:15:00,0.18170000,0.18170000,0.18110000,0.18110000,3010.00000000,BEAMUSDT
2022-10-07 10:30:00,0.18110000,0.18110000,0.18110000,0.18110000,325.00000000,BEAMUSDT
2022-10-07 10:45:00,0.18110000,0.18190000,0.18110000,0.18150000,2999.00000000,BEAMUSDT
2022-10-07 11:00:00,0.18190000,0.18200000,0.18130000,0.18130000,6238.00000000,BEAMUSDT
2022-10-07 11:15:00,0.18130000,0.18130000,0.18120000,0.18130000,1049.00000000,BEAMUSDT
2022-10-07 11:30:00,0.18130000,0.18130000,0.18120000,0.18120000,550.00000000,BEAMUSDT
2022-10-07 11:45:00,0.18130000,0.18150000,0.18130000,0.18130000,3763.00000000,BEAMUSDT
2022-10-07 12:00:00,0.18140000,0.18190000,0.18140000,0.18140000,745.00000000,BEAMUSDT
2022-10-07 12:15:00,0.18190000,0.18210000,0.18100000,0.18100000,26477.00000000,BEAMUSDT
2022-10-07 12:30:00,0.18060000,0.18090000,0.17910000,0.17990000,54891.00000000,BEAMUSDT
2022-10-07 12:45:00,0.17980000,0.17980000,0.17850000,0.17880000,30602.00000000,BEAMUSDT
2022-10-07 13:00:00,0.17880000,0.18000000,0.17880000,0.17990000,10348.00000000,BEAMUSDT
2022-10-07 13:15:00,0.18000000,0.18080000,0.18000000,0.18050000,6736.00000000,BEAMUSDT
2022-10-07 13:30:00,0.18060000,0.18090000,0.18050000,0.18090000,33298.00000000,BEAMUSDT
2022-10-07 13:45:00,0.18080000,0.18080000,0.17960000,0.18000000,28530.00000000,BEAMUSDT
2022-10-07 14:00:00,0.18020000,0.18110000,0.18000000,0.18100000,31895.00000000,BEAMUSDT
2022-10-07 14:15:00,0.18080000,0.18190000,0.18080000,0.18130000,6052.00000000,BEAMUSDT
2022-10-07 14:30:00,0.18160000,0.18160000,0.18090000,0.18140000,7197.00000000,BEAMUSDT
2022-10-07 14:45:00,0.18120000,0.18200000,0.18120000,0.18200000,10155.00000000,BEAMUSDT
2022-10-07 15:00:00,0.18200000,0.18200000,0.18080000,0.18080000,39647.00000000,BEAMUSDT
2022-10-07 15:15:00,0.18090000,0.18100000,0.18010000,0.18030000,26937.00000000,BEAMUSDT
2022-10-07 15:30:00,0.18060000,0.18100000,0.18030000,0.18030000,32475.00000000,BEAMUSDT
2022-10-07 15:45:00,0.18050000,0.18070000,0.18030000,0.18030000,12231.00000000,BEAMUSDT
2022-10-07 16:00:00,0.18030000,0.18030000,0.18030000,0.18030000,1599.00000000,BEAMUSDT
2022-10-07 16:15:00,0.18060000,0.18110000,0.17930000,0.18000000,11700.00000000,BEAMUSDT
2022-10-07 16:30:00,0.17930000,0.18040000,0.17930000,0.18040000,21521.00000000,BEAMUSDT
2022-10-07 16:45:00,0.17980000,0.18020000,0.17960000,0.17960000,1371.00000000,BEAMUSDT
2022-10-07 17:00:00,0.18010000,0.18010000,0.17970000,0.17970000,1378.00000000,BEAMUSDT
2022-10-07 17:15:00,0.17960000,0.17980000,0.17960000,0.17980000,390.00000000,BEAMUSDT
2022-10-07 17:30:00,0.18000000,0.18020000,0.18000000,0.18020000,4124.00000000,BEAMUSDT
2022-10-07 17:45:00,0.18020000,0.18020000,0.18000000,0.18020000,1033.00000000,BEAMUSDT
2022-10-07 18:00:00,0.18010000,0.18010000,0.17990000,0.17990000,1402.00000000,BEAMUSDT
2022-10-07 18:15:00,0.18000000,0.18010000,0.17990000,0.18010000,1105.00000000,BEAMUSDT
2022-10-07 18:30:00,0.17960000,0.17960000,0.17840000,0.17940000,61896.00000000,BEAMUSDT
2022-10-07 18:45:00,0.17910000,0.17940000,0.17890000,0.17920000,7704.00000000,BEAMUSDT
2022-10-07 19:00:00,0.17920000,0.17970000,0.17920000,0.17940000,1966.00000000,BEAMUSDT
2022-10-07 19:15:00,0.17940000,0.17950000,0.17940000,0.17940000,732.00000000,BEAMUSDT
2022-10-07 19:30:00,0.17940000,0.17960000,0.17900000,0.17960000,8063.00000000,BEAMUSDT
2022-10-07 19:45:00,0.17940000,0.17940000,0.17880000,0.17910000,7798.00000000,BEAMUSDT
2022-10-07 20:00:00,0.17960000,0.17960000,0.17910000,0.17960000,1774.00000000,BEAMUSDT
2022-10-07 20:15:00,0.17970000,0.17990000,0.17920000,0.17990000,11173.00000000,BEAMUSDT
2022-10-07 20:30:00,0.17990000,0.18000000,0.17990000,0.18000000,1994.00000000,BEAMUSDT
2022-10-07 20:45:00,0.17970000,0.18030000,0.17930000,0.17990000,15907.00000000,BEAMUSDT
2022-10-07 21:00:00,0.17980000,0.17980000,0.17920000,0.17920000,12347.00000000,BEAMUSDT
2022-10-07 21:15:00,0.17930000,0.17980000,0.17930000,0.17980000,1791.00000000,BEAMUSDT
2022-10-07 21:30:00,0.17950000,0.17980000,0.17940000,0.17980000,627.00000000,BEAMUSDT
2022-10-07 21:45:00,0.17950000,0.17990000,0.17950000,0.17990000,980.00000000,BEAMUSDT
2022-10-07 22:00:00,0.17990000,0.18000000,0.17990000,0.18000000,186.00000000,BEAMUSDT
2022-10-07 22:15:00,0.17950000,0.18000000,0.17950000,0.17990000,1991.00000000,BEAMUSDT
2022-10-07 22:30:00,0.17990000,0.17990000,0.17950000,0.17990000,2215.00000000,BEAMUSDT
2022-10-07 22:45:00,0.17960000,0.17960000,0.17960000,0.17960000,1038.00000000,BEAMUSDT
2022-10-07 23:00:00,0.17960000,0.17960000,0.17940000,0.17940000,5387.00000000,BEAMUSDT
2022-10-07 23:15:00,0.17990000,0.17990000,0.17950000,0.17950000,141.00000000,BEAMUSDT
2022-10-07 23:30:00,0.17990000,0.18000000,0.17950000,0.18000000,185.00000000,BEAMUSDT
2022-10-07 23:45:00,0.17990000,0.17990000,0.17990000,0.17990000,310.00000000,BEAMUSDT
2022-10-08 00:00:00,0.18000000,0.18010000,0.18000000,0.18010000,6431.00000000,BEAMUSDT
2022-10-08 00:15:00,0.18010000,0.18040000,0.18000000,0.18040000,15153.00000000,BEAMUSDT
2022-10-08 00:30:00,0.18040000,0.18040000,0.18020000,0.18040000,838.00000000,BEAMUSDT
2022-10-08 00:45:00,0.18060000,0.18100000,0.18030000,0.18070000,1962.00000000,BEAMUSDT
2022-10-08 01:00:00,0.18070000,0.18080000,0.18030000,0.18070000,5413.00000000,BEAMUSDT
2022-10-08 01:15:00,0.18030000,0.18080000,0.18030000,0.18070000,2525.00000000,BEAMUSDT
2022-10-08 01:30:00,0.18030000,0.18070000,0.18030000,0.18030000,888.00000000,BEAMUSDT
2022-10-08 01:45:00,0.18070000,0.18070000,0.18010000,0.18050000,3676.00000000,BEAMUSDT
2022-10-08 02:00:00,0.18020000,0.18080000,0.18000000,0.18040000,1839.00000000,BEAMUSDT
2022-10-08 02:15:00,0.18010000,0.18060000,0.18000000,0.18060000,563.00000000,BEAMUSDT
2022-10-08 02:30:00,0.18080000,0.18110000,0.18010000,0.18070000,16391.00000000,BEAMUSDT
2022-10-08 02:45:00,0.18050000,0.18060000,0.17980000,0.18060000,7239.00000000,BEAMUSDT
2022-10-08 03:00:00,0.18010000,0.18020000,0.18010000,0.18020000,553.00000000,BEAMUSDT
2022-10-08 03:15:00,0.18050000,0.18050000,0.17960000,0.18030000,641.00000000,BEAMUSDT
2022-10-08 03:30:00,0.17980000,0.18030000,0.17980000,0.18030000,122.00000000,BEAMUSDT
2022-10-08 03:45:00,0.18030000,0.18030000,0.18030000,0.18030000,0.00000000,BEAMUSDT
2022-10-08 04:00:00,0.18000000,0.18040000,0.17980000,0.18020000,7269.00000000,BEAMUSDT
2022-10-08 04:15:00,0.18010000,0.18050000,0.17990000,0.18050000,1938.00000000,BEAMUSDT
2022-10-08 04:30:00,0.17990000,0.18030000,0.17990000,0.18030000,1022.00000000,BEAMUSDT
2022-10-08 04:45:00,0.17990000,0.18040000,0.17980000,0.17980000,13240.00000000,BEAMUSDT
2022-10-08 05:00:00,0.17980000,0.17980000,0.17800000,0.17910000,72596.00000000,BEAMUSDT
2022-10-08 05:15:00,0.17910000,0.17930000,0.17890000,0.17930000,714.00000000,BEAMUSDT
2022-10-08 05:30:00,0.17930000,0.17930000,0.17930000,0.17930000,129.00000000,BEAMUSDT
2022-10-08 05:45:00,0.17900000,0.17920000,0.17790000,0.17880000,38081.00000000,BEAMUSDT
2022-10-08 06:00:00,0.17900000,0.17910000,0.17860000,0.17860000,2395.00000000,BEAMUSDT
2022-10-08 06:15:00,0.17860000,0.17900000,0.17860000,0.17870000,7034.00000000,BEAMUSDT
2022-10-08 06:30:00,0.17880000,0.17920000,0.17860000,0.17920000,1880.00000000,BEAMUSDT
2022-10-08 06:45:00,0.17860000,0.17920000,0.17860000,0.17910000,10266.00000000,BEAMUSDT
2022-10-08 07:00:00,0.17870000,0.17920000,0.17870000,0.17880000,14573.00000000,BEAMUSDT
2022-10-08 07:15:00,0.17910000,0.17910000,0.17840000,0.17870000,14257.00000000,BEAMUSDT
2022-10-08 07:30:00,0.17870000,0.17890000,0.17870000,0.17890000,186.00000000,BEAMUSDT
2022-10-08 07:45:00,0.17840000,0.17890000,0.17840000,0.17890000,874.00000000,BEAMUSDT
2022-10-08 08:00:00,0.17870000,0.17890000,0.17850000,0.17850000,9865.00000000,BEAMUSDT
2022-10-08 08:15:00,0.17850000,0.17870000,0.17840000,0.17840000,6798.00000000,BEAMUSDT
2022-10-08 08:30:00,0.17830000,0.17840000,0.17810000,0.17810000,5339.00000000,BEAMUSDT
2022-10-08 08:45:00,0.17830000,0.17860000,0.17810000,0.17850000,24658.00000000,BEAMUSDT
2022-10-08 09:00:00,0.17840000,0.17860000,0.17800000,0.17860000,2721.00000000,BEAMUSDT
2022-10-08 09:15:00,0.17830000,0.17860000,0.17830000,0.17860000,1711.00000000,BEAMUSDT
2022-10-08 09:30:00,0.17850000,0.17880000,0.17830000,0.17840000,17642.00000000,BEAMUSDT
2022-10-08 09:45:00,0.17840000,0.17890000,0.17830000,0.17890000,21779.00000000,BEAMUSDT
2022-10-08 10:00:00,0.17900000,0.17900000,0.17860000,0.17890000,1287.00000000,BEAMUSDT
2022-10-08 10:15:00,0.17860000,0.17890000,0.17860000,0.17870000,31417.00000000,BEAMUSDT
2022-10-08 10:30:00,0.17880000,0.17900000,0.17870000,0.17900000,1176.00000000,BEAMUSDT
2022-10-08 10:45:00,0.17900000,0.17900000,0.17880000,0.17900000,4377.00000000,BEAMUSDT
2022-10-08 11:00:00,0.17870000,0.17870000,0.17860000,0.17860000,6665.00000000,BEAMUSDT
2022-10-08 11:15:00,0.17860000,0.17870000,0.17860000,0.17860000,1691.00000000,BEAMUSDT
2022-10-08 11:30:00,0.17860000,0.17880000,0.17860000,0.17880000,6046.00000000,BEAMUSDT
2022-10-08 11:45:00,0.17900000,0.17900000,0.17880000,0.17880000,6478.00000000,BEAMUSDT
2022-10-08 12:00:00,0.17900000,0.17920000,0.17900000,0.17910000,40430.00000000,BEAMUSDT
2022-10-08 12:15:00,0.17910000,0.17950000,0.17900000,0.17920000,9145.00000000,BEAMUSDT
2022-10-08 12:30:00,0.17900000,0.17970000,0.17890000,0.17930000,30785.00000000,BEAMUSDT
2022-10-08 12:45:00,0.17920000,0.18030000,0.17920000,0.17920000,7834.00000000,BEAMUSDT
2022-10-08 13:00:00,0.17950000,0.18190000,0.17950000,0.18040000,147957.00000000,BEAMUSDT
2022-10-08 13:15:00,0.18040000,0.18040000,0.17800000,0.17880000,124029.00000000,BEAMUSDT
2022-10-08 13:30:00,0.17900000,0.17900000,0.17860000,0.17870000,12488.00000000,BEAMUSDT
2022-10-08 13:45:00,0.17840000,0.17880000,0.17830000,0.17870000,22110.00000000,BEAMUSDT
2022-10-08 14:00:00,0.17850000,0.17860000,0.17840000,0.17840000,7124.00000000,BEAMUSDT
2022-10-08 14:15:00,0.17840000,0.17840000,0.17830000,0.17830000,13352.00000000,BEAMUSDT
2022-10-08 14:30:00,0.17840000,0.17850000,0.17830000,0.17840000,2128.00000000,BEAMUSDT
2022-10-08 14:45:00,0.17830000,0.17890000,0.17830000,0.17890000,3912.00000000,BEAMUSDT
2022-10-08 15:00:00,0.17840000,0.17900000,0.17840000,0.17900000,10465.00000000,BEAMUSDT
2022-10-08 15:15:00,0.17840000,0.17900000,0.17840000,0.17870000,7597.00000000,BEAMUSDT
2022-10-08 15:30:00,0.17850000,0.17850000,0.17800000,0.17810000,15036.00000000,BEAMUSDT
2022-10-08 15:45:00,0.17800000,0.17830000,0.17800000,0.17830000,420.00000000,BEAMUSDT
2022-10-08 16:00:00,0.17830000,0.17830000,0.17770000,0.17770000,31123.00000000,BEAMUSDT
2022-10-08 16:15:00,0.17780000,0.17840000,0.17760000,0.17780000,3166.00000000,BEAMUSDT
2022-10-08 16:30:00,0.17810000,0.17820000,0.17770000,0.17770000,2271.00000000,BEAMUSDT
2022-10-08 16:45:00,0.17790000,0.17830000,0.17780000,0.17790000,3531.00000000,BEAMUSDT
2022-10-08 17:00:00,0.17830000,0.17830000,0.17810000,0.17810000,271.00000000,BEAMUSDT
2022-10-08 17:15:00,0.17830000,0.17830000,0.17790000,0.17790000,695.00000000,BEAMUSDT
2022-10-08 17:30:00,0.17830000,0.17830000,0.17790000,0.17790000,2302.00000000,BEAMUSDT
2022-10-08 17:45:00,0.17800000,0.17860000,0.17790000,0.17800000,1660.00000000,BEAMUSDT
2022-10-08 18:00:00,0.17800000,0.17830000,0.17720000,0.17830000,31926.00000000,BEAMUSDT
2022-10-08 18:15:00,0.17790000,0.17830000,0.17790000,0.17830000,790.00000000,BEAMUSDT
2022-10-08 18:30:00,0.17820000,0.17840000,0.17820000,0.17830000,13831.00000000,BEAMUSDT
2022-10-08 18:45:00,0.17840000,0.17840000,0.17830000,0.17840000,2592.00000000,BEAMUSDT
2022-10-08 19:00:00,0.17840000,0.17840000,0.17820000,0.17830000,12328.00000000,BEAMUSDT
2022-10-08 19:15:00,0.17830000,0.17940000,0.17830000,0.17900000,37119.00000000,BEAMUSDT
2022-10-08 19:30:00,0.17900000,0.17910000,0.17900000,0.17900000,3142.00000000,BEAMUSDT
2022-10-08 19:45:00,0.17900000,0.17900000,0.17860000,0.17860000,6096.00000000,BEAMUSDT
2022-10-08 20:00:00,0.17860000,0.17860000,0.17830000,0.17830000,2099.00000000,BEAMUSDT
2022-10-08 20:15:00,0.17830000,0.17860000,0.17830000,0.17860000,1757.00000000,BEAMUSDT
2022-10-08 20:30:00,0.17840000,0.17840000,0.17840000,0.17840000,352.00000000,BEAMUSDT
2022-10-08 20:45:00,0.17820000,0.17820000,0.17770000,0.17800000,20465.00000000,BEAMUSDT
2022-10-08 21:00:00,0.17800000,0.17800000,0.17800000,0.17800000,738.00000000,BEAMUSDT
2022-10-08 21:15:00,0.17790000,0.17800000,0.17790000,0.17800000,4874.00000000,BEAMUSDT
2022-10-08 21:30:00,0.17790000,0.17790000,0.17740000,0.17740000,1262.00000000,BEAMUSDT
2022-10-08 21:45:00,0.17740000,0.17780000,0.17730000,0.17730000,4579.00000000,BEAMUSDT
2022-10-08 22:00:00,0.17730000,0.17740000,0.17720000,0.17720000,1853.00000000,BEAMUSDT
2022-10-08 22:15:00,0.17720000,0.17730000,0.17720000,0.17720000,3371.00000000,BEAMUSDT
2022-10-08 22:30:00,0.17720000,0.17900000,0.17720000,0.17770000,158683.00000000,BEAMUSDT
2022-10-08 22:45:00,0.17840000,0.17940000,0.17740000,0.17880000,209224.00000000,BEAMUSDT
2022-10-08 23:00:00,0.17850000,0.17950000,0.17770000,0.17890000,85840.00000000,BEAMUSDT
2022-10-08 23:15:00,0.17830000,0.17860000,0.17810000,0.17840000,13977.00000000,BEAMUSDT
2022-10-08 23:30:00,0.17810000,0.17850000,0.17810000,0.17850000,5317.00000000,BEAMUSDT
2022-10-08 23:45:00,0.17820000,0.17850000,0.17820000,0.17850000,6319.00000000,BEAMUSDT
2022-10-09 00:00:00,0.17820000,0.17880000,0.17820000,0.17850000,4301.00000000,BEAMUSDT
2022-10-09 00:15:00,0.17830000,0.17850000,0.17830000,0.17850000,185.00000000,BEAMUSDT
2022-10-09 00:30:00,0.17840000,0.17850000,0.17840000,0.17850000,2858.00000000,BEAMUSDT
2022-10-09 00:45:00,0.17840000,0.17850000,0.17840000,0.17850000,1837.00000000,BEAMUSDT
2022-10-09 01:00:00,0.17840000,0.17840000,0.17660000,0.17820000,150824.00000000,BEAMUSDT
2022-10-09 01:15:00,0.17830000,0.17830000,0.17800000,0.17810000,21723.00000000,BEAMUSDT
2022-10-09 01:30:00,0.17800000,0.17800000,0.17800000,0.17800000,1563.00000000,BEAMUSDT
2022-10-09 01:45:00,0.17770000,0.17790000,0.17760000,0.17790000,9278.00000000,BEAMUSDT
2022-10-09 02:00:00,0.17770000,0.17820000,0.17770000,0.17800000,1344.00000000,BEAMUSDT
2022-10-09 02:15:00,0.17780000,0.17820000,0.17750000,0.17800000,4200.00000000,BEAMUSDT
2022-10-09 02:30:00,0.17760000,0.17790000,0.17760000,0.17790000,125.00000000,BEAMUSDT
2022-10-09 02:45:00,0.17790000,0.17800000,0.17750000,0.17750000,861.00000000,BEAMUSDT
2022-10-09 03:00:00,0.17790000,0.17800000,0.17790000,0.17800000,124.00000000,BEAMUSDT
2022-10-09 03:15:00,0.17740000,0.17790000,0.17740000,0.17790000,314.00000000,BEAMUSDT
2022-10-09 03:30:00,0.17790000,0.17790000,0.17790000,0.17790000,0.00000000,BEAMUSDT
2022-10-09 03:45:00,0.17780000,0.17790000,0.17740000,0.17740000,1333.00000000,BEAMUSDT
2022-10-09 04:00:00,0.17750000,0.17810000,0.17740000,0.17810000,13903.00000000,BEAMUSDT
2022-10-09 04:15:00,0.17800000,0.17810000,0.17750000,0.17800000,1812.00000000,BEAMUSDT
2022-10-09 04:30:00,0.17800000,0.17800000,0.17800000,0.17800000,0.00000000,BEAMUSDT
2022-10-09 04:45:00,0.17780000,0.17790000,0.17750000,0.17790000,3352.00000000,BEAMUSDT
2022-10-09 05:00:00,0.17790000,0.17790000,0.17750000,0.17790000,2128.00000000,BEAMUSDT
2022-10-09 05:15:00,0.17770000,0.17780000,0.17720000,0.17780000,8688.00000000,BEAMUSDT
2022-10-09 05:30:00,0.17770000,0.17790000,0.17770000,0.17770000,2417.00000000,BEAMUSDT
2022-10-09 05:45:00,0.17790000,0.17800000,0.17640000,0.17770000,28347.00000000,BEAMUSDT
2022-10-09 06:00:00,0.17770000,0.17770000,0.17770000,0.17770000,664.00000000,BEAMUSDT
2022-10-09 06:15:00,0.17760000,0.17790000,0.17740000,0.17780000,1924.00000000,BEAMUSDT
2022-10-09 06:30:00,0.17740000,0.17770000,0.17730000,0.17740000,1661.00000000,BEAMUSDT
2022-10-09 06:45:00,0.17770000,0.17790000,0.17770000,0.17790000,8597.00000000,BEAMUSDT
2022-10-09 07:00:00,0.17780000,0.17800000,0.17750000,0.17790000,2375.00000000,BEAMUSDT
2022-10-09 07:15:00,0.17760000,0.17800000,0.17750000,0.17800000,1256.00000000,BEAMUSDT
2022-10-09 07:30:00,0.17810000,0.17830000,0.17810000,0.17820000,1285.00000000,BEAMUSDT
2022-10-09 07:45:00,0.17830000,0.17870000,0.17830000,0.17830000,14856.00000000,BEAMUSDT
2022-10-09 08:00:00,0.17820000,0.17870000,0.17820000,0.17860000,3459.00000000,BEAMUSDT
2022-10-09 08:15:00,0.17860000,0.17860000,0.17820000,0.17820000,2319.00000000,BEAMUSDT
2022-10-09 08:30:00,0.17820000,0.17820000,0.17810000,0.17810000,349.00000000,BEAMUSDT
2022-10-09 08:45:00,0.17780000,0.17840000,0.17780000,0.17840000,1391.00000000,BEAMUSDT
2022-10-09 09:00:00,0.17840000,0.17900000,0.17810000,0.17860000,10400.00000000,BEAMUSDT
2022-10-09 09:15:00,0.17900000,0.17910000,0.17830000,0.17890000,2505.00000000,BEAMUSDT
2022-10-09 09:30:00,0.17890000,0.17910000,0.17860000,0.17900000,2836.00000000,BEAMUSDT
2022-10-09 09:45:00,0.17910000,0.17930000,0.17850000,0.17860000,15706.00000000,BEAMUSDT
2022-10-09 10:00:00,0.17850000,0.17870000,0.17830000,0.17840000,6891.00000000,BEAMUSDT
2022-10-09 10:15:00,0.17870000,0.17900000,0.17840000,0.17840000,3802.00000000,BEAMUSDT
2022-10-09 10:30:00,0.17880000,0.17900000,0.17810000,0.17880000,39891.00000000,BEAMUSDT
2022-10-09 10:45:00,0.17840000,0.17850000,0.17790000,0.17840000,18752.00000000,BEAMUSDT
2022-10-09 11:00:00,0.17860000,0.17860000,0.17790000,0.17850000,7308.00000000,BEAMUSDT
2022-10-09 11:15:00,0.17850000,0.17860000,0.17820000,0.17860000,731.00000000,BEAMUSDT
2022-10-09 11:30:00,0.17870000,0.17880000,0.17800000,0.17830000,5596.00000000,BEAMUSDT
2022-10-09 11:45:00,0.17810000,0.17830000,0.17800000,0.17830000,5546.00000000,BEAMUSDT
2022-10-09 12:00:00,0.17830000,0.17980000,0.17800000,0.17930000,73750.00000000,BEAMUSDT
2022-10-09 12:15:00,0.17900000,0.17930000,0.17870000,0.17930000,6031.00000000,BEAMUSDT
2022-10-09 12:30:00,0.17880000,0.17930000,0.17880000,0.17930000,436.00000000,BEAMUSDT
2022-10-09 12:45:00,0.17910000,0.17920000,0.17900000,0.17910000,3609.00000000,BEAMUSDT
2022-10-09 13:00:00,0.17900000,0.17910000,0.17900000,0.17910000,2400.00000000,BEAMUSDT
2022-10-09 13:15:00,0.17900000,0.17920000,0.17900000,0.17920000,4245.00000000,BEAMUSDT
2022-10-09 13:30:00,0.17890000,0.17920000,0.17890000,0.17890000,298.00000000,BEAMUSDT
2022-10-09 13:45:00,0.17880000,0.17910000,0.17860000,0.17910000,2978.00000000,BEAMUSDT
2022-10-09 14:00:00,0.17890000,0.17910000,0.17840000,0.17900000,5288.00000000,BEAMUSDT
2022-10-09 14:15:00,0.17880000,0.17900000,0.17850000,0.17890000,2856.00000000,BEAMUSDT
2022-10-09 14:30:00,0.17860000,0.17900000,0.17860000,0.17890000,796.00000000,BEAMUSDT
2022-10-09 14:45:00,0.17860000,0.17890000,0.17850000,0.17870000,2732.00000000,BEAMUSDT
2022-10-09 15:00:00,0.17890000,0.17890000,0.17840000,0.17890000,773.00000000,BEAMUSDT
2022-10-09 15:15:00,0.17840000,0.17900000,0.17820000,0.17890000,4853.00000000,BEAMUSDT
2022-10-09 15:30:00,0.17890000,0.17890000,0.17840000,0.17840000,636.00000000,BEAMUSDT
2022-10-09 15:45:00,0.17840000,0.17880000,0.17820000,0.17830000,15877.00000000,BEAMUSDT
2022-10-09 16:00:00,0.17830000,0.17880000,0.17800000,0.17860000,24130.00000000,BEAMUSDT
2022-10-09 16:15:00,0.17810000,0.17820000,0.17800000,0.17820000,1136.00000000,BEAMUSDT
2022-10-09 16:30:00,0.17820000,0.17820000,0.17820000,0.17820000,84.00000000,BEAMUSDT
2022-10-09 16:45:00,0.17820000,0.17840000,0.17810000,0.17830000,1661.00000000,BEAMUSDT
2022-10-09 17:00:00,0.17830000,0.17830000,0.17790000,0.17830000,3712.00000000,BEAMUSDT
2022-10-09 17:15:00,0.17830000,0.17830000,0.17830000,0.17830000,88.00000000,BEAMUSDT
2022-10-09 17:30:00,0.17830000,0.17840000,0.17800000,0.17840000,2422.00000000,BEAMUSDT
2022-10-09 17:45:00,0.17820000,0.17850000,0.17790000,0.17850000,5512.00000000,BEAMUSDT
2022-10-09 18:00:00,0.17850000,0.17850000,0.17850000,0.17850000,446.00000000,BEAMUSDT
2022-10-09 18:15:00,0.17800000,0.17830000,0.17790000,0.17830000,751.00000000,BEAMUSDT
2022-10-09 18:30:00,0.17800000,0.17850000,0.17780000,0.17820000,7585.00000000,BEAMUSDT
2022-10-09 18:45:00,0.17780000,0.17820000,0.17780000,0.17820000,1343.00000000,BEAMUSDT
2022-10-09 19:00:00,0.17820000,0.17830000,0.17770000,0.17770000,1251.00000000,BEAMUSDT
2022-10-09 19:15:00,0.17760000,0.17760000,0.17720000,0.17740000,24682.00000000,BEAMUSDT
2022-10-09 19:30:00,0.17730000,0.17730000,0.17640000,0.17700000,76068.00000000,BEAMUSDT
2022-10-09 19:45:00,0.17700000,0.17780000,0.17700000,0.17730000,12801.00000000,BEAMUSDT
2022-10-09 20:00:00,0.17730000,0.17740000,0.17690000,0.17730000,10925.00000000,BEAMUSDT
2022-10-09 20:15:00,0.17730000,0.17730000,0.17650000,0.17660000,24031.00000000,BEAMUSDT
2022-10-09 20:30:00,0.17650000,0.17680000,0.17600000,0.17680000,34452.00000000,BEAMUSDT
2022-10-09 20:45:00,0.17700000,0.17740000,0.17700000,0.17700000,4461.00000000,BEAMUSDT
2022-10-09 21:00:00,0.17700000,0.17740000,0.17700000,0.17740000,437.00000000,BEAMUSDT
2022-10-09 21:15:00,0.17710000,0.17740000,0.17710000,0.17720000,12411.00000000,BEAMUSDT
2022-10-09 21:30:00,0.17740000,0.17740000,0.17720000,0.17720000,871.00000000,BEAMUSDT
2022-10-09 21:45:00,0.17740000,0.17760000,0.17720000,0.17760000,1515.00000000,BEAMUSDT
2022-10-09 22:00:00,0.17730000,0.17730000,0.17730000,0.17730000,1447.00000000,BEAMUSDT
2022-10-09 22:15:00,0.17730000,0.17760000,0.17730000,0.17730000,16742.00000000,BEAMUSDT
2022-10-09 22:30:00,0.17730000,0.17730000,0.17730000,0.17730000,247.00000000,BEAMUSDT
2022-10-09 22:45:00,0.17730000,0.17730000,0.17670000,0.17680000,11312.00000000,BEAMUSDT
2022-10-09 23:00:00,0.17680000,0.17680000,0.17680000,0.17680000,205.00000000,BEAMUSDT
2022-10-09 23:15:00,0.17680000,0.17680000,0.17680000,0.17680000,622.00000000,BEAMUSDT
2022-10-09 23:30:00,0.17680000,0.17700000,0.17600000,0.17700000,20367.00000000,BEAMUSDT
2022-10-09 23:45:00,0.17710000,0.17720000,0.17680000,0.17720000,3295.00000000,BEAMUSDT
2022-10-10 00:00:00,0.17680000,0.17680000,0.17670000,0.17680000,365.00000000,BEAMUSDT
2022-10-10 00:15:00,0.17710000,0.17720000,0.17680000,0.17700000,2429.00000000,BEAMUSDT
2022-10-10 00:30:00,0.17710000,0.17730000,0.17700000,0.17730000,15758.00000000,BEAMUSDT
2022-10-10 00:45:00,0.17760000,0.17860000,0.17760000,0.17840000,51682.00000000,BEAMUSDT
2022-10-10 01:00:00,0.17860000,0.17860000,0.17810000,0.17850000,6477.00000000,BEAMUSDT
2022-10-10 01:15:00,0.17850000,0.18000000,0.17790000,0.17850000,25663.00000000,BEAMUSDT
2022-10-10 01:30:00,0.17850000,0.17850000,0.17850000,0.17850000,312.00000000,BEAMUSDT
2022-10-10 01:45:00,0.17850000,0.17850000,0.17850000,0.17850000,0.00000000,BEAMUSDT
2022-10-10 02:00:00,0.17810000,0.17820000,0.17810000,0.17820000,660.00000000,BEAMUSDT
2022-10-10 02:15:00,0.17840000,0.17850000,0.17810000,0.17810000,3114.00000000,BEAMUSDT
2022-10-10 02:30:00,0.17830000,0.17830000,0.17830000,0.17830000,378.00000000,BEAMUSDT
2022-10-10 02:45:00,0.17830000,0.17830000,0.17800000,0.17800000,1233.00000000,BEAMUSDT
2022-10-10 03:00:00,0.17760000,0.17800000,0.17760000,0.17780000,953.00000000,BEAMUSDT
2022-10-10 03:15:00,0.17780000,0.17780000,0.17780000,0.17780000,351.00000000,BEAMUSDT
2022-10-10 03:30:00,0.17780000,0.17780000,0.17740000,0.17760000,1299.00000000,BEAMUSDT
2022-10-10 03:45:00,0.17740000,0.17750000,0.17740000,0.17740000,3130.00000000,BEAMUSDT
2022-10-10 04:00:00,0.17740000,0.17750000,0.17700000,0.17750000,12867.00000000,BEAMUSDT
2022-10-10 04:15:00,0.17730000,0.17750000,0.17730000,0.17750000,10307.00000000,BEAMUSDT
2022-10-10 04:30:00,0.17750000,0.17780000,0.17740000,0.17740000,2088.00000000,BEAMUSDT
2022-10-10 04:45:00,0.17750000,0.17780000,0.17740000,0.17780000,1921.00000000,BEAMUSDT
2022-10-10 05:00:00,0.17760000,0.17760000,0.17750000,0.17760000,604.00000000,BEAMUSDT
2022-10-10 05:15:00,0.17750000,0.17750000,0.17680000,0.17740000,25467.00000000,BEAMUSDT
2022-10-10 05:30:00,0.17740000,0.17740000,0.17660000,0.17700000,5259.00000000,BEAMUSDT
2022-10-10 05:45:00,0.17650000,0.17690000,0.17650000,0.17660000,2740.00000000,BEAMUSDT
2022-10-10 06:00:00,0.17660000,0.17660000,0.17640000,0.17640000,6376.00000000,BEAMUSDT
2022-10-10 06:15:00,0.17680000,0.17680000,0.17640000,0.17680000,2557.00000000,BEAMUSDT
2022-10-10 06:30:00,0.17640000,0.17660000,0.17630000,0.17640000,1961.00000000,BEAMUSDT
2022-10-10 06:45:00,0.17630000,0.17720000,0.17610000,0.17620000,21486.00000000,BEAMUSDT
2022-10-10 07:00:00,0.17620000,0.17680000,0.17610000,0.17670000,8342.00000000,BEAMUSDT
2022-10-10 07:15:00,0.17680000,0.17690000,0.17680000,0.17680000,2043.00000000,BEAMUSDT
2022-10-10 07:30:00,0.17690000,0.17700000,0.17650000,0.17650000,6732.00000000,BEAMUSDT
2022-10-10 07:45:00,0.17650000,0.17650000,0.17650000,0.17650000,251.00000000,BEAMUSDT
2022-10-10 08:00:00,0.17660000,0.17680000,0.17610000,0.17610000,10000.00000000,BEAMUSDT
2022-10-10 08:15:00,0.17600000,0.17630000,0.17600000,0.17600000,32562.00000000,BEAMUSDT
2022-10-10 08:30:00,0.17590000,0.17590000,0.17320000,0.17370000,96437.00000000,BEAMUSDT
2022-10-10 08:45:00,0.17470000,0.17470000,0.17400000,0.17430000,18058.00000000,BEAMUSDT
2022-10-10 09:00:00,0.17420000,0.17490000,0.17400000,0.17440000,24036.00000000,BEAMUSDT
2022-10-10 09:15:00,0.17450000,0.17490000,0.17370000,0.17470000,40886.00000000,BEAMUSDT
2022-10-10 09:30:00,0.17460000,0.17480000,0.17460000,0.17470000,4964.00000000,BEAMUSDT
2022-10-10 09:45:00,0.17480000,0.17580000,0.17480000,0.17560000,18155.00000000,BEAMUSDT
2022-10-10 10:00:00,0.17560000,0.17580000,0.17500000,0.17560000,4903.00000000,BEAMUSDT
2022-10-10 10:15:00,0.17550000,0.17550000,0.17320000,0.17480000,84592.00000000,BEAMUSDT
2022-10-10 10:30:00,0.17460000,0.17460000,0.17420000,0.17420000,1143.00000000,BEAMUSDT
2022-10-10 10:45:00,0.17420000,0.17440000,0.17250000,0.17420000,91952.00000000,BEAMUSDT
2022-10-10 11:00:00,0.17390000,0.17420000,0.17390000,0.17400000,7474.00000000,BEAMUSDT
2022-10-10 11:15:00,0.17420000,0.17460000,0.17420000,0.17460000,2698.00000000,BEAMUSDT
2022-10-10 11:30:00,0.17420000,0.17460000,0.17410000,0.17460000,1100.00000000,BEAMUSDT
2022-10-10 11:45:00,0.17420000,0.17420000,0.17400000,0.17410000,1236.00000000,BEAMUSDT
2022-10-10 12:00:00,0.17400000,0.17430000,0.17370000,0.17400000,9812.00000000,BEAMUSDT
2022-10-10 12:15:00,0.17430000,0.17450000,0.17390000,0.17420000,23290.00000000,BEAMUSDT
2022-10-10 12:30:00,0.17450000,0.17450000,0.17450000,0.17450000,1493.00000000,BEAMUSDT
2022-10-10 12:45:00,0.17460000,0.17480000,0.17450000,0.17480000,6917.00000000,BEAMUSDT
2022-10-10 13:00:00,0.17500000,0.17500000,0.17430000,0.17430000,7762.00000000,BEAMUSDT
2022-10-10 13:15:00,0.17460000,0.17470000,0.17440000,0.17470000,252.00000000,BEAMUSDT
2022-10-10 13:30:00,0.17440000,0.17520000,0.17440000,0.17500000,35273.00000000,BEAMUSDT
2022-10-10 13:45:00,0.17520000,0.17570000,0.17390000,0.17470000,17553.00000000,BEAMUSDT
2022-10-10 14:00:00,0.17470000,0.17470000,0.17290000,0.17390000,28107.00000000,BEAMUSDT
2022-10-10 14:15:00,0.17400000,0.17470000,0.17400000,0.17430000,22347.00000000,BEAMUSDT
2022-10-10 14:30:00,0.17450000,0.17450000,0.17360000,0.17360000,3570.00000000,BEAMUSDT
2022-10-10 14:45:00,0.17370000,0.17380000,0.17360000,0.17380000,2591.00000000,BEAMUSDT
2022-10-10 15:00:00,0.17380000,0.17390000,0.17350000,0.17370000,3274.00000000,BEAMUSDT
2022-10-10 15:15:00,0.17400000,0.17400000,0.17380000,0.17380000,462.00000000,BEAMUSDT
2022-10-10 15:30:00,0.17380000,0.17420000,0.17380000,0.17400000,43643.00000000,BEAMUSDT
2022-10-10 15:45:00,0.17370000,0.17380000,0.17350000,0.17370000,6995.00000000,BEAMUSDT
2022-10-10 16:00:00,0.17350000,0.17370000,0.17320000,0.17340000,2340.00000000,BEAMUSDT
2022-10-10 16:15:00,0.17320000,0.17350000,0.17310000,0.17310000,6396.00000000,BEAMUSDT
2022-10-10 16:30:00,0.17310000,0.17330000,0.17260000,0.17330000,7541.00000000,BEAMUSDT
2022-10-10 16:45:00,0.17320000,0.17320000,0.17250000,0.17250000,2345.00000000,BEAMUSDT
2022-10-10 17:00:00,0.17280000,0.17300000,0.17250000,0.17300000,2017.00000000,BEAMUSDT
2022-10-10 17:15:00,0.17300000,0.17330000,0.17270000,0.17280000,2720.00000000,BEAMUSDT
2022-10-10 17:30:00,0.17320000,0.17320000,0.17320000,0.17320000,919.00000000,BEAMUSDT
2022-10-10 17:45:00,0.17340000,0.17420000,0.17340000,0.17420000,6609.00000000,BEAMUSDT
2022-10-10 18:00:00,0.17390000,0.17410000,0.17380000,0.17410000,624.00000000,BEAMUSDT
2022-10-10 18:15:00,0.17360000,0.17360000,0.17310000,0.17310000,10382.00000000,BEAMUSDT
2022-10-10 18:30:00,0.17320000,0.17390000,0.17250000,0.17310000,19242.00000000,BEAMUSDT
2022-10-10 18:45:00,0.17290000,0.17310000,0.17260000,0.17310000,4265.00000000,BEAMUSDT
2022-10-10 19:00:00,0.17310000,0.17320000,0.17300000,0.17320000,2628.00000000,BEAMUSDT
2022-10-10 19:15:00,0.17320000,0.17350000,0.17320000,0.17350000,6177.00000000,BEAMUSDT
2022-10-10 19:30:00,0.17340000,0.17360000,0.17340000,0.17350000,2593.00000000,BEAMUSDT
2022-10-10 19:45:00,0.17330000,0.17350000,0.17330000,0.17330000,594.00000000,BEAMUSDT
2022-10-10 20:00:00,0.17310000,0.17370000,0.17310000,0.17370000,11093.00000000,BEAMUSDT
2022-10-10 20:15:00,0.17360000,0.17360000,0.17350000,0.17350000,482.00000000,BEAMUSDT
2022-10-10 20:30:00,0.17350000,0.17370000,0.17350000,0.17350000,7412.00000000,BEAMUSDT
2022-10-10 20:45:00,0.17350000,0.17350000,0.17290000,0.17290000,11688.00000000,BEAMUSDT
2022-10-10 21:00:00,0.17300000,0.17300000,0.17290000,0.17300000,1856.00000000,BEAMUSDT
2022-10-10 21:15:00,0.17300000,0.17300000,0.17260000,0.17280000,11081.00000000,BEAMUSDT
2022-10-10 21:30:00,0.17270000,0.17290000,0.17270000,0.17270000,2202.00000000,BEAMUSDT
2022-10-10 21:45:00,0.17260000,0.17260000,0.17200000,0.17200000,38172.00000000,BEAMUSDT
2022-10-10 22:00:00,0.17230000,0.17230000,0.17100000,0.17100000,64043.00000000,BEAMUSDT
2022-10-10 22:15:00,0.17110000,0.17140000,0.17090000,0.17090000,13572.00000000,BEAMUSDT
2022-10-10 22:30:00,0.17090000,0.17110000,0.17080000,0.17080000,1364.00000000,BEAMUSDT
2022-10-10 22:45:00,0.17100000,0.17170000,0.17100000,0.17110000,9762.00000000,BEAMUSDT
2022-10-10 23:00:00,0.17090000,0.17110000,0.17010000,0.17090000,61559.00000000,BEAMUSDT
2022-10-10 23:15:00,0.17080000,0.17090000,0.17080000,0.17080000,1108.00000000,BEAMUSDT
2022-10-10 23:30:00,0.17080000,0.17080000,0.17060000,0.17060000,557.00000000,BEAMUSDT
2022-10-10 23:45:00,0.17030000,0.17050000,0.17010000,0.17030000,4703.00000000,BEAMUSDT
2022-10-11 00:00:00,0.17030000,0.17040000,0.16870000,0.16870000,100243.00000000,BEAMUSDT
2022-10-11 00:15:00,0.16870000,0.16890000,0.16660000,0.16720000,165058.00000000,BEAMUSDT
2022-10-11 00:30:00,0.16760000,0.16790000,0.16710000,0.16720000,41598.00000000,BEAMUSDT
2022-10-11 00:45:00,0.16710000,0.16720000,0.16680000,0.16680000,45944.00000000,BEAMUSDT
2022-10-11 01:00:00,0.16680000,0.16700000,0.16640000,0.16690000,14452.00000000,BEAMUSDT
2022-10-11 01:15:00,0.16690000,0.16690000,0.16640000,0.16660000,12111.00000000,BEAMUSDT
2022-10-11 01:30:00,0.16660000,0.16670000,0.16570000,0.16570000,18785.00000000,BEAMUSDT
2022-10-11 01:45:00,0.16580000,0.16590000,0.16530000,0.16590000,6118.00000000,BEAMUSDT
2022-10-11 02:00:00,0.16590000,0.16600000,0.16500000,0.16560000,10540.00000000,BEAMUSDT
2022-10-11 02:15:00,0.16530000,0.16590000,0.16510000,0.16580000,12820.00000000,BEAMUSDT
2022-10-11 02:30:00,0.16580000,0.16610000,0.16580000,0.16600000,9323.00000000,BEAMUSDT
2022-10-11 02:45:00,0.16620000,0.16630000,0.16590000,0.16610000,11904.00000000,BEAMUSDT
2022-10-11 03:00:00,0.16580000,0.16600000,0.16570000,0.16570000,12872.00000000,BEAMUSDT
2022-10-11 03:15:00,0.16570000,0.16600000,0.16550000,0.16550000,5701.00000000,BEAMUSDT
2022-10-11 03:30:00,0.16580000,0.16590000,0.16560000,0.16580000,3933.00000000,BEAMUSDT
2022-10-11 03:45:00,0.16570000,0.16590000,0.16560000,0.16560000,3066.00000000,BEAMUSDT
2022-10-11 04:00:00,0.16560000,0.16560000,0.16560000,0.16560000,2534.00000000,BEAMUSDT
2022-10-11 04:15:00,0.16560000,0.16570000,0.16560000,0.16570000,3473.00000000,BEAMUSDT
2022-10-11 04:30:00,0.16550000,0.16560000,0.16550000,0.16560000,1328.00000000,BEAMUSDT
2022-10-11 04:45:00,0.16570000,0.16580000,0.16550000,0.16560000,891.00000000,BEAMUSDT
2022-10-11 05:00:00,0.16570000,0.16580000,0.16510000,0.16580000,6998.00000000,BEAMUSDT
2022-10-11 05:15:00,0.16580000,0.16620000,0.16520000,0.16560000,27540.00000000,BEAMUSDT
2022-10-11 05:30:00,0.16560000,0.16580000,0.16560000,0.16560000,612.00000000,BEAMUSDT
2022-10-11 05:45:00,0.16560000,0.16570000,0.16550000,0.16550000,2049.00000000,BEAMUSDT
2022-10-11 06:00:00,0.16560000,0.16560000,0.16490000,0.16510000,9115.00000000,BEAMUSDT
2022-10-11 06:15:00,0.16510000,0.16530000,0.16490000,0.16520000,4093.00000000,BEAMUSDT
2022-10-11 06:30:00,0.16530000,0.16560000,0.16520000,0.16540000,12782.00000000,BEAMUSDT
2022-10-11 06:45:00,0.16530000,0.16540000,0.16500000,0.16520000,4964.00000000,BEAMUSDT
2022-10-11 07:00:00,0.16500000,0.16510000,0.16490000,0.16490000,2139.00000000,BEAMUSDT
2022-10-11 07:15:00,0.16500000,0.16510000,0.16490000,0.16510000,2242.00000000,BEAMUSDT
2022-10-11 07:30:00,0.16510000,0.16610000,0.16510000,0.16550000,11167.00000000,BEAMUSDT
2022-10-11 07:45:00,0.16540000,0.16550000,0.16480000,0.16510000,5503.00000000,BEAMUSDT
2022-10-11 08:00:00,0.16490000,0.16570000,0.16480000,0.16570000,10314.00000000,BEAMUSDT
2022-10-11 08:15:00,0.16560000,0.16580000,0.16380000,0.16530000,148216.00000000,BEAMUSDT
2022-10-11 08:30:00,0.16530000,0.16570000,0.16510000,0.16520000,12905.00000000,BEAMUSDT
2022-10-11 08:45:00,0.16550000,0.16550000,0.16500000,0.16530000,2027.00000000,BEAMUSDT
2022-10-11 09:00:00,0.16500000,0.16520000,0.16480000,0.16480000,6897.00000000,BEAMUSDT
2022-10-11 09:15:00,0.16460000,0.16480000,0.16440000,0.16460000,9695.00000000,BEAMUSDT
2022-10-11 09:30:00,0.16460000,0.16460000,0.16430000,0.16440000,9803.00000000,BEAMUSDT
2022-10-11 09:45:00,0.16430000,0.16440000,0.16430000,0.16440000,2163.00000000,BEAMUSDT
2022-10-11 10:00:00,0.16430000,0.16440000,0.16400000,0.16430000,24342.00000000,BEAMUSDT
2022-10-11 10:15:00,0.16410000,0.16450000,0.16410000,0.16440000,3242.00000000,BEAMUSDT
2022-10-11 10:30:00,0.16430000,0.16480000,0.16410000,0.16460000,16503.00000000,BEAMUSDT
2022-10-11 10:45:00,0.16470000,0.16490000,0.16450000,0.16450000,14123.00000000,BEAMUSDT
2022-10-11 11:00:00,0.16440000,0.16510000,0.16440000,0.16470000,17307.00000000,BEAMUSDT
2022-10-11 11:15:00,0.16480000,0.16500000,0.16440000,0.16460000,51809.00000000,BEAMUSDT
2022-10-11 11:30:00,0.16460000,0.16470000,0.16400000,0.16460000,29029.00000000,BEAMUSDT
2022-10-11 11:45:00,0.16430000,0.16680000,0.16400000,0.16500000,64881.00000000,BEAMUSDT
2022-10-11 12:00:00,0.16500000,0.16570000,0.16490000,0.16550000,37343.00000000,BEAMUSDT
2022-10-11 12:15:00,0.16550000,0.16610000,0.16550000,0.16610000,4859.00000000,BEAMUSDT
2022-10-11 12:30:00,0.16610000,0.16640000,0.16600000,0.16610000,33374.00000000,BEAMUSDT
2022-10-11 12:45:00,0.16590000,0.16600000,0.16570000,0.16570000,4200.00000000,BEAMUSDT
2022-10-11 13:00:00,0.16570000,0.16570000,0.16480000,0.16500000,14805.00000000,BEAMUSDT
2022-10-11 13:15:00,0.16500000,0.16500000,0.16480000,0.16480000,5073.00000000,BEAMUSDT
2022-10-11 13:30:00,0.16470000,0.16520000,0.16420000,0.16490000,31111.00000000,BEAMUSDT
2022-10-11 13:45:00,0.16490000,0.16500000,0.16430000,0.16450000,18335.00000000,BEAMUSDT
2022-10-11 14:00:00,0.16400000,0.16420000,0.16310000,0.16370000,9099.00000000,BEAMUSDT
2022-10-11 14:15:00,0.16420000,0.16430000,0.16380000,0.16420000,4930.00000000,BEAMUSDT
2022-10-11 14:30:00,0.16410000,0.16430000,0.16380000,0.16400000,3700.00000000,BEAMUSDT
2022-10-11 14:45:00,0.16410000,0.16410000,0.16370000,0.16400000,2174.00000000,BEAMUSDT
2022-10-11 15:00:00,0.16380000,0.16400000,0.16360000,0.16400000,12884.00000000,BEAMUSDT
2022-10-11 15:15:00,0.16410000,0.16430000,0.16410000,0.16430000,13476.00000000,BEAMUSDT
2022-10-11 15:30:00,0.16440000,0.16490000,0.16430000,0.16490000,28573.00000000,BEAMUSDT
2022-10-11 15:45:00,0.16490000,0.16500000,0.16480000,0.16490000,6086.00000000,BEAMUSDT
2022-10-11 16:00:00,0.16490000,0.16520000,0.16490000,0.16520000,22502.00000000,BEAMUSDT
2022-10-11 16:15:00,0.16520000,0.16550000,0.16490000,0.16520000,19427.00000000,BEAMUSDT
2022-10-11 16:30:00,0.16530000,0.16550000,0.16500000,0.16540000,4790.00000000,BEAMUSDT
2022-10-11 16:45:00,0.16570000,0.16600000,0.16540000,0.16570000,2947.00000000,BEAMUSDT
2022-10-11 17:00:00,0.16570000,0.16590000,0.16560000,0.16590000,3617.00000000,BEAMUSDT
2022-10-11 17:15:00,0.16560000,0.16580000,0.16540000,0.16550000,1935.00000000,BEAMUSDT
2022-10-11 17:30:00,0.16540000,0.16570000,0.16540000,0.16560000,649.00000000,BEAMUSDT
2022-10-11 17:45:00,0.16570000,0.16570000,0.16520000,0.16520000,4779.00000000,BEAMUSDT
2022-10-11 18:00:00,0.16520000,0.16610000,0.16520000,0.16600000,11540.00000000,BEAMUSDT
2022-10-11 18:15:00,0.16550000,0.16640000,0.16530000,0.16540000,13615.00000000,BEAMUSDT
2022-10-11 18:30:00,0.16520000,0.16560000,0.16520000,0.16560000,671.00000000,BEAMUSDT
2022-10-11 18:45:00,0.16560000,0.16560000,0.16410000,0.16410000,14386.00000000,BEAMUSDT
2022-10-11 19:00:00,0.16400000,0.16450000,0.16350000,0.16350000,2986.00000000,BEAMUSDT
2022-10-11 19:15:00,0.16340000,0.16480000,0.16340000,0.16460000,5088.00000000,BEAMUSDT
2022-10-11 19:30:00,0.16400000,0.16420000,0.16390000,0.16420000,1839.00000000,BEAMUSDT
2022-10-11 19:45:00,0.16390000,0.16440000,0.16390000,0.16440000,432.00000000,BEAMUSDT
2022-10-11 20:00:00,0.16420000,0.16450000,0.16390000,0.16410000,879.00000000,BEAMUSDT
2022-10-11 20:15:00,0.16400000,0.16460000,0.16390000,0.16430000,1881.00000000,BEAMUSDT
2022-10-11 20:30:00,0.16430000,0.16430000,0.16430000,0.16430000,0.00000000,BEAMUSDT
2022-10-11 20:45:00,0.16440000,0.16460000,0.16430000,0.16460000,732.00000000,BEAMUSDT
2022-10-11 21:00:00,0.16410000,0.16410000,0.16390000,0.16410000,3124.00000000,BEAMUSDT
2022-10-11 21:15:00,0.16410000,0.16430000,0.16410000,0.16430000,1030.00000000,BEAMUSDT
2022-10-11 21:30:00,0.16440000,0.16560000,0.16410000,0.16450000,23105.00000000,BEAMUSDT
2022-10-11 21:45:00,0.16460000,0.16480000,0.16410000,0.16440000,1882.00000000,BEAMUSDT
2022-10-11 22:00:00,0.16410000,0.16430000,0.16410000,0.16420000,875.00000000,BEAMUSDT
2022-10-11 22:15:00,0.16420000,0.16450000,0.16420000,0.16450000,1585.00000000,BEAMUSDT
2022-10-11 22:30:00,0.16440000,0.16450000,0.16430000,0.16430000,548.00000000,BEAMUSDT
2022-10-11 22:45:00,0.16450000,0.16450000,0.16450000,0.16450000,201.00000000,BEAMUSDT
2022-10-11 23:00:00,0.16450000,0.16450000,0.16360000,0.16410000,19052.00000000,BEAMUSDT
2022-10-11 23:15:00,0.16390000,0.16390000,0.16380000,0.16380000,1035.00000000,BEAMUSDT
2022-10-11 23:30:00,0.16370000,0.16380000,0.16340000,0.16340000,7277.00000000,BEAMUSDT
2022-10-11 23:45:00,0.16380000,0.16380000,0.16380000,0.16380000,2968.00000000,BEAMUSDT
2022-10-12 00:00:00,0.16400000,0.16400000,0.16400000,0.16400000,1477.00000000,BEAMUSDT
2022-10-12 00:15:00,0.16390000,0.16430000,0.16390000,0.16430000,610.00000000,BEAMUSDT
2022-10-12 00:30:00,0.16450000,0.16500000,0.16450000,0.16470000,8436.00000000,BEAMUSDT
2022-10-12 00:45:00,0.16480000,0.16500000,0.16480000,0.16490000,1351.00000000,BEAMUSDT
2022-10-12 01:00:00,0.16460000,0.16500000,0.16460000,0.16470000,1754.00000000,BEAMUSDT
2022-10-12 01:15:00,0.16460000,0.16490000,0.16460000,0.16460000,1433.00000000,BEAMUSDT
2022-10-12 01:30:00,0.16460000,0.16460000,0.16420000,0.16420000,470.00000000,BEAMUSDT
2022-10-12 01:45:00,0.16420000,0.16420000,0.16420000,0.16420000,85.00000000,BEAMUSDT
2022-10-12 02:00:00,0.16440000,0.16460000,0.16420000,0.16420000,3556.00000000,BEAMUSDT
2022-10-12 02:15:00,0.16420000,0.16440000,0.16410000,0.16410000,624.00000000,BEAMUSDT
2022-10-12 02:30:00,0.16460000,0.16460000,0.16380000,0.16420000,14320.00000000,BEAMUSDT
2022-10-12 02:45:00,0.16420000,0.16420000,0.16390000,0.16410000,13103.00000000,BEAMUSDT
2022-10-12 03:00:00,0.16410000,0.16460000,0.16410000,0.16430000,9788.00000000,BEAMUSDT
2022-10-12 03:15:00,0.16430000,0.16470000,0.16430000,0.16440000,4909.00000000,BEAMUSDT
2022-10-12 03:30:00,0.16430000,0.16440000,0.16410000,0.16440000,907.00000000,BEAMUSDT
2022-10-12 03:45:00,0.16400000,0.16420000,0.16400000,0.16420000,185.00000000,BEAMUSDT
2022-10-12 04:00:00,0.16420000,0.16460000,0.16420000,0.16460000,6816.00000000,BEAMUSDT
2022-10-12 04:15:00,0.16490000,0.16500000,0.16480000,0.16500000,13037.00000000,BEAMUSDT
2022-10-12 04:30:00,0.16470000,0.16490000,0.16470000,0.16480000,468.00000000,BEAMUSDT
2022-10-12 04:45:00,0.16490000,0.16570000,0.16490000,0.16520000,4771.00000000,BEAMUSDT
2022-10-12 05:00:00,0.16520000,0.16540000,0.16500000,0.16520000,38789.00000000,BEAMUSDT
2022-10-12 05:15:00,0.16540000,0.16540000,0.16500000,0.16500000,2557.00000000,BEAMUSDT
2022-10-12 05:30:00,0.16530000,0.16530000,0.16490000,0.16520000,2403.00000000,BEAMUSDT
2022-10-12 05:45:00,0.16520000,0.16590000,0.16520000,0.16590000,56938.00000000,BEAMUSDT
2022-10-12 06:00:00,0.16570000,0.16590000,0.16570000,0.16570000,4810.00000000,BEAMUSDT
2022-10-12 06:15:00,0.16590000,0.16630000,0.16590000,0.16630000,17567.00000000,BEAMUSDT
2022-10-12 06:30:00,0.16600000,0.16620000,0.16570000,0.16620000,42706.00000000,BEAMUSDT
2022-10-12 06:45:00,0.16620000,0.16660000,0.16620000,0.16650000,25806.00000000,BEAMUSDT
2022-10-12 07:00:00,0.16670000,0.16690000,0.16580000,0.16580000,22337.00000000,BEAMUSDT
2022-10-12 07:15:00,0.16640000,0.16670000,0.16580000,0.16580000,6888.00000000,BEAMUSDT
2022-10-12 07:30:00,0.16590000,0.16790000,0.16580000,0.16670000,65270.00000000,BEAMUSDT
2022-10-12 07:45:00,0.16670000,0.16920000,0.16660000,0.16780000,116305.00000000,BEAMUSDT
2022-10-12 08:00:00,0.16810000,0.16870000,0.16620000,0.16650000,88254.00000000,BEAMUSDT
2022-10-12 08:15:00,0.16620000,0.16700000,0.16580000,0.16700000,14307.00000000,BEAMUSDT
2022-10-12 08:30:00,0.16720000,0.16840000,0.16680000,0.16840000,18371.00000000,BEAMUSDT
2022-10-12 08:45:00,0.16770000,0.16790000,0.16740000,0.16740000,3892.00000000,BEAMUSDT
2022-10-12 09:00:00,0.16700000,0.16700000,0.16610000,0.16640000,8281.00000000,BEAMUSDT
2022-10-12 09:15:00,0.16630000,0.16660000,0.16610000,0.16660000,4010.00000000,BEAMUSDT
2022-10-12 09:30:00,0.16670000,0.16730000,0.16660000,0.16720000,7680.00000000,BEAMUSDT
2022-10-12 09:45:00,0.16720000,0.16730000,0.16650000,0.16720000,1948.00000000,BEAMUSDT
2022-10-12 10:00:00,0.16710000,0.16710000,0.16660000,0.16660000,3821.00000000,BEAMUSDT
2022-10-12 10:15:00,0.16680000,0.16710000,0.16640000,0.16650000,9935.00000000,BEAMUSDT
2022-10-12 10:30:00,0.16650000,0.16690000,0.16620000,0.16690000,9017.00000000,BEAMUSDT
2022-10-12 10:45:00,0.16690000,0.16690000,0.16640000,0.16640000,4187.00000000,BEAMUSDT
2022-10-12 11:00:00,0.16650000,0.16650000,0.16640000,0.16650000,7590.00000000,BEAMUSDT
2022-10-12 11:15:00,0.16630000,0.16650000,0.16630000,0.16640000,1475.00000000,BEAMUSDT
2022-10-12 11:30:00,0.16640000,0.16640000,0.16640000,0.16640000,8244.00000000,BEAMUSDT
2022-10-12 11:45:00,0.16640000,0.16650000,0.16620000,0.16640000,4602.00000000,BEAMUSDT
2022-10-12 12:00:00,0.16620000,0.16630000,0.16610000,0.16630000,3821.00000000,BEAMUSDT
2022-10-12 12:15:00,0.16620000,0.16650000,0.16610000,0.16630000,6563.00000000,BEAMUSDT
2022-10-12 12:30:00,0.16630000,0.16640000,0.16570000,0.16640000,36312.00000000,BEAMUSDT
2022-10-12 12:45:00,0.16590000,0.16790000,0.16590000,0.16740000,123215.00000000,BEAMUSDT
2022-10-12 13:00:00,0.16730000,0.16760000,0.16570000,0.16600000,60140.00000000,BEAMUSDT
2022-10-12 13:15:00,0.16580000,0.16650000,0.16580000,0.16640000,2023.00000000,BEAMUSDT
2022-10-12 13:30:00,0.16600000,0.16640000,0.16550000,0.16640000,14508.00000000,BEAMUSDT
2022-10-12 13:45:00,0.16670000,0.16760000,0.16600000,0.16670000,17688.00000000,BEAMUSDT
2022-10-12 14:00:00,0.16650000,0.16650000,0.16650000,0.16650000,996.00000000,BEAMUSDT
2022-10-12 14:15:00,0.16650000,0.16770000,0.16650000,0.16680000,65862.00000000,BEAMUSDT
2022-10-12 14:30:00,0.16750000,0.16750000,0.16600000,0.16630000,18183.00000000,BEAMUSDT
2022-10-12 14:45:00,0.16570000,0.16580000,0.16560000,0.16580000,7899.00000000,BEAMUSDT
2022-10-12 15:00:00,0.16630000,0.16700000,0.16610000,0.16700000,6408.00000000,BEAMUSDT
2022-10-12 15:15:00,0.16720000,0.16830000,0.16660000,0.16660000,33853.00000000,BEAMUSDT
2022-10-12 15:30:00,0.16710000,0.16750000,0.16650000,0.16710000,8063.00000000,BEAMUSDT
2022-10-12 15:45:00,0.16690000,0.16740000,0.16690000,0.16700000,5289.00000000,BEAMUSDT
2022-10-12 16:00:00,0.16700000,0.16760000,0.16670000,0.16760000,13719.00000000,BEAMUSDT
2022-10-12 16:15:00,0.16710000,0.16810000,0.16690000,0.16760000,11955.00000000,BEAMUSDT
2022-10-12 16:30:00,0.16760000,0.16820000,0.16730000,0.16730000,12248.00000000,BEAMUSDT
2022-10-12 16:45:00,0.16730000,0.16730000,0.16610000,0.16690000,15552.00000000,BEAMUSDT
2022-10-12 17:00:00,0.16630000,0.16720000,0.16480000,0.16620000,37718.00000000,BEAMUSDT
2022-10-12 17:15:00,0.16620000,0.16620000,0.16620000,0.16620000,7732.00000000,BEAMUSDT
2022-10-12 17:30:00,0.16610000,0.16630000,0.16590000,0.16590000,2976.00000000,BEAMUSDT
2022-10-12 17:45:00,0.16610000,0.16630000,0.16580000,0.16580000,3352.00000000,BEAMUSDT
2022-10-12 18:00:00,0.16590000,0.16730000,0.16570000,0.16710000,43596.00000000,BEAMUSDT
2022-10-12 18:15:00,0.16700000,0.16710000,0.16700000,0.16700000,6246.00000000,BEAMUSDT
2022-10-12 18:30:00,0.16720000,0.16720000,0.16700000,0.16700000,565.00000000,BEAMUSDT
2022-10-12 18:45:00,0.16710000,0.16720000,0.16700000,0.16700000,4195.00000000,BEAMUSDT
2022-10-12 19:00:00,0.16710000,0.16730000,0.16700000,0.16730000,13456.00000000,BEAMUSDT
2022-10-12 19:15:00,0.16730000,0.16750000,0.16710000,0.16740000,9730.00000000,BEAMUSDT
2022-10-12 19:30:00,0.16720000,0.16720000,0.16700000,0.16700000,2166.00000000,BEAMUSDT
2022-10-12 19:45:00,0.16700000,0.16740000,0.16700000,0.16700000,690.00000000,BEAMUSDT
2022-10-12 20:00:00,0.16700000,0.16720000,0.16670000,0.16710000,3221.00000000,BEAMUSDT
2022-10-12 20:15:00,0.16710000,0.16740000,0.16690000,0.16690000,973.00000000,BEAMUSDT
2022-10-12 20:30:00,0.16670000,0.16730000,0.16640000,0.16700000,2099.00000000,BEAMUSDT
2022-10-12 20:45:00,0.16690000,0.16740000,0.16690000,0.16740000,4482.00000000,BEAMUSDT
2022-10-12 21:00:00,0.16740000,0.16740000,0.16720000,0.16720000,905.00000000,BEAMUSDT
2022-10-12 21:15:00,0.16740000,0.16790000,0.16690000,0.16690000,10855.00000000,BEAMUSDT
2022-10-12 21:30:00,0.16730000,0.16790000,0.16730000,0.16750000,3769.00000000,BEAMUSDT
2022-10-12 21:45:00,0.16790000,0.16800000,0.16740000,0.16750000,13261.00000000,BEAMUSDT
2022-10-12 22:00:00,0.16810000,0.16820000,0.16780000,0.16780000,8591.00000000,BEAMUSDT
2022-10-12 22:15:00,0.16800000,0.16820000,0.16800000,0.16800000,13784.00000000,BEAMUSDT
2022-10-12 22:30:00,0.16820000,0.16820000,0.16800000,0.16800000,5489.00000000,BEAMUSDT
2022-10-12 22:45:00,0.16810000,0.16860000,0.16810000,0.16830000,37606.00000000,BEAMUSDT
2022-10-12 23:00:00,0.16830000,0.16850000,0.16770000,0.16790000,35019.00000000,BEAMUSDT
2022-10-12 23:15:00,0.16810000,0.16830000,0.16750000,0.16790000,754.00000000,BEAMUSDT
2022-10-12 23:30:00,0.16820000,0.16820000,0.16770000,0.16770000,553.00000000,BEAMUSDT
2022-10-12 23:45:00,0.16760000,0.16820000,0.16750000,0.16750000,10799.00000000,BEAMUSDT
2022-10-13 00:00:00,0.16760000,0.16840000,0.16730000,0.16730000,4207.00000000,BEAMUSDT
2022-10-13 00:15:00,0.16730000,0.16730000,0.16670000,0.16730000,7011.00000000,BEAMUSDT
2022-10-13 00:30:00,0.16690000,0.16720000,0.16690000,0.16720000,129.00000000,BEAMUSDT
2022-10-13 00:45:00,0.16700000,0.16700000,0.16580000,0.16640000,51285.00000000,BEAMUSDT
2022-10-13 01:00:00,0.16580000,0.16630000,0.16520000,0.16630000,9328.00000000,BEAMUSDT
2022-10-13 01:15:00,0.16620000,0.16620000,0.16540000,0.16550000,6356.00000000,BEAMUSDT
2022-10-13 01:30:00,0.16540000,0.16580000,0.16450000,0.16510000,5971.00000000,BEAMUSDT
2022-10-13 01:45:00,0.16500000,0.16510000,0.16440000,0.16500000,8003.00000000,BEAMUSDT
2022-10-13 02:00:00,0.16490000,0.16510000,0.16450000,0.16460000,3281.00000000,BEAMUSDT
2022-10-13 02:15:00,0.16450000,0.16450000,0.16370000,0.16370000,14447.00000000,BEAMUSDT
2022-10-13 02:30:00,0.16350000,0.16350000,0.16270000,0.16320000,42844.00000000,BEAMUSDT
2022-10-13 02:45:00,0.16290000,0.16320000,0.16290000,0.16290000,12421.00000000,BEAMUSDT
2022-10-13 03:00:00,0.16300000,0.16450000,0.16290000,0.16350000,31912.00000000,BEAMUSDT
2022-10-13 03:15:00,0.16370000,0.16450000,0.16360000,0.16400000,9860.00000000,BEAMUSDT
2022-10-13 03:30:00,0.16400000,0.16410000,0.16390000,0.16390000,6942.00000000,BEAMUSDT
2022-10-13 03:45:00,0.16380000,0.16400000,0.16350000,0.16350000,4552.00000000,BEAMUSDT
2022-10-13 04:00:00,0.16360000,0.16390000,0.16360000,0.16370000,863.00000000,BEAMUSDT
2022-10-13 04:15:00,0.16370000,0.16380000,0.16360000,0.16370000,3393.00000000,BEAMUSDT
2022-10-13 04:30:00,0.16360000,0.16450000,0.16360000,0.16440000,6188.00000000,BEAMUSDT
2022-10-13 04:45:00,0.16410000,0.16450000,0.16360000,0.16400000,12656.00000000,BEAMUSDT
2022-10-13 05:00:00,0.16400000,0.16500000,0.16370000,0.16420000,27184.00000000,BEAMUSDT
2022-10-13 05:15:00,0.16400000,0.16400000,0.16350000,0.16350000,14155.00000000,BEAMUSDT
2022-10-13 05:30:00,0.16370000,0.16400000,0.16320000,0.16400000,34866.00000000,BEAMUSDT
2022-10-13 05:45:00,0.16380000,0.16390000,0.16360000,0.16380000,1537.00000000,BEAMUSDT
2022-10-13 06:00:00,0.16360000,0.16390000,0.16330000,0.16350000,20486.00000000,BEAMUSDT
2022-10-13 06:15:00,0.16350000,0.16350000,0.16210000,0.16300000,44697.00000000,BEAMUSDT
2022-10-13 06:30:00,0.16230000,0.16310000,0.16130000,0.16130000,65838.00000000,BEAMUSDT
2022-10-13 06:45:00,0.16130000,0.16130000,0.16000000,0.16020000,118515.00000000,BEAMUSDT
2022-10-13 07:00:00,0.16020000,0.16020000,0.15750000,0.15790000,211258.00000000,BEAMUSDT
2022-10-13 07:15:00,0.15830000,0.15940000,0.15780000,0.15820000,40032.00000000,BEAMUSDT
2022-10-13 07:30:00,0.15820000,0.15990000,0.15660000,0.15660000,89706.00000000,BEAMUSDT
2022-10-13 07:45:00,0.15680000,0.15730000,0.15640000,0.15720000,36577.00000000,BEAMUSDT
2022-10-13 08:00:00,0.15720000,0.15740000,0.15580000,0.15590000,45779.00000000,BEAMUSDT
2022-10-13 08:15:00,0.15570000,0.15580000,0.15430000,0.15520000,54443.00000000,BEAMUSDT
2022-10-13 08:30:00,0.15580000,0.15680000,0.15560000,0.15680000,21364.00000000,BEAMUSDT
2022-10-13 08:45:00,0.15680000,0.15680000,0.15610000,0.15610000,30047.00000000,BEAMUSDT
2022-10-13 09:00:00,0.15610000,0.15670000,0.15590000,0.15660000,8783.00000000,BEAMUSDT
2022-10-13 09:15:00,0.15680000,0.15680000,0.15580000,0.15600000,16707.00000000,BEAMUSDT
2022-10-13 09:30:00,0.15600000,0.15620000,0.15600000,0.15620000,4640.00000000,BEAMUSDT
2022-10-13 09:45:00,0.15610000,0.15610000,0.15590000,0.15590000,21420.00000000,BEAMUSDT
2022-10-13 10:00:00,0.15590000,0.15600000,0.15510000,0.15530000,11195.00000000,BEAMUSDT
2022-10-13 10:15:00,0.15530000,0.15530000,0.15160000,0.15180000,150979.00000000,BEAMUSDT
2022-10-13 10:30:00,0.15180000,0.15180000,0.15000000,0.15120000,109297.00000000,BEAMUSDT
2022-10-13 10:45:00,0.15100000,0.15290000,0.15100000,0.15160000,53559.00000000,BEAMUSDT
2022-10-13 11:00:00,0.15150000,0.15230000,0.15140000,0.15230000,23664.00000000,BEAMUSDT
2022-10-13 11:15:00,0.15230000,0.15230000,0.15180000,0.15190000,6914.00000000,BEAMUSDT
2022-10-13 11:30:00,0.15190000,0.15300000,0.15180000,0.15300000,3507.00000000,BEAMUSDT
2022-10-13 11:45:00,0.15290000,0.15320000,0.15240000,0.15270000,62423.00000000,BEAMUSDT
2022-10-13 12:00:00,0.15230000,0.15260000,0.15180000,0.15240000,7444.00000000,BEAMUSDT
2022-10-13 12:15:00,0.15240000,0.15320000,0.15200000,0.15320000,31398.00000000,BEAMUSDT
2022-10-13 12:30:00,0.15360000,0.15410000,0.15000000,0.15140000,225103.00000000,BEAMUSDT
2022-10-13 12:45:00,0.15150000,0.15250000,0.15140000,0.15230000,20439.00000000,BEAMUSDT
2022-10-13 13:00:00,0.15230000,0.15240000,0.15160000,0.15160000,9199.00000000,BEAMUSDT
2022-10-13 13:15:00,0.15140000,0.15140000,0.15080000,0.15110000,7168.00000000,BEAMUSDT
2022-10-13 13:30:00,0.15070000,0.15110000,0.15010000,0.15110000,47685.00000000,BEAMUSDT
2022-10-13 13:45:00,0.15110000,0.15330000,0.15110000,0.15330000,54883.00000000,BEAMUSDT
2022-10-13 14:00:00,0.15320000,0.15330000,0.15250000,0.15330000,21739.00000000,BEAMUSDT
2022-10-13 14:15:00,0.15330000,0.15340000,0.15270000,0.15340000,58471.00000000,BEAMUSDT
2022-10-13 14:30:00,0.15340000,0.15390000,0.15310000,0.15370000,43062.00000000,BEAMUSDT
2022-10-13 14:45:00,0.15360000,0.15460000,0.15350000,0.15390000,44963.00000000,BEAMUSDT
2022-10-13 15:00:00,0.15390000,0.15510000,0.15370000,0.15510000,5032.00000000,BEAMUSDT
2022-10-13 15:15:00,0.15530000,0.15660000,0.15530000,0.15620000,9778.00000000,BEAMUSDT
2022-10-13 15:30:00,0.15620000,0.15740000,0.15620000,0.15690000,40557.00000000,BEAMUSDT
2022-10-13 15:45:00,0.15740000,0.15740000,0.15650000,0.15700000,14525.00000000,BEAMUSDT
2022-10-13 16:00:00,0.15690000,0.15790000,0.15690000,0.15720000,27676.00000000,BEAMUSDT
2022-10-13 16:15:00,0.15720000,0.15730000,0.15640000,0.15700000,39576.00000000,BEAMUSDT
2022-10-13 16:30:00,0.15700000,0.15730000,0.15700000,0.15720000,86404.00000000,BEAMUSDT
2022-10-13 16:45:00,0.15730000,0.15770000,0.15720000,0.15750000,47583.00000000,BEAMUSDT
2022-10-13 17:00:00,0.15760000,0.15830000,0.15760000,0.15810000,59270.00000000,BEAMUSDT
2022-10-13 17:15:00,0.15800000,0.15870000,0.15780000,0.15780000,20263.00000000,BEAMUSDT
2022-10-13 17:30:00,0.15810000,0.15870000,0.15790000,0.15840000,4791.00000000,BEAMUSDT
2022-10-13 17:45:00,0.15840000,0.15860000,0.15840000,0.15840000,2299.00000000,BEAMUSDT
2022-10-13 18:00:00,0.15850000,0.15890000,0.15840000,0.15870000,21718.00000000,BEAMUSDT
2022-10-13 18:15:00,0.15840000,0.15910000,0.15760000,0.15760000,14784.00000000,BEAMUSDT
2022-10-13 18:30:00,0.15820000,0.15850000,0.15740000,0.15800000,31002.00000000,BEAMUSDT
2022-10-13 18:45:00,0.15790000,0.15910000,0.15770000,0.15910000,17013.00000000,BEAMUSDT
2022-10-13 19:00:00,0.15880000,0.15950000,0.15830000,0.15940000,63327.00000000,BEAMUSDT
2022-10-13 19:15:00,0.15930000,0.15950000,0.15890000,0.15890000,22382.00000000,BEAMUSDT
2022-10-13 19:30:00,0.15920000,0.15930000,0.15920000,0.15920000,775.00000000,BEAMUSDT
2022-10-13 19:45:00,0.15920000,0.15930000,0.15910000,0.15920000,1326.00000000,BEAMUSDT
2022-10-13 20:00:00,0.15920000,0.15950000,0.15900000,0.15950000,9331.00000000,BEAMUSDT
2022-10-13 20:15:00,0.15940000,0.15940000,0.15870000,0.15890000,11470.00000000,BEAMUSDT
2022-10-13 20:30:00,0.15920000,0.15940000,0.15880000,0.15940000,6142.00000000,BEAMUSDT
2022-10-13 20:45:00,0.15930000,0.16040000,0.15930000,0.15970000,36727.00000000,BEAMUSDT
2022-10-13 21:00:00,0.15930000,0.16010000,0.15930000,0.15970000,1888.00000000,BEAMUSDT
2022-10-13 21:15:00,0.16000000,0.16010000,0.15970000,0.15970000,906.00000000,BEAMUSDT
2022-10-13 21:30:00,0.16000000,0.16000000,0.15950000,0.15960000,1343.00000000,BEAMUSDT
2022-10-13 21:45:00,0.16010000,0.16010000,0.15960000,0.15990000,1260.00000000,BEAMUSDT
2022-10-13 22:00:00,0.15990000,0.16000000,0.15990000,0.16000000,244.00000000,BEAMUSDT
2022-10-13 22:15:00,0.15980000,0.16000000,0.15970000,0.16000000,1804.00000000,BEAMUSDT
2022-10-13 22:30:00,0.16000000,0.16000000,0.16000000,0.16000000,125.00000000,BEAMUSDT
2022-10-13 22:45:00,0.15990000,0.16000000,0.15990000,0.16000000,2721.00000000,BEAMUSDT
2022-10-13 23:00:00,0.16000000,0.16010000,0.16000000,0.16000000,9740.00000000,BEAMUSDT
2022-10-13 23:15:00,0.15970000,0.15970000,0.15930000,0.15930000,4683.00000000,BEAMUSDT
2022-10-13 23:30:00,0.15930000,0.15930000,0.15930000,0.15930000,2244.00000000,BEAMUSDT
2022-10-13 23:45:00,0.15900000,0.15930000,0.15890000,0.15890000,2303.00000000,BEAMUSDT
2022-10-14 00:00:00,0.15900000,0.15910000,0.15800000,0.15890000,29091.00000000,BEAMUSDT
2022-10-14 00:15:00,0.15890000,0.15950000,0.15850000,0.15950000,19297.00000000,BEAMUSDT
2022-10-14 00:30:00,0.15940000,0.15970000,0.15920000,0.15920000,3093.00000000,BEAMUSDT
2022-10-14 00:45:00,0.15950000,0.15970000,0.15950000,0.15960000,1918.00000000,BEAMUSDT
2022-10-14 01:00:00,0.15980000,0.15990000,0.15970000,0.15970000,30249.00000000,BEAMUSDT
2022-10-14 01:15:00,0.15970000,0.16050000,0.15970000,0.16050000,2657.00000000,BEAMUSDT
2022-10-14 01:30:00,0.16050000,0.16260000,0.16050000,0.16250000,29217.00000000,BEAMUSDT
2022-10-14 01:45:00,0.16260000,0.16330000,0.16250000,0.16280000,32570.00000000,BEAMUSDT
2022-10-14 02:00:00,0.16260000,0.16280000,0.16190000,0.16230000,22522.00000000,BEAMUSDT
2022-10-14 02:15:00,0.16270000,0.16270000,0.16230000,0.16230000,5792.00000000,BEAMUSDT
2022-10-14 02:30:00,0.16230000,0.16260000,0.16230000,0.16230000,3886.00000000,BEAMUSDT
2022-10-14 02:45:00,0.16250000,0.16290000,0.16250000,0.16290000,2651.00000000,BEAMUSDT
2022-10-14 03:00:00,0.16270000,0.16280000,0.16270000,0.16280000,1580.00000000,BEAMUSDT
2022-10-14 03:15:00,0.16280000,0.16320000,0.16280000,0.16310000,7392.00000000,BEAMUSDT
2022-10-14 03:30:00,0.16320000,0.16320000,0.16290000,0.16300000,1031.00000000,BEAMUSDT
2022-10-14 03:45:00,0.16310000,0.16320000,0.16290000,0.16290000,1215.00000000,BEAMUSDT
2022-10-14 04:00:00,0.16300000,0.16300000,0.16270000,0.16290000,3051.00000000,BEAMUSDT
2022-10-14 04:15:00,0.16300000,0.16330000,0.16270000,0.16300000,10195.00000000,BEAMUSDT
2022-10-14 04:30:00,0.16290000,0.16310000,0.16270000,0.16290000,6400.00000000,BEAMUSDT
2022-10-14 04:45:00,0.16290000,0.16440000,0.16290000,0.16320000,35708.00000000,BEAMUSDT
2022-10-14 05:00:00,0.16320000,0.16340000,0.16310000,0.16320000,537.00000000,BEAMUSDT
2022-10-14 05:15:00,0.16340000,0.16370000,0.16310000,0.16310000,1473.00000000,BEAMUSDT
2022-10-14 05:30:00,0.16310000,0.16350000,0.16290000,0.16340000,3678.00000000,BEAMUSDT
2022-10-14 05:45:00,0.16340000,0.16430000,0.16310000,0.16330000,38728.00000000,BEAMUSDT
2022-10-14 06:00:00,0.16330000,0.16330000,0.16330000,0.16330000,380.00000000,BEAMUSDT
2022-10-14 06:15:00,0.16330000,0.16400000,0.16290000,0.16310000,15024.00000000,BEAMUSDT
2022-10-14 06:30:00,0.16370000,0.16390000,0.16320000,0.16330000,3634.00000000,BEAMUSDT
2022-10-14 06:45:00,0.16300000,0.16380000,0.16300000,0.16370000,3895.00000000,BEAMUSDT
2022-10-14 07:00:00,0.16330000,0.16340000,0.16290000,0.16300000,3045.00000000,BEAMUSDT
2022-10-14 07:15:00,0.16300000,0.16340000,0.16280000,0.16290000,7264.00000000,BEAMUSDT
2022-10-14 07:30:00,0.16290000,0.16340000,0.16280000,0.16340000,36480.00000000,BEAMUSDT
2022-10-14 07:45:00,0.16290000,0.16310000,0.16280000,0.16280000,2219.00000000,BEAMUSDT
2022-10-14 08:00:00,0.16290000,0.16320000,0.16270000,0.16310000,13661.00000000,BEAMUSDT
2022-10-14 08:15:00,0.16330000,0.16360000,0.16220000,0.16290000,14652.00000000,BEAMUSDT
2022-10-14 08:30:00,0.16240000,0.16270000,0.16220000,0.16270000,7021.00000000,BEAMUSDT
2022-10-14 08:45:00,0.16250000,0.16250000,0.16250000,0.16250000,310.00000000,BEAMUSDT
2022-10-14 09:00:00,0.16270000,0.16270000,0.16220000,0.16250000,5369.00000000,BEAMUSDT
2022-10-14 09:15:00,0.16220000,0.16250000,0.16210000,0.16250000,2047.00000000,BEAMUSDT
2022-10-14 09:30:00,0.16220000,0.16320000,0.16200000,0.16300000,35294.00000000,BEAMUSDT
2022-10-14 09:45:00,0.16260000,0.16330000,0.16250000,0.16280000,11539.00000000,BEAMUSDT
2022-10-14 10:00:00,0.16270000,0.16370000,0.16250000,0.16300000,6395.00000000,BEAMUSDT
2022-10-14 10:15:00,0.16290000,0.16340000,0.16290000,0.16330000,3168.00000000,BEAMUSDT
2022-10-14 10:30:00,0.16330000,0.16330000,0.16300000,0.16330000,2707.00000000,BEAMUSDT
2022-10-14 10:45:00,0.16300000,0.16330000,0.16300000,0.16330000,1151.00000000,BEAMUSDT
2022-10-14 11:00:00,0.16330000,0.16330000,0.16310000,0.16320000,1255.00000000,BEAMUSDT
2022-10-14 11:15:00,0.16310000,0.16350000,0.16310000,0.16350000,20859.00000000,BEAMUSDT
2022-10-14 11:30:00,0.16350000,0.16350000,0.16330000,0.16350000,8194.00000000,BEAMUSDT
2022-10-14 11:45:00,0.16340000,0.16390000,0.16330000,0.16380000,63943.00000000,BEAMUSDT
2022-10-14 12:00:00,0.16410000,0.16450000,0.16360000,0.16430000,33842.00000000,BEAMUSDT
2022-10-14 12:15:00,0.16410000,0.16460000,0.16370000,0.16460000,8372.00000000,BEAMUSDT
2022-10-14 12:30:00,0.16440000,0.16700000,0.16370000,0.16670000,298153.00000000,BEAMUSDT
2022-10-14 12:45:00,0.16620000,0.16640000,0.16350000,0.16530000,121570.00000000,BEAMUSDT
2022-10-14 13:00:00,0.16580000,0.16590000,0.16450000,0.16510000,56537.00000000,BEAMUSDT
2022-10-14 13:15:00,0.16500000,0.16590000,0.16500000,0.16560000,11656.00000000,BEAMUSDT
2022-10-14 13:30:00,0.16580000,0.16590000,0.16450000,0.16460000,36020.00000000,BEAMUSDT
2022-10-14 13:45:00,0.16460000,0.16530000,0.16430000,0.16430000,9015.00000000,BEAMUSDT
2022-10-14 14:00:00,0.16440000,0.16440000,0.16310000,0.16310000,46761.00000000,BEAMUSDT
2022-10-14 14:15:00,0.16290000,0.16310000,0.16120000,0.16200000,33242.00000000,BEAMUSDT
2022-10-14 14:30:00,0.16190000,0.16270000,0.16180000,0.16200000,28880.00000000,BEAMUSDT
2022-10-14 14:45:00,0.16200000,0.16230000,0.16100000,0.16180000,21656.00000000,BEAMUSDT
2022-10-14 15:00:00,0.16200000,0.16230000,0.16150000,0.16150000,4715.00000000,BEAMUSDT
2022-10-14 15:15:00,0.16150000,0.16150000,0.16020000,0.16060000,45517.00000000,BEAMUSDT
2022-10-14 15:30:00,0.16100000,0.16200000,0.16100000,0.16150000,14223.00000000,BEAMUSDT
2022-10-14 15:45:00,0.16150000,0.16180000,0.16060000,0.16120000,26996.00000000,BEAMUSDT
2022-10-14 16:00:00,0.16080000,0.16150000,0.16000000,0.16000000,25017.00000000,BEAMUSDT
2022-10-14 16:15:00,0.16000000,0.16010000,0.15940000,0.15980000,13243.00000000,BEAMUSDT
2022-10-14 16:30:00,0.15980000,0.16050000,0.15980000,0.16040000,3317.00000000,BEAMUSDT
2022-10-14 16:45:00,0.16040000,0.16040000,0.16010000,0.16010000,949.00000000,BEAMUSDT
2022-10-14 17:00:00,0.16020000,0.16040000,0.16000000,0.16000000,456.00000000,BEAMUSDT
2022-10-14 17:15:00,0.16000000,0.16090000,0.16000000,0.16090000,5628.00000000,BEAMUSDT
2022-10-14 17:30:00,0.16090000,0.16120000,0.16060000,0.16100000,3611.00000000,BEAMUSDT
2022-10-14 17:45:00,0.16110000,0.16110000,0.16060000,0.16070000,3382.00000000,BEAMUSDT
2022-10-14 18:00:00,0.16070000,0.16090000,0.16060000,0.16060000,2607.00000000,BEAMUSDT
2022-10-14 18:15:00,0.16020000,0.16020000,0.16010000,0.16010000,367.00000000,BEAMUSDT
2022-10-14 18:30:00,0.16010000,0.16010000,0.15990000,0.15990000,3761.00000000,BEAMUSDT
2022-10-14 18:45:00,0.15990000,0.16010000,0.15910000,0.15960000,38686.00000000,BEAMUSDT
2022-10-14 19:00:00,0.16020000,0.16030000,0.15970000,0.15970000,577.00000000,BEAMUSDT
2022-10-14 19:15:00,0.15960000,0.16000000,0.15900000,0.15980000,7959.00000000,BEAMUSDT
2022-10-14 19:30:00,0.15980000,0.16030000,0.15980000,0.16030000,1040.00000000,BEAMUSDT
2022-10-14 19:45:00,0.15980000,0.15990000,0.15970000,0.15970000,5406.00000000,BEAMUSDT
2022-10-14 20:00:00,0.15980000,0.15980000,0.15940000,0.15940000,1462.00000000,BEAMUSDT
2022-10-14 20:15:00,0.15950000,0.16010000,0.15930000,0.16010000,7170.00000000,BEAMUSDT
2022-10-14 20:30:00,0.16050000,0.16050000,0.15990000,0.16010000,1688.00000000,BEAMUSDT
2022-10-14 20:45:00,0.16020000,0.16060000,0.16020000,0.16030000,2199.00000000,BEAMUSDT
2022-10-14 21:00:00,0.16030000,0.16050000,0.16000000,0.16050000,2442.00000000,BEAMUSDT
2022-10-14 21:15:00,0.16030000,0.16090000,0.16020000,0.16030000,12526.00000000,BEAMUSDT
2022-10-14 21:30:00,0.16080000,0.16090000,0.16050000,0.16080000,7160.00000000,BEAMUSDT
2022-10-14 21:45:00,0.16080000,0.16080000,0.16010000,0.16030000,6979.00000000,BEAMUSDT
2022-10-14 22:00:00,0.16010000,0.16030000,0.15960000,0.15970000,11937.00000000,BEAMUSDT
2022-10-14 22:15:00,0.15980000,0.16040000,0.15970000,0.16020000,4977.00000000,BEAMUSDT
2022-10-14 22:30:00,0.16020000,0.16020000,0.15970000,0.15970000,221.00000000,BEAMUSDT
2022-10-14 22:45:00,0.15970000,0.15970000,0.15970000,0.15970000,0.00000000,BEAMUSDT
2022-10-14 23:00:00,0.16000000,0.16060000,0.15980000,0.16030000,19961.00000000,BEAMUSDT
2022-10-14 23:15:00,0.16030000,0.16050000,0.16010000,0.16050000,797.00000000,BEAMUSDT
2022-10-14 23:30:00,0.15980000,0.16040000,0.15970000,0.15990000,2335.00000000,BEAMUSDT
2022-10-14 23:45:00,0.15990000,0.16020000,0.15990000,0.16020000,159.00000000,BEAMUSDT
2022-10-15 00:00:00,0.16050000,0.16190000,0.16050000,0.16140000,21858.00000000,BEAMUSDT
2022-10-15 00:15:00,0.16060000,0.16160000,0.16060000,0.16100000,448.00000000,BEAMUSDT
2022-10-15 00:30:00,0.16100000,0.16100000,0.16100000,0.16100000,86.00000000,BEAMUSDT
2022-10-15 00:45:00,0.16060000,0.16100000,0.16060000,0.16090000,353.00000000,BEAMUSDT
2022-10-15 01:00:00,0.16110000,0.16140000,0.16040000,0.16050000,16132.00000000,BEAMUSDT
2022-10-15 01:15:00,0.16070000,0.16070000,0.16070000,0.16070000,67.00000000,BEAMUSDT
2022-10-15 01:30:00,0.16070000,0.16070000,0.16070000,0.16070000,500.00000000,BEAMUSDT
2022-10-15 01:45:00,0.16070000,0.16090000,0.16070000,0.16080000,842.00000000,BEAMUSDT
2022-10-15 02:00:00,0.16110000,0.16110000,0.16070000,0.16070000,1697.00000000,BEAMUSDT
2022-10-15 02:15:00,0.16100000,0.16100000,0.16090000,0.16090000,502.00000000,BEAMUSDT
2022-10-15 02:30:00,0.16090000,0.16090000,0.16070000,0.16090000,253.00000000,BEAMUSDT
2022-10-15 02:45:00,0.16070000,0.16100000,0.16060000,0.16100000,2585.00000000,BEAMUSDT
2022-10-15 03:00:00,0.16070000,0.16070000,0.16060000,0.16060000,224.00000000,BEAMUSDT
2022-10-15 03:15:00,0.16060000,0.16130000,0.16050000,0.16080000,5662.00000000,BEAMUSDT
2022-10-15 03:30:00,0.16130000,0.16160000,0.16120000,0.16160000,2398.00000000,BEAMUSDT
2022-10-15 03:45:00,0.16160000,0.16320000,0.16160000,0.16160000,64133.00000000,BEAMUSDT
2022-10-15 04:00:00,0.16210000,0.16280000,0.16180000,0.16180000,6354.00000000,BEAMUSDT
2022-10-15 04:15:00,0.16160000,0.16230000,0.16090000,0.16190000,21888.00000000,BEAMUSDT
2022-10-15 04:30:00,0.16210000,0.16210000,0.16150000,0.16200000,15635.00000000,BEAMUSDT
2022-10-15 04:45:00,0.16170000,0.16190000,0.16140000,0.16190000,2061.00000000,BEAMUSDT
2022-10-15 05:00:00,0.16150000,0.16200000,0.16150000,0.16160000,224.00000000,BEAMUSDT
2022-10-15 05:15:00,0.16150000,0.16150000,0.16110000,0.16120000,5360.00000000,BEAMUSDT
2022-10-15 05:30:00,0.16120000,0.16120000,0.16120000,0.16120000,893.00000000,BEAMUSDT
2022-10-15 05:45:00,0.16130000,0.16130000,0.16120000,0.16130000,737.00000000,BEAMUSDT
2022-10-15 06:00:00,0.16130000,0.16170000,0.16130000,0.16170000,2576.00000000,BEAMUSDT
2022-10-15 06:15:00,0.16140000,0.16140000,0.16120000,0.16130000,7221.00000000,BEAMUSDT
2022-10-15 06:30:00,0.16140000,0.16210000,0.16120000,0.16210000,1252.00000000,BEAMUSDT
2022-10-15 06:45:00,0.16240000,0.16240000,0.16200000,0.16200000,15244.00000000,BEAMUSDT
2022-10-15 07:00:00,0.16200000,0.16200000,0.16200000,0.16200000,414.00000000,BEAMUSDT
2022-10-15 07:15:00,0.16250000,0.16250000,0.16100000,0.16220000,22295.00000000,BEAMUSDT
2022-10-15 07:30:00,0.16210000,0.16220000,0.16210000,0.16220000,9696.00000000,BEAMUSDT
2022-10-15 07:45:00,0.16210000,0.16250000,0.16180000,0.16250000,13357.00000000,BEAMUSDT
2022-10-15 08:00:00,0.16200000,0.16240000,0.16170000,0.16240000,3438.00000000,BEAMUSDT
2022-10-15 08:15:00,0.16220000,0.16240000,0.16220000,0.16220000,1884.00000000,BEAMUSDT
2022-10-15 08:30:00,0.16220000,0.16220000,0.16110000,0.16110000,7959.00000000,BEAMUSDT
2022-10-15 08:45:00,0.16100000,0.16110000,0.16070000,0.16070000,12323.00000000,BEAMUSDT
2022-10-15 09:00:00,0.16100000,0.16110000,0.16070000,0.16110000,10042.00000000,BEAMUSDT
2022-10-15 09:15:00,0.16110000,0.16180000,0.16110000,0.16140000,3726.00000000,BEAMUSDT
2022-10-15 09:30:00,0.16190000,0.16190000,0.16150000,0.16150000,218.00000000,BEAMUSDT
2022-10-15 09:45:00,0.16150000,0.16230000,0.16140000,0.16140000,2362.00000000,BEAMUSDT
2022-10-15 10:00:00,0.16170000,0.16230000,0.16160000,0.16190000,2722.00000000,BEAMUSDT
2022-10-15 10:15:00,0.16190000,0.16210000,0.16190000,0.16200000,1542.00000000,BEAMUSDT
2022-10-15 10:30:00,0.16220000,0.16480000,0.16220000,0.16400000,56828.00000000,BEAMUSDT
2022-10-15 10:45:00,0.16380000,0.16890000,0.16380000,0.16890000,558439.00000000,BEAMUSDT
2022-10-15 11:00:00,0.16910000,0.17190000,0.16670000,0.16760000,660343.00000000,BEAMUSDT
2022-10-15 11:15:00,0.16760000,0.16890000,0.16600000,0.16860000,114922.00000000,BEAMUSDT
2022-10-15 11:30:00,0.16870000,0.17340000,0.16870000,0.16950000,384526.00000000,BEAMUSDT
2022-10-15 11:45:00,0.16960000,0.16970000,0.16800000,0.16940000,112966.00000000,BEAMUSDT
2022-10-15 12:00:00,0.16900000,0.16900000,0.16800000,0.16800000,139154.00000000,BEAMUSDT
2022-10-15 12:15:00,0.16800000,0.16980000,0.16800000,0.16980000,25114.00000000,BEAMUSDT
2022-10-15 12:30:00,0.16940000,0.16940000,0.16820000,0.16860000,40580.00000000,BEAMUSDT
2022-10-15 12:45:00,0.16860000,0.16880000,0.16820000,0.16820000,8689.00000000,BEAMUSDT
2022-10-15 13:00:00,0.16840000,0.16840000,0.16680000,0.16680000,78039.00000000,BEAMUSDT
2022-10-15 13:15:00,0.16670000,0.16700000,0.16600000,0.16660000,24744.00000000,BEAMUSDT
2022-10-15 13:30:00,0.16620000,0.16700000,0.16600000,0.16690000,33012.00000000,BEAMUSDT
2022-10-15 13:45:00,0.16680000,0.16700000,0.16680000,0.16680000,7202.00000000,BEAMUSDT
2022-10-15 14:00:00,0.16700000,0.16960000,0.16700000,0.16960000,50812.00000000,BEAMUSDT
2022-10-15 14:15:00,0.16960000,0.17090000,0.16950000,0.17040000,43046.00000000,BEAMUSDT
2022-10-15 14:30:00,0.17040000,0.17260000,0.16850000,0.16850000,114922.00000000,BEAMUSDT
2022-10-15 14:45:00,0.16850000,0.17220000,0.16810000,0.17160000,96056.00000000,BEAMUSDT
2022-10-15 15:00:00,0.17170000,0.17250000,0.16910000,0.16980000,105135.00000000,BEAMUSDT
2022-10-15 15:15:00,0.16970000,0.17000000,0.16890000,0.16940000,28062.00000000,BEAMUSDT
2022-10-15 15:30:00,0.16950000,0.17470000,0.16950000,0.17440000,190763.00000000,BEAMUSDT
2022-10-15 15:45:00,0.17400000,0.17570000,0.16930000,0.16930000,381016.00000000,BEAMUSDT
2022-10-15 16:00:00,0.16950000,0.17210000,0.16870000,0.17060000,130159.00000000,BEAMUSDT
2022-10-15 16:15:00,0.17060000,0.17190000,0.16890000,0.16950000,109023.00000000,BEAMUSDT
2022-10-15 16:30:00,0.16950000,0.16990000,0.16950000,0.16970000,6202.00000000,BEAMUSDT
2022-10-15 16:45:00,0.16970000,0.17090000,0.16970000,0.17030000,8384.00000000,BEAMUSDT
2022-10-15 17:00:00,0.17040000,0.17100000,0.16990000,0.17090000,20284.00000000,BEAMUSDT
2022-10-15 17:15:00,0.17100000,0.17100000,0.17010000,0.17040000,16262.00000000,BEAMUSDT
2022-10-15 17:30:00,0.17010000,0.17050000,0.16910000,0.16960000,38963.00000000,BEAMUSDT
2022-10-15 17:45:00,0.16990000,0.17010000,0.16890000,0.16950000,22528.00000000,BEAMUSDT
2022-10-15 18:00:00,0.16950000,0.17120000,0.16930000,0.17020000,23964.00000000,BEAMUSDT
2022-10-15 18:15:00,0.17030000,0.17030000,0.16840000,0.16990000,26253.00000000,BEAMUSDT
2022-10-15 18:30:00,0.16990000,0.17000000,0.16870000,0.16990000,54693.00000000,BEAMUSDT
2022-10-15 18:45:00,0.16990000,0.16990000,0.16900000,0.16910000,18645.00000000,BEAMUSDT
2022-10-15 19:00:00,0.16940000,0.16940000,0.16840000,0.16890000,15549.00000000,BEAMUSDT
2022-10-15 19:15:00,0.16860000,0.16890000,0.16820000,0.16890000,30433.00000000,BEAMUSDT
2022-10-15 19:30:00,0.16900000,0.16900000,0.16490000,0.16600000,455097.00000000,BEAMUSDT
2022-10-15 19:45:00,0.16600000,0.16720000,0.16600000,0.16670000,59254.00000000,BEAMUSDT
2022-10-15 20:00:00,0.16690000,0.16750000,0.16690000,0.16730000,35879.00000000,BEAMUSDT
2022-10-15 20:15:00,0.16740000,0.16740000,0.16710000,0.16740000,25587.00000000,BEAMUSDT
2022-10-15 20:30:00,0.16710000,0.16710000,0.16310000,0.16450000,467919.00000000,BEAMUSDT
2022-10-15 20:45:00,0.16440000,0.16450000,0.16430000,0.16440000,15258.00000000,BEAMUSDT
2022-10-15 21:00:00,0.16440000,0.16490000,0.16430000,0.16480000,24342.00000000,BEAMUSDT
2022-10-15 21:15:00,0.16460000,0.16470000,0.16410000,0.16440000,21398.00000000,BEAMUSDT
2022-10-15 21:30:00,0.16430000,0.16460000,0.16410000,0.16450000,72183.00000000,BEAMUSDT
2022-10-15 21:45:00,0.16450000,0.16570000,0.16430000,0.16570000,72311.00000000,BEAMUSDT
2022-10-15 22:00:00,0.16570000,0.16600000,0.16510000,0.16510000,18765.00000000,BEAMUSDT
2022-10-15 22:15:00,0.16540000,0.16550000,0.16430000,0.16510000,57050.00000000,BEAMUSDT
2022-10-15 22:30:00,0.16510000,0.16520000,0.16500000,0.16500000,3171.00000000,BEAMUSDT
2022-10-15 22:45:00,0.16510000,0.16540000,0.16470000,0.16480000,5583.00000000,BEAMUSDT
2022-10-15 23:00:00,0.16430000,0.16430000,0.16350000,0.16390000,16291.00000000,BEAMUSDT
2022-10-15 23:15:00,0.16380000,0.16400000,0.16330000,0.16390000,20567.00000000,BEAMUSDT
2022-10-15 23:30:00,0.16410000,0.16430000,0.16380000,0.16390000,3868.00000000,BEAMUSDT
2022-10-15 23:45:00,0.16390000,0.16400000,0.16380000,0.16380000,8437.00000000,BEAMUSDT
2022-10-16 00:00:00,0.16390000,0.16430000,0.16390000,0.16410000,12723.00000000,BEAMUSDT
2022-10-16 00:15:00,0.16420000,0.16430000,0.16370000,0.16400000,24158.00000000,BEAMUSDT
2022-10-16 00:30:00,0.16430000,0.16460000,0.16430000,0.16430000,1858.00000000,BEAMUSDT
2022-10-16 00:45:00,0.16440000,0.16440000,0.16440000,0.16440000,1507.00000000,BEAMUSDT
2022-10-16 01:00:00,0.16460000,0.16500000,0.16450000,0.16500000,12170.00000000,BEAMUSDT
2022-10-16 01:15:00,0.16490000,0.16500000,0.16460000,0.16500000,7992.00000000,BEAMUSDT
2022-10-16 01:30:00,0.16500000,0.16540000,0.16400000,0.16500000,66672.00000000,BEAMUSDT
2022-10-16 01:45:00,0.16500000,0.16510000,0.16490000,0.16510000,5941.00000000,BEAMUSDT
2022-10-16 02:00:00,0.16510000,0.16540000,0.16510000,0.16530000,9674.00000000,BEAMUSDT
2022-10-16 02:15:00,0.16540000,0.16540000,0.16510000,0.16510000,12409.00000000,BEAMUSDT
2022-10-16 02:30:00,0.16530000,0.16530000,0.16500000,0.16500000,5700.00000000,BEAMUSDT
2022-10-16 02:45:00,0.16500000,0.16520000,0.16500000,0.16520000,16901.00000000,BEAMUSDT
2022-10-16 03:00:00,0.16510000,0.16520000,0.16480000,0.16520000,8055.00000000,BEAMUSDT
2022-10-16 03:15:00,0.16490000,0.16520000,0.16470000,0.16490000,9447.00000000,BEAMUSDT
2022-10-16 03:30:00,0.16490000,0.16510000,0.16470000,0.16510000,9578.00000000,BEAMUSDT
2022-10-16 03:45:00,0.16510000,0.16580000,0.16510000,0.16510000,49228.00000000,BEAMUSDT
2022-10-16 04:00:00,0.16540000,0.16620000,0.16540000,0.16610000,24148.00000000,BEAMUSDT
2022-10-16 04:15:00,0.16610000,0.16650000,0.16610000,0.16650000,37898.00000000,BEAMUSDT
2022-10-16 04:30:00,0.16630000,0.16650000,0.16610000,0.16650000,42132.00000000,BEAMUSDT
2022-10-16 04:45:00,0.16640000,0.16680000,0.16610000,0.16680000,18056.00000000,BEAMUSDT
2022-10-16 05:00:00,0.16670000,0.16740000,0.16640000,0.16720000,46289.00000000,BEAMUSDT
2022-10-16 05:15:00,0.16680000,0.16700000,0.16640000,0.16660000,20510.00000000,BEAMUSDT
2022-10-16 05:30:00,0.16660000,0.16750000,0.16650000,0.16710000,63298.00000000,BEAMUSDT
2022-10-16 05:45:00,0.16680000,0.16740000,0.16600000,0.16620000,13715.00000000,BEAMUSDT
2022-10-16 06:00:00,0.16660000,0.16670000,0.16630000,0.16630000,432.00000000,BEAMUSDT
2022-10-16 06:15:00,0.16630000,0.16730000,0.16590000,0.16590000,38009.00000000,BEAMUSDT
2022-10-16 06:30:00,0.16590000,0.16660000,0.16590000,0.16660000,12497.00000000,BEAMUSDT
2022-10-16 06:45:00,0.16600000,0.16740000,0.16600000,0.16660000,20723.00000000,BEAMUSDT
2022-10-16 07:00:00,0.16690000,0.16770000,0.16690000,0.16760000,33366.00000000,BEAMUSDT
2022-10-16 07:15:00,0.16760000,0.16770000,0.16730000,0.16750000,1568.00000000,BEAMUSDT
2022-10-16 07:30:00,0.16750000,0.16850000,0.16700000,0.16830000,43047.00000000,BEAMUSDT
2022-10-16 07:45:00,0.16830000,0.16830000,0.16680000,0.16680000,23703.00000000,BEAMUSDT
2022-10-16 08:00:00,0.16700000,0.16700000,0.16660000,0.16680000,10038.00000000,BEAMUSDT
2022-10-16 08:15:00,0.16680000,0.16790000,0.16680000,0.16790000,14255.00000000,BEAMUSDT
2022-10-16 08:30:00,0.16790000,0.16810000,0.16730000,0.16800000,17805.00000000,BEAMUSDT
2022-10-16 08:45:00,0.16790000,0.16790000,0.16760000,0.16760000,28975.00000000,BEAMUSDT
2022-10-16 09:00:00,0.16790000,0.16790000,0.16710000,0.16780000,44076.00000000,BEAMUSDT
2022-10-16 09:15:00,0.16770000,0.16770000,0.16660000,0.16750000,35466.00000000,BEAMUSDT
2022-10-16 09:30:00,0.16720000,0.16880000,0.16690000,0.16880000,96571.00000000,BEAMUSDT
2022-10-16 09:45:00,0.16860000,0.16880000,0.16700000,0.16750000,52463.00000000,BEAMUSDT
2022-10-16 10:00:00,0.16770000,0.17010000,0.16770000,0.16960000,67829.00000000,BEAMUSDT
2022-10-16 10:15:00,0.16990000,0.17060000,0.16950000,0.17000000,41570.00000000,BEAMUSDT
2022-10-16 10:30:00,0.17030000,0.17030000,0.16900000,0.16930000,86374.00000000,BEAMUSDT
2022-10-16 10:45:00,0.16930000,0.16990000,0.16820000,0.16930000,103934.00000000,BEAMUSDT
2022-10-16 11:00:00,0.16920000,0.16930000,0.16810000,0.16860000,25776.00000000,BEAMUSDT
2022-10-16 11:15:00,0.16900000,0.16920000,0.16820000,0.16880000,46357.00000000,BEAMUSDT
2022-10-16 11:30:00,0.16890000,0.16900000,0.16850000,0.16860000,8150.00000000,BEAMUSDT
2022-10-16 11:45:00,0.16880000,0.17260000,0.16880000,0.17130000,332293.00000000,BEAMUSDT
2022-10-16 12:00:00,0.17090000,0.17150000,0.17050000,0.17150000,26505.00000000,BEAMUSDT
2022-10-16 12:15:00,0.17060000,0.17390000,0.17040000,0.17200000,121027.00000000,BEAMUSDT
2022-10-16 12:30:00,0.17190000,0.17190000,0.17140000,0.17150000,19644.00000000,BEAMUSDT
2022-10-16 12:45:00,0.17190000,0.17200000,0.17080000,0.17080000,41701.00000000,BEAMUSDT
2022-10-16 13:00:00,0.17100000,0.17130000,0.17050000,0.17110000,11680.00000000,BEAMUSDT
2022-10-16 13:15:00,0.17110000,0.17120000,0.17040000,0.17100000,13039.00000000,BEAMUSDT
2022-10-16 13:30:00,0.17070000,0.17110000,0.17040000,0.17110000,18428.00000000,BEAMUSDT
2022-10-16 13:45:00,0.17120000,0.17210000,0.16900000,0.17210000,164035.00000000,BEAMUSDT
2022-10-16 14:00:00,0.17240000,0.17240000,0.17070000,0.17080000,14560.00000000,BEAMUSDT
2022-10-16 14:15:00,0.17150000,0.17180000,0.17020000,0.17150000,109549.00000000,BEAMUSDT
2022-10-16 14:30:00,0.17170000,0.17200000,0.17100000,0.17190000,41239.00000000,BEAMUSDT
2022-10-16 14:45:00,0.17170000,0.17350000,0.17090000,0.17090000,153325.00000000,BEAMUSDT
2022-10-16 15:00:00,0.17090000,0.17210000,0.17030000,0.17150000,38230.00000000,BEAMUSDT
2022-10-16 15:15:00,0.17150000,0.17420000,0.17140000,0.17390000,71529.00000000,BEAMUSDT
2022-10-16 15:30:00,0.17380000,0.17660000,0.17220000,0.17220000,407278.00000000,BEAMUSDT
2022-10-16 15:45:00,0.17260000,0.17460000,0.17250000,0.17450000,70456.00000000,BEAMUSDT
2022-10-16 16:00:00,0.17460000,0.17720000,0.17350000,0.17550000,163019.00000000,BEAMUSDT
2022-10-16 16:15:00,0.17510000,0.18080000,0.17510000,0.17700000,496566.00000000,BEAMUSDT
2022-10-16 16:30:00,0.17720000,0.18400000,0.17440000,0.17440000,1236380.00000000,BEAMUSDT
2022-10-16 16:45:00,0.17440000,0.17800000,0.17430000,0.17670000,388038.00000000,BEAMUSDT
2022-10-16 17:00:00,0.17720000,0.17720000,0.17370000,0.17400000,124477.00000000,BEAMUSDT
2022-10-16 17:15:00,0.17380000,0.17450000,0.17310000,0.17390000,65728.00000000,BEAMUSDT
2022-10-16 17:30:00,0.17390000,0.17450000,0.17140000,0.17140000,109228.00000000,BEAMUSDT
2022-10-16 17:45:00,0.17140000,0.17190000,0.17100000,0.17120000,23989.00000000,BEAMUSDT
2022-10-16 18:00:00,0.17110000,0.17280000,0.17110000,0.17280000,81201.00000000,BEAMUSDT
2022-10-16 18:15:00,0.17300000,0.17330000,0.17110000,0.17200000,42789.00000000,BEAMUSDT
2022-10-16 18:30:00,0.17230000,0.17230000,0.17010000,0.17050000,66471.00000000,BEAMUSDT
2022-10-16 18:45:00,0.17040000,0.17100000,0.17010000,0.17030000,21522.00000000,BEAMUSDT
2022-10-16 19:00:00,0.17030000,0.17160000,0.17000000,0.17060000,46390.00000000,BEAMUSDT
2022-10-16 19:15:00,0.17060000,0.17230000,0.16960000,0.17230000,72698.00000000,BEAMUSDT
2022-10-16 19:30:00,0.17210000,0.17520000,0.17210000,0.17490000,96512.00000000,BEAMUSDT
2022-10-16 19:45:00,0.17490000,0.17560000,0.17230000,0.17290000,106104.00000000,BEAMUSDT
2022-10-16 20:00:00,0.17320000,0.17370000,0.17250000,0.17270000,24577.00000000,BEAMUSDT
2022-10-16 20:15:00,0.17230000,0.17240000,0.17160000,0.17160000,36109.00000000,BEAMUSDT
2022-10-16 20:30:00,0.17160000,0.17270000,0.17160000,0.17260000,23623.00000000,BEAMUSDT
2022-10-16 20:45:00,0.17270000,0.17320000,0.17270000,0.17320000,12283.00000000,BEAMUSDT
2022-10-16 21:00:00,0.17320000,0.17320000,0.17230000,0.17300000,8488.00000000,BEAMUSDT
2022-10-16 21:15:00,0.17300000,0.17300000,0.17160000,0.17210000,19030.00000000,BEAMUSDT
2022-10-16 21:30:00,0.17210000,0.17270000,0.17180000,0.17270000,18543.00000000,BEAMUSDT
2022-10-16 21:45:00,0.17260000,0.17560000,0.17230000,0.17360000,112050.00000000,BEAMUSDT
2022-10-16 22:00:00,0.17350000,0.17380000,0.17160000,0.17370000,51363.00000000,BEAMUSDT
2022-10-16 22:15:00,0.17380000,0.17430000,0.17310000,0.17310000,53210.00000000,BEAMUSDT
2022-10-16 22:30:00,0.17300000,0.17300000,0.17200000,0.17210000,7708.00000000,BEAMUSDT
2022-10-16 22:45:00,0.17210000,0.17420000,0.17210000,0.17380000,47429.00000000,BEAMUSDT
2022-10-16 23:00:00,0.17450000,0.17630000,0.17450000,0.17590000,47400.00000000,BEAMUSDT
2022-10-16 23:15:00,0.17620000,0.17620000,0.17490000,0.17490000,8047.00000000,BEAMUSDT
2022-10-16 23:30:00,0.17490000,0.17490000,0.17300000,0.17300000,37164.00000000,BEAMUSDT
2022-10-16 23:45:00,0.17320000,0.17530000,0.17310000,0.17530000,21640.00000000,BEAMUSDT
2022-10-17 00:00:00,0.17510000,0.17760000,0.17510000,0.17610000,85695.00000000,BEAMUSDT
2022-10-17 00:15:00,0.17650000,0.17650000,0.17380000,0.17380000,63195.00000000,BEAMUSDT
2022-10-17 00:30:00,0.17410000,0.17470000,0.17410000,0.17470000,4418.00000000,BEAMUSDT
2022-10-17 00:45:00,0.17440000,0.17440000,0.17420000,0.17440000,5949.00000000,BEAMUSDT
2022-10-17 01:00:00,0.17440000,0.17450000,0.17370000,0.17430000,9273.00000000,BEAMUSDT
2022-10-17 01:15:00,0.17430000,0.17470000,0.17420000,0.17420000,7463.00000000,BEAMUSDT
2022-10-17 01:30:00,0.17430000,0.17580000,0.17420000,0.17530000,23900.00000000,BEAMUSDT
2022-10-17 01:45:00,0.17530000,0.17580000,0.17440000,0.17440000,9606.00000000,BEAMUSDT
2022-10-17 02:00:00,0.17450000,0.17450000,0.17440000,0.17440000,5615.00000000,BEAMUSDT
2022-10-17 02:15:00,0.17480000,0.17480000,0.17440000,0.17440000,26670.00000000,BEAMUSDT
2022-10-17 02:30:00,0.17480000,0.17560000,0.17450000,0.17510000,33851.00000000,BEAMUSDT
2022-10-17 02:45:00,0.17500000,0.17550000,0.17480000,0.17540000,19477.00000000,BEAMUSDT
2022-10-17 03:00:00,0.17520000,0.17560000,0.17520000,0.17550000,18698.00000000,BEAMUSDT
2022-10-17 03:15:00,0.17540000,0.17540000,0.17490000,0.17510000,35572.00000000,BEAMUSDT
2022-10-17 03:30:00,0.17530000,0.17560000,0.17490000,0.17560000,12675.00000000,BEAMUSDT
2022-10-17 03:45:00,0.17550000,0.17560000,0.17540000,0.17560000,52100.00000000,BEAMUSDT
2022-10-17 04:00:00,0.17560000,0.17560000,0.17470000,0.17500000,40343.00000000,BEAMUSDT
2022-10-17 04:15:00,0.17490000,0.17500000,0.17450000,0.17460000,6322.00000000,BEAMUSDT
2022-10-17 04:30:00,0.17460000,0.17560000,0.17460000,0.17550000,33467.00000000,BEAMUSDT
2022-10-17 04:45:00,0.17550000,0.17560000,0.17510000,0.17520000,20897.00000000,BEAMUSDT
2022-10-17 05:00:00,0.17560000,0.17560000,0.17540000,0.17540000,5468.00000000,BEAMUSDT
2022-10-17 05:15:00,0.17540000,0.17560000,0.17500000,0.17540000,35628.00000000,BEAMUSDT
2022-10-17 05:30:00,0.17530000,0.17570000,0.17530000,0.17530000,25198.00000000,BEAMUSDT
2022-10-17 05:45:00,0.17580000,0.17690000,0.17540000,0.17630000,43385.00000000,BEAMUSDT
2022-10-17 06:00:00,0.17660000,0.17660000,0.17510000,0.17600000,79375.00000000,BEAMUSDT
2022-10-17 06:15:00,0.17650000,0.17670000,0.17580000,0.17590000,36511.00000000,BEAMUSDT
2022-10-17 06:30:00,0.17560000,0.17570000,0.17520000,0.17540000,22902.00000000,BEAMUSDT
2022-10-17 06:45:00,0.17520000,0.17530000,0.17440000,0.17460000,55883.00000000,BEAMUSDT
2022-10-17 07:00:00,0.17440000,0.17630000,0.17400000,0.17630000,19301.00000000,BEAMUSDT
2022-10-17 07:15:00,0.17640000,0.17640000,0.17520000,0.17580000,38387.00000000,BEAMUSDT
2022-10-17 07:30:00,0.17590000,0.17590000,0.17410000,0.17470000,30748.00000000,BEAMUSDT
2022-10-17 07:45:00,0.17470000,0.17590000,0.17450000,0.17490000,42129.00000000,BEAMUSDT
2022-10-17 08:00:00,0.17540000,0.17560000,0.17420000,0.17440000,23322.00000000,BEAMUSDT
2022-10-17 08:15:00,0.17440000,0.17470000,0.17190000,0.17310000,133249.00000000,BEAMUSDT
2022-10-17 08:30:00,0.17300000,0.17350000,0.17240000,0.17310000,30954.00000000,BEAMUSDT
2022-10-17 08:45:00,0.17300000,0.17350000,0.17300000,0.17330000,8526.00000000,BEAMUSDT
2022-10-17 09:00:00,0.17340000,0.17350000,0.17290000,0.17350000,27150.00000000,BEAMUSDT
2022-10-17 09:15:00,0.17320000,0.17350000,0.17270000,0.17340000,20803.00000000,BEAMUSDT
2022-10-17 09:30:00,0.17340000,0.17440000,0.17340000,0.17440000,16867.00000000,BEAMUSDT
2022-10-17 09:45:00,0.17430000,0.17430000,0.17310000,0.17340000,33611.00000000,BEAMUSDT
2022-10-17 10:00:00,0.17330000,0.17360000,0.17290000,0.17310000,19136.00000000,BEAMUSDT
2022-10-17 10:15:00,0.17350000,0.17360000,0.17300000,0.17310000,13114.00000000,BEAMUSDT
2022-10-17 10:30:00,0.17310000,0.17350000,0.17310000,0.17340000,14350.00000000,BEAMUSDT
2022-10-17 10:45:00,0.17340000,0.17360000,0.17310000,0.17360000,8354.00000000,BEAMUSDT
2022-10-17 11:00:00,0.17360000,0.17440000,0.17360000,0.17400000,50140.00000000,BEAMUSDT
2022-10-17 11:15:00,0.17430000,0.17500000,0.17390000,0.17440000,31832.00000000,BEAMUSDT
2022-10-17 11:30:00,0.17440000,0.17440000,0.17300000,0.17370000,40496.00000000,BEAMUSDT
2022-10-17 11:45:00,0.17320000,0.17370000,0.17310000,0.17370000,8684.00000000,BEAMUSDT
2022-10-17 12:00:00,0.17350000,0.17370000,0.17300000,0.17310000,9504.00000000,BEAMUSDT
2022-10-17 12:15:00,0.17300000,0.17320000,0.17180000,0.17230000,37368.00000000,BEAMUSDT
2022-10-17 12:30:00,0.17230000,0.17390000,0.17230000,0.17390000,16954.00000000,BEAMUSDT
2022-10-17 12:45:00,0.17390000,0.17400000,0.17320000,0.17320000,17502.00000000,BEAMUSDT
2022-10-17 13:00:00,0.17360000,0.17380000,0.17320000,0.17340000,2757.00000000,BEAMUSDT
2022-10-17 13:15:00,0.17380000,0.17390000,0.17340000,0.17390000,2189.00000000,BEAMUSDT
2022-10-17 13:30:00,0.17370000,0.17400000,0.17370000,0.17390000,8337.00000000,BEAMUSDT
2022-10-17 13:45:00,0.17380000,0.17470000,0.17370000,0.17470000,12949.00000000,BEAMUSDT
2022-10-17 14:00:00,0.17460000,0.17460000,0.17370000,0.17400000,20613.00000000,BEAMUSDT
2022-10-17 14:15:00,0.17420000,0.17420000,0.17330000,0.17380000,15911.00000000,BEAMUSDT
2022-10-17 14:30:00,0.17350000,0.17420000,0.17280000,0.17370000,51854.00000000,BEAMUSDT
2022-10-17 14:45:00,0.17360000,0.17360000,0.17270000,0.17270000,10173.00000000,BEAMUSDT
2022-10-17 15:00:00,0.17270000,0.17270000,0.17120000,0.17150000,52702.00000000,BEAMUSDT
2022-10-17 15:15:00,0.17150000,0.17200000,0.17110000,0.17200000,7670.00000000,BEAMUSDT
2022-10-17 15:30:00,0.17200000,0.17200000,0.17120000,0.17150000,34957.00000000,BEAMUSDT
2022-10-17 15:45:00,0.17160000,0.17270000,0.17140000,0.17230000,27586.00000000,BEAMUSDT
2022-10-17 16:00:00,0.17240000,0.17400000,0.17200000,0.17220000,133649.00000000,BEAMUSDT
2022-10-17 16:15:00,0.17220000,0.17280000,0.17200000,0.17260000,6892.00000000,BEAMUSDT
2022-10-17 16:30:00,0.17290000,0.17330000,0.17240000,0.17310000,11113.00000000,BEAMUSDT
2022-10-17 16:45:00,0.17260000,0.17260000,0.17160000,0.17190000,28292.00000000,BEAMUSDT
2022-10-17 17:00:00,0.17190000,0.17260000,0.17190000,0.17200000,6941.00000000,BEAMUSDT
2022-10-17 17:15:00,0.17200000,0.17200000,0.17160000,0.17190000,6163.00000000,BEAMUSDT
2022-10-17 17:30:00,0.17180000,0.17190000,0.17150000,0.17160000,9084.00000000,BEAMUSDT
2022-10-17 17:45:00,0.17160000,0.17220000,0.17160000,0.17210000,13285.00000000,BEAMUSDT
2022-10-17 18:00:00,0.17210000,0.17230000,0.17180000,0.17190000,4860.00000000,BEAMUSDT
2022-10-17 18:15:00,0.17230000,0.17230000,0.17140000,0.17160000,27739.00000000,BEAMUSDT
2022-10-17 18:30:00,0.17150000,0.17300000,0.17150000,0.17300000,75489.00000000,BEAMUSDT
2022-10-17 18:45:00,0.17230000,0.17330000,0.17190000,0.17220000,51437.00000000,BEAMUSDT
2022-10-17 19:00:00,0.17210000,0.17210000,0.17200000,0.17210000,7434.00000000,BEAMUSDT
2022-10-17 19:15:00,0.17210000,0.17240000,0.17210000,0.17230000,571.00000000,BEAMUSDT
2022-10-17 19:30:00,0.17230000,0.17230000,0.17150000,0.17180000,41504.00000000,BEAMUSDT
2022-10-17 19:45:00,0.17190000,0.17250000,0.17110000,0.17250000,34586.00000000,BEAMUSDT
2022-10-17 20:00:00,0.17270000,0.17340000,0.17220000,0.17240000,11266.00000000,BEAMUSDT
2022-10-17 20:15:00,0.17260000,0.17280000,0.17200000,0.17230000,4802.00000000,BEAMUSDT
2022-10-17 20:30:00,0.17200000,0.17260000,0.17200000,0.17260000,1535.00000000,BEAMUSDT
2022-10-17 20:45:00,0.17270000,0.17280000,0.17220000,0.17240000,3864.00000000,BEAMUSDT
2022-10-17 21:00:00,0.17230000,0.17270000,0.17150000,0.17150000,15087.00000000,BEAMUSDT
2022-10-17 21:15:00,0.17190000,0.17230000,0.17190000,0.17220000,3395.00000000,BEAMUSDT
2022-10-17 21:30:00,0.17220000,0.17290000,0.17220000,0.17230000,14666.00000000,BEAMUSDT
2022-10-17 21:45:00,0.17230000,0.17240000,0.17220000,0.17240000,13213.00000000,BEAMUSDT
2022-10-17 22:00:00,0.17220000,0.17250000,0.17220000,0.17230000,1244.00000000,BEAMUSDT
2022-10-17 22:15:00,0.17230000,0.17270000,0.17230000,0.17230000,4280.00000000,BEAMUSDT
2022-10-17 22:30:00,0.17270000,0.17270000,0.17220000,0.17220000,6828.00000000,BEAMUSDT
2022-10-17 22:45:00,0.17220000,0.17260000,0.17220000,0.17260000,3238.00000000,BEAMUSDT
2022-10-17 23:00:00,0.17260000,0.17300000,0.17260000,0.17280000,2727.00000000,BEAMUSDT
2022-10-17 23:15:00,0.17300000,0.17300000,0.17140000,0.17220000,65926.00000000,BEAMUSDT
2022-10-17 23:30:00,0.17220000,0.17270000,0.17220000,0.17260000,2677.00000000,BEAMUSDT
2022-10-17 23:45:00,0.17250000,0.17290000,0.17220000,0.17240000,5848.00000000,BEAMUSDT
2022-10-18 00:00:00,0.17270000,0.17300000,0.17240000,0.17290000,10356.00000000,BEAMUSDT
2022-10-18 00:15:00,0.17290000,0.17330000,0.17260000,0.17320000,3132.00000000,BEAMUSDT
2022-10-18 00:30:00,0.17300000,0.17360000,0.17300000,0.17310000,868.00000000,BEAMUSDT
2022-10-18 00:45:00,0.17310000,0.17320000,0.17310000,0.17320000,885.00000000,BEAMUSDT
2022-10-18 01:00:00,0.17310000,0.17320000,0.17310000,0.17320000,4277.00000000,BEAMUSDT
2022-10-18 01:15:00,0.17330000,0.17330000,0.17310000,0.17310000,3179.00000000,BEAMUSDT
2022-10-18 01:30:00,0.17310000,0.17310000,0.17190000,0.17190000,37328.00000000,BEAMUSDT
2022-10-18 01:45:00,0.17150000,0.17210000,0.17150000,0.17180000,2590.00000000,BEAMUSDT
2022-10-18 02:00:00,0.17170000,0.17180000,0.17160000,0.17180000,663.00000000,BEAMUSDT
2022-10-18 02:15:00,0.17170000,0.17180000,0.17140000,0.17150000,4674.00000000,BEAMUSDT
2022-10-18 02:30:00,0.17150000,0.17180000,0.17150000,0.17170000,2124.00000000,BEAMUSDT
2022-10-18 02:45:00,0.17160000,0.17180000,0.17160000,0.17180000,1918.00000000,BEAMUSDT
2022-10-18 03:00:00,0.17180000,0.17190000,0.17170000,0.17190000,5088.00000000,BEAMUSDT
2022-10-18 03:15:00,0.17170000,0.17190000,0.17150000,0.17150000,7470.00000000,BEAMUSDT
2022-10-18 03:30:00,0.17150000,0.17160000,0.17110000,0.17160000,107278.00000000,BEAMUSDT
2022-10-18 03:45:00,0.17160000,0.17160000,0.17140000,0.17160000,3589.00000000,BEAMUSDT
2022-10-18 04:00:00,0.17160000,0.17170000,0.17160000,0.17160000,13739.00000000,BEAMUSDT
2022-10-18 04:15:00,0.17160000,0.17170000,0.17160000,0.17160000,6210.00000000,BEAMUSDT
2022-10-18 04:30:00,0.17160000,0.17170000,0.17120000,0.17120000,18193.00000000,BEAMUSDT
2022-10-18 04:45:00,0.17140000,0.17170000,0.17120000,0.17120000,10348.00000000,BEAMUSDT
2022-10-18 05:00:00,0.17120000,0.17130000,0.17100000,0.17130000,2298.00000000,BEAMUSDT
2022-10-18 05:15:00,0.17120000,0.17130000,0.17100000,0.17120000,10100.00000000,BEAMUSDT
2022-10-18 05:30:00,0.17100000,0.17120000,0.17100000,0.17120000,8093.00000000,BEAMUSDT
2022-10-18 05:45:00,0.17100000,0.17170000,0.17100000,0.17160000,12960.00000000,BEAMUSDT
2022-10-18 06:00:00,0.17170000,0.17180000,0.17150000,0.17150000,23678.00000000,BEAMUSDT
2022-10-18 06:15:00,0.17150000,0.17190000,0.17150000,0.17190000,9655.00000000,BEAMUSDT
2022-10-18 06:30:00,0.17190000,0.17240000,0.17170000,0.17240000,3356.00000000,BEAMUSDT
2022-10-18 06:45:00,0.17240000,0.17240000,0.17200000,0.17210000,4871.00000000,BEAMUSDT
2022-10-18 07:00:00,0.17220000,0.17220000,0.17180000,0.17180000,4251.00000000,BEAMUSDT
2022-10-18 07:15:00,0.17170000,0.17170000,0.17140000,0.17150000,4033.00000000,BEAMUSDT
2022-10-18 07:30:00,0.17140000,0.17190000,0.17140000,0.17150000,12961.00000000,BEAMUSDT
2022-10-18 07:45:00,0.17180000,0.17220000,0.17150000,0.17190000,12189.00000000,BEAMUSDT
2022-10-18 08:00:00,0.17190000,0.17200000,0.17170000,0.17190000,4655.00000000,BEAMUSDT
2022-10-18 08:15:00,0.17160000,0.17360000,0.17100000,0.17140000,201708.00000000,BEAMUSDT
2022-10-18 08:30:00,0.17150000,0.17340000,0.17100000,0.17140000,165564.00000000,BEAMUSDT
2022-10-18 08:45:00,0.17140000,0.17190000,0.17110000,0.17110000,10220.00000000,BEAMUSDT
2022-10-18 09:00:00,0.17100000,0.17110000,0.17010000,0.17030000,38112.00000000,BEAMUSDT
2022-10-18 09:15:00,0.17030000,0.17100000,0.17030000,0.17050000,3562.00000000,BEAMUSDT
2022-10-18 09:30:00,0.17050000,0.17060000,0.17050000,0.17050000,8643.00000000,BEAMUSDT
2022-10-18 09:45:00,0.17050000,0.17070000,0.17050000,0.17060000,5518.00000000,BEAMUSDT
2022-10-18 10:00:00,0.17060000,0.17060000,0.17050000,0.17050000,1198.00000000,BEAMUSDT
2022-10-18 10:15:00,0.17060000,0.17060000,0.17050000,0.17060000,1675.00000000,BEAMUSDT
2022-10-18 10:30:00,0.17060000,0.17110000,0.17040000,0.17070000,20909.00000000,BEAMUSDT
2022-10-18 10:45:00,0.17080000,0.17120000,0.17070000,0.17070000,7626.00000000,BEAMUSDT
2022-10-18 11:00:00,0.17070000,0.17120000,0.17040000,0.17040000,23975.00000000,BEAMUSDT
2022-10-18 11:15:00,0.17080000,0.17140000,0.17040000,0.17100000,13486.00000000,BEAMUSDT
2022-10-18 11:30:00,0.17100000,0.17120000,0.17100000,0.17100000,8749.00000000,BEAMUSDT
2022-10-18 11:45:00,0.17100000,0.17630000,0.17020000,0.17160000,1100538.00000000,BEAMUSDT
2022-10-18 12:00:00,0.17160000,0.17250000,0.17120000,0.17150000,88654.00000000,BEAMUSDT
2022-10-18 12:15:00,0.17170000,0.17210000,0.17110000,0.17140000,81827.00000000,BEAMUSDT
2022-10-18 12:30:00,0.17130000,0.17160000,0.17080000,0.17090000,30683.00000000,BEAMUSDT
2022-10-18 12:45:00,0.17090000,0.17100000,0.17050000,0.17070000,38017.00000000,BEAMUSDT
2022-10-18 13:00:00,0.17060000,0.17110000,0.17060000,0.17100000,22807.00000000,BEAMUSDT
2022-10-18 13:15:00,0.17110000,0.17220000,0.17110000,0.17220000,28485.00000000,BEAMUSDT
2022-10-18 13:30:00,0.17220000,0.17220000,0.17110000,0.17130000,23329.00000000,BEAMUSDT
2022-10-18 13:45:00,0.17110000,0.17130000,0.17110000,0.17110000,7842.00000000,BEAMUSDT
2022-10-18 14:00:00,0.17130000,0.17200000,0.17100000,0.17190000,12238.00000000,BEAMUSDT
2022-10-18 14:15:00,0.17140000,0.17190000,0.17110000,0.17110000,36712.00000000,BEAMUSDT
2022-10-18 14:30:00,0.17120000,0.17130000,0.17020000,0.17020000,45246.00000000,BEAMUSDT
2022-10-18 14:45:00,0.17020000,0.17100000,0.17010000,0.17050000,9691.00000000,BEAMUSDT
2022-10-18 15:00:00,0.17050000,0.17090000,0.17040000,0.17040000,38450.00000000,BEAMUSDT
2022-10-18 15:15:00,0.17040000,0.17070000,0.17000000,0.17000000,19884.00000000,BEAMUSDT
2022-10-18 15:30:00,0.17000000,0.17020000,0.16960000,0.16980000,11975.00000000,BEAMUSDT
2022-10-18 15:45:00,0.16980000,0.16980000,0.16850000,0.16910000,69287.00000000,BEAMUSDT
2022-10-18 16:00:00,0.16920000,0.16960000,0.16920000,0.16950000,17436.00000000,BEAMUSDT
2022-10-18 16:15:00,0.16960000,0.16960000,0.16940000,0.16950000,13814.00000000,BEAMUSDT
2022-10-18 16:30:00,0.16940000,0.16960000,0.16880000,0.16940000,37242.00000000,BEAMUSDT
2022-10-18 16:45:00,0.16930000,0.16980000,0.16930000,0.16960000,6271.00000000,BEAMUSDT
2022-10-18 17:00:00,0.16930000,0.16930000,0.16860000,0.16870000,27296.00000000,BEAMUSDT
2022-10-18 17:15:00,0.16900000,0.16950000,0.16870000,0.16940000,3385.00000000,BEAMUSDT
2022-10-18 17:30:00,0.16940000,0.16980000,0.16880000,0.16920000,12240.00000000,BEAMUSDT
2022-10-18 17:45:00,0.16930000,0.16930000,0.16870000,0.16910000,3252.00000000,BEAMUSDT
2022-10-18 18:00:00,0.16890000,0.16920000,0.16870000,0.16900000,1737.00000000,BEAMUSDT
2022-10-18 18:15:00,0.16900000,0.16900000,0.16810000,0.16820000,19401.00000000,BEAMUSDT
2022-10-18 18:30:00,0.16870000,0.16870000,0.16780000,0.16790000,12163.00000000,BEAMUSDT
2022-10-18 18:45:00,0.16800000,0.16800000,0.16650000,0.16690000,14342.00000000,BEAMUSDT
2022-10-18 19:00:00,0.16690000,0.16730000,0.16680000,0.16690000,6125.00000000,BEAMUSDT
2022-10-18 19:15:00,0.16690000,0.16720000,0.16620000,0.16660000,27103.00000000,BEAMUSDT
2022-10-18 19:30:00,0.16620000,0.16740000,0.16620000,0.16740000,4480.00000000,BEAMUSDT
2022-10-18 19:45:00,0.16710000,0.16780000,0.16710000,0.16750000,1074.00000000,BEAMUSDT
2022-10-18 20:00:00,0.16750000,0.16840000,0.16750000,0.16790000,6883.00000000,BEAMUSDT
2022-10-18 20:15:00,0.16770000,0.16800000,0.16740000,0.16780000,9062.00000000,BEAMUSDT
2022-10-18 20:30:00,0.16790000,0.16850000,0.16740000,0.16840000,18264.00000000,BEAMUSDT
2022-10-18 20:45:00,0.16840000,0.16870000,0.16760000,0.16820000,38608.00000000,BEAMUSDT
2022-10-18 21:00:00,0.16790000,0.16800000,0.16700000,0.16750000,67203.00000000,BEAMUSDT
2022-10-18 21:15:00,0.16730000,0.16730000,0.16730000,0.16730000,201.00000000,BEAMUSDT
2022-10-18 21:30:00,0.16710000,0.16720000,0.16640000,0.16720000,26379.00000000,BEAMUSDT
2022-10-18 21:45:00,0.16680000,0.16850000,0.16650000,0.16850000,29093.00000000,BEAMUSDT
2022-10-18 22:00:00,0.16830000,0.16830000,0.16810000,0.16810000,1238.00000000,BEAMUSDT
2022-10-18 22:15:00,0.16820000,0.16860000,0.16820000,0.16830000,26573.00000000,BEAMUSDT
2022-10-18 22:30:00,0.16820000,0.16820000,0.16820000,0.16820000,185.00000000,BEAMUSDT
2022-10-18 22:45:00,0.16820000,0.16850000,0.16810000,0.16830000,1840.00000000,BEAMUSDT
2022-10-18 23:00:00,0.16850000,0.16890000,0.16840000,0.16860000,2119.00000000,BEAMUSDT
2022-10-18 23:15:00,0.16880000,0.17010000,0.16880000,0.16970000,22468.00000000,BEAMUSDT
2022-10-18 23:30:00,0.16980000,0.16980000,0.16980000,0.16980000,5406.00000000,BEAMUSDT
2022-10-18 23:45:00,0.16980000,0.16980000,0.16870000,0.16870000,34791.00000000,BEAMUSDT
2022-10-19 00:00:00,0.16870000,0.16890000,0.16860000,0.16860000,5161.00000000,BEAMUSDT
2022-10-19 00:15:00,0.16820000,0.16840000,0.16810000,0.16830000,2071.00000000,BEAMUSDT
2022-10-19 00:30:00,0.16830000,0.16840000,0.16830000,0.16830000,674.00000000,BEAMUSDT
2022-10-19 00:45:00,0.16830000,0.16830000,0.16800000,0.16800000,14582.00000000,BEAMUSDT
2022-10-19 01:00:00,0.16800000,0.16800000,0.16690000,0.16720000,8396.00000000,BEAMUSDT
2022-10-19 01:15:00,0.16720000,0.16760000,0.16720000,0.16730000,1305.00000000,BEAMUSDT
2022-10-19 01:30:00,0.16750000,0.16870000,0.16750000,0.16790000,12514.00000000,BEAMUSDT
2022-10-19 01:45:00,0.16780000,0.16800000,0.16750000,0.16760000,453.00000000,BEAMUSDT
2022-10-19 02:00:00,0.16760000,0.16760000,0.16690000,0.16690000,2757.00000000,BEAMUSDT
2022-10-19 02:15:00,0.16710000,0.16710000,0.16610000,0.16610000,7406.00000000,BEAMUSDT
2022-10-19 02:30:00,0.16630000,0.16630000,0.16530000,0.16540000,62691.00000000,BEAMUSDT
2022-10-19 02:45:00,0.16540000,0.16620000,0.16540000,0.16600000,3866.00000000,BEAMUSDT
2022-10-19 03:00:00,0.16580000,0.16600000,0.16560000,0.16590000,3335.00000000,BEAMUSDT
2022-10-19 03:15:00,0.16570000,0.16570000,0.16550000,0.16570000,6609.00000000,BEAMUSDT
2022-10-19 03:30:00,0.16550000,0.16610000,0.16550000,0.16610000,11813.00000000,BEAMUSDT
2022-10-19 03:45:00,0.16600000,0.16660000,0.16570000,0.16580000,24855.00000000,BEAMUSDT
2022-10-19 04:00:00,0.16620000,0.16620000,0.16570000,0.16600000,10090.00000000,BEAMUSDT
2022-10-19 04:15:00,0.16560000,0.16590000,0.16550000,0.16560000,8960.00000000,BEAMUSDT
2022-10-19 04:30:00,0.16570000,0.16570000,0.16510000,0.16530000,6220.00000000,BEAMUSDT
2022-10-19 04:45:00,0.16510000,0.16600000,0.16480000,0.16600000,26068.00000000,BEAMUSDT
2022-10-19 05:00:00,0.16540000,0.16590000,0.16540000,0.16590000,3244.00000000,BEAMUSDT
2022-10-19 05:15:00,0.16560000,0.16590000,0.16560000,0.16570000,1595.00000000,BEAMUSDT
2022-10-19 05:30:00,0.16560000,0.16600000,0.16540000,0.16540000,4193.00000000,BEAMUSDT
2022-10-19 05:45:00,0.16560000,0.16560000,0.16480000,0.16530000,3301.00000000,BEAMUSDT
2022-10-19 06:00:00,0.16500000,0.16530000,0.16490000,0.16510000,2766.00000000,BEAMUSDT
2022-10-19 06:15:00,0.16520000,0.16600000,0.16480000,0.16480000,31665.00000000,BEAMUSDT
2022-10-19 06:30:00,0.16480000,0.16490000,0.16440000,0.16440000,10091.00000000,BEAMUSDT
2022-10-19 06:45:00,0.16440000,0.16490000,0.16410000,0.16440000,18463.00000000,BEAMUSDT
2022-10-19 07:00:00,0.16470000,0.16470000,0.16420000,0.16430000,3921.00000000,BEAMUSDT
2022-10-19 07:15:00,0.16470000,0.16510000,0.16470000,0.16500000,8557.00000000,BEAMUSDT
2022-10-19 07:30:00,0.16500000,0.16540000,0.16480000,0.16500000,2858.00000000,BEAMUSDT
2022-10-19 07:45:00,0.16500000,0.16530000,0.16460000,0.16530000,4892.00000000,BEAMUSDT
2022-10-19 08:00:00,0.16530000,0.16530000,0.16490000,0.16500000,2015.00000000,BEAMUSDT
2022-10-19 08:15:00,0.16500000,0.16500000,0.16400000,0.16430000,25289.00000000,BEAMUSDT
2022-10-19 08:30:00,0.16410000,0.16450000,0.16400000,0.16420000,11541.00000000,BEAMUSDT
2022-10-19 08:45:00,0.16410000,0.16420000,0.16400000,0.16420000,11297.00000000,BEAMUSDT
2022-10-19 09:00:00,0.16420000,0.16480000,0.16420000,0.16480000,4712.00000000,BEAMUSDT
2022-10-19 09:15:00,0.16470000,0.16550000,0.16470000,0.16480000,16317.00000000,BEAMUSDT
2022-10-19 09:30:00,0.16470000,0.16550000,0.16470000,0.16510000,981.00000000,BEAMUSDT
2022-10-19 09:45:00,0.16490000,0.16510000,0.16470000,0.16480000,7595.00000000,BEAMUSDT
2022-10-19 10:00:00,0.16500000,0.16500000,0.16400000,0.16430000,37070.00000000,BEAMUSDT
2022-10-19 10:15:00,0.16420000,0.16460000,0.16410000,0.16430000,14896.00000000,BEAMUSDT
2022-10-19 10:30:00,0.16430000,0.16690000,0.16410000,0.16590000,131279.00000000,BEAMUSDT
2022-10-19 10:45:00,0.16580000,0.16860000,0.16570000,0.16630000,195443.00000000,BEAMUSDT
2022-10-19 11:00:00,0.16630000,0.16660000,0.16600000,0.16630000,10923.00000000,BEAMUSDT
2022-10-19 11:15:00,0.16570000,0.16600000,0.16570000,0.16570000,7235.00000000,BEAMUSDT
2022-10-19 11:30:00,0.16590000,0.16590000,0.16500000,0.16550000,29636.00000000,BEAMUSDT
2022-10-19 11:45:00,0.16580000,0.16600000,0.16560000,0.16560000,4117.00000000,BEAMUSDT
2022-10-19 12:00:00,0.16610000,0.16620000,0.16550000,0.16550000,10476.00000000,BEAMUSDT
2022-10-19 12:15:00,0.16520000,0.16600000,0.16510000,0.16550000,12274.00000000,BEAMUSDT
2022-10-19 12:30:00,0.16560000,0.16600000,0.16510000,0.16600000,10114.00000000,BEAMUSDT
2022-10-19 12:45:00,0.16600000,0.16700000,0.16560000,0.16640000,49041.00000000,BEAMUSDT
2022-10-19 13:00:00,0.16640000,0.16720000,0.16580000,0.16590000,82969.00000000,BEAMUSDT
2022-10-19 13:15:00,0.16580000,0.16660000,0.16570000,0.16570000,19341.00000000,BEAMUSDT
2022-10-19 13:30:00,0.16610000,0.16630000,0.16560000,0.16560000,24713.00000000,BEAMUSDT
2022-10-19 13:45:00,0.16570000,0.16570000,0.16520000,0.16540000,5796.00000000,BEAMUSDT
2022-10-19 14:00:00,0.16510000,0.16720000,0.16510000,0.16620000,24861.00000000,BEAMUSDT
2022-10-19 14:15:00,0.16660000,0.16690000,0.16650000,0.16690000,6570.00000000,BEAMUSDT
2022-10-19 14:30:00,0.16650000,0.16660000,0.16630000,0.16630000,3230.00000000,BEAMUSDT
2022-10-19 14:45:00,0.16610000,0.16610000,0.16590000,0.16590000,184.00000000,BEAMUSDT
2022-10-19 15:00:00,0.16600000,0.16600000,0.16580000,0.16600000,1825.00000000,BEAMUSDT
2022-10-19 15:15:00,0.16650000,0.16650000,0.16650000,0.16650000,1533.00000000,BEAMUSDT
2022-10-19 15:30:00,0.16610000,0.16630000,0.16570000,0.16620000,9407.00000000,BEAMUSDT
2022-10-19 15:45:00,0.16620000,0.16730000,0.16620000,0.16670000,14238.00000000,BEAMUSDT
2022-10-19 16:00:00,0.16670000,0.16710000,0.16660000,0.16680000,8710.00000000,BEAMUSDT
2022-10-19 16:15:00,0.16670000,0.16670000,0.16620000,0.16660000,10239.00000000,BEAMUSDT
2022-10-19 16:30:00,0.16650000,0.16660000,0.16600000,0.16600000,6162.00000000,BEAMUSDT
2022-10-19 16:45:00,0.16590000,0.16620000,0.16580000,0.16580000,6919.00000000,BEAMUSDT
2022-10-19 17:00:00,0.16580000,0.16630000,0.16530000,0.16530000,5472.00000000,BEAMUSDT
2022-10-19 17:15:00,0.16530000,0.16600000,0.16530000,0.16590000,18763.00000000,BEAMUSDT
2022-10-19 17:30:00,0.16570000,0.16570000,0.16570000,0.16570000,868.00000000,BEAMUSDT
2022-10-19 17:45:00,0.16560000,0.16580000,0.16560000,0.16580000,261.00000000,BEAMUSDT
2022-10-19 18:00:00,0.16580000,0.16650000,0.16580000,0.16610000,9641.00000000,BEAMUSDT
2022-10-19 18:15:00,0.16640000,0.16640000,0.16590000,0.16600000,1019.00000000,BEAMUSDT
2022-10-19 18:30:00,0.16610000,0.16610000,0.16600000,0.16600000,859.00000000,BEAMUSDT
2022-10-19 18:45:00,0.16650000,0.16650000,0.16590000,0.16590000,831.00000000,BEAMUSDT
2022-10-19 19:00:00,0.16600000,0.16600000,0.16590000,0.16590000,240.00000000,BEAMUSDT
2022-10-19 19:15:00,0.16610000,0.16640000,0.16600000,0.16600000,384.00000000,BEAMUSDT
2022-10-19 19:30:00,0.16600000,0.16670000,0.16600000,0.16640000,9811.00000000,BEAMUSDT
2022-10-19 19:45:00,0.16660000,0.16680000,0.16660000,0.16670000,1130.00000000,BEAMUSDT
2022-10-19 20:00:00,0.16680000,0.16720000,0.16640000,0.16690000,2293.00000000,BEAMUSDT
2022-10-19 20:15:00,0.16700000,0.17250000,0.16700000,0.17210000,304833.00000000,BEAMUSDT
2022-10-19 20:30:00,0.17210000,0.17250000,0.16740000,0.16890000,181100.00000000,BEAMUSDT
2022-10-19 20:45:00,0.16900000,0.17220000,0.16850000,0.17090000,91016.00000000,BEAMUSDT
2022-10-19 21:00:00,0.17090000,0.17090000,0.16830000,0.17030000,69430.00000000,BEAMUSDT
2022-10-19 21:15:00,0.17030000,0.17080000,0.17000000,0.17010000,10834.00000000,BEAMUSDT
2022-10-19 21:30:00,0.17000000,0.17000000,0.16810000,0.16870000,41961.00000000,BEAMUSDT
2022-10-19 21:45:00,0.16860000,0.16930000,0.16820000,0.16930000,17369.00000000,BEAMUSDT
2022-10-19 22:00:00,0.16910000,0.17100000,0.16910000,0.16920000,18839.00000000,BEAMUSDT
2022-10-19 22:15:00,0.17000000,0.17000000,0.16890000,0.16890000,2394.00000000,BEAMUSDT
2022-10-19 22:30:00,0.16910000,0.16920000,0.16800000,0.16800000,10362.00000000,BEAMUSDT
2022-10-19 22:45:00,0.16800000,0.16800000,0.16600000,0.16670000,43734.00000000,BEAMUSDT
2022-10-19 23:00:00,0.16640000,0.16670000,0.16620000,0.16660000,18155.00000000,BEAMUSDT
2022-10-19 23:15:00,0.16630000,0.16640000,0.16610000,0.16610000,422.00000000,BEAMUSDT
2022-10-19 23:30:00,0.16620000,0.16630000,0.16620000,0.16620000,201.00000000,BEAMUSDT
2022-10-19 23:45:00,0.16620000,0.16620000,0.16600000,0.16610000,16943.00000000,BEAMUSDT
2022-10-20 00:00:00,0.16610000,0.16610000,0.16600000,0.16610000,1932.00000000,BEAMUSDT
2022-10-20 00:15:00,0.16600000,0.16610000,0.16600000,0.16610000,2779.00000000,BEAMUSDT
2022-10-20 00:30:00,0.16610000,0.16610000,0.16600000,0.16600000,1996.00000000,BEAMUSDT
2022-10-20 00:45:00,0.16600000,0.16680000,0.16490000,0.16680000,41872.00000000,BEAMUSDT
2022-10-20 01:00:00,0.16680000,0.16680000,0.16480000,0.16550000,10738.00000000,BEAMUSDT
2022-10-20 01:15:00,0.16510000,0.16550000,0.16400000,0.16510000,54717.00000000,BEAMUSDT
2022-10-20 01:30:00,0.16530000,0.16570000,0.16510000,0.16540000,3862.00000000,BEAMUSDT
2022-10-20 01:45:00,0.16540000,0.16580000,0.16540000,0.16580000,1651.00000000,BEAMUSDT
2022-10-20 02:00:00,0.16580000,0.16620000,0.16550000,0.16620000,11590.00000000,BEAMUSDT
2022-10-20 02:15:00,0.16600000,0.16630000,0.16550000,0.16550000,9306.00000000,BEAMUSDT
2022-10-20 02:30:00,0.16560000,0.16590000,0.16540000,0.16590000,722.00000000,BEAMUSDT
2022-10-20 02:45:00,0.16590000,0.16610000,0.16550000,0.16580000,2458.00000000,BEAMUSDT
2022-10-20 03:00:00,0.16590000,0.16600000,0.16570000,0.16590000,1014.00000000,BEAMUSDT
2022-10-20 03:15:00,0.16570000,0.16590000,0.16460000,0.16560000,17428.00000000,BEAMUSDT
2022-10-20 03:30:00,0.16560000,0.16580000,0.16530000,0.16570000,921.00000000,BEAMUSDT
2022-10-20 03:45:00,0.16570000,0.16620000,0.16570000,0.16600000,4959.00000000,BEAMUSDT
2022-10-20 04:00:00,0.16600000,0.16640000,0.16600000,0.16600000,10001.00000000,BEAMUSDT
2022-10-20 04:15:00,0.16630000,0.16700000,0.16630000,0.16650000,10778.00000000,BEAMUSDT
2022-10-20 04:30:00,0.16670000,0.16810000,0.16650000,0.16760000,34467.00000000,BEAMUSDT
2022-10-20 04:45:00,0.16790000,0.16790000,0.16770000,0.16770000,482.00000000,BEAMUSDT
2022-10-20 05:00:00,0.16770000,0.16820000,0.16770000,0.16820000,5081.00000000,BEAMUSDT
2022-10-20 05:15:00,0.16840000,0.16850000,0.16840000,0.16840000,1285.00000000,BEAMUSDT
2022-10-20 05:30:00,0.16850000,0.16920000,0.16840000,0.16900000,25023.00000000,BEAMUSDT
2022-10-20 05:45:00,0.16920000,0.16920000,0.16820000,0.16830000,15756.00000000,BEAMUSDT
2022-10-20 06:00:00,0.16820000,0.16820000,0.16790000,0.16790000,8574.00000000,BEAMUSDT
2022-10-20 06:15:00,0.16790000,0.16790000,0.16750000,0.16750000,9147.00000000,BEAMUSDT
2022-10-20 06:30:00,0.16740000,0.16740000,0.16730000,0.16730000,448.00000000,BEAMUSDT
2022-10-20 06:45:00,0.16720000,0.16750000,0.16720000,0.16750000,958.00000000,BEAMUSDT
2022-10-20 07:00:00,0.16740000,0.16810000,0.16720000,0.16810000,28539.00000000,BEAMUSDT
2022-10-20 07:15:00,0.16810000,0.16830000,0.16790000,0.16810000,2985.00000000,BEAMUSDT
2022-10-20 07:30:00,0.16790000,0.16790000,0.16760000,0.16770000,9522.00000000,BEAMUSDT
2022-10-20 07:45:00,0.16760000,0.16770000,0.16750000,0.16760000,11065.00000000,BEAMUSDT
2022-10-20 08:00:00,0.16750000,0.16790000,0.16750000,0.16760000,20317.00000000,BEAMUSDT
2022-10-20 08:15:00,0.16750000,0.16830000,0.16750000,0.16800000,17387.00000000,BEAMUSDT
2022-10-20 08:30:00,0.16800000,0.16990000,0.16770000,0.16950000,27362.00000000,BEAMUSDT
2022-10-20 08:45:00,0.16880000,0.16980000,0.16880000,0.16880000,29273.00000000,BEAMUSDT
2022-10-20 09:00:00,0.16880000,0.16910000,0.16820000,0.16910000,23620.00000000,BEAMUSDT
2022-10-20 09:15:00,0.16860000,0.16880000,0.16800000,0.16800000,17092.00000000,BEAMUSDT
2022-10-20 09:30:00,0.16820000,0.16880000,0.16820000,0.16870000,3294.00000000,BEAMUSDT
2022-10-20 09:45:00,0.16870000,0.17120000,0.16800000,0.16950000,147814.00000000,BEAMUSDT
2022-10-20 10:00:00,0.16960000,0.17110000,0.16910000,0.16990000,111984.00000000,BEAMUSDT
2022-10-20 10:15:00,0.16990000,0.17000000,0.16970000,0.16990000,6137.00000000,BEAMUSDT
2022-10-20 10:30:00,0.16960000,0.17000000,0.16950000,0.16980000,3783.00000000,BEAMUSDT
2022-10-20 10:45:00,0.17000000,0.17050000,0.16910000,0.16950000,12734.00000000,BEAMUSDT
2022-10-20 11:00:00,0.16980000,0.16980000,0.16940000,0.16940000,11451.00000000,BEAMUSDT
2022-10-20 11:15:00,0.16960000,0.16960000,0.16920000,0.16940000,8781.00000000,BEAMUSDT
2022-10-20 11:30:00,0.16940000,0.16960000,0.16910000,0.16930000,13093.00000000,BEAMUSDT
2022-10-20 11:45:00,0.16920000,0.17140000,0.16920000,0.17050000,70387.00000000,BEAMUSDT
2022-10-20 12:00:00,0.17040000,0.17120000,0.16950000,0.17050000,25362.00000000,BEAMUSDT
2022-10-20 12:15:00,0.17010000,0.17130000,0.17010000,0.17070000,53334.00000000,BEAMUSDT
2022-10-20 12:30:00,0.17070000,0.17120000,0.17000000,0.17040000,6577.00000000,BEAMUSDT
2022-10-20 12:45:00,0.17100000,0.17110000,0.16990000,0.17040000,24595.00000000,BEAMUSDT
2022-10-20 13:00:00,0.17040000,0.17040000,0.16940000,0.16940000,40869.00000000,BEAMUSDT
2022-10-20 13:15:00,0.16980000,0.17010000,0.16950000,0.16960000,6868.00000000,BEAMUSDT
2022-10-20 13:30:00,0.16960000,0.17000000,0.16890000,0.16970000,30509.00000000,BEAMUSDT
2022-10-20 13:45:00,0.16980000,0.16990000,0.16960000,0.16980000,9856.00000000,BEAMUSDT
2022-10-20 14:00:00,0.16980000,0.17010000,0.16980000,0.16980000,10433.00000000,BEAMUSDT
2022-10-20 14:15:00,0.16980000,0.17050000,0.16980000,0.17040000,10621.00000000,BEAMUSDT
2022-10-20 14:30:00,0.17080000,0.17160000,0.17060000,0.17100000,29678.00000000,BEAMUSDT
2022-10-20 14:45:00,0.17100000,0.17110000,0.17080000,0.17110000,1738.00000000,BEAMUSDT
2022-10-20 15:00:00,0.17100000,0.17200000,0.17100000,0.17120000,12515.00000000,BEAMUSDT
2022-10-20 15:15:00,0.17110000,0.17190000,0.17110000,0.17130000,5197.00000000,BEAMUSDT
2022-10-20 15:30:00,0.17180000,0.17200000,0.17140000,0.17150000,3961.00000000,BEAMUSDT
2022-10-20 15:45:00,0.17200000,0.17200000,0.17080000,0.17150000,21936.00000000,BEAMUSDT
2022-10-20 16:00:00,0.17190000,0.17200000,0.16870000,0.16970000,64327.00000000,BEAMUSDT
2022-10-20 16:15:00,0.16970000,0.17030000,0.16950000,0.16980000,29823.00000000,BEAMUSDT
2022-10-20 16:30:00,0.16980000,0.16980000,0.16890000,0.16900000,24952.00000000,BEAMUSDT
2022-10-20 16:45:00,0.16880000,0.17010000,0.16870000,0.16950000,41882.00000000,BEAMUSDT
2022-10-20 17:00:00,0.16980000,0.16980000,0.16820000,0.16830000,41423.00000000,BEAMUSDT
2022-10-20 17:15:00,0.16830000,0.16860000,0.16800000,0.16820000,17023.00000000,BEAMUSDT
2022-10-20 17:30:00,0.16810000,0.16820000,0.16790000,0.16790000,6997.00000000,BEAMUSDT
2022-10-20 17:45:00,0.16770000,0.16770000,0.16730000,0.16730000,9323.00000000,BEAMUSDT
2022-10-20 18:00:00,0.16750000,0.16770000,0.16700000,0.16700000,17579.00000000,BEAMUSDT
2022-10-20 18:15:00,0.16700000,0.16700000,0.16620000,0.16650000,8776.00000000,BEAMUSDT
2022-10-20 18:30:00,0.16640000,0.16640000,0.16610000,0.16620000,3529.00000000,BEAMUSDT
2022-10-20 18:45:00,0.16610000,0.16650000,0.16580000,0.16650000,3591.00000000,BEAMUSDT
2022-10-20 19:00:00,0.16650000,0.16730000,0.16650000,0.16650000,14075.00000000,BEAMUSDT
2022-10-20 19:15:00,0.16640000,0.16650000,0.16610000,0.16650000,7107.00000000,BEAMUSDT
2022-10-20 19:30:00,0.16640000,0.16640000,0.16600000,0.16620000,1455.00000000,BEAMUSDT
2022-10-20 19:45:00,0.16630000,0.16660000,0.16630000,0.16660000,3370.00000000,BEAMUSDT
2022-10-20 20:00:00,0.16630000,0.16670000,0.16610000,0.16620000,2865.00000000,BEAMUSDT
2022-10-20 20:15:00,0.16610000,0.16610000,0.16610000,0.16610000,853.00000000,BEAMUSDT
2022-10-20 20:30:00,0.16610000,0.16660000,0.16600000,0.16600000,13204.00000000,BEAMUSDT
2022-10-20 20:45:00,0.16610000,0.16640000,0.16600000,0.16640000,673.00000000,BEAMUSDT
2022-10-20 21:00:00,0.16640000,0.16640000,0.16600000,0.16600000,1827.00000000,BEAMUSDT
2022-10-20 21:15:00,0.16620000,0.16620000,0.16590000,0.16590000,2509.00000000,BEAMUSDT
2022-10-20 21:30:00,0.16590000,0.16600000,0.16570000,0.16600000,1838.00000000,BEAMUSDT
2022-10-20 21:45:00,0.16570000,0.16590000,0.16570000,0.16590000,1007.00000000,BEAMUSDT
2022-10-20 22:00:00,0.16590000,0.16600000,0.16590000,0.16590000,2983.00000000,BEAMUSDT
2022-10-20 22:15:00,0.16590000,0.16600000,0.16590000,0.16590000,435.00000000,BEAMUSDT
2022-10-20 22:30:00,0.16590000,0.16600000,0.16590000,0.16600000,1738.00000000,BEAMUSDT
2022-10-20 22:45:00,0.16590000,0.16590000,0.16590000,0.16590000,551.00000000,BEAMUSDT
2022-10-20 23:00:00,0.16570000,0.16600000,0.16530000,0.16550000,4587.00000000,BEAMUSDT
2022-10-20 23:15:00,0.16530000,0.16550000,0.16500000,0.16540000,7517.00000000,BEAMUSDT
2022-10-20 23:30:00,0.16530000,0.16550000,0.16530000,0.16550000,1061.00000000,BEAMUSDT
2022-10-20 23:45:00,0.16540000,0.16550000,0.16530000,0.16530000,480.00000000,BEAMUSDT
2022-10-21 00:00:00,0.16530000,0.16550000,0.16510000,0.16510000,380.00000000,BEAMUSDT
2022-10-21 00:15:00,0.16530000,0.16530000,0.16480000,0.16490000,8940.00000000,BEAMUSDT
2022-10-21 00:30:00,0.16480000,0.16480000,0.16420000,0.16430000,3375.00000000,BEAMUSDT
2022-10-21 00:45:00,0.16430000,0.16530000,0.16430000,0.16530000,2123.00000000,BEAMUSDT
2022-10-21 01:00:00,0.16530000,0.16530000,0.16480000,0.16480000,2995.00000000,BEAMUSDT
2022-10-21 01:15:00,0.16480000,0.16520000,0.16480000,0.16480000,1075.00000000,BEAMUSDT
2022-10-21 01:30:00,0.16500000,0.16500000,0.16460000,0.16500000,2757.00000000,BEAMUSDT
2022-10-21 01:45:00,0.16500000,0.16560000,0.16500000,0.16560000,10040.00000000,BEAMUSDT
2022-10-21 02:00:00,0.16510000,0.16510000,0.16510000,0.16510000,66.00000000,BEAMUSDT
2022-10-21 02:15:00,0.16540000,0.16540000,0.16540000,0.16540000,772.00000000,BEAMUSDT
2022-10-21 02:30:00,0.16570000,0.16580000,0.16540000,0.16570000,223.00000000,BEAMUSDT
2022-10-21 02:45:00,0.16580000,0.16720000,0.16580000,0.16650000,26708.00000000,BEAMUSDT
2022-10-21 03:00:00,0.16670000,0.16670000,0.16670000,0.16670000,299.00000000,BEAMUSDT
2022-10-21 03:15:00,0.16670000,0.16670000,0.16570000,0.16610000,13753.00000000,BEAMUSDT
2022-10-21 03:30:00,0.16590000,0.16590000,0.16560000,0.16580000,547.00000000,BEAMUSDT
2022-10-21 03:45:00,0.16570000,0.16600000,0.16570000,0.16580000,942.00000000,BEAMUSDT
2022-10-21 04:00:00,0.16570000,0.16620000,0.16570000,0.16580000,5616.00000000,BEAMUSDT
2022-10-21 04:15:00,0.16620000,0.16630000,0.16580000,0.16590000,4404.00000000,BEAMUSDT
2022-10-21 04:30:00,0.16570000,0.16570000,0.16570000,0.16570000,626.00000000,BEAMUSDT
2022-10-21 04:45:00,0.16620000,0.16620000,0.16590000,0.16590000,422.00000000,BEAMUSDT
2022-10-21 05:00:00,0.16580000,0.16580000,0.16580000,0.16580000,303.00000000,BEAMUSDT
2022-10-21 05:15:00,0.16570000,0.16570000,0.16570000,0.16570000,123.00000000,BEAMUSDT
2022-10-21 05:30:00,0.16570000,0.16570000,0.16530000,0.16550000,8511.00000000,BEAMUSDT
2022-10-21 05:45:00,0.16530000,0.16560000,0.16530000,0.16550000,896.00000000,BEAMUSDT
2022-10-21 06:00:00,0.16550000,0.16550000,0.16550000,0.16550000,490.00000000,BEAMUSDT
2022-10-21 06:15:00,0.16530000,0.16550000,0.16530000,0.16530000,5523.00000000,BEAMUSDT
2022-10-21 06:30:00,0.16550000,0.16550000,0.16450000,0.16490000,11823.00000000,BEAMUSDT
2022-10-21 06:45:00,0.16490000,0.16490000,0.16380000,0.16450000,33523.00000000,BEAMUSDT
2022-10-21 07:00:00,0.16420000,0.16420000,0.16390000,0.16400000,3132.00000000,BEAMUSDT
2022-10-21 07:15:00,0.16420000,0.16470000,0.16400000,0.16450000,4043.00000000,BEAMUSDT
2022-10-21 07:30:00,0.16440000,0.16450000,0.16420000,0.16440000,2090.00000000,BEAMUSDT
2022-10-21 07:45:00,0.16440000,0.16440000,0.16390000,0.16420000,1682.00000000,BEAMUSDT
2022-10-21 08:00:00,0.16400000,0.16410000,0.16330000,0.16330000,28918.00000000,BEAMUSDT
2022-10-21 08:15:00,0.16360000,0.16360000,0.16310000,0.16320000,2205.00000000,BEAMUSDT
2022-10-21 08:30:00,0.16320000,0.16320000,0.16130000,0.16160000,95737.00000000,BEAMUSDT
2022-10-21 08:45:00,0.16170000,0.16170000,0.16110000,0.16120000,17416.00000000,BEAMUSDT
2022-10-21 09:00:00,0.16130000,0.16180000,0.16120000,0.16140000,14421.00000000,BEAMUSDT
2022-10-21 09:15:00,0.16100000,0.16160000,0.16090000,0.16160000,12412.00000000,BEAMUSDT
2022-10-21 09:30:00,0.16160000,0.16180000,0.16140000,0.16160000,7647.00000000,BEAMUSDT
2022-10-21 09:45:00,0.16160000,0.16160000,0.16120000,0.16150000,12215.00000000,BEAMUSDT
2022-10-21 10:00:00,0.16160000,0.16160000,0.16130000,0.16150000,28215.00000000,BEAMUSDT
2022-10-21 10:15:00,0.16150000,0.16160000,0.16120000,0.16130000,3875.00000000,BEAMUSDT
2022-10-21 10:30:00,0.16120000,0.16150000,0.16100000,0.16140000,599.00000000,BEAMUSDT
2022-10-21 10:45:00,0.16090000,0.16160000,0.16090000,0.16160000,3495.00000000,BEAMUSDT
2022-10-21 11:00:00,0.16130000,0.16140000,0.16100000,0.16100000,6873.00000000,BEAMUSDT
2022-10-21 11:15:00,0.16100000,0.16270000,0.16100000,0.16190000,84226.00000000,BEAMUSDT
2022-10-21 11:30:00,0.16230000,0.16250000,0.16180000,0.16180000,8173.00000000,BEAMUSDT
2022-10-21 11:45:00,0.16210000,0.16210000,0.16000000,0.16110000,72863.00000000,BEAMUSDT
2022-10-21 12:00:00,0.16130000,0.16190000,0.16000000,0.16000000,22664.00000000,BEAMUSDT
2022-10-21 12:15:00,0.16010000,0.16030000,0.15860000,0.16020000,75216.00000000,BEAMUSDT
2022-10-21 12:30:00,0.16040000,0.16100000,0.16030000,0.16100000,34616.00000000,BEAMUSDT
2022-10-21 12:45:00,0.16100000,0.16150000,0.16090000,0.16150000,5008.00000000,BEAMUSDT
2022-10-21 13:00:00,0.16150000,0.16270000,0.16140000,0.16260000,22330.00000000,BEAMUSDT
2022-10-21 13:15:00,0.16260000,0.16260000,0.16160000,0.16210000,5030.00000000,BEAMUSDT
2022-10-21 13:30:00,0.16190000,0.16240000,0.16180000,0.16220000,20378.00000000,BEAMUSDT
2022-10-21 13:45:00,0.16230000,0.16280000,0.16210000,0.16280000,8630.00000000,BEAMUSDT
2022-10-21 14:00:00,0.16250000,0.16280000,0.16230000,0.16280000,18927.00000000,BEAMUSDT
2022-10-21 14:15:00,0.16260000,0.16280000,0.16240000,0.16240000,3729.00000000,BEAMUSDT
2022-10-21 14:30:00,0.16230000,0.16230000,0.16190000,0.16190000,22497.00000000,BEAMUSDT
2022-10-21 14:45:00,0.16190000,0.16220000,0.16150000,0.16150000,12453.00000000,BEAMUSDT
2022-10-21 15:00:00,0.16120000,0.16170000,0.16120000,0.16170000,1540.00000000,BEAMUSDT
2022-10-21 15:15:00,0.16170000,0.16230000,0.16170000,0.16230000,5560.00000000,BEAMUSDT
2022-10-21 15:30:00,0.16210000,0.16260000,0.16180000,0.16200000,6872.00000000,BEAMUSDT
2022-10-21 15:45:00,0.16200000,0.16280000,0.16200000,0.16280000,14474.00000000,BEAMUSDT
2022-10-21 16:00:00,0.16280000,0.16410000,0.16280000,0.16330000,23260.00000000,BEAMUSDT
2022-10-21 16:15:00,0.16360000,0.16400000,0.16320000,0.16330000,13205.00000000,BEAMUSDT
2022-10-21 16:30:00,0.16370000,0.16380000,0.16330000,0.16350000,7022.00000000,BEAMUSDT
2022-10-21 16:45:00,0.16370000,0.16430000,0.16370000,0.16400000,28228.00000000,BEAMUSDT
2022-10-21 17:00:00,0.16430000,0.16460000,0.16370000,0.16370000,12150.00000000,BEAMUSDT
2022-10-21 17:15:00,0.16390000,0.16390000,0.16350000,0.16360000,15088.00000000,BEAMUSDT
2022-10-21 17:30:00,0.16350000,0.16360000,0.16350000,0.16350000,20040.00000000,BEAMUSDT
2022-10-21 17:45:00,0.16320000,0.16350000,0.16320000,0.16320000,3379.00000000,BEAMUSDT
2022-10-21 18:00:00,0.16340000,0.16360000,0.16330000,0.16360000,5039.00000000,BEAMUSDT
2022-10-21 18:15:00,0.16360000,0.16360000,0.16310000,0.16310000,7220.00000000,BEAMUSDT
2022-10-21 18:30:00,0.16320000,0.16380000,0.16300000,0.16340000,27793.00000000,BEAMUSDT
2022-10-21 18:45:00,0.16340000,0.16350000,0.16340000,0.16340000,490.00000000,BEAMUSDT
2022-10-21 19:00:00,0.16350000,0.16410000,0.16350000,0.16410000,6974.00000000,BEAMUSDT
2022-10-21 19:15:00,0.16440000,0.16440000,0.16410000,0.16420000,1466.00000000,BEAMUSDT
2022-10-21 19:30:00,0.16440000,0.16470000,0.16440000,0.16450000,5570.00000000,BEAMUSDT
2022-10-21 19:45:00,0.16470000,0.16490000,0.16450000,0.16460000,8047.00000000,BEAMUSDT
2022-10-21 20:00:00,0.16490000,0.16490000,0.16450000,0.16450000,367.00000000,BEAMUSDT
2022-10-21 20:15:00,0.16440000,0.16550000,0.16440000,0.16490000,14639.00000000,BEAMUSDT
2022-10-21 20:30:00,0.16510000,0.16590000,0.16510000,0.16540000,7417.00000000,BEAMUSDT
2022-10-21 20:45:00,0.16540000,0.16540000,0.16410000,0.16430000,19772.00000000,BEAMUSDT
2022-10-21 21:00:00,0.16400000,0.16430000,0.16400000,0.16430000,2241.00000000,BEAMUSDT
2022-10-21 21:15:00,0.16430000,0.16430000,0.16410000,0.16430000,1193.00000000,BEAMUSDT
2022-10-21 21:30:00,0.16410000,0.16440000,0.16400000,0.16400000,2348.00000000,BEAMUSDT
2022-10-21 21:45:00,0.16440000,0.16440000,0.16400000,0.16400000,547.00000000,BEAMUSDT
2022-10-21 22:00:00,0.16400000,0.16420000,0.16400000,0.16420000,3013.00000000,BEAMUSDT
2022-10-21 22:15:00,0.16420000,0.16420000,0.16400000,0.16410000,1831.00000000,BEAMUSDT
2022-10-21 22:30:00,0.16400000,0.16480000,0.16400000,0.16460000,9310.00000000,BEAMUSDT
2022-10-21 22:45:00,0.16480000,0.16500000,0.16480000,0.16500000,1379.00000000,BEAMUSDT
2022-10-21 23:00:00,0.16500000,0.16540000,0.16490000,0.16520000,3561.00000000,BEAMUSDT
2022-10-21 23:15:00,0.16460000,0.16510000,0.16460000,0.16510000,6814.00000000,BEAMUSDT
2022-10-21 23:30:00,0.16450000,0.16510000,0.16450000,0.16470000,813.00000000,BEAMUSDT
2022-10-21 23:45:00,0.16470000,0.16500000,0.16470000,0.16500000,555.00000000,BEAMUSDT
2022-10-22 00:00:00,0.16470000,0.16470000,0.16460000,0.16460000,236.00000000,BEAMUSDT
2022-10-22 00:15:00,0.16490000,0.16500000,0.16460000,0.16490000,2927.00000000,BEAMUSDT
2022-10-22 00:30:00,0.16490000,0.16520000,0.16470000,0.16510000,417.00000000,BEAMUSDT
2022-10-22 00:45:00,0.16480000,0.16510000,0.16480000,0.16480000,194.00000000,BEAMUSDT
2022-10-22 01:00:00,0.16520000,0.16550000,0.16520000,0.16520000,3560.00000000,BEAMUSDT
2022-10-22 01:15:00,0.16520000,0.16550000,0.16470000,0.16490000,1827.00000000,BEAMUSDT
2022-10-22 01:30:00,0.16530000,0.16530000,0.16480000,0.16500000,699.00000000,BEAMUSDT
2022-10-22 01:45:00,0.16500000,0.16530000,0.16480000,0.16480000,872.00000000,BEAMUSDT
2022-10-22 02:00:00,0.16460000,0.16510000,0.16440000,0.16510000,1461.00000000,BEAMUSDT
2022-10-22 02:15:00,0.16450000,0.16500000,0.16450000,0.16490000,390.00000000,BEAMUSDT
2022-10-22 02:30:00,0.16490000,0.16490000,0.16450000,0.16490000,393.00000000,BEAMUSDT
2022-10-22 02:45:00,0.16450000,0.16540000,0.16440000,0.16450000,14385.00000000,BEAMUSDT
2022-10-22 03:00:00,0.16450000,0.16450000,0.16440000,0.16450000,507.00000000,BEAMUSDT
2022-10-22 03:15:00,0.16450000,0.16550000,0.16450000,0.16530000,15208.00000000,BEAMUSDT
2022-10-22 03:30:00,0.16540000,0.16540000,0.16540000,0.16540000,338.00000000,BEAMUSDT
2022-10-22 03:45:00,0.16540000,0.16550000,0.16530000,0.16550000,1115.00000000,BEAMUSDT
2022-10-22 04:00:00,0.16540000,0.16550000,0.16530000,0.16530000,1136.00000000,BEAMUSDT
2022-10-22 04:15:00,0.16550000,0.16550000,0.16530000,0.16530000,522.00000000,BEAMUSDT
2022-10-22 04:30:00,0.16530000,0.16550000,0.16530000,0.16550000,2483.00000000,BEAMUSDT
2022-10-22 04:45:00,0.16530000,0.16550000,0.16530000,0.16550000,542.00000000,BEAMUSDT
2022-10-22 05:00:00,0.16550000,0.16600000,0.16530000,0.16550000,28080.00000000,BEAMUSDT
2022-10-22 05:15:00,0.16600000,0.16600000,0.16510000,0.16550000,14519.00000000,BEAMUSDT
2022-10-22 05:30:00,0.16560000,0.16560000,0.16510000,0.16540000,24195.00000000,BEAMUSDT
2022-10-22 05:45:00,0.16530000,0.16540000,0.16490000,0.16530000,9937.00000000,BEAMUSDT
2022-10-22 06:00:00,0.16480000,0.16530000,0.16480000,0.16530000,1329.00000000,BEAMUSDT
2022-10-22 06:15:00,0.16510000,0.16540000,0.16500000,0.16540000,7039.00000000,BEAMUSDT
2022-10-22 06:30:00,0.16500000,0.16710000,0.16490000,0.16690000,26812.00000000,BEAMUSDT
2022-10-22 06:45:00,0.16670000,0.16790000,0.16670000,0.16710000,19395.00000000,BEAMUSDT
2022-10-22 07:00:00,0.16700000,0.16770000,0.16650000,0.16730000,30164.00000000,BEAMUSDT
2022-10-22 07:15:00,0.16730000,0.16760000,0.16660000,0.16760000,20428.00000000,BEAMUSDT
2022-10-22 07:30:00,0.16760000,0.16820000,0.16710000,0.16820000,19285.00000000,BEAMUSDT
2022-10-22 07:45:00,0.16780000,0.16810000,0.16720000,0.16800000,10002.00000000,BEAMUSDT
2022-10-22 08:00:00,0.16790000,0.16810000,0.16720000,0.16720000,4653.00000000,BEAMUSDT
2022-10-22 08:15:00,0.16720000,0.16720000,0.16710000,0.16710000,1796.00000000,BEAMUSDT
2022-10-22 08:30:00,0.16720000,0.16820000,0.16710000,0.16800000,7056.00000000,BEAMUSDT
2022-10-22 08:45:00,0.16760000,0.16810000,0.16730000,0.16730000,2836.00000000,BEAMUSDT
2022-10-22 09:00:00,0.16730000,0.16870000,0.16730000,0.16870000,21122.00000000,BEAMUSDT
2022-10-22 09:15:00,0.16810000,0.16940000,0.16800000,0.16840000,40360.00000000,BEAMUSDT
2022-10-22 09:30:00,0.16840000,0.16880000,0.16780000,0.16830000,13713.00000000,BEAMUSDT
2022-10-22 09:45:00,0.16840000,0.16910000,0.16830000,0.16860000,21358.00000000,BEAMUSDT
2022-10-22 10:00:00,0.16880000,0.16920000,0.16860000,0.16860000,10560.00000000,BEAMUSDT
2022-10-22 10:15:00,0.16860000,0.17100000,0.16860000,0.17080000,165163.00000000,BEAMUSDT
2022-10-22 10:30:00,0.17050000,0.17250000,0.16870000,0.17000000,203734.00000000,BEAMUSDT
2022-10-22 10:45:00,0.17000000,0.17000000,0.16890000,0.16890000,17411.00000000,BEAMUSDT
2022-10-22 11:00:00,0.16900000,0.16960000,0.16870000,0.16910000,33291.00000000,BEAMUSDT
2022-10-22 11:15:00,0.16910000,0.16930000,0.16880000,0.16880000,8778.00000000,BEAMUSDT
2022-10-22 11:30:00,0.16880000,0.16930000,0.16870000,0.16910000,24440.00000000,BEAMUSDT
2022-10-22 11:45:00,0.16880000,0.16930000,0.16850000,0.16890000,10041.00000000,BEAMUSDT
2022-10-22 12:00:00,0.16890000,0.16950000,0.16860000,0.16940000,6324.00000000,BEAMUSDT
2022-10-22 12:15:00,0.16950000,0.16950000,0.16830000,0.16840000,74686.00000000,BEAMUSDT
2022-10-22 12:30:00,0.16840000,0.16880000,0.16810000,0.16830000,11876.00000000,BEAMUSDT
2022-10-22 12:45:00,0.16820000,0.16910000,0.16810000,0.16900000,27598.00000000,BEAMUSDT
2022-10-22 13:00:00,0.16900000,0.16920000,0.16870000,0.16910000,92444.00000000,BEAMUSDT
2022-10-22 13:15:00,0.16900000,0.16920000,0.16900000,0.16910000,115951.00000000,BEAMUSDT
2022-10-22 13:30:00,0.16910000,0.16920000,0.16790000,0.16820000,104840.00000000,BEAMUSDT
2022-10-22 13:45:00,0.16810000,0.16900000,0.16800000,0.16900000,8664.00000000,BEAMUSDT
2022-10-22 14:00:00,0.16910000,0.17000000,0.16880000,0.16970000,15660.00000000,BEAMUSDT
2022-10-22 14:15:00,0.16920000,0.17390000,0.16920000,0.17260000,172828.00000000,BEAMUSDT
2022-10-22 14:30:00,0.17240000,0.17680000,0.17170000,0.17520000,642623.00000000,BEAMUSDT
2022-10-22 14:45:00,0.17520000,0.17710000,0.16920000,0.16950000,764051.00000000,BEAMUSDT
2022-10-22 15:00:00,0.17000000,0.17100000,0.16980000,0.17080000,67830.00000000,BEAMUSDT
2022-10-22 15:15:00,0.17050000,0.17090000,0.16950000,0.17060000,34000.00000000,BEAMUSDT
2022-10-22 15:30:00,0.17070000,0.17070000,0.16990000,0.17000000,54565.00000000,BEAMUSDT
2022-10-22 15:45:00,0.17000000,0.17000000,0.16910000,0.16960000,44235.00000000,BEAMUSDT
2022-10-22 16:00:00,0.16940000,0.16970000,0.16920000,0.16920000,21478.00000000,BEAMUSDT
2022-10-22 16:15:00,0.16950000,0.16950000,0.16910000,0.16920000,12216.00000000,BEAMUSDT
2022-10-22 16:30:00,0.16940000,0.16940000,0.16920000,0.16930000,5060.00000000,BEAMUSDT
2022-10-22 16:45:00,0.16940000,0.16950000,0.16910000,0.16920000,14789.00000000,BEAMUSDT
2022-10-22 17:00:00,0.16910000,0.16940000,0.16910000,0.16930000,5502.00000000,BEAMUSDT
2022-10-22 17:15:00,0.16910000,0.16930000,0.16880000,0.16900000,15669.00000000,BEAMUSDT
2022-10-22 17:30:00,0.16900000,0.16980000,0.16900000,0.16950000,13988.00000000,BEAMUSDT
2022-10-22 17:45:00,0.16950000,0.16970000,0.16910000,0.16920000,31328.00000000,BEAMUSDT
2022-10-22 18:00:00,0.16970000,0.17000000,0.16930000,0.16930000,18927.00000000,BEAMUSDT
2022-10-22 18:15:00,0.16930000,0.16930000,0.16850000,0.16900000,19363.00000000,BEAMUSDT
2022-10-22 18:30:00,0.16880000,0.16900000,0.16840000,0.16860000,19695.00000000,BEAMUSDT
2022-10-22 18:45:00,0.16870000,0.16880000,0.16840000,0.16880000,23543.00000000,BEAMUSDT
2022-10-22 19:00:00,0.16870000,0.16870000,0.16830000,0.16860000,16150.00000000,BEAMUSDT
2022-10-22 19:15:00,0.16860000,0.16910000,0.16850000,0.16910000,27647.00000000,BEAMUSDT
2022-10-22 19:30:00,0.16890000,0.16950000,0.16870000,0.16940000,41560.00000000,BEAMUSDT
2022-10-22 19:45:00,0.16940000,0.17440000,0.16920000,0.17170000,270966.00000000,BEAMUSDT
2022-10-22 20:00:00,0.17170000,0.17490000,0.17040000,0.17230000,200293.00000000,BEAMUSDT
2022-10-22 20:15:00,0.17230000,0.17400000,0.17030000,0.17130000,167661.00000000,BEAMUSDT
2022-10-22 20:30:00,0.17130000,0.17250000,0.17090000,0.17180000,34706.00000000,BEAMUSDT
2022-10-22 20:45:00,0.17180000,0.17200000,0.16900000,0.17120000,155600.00000000,BEAMUSDT
2022-10-22 21:00:00,0.17130000,0.17170000,0.17040000,0.17150000,24486.00000000,BEAMUSDT
2022-10-22 21:15:00,0.17130000,0.17170000,0.17030000,0.17100000,11010.00000000,BEAMUSDT
2022-10-22 21:30:00,0.17120000,0.17170000,0.17080000,0.17130000,16751.00000000,BEAMUSDT
2022-10-22 21:45:00,0.17100000,0.17150000,0.17060000,0.17090000,14210.00000000,BEAMUSDT
2022-10-22 22:00:00,0.17110000,0.17120000,0.17060000,0.17090000,2772.00000000,BEAMUSDT
2022-10-22 22:15:00,0.17060000,0.17350000,0.17040000,0.17240000,36595.00000000,BEAMUSDT
2022-10-22 22:30:00,0.17240000,0.17540000,0.17180000,0.17250000,165144.00000000,BEAMUSDT
2022-10-22 22:45:00,0.17250000,0.17320000,0.17150000,0.17210000,22204.00000000,BEAMUSDT
2022-10-22 23:00:00,0.17210000,0.17250000,0.17160000,0.17210000,11101.00000000,BEAMUSDT
2022-10-22 23:15:00,0.17220000,0.17270000,0.17160000,0.17270000,3118.00000000,BEAMUSDT
2022-10-22 23:30:00,0.17220000,0.17300000,0.17180000,0.17210000,7250.00000000,BEAMUSDT
2022-10-22 23:45:00,0.17200000,0.17440000,0.17190000,0.17390000,16729.00000000,BEAMUSDT
2022-10-23 00:00:00,0.17420000,0.17450000,0.17220000,0.17270000,15615.00000000,BEAMUSDT
2022-10-23 00:15:00,0.17280000,0.17280000,0.17280000,0.17280000,417.00000000,BEAMUSDT
2022-10-23 00:30:00,0.17280000,0.17280000,0.17230000,0.17250000,930.00000000,BEAMUSDT
2022-10-23 00:45:00,0.17230000,0.17260000,0.17220000,0.17240000,3547.00000000,BEAMUSDT
2022-10-23 01:00:00,0.17270000,0.17380000,0.17250000,0.17270000,8814.00000000,BEAMUSDT
2022-10-23 01:15:00,0.17240000,0.17300000,0.17240000,0.17290000,1169.00000000,BEAMUSDT
2022-10-23 01:30:00,0.17250000,0.17400000,0.17210000,0.17300000,17694.00000000,BEAMUSDT
2022-10-23 01:45:00,0.17300000,0.17360000,0.17300000,0.17310000,2698.00000000,BEAMUSDT
2022-10-23 02:00:00,0.17300000,0.17330000,0.17300000,0.17330000,2454.00000000,BEAMUSDT
2022-10-23 02:15:00,0.17330000,0.17330000,0.17310000,0.17310000,1197.00000000,BEAMUSDT
2022-10-23 02:30:00,0.17310000,0.17330000,0.17310000,0.17330000,4250.00000000,BEAMUSDT
2022-10-23 02:45:00,0.17320000,0.17350000,0.17320000,0.17350000,5335.00000000,BEAMUSDT
2022-10-23 03:00:00,0.17370000,0.17380000,0.17340000,0.17340000,11207.00000000,BEAMUSDT
2022-10-23 03:15:00,0.17340000,0.17360000,0.17310000,0.17340000,874.00000000,BEAMUSDT
2022-10-23 03:30:00,0.17320000,0.17320000,0.17310000,0.17310000,2930.00000000,BEAMUSDT
2022-10-23 03:45:00,0.17330000,0.17330000,0.17310000,0.17310000,1478.00000000,BEAMUSDT
2022-10-23 04:00:00,0.17330000,0.17330000,0.17320000,0.17330000,2471.00000000,BEAMUSDT
2022-10-23 04:15:00,0.17330000,0.17330000,0.17130000,0.17200000,79728.00000000,BEAMUSDT
2022-10-23 04:30:00,0.17180000,0.17210000,0.17140000,0.17210000,59458.00000000,BEAMUSDT
2022-10-23 04:45:00,0.17250000,0.17340000,0.17210000,0.17270000,32765.00000000,BEAMUSDT
2022-10-23 05:00:00,0.17270000,0.17310000,0.17220000,0.17310000,19771.00000000,BEAMUSDT
2022-10-23 05:15:00,0.17260000,0.17260000,0.17170000,0.17240000,11540.00000000,BEAMUSDT
2022-10-23 05:30:00,0.17220000,0.17280000,0.17220000,0.17280000,5009.00000000,BEAMUSDT
2022-10-23 05:45:00,0.17270000,0.17330000,0.17240000,0.17280000,18126.00000000,BEAMUSDT
2022-10-23 06:00:00,0.17260000,0.17360000,0.17200000,0.17330000,19142.00000000,BEAMUSDT
2022-10-23 06:15:00,0.17310000,0.17350000,0.17260000,0.17270000,12840.00000000,BEAMUSDT
2022-10-23 06:30:00,0.17330000,0.17330000,0.17270000,0.17310000,11799.00000000,BEAMUSDT
2022-10-23 06:45:00,0.17310000,0.17410000,0.17240000,0.17400000,28031.00000000,BEAMUSDT
2022-10-23 07:00:00,0.17400000,0.17460000,0.17400000,0.17430000,35431.00000000,BEAMUSDT
2022-10-23 07:15:00,0.17460000,0.17490000,0.17320000,0.17320000,26568.00000000,BEAMUSDT
2022-10-23 07:30:00,0.17390000,0.17390000,0.17350000,0.17390000,9499.00000000,BEAMUSDT
2022-10-23 07:45:00,0.17430000,0.17470000,0.17200000,0.17340000,43513.00000000,BEAMUSDT
2022-10-23 08:00:00,0.17300000,0.17300000,0.17240000,0.17260000,22030.00000000,BEAMUSDT
2022-10-23 08:15:00,0.17230000,0.17340000,0.17210000,0.17320000,14719.00000000,BEAMUSDT
2022-10-23 08:30:00,0.17340000,0.17730000,0.17340000,0.17630000,346324.00000000,BEAMUSDT
2022-10-23 08:45:00,0.17650000,0.17730000,0.17350000,0.17480000,101827.00000000,BEAMUSDT
2022-10-23 09:00:00,0.17510000,0.17530000,0.17220000,0.17360000,91136.00000000,BEAMUSDT
2022-10-23 09:15:00,0.17360000,0.17360000,0.17270000,0.17330000,18087.00000000,BEAMUSDT
2022-10-23 09:30:00,0.17300000,0.17360000,0.17280000,0.17360000,23283.00000000,BEAMUSDT
2022-10-23 09:45:00,0.17330000,0.17360000,0.17280000,0.17360000,11270.00000000,BEAMUSDT
2022-10-23 10:00:00,0.17360000,0.17360000,0.17210000,0.17230000,28502.00000000,BEAMUSDT
2022-10-23 10:15:00,0.17240000,0.17320000,0.17210000,0.17320000,19041.00000000,BEAMUSDT
2022-10-23 10:30:00,0.17290000,0.17290000,0.17170000,0.17190000,29674.00000000,BEAMUSDT
2022-10-23 10:45:00,0.17180000,0.17180000,0.17130000,0.17170000,16964.00000000,BEAMUSDT
2022-10-23 11:00:00,0.17170000,0.17170000,0.17130000,0.17150000,39775.00000000,BEAMUSDT
2022-10-23 11:15:00,0.17150000,0.17180000,0.17130000,0.17180000,32773.00000000,BEAMUSDT
2022-10-23 11:30:00,0.17180000,0.17190000,0.17150000,0.17190000,52123.00000000,BEAMUSDT
2022-10-23 11:45:00,0.17170000,0.17190000,0.17150000,0.17160000,16071.00000000,BEAMUSDT
2022-10-23 12:00:00,0.17150000,0.17190000,0.17150000,0.17150000,17753.00000000,BEAMUSDT
2022-10-23 12:15:00,0.17170000,0.17180000,0.17130000,0.17130000,22334.00000000,BEAMUSDT
2022-10-23 12:30:00,0.17140000,0.17170000,0.17090000,0.17130000,16038.00000000,BEAMUSDT
2022-10-23 12:45:00,0.17130000,0.17170000,0.17120000,0.17130000,5086.00000000,BEAMUSDT
2022-10-23 13:00:00,0.17160000,0.17190000,0.17130000,0.17190000,204284.00000000,BEAMUSDT
2022-10-23 13:15:00,0.17190000,0.17360000,0.17160000,0.17160000,61675.00000000,BEAMUSDT
2022-10-23 13:30:00,0.17160000,0.17190000,0.17130000,0.17180000,27040.00000000,BEAMUSDT
2022-10-23 13:45:00,0.17180000,0.17240000,0.17140000,0.17200000,17391.00000000,BEAMUSDT
2022-10-23 14:00:00,0.17150000,0.17210000,0.17150000,0.17210000,2261.00000000,BEAMUSDT
2022-10-23 14:15:00,0.17170000,0.17200000,0.17150000,0.17150000,1597.00000000,BEAMUSDT
2022-10-23 14:30:00,0.17200000,0.17200000,0.17140000,0.17170000,2276.00000000,BEAMUSDT
2022-10-23 14:45:00,0.17170000,0.17290000,0.17170000,0.17220000,22997.00000000,BEAMUSDT
2022-10-23 15:00:00,0.17210000,0.17210000,0.17140000,0.17200000,18575.00000000,BEAMUSDT
2022-10-23 15:15:00,0.17170000,0.17250000,0.17170000,0.17210000,12682.00000000,BEAMUSDT
2022-10-23 15:30:00,0.17210000,0.17210000,0.17160000,0.17160000,9568.00000000,BEAMUSDT
2022-10-23 15:45:00,0.17160000,0.17190000,0.17130000,0.17150000,27075.00000000,BEAMUSDT
2022-10-23 16:00:00,0.17180000,0.17190000,0.17130000,0.17190000,18877.00000000,BEAMUSDT
2022-10-23 16:15:00,0.17190000,0.17190000,0.17080000,0.17130000,38169.00000000,BEAMUSDT
2022-10-23 16:30:00,0.17100000,0.17170000,0.17100000,0.17170000,8767.00000000,BEAMUSDT
2022-10-23 16:45:00,0.17160000,0.17310000,0.17160000,0.17160000,92038.00000000,BEAMUSDT
2022-10-23 17:00:00,0.17190000,0.17210000,0.17130000,0.17160000,7052.00000000,BEAMUSDT
2022-10-23 17:15:00,0.17170000,0.17180000,0.17130000,0.17140000,26028.00000000,BEAMUSDT
2022-10-23 17:30:00,0.17140000,0.17180000,0.17140000,0.17180000,10709.00000000,BEAMUSDT
2022-10-23 17:45:00,0.17190000,0.17340000,0.17180000,0.17320000,62288.00000000,BEAMUSDT
2022-10-23 18:00:00,0.17290000,0.17340000,0.17280000,0.17290000,13314.00000000,BEAMUSDT
2022-10-23 18:15:00,0.17270000,0.17340000,0.17240000,0.17250000,11688.00000000,BEAMUSDT
2022-10-23 18:30:00,0.17250000,0.17250000,0.17190000,0.17210000,34158.00000000,BEAMUSDT
2022-10-23 18:45:00,0.17210000,0.17220000,0.17140000,0.17160000,66787.00000000,BEAMUSDT
2022-10-23 19:00:00,0.17150000,0.17210000,0.17140000,0.17160000,31134.00000000,BEAMUSDT
2022-10-23 19:15:00,0.17170000,0.17180000,0.17130000,0.17180000,3284.00000000,BEAMUSDT
2022-10-23 19:30:00,0.17180000,0.17200000,0.17160000,0.17190000,9394.00000000,BEAMUSDT
2022-10-23 19:45:00,0.17170000,0.17200000,0.17110000,0.17150000,10951.00000000,BEAMUSDT
2022-10-23 20:00:00,0.17140000,0.17170000,0.17130000,0.17150000,12422.00000000,BEAMUSDT
2022-10-23 20:15:00,0.17140000,0.17150000,0.17130000,0.17150000,496.00000000,BEAMUSDT
2022-10-23 20:30:00,0.17120000,0.17150000,0.17100000,0.17140000,12180.00000000,BEAMUSDT
2022-10-23 20:45:00,0.17150000,0.17150000,0.17100000,0.17140000,3477.00000000,BEAMUSDT
2022-10-23 21:00:00,0.17140000,0.17160000,0.16940000,0.17050000,162333.00000000,BEAMUSDT
2022-10-23 21:15:00,0.17030000,0.17080000,0.16900000,0.17010000,95593.00000000,BEAMUSDT
2022-10-23 21:30:00,0.17010000,0.17020000,0.16960000,0.16960000,8023.00000000,BEAMUSDT
2022-10-23 21:45:00,0.16960000,0.17040000,0.16960000,0.17040000,15327.00000000,BEAMUSDT
2022-10-23 22:00:00,0.17050000,0.17140000,0.17050000,0.17140000,8075.00000000,BEAMUSDT
2022-10-23 22:15:00,0.17100000,0.17130000,0.17000000,0.17100000,54504.00000000,BEAMUSDT
2022-10-23 22:30:00,0.17090000,0.17150000,0.17090000,0.17150000,5152.00000000,BEAMUSDT
2022-10-23 22:45:00,0.17150000,0.17150000,0.17070000,0.17100000,4848.00000000,BEAMUSDT
2022-10-23 23:00:00,0.17120000,0.17120000,0.17050000,0.17080000,2899.00000000,BEAMUSDT
2022-10-23 23:15:00,0.17080000,0.17080000,0.16990000,0.16990000,3928.00000000,BEAMUSDT
2022-10-23 23:30:00,0.17010000,0.17040000,0.17010000,0.17040000,786.00000000,BEAMUSDT
2022-10-23 23:45:00,0.17000000,0.17070000,0.17000000,0.17050000,2221.00000000,BEAMUSDT
2022-10-24 00:00:00,0.17050000,0.17060000,0.17000000,0.17050000,6289.00000000,BEAMUSDT
2022-10-24 00:15:00,0.17050000,0.17090000,0.17040000,0.17090000,13125.00000000,BEAMUSDT
2022-10-24 00:30:00,0.17090000,0.17130000,0.17060000,0.17060000,4562.00000000,BEAMUSDT
2022-10-24 00:45:00,0.17030000,0.17060000,0.17030000,0.17050000,1304.00000000,BEAMUSDT
2022-10-24 01:00:00,0.17050000,0.17070000,0.17040000,0.17070000,11433.00000000,BEAMUSDT
2022-10-24 01:15:00,0.17070000,0.17070000,0.17000000,0.17020000,23865.00000000,BEAMUSDT
2022-10-24 01:30:00,0.17020000,0.17030000,0.17020000,0.17030000,1877.00000000,BEAMUSDT
2022-10-24 01:45:00,0.17010000,0.17030000,0.17010000,0.17030000,4410.00000000,BEAMUSDT
2022-10-24 02:00:00,0.17010000,0.17040000,0.17010000,0.17030000,490.00000000,BEAMUSDT
2022-10-24 02:15:00,0.17030000,0.17030000,0.17030000,0.17030000,265.00000000,BEAMUSDT
2022-10-24 02:30:00,0.17030000,0.17030000,0.17030000,0.17030000,2231.00000000,BEAMUSDT
2022-10-24 02:45:00,0.17020000,0.17030000,0.17020000,0.17030000,1022.00000000,BEAMUSDT
2022-10-24 03:00:00,0.17010000,0.17010000,0.16960000,0.16980000,8862.00000000,BEAMUSDT
2022-10-24 03:15:00,0.16990000,0.16990000,0.16980000,0.16990000,3764.00000000,BEAMUSDT
2022-10-24 03:30:00,0.16990000,0.17000000,0.16990000,0.17000000,3333.00000000,BEAMUSDT
2022-10-24 03:45:00,0.16990000,0.17000000,0.16990000,0.16990000,4601.00000000,BEAMUSDT
2022-10-24 04:00:00,0.17000000,0.17000000,0.16990000,0.16990000,2076.00000000,BEAMUSDT
2022-10-24 04:15:00,0.16990000,0.16990000,0.16920000,0.16950000,24327.00000000,BEAMUSDT
2022-10-24 04:30:00,0.16960000,0.16990000,0.16960000,0.16970000,2799.00000000,BEAMUSDT
2022-10-24 04:45:00,0.16980000,0.16990000,0.16960000,0.16990000,2636.00000000,BEAMUSDT
2022-10-24 05:00:00,0.16990000,0.16990000,0.16940000,0.16940000,5002.00000000,BEAMUSDT
2022-10-24 05:15:00,0.16950000,0.16950000,0.16940000,0.16940000,764.00000000,BEAMUSDT
2022-10-24 05:30:00,0.16960000,0.16960000,0.16910000,0.16920000,12806.00000000,BEAMUSDT
2022-10-24 05:45:00,0.16940000,0.16940000,0.16900000,0.16920000,3844.00000000,BEAMUSDT
2022-10-24 06:00:00,0.16920000,0.16970000,0.16920000,0.16950000,12335.00000000,BEAMUSDT
2022-10-24 06:15:00,0.16950000,0.17010000,0.16950000,0.16990000,41941.00000000,BEAMUSDT
2022-10-24 06:30:00,0.16990000,0.17030000,0.16990000,0.17030000,12370.00000000,BEAMUSDT
2022-10-24 06:45:00,0.17020000,0.17020000,0.16960000,0.16960000,5038.00000000,BEAMUSDT
2022-10-24 07:00:00,0.16950000,0.17000000,0.16930000,0.16970000,13495.00000000,BEAMUSDT
2022-10-24 07:15:00,0.16990000,0.17100000,0.16940000,0.17060000,184474.00000000,BEAMUSDT
2022-10-24 07:30:00,0.17060000,0.17200000,0.17020000,0.17180000,115588.00000000,BEAMUSDT
2022-10-24 07:45:00,0.17150000,0.17250000,0.17140000,0.17240000,45922.00000000,BEAMUSDT
2022-10-24 08:00:00,0.17240000,0.17260000,0.17170000,0.17180000,12442.00000000,BEAMUSDT
2022-10-24 08:15:00,0.17200000,0.17200000,0.17040000,0.17080000,58272.00000000,BEAMUSDT
2022-10-24 08:30:00,0.17130000,0.17210000,0.17120000,0.17170000,6799.00000000,BEAMUSDT
2022-10-24 08:45:00,0.17180000,0.17180000,0.17170000,0.17180000,338.00000000,BEAMUSDT
2022-10-24 09:00:00,0.17170000,0.17200000,0.17170000,0.17170000,15514.00000000,BEAMUSDT
2022-10-24 09:15:00,0.17200000,0.17220000,0.17170000,0.17190000,6181.00000000,BEAMUSDT
2022-10-24 09:30:00,0.17220000,0.17220000,0.17190000,0.17190000,914.00000000,BEAMUSDT
2022-10-24 09:45:00,0.17210000,0.17240000,0.17180000,0.17240000,2986.00000000,BEAMUSDT
2022-10-24 10:00:00,0.17230000,0.17260000,0.17190000,0.17220000,12791.00000000,BEAMUSDT
2022-10-24 10:15:00,0.17220000,0.17230000,0.17210000,0.17210000,3456.00000000,BEAMUSDT
2022-10-24 10:30:00,0.17220000,0.17270000,0.17210000,0.17210000,17643.00000000,BEAMUSDT
2022-10-24 10:45:00,0.17220000,0.17270000,0.17210000,0.17230000,29447.00000000,BEAMUSDT
2022-10-24 11:00:00,0.17220000,0.17260000,0.17190000,0.17190000,27572.00000000,BEAMUSDT
2022-10-24 11:15:00,0.17190000,0.17190000,0.17110000,0.17150000,20222.00000000,BEAMUSDT
2022-10-24 11:30:00,0.17150000,0.17150000,0.17110000,0.17150000,13809.00000000,BEAMUSDT
2022-10-24 11:45:00,0.17110000,0.17190000,0.17100000,0.17170000,16535.00000000,BEAMUSDT
2022-10-24 12:00:00,0.17170000,0.17190000,0.17150000,0.17160000,3987.00000000,BEAMUSDT
2022-10-24 12:15:00,0.17180000,0.17300000,0.17180000,0.17240000,38095.00000000,BEAMUSDT
2022-10-24 12:30:00,0.17240000,0.17270000,0.17090000,0.17090000,25348.00000000,BEAMUSDT
2022-10-24 12:45:00,0.17110000,0.17140000,0.17100000,0.17100000,19400.00000000,BEAMUSDT
2022-10-24 13:00:00,0.17130000,0.17130000,0.17070000,0.17100000,33184.00000000,BEAMUSDT
2022-10-24 13:15:00,0.17100000,0.17140000,0.17060000,0.17140000,5669.00000000,BEAMUSDT
2022-10-24 13:30:00,0.17130000,0.17130000,0.17080000,0.17080000,2958.00000000,BEAMUSDT
2022-10-24 13:45:00,0.17130000,0.17200000,0.17120000,0.17200000,7852.00000000,BEAMUSDT
2022-10-24 14:00:00,0.17200000,0.17280000,0.17190000,0.17210000,14250.00000000,BEAMUSDT
2022-10-24 14:15:00,0.17210000,0.17210000,0.16980000,0.17020000,76340.00000000,BEAMUSDT
2022-10-24 14:30:00,0.17020000,0.17040000,0.16980000,0.17030000,26019.00000000,BEAMUSDT
2022-10-24 14:45:00,0.17000000,0.17040000,0.16990000,0.17020000,7110.00000000,BEAMUSDT
2022-10-24 15:00:00,0.17030000,0.17040000,0.17030000,0.17030000,4812.00000000,BEAMUSDT
2022-10-24 15:15:00,0.17040000,0.17040000,0.16790000,0.16960000,208830.00000000,BEAMUSDT
2022-10-24 15:30:00,0.16960000,0.17000000,0.16960000,0.17000000,15820.00000000,BEAMUSDT
2022-10-24 15:45:00,0.16980000,0.17020000,0.16980000,0.17000000,3505.00000000,BEAMUSDT
2022-10-24 16:00:00,0.16990000,0.16990000,0.16970000,0.16980000,8609.00000000,BEAMUSDT
2022-10-24 16:15:00,0.16970000,0.17060000,0.16970000,0.17060000,4992.00000000,BEAMUSDT
2022-10-24 16:30:00,0.17040000,0.17050000,0.16930000,0.16980000,16933.00000000,BEAMUSDT
2022-10-24 16:45:00,0.16950000,0.16960000,0.16950000,0.16950000,4547.00000000,BEAMUSDT
2022-10-24 17:00:00,0.16960000,0.16980000,0.16940000,0.16970000,8142.00000000,BEAMUSDT
2022-10-24 17:15:00,0.16960000,0.16980000,0.16920000,0.16920000,7770.00000000,BEAMUSDT
2022-10-24 17:30:00,0.16950000,0.16960000,0.16930000,0.16950000,6376.00000000,BEAMUSDT
2022-10-24 17:45:00,0.16950000,0.16980000,0.16930000,0.16930000,2034.00000000,BEAMUSDT
2022-10-24 18:00:00,0.16970000,0.16970000,0.16940000,0.16950000,3702.00000000,BEAMUSDT
2022-10-24 18:15:00,0.16950000,0.16980000,0.16940000,0.16940000,3956.00000000,BEAMUSDT
2022-10-24 18:30:00,0.16980000,0.16990000,0.16980000,0.16990000,2572.00000000,BEAMUSDT
2022-10-24 18:45:00,0.16990000,0.16990000,0.16980000,0.16980000,701.00000000,BEAMUSDT
2022-10-24 19:00:00,0.16980000,0.17050000,0.16970000,0.17050000,17969.00000000,BEAMUSDT
2022-10-24 19:15:00,0.17020000,0.17060000,0.17010000,0.17020000,3874.00000000,BEAMUSDT
2022-10-24 19:30:00,0.17020000,0.17020000,0.17020000,0.17020000,422.00000000,BEAMUSDT
2022-10-24 19:45:00,0.17050000,0.17050000,0.17020000,0.17020000,2101.00000000,BEAMUSDT
2022-10-24 20:00:00,0.17010000,0.17030000,0.17010000,0.17020000,1828.00000000,BEAMUSDT
2022-10-24 20:15:00,0.17010000,0.17040000,0.17000000,0.17020000,4289.00000000,BEAMUSDT
2022-10-24 20:30:00,0.17050000,0.17050000,0.17020000,0.17030000,480.00000000,BEAMUSDT
2022-10-24 20:45:00,0.17050000,0.17060000,0.17000000,0.17050000,12142.00000000,BEAMUSDT
2022-10-24 21:00:00,0.17010000,0.17050000,0.17010000,0.17020000,1000.00000000,BEAMUSDT
2022-10-24 21:15:00,0.17020000,0.17020000,0.17020000,0.17020000,0.00000000,BEAMUSDT
2022-10-24 21:30:00,0.17020000,0.17020000,0.17020000,0.17020000,351.00000000,BEAMUSDT
2022-10-24 21:45:00,0.17020000,0.17030000,0.17020000,0.17030000,398.00000000,BEAMUSDT
2022-10-24 22:00:00,0.17020000,0.17040000,0.17020000,0.17040000,4023.00000000,BEAMUSDT
2022-10-24 22:15:00,0.17040000,0.17040000,0.17020000,0.17020000,1224.00000000,BEAMUSDT
2022-10-24 22:30:00,0.17020000,0.17080000,0.17020000,0.17060000,5249.00000000,BEAMUSDT
2022-10-24 22:45:00,0.17090000,0.17090000,0.17060000,0.17060000,697.00000000,BEAMUSDT
2022-10-24 23:00:00,0.17060000,0.17060000,0.17060000,0.17060000,0.00000000,BEAMUSDT
2022-10-24 23:15:00,0.17060000,0.17150000,0.17060000,0.17080000,17993.00000000,BEAMUSDT
2022-10-24 23:30:00,0.17080000,0.17130000,0.17070000,0.17120000,4344.00000000,BEAMUSDT
2022-10-24 23:45:00,0.17110000,0.17110000,0.17080000,0.17080000,2544.00000000,BEAMUSDT
2022-10-25 00:00:00,0.17090000,0.17120000,0.17080000,0.17110000,6691.00000000,BEAMUSDT
2022-10-25 00:15:00,0.17100000,0.17120000,0.17090000,0.17120000,9020.00000000,BEAMUSDT
2022-10-25 00:30:00,0.17130000,0.17130000,0.17080000,0.17130000,1119.00000000,BEAMUSDT
2022-10-25 00:45:00,0.17110000,0.17140000,0.17090000,0.17090000,12196.00000000,BEAMUSDT
2022-10-25 01:00:00,0.17110000,0.17110000,0.17060000,0.17060000,6230.00000000,BEAMUSDT
2022-10-25 01:15:00,0.17070000,0.17070000,0.17040000,0.17040000,5132.00000000,BEAMUSDT
2022-10-25 01:30:00,0.17060000,0.17070000,0.17040000,0.17060000,1151.00000000,BEAMUSDT
2022-10-25 01:45:00,0.17060000,0.17090000,0.17050000,0.17090000,7795.00000000,BEAMUSDT
2022-10-25 02:00:00,0.17080000,0.17080000,0.17050000,0.17050000,385.00000000,BEAMUSDT
2022-10-25 02:15:00,0.17050000,0.17060000,0.17040000,0.17060000,500.00000000,BEAMUSDT
2022-10-25 02:30:00,0.17040000,0.17050000,0.16990000,0.17030000,2141.00000000,BEAMUSDT
2022-10-25 02:45:00,0.17030000,0.17030000,0.17020000,0.17020000,502.00000000,BEAMUSDT
2022-10-25 03:00:00,0.17020000,0.17030000,0.17000000,0.17020000,17879.00000000,BEAMUSDT
2022-10-25 03:15:00,0.17020000,0.17070000,0.17020000,0.17070000,2377.00000000,BEAMUSDT
2022-10-25 03:30:00,0.17040000,0.17060000,0.17040000,0.17060000,517.00000000,BEAMUSDT
2022-10-25 03:45:00,0.17040000,0.17060000,0.17040000,0.17060000,265.00000000,BEAMUSDT
2022-10-25 04:00:00,0.17060000,0.17080000,0.17050000,0.17070000,5929.00000000,BEAMUSDT
2022-10-25 04:15:00,0.17070000,0.17080000,0.17070000,0.17080000,2621.00000000,BEAMUSDT
2022-10-25 04:30:00,0.17080000,0.17200000,0.17070000,0.17150000,60008.00000000,BEAMUSDT
2022-10-25 04:45:00,0.17130000,0.17130000,0.17130000,0.17130000,171.00000000,BEAMUSDT
2022-10-25 05:00:00,0.17110000,0.17110000,0.17100000,0.17100000,1072.00000000,BEAMUSDT
2022-10-25 05:15:00,0.17100000,0.17130000,0.17080000,0.17110000,5253.00000000,BEAMUSDT
2022-10-25 05:30:00,0.17090000,0.17110000,0.17080000,0.17080000,2455.00000000,BEAMUSDT
2022-10-25 05:45:00,0.17080000,0.17110000,0.17080000,0.17110000,875.00000000,BEAMUSDT
2022-10-25 06:00:00,0.17110000,0.17110000,0.17080000,0.17110000,7188.00000000,BEAMUSDT
2022-10-25 06:15:00,0.17100000,0.17110000,0.17080000,0.17110000,9613.00000000,BEAMUSDT
2022-10-25 06:30:00,0.17090000,0.17110000,0.17080000,0.17100000,3687.00000000,BEAMUSDT
2022-10-25 06:45:00,0.17110000,0.17110000,0.17070000,0.17070000,6159.00000000,BEAMUSDT
2022-10-25 07:00:00,0.17070000,0.17070000,0.17040000,0.17040000,7557.00000000,BEAMUSDT
2022-10-25 07:15:00,0.17040000,0.17040000,0.17000000,0.17000000,15193.00000000,BEAMUSDT
2022-10-25 07:30:00,0.16990000,0.17030000,0.16960000,0.17000000,10333.00000000,BEAMUSDT
2022-10-25 07:45:00,0.16970000,0.17030000,0.16920000,0.16920000,132475.00000000,BEAMUSDT
2022-10-25 08:00:00,0.16930000,0.16970000,0.16920000,0.16930000,44633.00000000,BEAMUSDT
2022-10-25 08:15:00,0.16970000,0.16970000,0.16910000,0.16910000,4217.00000000,BEAMUSDT
2022-10-25 08:30:00,0.16920000,0.16920000,0.16900000,0.16910000,1497.00000000,BEAMUSDT
2022-10-25 08:45:00,0.16900000,0.16910000,0.16870000,0.16890000,9704.00000000,BEAMUSDT
2022-10-25 09:00:00,0.16880000,0.16890000,0.16850000,0.16870000,10423.00000000,BEAMUSDT
2022-10-25 09:15:00,0.16860000,0.16870000,0.16860000,0.16870000,1028.00000000,BEAMUSDT
2022-10-25 09:30:00,0.16870000,0.16870000,0.16840000,0.16840000,5273.00000000,BEAMUSDT
2022-10-25 09:45:00,0.16850000,0.16860000,0.16830000,0.16860000,4192.00000000,BEAMUSDT
2022-10-25 10:00:00,0.16840000,0.16860000,0.16830000,0.16840000,25242.00000000,BEAMUSDT
2022-10-25 10:15:00,0.16850000,0.16860000,0.16830000,0.16850000,7826.00000000,BEAMUSDT
2022-10-25 10:30:00,0.16850000,0.16860000,0.16840000,0.16850000,6668.00000000,BEAMUSDT
2022-10-25 10:45:00,0.16850000,0.16890000,0.16850000,0.16870000,15415.00000000,BEAMUSDT
2022-10-25 11:00:00,0.16870000,0.16870000,0.16810000,0.16840000,30540.00000000,BEAMUSDT
2022-10-25 11:15:00,0.16830000,0.16860000,0.16830000,0.16850000,861.00000000,BEAMUSDT
2022-10-25 11:30:00,0.16850000,0.16900000,0.16810000,0.16900000,13725.00000000,BEAMUSDT
2022-10-25 11:45:00,0.16910000,0.16930000,0.16900000,0.16900000,3382.00000000,BEAMUSDT
2022-10-25 12:00:00,0.16910000,0.16910000,0.16880000,0.16880000,21353.00000000,BEAMUSDT
2022-10-25 12:15:00,0.16880000,0.16890000,0.16850000,0.16850000,4977.00000000,BEAMUSDT
2022-10-25 12:30:00,0.16840000,0.16860000,0.16810000,0.16810000,11426.00000000,BEAMUSDT
2022-10-25 12:45:00,0.16810000,0.16880000,0.16810000,0.16860000,7210.00000000,BEAMUSDT
2022-10-25 13:00:00,0.16880000,0.16900000,0.16880000,0.16890000,33896.00000000,BEAMUSDT
2022-10-25 13:15:00,0.16900000,0.16930000,0.16890000,0.16910000,21015.00000000,BEAMUSDT
2022-10-25 13:30:00,0.16930000,0.17010000,0.16910000,0.17000000,10125.00000000,BEAMUSDT
2022-10-25 13:45:00,0.17010000,0.17050000,0.17010000,0.17050000,4576.00000000,BEAMUSDT
2022-10-25 14:00:00,0.17040000,0.17080000,0.17000000,0.17070000,22978.00000000,BEAMUSDT
2022-10-25 14:15:00,0.17060000,0.17060000,0.17040000,0.17040000,936.00000000,BEAMUSDT
2022-10-25 14:30:00,0.17070000,0.17070000,0.17020000,0.17050000,12207.00000000,BEAMUSDT
2022-10-25 14:45:00,0.17050000,0.17070000,0.16990000,0.16990000,35028.00000000,BEAMUSDT
2022-10-25 15:00:00,0.16990000,0.17050000,0.16990000,0.17050000,4126.00000000,BEAMUSDT
2022-10-25 15:15:00,0.17020000,0.17050000,0.17020000,0.17050000,19016.00000000,BEAMUSDT
2022-10-25 15:30:00,0.17050000,0.17190000,0.17050000,0.17140000,45060.00000000,BEAMUSDT
2022-10-25 15:45:00,0.17160000,0.17220000,0.17130000,0.17130000,61961.00000000,BEAMUSDT
2022-10-25 16:00:00,0.17150000,0.17180000,0.17150000,0.17160000,9402.00000000,BEAMUSDT
2022-10-25 16:15:00,0.17150000,0.17150000,0.17090000,0.17110000,21153.00000000,BEAMUSDT
2022-10-25 16:30:00,0.17110000,0.17150000,0.17080000,0.17150000,32832.00000000,BEAMUSDT
2022-10-25 16:45:00,0.17130000,0.17130000,0.17090000,0.17110000,3265.00000000,BEAMUSDT
2022-10-25 17:00:00,0.17110000,0.17290000,0.17110000,0.17270000,97309.00000000,BEAMUSDT
2022-10-25 17:15:00,0.17250000,0.17270000,0.17160000,0.17230000,32831.00000000,BEAMUSDT
2022-10-25 17:30:00,0.17220000,0.17230000,0.17140000,0.17230000,38102.00000000,BEAMUSDT
2022-10-25 17:45:00,0.17230000,0.17310000,0.17200000,0.17300000,45525.00000000,BEAMUSDT
2022-10-25 18:00:00,0.17300000,0.17310000,0.17220000,0.17220000,68266.00000000,BEAMUSDT
2022-10-25 18:15:00,0.17220000,0.17280000,0.17200000,0.17280000,44071.00000000,BEAMUSDT
2022-10-25 18:30:00,0.17280000,0.17380000,0.17250000,0.17300000,56829.00000000,BEAMUSDT
2022-10-25 18:45:00,0.17290000,0.17290000,0.17260000,0.17280000,16930.00000000,BEAMUSDT
2022-10-25 19:00:00,0.17260000,0.17300000,0.17260000,0.17280000,7320.00000000,BEAMUSDT
2022-10-25 19:15:00,0.17280000,0.17310000,0.17250000,0.17290000,21510.00000000,BEAMUSDT
2022-10-25 19:30:00,0.17300000,0.17320000,0.17240000,0.17240000,12176.00000000,BEAMUSDT
2022-10-25 19:45:00,0.17260000,0.17260000,0.17220000,0.17220000,13484.00000000,BEAMUSDT
2022-10-25 20:00:00,0.17230000,0.17260000,0.17150000,0.17170000,43646.00000000,BEAMUSDT
2022-10-25 20:15:00,0.17160000,0.17160000,0.17100000,0.17140000,28533.00000000,BEAMUSDT
2022-10-25 20:30:00,0.17120000,0.17170000,0.17110000,0.17150000,20114.00000000,BEAMUSDT
2022-10-25 20:45:00,0.17160000,0.17160000,0.17110000,0.17120000,7111.00000000,BEAMUSDT
2022-10-25 21:00:00,0.17130000,0.17140000,0.17130000,0.17140000,1797.00000000,BEAMUSDT
2022-10-25 21:15:00,0.17140000,0.17170000,0.17130000,0.17170000,10448.00000000,BEAMUSDT
2022-10-25 21:30:00,0.17160000,0.17160000,0.17130000,0.17130000,1154.00000000,BEAMUSDT
2022-10-25 21:45:00,0.17130000,0.17200000,0.17130000,0.17200000,3953.00000000,BEAMUSDT
2022-10-25 22:00:00,0.17190000,0.17190000,0.17120000,0.17120000,5140.00000000,BEAMUSDT
2022-10-25 22:15:00,0.17130000,0.17140000,0.17120000,0.17140000,3758.00000000,BEAMUSDT
2022-10-25 22:30:00,0.17120000,0.17120000,0.17110000,0.17120000,5968.00000000,BEAMUSDT
2022-10-25 22:45:00,0.17130000,0.17170000,0.17110000,0.17150000,19855.00000000,BEAMUSDT
2022-10-25 23:00:00,0.17140000,0.17140000,0.17120000,0.17120000,802.00000000,BEAMUSDT
2022-10-25 23:15:00,0.17110000,0.17170000,0.17110000,0.17150000,965.00000000,BEAMUSDT
2022-10-25 23:30:00,0.17120000,0.17120000,0.17080000,0.17120000,11509.00000000,BEAMUSDT
2022-10-25 23:45:00,0.17150000,0.17150000,0.17150000,0.17150000,132.00000000,BEAMUSDT
2022-10-26 00:00:00,0.17100000,0.17130000,0.17080000,0.17130000,6448.00000000,BEAMUSDT
2022-10-26 00:15:00,0.17150000,0.17200000,0.17140000,0.17200000,28908.00000000,BEAMUSDT
2022-10-26 00:30:00,0.17210000,0.17230000,0.17200000,0.17200000,21496.00000000,BEAMUSDT
2022-10-26 00:45:00,0.17210000,0.17220000,0.17200000,0.17210000,22036.00000000,BEAMUSDT
2022-10-26 01:00:00,0.17230000,0.17270000,0.17180000,0.17180000,31285.00000000,BEAMUSDT
2022-10-26 01:15:00,0.17180000,0.17180000,0.17110000,0.17120000,21497.00000000,BEAMUSDT
2022-10-26 01:30:00,0.17110000,0.17160000,0.17100000,0.17160000,4860.00000000,BEAMUSDT
2022-10-26 01:45:00,0.17180000,0.17260000,0.17180000,0.17240000,8406.00000000,BEAMUSDT
2022-10-26 02:00:00,0.17220000,0.17240000,0.17220000,0.17240000,9014.00000000,BEAMUSDT
2022-10-26 02:15:00,0.17240000,0.17260000,0.17240000,0.17240000,3030.00000000,BEAMUSDT
2022-10-26 02:30:00,0.17240000,0.17240000,0.17220000,0.17220000,6850.00000000,BEAMUSDT
2022-10-26 02:45:00,0.17260000,0.17260000,0.17230000,0.17230000,1250.00000000,BEAMUSDT
2022-10-26 03:00:00,0.17260000,0.17310000,0.17220000,0.17220000,27704.00000000,BEAMUSDT
2022-10-26 03:15:00,0.17220000,0.17290000,0.17200000,0.17290000,19829.00000000,BEAMUSDT
2022-10-26 03:30:00,0.17280000,0.17290000,0.17260000,0.17260000,2305.00000000,BEAMUSDT
2022-10-26 03:45:00,0.17260000,0.17280000,0.17240000,0.17240000,2387.00000000,BEAMUSDT
2022-10-26 04:00:00,0.17240000,0.17300000,0.17240000,0.17290000,12282.00000000,BEAMUSDT
2022-10-26 04:15:00,0.17260000,0.17310000,0.17260000,0.17290000,19109.00000000,BEAMUSDT
2022-10-26 04:30:00,0.17310000,0.17310000,0.17300000,0.17310000,5566.00000000,BEAMUSDT
2022-10-26 04:45:00,0.17300000,0.17400000,0.17300000,0.17360000,36827.00000000,BEAMUSDT
2022-10-26 05:00:00,0.17370000,0.17380000,0.17320000,0.17320000,14553.00000000,BEAMUSDT
2022-10-26 05:15:00,0.17310000,0.17330000,0.17280000,0.17280000,32142.00000000,BEAMUSDT
2022-10-26 05:30:00,0.17280000,0.17300000,0.17270000,0.17290000,12672.00000000,BEAMUSDT
2022-10-26 05:45:00,0.17280000,0.17300000,0.17250000,0.17250000,8326.00000000,BEAMUSDT
2022-10-26 06:00:00,0.17250000,0.17300000,0.17250000,0.17300000,17167.00000000,BEAMUSDT
2022-10-26 06:15:00,0.17300000,0.17340000,0.17280000,0.17310000,17765.00000000,BEAMUSDT
2022-10-26 06:30:00,0.17270000,0.17320000,0.17270000,0.17320000,10079.00000000,BEAMUSDT
2022-10-26 06:45:00,0.17320000,0.17330000,0.17290000,0.17330000,7485.00000000,BEAMUSDT
2022-10-26 07:00:00,0.17320000,0.17330000,0.17290000,0.17330000,9899.00000000,BEAMUSDT
2022-10-26 07:15:00,0.17320000,0.17390000,0.17290000,0.17390000,4405.00000000,BEAMUSDT
2022-10-26 07:30:00,0.17380000,0.17380000,0.17320000,0.17320000,3762.00000000,BEAMUSDT
2022-10-26 07:45:00,0.17350000,0.17360000,0.17350000,0.17350000,3559.00000000,BEAMUSDT
2022-10-26 08:00:00,0.17310000,0.17340000,0.17290000,0.17310000,5489.00000000,BEAMUSDT
2022-10-26 08:15:00,0.17290000,0.17300000,0.17290000,0.17290000,2030.00000000,BEAMUSDT
2022-10-26 08:30:00,0.17300000,0.17450000,0.17300000,0.17420000,64307.00000000,BEAMUSDT
2022-10-26 08:45:00,0.17420000,0.17440000,0.17400000,0.17400000,24638.00000000,BEAMUSDT
2022-10-26 09:00:00,0.17400000,0.17480000,0.17400000,0.17440000,50897.00000000,BEAMUSDT
2022-10-26 09:15:00,0.17450000,0.17480000,0.17440000,0.17440000,6151.00000000,BEAMUSDT
2022-10-26 09:30:00,0.17470000,0.17470000,0.17420000,0.17420000,5681.00000000,BEAMUSDT
2022-10-26 09:45:00,0.17430000,0.17430000,0.17350000,0.17360000,20480.00000000,BEAMUSDT
2022-10-26 10:00:00,0.17370000,0.17400000,0.17360000,0.17390000,9686.00000000,BEAMUSDT
2022-10-26 10:15:00,0.17390000,0.17400000,0.17390000,0.17400000,9153.00000000,BEAMUSDT
2022-10-26 10:30:00,0.17390000,0.17470000,0.17390000,0.17440000,35141.00000000,BEAMUSDT
2022-10-26 10:45:00,0.17460000,0.17470000,0.17420000,0.17460000,11617.00000000,BEAMUSDT
2022-10-26 11:00:00,0.17460000,0.17500000,0.17460000,0.17470000,30810.00000000,BEAMUSDT
2022-10-26 11:15:00,0.17470000,0.17600000,0.17470000,0.17550000,49217.00000000,BEAMUSDT
2022-10-26 11:30:00,0.17550000,0.17550000,0.17410000,0.17440000,35148.00000000,BEAMUSDT
2022-10-26 11:45:00,0.17440000,0.17440000,0.17380000,0.17380000,5409.00000000,BEAMUSDT
2022-10-26 12:00:00,0.17420000,0.17430000,0.17350000,0.17380000,7981.00000000,BEAMUSDT
2022-10-26 12:15:00,0.17380000,0.17380000,0.17160000,0.17230000,75870.00000000,BEAMUSDT
2022-10-26 12:30:00,0.17230000,0.17310000,0.17180000,0.17310000,55629.00000000,BEAMUSDT
2022-10-26 12:45:00,0.17270000,0.17300000,0.17250000,0.17270000,3753.00000000,BEAMUSDT
2022-10-26 13:00:00,0.17270000,0.17270000,0.17180000,0.17210000,12809.00000000,BEAMUSDT
2022-10-26 13:15:00,0.17200000,0.17260000,0.17190000,0.17240000,26028.00000000,BEAMUSDT
2022-10-26 13:30:00,0.17200000,0.17280000,0.17190000,0.17280000,25607.00000000,BEAMUSDT
2022-10-26 13:45:00,0.17280000,0.17330000,0.17280000,0.17320000,10481.00000000,BEAMUSDT
2022-10-26 14:00:00,0.17320000,0.17350000,0.17320000,0.17350000,9628.00000000,BEAMUSDT
2022-10-26 14:15:00,0.17370000,0.17490000,0.17300000,0.17320000,88923.00000000,BEAMUSDT
2022-10-26 14:30:00,0.17320000,0.17540000,0.17270000,0.17440000,73364.00000000,BEAMUSDT
2022-10-26 14:45:00,0.17430000,0.17480000,0.17260000,0.17290000,69298.00000000,BEAMUSDT
2022-10-26 15:00:00,0.17290000,0.17390000,0.17260000,0.17330000,20909.00000000,BEAMUSDT
2022-10-26 15:15:00,0.17350000,0.17470000,0.17350000,0.17420000,56183.00000000,BEAMUSDT
2022-10-26 15:30:00,0.17400000,0.17470000,0.17380000,0.17430000,19563.00000000,BEAMUSDT
2022-10-26 15:45:00,0.17430000,0.17430000,0.17290000,0.17290000,20636.00000000,BEAMUSDT
2022-10-26 16:00:00,0.17310000,0.17390000,0.17270000,0.17370000,22231.00000000,BEAMUSDT
2022-10-26 16:15:00,0.17360000,0.17360000,0.17230000,0.17270000,36133.00000000,BEAMUSDT
2022-10-26 16:30:00,0.17270000,0.17280000,0.17230000,0.17230000,6633.00000000,BEAMUSDT
2022-10-26 16:45:00,0.17270000,0.17270000,0.17120000,0.17220000,70329.00000000,BEAMUSDT
2022-10-26 17:00:00,0.17220000,0.17220000,0.17180000,0.17190000,17422.00000000,BEAMUSDT
2022-10-26 17:15:00,0.17180000,0.17240000,0.17160000,0.17160000,11260.00000000,BEAMUSDT
2022-10-26 17:30:00,0.17190000,0.17200000,0.17130000,0.17200000,6993.00000000,BEAMUSDT
2022-10-26 17:45:00,0.17150000,0.17240000,0.17150000,0.17240000,4263.00000000,BEAMUSDT
2022-10-26 18:00:00,0.17220000,0.17260000,0.17220000,0.17220000,14260.00000000,BEAMUSDT
2022-10-26 18:15:00,0.17220000,0.17250000,0.17190000,0.17190000,2346.00000000,BEAMUSDT
2022-10-26 18:30:00,0.17220000,0.17220000,0.17190000,0.17190000,1016.00000000,BEAMUSDT
2022-10-26 18:45:00,0.17210000,0.17210000,0.17170000,0.17190000,12439.00000000,BEAMUSDT
2022-10-26 19:00:00,0.17190000,0.17210000,0.17180000,0.17210000,4882.00000000,BEAMUSDT
2022-10-26 19:15:00,0.17210000,0.17230000,0.17190000,0.17210000,2032.00000000,BEAMUSDT
2022-10-26 19:30:00,0.17230000,0.17300000,0.17230000,0.17270000,53542.00000000,BEAMUSDT
2022-10-26 19:45:00,0.17270000,0.17270000,0.17250000,0.17250000,7712.00000000,BEAMUSDT
2022-10-26 20:00:00,0.17250000,0.17280000,0.17240000,0.17250000,18557.00000000,BEAMUSDT
2022-10-26 20:15:00,0.17250000,0.17260000,0.17240000,0.17240000,1012.00000000,BEAMUSDT
2022-10-26 20:30:00,0.17240000,0.17270000,0.17240000,0.17270000,10172.00000000,BEAMUSDT
2022-10-26 20:45:00,0.17270000,0.17300000,0.17270000,0.17300000,1462.00000000,BEAMUSDT
2022-10-26 21:00:00,0.17290000,0.17290000,0.17270000,0.17270000,3664.00000000,BEAMUSDT
2022-10-26 21:15:00,0.17270000,0.17270000,0.17270000,0.17270000,64.00000000,BEAMUSDT
2022-10-26 21:30:00,0.17270000,0.17300000,0.17270000,0.17300000,600.00000000,BEAMUSDT
2022-10-26 21:45:00,0.17310000,0.17350000,0.17300000,0.17300000,8606.00000000,BEAMUSDT
2022-10-26 22:00:00,0.17280000,0.17310000,0.17260000,0.17310000,2876.00000000,BEAMUSDT
2022-10-26 22:15:00,0.17290000,0.17300000,0.17290000,0.17290000,1235.00000000,BEAMUSDT
2022-10-26 22:30:00,0.17330000,0.17330000,0.17270000,0.17270000,4426.00000000,BEAMUSDT
2022-10-26 22:45:00,0.17260000,0.17290000,0.17240000,0.17290000,10476.00000000,BEAMUSDT
2022-10-26 23:00:00,0.17320000,0.17320000,0.17300000,0.17300000,1930.00000000,BEAMUSDT
2022-10-26 23:15:00,0.17280000,0.17280000,0.17250000,0.17270000,1545.00000000,BEAMUSDT
2022-10-26 23:30:00,0.17250000,0.17270000,0.17250000,0.17270000,283.00000000,BEAMUSDT
2022-10-26 23:45:00,0.17250000,0.17250000,0.17250000,0.17250000,192.00000000,BEAMUSDT
2022-10-27 00:00:00,0.17250000,0.17300000,0.17220000,0.17300000,38899.00000000,BEAMUSDT
2022-10-27 00:15:00,0.17300000,0.17300000,0.17290000,0.17300000,31805.00000000,BEAMUSDT
2022-10-27 00:30:00,0.17290000,0.17290000,0.17250000,0.17250000,15683.00000000,BEAMUSDT
2022-10-27 00:45:00,0.17280000,0.17280000,0.17280000,0.17280000,70.00000000,BEAMUSDT
2022-10-27 01:00:00,0.17270000,0.17290000,0.17250000,0.17280000,3879.00000000,BEAMUSDT
2022-10-27 01:15:00,0.17280000,0.17280000,0.17250000,0.17250000,12824.00000000,BEAMUSDT
2022-10-27 01:30:00,0.17250000,0.17260000,0.17250000,0.17250000,427.00000000,BEAMUSDT
2022-10-27 01:45:00,0.17250000,0.17290000,0.17220000,0.17290000,6877.00000000,BEAMUSDT
2022-10-27 02:00:00,0.17290000,0.17300000,0.17250000,0.17300000,4529.00000000,BEAMUSDT
2022-10-27 02:15:00,0.17270000,0.17270000,0.17220000,0.17220000,5312.00000000,BEAMUSDT
2022-10-27 02:30:00,0.17220000,0.17220000,0.17220000,0.17220000,556.00000000,BEAMUSDT
2022-10-27 02:45:00,0.17220000,0.17280000,0.17220000,0.17230000,40250.00000000,BEAMUSDT
2022-10-27 03:00:00,0.17260000,0.17450000,0.17240000,0.17390000,31892.00000000,BEAMUSDT
2022-10-27 03:15:00,0.17410000,0.17430000,0.17400000,0.17400000,9699.00000000,BEAMUSDT
2022-10-27 03:30:00,0.17400000,0.17410000,0.17360000,0.17360000,5357.00000000,BEAMUSDT
2022-10-27 03:45:00,0.17360000,0.17420000,0.17360000,0.17420000,1810.00000000,BEAMUSDT
2022-10-27 04:00:00,0.17400000,0.17420000,0.17380000,0.17410000,3890.00000000,BEAMUSDT
2022-10-27 04:15:00,0.17390000,0.17390000,0.17380000,0.17390000,1994.00000000,BEAMUSDT
2022-10-27 04:30:00,0.17430000,0.17480000,0.17430000,0.17460000,33600.00000000,BEAMUSDT
2022-10-27 04:45:00,0.17430000,0.17500000,0.17430000,0.17480000,11481.00000000,BEAMUSDT
2022-10-27 05:00:00,0.17470000,0.17520000,0.17410000,0.17520000,20122.00000000,BEAMUSDT
2022-10-27 05:15:00,0.17520000,0.17590000,0.17520000,0.17570000,17478.00000000,BEAMUSDT
2022-10-27 05:30:00,0.17570000,0.17580000,0.17510000,0.17560000,33188.00000000,BEAMUSDT
2022-10-27 05:45:00,0.17550000,0.17560000,0.17550000,0.17550000,17478.00000000,BEAMUSDT
2022-10-27 06:00:00,0.17550000,0.17620000,0.17550000,0.17620000,20106.00000000,BEAMUSDT
2022-10-27 06:15:00,0.17630000,0.17650000,0.17600000,0.17640000,25040.00000000,BEAMUSDT
2022-10-27 06:30:00,0.17640000,0.17640000,0.17480000,0.17480000,52073.00000000,BEAMUSDT
2022-10-27 06:45:00,0.17480000,0.17550000,0.17470000,0.17490000,13172.00000000,BEAMUSDT
2022-10-27 07:00:00,0.17490000,0.17510000,0.17420000,0.17440000,12369.00000000,BEAMUSDT
2022-10-27 07:15:00,0.17440000,0.17440000,0.17430000,0.17430000,3122.00000000,BEAMUSDT
2022-10-27 07:30:00,0.17410000,0.17410000,0.17300000,0.17300000,28137.00000000,BEAMUSDT
2022-10-27 07:45:00,0.17290000,0.17360000,0.17290000,0.17360000,15437.00000000,BEAMUSDT
2022-10-27 08:00:00,0.17360000,0.17360000,0.17310000,0.17340000,11975.00000000,BEAMUSDT
2022-10-27 08:15:00,0.17370000,0.17380000,0.17330000,0.17340000,1981.00000000,BEAMUSDT
2022-10-27 08:30:00,0.17380000,0.17380000,0.17340000,0.17340000,1903.00000000,BEAMUSDT
2022-10-27 08:45:00,0.17310000,0.17340000,0.17310000,0.17330000,8145.00000000,BEAMUSDT
2022-10-27 09:00:00,0.17310000,0.17320000,0.17310000,0.17320000,7212.00000000,BEAMUSDT
2022-10-27 09:15:00,0.17310000,0.17310000,0.17280000,0.17280000,22378.00000000,BEAMUSDT
2022-10-27 09:30:00,0.17280000,0.17290000,0.17280000,0.17280000,9874.00000000,BEAMUSDT
2022-10-27 09:45:00,0.17290000,0.17300000,0.17270000,0.17300000,4327.00000000,BEAMUSDT
2022-10-27 10:00:00,0.17280000,0.17280000,0.17250000,0.17260000,13541.00000000,BEAMUSDT
2022-10-27 10:15:00,0.17250000,0.17270000,0.17250000,0.17250000,1456.00000000,BEAMUSDT
2022-10-27 10:30:00,0.17270000,0.17280000,0.17210000,0.17220000,9703.00000000,BEAMUSDT
2022-10-27 10:45:00,0.17210000,0.17230000,0.17210000,0.17230000,7907.00000000,BEAMUSDT
2022-10-27 11:00:00,0.17230000,0.17230000,0.17220000,0.17230000,3867.00000000,BEAMUSDT
2022-10-27 11:15:00,0.17260000,0.17260000,0.17230000,0.17250000,2133.00000000,BEAMUSDT
2022-10-27 11:30:00,0.17240000,0.17330000,0.17240000,0.17280000,14350.00000000,BEAMUSDT
2022-10-27 11:45:00,0.17260000,0.17260000,0.17120000,0.17210000,24807.00000000,BEAMUSDT
2022-10-27 12:00:00,0.17230000,0.17230000,0.17190000,0.17190000,9429.00000000,BEAMUSDT
2022-10-27 12:15:00,0.17190000,0.17190000,0.17110000,0.17180000,6154.00000000,BEAMUSDT
2022-10-27 12:30:00,0.17210000,0.17230000,0.17160000,0.17190000,756.00000000,BEAMUSDT
2022-10-27 12:45:00,0.17190000,0.17260000,0.17190000,0.17220000,75595.00000000,BEAMUSDT
2022-10-27 13:00:00,0.17240000,0.17280000,0.17210000,0.17260000,22418.00000000,BEAMUSDT
2022-10-27 13:15:00,0.17270000,0.17280000,0.17230000,0.17240000,8017.00000000,BEAMUSDT
2022-10-27 13:30:00,0.17270000,0.17290000,0.17200000,0.17200000,4766.00000000,BEAMUSDT
2022-10-27 13:45:00,0.17190000,0.17190000,0.17100000,0.17110000,44078.00000000,BEAMUSDT
2022-10-27 14:00:00,0.17110000,0.17130000,0.17090000,0.17130000,12940.00000000,BEAMUSDT
2022-10-27 14:15:00,0.17180000,0.17200000,0.17170000,0.17170000,1560.00000000,BEAMUSDT
2022-10-27 14:30:00,0.17170000,0.17180000,0.17140000,0.17140000,5336.00000000,BEAMUSDT
2022-10-27 14:45:00,0.17130000,0.17160000,0.17130000,0.17130000,1532.00000000,BEAMUSDT
2022-10-27 15:00:00,0.17140000,0.17180000,0.17140000,0.17180000,2144.00000000,BEAMUSDT
2022-10-27 15:15:00,0.17170000,0.17180000,0.17140000,0.17160000,3519.00000000,BEAMUSDT
2022-10-27 15:30:00,0.17160000,0.17160000,0.17130000,0.17130000,15168.00000000,BEAMUSDT
2022-10-27 15:45:00,0.17130000,0.17140000,0.17130000,0.17140000,5471.00000000,BEAMUSDT
2022-10-27 16:00:00,0.17150000,0.17160000,0.17140000,0.17140000,5035.00000000,BEAMUSDT
2022-10-27 16:15:00,0.17150000,0.17230000,0.17150000,0.17190000,9437.00000000,BEAMUSDT
2022-10-27 16:30:00,0.17220000,0.17260000,0.17210000,0.17240000,10217.00000000,BEAMUSDT
2022-10-27 16:45:00,0.17240000,0.17290000,0.17230000,0.17250000,11954.00000000,BEAMUSDT
2022-10-27 17:00:00,0.17250000,0.17290000,0.17210000,0.17280000,10948.00000000,BEAMUSDT
2022-10-27 17:15:00,0.17290000,0.17310000,0.17270000,0.17310000,6628.00000000,BEAMUSDT
2022-10-27 17:30:00,0.17260000,0.17300000,0.17260000,0.17280000,2205.00000000,BEAMUSDT
2022-10-27 17:45:00,0.17300000,0.17340000,0.17290000,0.17300000,13747.00000000,BEAMUSDT
2022-10-27 18:00:00,0.17300000,0.17330000,0.17300000,0.17300000,3127.00000000,BEAMUSDT
2022-10-27 18:15:00,0.17300000,0.17310000,0.17290000,0.17290000,3622.00000000,BEAMUSDT
2022-10-27 18:30:00,0.17260000,0.17320000,0.17260000,0.17300000,3815.00000000,BEAMUSDT
2022-10-27 18:45:00,0.17310000,0.17310000,0.17280000,0.17280000,146.00000000,BEAMUSDT
2022-10-27 19:00:00,0.17310000,0.17330000,0.17270000,0.17270000,8540.00000000,BEAMUSDT
2022-10-27 19:15:00,0.17320000,0.17320000,0.17260000,0.17290000,1962.00000000,BEAMUSDT
2022-10-27 19:30:00,0.17290000,0.17440000,0.17290000,0.17390000,23453.00000000,BEAMUSDT
2022-10-27 19:45:00,0.17380000,0.17440000,0.17380000,0.17420000,51508.00000000,BEAMUSDT
2022-10-27 20:00:00,0.17420000,0.17420000,0.17210000,0.17220000,10408.00000000,BEAMUSDT
2022-10-27 20:15:00,0.17230000,0.17230000,0.17010000,0.17020000,19680.00000000,BEAMUSDT
2022-10-27 20:30:00,0.17040000,0.17130000,0.17040000,0.17120000,20691.00000000,BEAMUSDT
2022-10-27 20:45:00,0.17130000,0.17180000,0.17080000,0.17180000,7105.00000000,BEAMUSDT
2022-10-27 21:00:00,0.17110000,0.17140000,0.17110000,0.17140000,143.00000000,BEAMUSDT
2022-10-27 21:15:00,0.17130000,0.17130000,0.17080000,0.17110000,774.00000000,BEAMUSDT
2022-10-27 21:30:00,0.17110000,0.17200000,0.17100000,0.17140000,15369.00000000,BEAMUSDT
2022-10-27 21:45:00,0.17140000,0.17150000,0.17110000,0.17120000,6958.00000000,BEAMUSDT
2022-10-27 22:00:00,0.17160000,0.17230000,0.17150000,0.17180000,8168.00000000,BEAMUSDT
2022-10-27 22:15:00,0.17180000,0.17180000,0.17170000,0.17170000,1133.00000000,BEAMUSDT
2022-10-27 22:30:00,0.17170000,0.17170000,0.17010000,0.17070000,32914.00000000,BEAMUSDT
2022-10-27 22:45:00,0.17040000,0.17090000,0.17040000,0.17070000,9051.00000000,BEAMUSDT
2022-10-27 23:00:00,0.17000000,0.17000000,0.16970000,0.16980000,11682.00000000,BEAMUSDT
2022-10-27 23:15:00,0.16970000,0.17000000,0.16960000,0.17000000,7134.00000000,BEAMUSDT
2022-10-27 23:30:00,0.17010000,0.17030000,0.17010000,0.17010000,2208.00000000,BEAMUSDT
2022-10-27 23:45:00,0.17000000,0.17030000,0.17000000,0.17030000,346.00000000,BEAMUSDT
2022-10-28 00:00:00,0.17020000,0.17020000,0.16980000,0.17010000,14063.00000000,BEAMUSDT
2022-10-28 00:15:00,0.17010000,0.17010000,0.16960000,0.17000000,1927.00000000,BEAMUSDT
2022-10-28 00:30:00,0.17000000,0.17160000,0.16980000,0.17090000,47791.00000000,BEAMUSDT
2022-10-28 00:45:00,0.17130000,0.17130000,0.17080000,0.17080000,2401.00000000,BEAMUSDT
2022-10-28 01:00:00,0.17120000,0.17130000,0.17070000,0.17130000,4030.00000000,BEAMUSDT
2022-10-28 01:15:00,0.17110000,0.17110000,0.17100000,0.17100000,182.00000000,BEAMUSDT
2022-10-28 01:30:00,0.17100000,0.17120000,0.17100000,0.17120000,313.00000000,BEAMUSDT
2022-10-28 01:45:00,0.17100000,0.17110000,0.17090000,0.17110000,2092.00000000,BEAMUSDT
2022-10-28 02:00:00,0.17120000,0.17150000,0.17100000,0.17100000,2099.00000000,BEAMUSDT
2022-10-28 02:15:00,0.17130000,0.17140000,0.17100000,0.17140000,9152.00000000,BEAMUSDT
2022-10-28 02:30:00,0.17110000,0.17170000,0.17110000,0.17170000,4778.00000000,BEAMUSDT
2022-10-28 02:45:00,0.17170000,0.17200000,0.17170000,0.17170000,9673.00000000,BEAMUSDT
2022-10-28 03:00:00,0.17180000,0.17180000,0.17170000,0.17170000,10462.00000000,BEAMUSDT
2022-10-28 03:15:00,0.17170000,0.17180000,0.17170000,0.17170000,1877.00000000,BEAMUSDT
2022-10-28 03:30:00,0.17170000,0.17170000,0.17120000,0.17140000,16249.00000000,BEAMUSDT
2022-10-28 03:45:00,0.17140000,0.17140000,0.17140000,0.17140000,0.00000000,BEAMUSDT
2022-10-28 04:00:00,0.17190000,0.17210000,0.17100000,0.17140000,26774.00000000,BEAMUSDT
2022-10-28 04:15:00,0.17110000,0.17160000,0.17080000,0.17120000,14758.00000000,BEAMUSDT
2022-10-28 04:30:00,0.17120000,0.17120000,0.17070000,0.17070000,2643.00000000,BEAMUSDT
2022-10-28 04:45:00,0.17080000,0.17130000,0.17070000,0.17110000,2642.00000000,BEAMUSDT
2022-10-28 05:00:00,0.17080000,0.17110000,0.17060000,0.17060000,2434.00000000,BEAMUSDT
2022-10-28 05:15:00,0.17090000,0.17100000,0.17060000,0.17100000,2701.00000000,BEAMUSDT
2022-10-28 05:30:00,0.17090000,0.17140000,0.17090000,0.17090000,7712.00000000,BEAMUSDT
2022-10-28 05:45:00,0.17120000,0.17180000,0.17120000,0.17170000,11316.00000000,BEAMUSDT
2022-10-28 06:00:00,0.17180000,0.17200000,0.17150000,0.17190000,19110.00000000,BEAMUSDT
2022-10-28 06:15:00,0.17200000,0.17200000,0.17130000,0.17130000,8417.00000000,BEAMUSDT
2022-10-28 06:30:00,0.17130000,0.17130000,0.17030000,0.17090000,20091.00000000,BEAMUSDT
2022-10-28 06:45:00,0.17070000,0.17100000,0.17070000,0.17080000,1787.00000000,BEAMUSDT
2022-10-28 07:00:00,0.17080000,0.17100000,0.17080000,0.17080000,480.00000000,BEAMUSDT
2022-10-28 07:15:00,0.17080000,0.17080000,0.16890000,0.16900000,59880.00000000,BEAMUSDT
2022-10-28 07:30:00,0.16900000,0.16980000,0.16900000,0.16980000,29585.00000000,BEAMUSDT
2022-10-28 07:45:00,0.16980000,0.16980000,0.16940000,0.16950000,2558.00000000,BEAMUSDT
2022-10-28 08:00:00,0.16940000,0.16950000,0.16900000,0.16950000,4905.00000000,BEAMUSDT
2022-10-28 08:15:00,0.16950000,0.16960000,0.16910000,0.16940000,11348.00000000,BEAMUSDT
2022-10-28 08:30:00,0.16970000,0.17030000,0.16940000,0.17030000,9125.00000000,BEAMUSDT
2022-10-28 08:45:00,0.17030000,0.17050000,0.16950000,0.16970000,14422.00000000,BEAMUSDT
2022-10-28 09:00:00,0.16950000,0.16960000,0.16930000,0.16930000,7138.00000000,BEAMUSDT
2022-10-28 09:15:00,0.16930000,0.16960000,0.16930000,0.16950000,10470.00000000,BEAMUSDT
2022-10-28 09:30:00,0.16970000,0.16970000,0.16960000,0.16970000,14549.00000000,BEAMUSDT
2022-10-28 09:45:00,0.16970000,0.16980000,0.16910000,0.16910000,11564.00000000,BEAMUSDT
2022-10-28 10:00:00,0.16970000,0.16980000,0.16920000,0.16980000,14789.00000000,BEAMUSDT
2022-10-28 10:15:00,0.16940000,0.16980000,0.16940000,0.16970000,12324.00000000,BEAMUSDT
2022-10-28 10:30:00,0.16980000,0.16990000,0.16980000,0.16980000,8777.00000000,BEAMUSDT
2022-10-28 10:45:00,0.16960000,0.16960000,0.16930000,0.16940000,7810.00000000,BEAMUSDT
2022-10-28 11:00:00,0.16940000,0.16940000,0.16910000,0.16910000,15843.00000000,BEAMUSDT
2022-10-28 11:15:00,0.16910000,0.16940000,0.16910000,0.16940000,3222.00000000,BEAMUSDT
2022-10-28 11:30:00,0.16970000,0.16990000,0.16950000,0.16960000,6140.00000000,BEAMUSDT
2022-10-28 11:45:00,0.16950000,0.16980000,0.16950000,0.16950000,3558.00000000,BEAMUSDT
2022-10-28 12:00:00,0.16960000,0.16960000,0.16920000,0.16950000,5903.00000000,BEAMUSDT
2022-10-28 12:15:00,0.16960000,0.16960000,0.16950000,0.16960000,1745.00000000,BEAMUSDT
2022-10-28 12:30:00,0.16950000,0.16990000,0.16950000,0.16980000,16427.00000000,BEAMUSDT
2022-10-28 12:45:00,0.16980000,0.16990000,0.16940000,0.16990000,11788.00000000,BEAMUSDT
2022-10-28 13:00:00,0.16990000,0.17080000,0.16980000,0.17040000,16618.00000000,BEAMUSDT
2022-10-28 13:15:00,0.17020000,0.17130000,0.17020000,0.17110000,23072.00000000,BEAMUSDT
2022-10-28 13:30:00,0.17130000,0.17200000,0.17130000,0.17190000,12209.00000000,BEAMUSDT
2022-10-28 13:45:00,0.17180000,0.17200000,0.17150000,0.17160000,37077.00000000,BEAMUSDT
2022-10-28 14:00:00,0.17170000,0.17170000,0.17130000,0.17140000,4963.00000000,BEAMUSDT
2022-10-28 14:15:00,0.17130000,0.17260000,0.17130000,0.17250000,9296.00000000,BEAMUSDT
2022-10-28 14:30:00,0.17250000,0.17260000,0.17150000,0.17210000,14045.00000000,BEAMUSDT
2022-10-28 14:45:00,0.17200000,0.17230000,0.17170000,0.17230000,8993.00000000,BEAMUSDT
2022-10-28 15:00:00,0.17190000,0.17220000,0.17190000,0.17190000,884.00000000,BEAMUSDT
2022-10-28 15:15:00,0.17230000,0.17330000,0.17210000,0.17330000,43703.00000000,BEAMUSDT
2022-10-28 15:30:00,0.17310000,0.17330000,0.17260000,0.17300000,50360.00000000,BEAMUSDT
2022-10-28 15:45:00,0.17300000,0.17300000,0.17180000,0.17190000,26605.00000000,BEAMUSDT
2022-10-28 16:00:00,0.17240000,0.17320000,0.17220000,0.17250000,14746.00000000,BEAMUSDT
2022-10-28 16:15:00,0.17280000,0.17440000,0.17280000,0.17400000,44680.00000000,BEAMUSDT
2022-10-28 16:30:00,0.17380000,0.17500000,0.17380000,0.17380000,102804.00000000,BEAMUSDT
2022-10-28 16:45:00,0.17440000,0.17460000,0.17410000,0.17460000,15153.00000000,BEAMUSDT
2022-10-28 17:00:00,0.17450000,0.17470000,0.17290000,0.17390000,65471.00000000,BEAMUSDT
2022-10-28 17:15:00,0.17400000,0.17400000,0.17380000,0.17390000,4136.00000000,BEAMUSDT
2022-10-28 17:30:00,0.17380000,0.17380000,0.17380000,0.17380000,1059.00000000,BEAMUSDT
2022-10-28 17:45:00,0.17340000,0.17360000,0.17320000,0.17350000,1633.00000000,BEAMUSDT
2022-10-28 18:00:00,0.17320000,0.17330000,0.17260000,0.17330000,15843.00000000,BEAMUSDT
2022-10-28 18:15:00,0.17300000,0.17330000,0.17300000,0.17320000,1341.00000000,BEAMUSDT
2022-10-28 18:30:00,0.17320000,0.17320000,0.17280000,0.17290000,6148.00000000,BEAMUSDT
2022-10-28 18:45:00,0.17260000,0.17280000,0.17250000,0.17250000,1837.00000000,BEAMUSDT
2022-10-28 19:00:00,0.17250000,0.17260000,0.17090000,0.17190000,64524.00000000,BEAMUSDT
2022-10-28 19:15:00,0.17180000,0.17240000,0.17150000,0.17240000,9444.00000000,BEAMUSDT
2022-10-28 19:30:00,0.17200000,0.17240000,0.17200000,0.17230000,3498.00000000,BEAMUSDT
2022-10-28 19:45:00,0.17200000,0.17380000,0.17200000,0.17340000,36304.00000000,BEAMUSDT
2022-10-28 20:00:00,0.17330000,0.17450000,0.17320000,0.17390000,18160.00000000,BEAMUSDT
2022-10-28 20:15:00,0.17400000,0.17400000,0.17390000,0.17390000,2900.00000000,BEAMUSDT
2022-10-28 20:30:00,0.17400000,0.17500000,0.17380000,0.17450000,126041.00000000,BEAMUSDT
2022-10-28 20:45:00,0.17450000,0.17450000,0.17440000,0.17450000,1312.00000000,BEAMUSDT
2022-10-28 21:00:00,0.17450000,0.17460000,0.17370000,0.17380000,19390.00000000,BEAMUSDT
2022-10-28 21:15:00,0.17380000,0.17390000,0.17320000,0.17350000,38925.00000000,BEAMUSDT
2022-10-28 21:30:00,0.17370000,0.17510000,0.17270000,0.17420000,113940.00000000,BEAMUSDT
2022-10-28 21:45:00,0.17420000,0.17420000,0.17270000,0.17310000,81171.00000000,BEAMUSDT
2022-10-28 22:00:00,0.17290000,0.17500000,0.17290000,0.17410000,51444.00000000,BEAMUSDT
2022-10-28 22:15:00,0.17460000,0.17500000,0.17420000,0.17420000,12427.00000000,BEAMUSDT
2022-10-28 22:30:00,0.17420000,0.17510000,0.17250000,0.17480000,106987.00000000,BEAMUSDT
2022-10-28 22:45:00,0.17480000,0.17510000,0.17440000,0.17440000,15893.00000000,BEAMUSDT
2022-10-28 23:00:00,0.17430000,0.17430000,0.17310000,0.17380000,73986.00000000,BEAMUSDT
2022-10-28 23:15:00,0.17390000,0.17420000,0.17350000,0.17420000,8571.00000000,BEAMUSDT
2022-10-28 23:30:00,0.17420000,0.17520000,0.17420000,0.17430000,39174.00000000,BEAMUSDT
2022-10-28 23:45:00,0.17430000,0.17430000,0.17430000,0.17430000,0.00000000,BEAMUSDT
2022-10-29 00:00:00,0.17410000,0.17500000,0.17250000,0.17500000,88063.00000000,BEAMUSDT
2022-10-29 00:15:00,0.17490000,0.17520000,0.17330000,0.17410000,97184.00000000,BEAMUSDT
2022-10-29 00:30:00,0.17380000,0.17420000,0.17350000,0.17350000,996.00000000,BEAMUSDT
2022-10-29 00:45:00,0.17350000,0.17460000,0.17350000,0.17460000,22478.00000000,BEAMUSDT
2022-10-29 01:00:00,0.17460000,0.17510000,0.17320000,0.17330000,105741.00000000,BEAMUSDT
2022-10-29 01:15:00,0.17360000,0.17520000,0.17330000,0.17330000,87811.00000000,BEAMUSDT
2022-10-29 01:30:00,0.17330000,0.17360000,0.17330000,0.17360000,937.00000000,BEAMUSDT
2022-10-29 01:45:00,0.17340000,0.17340000,0.17340000,0.17340000,98.00000000,BEAMUSDT
2022-10-29 02:00:00,0.17320000,0.17500000,0.17310000,0.17490000,50560.00000000,BEAMUSDT
2022-10-29 02:15:00,0.17470000,0.17500000,0.17470000,0.17470000,2314.00000000,BEAMUSDT
2022-10-29 02:30:00,0.17470000,0.17490000,0.17330000,0.17420000,19059.00000000,BEAMUSDT
2022-10-29 02:45:00,0.17400000,0.17460000,0.17400000,0.17460000,436.00000000,BEAMUSDT
2022-10-29 03:00:00,0.17440000,0.17500000,0.17420000,0.17500000,8127.00000000,BEAMUSDT
2022-10-29 03:15:00,0.17500000,0.17520000,0.17450000,0.17470000,18741.00000000,BEAMUSDT
2022-10-29 03:30:00,0.17490000,0.17510000,0.17480000,0.17510000,1092.00000000,BEAMUSDT
2022-10-29 03:45:00,0.17500000,0.17520000,0.17500000,0.17520000,1691.00000000,BEAMUSDT
2022-10-29 04:00:00,0.17510000,0.17510000,0.17490000,0.17500000,23287.00000000,BEAMUSDT
2022-10-29 04:15:00,0.17510000,0.17510000,0.17490000,0.17490000,6976.00000000,BEAMUSDT
2022-10-29 04:30:00,0.17490000,0.17490000,0.17460000,0.17470000,3000.00000000,BEAMUSDT
2022-10-29 04:45:00,0.17440000,0.17500000,0.17440000,0.17440000,7948.00000000,BEAMUSDT
2022-10-29 05:00:00,0.17460000,0.17470000,0.17320000,0.17370000,107378.00000000,BEAMUSDT
2022-10-29 05:15:00,0.17390000,0.17480000,0.17320000,0.17430000,56862.00000000,BEAMUSDT
2022-10-29 05:30:00,0.17420000,0.17490000,0.17320000,0.17470000,104910.00000000,BEAMUSDT
2022-10-29 05:45:00,0.17430000,0.17430000,0.17340000,0.17350000,23288.00000000,BEAMUSDT
2022-10-29 06:00:00,0.17370000,0.17500000,0.17360000,0.17450000,49167.00000000,BEAMUSDT
2022-10-29 06:15:00,0.17450000,0.17490000,0.17440000,0.17490000,6540.00000000,BEAMUSDT
2022-10-29 06:30:00,0.17490000,0.17490000,0.17470000,0.17490000,985.00000000,BEAMUSDT
2022-10-29 06:45:00,0.17470000,0.17490000,0.17470000,0.17490000,214.00000000,BEAMUSDT
2022-10-29 07:00:00,0.17490000,0.17500000,0.17400000,0.17460000,52767.00000000,BEAMUSDT
2022-10-29 07:15:00,0.17440000,0.17610000,0.17440000,0.17590000,56411.00000000,BEAMUSDT
2022-10-29 07:30:00,0.17590000,0.17620000,0.17530000,0.17570000,11990.00000000,BEAMUSDT
2022-10-29 07:45:00,0.17580000,0.17580000,0.17540000,0.17560000,1475.00000000,BEAMUSDT
2022-10-29 08:00:00,0.17560000,0.17600000,0.17540000,0.17590000,18149.00000000,BEAMUSDT
2022-10-29 08:15:00,0.17580000,0.17660000,0.17540000,0.17640000,18494.00000000,BEAMUSDT
2022-10-29 08:30:00,0.17660000,0.17690000,0.17600000,0.17670000,23273.00000000,BEAMUSDT
2022-10-29 08:45:00,0.17640000,0.17650000,0.17600000,0.17620000,8228.00000000,BEAMUSDT
2022-10-29 09:00:00,0.17610000,0.17670000,0.17610000,0.17650000,9536.00000000,BEAMUSDT
2022-10-29 09:15:00,0.17650000,0.17650000,0.17600000,0.17600000,8289.00000000,BEAMUSDT
2022-10-29 09:30:00,0.17590000,0.17590000,0.17480000,0.17590000,77178.00000000,BEAMUSDT
2022-10-29 09:45:00,0.17580000,0.17580000,0.17520000,0.17550000,11935.00000000,BEAMUSDT
2022-10-29 10:00:00,0.17570000,0.17600000,0.17540000,0.17540000,4033.00000000,BEAMUSDT
2022-10-29 10:15:00,0.17540000,0.17590000,0.17460000,0.17470000,21076.00000000,BEAMUSDT
2022-10-29 10:30:00,0.17470000,0.17480000,0.17350000,0.17440000,52997.00000000,BEAMUSDT
2022-10-29 10:45:00,0.17440000,0.17440000,0.17370000,0.17370000,5273.00000000,BEAMUSDT
2022-10-29 11:00:00,0.17400000,0.17400000,0.17360000,0.17360000,5272.00000000,BEAMUSDT
2022-10-29 11:15:00,0.17360000,0.17410000,0.17340000,0.17380000,34179.00000000,BEAMUSDT
2022-10-29 11:30:00,0.17360000,0.17360000,0.17320000,0.17350000,7517.00000000,BEAMUSDT
2022-10-29 11:45:00,0.17350000,0.17380000,0.17310000,0.17320000,23083.00000000,BEAMUSDT
2022-10-29 12:00:00,0.17320000,0.17320000,0.17320000,0.17320000,40742.00000000,BEAMUSDT
2022-10-29 12:15:00,0.17340000,0.17430000,0.17340000,0.17430000,79208.00000000,BEAMUSDT
2022-10-29 12:30:00,0.17420000,0.17520000,0.17420000,0.17500000,31403.00000000,BEAMUSDT
2022-10-29 12:45:00,0.17490000,0.17500000,0.17490000,0.17500000,5791.00000000,BEAMUSDT
2022-10-29 13:00:00,0.17500000,0.17500000,0.17420000,0.17430000,19702.00000000,BEAMUSDT
2022-10-29 13:15:00,0.17440000,0.17450000,0.17380000,0.17390000,4456.00000000,BEAMUSDT
2022-10-29 13:30:00,0.17370000,0.17390000,0.17330000,0.17350000,4164.00000000,BEAMUSDT
2022-10-29 13:45:00,0.17340000,0.17340000,0.17320000,0.17340000,3973.00000000,BEAMUSDT
2022-10-29 14:00:00,0.17330000,0.17470000,0.17330000,0.17470000,5274.00000000,BEAMUSDT
2022-10-29 14:15:00,0.17460000,0.17480000,0.17370000,0.17390000,19909.00000000,BEAMUSDT
2022-10-29 14:30:00,0.17390000,0.17390000,0.17360000,0.17390000,8896.00000000,BEAMUSDT
2022-10-29 14:45:00,0.17370000,0.17380000,0.17360000,0.17360000,5826.00000000,BEAMUSDT
2022-10-29 15:00:00,0.17380000,0.17400000,0.17360000,0.17360000,9960.00000000,BEAMUSDT
2022-10-29 15:15:00,0.17370000,0.17400000,0.17370000,0.17400000,2649.00000000,BEAMUSDT
2022-10-29 15:30:00,0.17380000,0.17410000,0.17360000,0.17360000,10056.00000000,BEAMUSDT
2022-10-29 15:45:00,0.17360000,0.17400000,0.17350000,0.17390000,32755.00000000,BEAMUSDT
2022-10-29 16:00:00,0.17400000,0.17520000,0.17380000,0.17500000,61829.00000000,BEAMUSDT
2022-10-29 16:15:00,0.17530000,0.17570000,0.17530000,0.17540000,18670.00000000,BEAMUSDT
2022-10-29 16:30:00,0.17540000,0.17580000,0.17540000,0.17550000,19589.00000000,BEAMUSDT
2022-10-29 16:45:00,0.17550000,0.17590000,0.17530000,0.17550000,10535.00000000,BEAMUSDT
2022-10-29 17:00:00,0.17580000,0.17600000,0.17540000,0.17540000,26532.00000000,BEAMUSDT
2022-10-29 17:15:00,0.17550000,0.17580000,0.17540000,0.17580000,9533.00000000,BEAMUSDT
2022-10-29 17:30:00,0.17560000,0.17560000,0.17500000,0.17520000,26818.00000000,BEAMUSDT
2022-10-29 17:45:00,0.17500000,0.17530000,0.17450000,0.17450000,31293.00000000,BEAMUSDT
2022-10-29 18:00:00,0.17410000,0.17440000,0.17380000,0.17440000,22538.00000000,BEAMUSDT
2022-10-29 18:15:00,0.17440000,0.17440000,0.17390000,0.17400000,2172.00000000,BEAMUSDT
2022-10-29 18:30:00,0.17400000,0.17650000,0.17330000,0.17370000,200230.00000000,BEAMUSDT
2022-10-29 18:45:00,0.17390000,0.17410000,0.17380000,0.17410000,2118.00000000,BEAMUSDT
2022-10-29 19:00:00,0.17440000,0.17470000,0.17390000,0.17420000,20056.00000000,BEAMUSDT
2022-10-29 19:15:00,0.17380000,0.17480000,0.17360000,0.17450000,25193.00000000,BEAMUSDT
2022-10-29 19:30:00,0.17420000,0.17420000,0.17370000,0.17370000,5263.00000000,BEAMUSDT
2022-10-29 19:45:00,0.17370000,0.17380000,0.17360000,0.17360000,1334.00000000,BEAMUSDT
2022-10-29 20:00:00,0.17380000,0.17380000,0.17370000,0.17370000,440.00000000,BEAMUSDT
2022-10-29 20:15:00,0.17380000,0.17380000,0.17350000,0.17380000,3083.00000000,BEAMUSDT
2022-10-29 20:30:00,0.17360000,0.17360000,0.17360000,0.17360000,221.00000000,BEAMUSDT
2022-10-29 20:45:00,0.17380000,0.17380000,0.17360000,0.17380000,1051.00000000,BEAMUSDT
2022-10-29 21:00:00,0.17380000,0.17440000,0.17380000,0.17420000,6567.00000000,BEAMUSDT
2022-10-29 21:15:00,0.17450000,0.17470000,0.17450000,0.17450000,3175.00000000,BEAMUSDT
2022-10-29 21:30:00,0.17470000,0.17490000,0.17440000,0.17490000,14184.00000000,BEAMUSDT
2022-10-29 21:45:00,0.17430000,0.17480000,0.17410000,0.17420000,7392.00000000,BEAMUSDT
2022-10-29 22:00:00,0.17400000,0.17440000,0.17380000,0.17380000,8927.00000000,BEAMUSDT
2022-10-29 22:15:00,0.17410000,0.17410000,0.17380000,0.17410000,730.00000000,BEAMUSDT
2022-10-29 22:30:00,0.17410000,0.17570000,0.17390000,0.17390000,58922.00000000,BEAMUSDT
2022-10-29 22:45:00,0.17400000,0.17400000,0.17320000,0.17340000,15111.00000000,BEAMUSDT
2022-10-29 23:00:00,0.17340000,0.17350000,0.17330000,0.17350000,8572.00000000,BEAMUSDT
2022-10-29 23:15:00,0.17390000,0.17390000,0.17370000,0.17370000,1628.00000000,BEAMUSDT
2022-10-29 23:30:00,0.17390000,0.17430000,0.17390000,0.17430000,1525.00000000,BEAMUSDT
2022-10-29 23:45:00,0.17440000,0.17450000,0.17410000,0.17420000,644.00000000,BEAMUSDT
2022-10-30 00:00:00,0.17410000,0.17460000,0.17410000,0.17420000,6635.00000000,BEAMUSDT
2022-10-30 00:15:00,0.17430000,0.17450000,0.17380000,0.17400000,3777.00000000,BEAMUSDT
2022-10-30 00:30:00,0.17380000,0.17390000,0.17350000,0.17350000,7396.00000000,BEAMUSDT
2022-10-30 00:45:00,0.17330000,0.17350000,0.17330000,0.17350000,6248.00000000,BEAMUSDT
2022-10-30 01:00:00,0.17350000,0.17350000,0.17330000,0.17350000,3612.00000000,BEAMUSDT
2022-10-30 01:15:00,0.17350000,0.17380000,0.17350000,0.17380000,6164.00000000,BEAMUSDT
2022-10-30 01:30:00,0.17380000,0.17410000,0.17380000,0.17410000,8566.00000000,BEAMUSDT
2022-10-30 01:45:00,0.17410000,0.17410000,0.17410000,0.17410000,286.00000000,BEAMUSDT
2022-10-30 02:00:00,0.17430000,0.17450000,0.17430000,0.17450000,3374.00000000,BEAMUSDT
2022-10-30 02:15:00,0.17450000,0.17460000,0.17450000,0.17450000,495.00000000,BEAMUSDT
2022-10-30 02:30:00,0.17450000,0.17470000,0.17450000,0.17470000,607.00000000,BEAMUSDT
2022-10-30 02:45:00,0.17460000,0.17480000,0.17460000,0.17480000,7482.00000000,BEAMUSDT
2022-10-30 03:00:00,0.17450000,0.17500000,0.17450000,0.17480000,2472.00000000,BEAMUSDT
2022-10-30 03:15:00,0.17470000,0.17470000,0.17430000,0.17440000,11051.00000000,BEAMUSDT
2022-10-30 03:30:00,0.17440000,0.17460000,0.17420000,0.17450000,4050.00000000,BEAMUSDT
2022-10-30 03:45:00,0.17440000,0.17480000,0.17440000,0.17480000,7603.00000000,BEAMUSDT
2022-10-30 04:00:00,0.17480000,0.17520000,0.17470000,0.17480000,5265.00000000,BEAMUSDT
2022-10-30 04:15:00,0.17460000,0.17470000,0.17450000,0.17470000,653.00000000,BEAMUSDT
2022-10-30 04:30:00,0.17460000,0.17490000,0.17450000,0.17490000,2716.00000000,BEAMUSDT
2022-10-30 04:45:00,0.17470000,0.17470000,0.17450000,0.17460000,1848.00000000,BEAMUSDT
2022-10-30 05:00:00,0.17450000,0.17450000,0.17400000,0.17420000,17867.00000000,BEAMUSDT
2022-10-30 05:15:00,0.17420000,0.17460000,0.17410000,0.17460000,11609.00000000,BEAMUSDT
2022-10-30 05:30:00,0.17430000,0.17460000,0.17420000,0.17460000,3092.00000000,BEAMUSDT
2022-10-30 05:45:00,0.17460000,0.17500000,0.17420000,0.17490000,41868.00000000,BEAMUSDT
2022-10-30 06:00:00,0.17490000,0.17700000,0.17490000,0.17570000,53946.00000000,BEAMUSDT
2022-10-30 06:15:00,0.17570000,0.17610000,0.17560000,0.17580000,40535.00000000,BEAMUSDT
2022-10-30 06:30:00,0.17590000,0.17630000,0.17530000,0.17610000,48437.00000000,BEAMUSDT
2022-10-30 06:45:00,0.17630000,0.17640000,0.17580000,0.17620000,6382.00000000,BEAMUSDT
2022-10-30 07:00:00,0.17620000,0.17650000,0.17600000,0.17600000,13047.00000000,BEAMUSDT
2022-10-30 07:15:00,0.17600000,0.17650000,0.17600000,0.17640000,33582.00000000,BEAMUSDT
2022-10-30 07:30:00,0.17640000,0.17650000,0.17550000,0.17590000,31865.00000000,BEAMUSDT
2022-10-30 07:45:00,0.17590000,0.17660000,0.17580000,0.17660000,14345.00000000,BEAMUSDT
2022-10-30 08:00:00,0.17660000,0.17790000,0.17660000,0.17760000,56239.00000000,BEAMUSDT
2022-10-30 08:15:00,0.17760000,0.17760000,0.17540000,0.17540000,30386.00000000,BEAMUSDT
2022-10-30 08:30:00,0.17540000,0.17570000,0.17510000,0.17530000,17129.00000000,BEAMUSDT
2022-10-30 08:45:00,0.17520000,0.17580000,0.17520000,0.17520000,30719.00000000,BEAMUSDT
2022-10-30 09:00:00,0.17560000,0.17650000,0.17560000,0.17630000,5490.00000000,BEAMUSDT
2022-10-30 09:15:00,0.17630000,0.17670000,0.17500000,0.17570000,53488.00000000,BEAMUSDT
2022-10-30 09:30:00,0.17570000,0.17610000,0.17450000,0.17450000,46423.00000000,BEAMUSDT
2022-10-30 09:45:00,0.17440000,0.17440000,0.17230000,0.17250000,65667.00000000,BEAMUSDT
2022-10-30 10:00:00,0.17240000,0.17350000,0.17220000,0.17350000,21821.00000000,BEAMUSDT
2022-10-30 10:15:00,0.17360000,0.17360000,0.17290000,0.17310000,8557.00000000,BEAMUSDT
2022-10-30 10:30:00,0.17330000,0.17370000,0.17320000,0.17370000,17551.00000000,BEAMUSDT
2022-10-30 10:45:00,0.17370000,0.17390000,0.17370000,0.17370000,2630.00000000,BEAMUSDT
2022-10-30 11:00:00,0.17390000,0.17440000,0.17390000,0.17440000,5186.00000000,BEAMUSDT
2022-10-30 11:15:00,0.17440000,0.17440000,0.17380000,0.17410000,4388.00000000,BEAMUSDT
2022-10-30 11:30:00,0.17400000,0.17410000,0.17340000,0.17340000,9956.00000000,BEAMUSDT
2022-10-30 11:45:00,0.17360000,0.17410000,0.17360000,0.17410000,2604.00000000,BEAMUSDT
2022-10-30 12:00:00,0.17410000,0.17430000,0.17380000,0.17380000,10973.00000000,BEAMUSDT
2022-10-30 12:15:00,0.17390000,0.17390000,0.17340000,0.17360000,12839.00000000,BEAMUSDT
2022-10-30 12:30:00,0.17360000,0.17360000,0.17330000,0.17360000,3609.00000000,BEAMUSDT
2022-10-30 12:45:00,0.17370000,0.17370000,0.17340000,0.17340000,7879.00000000,BEAMUSDT
2022-10-30 13:00:00,0.17340000,0.17360000,0.17340000,0.17340000,8352.00000000,BEAMUSDT
2022-10-30 13:15:00,0.17340000,0.17350000,0.17340000,0.17340000,3143.00000000,BEAMUSDT
2022-10-30 13:30:00,0.17340000,0.17340000,0.17310000,0.17310000,16103.00000000,BEAMUSDT
2022-10-30 13:45:00,0.17310000,0.17320000,0.17310000,0.17310000,3562.00000000,BEAMUSDT
2022-10-30 14:00:00,0.17310000,0.17320000,0.17290000,0.17300000,6555.00000000,BEAMUSDT
2022-10-30 14:15:00,0.17280000,0.17370000,0.17240000,0.17310000,19140.00000000,BEAMUSDT
2022-10-30 14:30:00,0.17310000,0.17350000,0.17260000,0.17350000,16425.00000000,BEAMUSDT
2022-10-30 14:45:00,0.17330000,0.17380000,0.17320000,0.17340000,13913.00000000,BEAMUSDT
2022-10-30 15:00:00,0.17320000,0.17350000,0.17300000,0.17330000,3720.00000000,BEAMUSDT
2022-10-30 15:15:00,0.17300000,0.17310000,0.17250000,0.17290000,15727.00000000,BEAMUSDT
2022-10-30 15:30:00,0.17290000,0.17320000,0.17270000,0.17270000,4415.00000000,BEAMUSDT
2022-10-30 15:45:00,0.17270000,0.17280000,0.17230000,0.17230000,14259.00000000,BEAMUSDT
2022-10-30 16:00:00,0.17230000,0.17230000,0.17140000,0.17210000,35379.00000000,BEAMUSDT
2022-10-30 16:15:00,0.17200000,0.17260000,0.17200000,0.17200000,20979.00000000,BEAMUSDT
2022-10-30 16:30:00,0.17210000,0.17290000,0.17200000,0.17250000,19127.00000000,BEAMUSDT
2022-10-30 16:45:00,0.17210000,0.17260000,0.17180000,0.17210000,3987.00000000,BEAMUSDT
2022-10-30 17:00:00,0.17190000,0.17210000,0.17160000,0.17170000,13881.00000000,BEAMUSDT
2022-10-30 17:15:00,0.17170000,0.17240000,0.17150000,0.17240000,11959.00000000,BEAMUSDT
2022-10-30 17:30:00,0.17240000,0.17250000,0.17200000,0.17230000,4608.00000000,BEAMUSDT
2022-10-30 17:45:00,0.17200000,0.17230000,0.17190000,0.17210000,2023.00000000,BEAMUSDT
2022-10-30 18:00:00,0.17190000,0.17210000,0.17190000,0.17210000,2783.00000000,BEAMUSDT
2022-10-30 18:15:00,0.17210000,0.17210000,0.17190000,0.17210000,4923.00000000,BEAMUSDT
2022-10-30 18:30:00,0.17210000,0.17210000,0.17210000,0.17210000,1178.00000000,BEAMUSDT
2022-10-30 18:45:00,0.17210000,0.17210000,0.17180000,0.17210000,2693.00000000,BEAMUSDT
2022-10-30 19:00:00,0.17210000,0.17210000,0.17150000,0.17180000,20978.00000000,BEAMUSDT
2022-10-30 19:15:00,0.17190000,0.17190000,0.17150000,0.17180000,1043.00000000,BEAMUSDT
2022-10-30 19:30:00,0.17160000,0.17250000,0.17160000,0.17190000,15163.00000000,BEAMUSDT
2022-10-30 19:45:00,0.17190000,0.17240000,0.17190000,0.17200000,8208.00000000,BEAMUSDT
2022-10-30 20:00:00,0.17210000,0.17210000,0.17190000,0.17200000,5701.00000000,BEAMUSDT
2022-10-30 20:15:00,0.17200000,0.17200000,0.17160000,0.17200000,5525.00000000,BEAMUSDT
2022-10-30 20:30:00,0.17210000,0.17220000,0.17180000,0.17180000,806.00000000,BEAMUSDT
2022-10-30 20:45:00,0.17210000,0.17250000,0.17180000,0.17250000,8605.00000000,BEAMUSDT
2022-10-30 21:00:00,0.17220000,0.17260000,0.17210000,0.17260000,1826.00000000,BEAMUSDT
2022-10-30 21:15:00,0.17210000,0.17210000,0.17210000,0.17210000,176.00000000,BEAMUSDT
2022-10-30 21:30:00,0.17220000,0.17240000,0.17200000,0.17210000,1607.00000000,BEAMUSDT
2022-10-30 21:45:00,0.17200000,0.17200000,0.17190000,0.17200000,12957.00000000,BEAMUSDT
2022-10-30 22:00:00,0.17180000,0.17180000,0.17110000,0.17110000,2822.00000000,BEAMUSDT
2022-10-30 22:15:00,0.17130000,0.17130000,0.17050000,0.17050000,21171.00000000,BEAMUSDT
2022-10-30 22:30:00,0.17050000,0.17120000,0.17050000,0.17100000,13029.00000000,BEAMUSDT
2022-10-30 22:45:00,0.17080000,0.17110000,0.17080000,0.17080000,2034.00000000,BEAMUSDT
2022-10-30 23:00:00,0.17120000,0.17120000,0.17090000,0.17090000,351.00000000,BEAMUSDT
2022-10-30 23:15:00,0.17090000,0.17110000,0.17090000,0.17110000,5290.00000000,BEAMUSDT
2022-10-30 23:30:00,0.17080000,0.17120000,0.17070000,0.17080000,2463.00000000,BEAMUSDT
2022-10-30 23:45:00,0.17070000,0.17100000,0.17070000,0.17100000,287.00000000,BEAMUSDT
2022-10-31 00:00:00,0.17130000,0.17150000,0.17120000,0.17150000,816.00000000,BEAMUSDT
2022-10-31 00:15:00,0.17140000,0.17180000,0.17140000,0.17150000,2478.00000000,BEAMUSDT
2022-10-31 00:30:00,0.17140000,0.17140000,0.17050000,0.17090000,13628.00000000,BEAMUSDT
2022-10-31 00:45:00,0.17090000,0.17100000,0.17090000,0.17090000,606.00000000,BEAMUSDT
2022-10-31 01:00:00,0.17090000,0.17110000,0.17090000,0.17090000,10064.00000000,BEAMUSDT
2022-10-31 01:15:00,0.17080000,0.17090000,0.17080000,0.17090000,4257.00000000,BEAMUSDT
2022-10-31 01:30:00,0.17090000,0.17090000,0.17030000,0.17030000,9965.00000000,BEAMUSDT
2022-10-31 01:45:00,0.17020000,0.17030000,0.17010000,0.17010000,3056.00000000,BEAMUSDT
2022-10-31 02:00:00,0.17020000,0.17020000,0.17010000,0.17010000,2807.00000000,BEAMUSDT
2022-10-31 02:15:00,0.17010000,0.17010000,0.16900000,0.16950000,57442.00000000,BEAMUSDT
2022-10-31 02:30:00,0.16940000,0.17040000,0.16930000,0.16970000,12440.00000000,BEAMUSDT
2022-10-31 02:45:00,0.16980000,0.16980000,0.16890000,0.16910000,125827.00000000,BEAMUSDT
2022-10-31 03:00:00,0.16910000,0.16940000,0.16910000,0.16920000,5983.00000000,BEAMUSDT
2022-10-31 03:15:00,0.16920000,0.16970000,0.16920000,0.16970000,12008.00000000,BEAMUSDT
2022-10-31 03:30:00,0.16960000,0.16980000,0.16950000,0.16980000,4002.00000000,BEAMUSDT
2022-10-31 03:45:00,0.17000000,0.17010000,0.17000000,0.17010000,749.00000000,BEAMUSDT
2022-10-31 04:00:00,0.17030000,0.17030000,0.16990000,0.17020000,4879.00000000,BEAMUSDT
2022-10-31 04:15:00,0.17020000,0.17030000,0.16990000,0.17030000,3463.00000000,BEAMUSDT
2022-10-31 04:30:00,0.16990000,0.17020000,0.16990000,0.17010000,4942.00000000,BEAMUSDT
2022-10-31 04:45:00,0.17010000,0.17100000,0.16980000,0.17050000,67187.00000000,BEAMUSDT
2022-10-31 05:00:00,0.17050000,0.17050000,0.17020000,0.17020000,4157.00000000,BEAMUSDT
2022-10-31 05:15:00,0.17000000,0.17020000,0.17000000,0.17020000,245.00000000,BEAMUSDT
2022-10-31 05:30:00,0.17020000,0.17020000,0.16970000,0.17010000,5466.00000000,BEAMUSDT
2022-10-31 05:45:00,0.17020000,0.17020000,0.16970000,0.16980000,3039.00000000,BEAMUSDT
2022-10-31 06:00:00,0.16980000,0.17010000,0.16940000,0.16940000,5207.00000000,BEAMUSDT
2022-10-31 06:15:00,0.16960000,0.16960000,0.16940000,0.16940000,2715.00000000,BEAMUSDT
2022-10-31 06:30:00,0.16920000,0.16930000,0.16900000,0.16930000,16212.00000000,BEAMUSDT
2022-10-31 06:45:00,0.16950000,0.16950000,0.16950000,0.16950000,4493.00000000,BEAMUSDT
2022-10-31 07:00:00,0.16960000,0.16960000,0.16940000,0.16940000,2407.00000000,BEAMUSDT
2022-10-31 07:15:00,0.16950000,0.16970000,0.16940000,0.16960000,2568.00000000,BEAMUSDT
2022-10-31 07:30:00,0.16950000,0.16980000,0.16950000,0.16980000,1662.00000000,BEAMUSDT
2022-10-31 07:45:00,0.16980000,0.17000000,0.16940000,0.16970000,21123.00000000,BEAMUSDT
2022-10-31 08:00:00,0.17000000,0.17000000,0.16910000,0.16930000,8794.00000000,BEAMUSDT
2022-10-31 08:15:00,0.16930000,0.16970000,0.16850000,0.16970000,24330.00000000,BEAMUSDT
2022-10-31 08:30:00,0.16950000,0.16950000,0.16900000,0.16910000,12228.00000000,BEAMUSDT
2022-10-31 08:45:00,0.16910000,0.16930000,0.16900000,0.16900000,6803.00000000,BEAMUSDT
2022-10-31 09:00:00,0.16910000,0.16910000,0.16850000,0.16900000,12699.00000000,BEAMUSDT
2022-10-31 09:15:00,0.16900000,0.16940000,0.16890000,0.16900000,15147.00000000,BEAMUSDT
2022-10-31 09:30:00,0.16910000,0.17000000,0.16900000,0.17000000,20819.00000000,BEAMUSDT
2022-10-31 09:45:00,0.17000000,0.17120000,0.17000000,0.17060000,11352.00000000,BEAMUSDT
2022-10-31 10:00:00,0.17100000,0.17120000,0.17060000,0.17090000,22940.00000000,BEAMUSDT
2022-10-31 10:15:00,0.17090000,0.17140000,0.17070000,0.17130000,19721.00000000,BEAMUSDT
2022-10-31 10:30:00,0.17130000,0.17150000,0.17090000,0.17130000,7149.00000000,BEAMUSDT
2022-10-31 10:45:00,0.17080000,0.17130000,0.17080000,0.17100000,538.00000000,BEAMUSDT
2022-10-31 11:00:00,0.17120000,0.17140000,0.17110000,0.17120000,5067.00000000,BEAMUSDT
2022-10-31 11:15:00,0.17150000,0.17300000,0.17120000,0.17190000,81307.00000000,BEAMUSDT
2022-10-31 11:30:00,0.17150000,0.17180000,0.17090000,0.17090000,15115.00000000,BEAMUSDT
2022-10-31 11:45:00,0.17090000,0.17090000,0.17050000,0.17090000,23874.00000000,BEAMUSDT
2022-10-31 12:00:00,0.17050000,0.17070000,0.17030000,0.17030000,2737.00000000,BEAMUSDT
2022-10-31 12:15:00,0.17030000,0.17050000,0.17010000,0.17050000,6316.00000000,BEAMUSDT
2022-10-31 12:30:00,0.17070000,0.17110000,0.17070000,0.17110000,2357.00000000,BEAMUSDT
2022-10-31 12:45:00,0.17110000,0.17110000,0.17060000,0.17080000,12442.00000000,BEAMUSDT
2022-10-31 13:00:00,0.17090000,0.17140000,0.17090000,0.17110000,5801.00000000,BEAMUSDT
2022-10-31 13:15:00,0.17110000,0.17130000,0.17100000,0.17100000,3469.00000000,BEAMUSDT
2022-10-31 13:30:00,0.17090000,0.17120000,0.17060000,0.17060000,7338.00000000,BEAMUSDT
2022-10-31 13:45:00,0.17090000,0.17090000,0.16830000,0.16840000,35450.00000000,BEAMUSDT
2022-10-31 14:00:00,0.16830000,0.16840000,0.16730000,0.16800000,61136.00000000,BEAMUSDT
2022-10-31 14:15:00,0.16800000,0.16870000,0.16800000,0.16870000,6620.00000000,BEAMUSDT
2022-10-31 14:30:00,0.16820000,0.16830000,0.16740000,0.16830000,52655.00000000,BEAMUSDT
2022-10-31 14:45:00,0.16790000,0.16830000,0.16770000,0.16800000,18167.00000000,BEAMUSDT
2022-10-31 15:00:00,0.16800000,0.16810000,0.16800000,0.16800000,16691.00000000,BEAMUSDT
2022-10-31 15:15:00,0.16810000,0.16850000,0.16810000,0.16850000,2516.00000000,BEAMUSDT
2022-10-31 15:30:00,0.16850000,0.16850000,0.16810000,0.16810000,1675.00000000,BEAMUSDT
2022-10-31 15:45:00,0.16820000,0.16880000,0.16800000,0.16860000,14198.00000000,BEAMUSDT
2022-10-31 16:00:00,0.16850000,0.16850000,0.16840000,0.16850000,2998.00000000,BEAMUSDT
2022-10-31 16:15:00,0.16810000,0.16910000,0.16810000,0.16870000,7733.00000000,BEAMUSDT
2022-10-31 16:30:00,0.16820000,0.16860000,0.16800000,0.16800000,10673.00000000,BEAMUSDT
2022-10-31 16:45:00,0.16810000,0.16820000,0.16810000,0.16820000,2098.00000000,BEAMUSDT
2022-10-31 17:00:00,0.16810000,0.16820000,0.16800000,0.16800000,1374.00000000,BEAMUSDT
2022-10-31 17:15:00,0.16810000,0.16820000,0.16810000,0.16820000,1730.00000000,BEAMUSDT
2022-10-31 17:30:00,0.16830000,0.16870000,0.16830000,0.16830000,495.00000000,BEAMUSDT
2022-10-31 17:45:00,0.16830000,0.16850000,0.16810000,0.16810000,10767.00000000,BEAMUSDT
2022-10-31 18:00:00,0.16830000,0.16850000,0.16820000,0.16820000,1541.00000000,BEAMUSDT
2022-10-31 18:15:00,0.16820000,0.16860000,0.16820000,0.16860000,2910.00000000,BEAMUSDT
2022-10-31 18:30:00,0.16860000,0.16900000,0.16860000,0.16870000,15758.00000000,BEAMUSDT
2022-10-31 18:45:00,0.16880000,0.16900000,0.16880000,0.16900000,10336.00000000,BEAMUSDT
2022-10-31 19:00:00,0.16880000,0.16880000,0.16810000,0.16820000,4610.00000000,BEAMUSDT
2022-10-31 19:15:00,0.16810000,0.16810000,0.16800000,0.16810000,10706.00000000,BEAMUSDT
2022-10-31 19:30:00,0.16810000,0.16840000,0.16800000,0.16830000,3388.00000000,BEAMUSDT
2022-10-31 19:45:00,0.16850000,0.16970000,0.16800000,0.16840000,146250.00000000,BEAMUSDT
2022-10-31 20:00:00,0.16840000,0.16840000,0.16760000,0.16770000,60553.00000000,BEAMUSDT
2022-10-31 20:15:00,0.16760000,0.16810000,0.16760000,0.16770000,2190.00000000,BEAMUSDT
2022-10-31 20:30:00,0.16800000,0.16810000,0.16760000,0.16780000,13119.00000000,BEAMUSDT
2022-10-31 20:45:00,0.16830000,0.16830000,0.16760000,0.16780000,30816.00000000,BEAMUSDT
2022-10-31 21:00:00,0.16790000,0.16790000,0.16790000,0.16790000,2147.00000000,BEAMUSDT
2022-10-31 21:15:00,0.16790000,0.16790000,0.16750000,0.16770000,1870.00000000,BEAMUSDT
2022-10-31 21:30:00,0.16800000,0.16810000,0.16780000,0.16780000,10723.00000000,BEAMUSDT
2022-10-31 21:45:00,0.16770000,0.16800000,0.16750000,0.16750000,8597.00000000,BEAMUSDT
2022-10-31 22:00:00,0.16780000,0.16790000,0.16780000,0.16790000,848.00000000,BEAMUSDT
2022-10-31 22:15:00,0.16780000,0.16850000,0.16780000,0.16850000,713.00000000,BEAMUSDT
2022-10-31 22:30:00,0.16840000,0.16850000,0.16820000,0.16820000,8045.00000000,BEAMUSDT
2022-10-31 22:45:00,0.16820000,0.16860000,0.16800000,0.16860000,4252.00000000,BEAMUSDT
2022-10-31 23:00:00,0.16860000,0.16960000,0.16810000,0.16940000,43137.00000000,BEAMUSDT
2022-10-31 23:15:00,0.16940000,0.16970000,0.16930000,0.16970000,15531.00000000,BEAMUSDT
2022-10-31 23:30:00,0.16950000,0.16950000,0.16940000,0.16940000,1921.00000000,BEAMUSDT
2022-10-31 23:45:00,0.16970000,0.17040000,0.16970000,0.16990000,7401.00000000,BEAMUSDT
2022-11-01 00:00:00,0.16990000,0.17050000,0.16960000,0.17000000,15318.00000000,BEAMUSDT
2022-11-01 00:15:00,0.17000000,0.17010000,0.16960000,0.16960000,4892.00000000,BEAMUSDT
2022-11-01 00:30:00,0.16960000,0.17010000,0.16950000,0.16990000,3518.00000000,BEAMUSDT
2022-11-01 00:45:00,0.17030000,0.17030000,0.16960000,0.16960000,1421.00000000,BEAMUSDT
2022-11-01 01:00:00,0.16960000,0.16980000,0.16950000,0.16950000,8181.00000000,BEAMUSDT
2022-11-01 01:15:00,0.16980000,0.16980000,0.16980000,0.16980000,846.00000000,BEAMUSDT
2022-11-01 01:30:00,0.17000000,0.17000000,0.17000000,0.17000000,1183.00000000,BEAMUSDT
2022-11-01 01:45:00,0.17000000,0.17000000,0.17000000,0.17000000,0.00000000,BEAMUSDT
2022-11-01 02:00:00,0.17040000,0.17040000,0.17040000,0.17040000,61.00000000,BEAMUSDT
2022-11-01 02:15:00,0.17000000,0.17000000,0.16990000,0.16990000,1216.00000000,BEAMUSDT
2022-11-01 02:30:00,0.17000000,0.17000000,0.16990000,0.16990000,4796.00000000,BEAMUSDT
2022-11-01 02:45:00,0.17000000,0.17000000,0.16990000,0.17000000,1229.00000000,BEAMUSDT
2022-11-01 03:00:00,0.17030000,0.17040000,0.17020000,0.17020000,1754.00000000,BEAMUSDT
2022-11-01 03:15:00,0.17020000,0.17020000,0.16990000,0.16990000,4182.00000000,BEAMUSDT
2022-11-01 03:30:00,0.16990000,0.17000000,0.16960000,0.16960000,4474.00000000,BEAMUSDT
2022-11-01 03:45:00,0.16960000,0.17050000,0.16960000,0.17050000,7879.00000000,BEAMUSDT
2022-11-01 04:00:00,0.17040000,0.17080000,0.17000000,0.17000000,4018.00000000,BEAMUSDT
2022-11-01 04:15:00,0.16980000,0.16980000,0.16970000,0.16970000,655.00000000,BEAMUSDT
2022-11-01 04:30:00,0.16930000,0.16930000,0.16890000,0.16910000,15764.00000000,BEAMUSDT
2022-11-01 04:45:00,0.16910000,0.17000000,0.16910000,0.16930000,15584.00000000,BEAMUSDT
2022-11-01 05:00:00,0.16930000,0.16940000,0.16920000,0.16940000,2939.00000000,BEAMUSDT
2022-11-01 05:15:00,0.16930000,0.16940000,0.16930000,0.16940000,16850.00000000,BEAMUSDT
2022-11-01 05:30:00,0.16940000,0.16950000,0.16930000,0.16950000,4251.00000000,BEAMUSDT
2022-11-01 05:45:00,0.16940000,0.16980000,0.16910000,0.16910000,8202.00000000,BEAMUSDT
2022-11-01 06:00:00,0.16940000,0.17010000,0.16920000,0.17010000,3324.00000000,BEAMUSDT
2022-11-01 06:15:00,0.16970000,0.17030000,0.16970000,0.17020000,2862.00000000,BEAMUSDT
2022-11-01 06:30:00,0.17020000,0.17160000,0.17020000,0.17070000,38032.00000000,BEAMUSDT
2022-11-01 06:45:00,0.17050000,0.17090000,0.17050000,0.17090000,2349.00000000,BEAMUSDT
2022-11-01 07:00:00,0.17090000,0.17100000,0.17060000,0.17100000,11834.00000000,BEAMUSDT
2022-11-01 07:15:00,0.17100000,0.17100000,0.17030000,0.17030000,6986.00000000,BEAMUSDT
2022-11-01 07:30:00,0.17030000,0.17030000,0.17010000,0.17010000,6418.00000000,BEAMUSDT
2022-11-01 07:45:00,0.17010000,0.17090000,0.17000000,0.17090000,7340.00000000,BEAMUSDT
2022-11-01 08:00:00,0.17070000,0.17090000,0.17060000,0.17060000,1441.00000000,BEAMUSDT
2022-11-01 08:15:00,0.17060000,0.17150000,0.17040000,0.17130000,15888.00000000,BEAMUSDT
2022-11-01 08:30:00,0.17110000,0.17110000,0.17030000,0.17060000,6707.00000000,BEAMUSDT
2022-11-01 08:45:00,0.17060000,0.17090000,0.17050000,0.17090000,1267.00000000,BEAMUSDT
2022-11-01 09:00:00,0.17050000,0.17100000,0.17030000,0.17100000,3240.00000000,BEAMUSDT
2022-11-01 09:15:00,0.17060000,0.17060000,0.17050000,0.17060000,1238.00000000,BEAMUSDT
2022-11-01 09:30:00,0.17060000,0.17250000,0.17060000,0.17200000,120939.00000000,BEAMUSDT
2022-11-01 09:45:00,0.17200000,0.17220000,0.17140000,0.17190000,33566.00000000,BEAMUSDT
2022-11-01 10:00:00,0.17170000,0.17190000,0.17120000,0.17120000,22402.00000000,BEAMUSDT
2022-11-01 10:15:00,0.17130000,0.17130000,0.17110000,0.17120000,12542.00000000,BEAMUSDT
2022-11-01 10:30:00,0.17160000,0.17200000,0.17140000,0.17150000,15502.00000000,BEAMUSDT
2022-11-01 10:45:00,0.17160000,0.17250000,0.17160000,0.17230000,24579.00000000,BEAMUSDT
2022-11-01 11:00:00,0.17230000,0.17230000,0.17150000,0.17190000,31588.00000000,BEAMUSDT
2022-11-01 11:15:00,0.17190000,0.17190000,0.17160000,0.17180000,50101.00000000,BEAMUSDT
2022-11-01 11:30:00,0.17160000,0.17180000,0.17160000,0.17180000,2847.00000000,BEAMUSDT
2022-11-01 11:45:00,0.17190000,0.17290000,0.17160000,0.17160000,82909.00000000,BEAMUSDT
2022-11-01 12:00:00,0.17170000,0.17170000,0.17120000,0.17130000,3827.00000000,BEAMUSDT
2022-11-01 12:15:00,0.17130000,0.17170000,0.17100000,0.17160000,7179.00000000,BEAMUSDT
2022-11-01 12:30:00,0.17160000,0.17170000,0.17110000,0.17110000,19357.00000000,BEAMUSDT
2022-11-01 12:45:00,0.17100000,0.17100000,0.17100000,0.17100000,16752.00000000,BEAMUSDT
2022-11-01 13:00:00,0.17090000,0.17090000,0.17080000,0.17090000,14035.00000000,BEAMUSDT
2022-11-01 13:15:00,0.17080000,0.17090000,0.17060000,0.17070000,32678.00000000,BEAMUSDT
2022-11-01 13:30:00,0.17070000,0.17090000,0.17040000,0.17040000,16410.00000000,BEAMUSDT
2022-11-01 13:45:00,0.17060000,0.17290000,0.16940000,0.17020000,88287.00000000,BEAMUSDT
2022-11-01 14:00:00,0.16950000,0.17060000,0.16900000,0.16950000,48512.00000000,BEAMUSDT
2022-11-01 14:15:00,0.16960000,0.17000000,0.16900000,0.16990000,24135.00000000,BEAMUSDT
2022-11-01 14:30:00,0.17000000,0.17030000,0.16980000,0.16990000,10449.00000000,BEAMUSDT
2022-11-01 14:45:00,0.16990000,0.17020000,0.16990000,0.17020000,5059.00000000,BEAMUSDT
2022-11-01 15:00:00,0.17000000,0.17030000,0.16970000,0.16990000,5842.00000000,BEAMUSDT
2022-11-01 15:15:00,0.16990000,0.17070000,0.16990000,0.17010000,21622.00000000,BEAMUSDT
2022-11-01 15:30:00,0.17060000,0.17070000,0.17060000,0.17060000,15864.00000000,BEAMUSDT
2022-11-01 15:45:00,0.17060000,0.17120000,0.17030000,0.17030000,9429.00000000,BEAMUSDT
2022-11-01 16:00:00,0.17060000,0.17060000,0.17020000,0.17020000,4055.00000000,BEAMUSDT
2022-11-01 16:15:00,0.17050000,0.17250000,0.17020000,0.17190000,46180.00000000,BEAMUSDT
2022-11-01 16:30:00,0.17190000,0.17220000,0.16990000,0.17010000,66019.00000000,BEAMUSDT
2022-11-01 16:45:00,0.17060000,0.17110000,0.16990000,0.16990000,3482.00000000,BEAMUSDT
2022-11-01 17:00:00,0.16990000,0.17050000,0.16990000,0.17050000,5014.00000000,BEAMUSDT
2022-11-01 17:15:00,0.17010000,0.17020000,0.17010000,0.17010000,15531.00000000,BEAMUSDT
2022-11-01 17:30:00,0.17010000,0.17050000,0.17000000,0.17000000,2086.00000000,BEAMUSDT
2022-11-01 17:45:00,0.17050000,0.17050000,0.16980000,0.16990000,10983.00000000,BEAMUSDT
2022-11-01 18:00:00,0.17000000,0.17200000,0.17000000,0.17150000,51963.00000000,BEAMUSDT
2022-11-01 18:15:00,0.17030000,0.17090000,0.17030000,0.17060000,739.00000000,BEAMUSDT
2022-11-01 18:30:00,0.17070000,0.17110000,0.17050000,0.17100000,2157.00000000,BEAMUSDT
2022-11-01 18:45:00,0.17060000,0.17080000,0.17040000,0.17080000,5568.00000000,BEAMUSDT
2022-11-01 19:00:00,0.17070000,0.17070000,0.17070000,0.17070000,2887.00000000,BEAMUSDT
2022-11-01 19:15:00,0.17100000,0.17100000,0.17040000,0.17040000,934.00000000,BEAMUSDT
2022-11-01 19:30:00,0.17110000,0.17270000,0.17080000,0.17120000,58579.00000000,BEAMUSDT
2022-11-01 19:45:00,0.17140000,0.17140000,0.17090000,0.17100000,15883.00000000,BEAMUSDT
2022-11-01 20:00:00,0.17100000,0.17100000,0.17010000,0.17010000,19683.00000000,BEAMUSDT
2022-11-01 20:15:00,0.17020000,0.17020000,0.17010000,0.17020000,1110.00000000,BEAMUSDT
2022-11-01 20:30:00,0.17020000,0.17020000,0.17010000,0.17010000,6917.00000000,BEAMUSDT
2022-11-01 20:45:00,0.17020000,0.17020000,0.17010000,0.17010000,280.00000000,BEAMUSDT
2022-11-01 21:00:00,0.17060000,0.17080000,0.17060000,0.17060000,2243.00000000,BEAMUSDT
2022-11-01 21:15:00,0.17060000,0.17120000,0.17020000,0.17050000,23944.00000000,BEAMUSDT
2022-11-01 21:30:00,0.17060000,0.17060000,0.17060000,0.17060000,65.00000000,BEAMUSDT
2022-11-01 21:45:00,0.17040000,0.17060000,0.17040000,0.17060000,9749.00000000,BEAMUSDT
2022-11-01 22:00:00,0.17070000,0.17120000,0.17050000,0.17080000,10104.00000000,BEAMUSDT
2022-11-01 22:15:00,0.17080000,0.17080000,0.17070000,0.17070000,2002.00000000,BEAMUSDT
2022-11-01 22:30:00,0.17070000,0.17070000,0.17060000,0.17060000,298.00000000,BEAMUSDT
2022-11-01 22:45:00,0.17070000,0.17090000,0.17070000,0.17070000,964.00000000,BEAMUSDT
2022-11-01 23:00:00,0.17070000,0.17090000,0.17060000,0.17070000,1922.00000000,BEAMUSDT
2022-11-01 23:15:00,0.17070000,0.17070000,0.17070000,0.17070000,0.00000000,BEAMUSDT
2022-11-01 23:30:00,0.17090000,0.17090000,0.17080000,0.17080000,1463.00000000,BEAMUSDT
2022-11-01 23:45:00,0.17080000,0.17080000,0.17050000,0.17050000,4681.00000000,BEAMUSDT
2022-11-02 00:00:00,0.17050000,0.17050000,0.16990000,0.17000000,8377.00000000,BEAMUSDT
2022-11-02 00:15:00,0.17010000,0.17050000,0.17010000,0.17050000,9051.00000000,BEAMUSDT
2022-11-02 00:30:00,0.17050000,0.17050000,0.17050000,0.17050000,391.00000000,BEAMUSDT
2022-11-02 00:45:00,0.17080000,0.17080000,0.17060000,0.17060000,10219.00000000,BEAMUSDT
2022-11-02 01:00:00,0.17060000,0.17080000,0.17060000,0.17080000,13757.00000000,BEAMUSDT
2022-11-02 01:15:00,0.17060000,0.17080000,0.17060000,0.17080000,5321.00000000,BEAMUSDT
2022-11-02 01:30:00,0.17080000,0.17080000,0.17080000,0.17080000,0.00000000,BEAMUSDT
2022-11-02 01:45:00,0.17060000,0.17080000,0.17040000,0.17050000,29420.00000000,BEAMUSDT
2022-11-02 02:00:00,0.17050000,0.17060000,0.17040000,0.17040000,4779.00000000,BEAMUSDT
2022-11-02 02:15:00,0.17040000,0.17040000,0.17040000,0.17040000,1235.00000000,BEAMUSDT
2022-11-02 02:30:00,0.17040000,0.17040000,0.17040000,0.17040000,146.00000000,BEAMUSDT
2022-11-02 02:45:00,0.17040000,0.17070000,0.17040000,0.17040000,9471.00000000,BEAMUSDT
2022-11-02 03:00:00,0.17040000,0.17070000,0.17040000,0.17050000,7961.00000000,BEAMUSDT
2022-11-02 03:15:00,0.17040000,0.17080000,0.17040000,0.17080000,12217.00000000,BEAMUSDT
2022-11-02 03:30:00,0.17080000,0.17080000,0.17050000,0.17050000,3419.00000000,BEAMUSDT
2022-11-02 03:45:00,0.17050000,0.17050000,0.17020000,0.17050000,34759.00000000,BEAMUSDT
2022-11-02 04:00:00,0.17050000,0.17070000,0.17020000,0.17060000,4074.00000000,BEAMUSDT
2022-11-02 04:15:00,0.17060000,0.17080000,0.17020000,0.17060000,35701.00000000,BEAMUSDT
2022-11-02 04:30:00,0.17060000,0.17080000,0.17060000,0.17060000,2524.00000000,BEAMUSDT
2022-11-02 04:45:00,0.17030000,0.17050000,0.17020000,0.17050000,8772.00000000,BEAMUSDT
2022-11-02 05:00:00,0.17030000,0.17080000,0.17030000,0.17070000,4634.00000000,BEAMUSDT
2022-11-02 05:15:00,0.17030000,0.17070000,0.17030000,0.17030000,2089.00000000,BEAMUSDT
2022-11-02 05:30:00,0.17060000,0.17070000,0.17030000,0.17070000,818.00000000,BEAMUSDT
2022-11-02 05:45:00,0.17030000,0.17050000,0.17020000,0.17020000,15818.00000000,BEAMUSDT
2022-11-02 06:00:00,0.17020000,0.17080000,0.17020000,0.17020000,18667.00000000,BEAMUSDT
2022-11-02 06:15:00,0.17010000,0.17030000,0.16980000,0.16980000,10697.00000000,BEAMUSDT
2022-11-02 06:30:00,0.17010000,0.17010000,0.16970000,0.17000000,3488.00000000,BEAMUSDT
2022-11-02 06:45:00,0.16980000,0.16980000,0.16930000,0.16950000,10973.00000000,BEAMUSDT
2022-11-02 07:00:00,0.16950000,0.16950000,0.16910000,0.16910000,1974.00000000,BEAMUSDT
2022-11-02 07:15:00,0.16910000,0.16910000,0.16750000,0.16780000,40164.00000000,BEAMUSDT
2022-11-02 07:30:00,0.16770000,0.16770000,0.16670000,0.16750000,80405.00000000,BEAMUSDT
2022-11-02 07:45:00,0.16750000,0.16780000,0.16720000,0.16780000,20880.00000000,BEAMUSDT
2022-11-02 08:00:00,0.16760000,0.16780000,0.16710000,0.16780000,7439.00000000,BEAMUSDT
2022-11-02 08:15:00,0.16790000,0.16810000,0.16790000,0.16790000,19723.00000000,BEAMUSDT
2022-11-02 08:30:00,0.16790000,0.16930000,0.16780000,0.16860000,33162.00000000,BEAMUSDT
2022-11-02 08:45:00,0.16860000,0.16880000,0.16830000,0.16850000,5011.00000000,BEAMUSDT
2022-11-02 09:00:00,0.16890000,0.16970000,0.16890000,0.16890000,22734.00000000,BEAMUSDT
2022-11-02 09:15:00,0.16880000,0.16890000,0.16880000,0.16890000,2248.00000000,BEAMUSDT
2022-11-02 09:30:00,0.16890000,0.16900000,0.16790000,0.16790000,18391.00000000,BEAMUSDT
2022-11-02 09:45:00,0.16770000,0.16790000,0.16710000,0.16720000,4643.00000000,BEAMUSDT
2022-11-02 10:00:00,0.16690000,0.16690000,0.16550000,0.16600000,33906.00000000,BEAMUSDT
2022-11-02 10:15:00,0.16580000,0.16600000,0.16520000,0.16520000,34791.00000000,BEAMUSDT
2022-11-02 10:30:00,0.16530000,0.16530000,0.16520000,0.16530000,5206.00000000,BEAMUSDT
2022-11-02 10:45:00,0.16520000,0.16550000,0.16500000,0.16550000,21409.00000000,BEAMUSDT
2022-11-02 11:00:00,0.16550000,0.16560000,0.16520000,0.16530000,20755.00000000,BEAMUSDT
2022-11-02 11:15:00,0.16530000,0.16570000,0.16530000,0.16530000,14872.00000000,BEAMUSDT
2022-11-02 11:30:00,0.16560000,0.16590000,0.16510000,0.16560000,17253.00000000,BEAMUSDT
2022-11-02 11:45:00,0.16560000,0.16570000,0.16520000,0.16560000,36425.00000000,BEAMUSDT
2022-11-02 12:00:00,0.16520000,0.16520000,0.16460000,0.16500000,24572.00000000,BEAMUSDT
2022-11-02 12:15:00,0.16500000,0.16540000,0.16460000,0.16500000,35545.00000000,BEAMUSDT
2022-11-02 12:30:00,0.16530000,0.16530000,0.16260000,0.16290000,194199.00000000,BEAMUSDT
2022-11-02 12:45:00,0.16290000,0.16290000,0.16080000,0.16190000,189012.00000000,BEAMUSDT
2022-11-02 13:00:00,0.16180000,0.16230000,0.16130000,0.16170000,68353.00000000,BEAMUSDT
2022-11-02 13:15:00,0.16170000,0.16220000,0.16160000,0.16180000,31507.00000000,BEAMUSDT
2022-11-02 13:30:00,0.16220000,0.16230000,0.16190000,0.16210000,9645.00000000,BEAMUSDT
2022-11-02 13:45:00,0.16210000,0.16210000,0.16150000,0.16150000,47500.00000000,BEAMUSDT
2022-11-02 14:00:00,0.16150000,0.16180000,0.16150000,0.16170000,27380.00000000,BEAMUSDT
2022-11-02 14:15:00,0.16170000,0.16210000,0.16110000,0.16150000,58606.00000000,BEAMUSDT
2022-11-02 14:30:00,0.16140000,0.16180000,0.16050000,0.16120000,77096.00000000,BEAMUSDT
2022-11-02 14:45:00,0.16120000,0.16130000,0.16050000,0.16070000,47704.00000000,BEAMUSDT
2022-11-02 15:00:00,0.16070000,0.16080000,0.16050000,0.16080000,2391.00000000,BEAMUSDT
2022-11-02 15:15:00,0.16060000,0.16060000,0.15980000,0.16010000,245305.00000000,BEAMUSDT
2022-11-02 15:30:00,0.16010000,0.16050000,0.16010000,0.16010000,16472.00000000,BEAMUSDT
2022-11-02 15:45:00,0.16030000,0.16050000,0.15780000,0.15900000,200044.00000000,BEAMUSDT
2022-11-02 16:00:00,0.15920000,0.15950000,0.15900000,0.15950000,34462.00000000,BEAMUSDT
2022-11-02 16:15:00,0.15960000,0.15960000,0.15780000,0.15860000,56230.00000000,BEAMUSDT
2022-11-02 16:30:00,0.15880000,0.15980000,0.15860000,0.15950000,8404.00000000,BEAMUSDT
2022-11-02 16:45:00,0.15950000,0.16150000,0.15950000,0.16140000,42640.00000000,BEAMUSDT
2022-11-02 17:00:00,0.16120000,0.16130000,0.16080000,0.16080000,28121.00000000,BEAMUSDT
2022-11-02 17:15:00,0.16120000,0.16120000,0.16050000,0.16070000,10516.00000000,BEAMUSDT
2022-11-02 17:30:00,0.16100000,0.16110000,0.16070000,0.16070000,9701.00000000,BEAMUSDT
2022-11-02 17:45:00,0.16080000,0.16090000,0.16070000,0.16080000,33908.00000000,BEAMUSDT
2022-11-02 18:00:00,0.16080000,0.16480000,0.16070000,0.16370000,125311.00000000,BEAMUSDT
2022-11-02 18:15:00,0.16370000,0.16490000,0.16360000,0.16440000,61883.00000000,BEAMUSDT
2022-11-02 18:30:00,0.16460000,0.16490000,0.16220000,0.16330000,54027.00000000,BEAMUSDT
2022-11-02 18:45:00,0.16320000,0.16370000,0.16080000,0.16120000,40385.00000000,BEAMUSDT
2022-11-02 19:00:00,0.16110000,0.16260000,0.16110000,0.16260000,14119.00000000,BEAMUSDT
2022-11-02 19:15:00,0.16220000,0.16260000,0.16020000,0.16040000,27366.00000000,BEAMUSDT
2022-11-02 19:30:00,0.16010000,0.16040000,0.15900000,0.16010000,34951.00000000,BEAMUSDT
2022-11-02 19:45:00,0.16000000,0.16010000,0.16000000,0.16000000,10378.00000000,BEAMUSDT
2022-11-02 20:00:00,0.16000000,0.16010000,0.15940000,0.16010000,40525.00000000,BEAMUSDT
2022-11-02 20:15:00,0.16000000,0.16000000,0.15860000,0.15860000,20138.00000000,BEAMUSDT
2022-11-02 20:30:00,0.15860000,0.15890000,0.15800000,0.15840000,25874.00000000,BEAMUSDT
2022-11-02 20:45:00,0.15850000,0.15940000,0.15850000,0.15900000,12936.00000000,BEAMUSDT
2022-11-02 21:00:00,0.15930000,0.16030000,0.15890000,0.16000000,25332.00000000,BEAMUSDT
2022-11-02 21:15:00,0.16000000,0.16010000,0.15960000,0.15960000,5317.00000000,BEAMUSDT
2022-11-02 21:30:00,0.16010000,0.16110000,0.16010000,0.16060000,73417.00000000,BEAMUSDT
2022-11-02 21:45:00,0.16090000,0.16090000,0.16050000,0.16050000,6806.00000000,BEAMUSDT
2022-11-02 22:00:00,0.16040000,0.16060000,0.15990000,0.16010000,8572.00000000,BEAMUSDT
2022-11-02 22:15:00,0.16040000,0.16100000,0.16040000,0.16100000,6115.00000000,BEAMUSDT
2022-11-02 22:30:00,0.16100000,0.16100000,0.16040000,0.16040000,6169.00000000,BEAMUSDT
2022-11-02 22:45:00,0.16040000,0.16040000,0.15840000,0.15930000,66471.00000000,BEAMUSDT
2022-11-02 23:00:00,0.15970000,0.16010000,0.15940000,0.15990000,18105.00000000,BEAMUSDT
2022-11-02 23:15:00,0.15990000,0.16060000,0.15980000,0.16060000,31808.00000000,BEAMUSDT
2022-11-02 23:30:00,0.16080000,0.16110000,0.16060000,0.16110000,22551.00000000,BEAMUSDT
2022-11-02 23:45:00,0.16110000,0.16130000,0.16100000,0.16130000,3143.00000000,BEAMUSDT
2022-11-03 00:00:00,0.16100000,0.16110000,0.16020000,0.16020000,20354.00000000,BEAMUSDT
2022-11-03 00:15:00,0.16050000,0.16160000,0.16040000,0.16120000,8321.00000000,BEAMUSDT
2022-11-03 00:30:00,0.16130000,0.16180000,0.16130000,0.16180000,610.00000000,BEAMUSDT
2022-11-03 00:45:00,0.16180000,0.16220000,0.16160000,0.16200000,14135.00000000,BEAMUSDT
2022-11-03 01:00:00,0.16190000,0.16400000,0.16190000,0.16280000,132773.00000000,BEAMUSDT
2022-11-03 01:15:00,0.16290000,0.16410000,0.16280000,0.16380000,32402.00000000,BEAMUSDT
2022-11-03 01:30:00,0.16380000,0.16410000,0.16330000,0.16380000,26550.00000000,BEAMUSDT
2022-11-03 01:45:00,0.16370000,0.16430000,0.16340000,0.16420000,7191.00000000,BEAMUSDT
2022-11-03 02:00:00,0.16420000,0.16460000,0.16420000,0.16460000,6921.00000000,BEAMUSDT
2022-11-03 02:15:00,0.16460000,0.16550000,0.16430000,0.16510000,31915.00000000,BEAMUSDT
2022-11-03 02:30:00,0.16510000,0.16510000,0.16460000,0.16480000,12501.00000000,BEAMUSDT
2022-11-03 02:45:00,0.16460000,0.16580000,0.16400000,0.16520000,56880.00000000,BEAMUSDT
2022-11-03 03:00:00,0.16550000,0.16620000,0.16550000,0.16610000,8486.00000000,BEAMUSDT
2022-11-03 03:15:00,0.16620000,0.16670000,0.16600000,0.16630000,14186.00000000,BEAMUSDT
2022-11-03 03:30:00,0.16630000,0.16650000,0.16480000,0.16560000,42622.00000000,BEAMUSDT
2022-11-03 03:45:00,0.16530000,0.16550000,0.16500000,0.16500000,6265.00000000,BEAMUSDT
2022-11-03 04:00:00,0.16510000,0.16660000,0.16510000,0.16640000,37039.00000000,BEAMUSDT
2022-11-03 04:15:00,0.16660000,0.16680000,0.16620000,0.16620000,36435.00000000,BEAMUSDT
2022-11-03 04:30:00,0.16640000,0.16780000,0.16610000,0.16650000,66273.00000000,BEAMUSDT
2022-11-03 04:45:00,0.16660000,0.16690000,0.16650000,0.16660000,4343.00000000,BEAMUSDT
2022-11-03 05:00:00,0.16670000,0.16740000,0.16650000,0.16710000,8977.00000000,BEAMUSDT
2022-11-03 05:15:00,0.16700000,0.16710000,0.16690000,0.16710000,2493.00000000,BEAMUSDT
2022-11-03 05:30:00,0.16680000,0.16750000,0.16670000,0.16750000,30403.00000000,BEAMUSDT
2022-11-03 05:45:00,0.16730000,0.16770000,0.16700000,0.16730000,28679.00000000,BEAMUSDT
2022-11-03 06:00:00,0.16730000,0.16770000,0.16690000,0.16690000,41666.00000000,BEAMUSDT
2022-11-03 06:15:00,0.16680000,0.16690000,0.16640000,0.16640000,18515.00000000,BEAMUSDT
2022-11-03 06:30:00,0.16650000,0.16650000,0.16650000,0.16650000,1284.00000000,BEAMUSDT
2022-11-03 06:45:00,0.16650000,0.16690000,0.16640000,0.16670000,4126.00000000,BEAMUSDT
2022-11-03 07:00:00,0.16670000,0.16750000,0.16670000,0.16730000,28971.00000000,BEAMUSDT
2022-11-03 07:15:00,0.16750000,0.16750000,0.16670000,0.16670000,32766.00000000,BEAMUSDT
2022-11-03 07:30:00,0.16670000,0.16670000,0.16600000,0.16600000,11125.00000000,BEAMUSDT
2022-11-03 07:45:00,0.16610000,0.16630000,0.16610000,0.16620000,3480.00000000,BEAMUSDT
2022-11-03 08:00:00,0.16620000,0.16660000,0.16620000,0.16660000,9987.00000000,BEAMUSDT
2022-11-03 08:15:00,0.16660000,0.16660000,0.16620000,0.16640000,15361.00000000,BEAMUSDT
2022-11-03 08:30:00,0.16610000,0.16710000,0.16610000,0.16710000,31328.00000000,BEAMUSDT
2022-11-03 08:45:00,0.16680000,0.16700000,0.16670000,0.16690000,4580.00000000,BEAMUSDT
2022-11-03 09:00:00,0.16690000,0.16740000,0.16690000,0.16690000,13056.00000000,BEAMUSDT
2022-11-03 09:15:00,0.16700000,0.16730000,0.16670000,0.16670000,14966.00000000,BEAMUSDT
2022-11-03 09:30:00,0.16730000,0.16750000,0.16680000,0.16710000,2184.00000000,BEAMUSDT
2022-11-03 09:45:00,0.16750000,0.16870000,0.16680000,0.16810000,60541.00000000,BEAMUSDT
2022-11-03 10:00:00,0.16820000,0.17000000,0.16820000,0.16900000,154825.00000000,BEAMUSDT
2022-11-03 10:15:00,0.16880000,0.16950000,0.16820000,0.16820000,15265.00000000,BEAMUSDT
2022-11-03 10:30:00,0.16870000,0.16930000,0.16810000,0.16880000,9181.00000000,BEAMUSDT
2022-11-03 10:45:00,0.16890000,0.16890000,0.16830000,0.16850000,20983.00000000,BEAMUSDT
2022-11-03 11:00:00,0.16840000,0.16870000,0.16810000,0.16810000,2868.00000000,BEAMUSDT
2022-11-03 11:15:00,0.16840000,0.16840000,0.16700000,0.16720000,18413.00000000,BEAMUSDT
2022-11-03 11:30:00,0.16720000,0.16790000,0.16650000,0.16650000,42562.00000000,BEAMUSDT
2022-11-03 11:45:00,0.16650000,0.16770000,0.16580000,0.16700000,77704.00000000,BEAMUSDT
2022-11-03 12:00:00,0.16700000,0.16790000,0.16650000,0.16780000,13712.00000000,BEAMUSDT
2022-11-03 12:15:00,0.16780000,0.16780000,0.16670000,0.16670000,38011.00000000,BEAMUSDT
2022-11-03 12:30:00,0.16710000,0.16720000,0.16570000,0.16650000,45239.00000000,BEAMUSDT
2022-11-03 12:45:00,0.16610000,0.16660000,0.16570000,0.16640000,16020.00000000,BEAMUSDT
2022-11-03 13:00:00,0.16660000,0.16710000,0.16660000,0.16690000,8866.00000000,BEAMUSDT
2022-11-03 13:15:00,0.16690000,0.16750000,0.16680000,0.16740000,16066.00000000,BEAMUSDT
2022-11-03 13:30:00,0.16740000,0.16930000,0.16690000,0.16840000,51064.00000000,BEAMUSDT
2022-11-03 13:45:00,0.16830000,0.16840000,0.16670000,0.16670000,23579.00000000,BEAMUSDT
2022-11-03 14:00:00,0.16720000,0.16770000,0.16690000,0.16770000,28974.00000000,BEAMUSDT
2022-11-03 14:15:00,0.16770000,0.16820000,0.16770000,0.16820000,2581.00000000,BEAMUSDT
2022-11-03 14:30:00,0.16830000,0.16830000,0.16780000,0.16830000,30248.00000000,BEAMUSDT
2022-11-03 14:45:00,0.16820000,0.17080000,0.16810000,0.16890000,176837.00000000,BEAMUSDT
2022-11-03 15:00:00,0.16950000,0.17000000,0.16930000,0.16970000,20650.00000000,BEAMUSDT
2022-11-03 15:15:00,0.16940000,0.16940000,0.16840000,0.16850000,19799.00000000,BEAMUSDT
2022-11-03 15:30:00,0.16850000,0.16850000,0.16810000,0.16850000,10832.00000000,BEAMUSDT
2022-11-03 15:45:00,0.16840000,0.16860000,0.16810000,0.16850000,6476.00000000,BEAMUSDT
2022-11-03 16:00:00,0.16830000,0.16880000,0.16820000,0.16820000,3951.00000000,BEAMUSDT
2022-11-03 16:15:00,0.16810000,0.16870000,0.16760000,0.16780000,16844.00000000,BEAMUSDT
2022-11-03 16:30:00,0.16780000,0.16820000,0.16770000,0.16810000,28969.00000000,BEAMUSDT
2022-11-03 16:45:00,0.16810000,0.16830000,0.16770000,0.16810000,17735.00000000,BEAMUSDT
2022-11-03 17:00:00,0.16820000,0.16830000,0.16790000,0.16790000,10854.00000000,BEAMUSDT
2022-11-03 17:15:00,0.16790000,0.16900000,0.16780000,0.16840000,31429.00000000,BEAMUSDT
2022-11-03 17:30:00,0.16880000,0.17360000,0.16870000,0.17220000,348549.00000000,BEAMUSDT
2022-11-03 17:45:00,0.17230000,0.17360000,0.17040000,0.17150000,304296.00000000,BEAMUSDT
2022-11-03 18:00:00,0.17170000,0.17170000,0.17080000,0.17100000,68677.00000000,BEAMUSDT
2022-11-03 18:15:00,0.17080000,0.17090000,0.17010000,0.17090000,25724.00000000,BEAMUSDT
2022-11-03 18:30:00,0.17100000,0.17300000,0.17100000,0.17240000,44757.00000000,BEAMUSDT
2022-11-03 18:45:00,0.17290000,0.17370000,0.17190000,0.17290000,29041.00000000,BEAMUSDT
2022-11-03 19:00:00,0.17250000,0.17290000,0.17210000,0.17210000,8560.00000000,BEAMUSDT
2022-11-03 19:15:00,0.17230000,0.17310000,0.17150000,0.17310000,19443.00000000,BEAMUSDT
2022-11-03 19:30:00,0.17280000,0.17340000,0.17260000,0.17320000,9035.00000000,BEAMUSDT
2022-11-03 19:45:00,0.17300000,0.17450000,0.17260000,0.17260000,157372.00000000,BEAMUSDT
2022-11-03 20:00:00,0.17230000,0.17230000,0.17150000,0.17160000,28512.00000000,BEAMUSDT
2022-11-03 20:15:00,0.17190000,0.17190000,0.17130000,0.17160000,9978.00000000,BEAMUSDT
2022-11-03 20:30:00,0.17190000,0.17220000,0.17140000,0.17140000,21438.00000000,BEAMUSDT
2022-11-03 20:45:00,0.17120000,0.17180000,0.17110000,0.17160000,16592.00000000,BEAMUSDT
2022-11-03 21:00:00,0.17170000,0.17220000,0.17150000,0.17160000,8150.00000000,BEAMUSDT
2022-11-03 21:15:00,0.17160000,0.17220000,0.17110000,0.17130000,19847.00000000,BEAMUSDT
2022-11-03 21:30:00,0.17130000,0.17170000,0.17120000,0.17130000,12713.00000000,BEAMUSDT
2022-11-03 21:45:00,0.17130000,0.17270000,0.17130000,0.17200000,33520.00000000,BEAMUSDT
2022-11-03 22:00:00,0.17180000,0.17240000,0.17120000,0.17150000,21603.00000000,BEAMUSDT
2022-11-03 22:15:00,0.17120000,0.17140000,0.17090000,0.17100000,10060.00000000,BEAMUSDT
2022-11-03 22:30:00,0.17100000,0.17120000,0.17060000,0.17110000,30547.00000000,BEAMUSDT
2022-11-03 22:45:00,0.17100000,0.17200000,0.17070000,0.17070000,57226.00000000,BEAMUSDT
2022-11-03 23:00:00,0.17070000,0.17150000,0.17050000,0.17050000,12156.00000000,BEAMUSDT
2022-11-03 23:15:00,0.17060000,0.17070000,0.17030000,0.17060000,3536.00000000,BEAMUSDT
2022-11-03 23:30:00,0.17120000,0.17120000,0.17070000,0.17070000,13401.00000000,BEAMUSDT
2022-11-03 23:45:00,0.17060000,0.17100000,0.17060000,0.17100000,19145.00000000,BEAMUSDT
2022-11-04 00:00:00,0.17100000,0.17100000,0.17060000,0.17060000,1851.00000000,BEAMUSDT
2022-11-04 00:15:00,0.17090000,0.17090000,0.17050000,0.17080000,11518.00000000,BEAMUSDT
2022-11-04 00:30:00,0.17080000,0.17080000,0.17060000,0.17080000,1439.00000000,BEAMUSDT
2022-11-04 00:45:00,0.17080000,0.17090000,0.17040000,0.17080000,25983.00000000,BEAMUSDT
2022-11-04 01:00:00,0.17080000,0.17090000,0.17070000,0.17090000,62914.00000000,BEAMUSDT
2022-11-04 01:15:00,0.17090000,0.17090000,0.17060000,0.17060000,11739.00000000,BEAMUSDT
2022-11-04 01:30:00,0.17080000,0.17090000,0.17060000,0.17090000,34198.00000000,BEAMUSDT
2022-11-04 01:45:00,0.17080000,0.17090000,0.17060000,0.17060000,107084.00000000,BEAMUSDT
2022-11-04 02:00:00,0.17070000,0.17090000,0.17070000,0.17090000,15411.00000000,BEAMUSDT
2022-11-04 02:15:00,0.17090000,0.17090000,0.17070000,0.17080000,28513.00000000,BEAMUSDT
2022-11-04 02:30:00,0.17090000,0.17090000,0.17080000,0.17090000,5481.00000000,BEAMUSDT
2022-11-04 02:45:00,0.17090000,0.17130000,0.17080000,0.17120000,30195.00000000,BEAMUSDT
2022-11-04 03:00:00,0.17110000,0.17130000,0.17080000,0.17130000,26530.00000000,BEAMUSDT
2022-11-04 03:15:00,0.17130000,0.17130000,0.17030000,0.17100000,85796.00000000,BEAMUSDT
2022-11-04 03:30:00,0.17100000,0.17100000,0.17090000,0.17100000,9675.00000000,BEAMUSDT
2022-11-04 03:45:00,0.17100000,0.17120000,0.17100000,0.17120000,7046.00000000,BEAMUSDT
2022-11-04 04:00:00,0.17110000,0.17130000,0.17110000,0.17120000,5685.00000000,BEAMUSDT
2022-11-04 04:15:00,0.17120000,0.17390000,0.17040000,0.17290000,143553.00000000,BEAMUSDT
2022-11-04 04:30:00,0.17290000,0.17290000,0.17220000,0.17220000,22182.00000000,BEAMUSDT
2022-11-04 04:45:00,0.17210000,0.17270000,0.17200000,0.17200000,17123.00000000,BEAMUSDT
2022-11-04 05:00:00,0.17220000,0.17240000,0.17140000,0.17190000,25068.00000000,BEAMUSDT
2022-11-04 05:15:00,0.17160000,0.17240000,0.17160000,0.17230000,3142.00000000,BEAMUSDT
2022-11-04 05:30:00,0.17230000,0.17230000,0.17120000,0.17150000,36317.00000000,BEAMUSDT
2022-11-04 05:45:00,0.17190000,0.17280000,0.17150000,0.17220000,28979.00000000,BEAMUSDT
2022-11-04 06:00:00,0.17220000,0.17310000,0.17220000,0.17300000,9174.00000000,BEAMUSDT
2022-11-04 06:15:00,0.17300000,0.17330000,0.17290000,0.17330000,2909.00000000,BEAMUSDT
2022-11-04 06:30:00,0.17320000,0.17340000,0.17290000,0.17330000,21120.00000000,BEAMUSDT
2022-11-04 06:45:00,0.17300000,0.17370000,0.17300000,0.17370000,5370.00000000,BEAMUSDT
2022-11-04 07:00:00,0.17380000,0.17480000,0.17320000,0.17350000,53504.00000000,BEAMUSDT
2022-11-04 07:15:00,0.17360000,0.17370000,0.17310000,0.17360000,3619.00000000,BEAMUSDT
2022-11-04 07:30:00,0.17360000,0.17400000,0.17350000,0.17400000,20683.00000000,BEAMUSDT
2022-11-04 07:45:00,0.17390000,0.17480000,0.17390000,0.17440000,19715.00000000,BEAMUSDT
2022-11-04 08:00:00,0.17420000,0.17480000,0.17400000,0.17400000,30077.00000000,BEAMUSDT
2022-11-04 08:15:00,0.17400000,0.17430000,0.17300000,0.17320000,31671.00000000,BEAMUSDT
2022-11-04 08:30:00,0.17320000,0.17350000,0.17300000,0.17340000,10931.00000000,BEAMUSDT
2022-11-04 08:45:00,0.17360000,0.17380000,0.17300000,0.17350000,30259.00000000,BEAMUSDT
2022-11-04 09:00:00,0.17320000,0.17350000,0.17300000,0.17300000,41006.00000000,BEAMUSDT
2022-11-04 09:15:00,0.17300000,0.17300000,0.17190000,0.17240000,172015.00000000,BEAMUSDT
2022-11-04 09:30:00,0.17240000,0.17320000,0.17240000,0.17320000,19506.00000000,BEAMUSDT
2022-11-04 09:45:00,0.17320000,0.17370000,0.17310000,0.17320000,16073.00000000,BEAMUSDT
2022-11-04 10:00:00,0.17310000,0.17350000,0.17310000,0.17350000,10582.00000000,BEAMUSDT
2022-11-04 10:15:00,0.17350000,0.17350000,0.17240000,0.17270000,11567.00000000,BEAMUSDT
2022-11-04 10:30:00,0.17270000,0.17320000,0.17250000,0.17290000,16392.00000000,BEAMUSDT
2022-11-04 10:45:00,0.17330000,0.17360000,0.17300000,0.17320000,4295.00000000,BEAMUSDT
2022-11-04 11:00:00,0.17330000,0.17350000,0.17310000,0.17350000,8587.00000000,BEAMUSDT
2022-11-04 11:15:00,0.17350000,0.17450000,0.17350000,0.17390000,95249.00000000,BEAMUSDT
2022-11-04 11:30:00,0.17390000,0.17420000,0.17380000,0.17380000,7822.00000000,BEAMUSDT
2022-11-04 11:45:00,0.17380000,0.17400000,0.17280000,0.17280000,16228.00000000,BEAMUSDT
2022-11-04 12:00:00,0.17290000,0.17290000,0.17130000,0.17190000,56276.00000000,BEAMUSDT
2022-11-04 12:15:00,0.17160000,0.17220000,0.17160000,0.17200000,30418.00000000,BEAMUSDT
2022-11-04 12:30:00,0.17210000,0.17290000,0.17170000,0.17280000,115404.00000000,BEAMUSDT
2022-11-04 12:45:00,0.17290000,0.17350000,0.17290000,0.17350000,19955.00000000,BEAMUSDT
2022-11-04 13:00:00,0.17350000,0.17440000,0.17340000,0.17380000,27324.00000000,BEAMUSDT
2022-11-04 13:15:00,0.17400000,0.17490000,0.17400000,0.17470000,19293.00000000,BEAMUSDT
2022-11-04 13:30:00,0.17470000,0.17480000,0.17330000,0.17330000,28871.00000000,BEAMUSDT
2022-11-04 13:45:00,0.17350000,0.17350000,0.17300000,0.17340000,8508.00000000,BEAMUSDT
2022-11-04 14:00:00,0.17360000,0.17430000,0.17340000,0.17430000,8166.00000000,BEAMUSDT
2022-11-04 14:15:00,0.17430000,0.17590000,0.17400000,0.17510000,131508.00000000,BEAMUSDT
2022-11-04 14:30:00,0.17510000,0.17630000,0.17500000,0.17550000,66989.00000000,BEAMUSDT
2022-11-04 14:45:00,0.17600000,0.17650000,0.17550000,0.17550000,32798.00000000,BEAMUSDT
2022-11-04 15:00:00,0.17560000,0.17580000,0.17410000,0.17420000,59124.00000000,BEAMUSDT
2022-11-04 15:15:00,0.17410000,0.17460000,0.17320000,0.17390000,87398.00000000,BEAMUSDT
2022-11-04 15:30:00,0.17380000,0.17400000,0.17330000,0.17330000,26402.00000000,BEAMUSDT
2022-11-04 15:45:00,0.17330000,0.17370000,0.17180000,0.17180000,70077.00000000,BEAMUSDT
2022-11-04 16:00:00,0.17200000,0.17280000,0.17140000,0.17280000,56272.00000000,BEAMUSDT
2022-11-04 16:15:00,0.17280000,0.17370000,0.17230000,0.17340000,42492.00000000,BEAMUSDT
2022-11-04 16:30:00,0.17310000,0.17340000,0.17250000,0.17270000,39370.00000000,BEAMUSDT
2022-11-04 16:45:00,0.17250000,0.17280000,0.17250000,0.17280000,13341.00000000,BEAMUSDT
2022-11-04 17:00:00,0.17260000,0.17280000,0.17250000,0.17250000,21888.00000000,BEAMUSDT
2022-11-04 17:15:00,0.17250000,0.17270000,0.17220000,0.17270000,9769.00000000,BEAMUSDT
2022-11-04 17:30:00,0.17270000,0.17270000,0.17230000,0.17270000,10509.00000000,BEAMUSDT
2022-11-04 17:45:00,0.17270000,0.17340000,0.17250000,0.17260000,18413.00000000,BEAMUSDT
2022-11-04 18:00:00,0.17280000,0.17310000,0.17220000,0.17250000,24367.00000000,BEAMUSDT
2022-11-04 18:15:00,0.17260000,0.17330000,0.17260000,0.17290000,9538.00000000,BEAMUSDT
2022-11-04 18:30:00,0.17330000,0.17340000,0.17280000,0.17300000,20276.00000000,BEAMUSDT
2022-11-04 18:45:00,0.17340000,0.17350000,0.17310000,0.17310000,7902.00000000,BEAMUSDT
2022-11-04 19:00:00,0.17330000,0.17380000,0.17330000,0.17380000,3504.00000000,BEAMUSDT
2022-11-04 19:15:00,0.17390000,0.17440000,0.17320000,0.17420000,31103.00000000,BEAMUSDT
2022-11-04 19:30:00,0.17380000,0.17390000,0.17310000,0.17390000,17537.00000000,BEAMUSDT
2022-11-04 19:45:00,0.17380000,0.17430000,0.17380000,0.17430000,13555.00000000,BEAMUSDT
2022-11-04 20:00:00,0.17430000,0.17440000,0.17410000,0.17430000,39868.00000000,BEAMUSDT
2022-11-04 20:15:00,0.17430000,0.17440000,0.17430000,0.17440000,14090.00000000,BEAMUSDT
2022-11-04 20:30:00,0.17440000,0.17440000,0.17370000,0.17380000,21349.00000000,BEAMUSDT
2022-11-04 20:45:00,0.17380000,0.17390000,0.17300000,0.17370000,67085.00000000,BEAMUSDT
2022-11-04 21:00:00,0.17360000,0.17360000,0.17310000,0.17310000,7684.00000000,BEAMUSDT
2022-11-04 21:15:00,0.17350000,0.17390000,0.17350000,0.17390000,11283.00000000,BEAMUSDT
2022-11-04 21:30:00,0.17390000,0.17430000,0.17390000,0.17430000,19657.00000000,BEAMUSDT
2022-11-04 21:45:00,0.17390000,0.17450000,0.17380000,0.17450000,5614.00000000,BEAMUSDT
2022-11-04 22:00:00,0.17450000,0.17490000,0.17450000,0.17490000,32161.00000000,BEAMUSDT
2022-11-04 22:15:00,0.17480000,0.17480000,0.17370000,0.17480000,32866.00000000,BEAMUSDT
2022-11-04 22:30:00,0.17480000,0.17500000,0.17420000,0.17490000,3401.00000000,BEAMUSDT
2022-11-04 22:45:00,0.17450000,0.17500000,0.17440000,0.17500000,22471.00000000,BEAMUSDT
2022-11-04 23:00:00,0.17500000,0.17520000,0.17490000,0.17490000,30641.00000000,BEAMUSDT
2022-11-04 23:15:00,0.17490000,0.17510000,0.17490000,0.17490000,13290.00000000,BEAMUSDT
2022-11-04 23:30:00,0.17490000,0.17500000,0.17490000,0.17500000,4884.00000000,BEAMUSDT
2022-11-04 23:45:00,0.17500000,0.17500000,0.17500000,0.17500000,709.00000000,BEAMUSDT
2022-11-05 00:00:00,0.17490000,0.17500000,0.17490000,0.17490000,18535.00000000,BEAMUSDT
2022-11-05 00:15:00,0.17490000,0.17520000,0.17490000,0.17520000,35611.00000000,BEAMUSDT
2022-11-05 00:30:00,0.17520000,0.17590000,0.17520000,0.17590000,21908.00000000,BEAMUSDT
2022-11-05 00:45:00,0.17580000,0.17820000,0.17580000,0.17680000,145165.00000000,BEAMUSDT
2022-11-05 01:00:00,0.17680000,0.17680000,0.17570000,0.17630000,75970.00000000,BEAMUSDT
2022-11-05 01:15:00,0.17630000,0.17650000,0.17560000,0.17600000,23722.00000000,BEAMUSDT
2022-11-05 01:30:00,0.17620000,0.17640000,0.17590000,0.17610000,4593.00000000,BEAMUSDT
2022-11-05 01:45:00,0.17610000,0.17610000,0.17520000,0.17570000,14267.00000000,BEAMUSDT
2022-11-05 02:00:00,0.17610000,0.17610000,0.17550000,0.17600000,5849.00000000,BEAMUSDT
2022-11-05 02:15:00,0.17600000,0.17600000,0.17530000,0.17540000,8798.00000000,BEAMUSDT
2022-11-05 02:30:00,0.17550000,0.17760000,0.17520000,0.17730000,46815.00000000,BEAMUSDT
2022-11-05 02:45:00,0.17730000,0.17740000,0.17680000,0.17690000,22278.00000000,BEAMUSDT
2022-11-05 03:00:00,0.17720000,0.17760000,0.17680000,0.17720000,14722.00000000,BEAMUSDT
2022-11-05 03:15:00,0.17760000,0.17770000,0.17700000,0.17700000,4465.00000000,BEAMUSDT
2022-11-05 03:30:00,0.17690000,0.17720000,0.17520000,0.17580000,44565.00000000,BEAMUSDT
2022-11-05 03:45:00,0.17590000,0.17670000,0.17590000,0.17670000,6034.00000000,BEAMUSDT
2022-11-05 04:00:00,0.17660000,0.17670000,0.17610000,0.17610000,15168.00000000,BEAMUSDT
2022-11-05 04:15:00,0.17660000,0.17670000,0.17590000,0.17660000,16444.00000000,BEAMUSDT
2022-11-05 04:30:00,0.17630000,0.17670000,0.17630000,0.17630000,9957.00000000,BEAMUSDT
2022-11-05 04:45:00,0.17630000,0.17650000,0.17560000,0.17560000,8858.00000000,BEAMUSDT
2022-11-05 05:00:00,0.17570000,0.17670000,0.17510000,0.17510000,36558.00000000,BEAMUSDT
2022-11-05 05:15:00,0.17540000,0.17600000,0.17530000,0.17600000,14543.00000000,BEAMUSDT
2022-11-05 05:30:00,0.17610000,0.17660000,0.17610000,0.17630000,9277.00000000,BEAMUSDT
2022-11-05 05:45:00,0.17630000,0.17660000,0.17630000,0.17660000,3757.00000000,BEAMUSDT
2022-11-05 06:00:00,0.17640000,0.17670000,0.17640000,0.17660000,16876.00000000,BEAMUSDT
2022-11-05 06:15:00,0.17660000,0.17740000,0.17640000,0.17700000,28384.00000000,BEAMUSDT
2022-11-05 06:30:00,0.17680000,0.17680000,0.17650000,0.17650000,1537.00000000,BEAMUSDT
2022-11-05 06:45:00,0.17640000,0.17640000,0.17640000,0.17640000,561.00000000,BEAMUSDT
2022-11-05 07:00:00,0.17650000,0.17830000,0.17640000,0.17720000,29895.00000000,BEAMUSDT
2022-11-05 07:15:00,0.17700000,0.17750000,0.17690000,0.17730000,12009.00000000,BEAMUSDT
2022-11-05 07:30:00,0.17700000,0.17750000,0.17680000,0.17700000,11886.00000000,BEAMUSDT
2022-11-05 07:45:00,0.17710000,0.17850000,0.17710000,0.17750000,28673.00000000,BEAMUSDT
2022-11-05 08:00:00,0.17790000,0.17820000,0.17700000,0.17740000,24657.00000000,BEAMUSDT
2022-11-05 08:15:00,0.17710000,0.17720000,0.17560000,0.17590000,30795.00000000,BEAMUSDT
2022-11-05 08:30:00,0.17630000,0.17630000,0.17570000,0.17570000,2403.00000000,BEAMUSDT
2022-11-05 08:45:00,0.17570000,0.17590000,0.17570000,0.17590000,2897.00000000,BEAMUSDT
2022-11-05 09:00:00,0.17580000,0.17590000,0.17540000,0.17560000,18908.00000000,BEAMUSDT
2022-11-05 09:15:00,0.17590000,0.17600000,0.17550000,0.17580000,7669.00000000,BEAMUSDT
2022-11-05 09:30:00,0.17570000,0.17600000,0.17570000,0.17600000,9870.00000000,BEAMUSDT
2022-11-05 09:45:00,0.17590000,0.17590000,0.17570000,0.17590000,487.00000000,BEAMUSDT
2022-11-05 10:00:00,0.17600000,0.17600000,0.17550000,0.17560000,3468.00000000,BEAMUSDT
2022-11-05 10:15:00,0.17590000,0.17690000,0.17580000,0.17650000,23966.00000000,BEAMUSDT
2022-11-05 10:30:00,0.17650000,0.17660000,0.17650000,0.17660000,5127.00000000,BEAMUSDT
2022-11-05 10:45:00,0.17650000,0.17660000,0.17650000,0.17660000,3269.00000000,BEAMUSDT
2022-11-05 11:00:00,0.17660000,0.17720000,0.17660000,0.17720000,6277.00000000,BEAMUSDT
2022-11-05 11:15:00,0.17720000,0.17800000,0.17710000,0.17800000,42038.00000000,BEAMUSDT
2022-11-05 11:30:00,0.17800000,0.17830000,0.17760000,0.17760000,16224.00000000,BEAMUSDT
2022-11-05 11:45:00,0.17760000,0.17800000,0.17760000,0.17770000,1108.00000000,BEAMUSDT
2022-11-05 12:00:00,0.17770000,0.17770000,0.17740000,0.17740000,14870.00000000,BEAMUSDT
2022-11-05 12:15:00,0.17750000,0.17750000,0.17640000,0.17710000,22534.00000000,BEAMUSDT
2022-11-05 12:30:00,0.17720000,0.17760000,0.17660000,0.17660000,7326.00000000,BEAMUSDT
2022-11-05 12:45:00,0.17660000,0.17720000,0.17660000,0.17690000,7321.00000000,BEAMUSDT
2022-11-05 13:00:00,0.17650000,0.17710000,0.17650000,0.17680000,4785.00000000,BEAMUSDT
2022-11-05 13:15:00,0.17670000,0.17670000,0.17620000,0.17620000,3916.00000000,BEAMUSDT
2022-11-05 13:30:00,0.17610000,0.17760000,0.17520000,0.17640000,62167.00000000,BEAMUSDT
2022-11-05 13:45:00,0.17680000,0.17700000,0.17650000,0.17700000,2184.00000000,BEAMUSDT
2022-11-05 14:00:00,0.17690000,0.17810000,0.17650000,0.17710000,20292.00000000,BEAMUSDT
2022-11-05 14:15:00,0.17730000,0.17770000,0.17640000,0.17650000,6223.00000000,BEAMUSDT
2022-11-05 14:30:00,0.17690000,0.17730000,0.17640000,0.17650000,25774.00000000,BEAMUSDT
2022-11-05 14:45:00,0.17640000,0.17650000,0.17610000,0.17610000,32080.00000000,BEAMUSDT
2022-11-05 15:00:00,0.17640000,0.17640000,0.17600000,0.17640000,5416.00000000,BEAMUSDT
2022-11-05 15:15:00,0.17620000,0.17660000,0.17600000,0.17660000,14712.00000000,BEAMUSDT
2022-11-05 15:30:00,0.17660000,0.17770000,0.17640000,0.17700000,11942.00000000,BEAMUSDT
2022-11-05 15:45:00,0.17690000,0.17730000,0.17660000,0.17670000,7314.00000000,BEAMUSDT
2022-11-05 16:00:00,0.17670000,0.17790000,0.17660000,0.17730000,59598.00000000,BEAMUSDT
2022-11-05 16:15:00,0.17740000,0.17840000,0.17720000,0.17800000,30528.00000000,BEAMUSDT
2022-11-05 16:30:00,0.17770000,0.17800000,0.17730000,0.17740000,5271.00000000,BEAMUSDT
2022-11-05 16:45:00,0.17740000,0.17790000,0.17730000,0.17730000,11731.00000000,BEAMUSDT
2022-11-05 17:00:00,0.17750000,0.17780000,0.17650000,0.17700000,21073.00000000,BEAMUSDT
2022-11-05 17:15:00,0.17700000,0.17700000,0.17620000,0.17680000,53784.00000000,BEAMUSDT
2022-11-05 17:30:00,0.17670000,0.17690000,0.17640000,0.17690000,3897.00000000,BEAMUSDT
2022-11-05 17:45:00,0.17690000,0.17690000,0.17660000,0.17660000,1430.00000000,BEAMUSDT
2022-11-05 18:00:00,0.17660000,0.17690000,0.17650000,0.17660000,2992.00000000,BEAMUSDT
2022-11-05 18:15:00,0.17660000,0.17710000,0.17660000,0.17700000,18026.00000000,BEAMUSDT
2022-11-05 18:30:00,0.17720000,0.17780000,0.17700000,0.17700000,29660.00000000,BEAMUSDT
2022-11-05 18:45:00,0.17710000,0.17750000,0.17710000,0.17730000,5222.00000000,BEAMUSDT
2022-11-05 19:00:00,0.17730000,0.17790000,0.17700000,0.17700000,48467.00000000,BEAMUSDT
2022-11-05 19:15:00,0.17700000,0.17770000,0.17700000,0.17750000,33957.00000000,BEAMUSDT
2022-11-05 19:30:00,0.17740000,0.17750000,0.17700000,0.17700000,9730.00000000,BEAMUSDT
2022-11-05 19:45:00,0.17710000,0.17710000,0.17490000,0.17650000,150274.00000000,BEAMUSDT
2022-11-05 20:00:00,0.17650000,0.17790000,0.17640000,0.17760000,94949.00000000,BEAMUSDT
2022-11-05 20:15:00,0.17730000,0.17790000,0.17730000,0.17790000,8285.00000000,BEAMUSDT
2022-11-05 20:30:00,0.17740000,0.17740000,0.17670000,0.17700000,6649.00000000,BEAMUSDT
2022-11-05 20:45:00,0.17740000,0.17760000,0.17680000,0.17710000,28499.00000000,BEAMUSDT
2022-11-05 21:00:00,0.17750000,0.17800000,0.17710000,0.17750000,17376.00000000,BEAMUSDT
2022-11-05 21:15:00,0.17790000,0.17890000,0.17700000,0.17770000,126174.00000000,BEAMUSDT
2022-11-05 21:30:00,0.17760000,0.17860000,0.17720000,0.17790000,45036.00000000,BEAMUSDT
2022-11-05 21:45:00,0.17790000,0.17900000,0.17730000,0.17790000,89915.00000000,BEAMUSDT
2022-11-05 22:00:00,0.17790000,0.17980000,0.17710000,0.17920000,145287.00000000,BEAMUSDT
2022-11-05 22:15:00,0.17980000,0.18000000,0.17830000,0.17830000,74817.00000000,BEAMUSDT
2022-11-05 22:30:00,0.17840000,0.17900000,0.17800000,0.17810000,11781.00000000,BEAMUSDT
2022-11-05 22:45:00,0.17860000,0.17890000,0.17840000,0.17860000,3568.00000000,BEAMUSDT
2022-11-05 23:00:00,0.17910000,0.17910000,0.17760000,0.17790000,52232.00000000,BEAMUSDT
2022-11-05 23:15:00,0.17760000,0.17800000,0.17720000,0.17730000,9609.00000000,BEAMUSDT
2022-11-05 23:30:00,0.17750000,0.17940000,0.17750000,0.17820000,33617.00000000,BEAMUSDT
2022-11-05 23:45:00,0.17910000,0.18100000,0.17810000,0.18050000,204317.00000000,BEAMUSDT
2022-11-06 00:00:00,0.18040000,0.18050000,0.17830000,0.17930000,70252.00000000,BEAMUSDT
2022-11-06 00:15:00,0.17830000,0.18000000,0.17810000,0.17990000,8660.00000000,BEAMUSDT
2022-11-06 00:30:00,0.18000000,0.18170000,0.17940000,0.18160000,77180.00000000,BEAMUSDT
2022-11-06 00:45:00,0.18160000,0.18180000,0.18100000,0.18100000,27945.00000000,BEAMUSDT
2022-11-06 01:00:00,0.18100000,0.18200000,0.18100000,0.18150000,28399.00000000,BEAMUSDT
2022-11-06 01:15:00,0.18190000,0.18500000,0.18150000,0.18380000,265692.00000000,BEAMUSDT
2022-11-06 01:30:00,0.18390000,0.18470000,0.18300000,0.18470000,121435.00000000,BEAMUSDT
2022-11-06 01:45:00,0.18420000,0.18520000,0.18280000,0.18400000,155314.00000000,BEAMUSDT
2022-11-06 02:00:00,0.18330000,0.18370000,0.18040000,0.18110000,74250.00000000,BEAMUSDT
2022-11-06 02:15:00,0.18110000,0.18110000,0.18050000,0.18090000,88980.00000000,BEAMUSDT
2022-11-06 02:30:00,0.18060000,0.18060000,0.18000000,0.18030000,53391.00000000,BEAMUSDT
2022-11-06 02:45:00,0.18010000,0.18080000,0.18000000,0.18050000,13306.00000000,BEAMUSDT
2022-11-06 03:00:00,0.18050000,0.18070000,0.18010000,0.18040000,11985.00000000,BEAMUSDT
2022-11-06 03:15:00,0.18040000,0.18040000,0.17960000,0.18000000,21136.00000000,BEAMUSDT
2022-11-06 03:30:00,0.18030000,0.18030000,0.17970000,0.18020000,18295.00000000,BEAMUSDT
2022-11-06 03:45:00,0.18030000,0.18060000,0.17990000,0.18040000,11581.00000000,BEAMUSDT
2022-11-06 04:00:00,0.18040000,0.18050000,0.17960000,0.18050000,41069.00000000,BEAMUSDT
2022-11-06 04:15:00,0.18050000,0.18150000,0.18030000,0.18150000,21625.00000000,BEAMUSDT
2022-11-06 04:30:00,0.18130000,0.18360000,0.18120000,0.18320000,41542.00000000,BEAMUSDT
2022-11-06 04:45:00,0.18280000,0.18290000,0.18150000,0.18190000,28656.00000000,BEAMUSDT
2022-11-06 05:00:00,0.18190000,0.18220000,0.18080000,0.18080000,32665.00000000,BEAMUSDT
2022-11-06 05:15:00,0.18060000,0.18140000,0.18000000,0.18090000,31093.00000000,BEAMUSDT
2022-11-06 05:30:00,0.18060000,0.18080000,0.17960000,0.18020000,58949.00000000,BEAMUSDT
2022-11-06 05:45:00,0.18000000,0.18010000,0.17930000,0.17940000,48785.00000000,BEAMUSDT
2022-11-06 06:00:00,0.17990000,0.18090000,0.17930000,0.17960000,26141.00000000,BEAMUSDT
2022-11-06 06:15:00,0.18000000,0.18180000,0.17910000,0.18040000,71351.00000000,BEAMUSDT
2022-11-06 06:30:00,0.18060000,0.18060000,0.17940000,0.17990000,69627.00000000,BEAMUSDT
2022-11-06 06:45:00,0.17990000,0.18000000,0.17930000,0.18000000,13711.00000000,BEAMUSDT
2022-11-06 07:00:00,0.17990000,0.18030000,0.17900000,0.17960000,16865.00000000,BEAMUSDT
2022-11-06 07:15:00,0.17970000,0.18000000,0.17950000,0.17990000,11979.00000000,BEAMUSDT
2022-11-06 07:30:00,0.17990000,0.18010000,0.17900000,0.17970000,61289.00000000,BEAMUSDT
2022-11-06 07:45:00,0.18000000,0.18000000,0.17960000,0.18000000,8034.00000000,BEAMUSDT
2022-11-06 08:00:00,0.18000000,0.18110000,0.17920000,0.18090000,110926.00000000,BEAMUSDT
2022-11-06 08:15:00,0.18090000,0.18220000,0.18060000,0.18200000,202151.00000000,BEAMUSDT
2022-11-06 08:30:00,0.18200000,0.18210000,0.18100000,0.18180000,74316.00000000,BEAMUSDT
2022-11-06 08:45:00,0.18180000,0.18190000,0.18120000,0.18140000,46911.00000000,BEAMUSDT
2022-11-06 09:00:00,0.18100000,0.18200000,0.18060000,0.18200000,27185.00000000,BEAMUSDT
2022-11-06 09:15:00,0.18140000,0.18200000,0.18110000,0.18130000,16296.00000000,BEAMUSDT
2022-11-06 09:30:00,0.18170000,0.18360000,0.18140000,0.18290000,43081.00000000,BEAMUSDT
2022-11-06 09:45:00,0.18290000,0.18330000,0.18140000,0.18180000,33118.00000000,BEAMUSDT
2022-11-06 10:00:00,0.18180000,0.18500000,0.18180000,0.18460000,213656.00000000,BEAMUSDT
2022-11-06 10:15:00,0.18450000,0.18520000,0.18300000,0.18520000,114343.00000000,BEAMUSDT
2022-11-06 10:30:00,0.18520000,0.18520000,0.18120000,0.18380000,147878.00000000,BEAMUSDT
2022-11-06 10:45:00,0.18340000,0.18680000,0.18330000,0.18680000,158718.00000000,BEAMUSDT
2022-11-06 11:00:00,0.18680000,0.18760000,0.18260000,0.18410000,355220.00000000,BEAMUSDT
2022-11-06 11:15:00,0.18370000,0.18500000,0.18320000,0.18400000,129703.00000000,BEAMUSDT
2022-11-06 11:30:00,0.18400000,0.18510000,0.18300000,0.18390000,61597.00000000,BEAMUSDT
2022-11-06 11:45:00,0.18390000,0.18760000,0.18350000,0.18690000,235869.00000000,BEAMUSDT
2022-11-06 12:00:00,0.18690000,0.18900000,0.18450000,0.18760000,386957.00000000,BEAMUSDT
2022-11-06 12:15:00,0.18760000,0.18980000,0.18700000,0.18760000,411953.00000000,BEAMUSDT
2022-11-06 12:30:00,0.18730000,0.18880000,0.18530000,0.18800000,225770.00000000,BEAMUSDT
2022-11-06 12:45:00,0.18760000,0.18810000,0.18600000,0.18630000,51072.00000000,BEAMUSDT
2022-11-06 13:00:00,0.18700000,0.18750000,0.18610000,0.18690000,25946.00000000,BEAMUSDT
2022-11-06 13:15:00,0.18650000,0.18680000,0.18550000,0.18570000,59608.00000000,BEAMUSDT
2022-11-06 13:30:00,0.18570000,0.18630000,0.18520000,0.18600000,31941.00000000,BEAMUSDT
2022-11-06 13:45:00,0.18580000,0.18740000,0.18530000,0.18530000,90269.00000000,BEAMUSDT
2022-11-06 14:00:00,0.18540000,0.18550000,0.18220000,0.18370000,277312.00000000,BEAMUSDT
2022-11-06 14:15:00,0.18370000,0.18450000,0.18220000,0.18290000,80661.00000000,BEAMUSDT
2022-11-06 14:30:00,0.18310000,0.18320000,0.18210000,0.18280000,56349.00000000,BEAMUSDT
2022-11-06 14:45:00,0.18280000,0.18470000,0.18280000,0.18450000,13384.00000000,BEAMUSDT
2022-11-06 15:00:00,0.18470000,0.18470000,0.18390000,0.18470000,9305.00000000,BEAMUSDT
2022-11-06 15:15:00,0.18470000,0.18570000,0.18470000,0.18570000,73136.00000000,BEAMUSDT
2022-11-06 15:30:00,0.18610000,0.18610000,0.18400000,0.18490000,127427.00000000,BEAMUSDT
2022-11-06 15:45:00,0.18530000,0.18530000,0.18470000,0.18470000,16228.00000000,BEAMUSDT
2022-11-06 16:00:00,0.18500000,0.18510000,0.18210000,0.18350000,71721.00000000,BEAMUSDT
2022-11-06 16:15:00,0.18350000,0.18360000,0.18270000,0.18310000,37137.00000000,BEAMUSDT
2022-11-06 16:30:00,0.18290000,0.18390000,0.18270000,0.18350000,113143.00000000,BEAMUSDT
2022-11-06 16:45:00,0.18350000,0.18380000,0.18240000,0.18240000,52122.00000000,BEAMUSDT
2022-11-06 17:00:00,0.18240000,0.18260000,0.18210000,0.18210000,14685.00000000,BEAMUSDT
2022-11-06 17:15:00,0.18220000,0.18280000,0.18210000,0.18280000,29624.00000000,BEAMUSDT
2022-11-06 17:30:00,0.18290000,0.18580000,0.18260000,0.18430000,115431.00000000,BEAMUSDT
2022-11-06 17:45:00,0.18370000,0.18370000,0.18210000,0.18240000,27057.00000000,BEAMUSDT
2022-11-06 18:00:00,0.18240000,0.18360000,0.18050000,0.18330000,112835.00000000,BEAMUSDT
2022-11-06 18:15:00,0.18330000,0.18390000,0.18220000,0.18220000,30017.00000000,BEAMUSDT
2022-11-06 18:30:00,0.18200000,0.18270000,0.18190000,0.18270000,23426.00000000,BEAMUSDT
2022-11-06 18:45:00,0.18270000,0.18270000,0.18140000,0.18200000,56865.00000000,BEAMUSDT
2022-11-06 19:00:00,0.18170000,0.18230000,0.18110000,0.18220000,8737.00000000,BEAMUSDT
2022-11-06 19:15:00,0.18170000,0.18210000,0.18110000,0.18170000,19234.00000000,BEAMUSDT
2022-11-06 19:30:00,0.18170000,0.18180000,0.18130000,0.18140000,17396.00000000,BEAMUSDT
2022-11-06 19:45:00,0.18150000,0.18200000,0.18130000,0.18160000,32114.00000000,BEAMUSDT
2022-11-06 20:00:00,0.18160000,0.18170000,0.18110000,0.18130000,26809.00000000,BEAMUSDT
2022-11-06 20:15:00,0.18110000,0.18160000,0.18110000,0.18140000,929.00000000,BEAMUSDT
2022-11-06 20:30:00,0.18160000,0.18200000,0.18120000,0.18180000,9426.00000000,BEAMUSDT
2022-11-06 20:45:00,0.18150000,0.18180000,0.17810000,0.17890000,292624.00000000,BEAMUSDT
2022-11-06 21:00:00,0.17920000,0.18090000,0.17890000,0.18090000,54975.00000000,BEAMUSDT
2022-11-06 21:15:00,0.18090000,0.18110000,0.18010000,0.18070000,17180.00000000,BEAMUSDT
2022-11-06 21:30:00,0.18070000,0.18090000,0.17960000,0.17960000,21002.00000000,BEAMUSDT
2022-11-06 21:45:00,0.17980000,0.18060000,0.17910000,0.17990000,56669.00000000,BEAMUSDT
2022-11-06 22:00:00,0.17950000,0.18010000,0.17920000,0.17920000,31622.00000000,BEAMUSDT
2022-11-06 22:15:00,0.17910000,0.17910000,0.17710000,0.17740000,40003.00000000,BEAMUSDT
2022-11-06 22:30:00,0.17740000,0.17750000,0.17680000,0.17750000,28922.00000000,BEAMUSDT
2022-11-06 22:45:00,0.17750000,0.17760000,0.17680000,0.17710000,12978.00000000,BEAMUSDT
2022-11-06 23:00:00,0.17720000,0.17730000,0.17570000,0.17580000,65116.00000000,BEAMUSDT
2022-11-06 23:15:00,0.17570000,0.17580000,0.17400000,0.17520000,42323.00000000,BEAMUSDT
2022-11-06 23:30:00,0.17460000,0.17480000,0.17350000,0.17380000,11291.00000000,BEAMUSDT
2022-11-06 23:45:00,0.17360000,0.17360000,0.17230000,0.17280000,49007.00000000,BEAMUSDT
2022-11-07 00:00:00,0.17280000,0.17460000,0.17280000,0.17460000,35888.00000000,BEAMUSDT
2022-11-07 00:15:00,0.17420000,0.17470000,0.17420000,0.17430000,4243.00000000,BEAMUSDT
2022-11-07 00:30:00,0.17430000,0.17440000,0.17430000,0.17440000,25178.00000000,BEAMUSDT
2022-11-07 00:45:00,0.17440000,0.17440000,0.17210000,0.17390000,74363.00000000,BEAMUSDT
2022-11-07 01:00:00,0.17390000,0.17410000,0.17390000,0.17390000,5192.00000000,BEAMUSDT
2022-11-07 01:15:00,0.17280000,0.17370000,0.17270000,0.17370000,15023.00000000,BEAMUSDT
2022-11-07 01:30:00,0.17350000,0.17570000,0.17310000,0.17530000,35321.00000000,BEAMUSDT
2022-11-07 01:45:00,0.17570000,0.17580000,0.17500000,0.17520000,9729.00000000,BEAMUSDT
2022-11-07 02:00:00,0.17510000,0.17630000,0.17460000,0.17600000,27140.00000000,BEAMUSDT
2022-11-07 02:15:00,0.17600000,0.17630000,0.17520000,0.17520000,25032.00000000,BEAMUSDT
2022-11-07 02:30:00,0.17560000,0.17570000,0.17340000,0.17490000,132289.00000000,BEAMUSDT
2022-11-07 02:45:00,0.17490000,0.17520000,0.17480000,0.17490000,5623.00000000,BEAMUSDT
2022-11-07 03:00:00,0.17480000,0.17500000,0.17220000,0.17350000,210728.00000000,BEAMUSDT
2022-11-07 03:15:00,0.17350000,0.17380000,0.17310000,0.17330000,23482.00000000,BEAMUSDT
2022-11-07 03:30:00,0.17350000,0.17350000,0.17310000,0.17330000,3146.00000000,BEAMUSDT
2022-11-07 03:45:00,0.17340000,0.17350000,0.17330000,0.17330000,29174.00000000,BEAMUSDT
2022-11-07 04:00:00,0.17330000,0.17350000,0.17310000,0.17350000,29521.00000000,BEAMUSDT
2022-11-07 04:15:00,0.17350000,0.17360000,0.17340000,0.17350000,6089.00000000,BEAMUSDT
2022-11-07 04:30:00,0.17350000,0.17350000,0.17310000,0.17350000,10927.00000000,BEAMUSDT
2022-11-07 04:45:00,0.17350000,0.17360000,0.17320000,0.17320000,600.00000000,BEAMUSDT
2022-11-07 05:00:00,0.17340000,0.17410000,0.17310000,0.17380000,55532.00000000,BEAMUSDT
2022-11-07 05:15:00,0.17390000,0.17390000,0.17320000,0.17360000,16810.00000000,BEAMUSDT
2022-11-07 05:30:00,0.17370000,0.17430000,0.17360000,0.17370000,13343.00000000,BEAMUSDT
2022-11-07 05:45:00,0.17410000,0.17410000,0.17340000,0.17340000,24933.00000000,BEAMUSDT
2022-11-07 06:00:00,0.17330000,0.17350000,0.17300000,0.17310000,15578.00000000,BEAMUSDT
2022-11-07 06:15:00,0.17310000,0.17310000,0.17260000,0.17260000,30356.00000000,BEAMUSDT
2022-11-07 06:30:00,0.17280000,0.17290000,0.17250000,0.17290000,31434.00000000,BEAMUSDT
2022-11-07 06:45:00,0.17290000,0.17290000,0.17260000,0.17280000,8030.00000000,BEAMUSDT
2022-11-07 07:00:00,0.17260000,0.17260000,0.17000000,0.17030000,118618.00000000,BEAMUSDT
2022-11-07 07:15:00,0.17040000,0.17080000,0.16890000,0.17010000,150595.00000000,BEAMUSDT
2022-11-07 07:30:00,0.17010000,0.17070000,0.16950000,0.16950000,27557.00000000,BEAMUSDT
2022-11-07 07:45:00,0.16950000,0.16950000,0.16800000,0.16810000,52408.00000000,BEAMUSDT
2022-11-07 08:00:00,0.16810000,0.16820000,0.16730000,0.16800000,160908.00000000,BEAMUSDT
2022-11-07 08:15:00,0.16780000,0.16940000,0.16780000,0.16920000,33570.00000000,BEAMUSDT
2022-11-07 08:30:00,0.16900000,0.17000000,0.16900000,0.16970000,12668.00000000,BEAMUSDT
2022-11-07 08:45:00,0.16970000,0.17000000,0.16940000,0.16960000,25249.00000000,BEAMUSDT
2022-11-07 09:00:00,0.16960000,0.17050000,0.16940000,0.17050000,25696.00000000,BEAMUSDT
2022-11-07 09:15:00,0.17050000,0.17120000,0.17020000,0.17090000,27062.00000000,BEAMUSDT
2022-11-07 09:30:00,0.17090000,0.17090000,0.17060000,0.17080000,14756.00000000,BEAMUSDT
2022-11-07 09:45:00,0.17090000,0.17150000,0.17000000,0.17000000,56638.00000000,BEAMUSDT
2022-11-07 10:00:00,0.17000000,0.17090000,0.16950000,0.17060000,40727.00000000,BEAMUSDT
2022-11-07 10:15:00,0.17070000,0.17100000,0.17040000,0.17090000,23615.00000000,BEAMUSDT
2022-11-07 10:30:00,0.17110000,0.17120000,0.17030000,0.17040000,23740.00000000,BEAMUSDT
2022-11-07 10:45:00,0.17060000,0.17060000,0.17010000,0.17010000,2162.00000000,BEAMUSDT
2022-11-07 11:00:00,0.17050000,0.17130000,0.17030000,0.17090000,37680.00000000,BEAMUSDT
2022-11-07 11:15:00,0.17090000,0.17110000,0.17090000,0.17090000,11228.00000000,BEAMUSDT
2022-11-07 11:30:00,0.17090000,0.17090000,0.17020000,0.17050000,17176.00000000,BEAMUSDT
2022-11-07 11:45:00,0.17030000,0.17030000,0.17010000,0.17010000,6214.00000000,BEAMUSDT
2022-11-07 12:00:00,0.17030000,0.17100000,0.17030000,0.17100000,3911.00000000,BEAMUSDT
2022-11-07 12:15:00,0.17100000,0.17100000,0.17030000,0.17030000,7343.00000000,BEAMUSDT
2022-11-07 12:30:00,0.17040000,0.17040000,0.16860000,0.16940000,84505.00000000,BEAMUSDT
2022-11-07 12:45:00,0.16900000,0.17010000,0.16890000,0.17010000,10639.00000000,BEAMUSDT
2022-11-07 13:00:00,0.16980000,0.17010000,0.16950000,0.17010000,21511.00000000,BEAMUSDT
2022-11-07 13:15:00,0.17010000,0.17010000,0.16890000,0.16930000,22670.00000000,BEAMUSDT
2022-11-07 13:30:00,0.16930000,0.16950000,0.16870000,0.16950000,15185.00000000,BEAMUSDT
2022-11-07 13:45:00,0.16900000,0.16930000,0.16870000,0.16910000,12964.00000000,BEAMUSDT
2022-11-07 14:00:00,0.16910000,0.17020000,0.16880000,0.16920000,44818.00000000,BEAMUSDT
2022-11-07 14:15:00,0.16890000,0.16990000,0.16890000,0.16940000,25236.00000000,BEAMUSDT
2022-11-07 14:30:00,0.16940000,0.16950000,0.16870000,0.16880000,10412.00000000,BEAMUSDT
2022-11-07 14:45:00,0.16880000,0.16890000,0.16710000,0.16780000,80548.00000000,BEAMUSDT
2022-11-07 15:00:00,0.16760000,0.16910000,0.16720000,0.16890000,35735.00000000,BEAMUSDT
2022-11-07 15:15:00,0.16890000,0.16950000,0.16890000,0.16950000,7363.00000000,BEAMUSDT
2022-11-07 15:30:00,0.16940000,0.17030000,0.16910000,0.17030000,87447.00000000,BEAMUSDT
2022-11-07 15:45:00,0.17030000,0.17140000,0.17000000,0.17110000,23621.00000000,BEAMUSDT
2022-11-07 16:00:00,0.17110000,0.17150000,0.16930000,0.17060000,137216.00000000,BEAMUSDT
2022-11-07 16:15:00,0.17020000,0.17100000,0.17010000,0.17080000,7134.00000000,BEAMUSDT
2022-11-07 16:30:00,0.17090000,0.17100000,0.17030000,0.17030000,9342.00000000,BEAMUSDT
2022-11-07 16:45:00,0.16990000,0.17000000,0.16880000,0.16880000,18772.00000000,BEAMUSDT
2022-11-07 17:00:00,0.16880000,0.16910000,0.16880000,0.16880000,6858.00000000,BEAMUSDT
2022-11-07 17:15:00,0.16880000,0.16960000,0.16880000,0.16910000,10418.00000000,BEAMUSDT
2022-11-07 17:30:00,0.16920000,0.16990000,0.16840000,0.16940000,61677.00000000,BEAMUSDT
2022-11-07 17:45:00,0.16940000,0.17070000,0.16870000,0.16960000,40605.00000000,BEAMUSDT
2022-11-07 18:00:00,0.16950000,0.17000000,0.16860000,0.16940000,69937.00000000,BEAMUSDT
2022-11-07 18:15:00,0.16940000,0.17030000,0.16940000,0.16950000,12175.00000000,BEAMUSDT
2022-11-07 18:30:00,0.16970000,0.17040000,0.16930000,0.16930000,24721.00000000,BEAMUSDT
2022-11-07 18:45:00,0.16940000,0.17080000,0.16900000,0.16950000,30296.00000000,BEAMUSDT
2022-11-07 19:00:00,0.16950000,0.17050000,0.16940000,0.17010000,15256.00000000,BEAMUSDT
2022-11-07 19:15:00,0.17030000,0.17090000,0.17000000,0.17030000,9366.00000000,BEAMUSDT
2022-11-07 19:30:00,0.17050000,0.17130000,0.17030000,0.17070000,19555.00000000,BEAMUSDT
2022-11-07 19:45:00,0.17070000,0.17110000,0.17030000,0.17040000,38948.00000000,BEAMUSDT
2022-11-07 20:00:00,0.17080000,0.17110000,0.16990000,0.17010000,50583.00000000,BEAMUSDT
2022-11-07 20:15:00,0.17010000,0.17050000,0.16990000,0.17010000,6969.00000000,BEAMUSDT
2022-11-07 20:30:00,0.17030000,0.17040000,0.16990000,0.16990000,5100.00000000,BEAMUSDT
2022-11-07 20:45:00,0.16990000,0.17130000,0.16980000,0.16980000,24495.00000000,BEAMUSDT
2022-11-07 21:00:00,0.17020000,0.17020000,0.16980000,0.16980000,2431.00000000,BEAMUSDT
2022-11-07 21:15:00,0.16980000,0.17020000,0.16970000,0.16970000,1402.00000000,BEAMUSDT
2022-11-07 21:30:00,0.16970000,0.17070000,0.16960000,0.16960000,30156.00000000,BEAMUSDT
2022-11-07 21:45:00,0.16960000,0.16990000,0.16960000,0.16960000,2501.00000000,BEAMUSDT
2022-11-07 22:00:00,0.16960000,0.16960000,0.16900000,0.16900000,9087.00000000,BEAMUSDT
2022-11-07 22:15:00,0.16900000,0.16920000,0.16680000,0.16690000,29353.00000000,BEAMUSDT
2022-11-07 22:30:00,0.16690000,0.16710000,0.16660000,0.16670000,23486.00000000,BEAMUSDT
2022-11-07 22:45:00,0.16670000,0.16730000,0.16670000,0.16710000,1822.00000000,BEAMUSDT
2022-11-07 23:00:00,0.16710000,0.16750000,0.16690000,0.16720000,11176.00000000,BEAMUSDT
2022-11-07 23:15:00,0.16720000,0.16820000,0.16710000,0.16770000,2915.00000000,BEAMUSDT
2022-11-07 23:30:00,0.16780000,0.16980000,0.16760000,0.16850000,76028.00000000,BEAMUSDT
2022-11-07 23:45:00,0.16850000,0.16990000,0.16850000,0.16920000,44104.00000000,BEAMUSDT
2022-11-08 00:00:00,0.16920000,0.16920000,0.16820000,0.16920000,26513.00000000,BEAMUSDT
2022-11-08 00:15:00,0.16890000,0.16970000,0.16790000,0.16810000,6985.00000000,BEAMUSDT
2022-11-08 00:30:00,0.16800000,0.16900000,0.16800000,0.16820000,3732.00000000,BEAMUSDT
2022-11-08 00:45:00,0.16820000,0.16850000,0.16730000,0.16730000,7019.00000000,BEAMUSDT
2022-11-08 01:00:00,0.16750000,0.16850000,0.16720000,0.16790000,12801.00000000,BEAMUSDT
2022-11-08 01:15:00,0.16790000,0.16920000,0.16790000,0.16850000,12124.00000000,BEAMUSDT
2022-11-08 01:30:00,0.16840000,0.16840000,0.16760000,0.16770000,2718.00000000,BEAMUSDT
2022-11-08 01:45:00,0.16760000,0.16910000,0.16760000,0.16850000,55282.00000000,BEAMUSDT
2022-11-08 02:00:00,0.16850000,0.16890000,0.16840000,0.16850000,2522.00000000,BEAMUSDT
2022-11-08 02:15:00,0.16850000,0.16890000,0.16840000,0.16870000,2556.00000000,BEAMUSDT
2022-11-08 02:30:00,0.16870000,0.16870000,0.16840000,0.16850000,3232.00000000,BEAMUSDT
2022-11-08 02:45:00,0.16840000,0.16850000,0.16690000,0.16690000,35933.00000000,BEAMUSDT
2022-11-08 03:00:00,0.16690000,0.16700000,0.16690000,0.16700000,12187.00000000,BEAMUSDT
2022-11-08 03:15:00,0.16700000,0.16770000,0.16350000,0.16370000,289256.00000000,BEAMUSDT
2022-11-08 03:30:00,0.16390000,0.16420000,0.16210000,0.16210000,89251.00000000,BEAMUSDT
2022-11-08 03:45:00,0.16210000,0.16270000,0.16000000,0.16010000,185128.00000000,BEAMUSDT
2022-11-08 04:00:00,0.16000000,0.16170000,0.15890000,0.15900000,97105.00000000,BEAMUSDT
2022-11-08 04:15:00,0.15900000,0.16140000,0.15810000,0.16140000,117886.00000000,BEAMUSDT
2022-11-08 04:30:00,0.16120000,0.16180000,0.15970000,0.15990000,58689.00000000,BEAMUSDT
2022-11-08 04:45:00,0.15970000,0.15970000,0.15800000,0.15860000,93130.00000000,BEAMUSDT
2022-11-08 05:00:00,0.15850000,0.15920000,0.15700000,0.15720000,83116.00000000,BEAMUSDT
2022-11-08 05:15:00,0.15720000,0.15760000,0.15570000,0.15690000,94956.00000000,BEAMUSDT
2022-11-08 05:30:00,0.15690000,0.15930000,0.15690000,0.15890000,72101.00000000,BEAMUSDT
2022-11-08 05:45:00,0.15810000,0.15850000,0.15810000,0.15810000,29704.00000000,BEAMUSDT
2022-11-08 06:00:00,0.15800000,0.15810000,0.15740000,0.15800000,19555.00000000,BEAMUSDT
2022-11-08 06:15:00,0.15800000,0.15940000,0.15750000,0.15870000,45273.00000000,BEAMUSDT
2022-11-08 06:30:00,0.15900000,0.15950000,0.15900000,0.15950000,10058.00000000,BEAMUSDT
2022-11-08 06:45:00,0.15950000,0.15950000,0.15930000,0.15930000,14111.00000000,BEAMUSDT
2022-11-08 07:00:00,0.15930000,0.15940000,0.15820000,0.15820000,63185.00000000,BEAMUSDT
2022-11-08 07:15:00,0.15830000,0.15900000,0.15820000,0.15870000,22392.00000000,BEAMUSDT
2022-11-08 07:30:00,0.15840000,0.16040000,0.15820000,0.16040000,20092.00000000,BEAMUSDT
2022-11-08 07:45:00,0.16000000,0.16040000,0.15970000,0.15970000,3957.00000000,BEAMUSDT
2022-11-08 08:00:00,0.15980000,0.15990000,0.15940000,0.15940000,8353.00000000,BEAMUSDT
2022-11-08 08:15:00,0.15940000,0.15940000,0.15790000,0.15890000,44149.00000000,BEAMUSDT
2022-11-08 08:30:00,0.15880000,0.15880000,0.15800000,0.15860000,41649.00000000,BEAMUSDT
2022-11-08 08:45:00,0.15910000,0.15910000,0.15860000,0.15900000,15197.00000000,BEAMUSDT
2022-11-08 09:00:00,0.15900000,0.16050000,0.15900000,0.16000000,46823.00000000,BEAMUSDT
2022-11-08 09:15:00,0.16000000,0.16110000,0.15920000,0.16010000,16785.00000000,BEAMUSDT
2022-11-08 09:30:00,0.16010000,0.16050000,0.15870000,0.16020000,56380.00000000,BEAMUSDT
2022-11-08 09:45:00,0.16040000,0.16070000,0.15980000,0.16030000,19857.00000000,BEAMUSDT
2022-11-08 10:00:00,0.16080000,0.16080000,0.15940000,0.15970000,5558.00000000,BEAMUSDT
2022-11-08 10:15:00,0.15970000,0.15990000,0.15900000,0.15900000,14249.00000000,BEAMUSDT
2022-11-08 10:30:00,0.15880000,0.15930000,0.15840000,0.15900000,11463.00000000,BEAMUSDT
2022-11-08 10:45:00,0.15880000,0.15900000,0.15710000,0.15780000,64280.00000000,BEAMUSDT
2022-11-08 11:00:00,0.15790000,0.15800000,0.15730000,0.15800000,3909.00000000,BEAMUSDT
2022-11-08 11:15:00,0.15850000,0.15880000,0.15840000,0.15880000,7917.00000000,BEAMUSDT
2022-11-08 11:30:00,0.15880000,0.15880000,0.15860000,0.15860000,10132.00000000,BEAMUSDT
2022-11-08 11:45:00,0.15840000,0.15860000,0.15840000,0.15850000,6066.00000000,BEAMUSDT
2022-11-08 12:00:00,0.15870000,0.15960000,0.15850000,0.15960000,25539.00000000,BEAMUSDT
2022-11-08 12:15:00,0.15960000,0.15960000,0.15870000,0.15870000,7337.00000000,BEAMUSDT
2022-11-08 12:30:00,0.15860000,0.15860000,0.15780000,0.15790000,42259.00000000,BEAMUSDT
2022-11-08 12:45:00,0.15800000,0.15980000,0.15800000,0.15960000,40039.00000000,BEAMUSDT
2022-11-08 13:00:00,0.15980000,0.16150000,0.15970000,0.16040000,47243.00000000,BEAMUSDT
2022-11-08 13:15:00,0.16060000,0.16060000,0.15860000,0.15970000,30152.00000000,BEAMUSDT
2022-11-08 13:30:00,0.15960000,0.15990000,0.15930000,0.15940000,9116.00000000,BEAMUSDT
2022-11-08 13:45:00,0.15940000,0.16180000,0.15940000,0.16020000,92679.00000000,BEAMUSDT
2022-11-08 14:00:00,0.16020000,0.16080000,0.15940000,0.16000000,48870.00000000,BEAMUSDT
2022-11-08 14:15:00,0.15980000,0.15980000,0.15940000,0.15940000,2775.00000000,BEAMUSDT
2022-11-08 14:30:00,0.15940000,0.15970000,0.15720000,0.15720000,62535.00000000,BEAMUSDT
2022-11-08 14:45:00,0.15790000,0.15890000,0.15730000,0.15830000,16161.00000000,BEAMUSDT
2022-11-08 15:00:00,0.15800000,0.15860000,0.15790000,0.15860000,3755.00000000,BEAMUSDT
2022-11-08 15:15:00,0.15840000,0.15840000,0.15620000,0.15650000,14080.00000000,BEAMUSDT
2022-11-08 15:30:00,0.15650000,0.15810000,0.15650000,0.15680000,17204.00000000,BEAMUSDT
2022-11-08 15:45:00,0.15690000,0.15870000,0.15690000,0.15830000,25960.00000000,BEAMUSDT
2022-11-08 16:00:00,0.15830000,0.16410000,0.15830000,0.16390000,130091.00000000,BEAMUSDT
2022-11-08 16:15:00,0.16390000,0.16400000,0.16260000,0.16390000,40659.00000000,BEAMUSDT
2022-11-08 16:30:00,0.16400000,0.16660000,0.16390000,0.16490000,156161.00000000,BEAMUSDT
2022-11-08 16:45:00,0.16470000,0.16510000,0.16220000,0.16250000,66642.00000000,BEAMUSDT
2022-11-08 17:00:00,0.16270000,0.16300000,0.15990000,0.16000000,41946.00000000,BEAMUSDT
2022-11-08 17:15:00,0.16000000,0.16060000,0.15810000,0.15860000,91837.00000000,BEAMUSDT
2022-11-08 17:30:00,0.15860000,0.16060000,0.15860000,0.15920000,57838.00000000,BEAMUSDT
2022-11-08 17:45:00,0.15910000,0.15940000,0.15460000,0.15550000,142611.00000000,BEAMUSDT
2022-11-08 18:00:00,0.15560000,0.15600000,0.15010000,0.15220000,251267.00000000,BEAMUSDT
2022-11-08 18:15:00,0.15190000,0.15190000,0.14600000,0.14880000,305028.00000000,BEAMUSDT
2022-11-08 18:30:00,0.14880000,0.14960000,0.14640000,0.14810000,126746.00000000,BEAMUSDT
2022-11-08 18:45:00,0.14810000,0.14920000,0.14800000,0.14880000,82899.00000000,BEAMUSDT
2022-11-08 19:00:00,0.14880000,0.14900000,0.14660000,0.14730000,43666.00000000,BEAMUSDT
2022-11-08 19:15:00,0.14660000,0.14740000,0.14000000,0.14000000,217107.00000000,BEAMUSDT
2022-11-08 19:30:00,0.13990000,0.14250000,0.13110000,0.14210000,802185.00000000,BEAMUSDT
2022-11-08 19:45:00,0.14230000,0.14590000,0.14200000,0.14290000,425898.00000000,BEAMUSDT
2022-11-08 20:00:00,0.14280000,0.14520000,0.13830000,0.13990000,252009.00000000,BEAMUSDT
2022-11-08 20:15:00,0.14000000,0.14110000,0.13830000,0.13910000,123051.00000000,BEAMUSDT
2022-11-08 20:30:00,0.13960000,0.14170000,0.13960000,0.14170000,41080.00000000,BEAMUSDT
2022-11-08 20:45:00,0.14150000,0.14280000,0.14100000,0.14110000,39828.00000000,BEAMUSDT
2022-11-08 21:00:00,0.14110000,0.14250000,0.14040000,0.14250000,47720.00000000,BEAMUSDT
2022-11-08 21:15:00,0.14220000,0.14220000,0.14020000,0.14150000,75835.00000000,BEAMUSDT
2022-11-08 21:30:00,0.14120000,0.14450000,0.14120000,0.14400000,44471.00000000,BEAMUSDT
2022-11-08 21:45:00,0.14400000,0.14460000,0.14270000,0.14270000,80300.00000000,BEAMUSDT
2022-11-08 22:00:00,0.14340000,0.14340000,0.14100000,0.14150000,34414.00000000,BEAMUSDT
2022-11-08 22:15:00,0.14120000,0.14290000,0.14110000,0.14210000,12032.00000000,BEAMUSDT
2022-11-08 22:30:00,0.14170000,0.14190000,0.14110000,0.14110000,10976.00000000,BEAMUSDT
2022-11-08 22:45:00,0.14110000,0.14150000,0.14010000,0.14120000,13190.00000000,BEAMUSDT
2022-11-08 23:00:00,0.14050000,0.14170000,0.14050000,0.14150000,3906.00000000,BEAMUSDT
2022-11-08 23:15:00,0.14150000,0.14150000,0.14030000,0.14150000,19187.00000000,BEAMUSDT
2022-11-08 23:30:00,0.14110000,0.14420000,0.14040000,0.14420000,29444.00000000,BEAMUSDT
2022-11-08 23:45:00,0.14420000,0.14440000,0.14270000,0.14310000,17687.00000000,BEAMUSDT
2022-11-09 00:00:00,0.14300000,0.14300000,0.13990000,0.14060000,91575.00000000,BEAMUSDT
2022-11-09 00:15:00,0.14060000,0.14260000,0.14060000,0.14250000,22876.00000000,BEAMUSDT
2022-11-09 00:30:00,0.14250000,0.14310000,0.14180000,0.14220000,37898.00000000,BEAMUSDT
2022-11-09 00:45:00,0.14220000,0.14220000,0.14030000,0.14030000,27075.00000000,BEAMUSDT
2022-11-09 01:00:00,0.14030000,0.14160000,0.14030000,0.14070000,9852.00000000,BEAMUSDT
2022-11-09 01:15:00,0.14080000,0.14170000,0.14060000,0.14090000,12678.00000000,BEAMUSDT
2022-11-09 01:30:00,0.14040000,0.14160000,0.14010000,0.14040000,25605.00000000,BEAMUSDT
2022-11-09 01:45:00,0.14070000,0.14100000,0.14000000,0.14000000,11608.00000000,BEAMUSDT
2022-11-09 02:00:00,0.13970000,0.13990000,0.13890000,0.13950000,55604.00000000,BEAMUSDT
2022-11-09 02:15:00,0.13900000,0.14020000,0.13880000,0.13970000,43691.00000000,BEAMUSDT
2022-11-09 02:30:00,0.13950000,0.13950000,0.13800000,0.13810000,32287.00000000,BEAMUSDT
2022-11-09 02:45:00,0.13800000,0.13840000,0.13800000,0.13800000,13965.00000000,BEAMUSDT
2022-11-09 03:00:00,0.13800000,0.13800000,0.13610000,0.13640000,28910.00000000,BEAMUSDT
2022-11-09 03:15:00,0.13600000,0.13720000,0.13530000,0.13600000,92511.00000000,BEAMUSDT
2022-11-09 03:30:00,0.13600000,0.13600000,0.13470000,0.13470000,54291.00000000,BEAMUSDT
2022-11-09 03:45:00,0.13530000,0.13710000,0.13510000,0.13680000,117779.00000000,BEAMUSDT
2022-11-09 04:00:00,0.13670000,0.13710000,0.13620000,0.13630000,18532.00000000,BEAMUSDT
2022-11-09 04:15:00,0.13650000,0.13770000,0.13560000,0.13770000,36627.00000000,BEAMUSDT
2022-11-09 04:30:00,0.13740000,0.13790000,0.13650000,0.13650000,25578.00000000,BEAMUSDT
2022-11-09 04:45:00,0.13650000,0.13660000,0.13610000,0.13610000,14155.00000000,BEAMUSDT
2022-11-09 05:00:00,0.13630000,0.13630000,0.13420000,0.13470000,53782.00000000,BEAMUSDT
2022-11-09 05:15:00,0.13470000,0.13710000,0.13460000,0.13710000,14932.00000000,BEAMUSDT
2022-11-09 05:30:00,0.13690000,0.13730000,0.13680000,0.13730000,4861.00000000,BEAMUSDT
2022-11-09 05:45:00,0.13760000,0.13850000,0.13630000,0.13640000,46780.00000000,BEAMUSDT
2022-11-09 06:00:00,0.13630000,0.13740000,0.13610000,0.13730000,30498.00000000,BEAMUSDT
2022-11-09 06:15:00,0.13730000,0.13830000,0.13650000,0.13770000,71958.00000000,BEAMUSDT
2022-11-09 06:30:00,0.13770000,0.13810000,0.13730000,0.13790000,8756.00000000,BEAMUSDT
2022-11-09 06:45:00,0.13770000,0.13770000,0.13630000,0.13640000,88314.00000000,BEAMUSDT
2022-11-09 07:00:00,0.13610000,0.13670000,0.13610000,0.13660000,3070.00000000,BEAMUSDT
2022-11-09 07:15:00,0.13660000,0.13700000,0.13610000,0.13700000,10386.00000000,BEAMUSDT
2022-11-09 07:30:00,0.13710000,0.13710000,0.13580000,0.13580000,19823.00000000,BEAMUSDT
2022-11-09 07:45:00,0.13610000,0.13620000,0.13320000,0.13410000,85855.00000000,BEAMUSDT
2022-11-09 08:00:00,0.13390000,0.13390000,0.13230000,0.13250000,73815.00000000,BEAMUSDT
2022-11-09 08:15:00,0.13220000,0.13300000,0.13030000,0.13070000,184619.00000000,BEAMUSDT
2022-11-09 08:30:00,0.13070000,0.13260000,0.13000000,0.13260000,92967.00000000,BEAMUSDT
2022-11-09 08:45:00,0.13250000,0.13270000,0.13010000,0.13080000,16486.00000000,BEAMUSDT
2022-11-09 09:00:00,0.13050000,0.13080000,0.12730000,0.12820000,113489.00000000,BEAMUSDT
2022-11-09 09:15:00,0.12820000,0.12910000,0.12540000,0.12750000,147674.00000000,BEAMUSDT
2022-11-09 09:30:00,0.12730000,0.12840000,0.12570000,0.12620000,240947.00000000,BEAMUSDT
2022-11-09 09:45:00,0.12620000,0.12720000,0.12430000,0.12670000,209075.00000000,BEAMUSDT
2022-11-09 10:00:00,0.12680000,0.12790000,0.12420000,0.12420000,117609.00000000,BEAMUSDT
2022-11-09 10:15:00,0.12420000,0.12470000,0.12250000,0.12360000,81174.00000000,BEAMUSDT
2022-11-09 10:30:00,0.12400000,0.12710000,0.12210000,0.12540000,245898.00000000,BEAMUSDT
2022-11-09 10:45:00,0.12540000,0.12630000,0.12470000,0.12620000,72585.00000000,BEAMUSDT
2022-11-09 11:00:00,0.12610000,0.12610000,0.12450000,0.12490000,80001.00000000,BEAMUSDT
2022-11-09 11:15:00,0.12490000,0.12640000,0.12120000,0.12500000,275472.00000000,BEAMUSDT
2022-11-09 11:30:00,0.12500000,0.12500000,0.12340000,0.12370000,96064.00000000,BEAMUSDT
2022-11-09 11:45:00,0.12420000,0.12590000,0.12350000,0.12550000,108733.00000000,BEAMUSDT
2022-11-09 12:00:00,0.12570000,0.12950000,0.12560000,0.12930000,170442.00000000,BEAMUSDT
2022-11-09 12:15:00,0.12950000,0.13030000,0.12780000,0.12780000,128838.00000000,BEAMUSDT
2022-11-09 12:30:00,0.12800000,0.12900000,0.12800000,0.12900000,55867.00000000,BEAMUSDT
2022-11-09 12:45:00,0.12920000,0.12990000,0.12670000,0.12700000,61713.00000000,BEAMUSDT
2022-11-09 13:00:00,0.12730000,0.12810000,0.12470000,0.12680000,93214.00000000,BEAMUSDT
2022-11-09 13:15:00,0.12710000,0.12720000,0.12580000,0.12580000,44350.00000000,BEAMUSDT
2022-11-09 13:30:00,0.12610000,0.12670000,0.12540000,0.12640000,6821.00000000,BEAMUSDT
2022-11-09 13:45:00,0.12700000,0.12730000,0.12650000,0.12670000,42837.00000000,BEAMUSDT
2022-11-09 14:00:00,0.12680000,0.12780000,0.12650000,0.12740000,40787.00000000,BEAMUSDT
2022-11-09 14:15:00,0.12670000,0.12700000,0.12530000,0.12600000,23308.00000000,BEAMUSDT
2022-11-09 14:30:00,0.12540000,0.12730000,0.12460000,0.12700000,27519.00000000,BEAMUSDT
2022-11-09 14:45:00,0.12710000,0.12850000,0.12700000,0.12760000,14424.00000000,BEAMUSDT
2022-11-09 15:00:00,0.12760000,0.12870000,0.12700000,0.12840000,25960.00000000,BEAMUSDT
2022-11-09 15:15:00,0.12840000,0.12860000,0.12780000,0.12820000,38438.00000000,BEAMUSDT
2022-11-09 15:30:00,0.12830000,0.12850000,0.12410000,0.12440000,82765.00000000,BEAMUSDT
2022-11-09 15:45:00,0.12420000,0.12520000,0.12250000,0.12360000,109245.00000000,BEAMUSDT
2022-11-09 16:00:00,0.12360000,0.12530000,0.12350000,0.12360000,111691.00000000,BEAMUSDT
2022-11-09 16:15:00,0.12360000,0.12410000,0.12110000,0.12130000,60604.00000000,BEAMUSDT
2022-11-09 16:30:00,0.12160000,0.12380000,0.12140000,0.12380000,32819.00000000,BEAMUSDT
2022-11-09 16:45:00,0.12380000,0.12490000,0.12300000,0.12310000,47771.00000000,BEAMUSDT
2022-11-09 17:00:00,0.12330000,0.12330000,0.12240000,0.12300000,11174.00000000,BEAMUSDT
2022-11-09 17:15:00,0.12310000,0.12350000,0.12090000,0.12090000,26397.00000000,BEAMUSDT
2022-11-09 17:30:00,0.12080000,0.12160000,0.12070000,0.12160000,32976.00000000,BEAMUSDT
2022-11-09 17:45:00,0.12160000,0.12170000,0.12110000,0.12110000,5767.00000000,BEAMUSDT
2022-11-09 18:00:00,0.12070000,0.12070000,0.11650000,0.11760000,174366.00000000,BEAMUSDT
2022-11-09 18:15:00,0.11780000,0.11960000,0.11750000,0.11760000,131791.00000000,BEAMUSDT
2022-11-09 18:30:00,0.11750000,0.11750000,0.11650000,0.11660000,61246.00000000,BEAMUSDT
2022-11-09 18:45:00,0.11650000,0.11840000,0.11650000,0.11700000,48676.00000000,BEAMUSDT
2022-11-09 19:00:00,0.11730000,0.12010000,0.11700000,0.11870000,50911.00000000,BEAMUSDT
2022-11-09 19:15:00,0.11890000,0.12060000,0.11890000,0.12060000,17297.00000000,BEAMUSDT
2022-11-09 19:30:00,0.12080000,0.12220000,0.12030000,0.12180000,20967.00000000,BEAMUSDT
2022-11-09 19:45:00,0.12180000,0.12180000,0.12030000,0.12030000,15874.00000000,BEAMUSDT
2022-11-09 20:00:00,0.12040000,0.12070000,0.11970000,0.12030000,35159.00000000,BEAMUSDT
2022-11-09 20:15:00,0.11990000,0.12070000,0.11970000,0.12000000,16495.00000000,BEAMUSDT
2022-11-09 20:30:00,0.12040000,0.12100000,0.11760000,0.11760000,42817.00000000,BEAMUSDT
2022-11-09 20:45:00,0.11740000,0.11830000,0.11660000,0.11730000,69965.00000000,BEAMUSDT
2022-11-09 21:00:00,0.11720000,0.11720000,0.11500000,0.11530000,76704.00000000,BEAMUSDT
2022-11-09 21:15:00,0.11500000,0.11530000,0.11000000,0.11030000,297410.00000000,BEAMUSDT
2022-11-09 21:30:00,0.11030000,0.11190000,0.10900000,0.10900000,96048.00000000,BEAMUSDT
2022-11-09 21:45:00,0.10930000,0.11000000,0.10100000,0.10280000,799810.00000000,BEAMUSDT
2022-11-09 22:00:00,0.10280000,0.10400000,0.10280000,0.10390000,192362.00000000,BEAMUSDT
2022-11-09 22:15:00,0.10400000,0.10600000,0.10390000,0.10600000,424940.00000000,BEAMUSDT
2022-11-09 22:30:00,0.10620000,0.10720000,0.10420000,0.10460000,151641.00000000,BEAMUSDT
2022-11-09 22:45:00,0.10500000,0.10640000,0.10500000,0.10560000,47065.00000000,BEAMUSDT
2022-11-09 23:00:00,0.10560000,0.10640000,0.10400000,0.10610000,54259.00000000,BEAMUSDT
2022-11-09 23:15:00,0.10580000,0.10580000,0.10470000,0.10480000,27466.00000000,BEAMUSDT
2022-11-09 23:30:00,0.10490000,0.10590000,0.10430000,0.10560000,43042.00000000,BEAMUSDT
2022-11-09 23:45:00,0.10570000,0.10640000,0.10570000,0.10640000,22638.00000000,BEAMUSDT
2022-11-10 00:00:00,0.10650000,0.10840000,0.10600000,0.10820000,37900.00000000,BEAMUSDT
2022-11-10 00:15:00,0.10830000,0.10890000,0.10710000,0.10890000,80749.00000000,BEAMUSDT
2022-11-10 00:30:00,0.10880000,0.10900000,0.10810000,0.10860000,72045.00000000,BEAMUSDT
2022-11-10 00:45:00,0.10850000,0.11040000,0.10840000,0.11020000,71984.00000000,BEAMUSDT
2022-11-10 01:00:00,0.11040000,0.11130000,0.11020000,0.11070000,25888.00000000,BEAMUSDT
2022-11-10 01:15:00,0.11050000,0.11050000,0.10950000,0.10970000,14789.00000000,BEAMUSDT
2022-11-10 01:30:00,0.10940000,0.11100000,0.10940000,0.11080000,152316.00000000,BEAMUSDT
2022-11-10 01:45:00,0.11070000,0.11090000,0.11020000,0.11030000,16703.00000000,BEAMUSDT
2022-11-10 02:00:00,0.11040000,0.11040000,0.10960000,0.11000000,14685.00000000,BEAMUSDT
2022-11-10 02:15:00,0.11000000,0.11070000,0.10980000,0.11060000,10291.00000000,BEAMUSDT
2022-11-10 02:30:00,0.11060000,0.11120000,0.11060000,0.11120000,23597.00000000,BEAMUSDT
2022-11-10 02:45:00,0.11110000,0.11110000,0.11040000,0.11100000,8141.00000000,BEAMUSDT
2022-11-10 03:00:00,0.11130000,0.11320000,0.11130000,0.11290000,39365.00000000,BEAMUSDT
2022-11-10 03:15:00,0.11310000,0.11390000,0.11310000,0.11370000,25970.00000000,BEAMUSDT
2022-11-10 03:30:00,0.11350000,0.11480000,0.11320000,0.11470000,68399.00000000,BEAMUSDT
2022-11-10 03:45:00,0.11510000,0.11510000,0.11400000,0.11400000,27954.00000000,BEAMUSDT
2022-11-10 04:00:00,0.11430000,0.11430000,0.11340000,0.11340000,42400.00000000,BEAMUSDT
2022-11-10 04:15:00,0.11340000,0.11500000,0.11340000,0.11450000,34714.00000000,BEAMUSDT
2022-11-10 04:30:00,0.11430000,0.11460000,0.11370000,0.11370000,64054.00000000,BEAMUSDT
2022-11-10 04:45:00,0.11410000,0.11470000,0.11410000,0.11460000,36523.00000000,BEAMUSDT
2022-11-10 05:00:00,0.11510000,0.11630000,0.11510000,0.11630000,32200.00000000,BEAMUSDT
2022-11-10 05:15:00,0.11630000,0.11630000,0.11560000,0.11570000,9797.00000000,BEAMUSDT
2022-11-10 05:30:00,0.11570000,0.11660000,0.11570000,0.11600000,36866.00000000,BEAMUSDT
2022-11-10 05:45:00,0.11570000,0.11710000,0.11570000,0.11710000,13493.00000000,BEAMUSDT
2022-11-10 06:00:00,0.11680000,0.11720000,0.11680000,0.11700000,11731.00000000,BEAMUSDT
2022-11-10 06:15:00,0.11700000,0.11800000,0.11660000,0.11800000,24173.00000000,BEAMUSDT
2022-11-10 06:30:00,0.11790000,0.11830000,0.11760000,0.11780000,36098.00000000,BEAMUSDT
2022-11-10 06:45:00,0.11730000,0.11770000,0.11680000,0.11680000,54785.00000000,BEAMUSDT
2022-11-10 07:00:00,0.11720000,0.11760000,0.11700000,0.11720000,59255.00000000,BEAMUSDT
2022-11-10 07:15:00,0.11750000,0.11820000,0.11720000,0.11740000,24748.00000000,BEAMUSDT
2022-11-10 07:30:00,0.11790000,0.11880000,0.11770000,0.11790000,50032.00000000,BEAMUSDT
2022-11-10 07:45:00,0.11780000,0.11810000,0.11700000,0.11770000,13184.00000000,BEAMUSDT
2022-11-10 08:00:00,0.11740000,0.11770000,0.11650000,0.11650000,19367.00000000,BEAMUSDT
2022-11-10 08:15:00,0.11640000,0.11640000,0.11550000,0.11550000,38796.00000000,BEAMUSDT
2022-11-10 08:30:00,0.11570000,0.11740000,0.11540000,0.11680000,47339.00000000,BEAMUSDT
2022-11-10 08:45:00,0.11660000,0.11860000,0.11650000,0.11850000,184432.00000000,BEAMUSDT
2022-11-10 09:00:00,0.11850000,0.11970000,0.11800000,0.11880000,90454.00000000,BEAMUSDT
2022-11-10 09:15:00,0.11880000,0.11920000,0.11880000,0.11890000,11064.00000000,BEAMUSDT
2022-11-10 09:30:00,0.11870000,0.11870000,0.11770000,0.11850000,31326.00000000,BEAMUSDT
2022-11-10 09:45:00,0.11830000,0.11870000,0.11830000,0.11870000,17661.00000000,BEAMUSDT
2022-11-10 10:00:00,0.11850000,0.11870000,0.11790000,0.11790000,44810.00000000,BEAMUSDT
2022-11-10 10:15:00,0.11750000,0.11780000,0.11720000,0.11750000,7859.00000000,BEAMUSDT
2022-11-10 10:30:00,0.11720000,0.11760000,0.11670000,0.11680000,2904.00000000,BEAMUSDT
2022-11-10 10:45:00,0.11680000,0.11700000,0.11620000,0.11650000,10373.00000000,BEAMUSDT
2022-11-10 11:00:00,0.11650000,0.11670000,0.11560000,0.11590000,19253.00000000,BEAMUSDT
2022-11-10 11:15:00,0.11610000,0.11680000,0.11550000,0.11670000,11050.00000000,BEAMUSDT
2022-11-10 11:30:00,0.11680000,0.11800000,0.11680000,0.11770000,54309.00000000,BEAMUSDT
2022-11-10 11:45:00,0.11760000,0.11820000,0.11750000,0.11780000,8268.00000000,BEAMUSDT
2022-11-10 12:00:00,0.11750000,0.11850000,0.11750000,0.11850000,32297.00000000,BEAMUSDT
2022-11-10 12:15:00,0.11880000,0.11900000,0.11800000,0.11800000,44939.00000000,BEAMUSDT
2022-11-10 12:30:00,0.11840000,0.11850000,0.11810000,0.11820000,12722.00000000,BEAMUSDT
2022-11-10 12:45:00,0.11840000,0.11850000,0.11830000,0.11830000,1768.00000000,BEAMUSDT
2022-11-10 13:00:00,0.11830000,0.11890000,0.11820000,0.11870000,39501.00000000,BEAMUSDT
2022-11-10 13:15:00,0.11870000,0.11880000,0.11790000,0.11790000,22897.00000000,BEAMUSDT
2022-11-10 13:30:00,0.11780000,0.12240000,0.11780000,0.12200000,326938.00000000,BEAMUSDT
2022-11-10 13:45:00,0.12220000,0.12470000,0.12120000,0.12410000,140431.00000000,BEAMUSDT
2022-11-10 14:00:00,0.12410000,0.12500000,0.12320000,0.12440000,108884.00000000,BEAMUSDT
2022-11-10 14:15:00,0.12430000,0.12550000,0.12350000,0.12480000,51414.00000000,BEAMUSDT
2022-11-10 14:30:00,0.12540000,0.12610000,0.12460000,0.12510000,159597.00000000,BEAMUSDT
2022-11-10 14:45:00,0.12480000,0.12560000,0.12480000,0.12550000,70174.00000000,BEAMUSDT
2022-11-10 15:00:00,0.12550000,0.12650000,0.12500000,0.12600000,143083.00000000,BEAMUSDT
2022-11-10 15:15:00,0.12600000,0.12770000,0.12600000,0.12730000,87515.00000000,BEAMUSDT
2022-11-10 15:30:00,0.12680000,0.12680000,0.12560000,0.12560000,25999.00000000,BEAMUSDT
2022-11-10 15:45:00,0.12570000,0.12720000,0.12560000,0.12710000,21774.00000000,BEAMUSDT
2022-11-10 16:00:00,0.12710000,0.12900000,0.12640000,0.12740000,147416.00000000,BEAMUSDT
2022-11-10 16:15:00,0.12790000,0.12910000,0.12760000,0.12910000,43217.00000000,BEAMUSDT
2022-11-10 16:30:00,0.12910000,0.12960000,0.12850000,0.12900000,104819.00000000,BEAMUSDT
2022-11-10 16:45:00,0.12870000,0.12910000,0.12750000,0.12830000,59541.00000000,BEAMUSDT
2022-11-10 17:00:00,0.12830000,0.12860000,0.12800000,0.12800000,13313.00000000,BEAMUSDT
2022-11-10 17:15:00,0.12830000,0.12850000,0.12800000,0.12800000,9504.00000000,BEAMUSDT
2022-11-10 17:30:00,0.12720000,0.12730000,0.12480000,0.12490000,51341.00000000,BEAMUSDT
2022-11-10 17:45:00,0.12510000,0.12580000,0.12450000,0.12450000,82416.00000000,BEAMUSDT
2022-11-10 18:00:00,0.12500000,0.12560000,0.12400000,0.12540000,61625.00000000,BEAMUSDT
2022-11-10 18:15:00,0.12420000,0.12490000,0.12420000,0.12430000,8296.00000000,BEAMUSDT
2022-11-10 18:30:00,0.12410000,0.12510000,0.12150000,0.12490000,300588.00000000,BEAMUSDT
2022-11-10 18:45:00,0.12490000,0.12600000,0.12440000,0.12480000,87604.00000000,BEAMUSDT
2022-11-10 19:00:00,0.12500000,0.12580000,0.12500000,0.12550000,9085.00000000,BEAMUSDT
2022-11-10 19:15:00,0.12530000,0.12590000,0.12510000,0.12590000,16638.00000000,BEAMUSDT
2022-11-10 19:30:00,0.12590000,0.12590000,0.12500000,0.12530000,11607.00000000,BEAMUSDT
2022-11-10 19:45:00,0.12550000,0.12610000,0.12550000,0.12610000,3585.00000000,BEAMUSDT
2022-11-10 20:00:00,0.12610000,0.12610000,0.12560000,0.12560000,10183.00000000,BEAMUSDT
2022-11-10 20:15:00,0.12610000,0.12620000,0.12560000,0.12620000,5369.00000000,BEAMUSDT
2022-11-10 20:30:00,0.12600000,0.12670000,0.12600000,0.12670000,8618.00000000,BEAMUSDT
2022-11-10 20:45:00,0.12670000,0.12770000,0.12650000,0.12770000,23221.00000000,BEAMUSDT
2022-11-10 21:00:00,0.12740000,0.12800000,0.12740000,0.12800000,8317.00000000,BEAMUSDT
2022-11-10 21:15:00,0.12770000,0.12810000,0.12760000,0.12780000,9743.00000000,BEAMUSDT
2022-11-10 21:30:00,0.12780000,0.12800000,0.12690000,0.12740000,30445.00000000,BEAMUSDT
2022-11-10 21:45:00,0.12760000,0.12760000,0.12710000,0.12720000,1234.00000000,BEAMUSDT
2022-11-10 22:00:00,0.12710000,0.12760000,0.12630000,0.12630000,18689.00000000,BEAMUSDT
2022-11-10 22:15:00,0.12640000,0.12710000,0.12630000,0.12710000,7684.00000000,BEAMUSDT
2022-11-10 22:30:00,0.12680000,0.12740000,0.12680000,0.12740000,6982.00000000,BEAMUSDT
2022-11-10 22:45:00,0.12690000,0.12730000,0.12680000,0.12730000,7021.00000000,BEAMUSDT
2022-11-10 23:00:00,0.12680000,0.12730000,0.12660000,0.12690000,6137.00000000,BEAMUSDT
2022-11-10 23:15:00,0.12660000,0.12660000,0.12600000,0.12610000,28400.00000000,BEAMUSDT
2022-11-10 23:30:00,0.12640000,0.12700000,0.12620000,0.12670000,22301.00000000,BEAMUSDT
2022-11-10 23:45:00,0.12650000,0.12690000,0.12510000,0.12590000,42967.00000000,BEAMUSDT
2022-11-11 00:00:00,0.12570000,0.12660000,0.12570000,0.12600000,16698.00000000,BEAMUSDT
2022-11-11 00:15:00,0.12610000,0.12610000,0.12520000,0.12570000,16900.00000000,BEAMUSDT
2022-11-11 00:30:00,0.12570000,0.12620000,0.12520000,0.12580000,7739.00000000,BEAMUSDT
2022-11-11 00:45:00,0.12610000,0.12650000,0.12600000,0.12640000,18953.00000000,BEAMUSDT
2022-11-11 01:00:00,0.12680000,0.12730000,0.12640000,0.12730000,5529.00000000,BEAMUSDT
2022-11-11 01:15:00,0.12760000,0.12760000,0.12700000,0.12700000,6191.00000000,BEAMUSDT
2022-11-11 01:30:00,0.12680000,0.12680000,0.12520000,0.12520000,9645.00000000,BEAMUSDT
2022-11-11 01:45:00,0.12500000,0.12500000,0.12260000,0.12310000,59949.00000000,BEAMUSDT
2022-11-11 02:00:00,0.12310000,0.12370000,0.12150000,0.12170000,17938.00000000,BEAMUSDT
2022-11-11 02:15:00,0.12140000,0.12220000,0.12050000,0.12220000,28795.00000000,BEAMUSDT
2022-11-11 02:30:00,0.12210000,0.12210000,0.12180000,0.12210000,7698.00000000,BEAMUSDT
2022-11-11 02:45:00,0.12210000,0.12210000,0.12200000,0.12200000,4928.00000000,BEAMUSDT
2022-11-11 03:00:00,0.12180000,0.12180000,0.12080000,0.12090000,21365.00000000,BEAMUSDT
2022-11-11 03:15:00,0.12090000,0.12090000,0.12000000,0.12000000,38192.00000000,BEAMUSDT
2022-11-11 03:30:00,0.12010000,0.12010000,0.11930000,0.12000000,33169.00000000,BEAMUSDT
2022-11-11 03:45:00,0.11970000,0.12000000,0.11970000,0.11990000,15787.00000000,BEAMUSDT
2022-11-11 04:00:00,0.11970000,0.11980000,0.11950000,0.11980000,15999.00000000,BEAMUSDT
2022-11-11 04:15:00,0.11980000,0.11980000,0.11970000,0.11970000,17061.00000000,BEAMUSDT
2022-11-11 04:30:00,0.11970000,0.11980000,0.11970000,0.11980000,9225.00000000,BEAMUSDT
2022-11-11 04:45:00,0.11980000,0.11980000,0.11940000,0.11940000,5990.00000000,BEAMUSDT
2022-11-11 05:00:00,0.11960000,0.11990000,0.11960000,0.11990000,19720.00000000,BEAMUSDT
2022-11-11 05:15:00,0.11980000,0.11990000,0.11980000,0.11990000,11540.00000000,BEAMUSDT
2022-11-11 05:30:00,0.11990000,0.11990000,0.11980000,0.11990000,7969.00000000,BEAMUSDT
2022-11-11 05:45:00,0.11990000,0.12210000,0.11990000,0.12150000,183306.00000000,BEAMUSDT
2022-11-11 06:00:00,0.12180000,0.12230000,0.12180000,0.12220000,52163.00000000,BEAMUSDT
2022-11-11 06:15:00,0.12170000,0.12170000,0.12100000,0.12130000,2818.00000000,BEAMUSDT
2022-11-11 06:30:00,0.12080000,0.12190000,0.12080000,0.12120000,25723.00000000,BEAMUSDT
2022-11-11 06:45:00,0.12140000,0.12200000,0.12140000,0.12200000,8462.00000000,BEAMUSDT
2022-11-11 07:00:00,0.12190000,0.12190000,0.12010000,0.12120000,260378.00000000,BEAMUSDT
2022-11-11 07:15:00,0.12120000,0.12200000,0.12120000,0.12180000,47624.00000000,BEAMUSDT
2022-11-11 07:30:00,0.12180000,0.12200000,0.12150000,0.12200000,20356.00000000,BEAMUSDT
2022-11-11 07:45:00,0.12200000,0.12200000,0.12170000,0.12190000,70665.00000000,BEAMUSDT
2022-11-11 08:00:00,0.12190000,0.12200000,0.12150000,0.12150000,2674.00000000,BEAMUSDT
2022-11-11 08:15:00,0.12150000,0.12300000,0.12150000,0.12260000,91520.00000000,BEAMUSDT
2022-11-11 08:30:00,0.12250000,0.12350000,0.12230000,0.12290000,13035.00000000,BEAMUSDT
2022-11-11 08:45:00,0.12280000,0.12310000,0.12270000,0.12300000,6429.00000000,BEAMUSDT
2022-11-11 09:00:00,0.12270000,0.12270000,0.12170000,0.12170000,14868.00000000,BEAMUSDT
2022-11-11 09:15:00,0.12170000,0.12210000,0.12170000,0.12170000,2310.00000000,BEAMUSDT
2022-11-11 09:30:00,0.12210000,0.12270000,0.12170000,0.12270000,4963.00000000,BEAMUSDT
2022-11-11 09:45:00,0.12230000,0.12270000,0.12210000,0.12230000,19359.00000000,BEAMUSDT
2022-11-11 10:00:00,0.12220000,0.12220000,0.12160000,0.12190000,15790.00000000,BEAMUSDT
2022-11-11 10:15:00,0.12160000,0.12160000,0.12150000,0.12150000,895.00000000,BEAMUSDT
2022-11-11 10:30:00,0.12160000,0.12190000,0.12150000,0.12190000,9193.00000000,BEAMUSDT
2022-11-11 10:45:00,0.12200000,0.12210000,0.12190000,0.12190000,5301.00000000,BEAMUSDT
2022-11-11 11:00:00,0.12200000,0.12220000,0.12200000,0.12220000,2210.00000000,BEAMUSDT
2022-11-11 11:15:00,0.12220000,0.12220000,0.12190000,0.12190000,11532.00000000,BEAMUSDT
2022-11-11 11:30:00,0.12180000,0.12220000,0.12170000,0.12170000,10307.00000000,BEAMUSDT
2022-11-11 11:45:00,0.12190000,0.12250000,0.12190000,0.12200000,45252.00000000,BEAMUSDT
2022-11-11 12:00:00,0.12200000,0.12220000,0.12190000,0.12190000,5042.00000000,BEAMUSDT
2022-11-11 12:15:00,0.12220000,0.12220000,0.12060000,0.12110000,53980.00000000,BEAMUSDT
2022-11-11 12:30:00,0.12100000,0.12110000,0.12070000,0.12100000,16158.00000000,BEAMUSDT
2022-11-11 12:45:00,0.12100000,0.12180000,0.12100000,0.12180000,48208.00000000,BEAMUSDT
2022-11-11 13:00:00,0.12180000,0.12230000,0.12160000,0.12210000,38515.00000000,BEAMUSDT
2022-11-11 13:15:00,0.12200000,0.12270000,0.12160000,0.12270000,47375.00000000,BEAMUSDT
2022-11-11 13:30:00,0.12270000,0.12270000,0.12190000,0.12190000,5480.00000000,BEAMUSDT
2022-11-11 13:45:00,0.12160000,0.12180000,0.12100000,0.12100000,5172.00000000,BEAMUSDT
2022-11-11 14:00:00,0.12100000,0.12100000,0.11880000,0.11880000,36058.00000000,BEAMUSDT
2022-11-11 14:15:00,0.11870000,0.11870000,0.11240000,0.11290000,164204.00000000,BEAMUSDT
2022-11-11 14:30:00,0.11260000,0.11400000,0.11220000,0.11300000,206823.00000000,BEAMUSDT
2022-11-11 14:45:00,0.11340000,0.11670000,0.11300000,0.11410000,276979.00000000,BEAMUSDT
2022-11-11 15:00:00,0.11470000,0.11540000,0.11340000,0.11420000,39720.00000000,BEAMUSDT
2022-11-11 15:15:00,0.11430000,0.11490000,0.11400000,0.11460000,39347.00000000,BEAMUSDT
2022-11-11 15:30:00,0.11430000,0.11440000,0.11370000,0.11420000,45301.00000000,BEAMUSDT
2022-11-11 15:45:00,0.11420000,0.11460000,0.11390000,0.11420000,20994.00000000,BEAMUSDT
2022-11-11 16:00:00,0.11420000,0.11430000,0.11320000,0.11320000,16200.00000000,BEAMUSDT
2022-11-11 16:15:00,0.11320000,0.11370000,0.11220000,0.11220000,24258.00000000,BEAMUSDT
2022-11-11 16:30:00,0.11220000,0.11340000,0.11220000,0.11330000,93359.00000000,BEAMUSDT
2022-11-11 16:45:00,0.11340000,0.11410000,0.11340000,0.11410000,13297.00000000,BEAMUSDT
2022-11-11 17:00:00,0.11410000,0.11450000,0.11370000,0.11450000,13978.00000000,BEAMUSDT
2022-11-11 17:15:00,0.11440000,0.11440000,0.11420000,0.11440000,7285.00000000,BEAMUSDT
2022-11-11 17:30:00,0.11420000,0.11440000,0.11420000,0.11420000,13233.00000000,BEAMUSDT
2022-11-11 17:45:00,0.11440000,0.11490000,0.11430000,0.11470000,6252.00000000,BEAMUSDT
2022-11-11 18:00:00,0.11490000,0.11600000,0.11490000,0.11600000,34032.00000000,BEAMUSDT
2022-11-11 18:15:00,0.11610000,0.11660000,0.11560000,0.11570000,21152.00000000,BEAMUSDT
2022-11-11 18:30:00,0.11560000,0.11600000,0.11540000,0.11550000,15415.00000000,BEAMUSDT
2022-11-11 18:45:00,0.11530000,0.11560000,0.11500000,0.11560000,3358.00000000,BEAMUSDT
2022-11-11 19:00:00,0.11520000,0.11560000,0.11440000,0.11560000,36463.00000000,BEAMUSDT
2022-11-11 19:15:00,0.11550000,0.11590000,0.11530000,0.11560000,13903.00000000,BEAMUSDT
2022-11-11 19:30:00,0.11540000,0.11600000,0.11540000,0.11560000,13133.00000000,BEAMUSDT
2022-11-11 19:45:00,0.11560000,0.11630000,0.11550000,0.11600000,5030.00000000,BEAMUSDT
2022-11-11 20:00:00,0.11590000,0.11590000,0.11570000,0.11580000,6518.00000000,BEAMUSDT
2022-11-11 20:15:00,0.11580000,0.11580000,0.11420000,0.11520000,66255.00000000,BEAMUSDT
2022-11-11 20:30:00,0.11490000,0.11530000,0.11410000,0.11450000,10583.00000000,BEAMUSDT
2022-11-11 20:45:00,0.11450000,0.11490000,0.11450000,0.11450000,2060.00000000,BEAMUSDT
2022-11-11 21:00:00,0.11470000,0.11500000,0.11370000,0.11470000,16921.00000000,BEAMUSDT
2022-11-11 21:15:00,0.11490000,0.11560000,0.11460000,0.11520000,5597.00000000,BEAMUSDT
2022-11-11 21:30:00,0.11560000,0.11620000,0.11500000,0.11570000,62005.00000000,BEAMUSDT
2022-11-11 21:45:00,0.11570000,0.11600000,0.11550000,0.11580000,8775.00000000,BEAMUSDT
2022-11-11 22:00:00,0.11560000,0.11670000,0.11540000,0.11610000,24380.00000000,BEAMUSDT
2022-11-11 22:15:00,0.11650000,0.11690000,0.11640000,0.11650000,29211.00000000,BEAMUSDT
2022-11-11 22:30:00,0.11680000,0.11790000,0.11680000,0.11770000,120417.00000000,BEAMUSDT
2022-11-11 22:45:00,0.11710000,0.11720000,0.11670000,0.11690000,1593.00000000,BEAMUSDT
2022-11-11 23:00:00,0.11730000,0.11740000,0.11650000,0.11680000,79921.00000000,BEAMUSDT
2022-11-11 23:15:00,0.11680000,0.11680000,0.11600000,0.11670000,43885.00000000,BEAMUSDT
2022-11-11 23:30:00,0.11640000,0.11710000,0.11640000,0.11710000,3915.00000000,BEAMUSDT
2022-11-11 23:45:00,0.11710000,0.11770000,0.11690000,0.11770000,24824.00000000,BEAMUSDT
2022-11-12 00:00:00,0.11750000,0.11780000,0.11740000,0.11740000,3814.00000000,BEAMUSDT
2022-11-12 00:15:00,0.11740000,0.11740000,0.11680000,0.11680000,37566.00000000,BEAMUSDT
2022-11-12 00:30:00,0.11670000,0.11670000,0.11630000,0.11630000,16685.00000000,BEAMUSDT
2022-11-12 00:45:00,0.11600000,0.11630000,0.11570000,0.11600000,6534.00000000,BEAMUSDT
2022-11-12 01:00:00,0.11570000,0.11600000,0.11550000,0.11570000,7118.00000000,BEAMUSDT
2022-11-12 01:15:00,0.11550000,0.11580000,0.11540000,0.11560000,33086.00000000,BEAMUSDT
2022-11-12 01:30:00,0.11560000,0.11570000,0.11550000,0.11570000,23635.00000000,BEAMUSDT
2022-11-12 01:45:00,0.11580000,0.11620000,0.11570000,0.11620000,9025.00000000,BEAMUSDT
2022-11-12 02:00:00,0.11590000,0.11620000,0.11570000,0.11620000,11631.00000000,BEAMUSDT
2022-11-12 02:15:00,0.11620000,0.11730000,0.11620000,0.11710000,20499.00000000,BEAMUSDT
2022-11-12 02:30:00,0.11720000,0.11730000,0.11690000,0.11700000,18995.00000000,BEAMUSDT
2022-11-12 02:45:00,0.11710000,0.11710000,0.11650000,0.11650000,2327.00000000,BEAMUSDT
2022-11-12 03:00:00,0.11680000,0.11680000,0.11580000,0.11620000,12656.00000000,BEAMUSDT
2022-11-12 03:15:00,0.11620000,0.11620000,0.11560000,0.11590000,5504.00000000,BEAMUSDT
2022-11-12 03:30:00,0.11580000,0.11610000,0.11570000,0.11610000,15186.00000000,BEAMUSDT
2022-11-12 03:45:00,0.11620000,0.11650000,0.11610000,0.11630000,6448.00000000,BEAMUSDT
2022-11-12 04:00:00,0.11630000,0.11640000,0.11580000,0.11580000,8199.00000000,BEAMUSDT
2022-11-12 04:15:00,0.11580000,0.11580000,0.11460000,0.11480000,7999.00000000,BEAMUSDT
2022-11-12 04:30:00,0.11460000,0.11470000,0.11430000,0.11450000,4789.00000000,BEAMUSDT
2022-11-12 04:45:00,0.11440000,0.11440000,0.11350000,0.11350000,61888.00000000,BEAMUSDT
2022-11-12 05:00:00,0.11350000,0.11350000,0.11270000,0.11270000,19314.00000000,BEAMUSDT
2022-11-12 05:15:00,0.11270000,0.11290000,0.11250000,0.11250000,5699.00000000,BEAMUSDT
2022-11-12 05:30:00,0.11290000,0.11290000,0.11210000,0.11210000,21795.00000000,BEAMUSDT
2022-11-12 05:45:00,0.11230000,0.11240000,0.11180000,0.11210000,4556.00000000,BEAMUSDT
2022-11-12 06:00:00,0.11210000,0.11210000,0.11170000,0.11210000,18861.00000000,BEAMUSDT
2022-11-12 06:15:00,0.11180000,0.11200000,0.11130000,0.11150000,41204.00000000,BEAMUSDT
2022-11-12 06:30:00,0.11150000,0.11160000,0.11130000,0.11160000,3115.00000000,BEAMUSDT
2022-11-12 06:45:00,0.11150000,0.11260000,0.11150000,0.11260000,34863.00000000,BEAMUSDT
2022-11-12 07:00:00,0.11280000,0.11340000,0.11250000,0.11340000,7481.00000000,BEAMUSDT
2022-11-12 07:15:00,0.11340000,0.11390000,0.11330000,0.11370000,12827.00000000,BEAMUSDT
2022-11-12 07:30:00,0.11370000,0.11370000,0.11330000,0.11330000,29424.00000000,BEAMUSDT
2022-11-12 07:45:00,0.11330000,0.11370000,0.11330000,0.11350000,15160.00000000,BEAMUSDT
2022-11-12 08:00:00,0.11330000,0.11360000,0.11320000,0.11330000,6826.00000000,BEAMUSDT
2022-11-12 08:15:00,0.11330000,0.11330000,0.11280000,0.11280000,4495.00000000,BEAMUSDT
2022-11-12 08:30:00,0.11290000,0.11340000,0.11290000,0.11330000,22037.00000000,BEAMUSDT
2022-11-12 08:45:00,0.11330000,0.11350000,0.11310000,0.11310000,3978.00000000,BEAMUSDT
2022-11-12 09:00:00,0.11300000,0.11320000,0.11280000,0.11280000,6373.00000000,BEAMUSDT
2022-11-12 09:15:00,0.11270000,0.11330000,0.11270000,0.11320000,11671.00000000,BEAMUSDT
2022-11-12 09:30:00,0.11320000,0.11320000,0.11250000,0.11260000,45359.00000000,BEAMUSDT
2022-11-12 09:45:00,0.11260000,0.11310000,0.11250000,0.11260000,12548.00000000,BEAMUSDT
2022-11-12 10:00:00,0.11280000,0.11300000,0.11250000,0.11300000,27482.00000000,BEAMUSDT
2022-11-12 10:15:00,0.11290000,0.11320000,0.11280000,0.11320000,21233.00000000,BEAMUSDT
2022-11-12 10:30:00,0.11330000,0.11350000,0.11320000,0.11320000,4596.00000000,BEAMUSDT
2022-11-12 10:45:00,0.11320000,0.11320000,0.11260000,0.11260000,3875.00000000,BEAMUSDT
2022-11-12 11:00:00,0.11250000,0.11300000,0.11250000,0.11270000,4584.00000000,BEAMUSDT
2022-11-12 11:15:00,0.11280000,0.11290000,0.11170000,0.11260000,57594.00000000,BEAMUSDT
2022-11-12 11:30:00,0.11230000,0.11230000,0.11090000,0.11220000,167386.00000000,BEAMUSDT
2022-11-12 11:45:00,0.11220000,0.11230000,0.11210000,0.11230000,4422.00000000,BEAMUSDT
2022-11-12 12:00:00,0.11250000,0.11270000,0.11220000,0.11250000,1698.00000000,BEAMUSDT
2022-11-12 12:15:00,0.11270000,0.11270000,0.11240000,0.11260000,913.00000000,BEAMUSDT
2022-11-12 12:30:00,0.11260000,0.11260000,0.11200000,0.11230000,17064.00000000,BEAMUSDT
2022-11-12 12:45:00,0.11230000,0.11240000,0.11200000,0.11210000,4397.00000000,BEAMUSDT
2022-11-12 13:00:00,0.11240000,0.11240000,0.11160000,0.11160000,23844.00000000,BEAMUSDT
2022-11-12 13:15:00,0.11170000,0.11170000,0.11120000,0.11160000,9495.00000000,BEAMUSDT
2022-11-12 13:30:00,0.11130000,0.11160000,0.11130000,0.11140000,12508.00000000,BEAMUSDT
2022-11-12 13:45:00,0.11160000,0.11190000,0.11160000,0.11180000,25646.00000000,BEAMUSDT
2022-11-12 14:00:00,0.11150000,0.11180000,0.11140000,0.11140000,10249.00000000,BEAMUSDT
2022-11-12 14:15:00,0.11170000,0.11220000,0.11140000,0.11220000,9870.00000000,BEAMUSDT
2022-11-12 14:30:00,0.11240000,0.11240000,0.11210000,0.11210000,4265.00000000,BEAMUSDT
2022-11-12 14:45:00,0.11230000,0.11380000,0.11230000,0.11350000,84039.00000000,BEAMUSDT
2022-11-12 15:00:00,0.11370000,0.11370000,0.11290000,0.11310000,23025.00000000,BEAMUSDT
2022-11-12 15:15:00,0.11360000,0.11360000,0.11330000,0.11330000,972.00000000,BEAMUSDT
2022-11-12 15:30:00,0.11330000,0.11360000,0.11330000,0.11330000,3299.00000000,BEAMUSDT
2022-11-12 15:45:00,0.11330000,0.11360000,0.11330000,0.11330000,16630.00000000,BEAMUSDT
2022-11-12 16:00:00,0.11330000,0.11360000,0.11330000,0.11340000,3380.00000000,BEAMUSDT
2022-11-12 16:15:00,0.11340000,0.11370000,0.11340000,0.11340000,11324.00000000,BEAMUSDT
2022-11-12 16:30:00,0.11360000,0.11380000,0.11350000,0.11350000,20002.00000000,BEAMUSDT
2022-11-12 16:45:00,0.11370000,0.11390000,0.11350000,0.11370000,7914.00000000,BEAMUSDT
2022-11-12 17:00:00,0.11400000,0.11400000,0.11300000,0.11310000,12541.00000000,BEAMUSDT
2022-11-12 17:15:00,0.11320000,0.11370000,0.11300000,0.11350000,23506.00000000,BEAMUSDT
2022-11-12 17:30:00,0.11350000,0.11630000,0.11350000,0.11530000,154329.00000000,BEAMUSDT
2022-11-12 17:45:00,0.11550000,0.11630000,0.11420000,0.11430000,101913.00000000,BEAMUSDT
2022-11-12 18:00:00,0.11440000,0.11470000,0.11370000,0.11410000,61886.00000000,BEAMUSDT
2022-11-12 18:15:00,0.11430000,0.11470000,0.11400000,0.11470000,5491.00000000,BEAMUSDT
2022-11-12 18:30:00,0.11470000,0.11540000,0.11450000,0.11510000,7515.00000000,BEAMUSDT
2022-11-12 18:45:00,0.11510000,0.11560000,0.11510000,0.11520000,6472.00000000,BEAMUSDT
2022-11-12 19:00:00,0.11530000,0.11550000,0.11530000,0.11550000,15979.00000000,BEAMUSDT
2022-11-12 19:15:00,0.11530000,0.11590000,0.11530000,0.11590000,18994.00000000,BEAMUSDT
2022-11-12 19:30:00,0.11570000,0.11650000,0.11570000,0.11590000,77362.00000000,BEAMUSDT
2022-11-12 19:45:00,0.11550000,0.11580000,0.11530000,0.11530000,12435.00000000,BEAMUSDT
2022-11-12 20:00:00,0.11560000,0.11560000,0.11530000,0.11530000,601.00000000,BEAMUSDT
2022-11-12 20:15:00,0.11530000,0.11540000,0.11510000,0.11510000,2111.00000000,BEAMUSDT
2022-11-12 20:30:00,0.11500000,0.11500000,0.11500000,0.11500000,4653.00000000,BEAMUSDT
2022-11-12 20:45:00,0.11500000,0.11500000,0.11460000,0.11460000,21747.00000000,BEAMUSDT
2022-11-12 21:00:00,0.11470000,0.11490000,0.11460000,0.11490000,27092.00000000,BEAMUSDT
2022-11-12 21:15:00,0.11500000,0.11770000,0.11500000,0.11610000,254699.00000000,BEAMUSDT
2022-11-12 21:30:00,0.11630000,0.11860000,0.11590000,0.11790000,152068.00000000,BEAMUSDT
2022-11-12 21:45:00,0.11760000,0.12000000,0.11760000,0.11870000,182565.00000000,BEAMUSDT
2022-11-12 22:00:00,0.11860000,0.12040000,0.11860000,0.12020000,136521.00000000,BEAMUSDT
2022-11-12 22:15:00,0.12030000,0.12030000,0.11990000,0.12000000,57931.00000000,BEAMUSDT
2022-11-12 22:30:00,0.12020000,0.12070000,0.12000000,0.12040000,34367.00000000,BEAMUSDT
2022-11-12 22:45:00,0.12060000,0.12060000,0.11840000,0.11880000,122044.00000000,BEAMUSDT
2022-11-12 23:00:00,0.11860000,0.11860000,0.11810000,0.11850000,45209.00000000,BEAMUSDT
2022-11-12 23:15:00,0.11850000,0.11900000,0.11800000,0.11860000,32772.00000000,BEAMUSDT
2022-11-12 23:30:00,0.11860000,0.11860000,0.11770000,0.11850000,22133.00000000,BEAMUSDT
2022-11-12 23:45:00,0.11870000,0.11900000,0.11860000,0.11860000,9543.00000000,BEAMUSDT
2022-11-13 00:00:00,0.11900000,0.11930000,0.11840000,0.11880000,21149.00000000,BEAMUSDT
2022-11-13 00:15:00,0.11850000,0.11920000,0.11850000,0.11920000,1620.00000000,BEAMUSDT
2022-11-13 00:30:00,0.11920000,0.11980000,0.11920000,0.11950000,8472.00000000,BEAMUSDT
2022-11-13 00:45:00,0.11950000,0.12000000,0.11950000,0.12000000,4092.00000000,BEAMUSDT
2022-11-13 01:00:00,0.12000000,0.12000000,0.11990000,0.11990000,9626.00000000,BEAMUSDT
2022-11-13 01:15:00,0.12020000,0.12030000,0.11990000,0.11990000,6141.00000000,BEAMUSDT
2022-11-13 01:30:00,0.11990000,0.11990000,0.11940000,0.11980000,8007.00000000,BEAMUSDT
2022-11-13 01:45:00,0.11940000,0.11980000,0.11920000,0.11920000,1643.00000000,BEAMUSDT
2022-11-13 02:00:00,0.11920000,0.12030000,0.11920000,0.11990000,3403.00000000,BEAMUSDT
2022-11-13 02:15:00,0.12040000,0.12160000,0.12040000,0.12160000,29846.00000000,BEAMUSDT
2022-11-13 02:30:00,0.12170000,0.12280000,0.12100000,0.12120000,149538.00000000,BEAMUSDT
2022-11-13 02:45:00,0.12120000,0.12250000,0.12120000,0.12210000,26598.00000000,BEAMUSDT
2022-11-13 03:00:00,0.12210000,0.12210000,0.12120000,0.12180000,11909.00000000,BEAMUSDT
2022-11-13 03:15:00,0.12150000,0.12170000,0.12140000,0.12150000,2930.00000000,BEAMUSDT
2022-11-13 03:30:00,0.12120000,0.12140000,0.12080000,0.12120000,24489.00000000,BEAMUSDT
2022-11-13 03:45:00,0.12100000,0.12190000,0.12100000,0.12170000,18350.00000000,BEAMUSDT
2022-11-13 04:00:00,0.12160000,0.12190000,0.12130000,0.12180000,16901.00000000,BEAMUSDT
2022-11-13 04:15:00,0.12200000,0.12210000,0.12160000,0.12200000,30444.00000000,BEAMUSDT
2022-11-13 04:30:00,0.12210000,0.12220000,0.12180000,0.12200000,11241.00000000,BEAMUSDT
2022-11-13 04:45:00,0.12160000,0.12190000,0.12110000,0.12120000,26433.00000000,BEAMUSDT
2022-11-13 05:00:00,0.12100000,0.12120000,0.12100000,0.12100000,11293.00000000,BEAMUSDT
2022-11-13 05:15:00,0.12100000,0.12110000,0.12080000,0.12090000,44223.00000000,BEAMUSDT
2022-11-13 05:30:00,0.12090000,0.12120000,0.12060000,0.12090000,23974.00000000,BEAMUSDT
2022-11-13 05:45:00,0.12090000,0.12090000,0.11960000,0.12040000,85158.00000000,BEAMUSDT
2022-11-13 06:00:00,0.12050000,0.12050000,0.12010000,0.12010000,46120.00000000,BEAMUSDT
2022-11-13 06:15:00,0.12010000,0.12010000,0.11960000,0.11960000,30443.00000000,BEAMUSDT
2022-11-13 06:30:00,0.11910000,0.11920000,0.11830000,0.11830000,88944.00000000,BEAMUSDT
2022-11-13 06:45:00,0.11830000,0.11850000,0.11650000,0.11650000,83063.00000000,BEAMUSDT
2022-11-13 07:00:00,0.11650000,0.11690000,0.11570000,0.11690000,31429.00000000,BEAMUSDT
2022-11-13 07:15:00,0.11720000,0.11720000,0.11540000,0.11550000,101988.00000000,BEAMUSDT
2022-11-13 07:30:00,0.11550000,0.11610000,0.11530000,0.11610000,23400.00000000,BEAMUSDT
2022-11-13 07:45:00,0.11620000,0.11680000,0.11610000,0.11670000,13382.00000000,BEAMUSDT
2022-11-13 08:00:00,0.11670000,0.11700000,0.11640000,0.11640000,7739.00000000,BEAMUSDT
2022-11-13 08:15:00,0.11620000,0.11620000,0.11570000,0.11610000,61001.00000000,BEAMUSDT
2022-11-13 08:30:00,0.11600000,0.11620000,0.11580000,0.11610000,14655.00000000,BEAMUSDT
2022-11-13 08:45:00,0.11610000,0.11620000,0.11580000,0.11580000,12284.00000000,BEAMUSDT
2022-11-13 09:00:00,0.11580000,0.11580000,0.11570000,0.11580000,109242.00000000,BEAMUSDT
2022-11-13 09:15:00,0.11570000,0.11580000,0.11570000,0.11570000,9128.00000000,BEAMUSDT
2022-11-13 09:30:00,0.11570000,0.11580000,0.11570000,0.11570000,31767.00000000,BEAMUSDT
2022-11-13 09:45:00,0.11570000,0.11580000,0.11430000,0.11440000,61365.00000000,BEAMUSDT
2022-11-13 10:00:00,0.11410000,0.11440000,0.11350000,0.11350000,83612.00000000,BEAMUSDT
2022-11-13 10:15:00,0.11350000,0.11410000,0.11320000,0.11400000,32028.00000000,BEAMUSDT
2022-11-13 10:30:00,0.11400000,0.11440000,0.11400000,0.11440000,3648.00000000,BEAMUSDT
2022-11-13 10:45:00,0.11440000,0.11440000,0.11370000,0.11410000,12255.00000000,BEAMUSDT
2022-11-13 11:00:00,0.11410000,0.11430000,0.11370000,0.11380000,24113.00000000,BEAMUSDT
2022-11-13 11:15:00,0.11370000,0.11440000,0.11360000,0.11410000,4101.00000000,BEAMUSDT
2022-11-13 11:30:00,0.11450000,0.11540000,0.11420000,0.11500000,32939.00000000,BEAMUSDT
2022-11-13 11:45:00,0.11540000,0.11570000,0.11540000,0.11550000,32061.00000000,BEAMUSDT
2022-11-13 12:00:00,0.11550000,0.11560000,0.11550000,0.11550000,8053.00000000,BEAMUSDT
2022-11-13 12:15:00,0.11550000,0.11560000,0.11500000,0.11500000,6949.00000000,BEAMUSDT
2022-11-13 12:30:00,0.11480000,0.11500000,0.11350000,0.11470000,126458.00000000,BEAMUSDT
2022-11-13 12:45:00,0.11470000,0.11490000,0.11420000,0.11490000,37127.00000000,BEAMUSDT
2022-11-13 13:00:00,0.11460000,0.11470000,0.11420000,0.11450000,15971.00000000,BEAMUSDT
2022-11-13 13:15:00,0.11470000,0.11480000,0.11450000,0.11470000,10373.00000000,BEAMUSDT
2022-11-13 13:30:00,0.11440000,0.11570000,0.11440000,0.11570000,18405.00000000,BEAMUSDT
2022-11-13 13:45:00,0.11570000,0.11580000,0.11540000,0.11570000,37609.00000000,BEAMUSDT
2022-11-13 14:00:00,0.11560000,0.11590000,0.11540000,0.11590000,5913.00000000,BEAMUSDT
2022-11-13 14:15:00,0.11590000,0.11590000,0.11530000,0.11540000,12848.00000000,BEAMUSDT
2022-11-13 14:30:00,0.11540000,0.11540000,0.11460000,0.11500000,38665.00000000,BEAMUSDT
2022-11-13 14:45:00,0.11470000,0.11570000,0.11470000,0.11510000,35882.00000000,BEAMUSDT
2022-11-13 15:00:00,0.11500000,0.11550000,0.11480000,0.11510000,53269.00000000,BEAMUSDT
2022-11-13 15:15:00,0.11510000,0.11530000,0.11400000,0.11410000,35342.00000000,BEAMUSDT
2022-11-13 15:30:00,0.11440000,0.11440000,0.11390000,0.11440000,7934.00000000,BEAMUSDT
2022-11-13 15:45:00,0.11480000,0.11970000,0.11450000,0.11700000,645268.00000000,BEAMUSDT
2022-11-13 16:00:00,0.11700000,0.12410000,0.11700000,0.12290000,1296422.00000000,BEAMUSDT
2022-11-13 16:15:00,0.12270000,0.12270000,0.11760000,0.11780000,524380.00000000,BEAMUSDT
2022-11-13 16:30:00,0.11780000,0.11930000,0.11750000,0.11930000,214191.00000000,BEAMUSDT
2022-11-13 16:45:00,0.11930000,0.12210000,0.11900000,0.12120000,248707.00000000,BEAMUSDT
2022-11-13 17:00:00,0.12090000,0.12280000,0.12040000,0.12180000,270209.00000000,BEAMUSDT
2022-11-13 17:15:00,0.12140000,0.12190000,0.11840000,0.12010000,114542.00000000,BEAMUSDT
2022-11-13 17:30:00,0.12010000,0.12250000,0.11900000,0.12200000,164400.00000000,BEAMUSDT
2022-11-13 17:45:00,0.12150000,0.12220000,0.12030000,0.12130000,75404.00000000,BEAMUSDT
2022-11-13 18:00:00,0.12160000,0.12210000,0.11890000,0.12020000,231206.00000000,BEAMUSDT
2022-11-13 18:15:00,0.12050000,0.12130000,0.11890000,0.11900000,62521.00000000,BEAMUSDT
2022-11-13 18:30:00,0.11870000,0.11880000,0.11780000,0.11840000,109049.00000000,BEAMUSDT
2022-11-13 18:45:00,0.11840000,0.11860000,0.11800000,0.11840000,39672.00000000,BEAMUSDT
2022-11-13 19:00:00,0.11800000,0.11990000,0.11800000,0.11880000,39383.00000000,BEAMUSDT
2022-11-13 19:15:00,0.11930000,0.12120000,0.11900000,0.12120000,129972.00000000,BEAMUSDT
2022-11-13 19:30:00,0.12100000,0.12550000,0.12100000,0.12470000,328200.00000000,BEAMUSDT
2022-11-13 19:45:00,0.12530000,0.13280000,0.11910000,0.11980000,2889471.00000000,BEAMUSDT
2022-11-13 20:00:00,0.11940000,0.11980000,0.11910000,0.11980000,99394.00000000,BEAMUSDT
2022-11-13 20:15:00,0.11980000,0.12100000,0.11980000,0.12070000,136641.00000000,BEAMUSDT
2022-11-13 20:30:00,0.12070000,0.12120000,0.12020000,0.12050000,76952.00000000,BEAMUSDT
2022-11-13 20:45:00,0.12050000,0.12080000,0.11960000,0.11990000,77362.00000000,BEAMUSDT
2022-11-13 21:00:00,0.12020000,0.12020000,0.11710000,0.11750000,216159.00000000,BEAMUSDT
2022-11-13 21:15:00,0.11740000,0.11780000,0.11620000,0.11710000,95614.00000000,BEAMUSDT
2022-11-13 21:30:00,0.11710000,0.11800000,0.11680000,0.11770000,53425.00000000,BEAMUSDT
2022-11-13 21:45:00,0.11730000,0.11780000,0.11630000,0.11670000,14751.00000000,BEAMUSDT
2022-11-13 22:00:00,0.11610000,0.11770000,0.11610000,0.11770000,48018.00000000,BEAMUSDT
2022-11-13 22:15:00,0.11770000,0.11860000,0.11760000,0.11860000,29785.00000000,BEAMUSDT
2022-11-13 22:30:00,0.11810000,0.11880000,0.11780000,0.11840000,12546.00000000,BEAMUSDT
2022-11-13 22:45:00,0.11780000,0.11860000,0.11780000,0.11830000,11645.00000000,BEAMUSDT
2022-11-13 23:00:00,0.11800000,0.11810000,0.11730000,0.11750000,24402.00000000,BEAMUSDT
2022-11-13 23:15:00,0.11730000,0.11780000,0.11680000,0.11730000,19451.00000000,BEAMUSDT
2022-11-13 23:30:00,0.11750000,0.11750000,0.11540000,0.11580000,69215.00000000,BEAMUSDT
2022-11-13 23:45:00,0.11580000,0.11630000,0.11500000,0.11540000,121646.00000000,BEAMUSDT
2022-11-14 00:00:00,0.11600000,0.11650000,0.11560000,0.11640000,13575.00000000,BEAMUSDT
2022-11-14 00:15:00,0.11610000,0.11680000,0.11110000,0.11180000,239822.00000000,BEAMUSDT
2022-11-14 00:30:00,0.11160000,0.11250000,0.11160000,0.11250000,41270.00000000,BEAMUSDT
2022-11-14 00:45:00,0.11200000,0.11250000,0.11180000,0.11210000,16478.00000000,BEAMUSDT
2022-11-14 01:00:00,0.11210000,0.11300000,0.11150000,0.11200000,45582.00000000,BEAMUSDT
2022-11-14 01:15:00,0.11200000,0.11200000,0.11100000,0.11150000,36072.00000000,BEAMUSDT
2022-11-14 01:30:00,0.11140000,0.11140000,0.11030000,0.11030000,5309.00000000,BEAMUSDT
2022-11-14 01:45:00,0.11040000,0.11100000,0.11020000,0.11060000,21601.00000000,BEAMUSDT
2022-11-14 02:00:00,0.11060000,0.11060000,0.10980000,0.10980000,46414.00000000,BEAMUSDT
2022-11-14 02:15:00,0.10980000,0.11040000,0.10960000,0.11000000,23799.00000000,BEAMUSDT
2022-11-14 02:30:00,0.11000000,0.11060000,0.10990000,0.11060000,2394.00000000,BEAMUSDT
2022-11-14 02:45:00,0.11000000,0.11120000,0.11000000,0.11120000,8092.00000000,BEAMUSDT
2022-11-14 03:00:00,0.11090000,0.11140000,0.11080000,0.11120000,13501.00000000,BEAMUSDT
2022-11-14 03:15:00,0.11090000,0.11130000,0.11090000,0.11120000,4791.00000000,BEAMUSDT
2022-11-14 03:30:00,0.11130000,0.11130000,0.11110000,0.11110000,5926.00000000,BEAMUSDT
2022-11-14 03:45:00,0.11100000,0.11120000,0.11070000,0.11120000,11191.00000000,BEAMUSDT
2022-11-14 04:00:00,0.11080000,0.11080000,0.10960000,0.11070000,104699.00000000,BEAMUSDT
2022-11-14 04:15:00,0.11040000,0.11040000,0.10830000,0.10860000,64707.00000000,BEAMUSDT
2022-11-14 04:30:00,0.10870000,0.10870000,0.10820000,0.10840000,74439.00000000,BEAMUSDT
2022-11-14 04:45:00,0.10820000,0.10880000,0.10740000,0.10880000,69384.00000000,BEAMUSDT
2022-11-14 05:00:00,0.10920000,0.11030000,0.10890000,0.10970000,60651.00000000,BEAMUSDT
2022-11-14 05:15:00,0.10970000,0.10970000,0.10910000,0.10950000,25227.00000000,BEAMUSDT
2022-11-14 05:30:00,0.10920000,0.10960000,0.10910000,0.10910000,49194.00000000,BEAMUSDT
2022-11-14 05:45:00,0.10880000,0.10930000,0.10860000,0.10930000,7697.00000000,BEAMUSDT
2022-11-14 06:00:00,0.10900000,0.11010000,0.10890000,0.10950000,118828.00000000,BEAMUSDT
2022-11-14 06:15:00,0.10950000,0.11030000,0.10930000,0.11030000,47010.00000000,BEAMUSDT
2022-11-14 06:30:00,0.11040000,0.11370000,0.11040000,0.11330000,98646.00000000,BEAMUSDT
2022-11-14 06:45:00,0.11330000,0.11520000,0.11320000,0.11500000,112881.00000000,BEAMUSDT
2022-11-14 07:00:00,0.11500000,0.11530000,0.11460000,0.11460000,26939.00000000,BEAMUSDT
2022-11-14 07:15:00,0.11460000,0.11500000,0.11380000,0.11500000,37706.00000000,BEAMUSDT
2022-11-14 07:30:00,0.11500000,0.11560000,0.11460000,0.11500000,23185.00000000,BEAMUSDT
2022-11-14 07:45:00,0.11490000,0.11550000,0.11460000,0.11500000,60382.00000000,BEAMUSDT
2022-11-14 08:00:00,0.11530000,0.11630000,0.11470000,0.11540000,105288.00000000,BEAMUSDT
2022-11-14 08:15:00,0.11510000,0.11570000,0.11470000,0.11500000,82198.00000000,BEAMUSDT
2022-11-14 08:30:00,0.11470000,0.11500000,0.11420000,0.11440000,33512.00000000,BEAMUSDT
2022-11-14 08:45:00,0.11430000,0.11500000,0.11430000,0.11480000,22302.00000000,BEAMUSDT
2022-11-14 09:00:00,0.11470000,0.11470000,0.11350000,0.11390000,25505.00000000,BEAMUSDT
2022-11-14 09:15:00,0.11350000,0.11390000,0.11200000,0.11330000,84351.00000000,BEAMUSDT
2022-11-14 09:30:00,0.11330000,0.11390000,0.11310000,0.11390000,60679.00000000,BEAMUSDT
2022-11-14 09:45:00,0.11360000,0.11410000,0.11260000,0.11370000,121348.00000000,BEAMUSDT
2022-11-14 10:00:00,0.11370000,0.11370000,0.11330000,0.11330000,8088.00000000,BEAMUSDT
2022-11-14 10:15:00,0.11360000,0.11380000,0.11330000,0.11370000,15211.00000000,BEAMUSDT
2022-11-14 10:30:00,0.11340000,0.11430000,0.11340000,0.11390000,62708.00000000,BEAMUSDT
2022-11-14 10:45:00,0.11420000,0.11440000,0.11390000,0.11440000,16109.00000000,BEAMUSDT
2022-11-14 11:00:00,0.11400000,0.11720000,0.11400000,0.11650000,251816.00000000,BEAMUSDT
2022-11-14 11:15:00,0.11650000,0.11780000,0.11600000,0.11660000,172282.00000000,BEAMUSDT
2022-11-14 11:30:00,0.11680000,0.11740000,0.11670000,0.11670000,16533.00000000,BEAMUSDT
2022-11-14 11:45:00,0.11670000,0.11750000,0.11670000,0.11720000,5153.00000000,BEAMUSDT
2022-11-14 12:00:00,0.11660000,0.11720000,0.11570000,0.11570000,17577.00000000,BEAMUSDT
2022-11-14 12:15:00,0.11620000,0.11680000,0.11600000,0.11670000,13683.00000000,BEAMUSDT
2022-11-14 12:30:00,0.11640000,0.11760000,0.11600000,0.11750000,21136.00000000,BEAMUSDT
2022-11-14 12:45:00,0.11700000,0.11760000,0.11690000,0.11730000,3183.00000000,BEAMUSDT
2022-11-14 13:00:00,0.11760000,0.11810000,0.11680000,0.11810000,46921.00000000,BEAMUSDT
2022-11-14 13:15:00,0.11810000,0.11830000,0.11710000,0.11750000,69116.00000000,BEAMUSDT
2022-11-14 13:30:00,0.11720000,0.11770000,0.11720000,0.11750000,3623.00000000,BEAMUSDT
2022-11-14 13:45:00,0.11750000,0.11750000,0.11300000,0.11500000,129338.00000000,BEAMUSDT
2022-11-14 14:00:00,0.11500000,0.11680000,0.11500000,0.11650000,74640.00000000,BEAMUSDT
2022-11-14 14:15:00,0.11600000,0.11630000,0.11370000,0.11460000,73528.00000000,BEAMUSDT
2022-11-14 14:30:00,0.11480000,0.11480000,0.11110000,0.11290000,188766.00000000,BEAMUSDT
2022-11-14 14:45:00,0.11260000,0.11340000,0.11250000,0.11340000,21128.00000000,BEAMUSDT
2022-11-14 15:00:00,0.11340000,0.11380000,0.11310000,0.11380000,14269.00000000,BEAMUSDT
2022-11-14 15:15:00,0.11400000,0.11400000,0.11220000,0.11370000,124905.00000000,BEAMUSDT
2022-11-14 15:30:00,0.11300000,0.11330000,0.11230000,0.11310000,28243.00000000,BEAMUSDT
2022-11-14 15:45:00,0.11310000,0.11440000,0.11270000,0.11390000,39600.00000000,BEAMUSDT
2022-11-14 16:00:00,0.11430000,0.11450000,0.11360000,0.11360000,9277.00000000,BEAMUSDT
2022-11-14 16:15:00,0.11360000,0.11360000,0.11230000,0.11250000,21083.00000000,BEAMUSDT
2022-11-14 16:30:00,0.11250000,0.11290000,0.11210000,0.11280000,54258.00000000,BEAMUSDT
2022-11-14 16:45:00,0.11250000,0.11280000,0.11230000,0.11270000,12222.00000000,BEAMUSDT
2022-11-14 17:00:00,0.11300000,0.11320000,0.11250000,0.11300000,13190.00000000,BEAMUSDT
2022-11-14 17:15:00,0.11310000,0.11320000,0.11190000,0.11270000,123856.00000000,BEAMUSDT
2022-11-14 17:30:00,0.11280000,0.11300000,0.11220000,0.11260000,31723.00000000,BEAMUSDT
2022-11-14 17:45:00,0.11250000,0.11250000,0.11230000,0.11230000,22272.00000000,BEAMUSDT
2022-11-14 18:00:00,0.11240000,0.11370000,0.11230000,0.11340000,42835.00000000,BEAMUSDT
2022-11-14 18:15:00,0.11300000,0.11350000,0.11290000,0.11350000,12935.00000000,BEAMUSDT
2022-11-14 18:30:00,0.11320000,0.11370000,0.11310000,0.11340000,15327.00000000,BEAMUSDT
2022-11-14 18:45:00,0.11390000,0.11400000,0.11330000,0.11380000,9917.00000000,BEAMUSDT
2022-11-14 19:00:00,0.11330000,0.11380000,0.11330000,0.11340000,2499.00000000,BEAMUSDT
2022-11-14 19:15:00,0.11330000,0.11330000,0.11310000,0.11310000,9444.00000000,BEAMUSDT
2022-11-14 19:30:00,0.11310000,0.11330000,0.11270000,0.11270000,4585.00000000,BEAMUSDT
2022-11-14 19:45:00,0.11260000,0.11260000,0.11180000,0.11220000,27063.00000000,BEAMUSDT
2022-11-14 20:00:00,0.11190000,0.11250000,0.11180000,0.11240000,11237.00000000,BEAMUSDT
2022-11-14 20:15:00,0.11230000,0.11310000,0.11190000,0.11280000,19525.00000000,BEAMUSDT
2022-11-14 20:30:00,0.11270000,0.11340000,0.11270000,0.11320000,12844.00000000,BEAMUSDT
2022-11-14 20:45:00,0.11310000,0.11310000,0.11280000,0.11290000,16475.00000000,BEAMUSDT
2022-11-14 21:00:00,0.11320000,0.11390000,0.11310000,0.11360000,41134.00000000,BEAMUSDT
2022-11-14 21:15:00,0.11390000,0.11450000,0.11380000,0.11400000,13055.00000000,BEAMUSDT
2022-11-14 21:30:00,0.11400000,0.11450000,0.11390000,0.11440000,3369.00000000,BEAMUSDT
2022-11-14 21:45:00,0.11410000,0.11410000,0.11410000,0.11410000,5948.00000000,BEAMUSDT
2022-11-14 22:00:00,0.11450000,0.11460000,0.11410000,0.11420000,10046.00000000,BEAMUSDT
2022-11-14 22:15:00,0.11420000,0.11470000,0.11410000,0.11460000,9786.00000000,BEAMUSDT
2022-11-14 22:30:00,0.11430000,0.11470000,0.11420000,0.11430000,7432.00000000,BEAMUSDT
2022-11-14 22:45:00,0.11470000,0.11560000,0.11450000,0.11500000,26147.00000000,BEAMUSDT
2022-11-14 23:00:00,0.11490000,0.11580000,0.11490000,0.11550000,6214.00000000,BEAMUSDT
2022-11-14 23:15:00,0.11580000,0.11680000,0.11550000,0.11650000,37588.00000000,BEAMUSDT
2022-11-14 23:30:00,0.11610000,0.11610000,0.11610000,0.11610000,251.00000000,BEAMUSDT
2022-11-14 23:45:00,0.11620000,0.11630000,0.11600000,0.11610000,12715.00000000,BEAMUSDT
2022-11-15 00:00:00,0.11600000,0.11640000,0.11590000,0.11590000,7421.00000000,BEAMUSDT
2022-11-15 00:15:00,0.11630000,0.11630000,0.11560000,0.11610000,19252.00000000,BEAMUSDT
2022-11-15 00:30:00,0.11610000,0.11630000,0.11590000,0.11630000,2564.00000000,BEAMUSDT
2022-11-15 00:45:00,0.11600000,0.11600000,0.11550000,0.11550000,76555.00000000,BEAMUSDT
2022-11-15 01:00:00,0.11520000,0.11560000,0.11520000,0.11530000,8032.00000000,BEAMUSDT
2022-11-15 01:15:00,0.11560000,0.11570000,0.11540000,0.11570000,7422.00000000,BEAMUSDT
2022-11-15 01:30:00,0.11570000,0.11630000,0.11560000,0.11630000,2854.00000000,BEAMUSDT
2022-11-15 01:45:00,0.11650000,0.11680000,0.11650000,0.11650000,1844.00000000,BEAMUSDT
2022-11-15 02:00:00,0.11650000,0.11730000,0.11650000,0.11680000,9634.00000000,BEAMUSDT
2022-11-15 02:15:00,0.11720000,0.11720000,0.11670000,0.11680000,11063.00000000,BEAMUSDT
2022-11-15 02:30:00,0.11680000,0.11730000,0.11670000,0.11720000,2377.00000000,BEAMUSDT
2022-11-15 02:45:00,0.11720000,0.11750000,0.11720000,0.11720000,3766.00000000,BEAMUSDT
2022-11-15 03:00:00,0.11720000,0.11750000,0.11690000,0.11720000,10250.00000000,BEAMUSDT
2022-11-15 03:15:00,0.11750000,0.11760000,0.11730000,0.11760000,4347.00000000,BEAMUSDT
2022-11-15 03:30:00,0.11750000,0.11760000,0.11720000,0.11720000,2657.00000000,BEAMUSDT
2022-11-15 03:45:00,0.11720000,0.11740000,0.11700000,0.11710000,8464.00000000,BEAMUSDT
2022-11-15 04:00:00,0.11700000,0.11740000,0.11690000,0.11740000,4212.00000000,BEAMUSDT
2022-11-15 04:15:00,0.11740000,0.11740000,0.11700000,0.11700000,7865.00000000,BEAMUSDT
2022-11-15 04:30:00,0.11700000,0.11740000,0.11700000,0.11740000,3156.00000000,BEAMUSDT
2022-11-15 04:45:00,0.11740000,0.11740000,0.11690000,0.11690000,21928.00000000,BEAMUSDT
2022-11-15 05:00:00,0.11710000,0.11720000,0.11680000,0.11720000,4506.00000000,BEAMUSDT
2022-11-15 05:15:00,0.11690000,0.11750000,0.11690000,0.11740000,10828.00000000,BEAMUSDT
2022-11-15 05:30:00,0.11740000,0.11860000,0.11740000,0.11810000,111474.00000000,BEAMUSDT
2022-11-15 05:45:00,0.11810000,0.11850000,0.11800000,0.11800000,17694.00000000,BEAMUSDT
2022-11-15 06:00:00,0.11830000,0.11880000,0.11830000,0.11840000,13360.00000000,BEAMUSDT
2022-11-15 06:15:00,0.11840000,0.11870000,0.11840000,0.11840000,4723.00000000,BEAMUSDT
2022-11-15 06:30:00,0.11830000,0.11830000,0.11720000,0.11750000,47188.00000000,BEAMUSDT
2022-11-15 06:45:00,0.11750000,0.11910000,0.11750000,0.11880000,79158.00000000,BEAMUSDT
2022-11-15 07:00:00,0.11870000,0.11880000,0.11850000,0.11880000,4004.00000000,BEAMUSDT
2022-11-15 07:15:00,0.11870000,0.12080000,0.11860000,0.12070000,223374.00000000,BEAMUSDT
2022-11-15 07:30:00,0.12080000,0.12100000,0.11990000,0.12080000,107908.00000000,BEAMUSDT
2022-11-15 07:45:00,0.12070000,0.12070000,0.12070000,0.12070000,3956.00000000,BEAMUSDT
2022-11-15 08:00:00,0.12070000,0.12110000,0.12070000,0.12090000,21304.00000000,BEAMUSDT
2022-11-15 08:15:00,0.12100000,0.12160000,0.12090000,0.12110000,30073.00000000,BEAMUSDT
2022-11-15 08:30:00,0.12160000,0.12180000,0.12130000,0.12140000,48293.00000000,BEAMUSDT
2022-11-15 08:45:00,0.12130000,0.12200000,0.12070000,0.12160000,59127.00000000,BEAMUSDT
2022-11-15 09:00:00,0.12120000,0.12120000,0.12080000,0.12090000,73042.00000000,BEAMUSDT
2022-11-15 09:15:00,0.12070000,0.12080000,0.11950000,0.11960000,92610.00000000,BEAMUSDT
2022-11-15 09:30:00,0.11960000,0.11990000,0.11950000,0.11950000,11543.00000000,BEAMUSDT
2022-11-15 09:45:00,0.12000000,0.12080000,0.12000000,0.12050000,17374.00000000,BEAMUSDT
2022-11-15 10:00:00,0.12060000,0.12180000,0.12060000,0.12180000,46834.00000000,BEAMUSDT
2022-11-15 10:15:00,0.12180000,0.12260000,0.12130000,0.12180000,32452.00000000,BEAMUSDT
2022-11-15 10:30:00,0.12150000,0.12280000,0.12150000,0.12190000,48607.00000000,BEAMUSDT
2022-11-15 10:45:00,0.12200000,0.12330000,0.12200000,0.12290000,65493.00000000,BEAMUSDT
2022-11-15 11:00:00,0.12300000,0.12380000,0.12280000,0.12350000,229925.00000000,BEAMUSDT
2022-11-15 11:15:00,0.12350000,0.12390000,0.12230000,0.12290000,94132.00000000,BEAMUSDT
2022-11-15 11:30:00,0.12290000,0.12320000,0.12250000,0.12310000,6642.00000000,BEAMUSDT
2022-11-15 11:45:00,0.12310000,0.12310000,0.12090000,0.12190000,65942.00000000,BEAMUSDT
2022-11-15 12:00:00,0.12200000,0.12220000,0.12170000,0.12170000,13919.00000000,BEAMUSDT
2022-11-15 12:15:00,0.12240000,0.12240000,0.12180000,0.12220000,20680.00000000,BEAMUSDT
2022-11-15 12:30:00,0.12240000,0.12290000,0.12200000,0.12270000,16493.00000000,BEAMUSDT
2022-11-15 12:45:00,0.12250000,0.12290000,0.12140000,0.12270000,49203.00000000,BEAMUSDT
2022-11-15 13:00:00,0.12260000,0.12260000,0.12240000,0.12240000,3810.00000000,BEAMUSDT
2022-11-15 13:15:00,0.12250000,0.12270000,0.12220000,0.12270000,11081.00000000,BEAMUSDT
2022-11-15 13:30:00,0.12270000,0.12320000,0.12200000,0.12260000,76991.00000000,BEAMUSDT
2022-11-15 13:45:00,0.12240000,0.12300000,0.12190000,0.12190000,25505.00000000,BEAMUSDT
2022-11-15 14:00:00,0.12310000,0.12320000,0.12220000,0.12260000,43927.00000000,BEAMUSDT
2022-11-15 14:15:00,0.12250000,0.12280000,0.12250000,0.12250000,3339.00000000,BEAMUSDT
2022-11-15 14:30:00,0.12250000,0.12250000,0.12190000,0.12190000,14747.00000000,BEAMUSDT
2022-11-15 14:45:00,0.12220000,0.12220000,0.12100000,0.12110000,23815.00000000,BEAMUSDT
2022-11-15 15:00:00,0.12110000,0.12170000,0.12100000,0.12170000,27473.00000000,BEAMUSDT
2022-11-15 15:15:00,0.12130000,0.12320000,0.12130000,0.12280000,41809.00000000,BEAMUSDT
2022-11-15 15:30:00,0.12260000,0.12370000,0.12260000,0.12330000,22719.00000000,BEAMUSDT
2022-11-15 15:45:00,0.12340000,0.12370000,0.12300000,0.12310000,23697.00000000,BEAMUSDT
2022-11-15 16:00:00,0.12310000,0.12320000,0.12270000,0.12280000,10378.00000000,BEAMUSDT
2022-11-15 16:15:00,0.12280000,0.12370000,0.12250000,0.12340000,27667.00000000,BEAMUSDT
2022-11-15 16:30:00,0.12280000,0.12340000,0.12240000,0.12240000,5850.00000000,BEAMUSDT
2022-11-15 16:45:00,0.12220000,0.12260000,0.12150000,0.12210000,30050.00000000,BEAMUSDT
2022-11-15 17:00:00,0.12200000,0.12230000,0.12140000,0.12220000,10468.00000000,BEAMUSDT
2022-11-15 17:15:00,0.12220000,0.12260000,0.12210000,0.12220000,33174.00000000,BEAMUSDT
2022-11-15 17:30:00,0.12230000,0.12290000,0.12220000,0.12270000,27222.00000000,BEAMUSDT
2022-11-15 17:45:00,0.12300000,0.12420000,0.12250000,0.12420000,74118.00000000,BEAMUSDT
2022-11-15 18:00:00,0.12440000,0.12490000,0.12270000,0.12340000,185595.00000000,BEAMUSDT
2022-11-15 18:15:00,0.12340000,0.12380000,0.12200000,0.12250000,85994.00000000,BEAMUSDT
2022-11-15 18:30:00,0.12200000,0.12200000,0.11990000,0.11990000,110805.00000000,BEAMUSDT
2022-11-15 18:45:00,0.12040000,0.12040000,0.11890000,0.11990000,100874.00000000,BEAMUSDT
2022-11-15 19:00:00,0.11950000,0.12030000,0.11940000,0.12030000,23598.00000000,BEAMUSDT
2022-11-15 19:15:00,0.12010000,0.12070000,0.11970000,0.12020000,22995.00000000,BEAMUSDT
2022-11-15 19:30:00,0.12070000,0.12070000,0.12000000,0.12050000,4436.00000000,BEAMUSDT
2022-11-15 19:45:00,0.12050000,0.12060000,0.12010000,0.12060000,35712.00000000,BEAMUSDT
2022-11-15 20:00:00,0.12080000,0.12110000,0.12030000,0.12030000,44613.00000000,BEAMUSDT
2022-11-15 20:15:00,0.12040000,0.12090000,0.12030000,0.12040000,7195.00000000,BEAMUSDT
2022-11-15 20:30:00,0.12040000,0.12140000,0.12040000,0.12090000,7024.00000000,BEAMUSDT
2022-11-15 20:45:00,0.12100000,0.12100000,0.12050000,0.12050000,7002.00000000,BEAMUSDT
2022-11-15 21:00:00,0.12050000,0.12090000,0.12010000,0.12060000,21258.00000000,BEAMUSDT
2022-11-15 21:15:00,0.12000000,0.12100000,0.12000000,0.12010000,14469.00000000,BEAMUSDT
2022-11-15 21:30:00,0.12020000,0.12070000,0.12020000,0.12060000,945.00000000,BEAMUSDT
2022-11-15 21:45:00,0.12060000,0.12080000,0.12040000,0.12080000,38464.00000000,BEAMUSDT
2022-11-15 22:00:00,0.12130000,0.12150000,0.12080000,0.12100000,3494.00000000,BEAMUSDT
2022-11-15 22:15:00,0.12150000,0.12160000,0.12080000,0.12080000,17054.00000000,BEAMUSDT
2022-11-15 22:30:00,0.12090000,0.12130000,0.12080000,0.12090000,1581.00000000,BEAMUSDT
2022-11-15 22:45:00,0.12110000,0.12160000,0.12000000,0.12100000,54286.00000000,BEAMUSDT
2022-11-15 23:00:00,0.12020000,0.12080000,0.12020000,0.12080000,6234.00000000,BEAMUSDT
2022-11-15 23:15:00,0.12060000,0.12100000,0.12040000,0.12040000,11634.00000000,BEAMUSDT
2022-11-15 23:30:00,0.12080000,0.12150000,0.12050000,0.12090000,14724.00000000,BEAMUSDT
2022-11-15 23:45:00,0.12110000,0.12120000,0.12110000,0.12120000,1205.00000000,BEAMUSDT
2022-11-16 00:00:00,0.12140000,0.12200000,0.12140000,0.12150000,8618.00000000,BEAMUSDT
2022-11-16 00:15:00,0.12150000,0.12160000,0.12100000,0.12100000,2460.00000000,BEAMUSDT
2022-11-16 00:30:00,0.12090000,0.12140000,0.12090000,0.12100000,3029.00000000,BEAMUSDT
2022-11-16 00:45:00,0.12130000,0.12140000,0.12120000,0.12120000,1448.00000000,BEAMUSDT
2022-11-16 01:00:00,0.12090000,0.12110000,0.12060000,0.12060000,4806.00000000,BEAMUSDT
2022-11-16 01:15:00,0.12100000,0.12130000,0.12060000,0.12120000,5737.00000000,BEAMUSDT
2022-11-16 01:30:00,0.12090000,0.12100000,0.12080000,0.12080000,5468.00000000,BEAMUSDT
2022-11-16 01:45:00,0.12080000,0.12080000,0.12070000,0.12080000,14797.00000000,BEAMUSDT
2022-11-16 02:00:00,0.12080000,0.12080000,0.12060000,0.12080000,4153.00000000,BEAMUSDT
2022-11-16 02:15:00,0.12070000,0.12080000,0.12070000,0.12080000,9715.00000000,BEAMUSDT
2022-11-16 02:30:00,0.12120000,0.12120000,0.12090000,0.12100000,4135.00000000,BEAMUSDT
2022-11-16 02:45:00,0.12090000,0.12150000,0.12090000,0.12110000,5732.00000000,BEAMUSDT
2022-11-16 03:00:00,0.12150000,0.12170000,0.12110000,0.12170000,9825.00000000,BEAMUSDT
2022-11-16 03:15:00,0.12170000,0.12170000,0.12050000,0.12100000,18723.00000000,BEAMUSDT
2022-11-16 03:30:00,0.12100000,0.12100000,0.12040000,0.12100000,7912.00000000,BEAMUSDT
2022-11-16 03:45:00,0.12100000,0.12110000,0.12080000,0.12080000,1738.00000000,BEAMUSDT
2022-11-16 04:00:00,0.12110000,0.12110000,0.12080000,0.12080000,953.00000000,BEAMUSDT
2022-11-16 04:15:00,0.12070000,0.12090000,0.12070000,0.12090000,11671.00000000,BEAMUSDT
2022-11-16 04:30:00,0.12070000,0.12090000,0.12040000,0.12080000,2070.00000000,BEAMUSDT
2022-11-16 04:45:00,0.12090000,0.12100000,0.12030000,0.12070000,5436.00000000,BEAMUSDT
2022-11-16 05:00:00,0.12060000,0.12060000,0.12030000,0.12060000,1731.00000000,BEAMUSDT
2022-11-16 05:15:00,0.12060000,0.12090000,0.12060000,0.12090000,1842.00000000,BEAMUSDT
2022-11-16 05:30:00,0.12100000,0.12120000,0.12060000,0.12100000,12568.00000000,BEAMUSDT
2022-11-16 05:45:00,0.12060000,0.12070000,0.12040000,0.12040000,22421.00000000,BEAMUSDT
2022-11-16 06:00:00,0.12070000,0.12110000,0.12060000,0.12060000,18676.00000000,BEAMUSDT
2022-11-16 06:15:00,0.12040000,0.12070000,0.12010000,0.12010000,9837.00000000,BEAMUSDT
2022-11-16 06:30:00,0.12010000,0.12010000,0.12010000,0.12010000,18460.00000000,BEAMUSDT
2022-11-16 06:45:00,0.12010000,0.12010000,0.12000000,0.12010000,8023.00000000,BEAMUSDT
2022-11-16 07:00:00,0.12000000,0.12000000,0.11960000,0.11960000,15534.00000000,BEAMUSDT
2022-11-16 07:15:00,0.11970000,0.11970000,0.11950000,0.11960000,9198.00000000,BEAMUSDT
2022-11-16 07:30:00,0.11950000,0.11960000,0.11890000,0.11900000,103734.00000000,BEAMUSDT
2022-11-16 07:45:00,0.11900000,0.11980000,0.11890000,0.11960000,131196.00000000,BEAMUSDT
2022-11-16 08:00:00,0.11960000,0.11960000,0.11870000,0.11880000,26465.00000000,BEAMUSDT
2022-11-16 08:15:00,0.11900000,0.12010000,0.11870000,0.11930000,72616.00000000,BEAMUSDT
2022-11-16 08:30:00,0.11930000,0.11980000,0.11880000,0.11980000,28121.00000000,BEAMUSDT
2022-11-16 08:45:00,0.11990000,0.12020000,0.11860000,0.11930000,61491.00000000,BEAMUSDT
2022-11-16 09:00:00,0.11910000,0.12040000,0.11900000,0.11990000,27042.00000000,BEAMUSDT
2022-11-16 09:15:00,0.12000000,0.12120000,0.12000000,0.12030000,17127.00000000,BEAMUSDT
2022-11-16 09:30:00,0.12010000,0.12070000,0.11930000,0.12020000,31030.00000000,BEAMUSDT
2022-11-16 09:45:00,0.12060000,0.12100000,0.11970000,0.12040000,25602.00000000,BEAMUSDT
2022-11-16 10:00:00,0.12090000,0.12110000,0.12040000,0.12050000,31467.00000000,BEAMUSDT
2022-11-16 10:15:00,0.12090000,0.12090000,0.12000000,0.12000000,8627.00000000,BEAMUSDT
2022-11-16 10:30:00,0.12040000,0.12040000,0.11920000,0.11960000,15177.00000000,BEAMUSDT
2022-11-16 10:45:00,0.11940000,0.11960000,0.11900000,0.11950000,11812.00000000,BEAMUSDT
2022-11-16 11:00:00,0.11990000,0.12010000,0.11960000,0.11970000,3467.00000000,BEAMUSDT
2022-11-16 11:15:00,0.11950000,0.12000000,0.11950000,0.11960000,4751.00000000,BEAMUSDT
2022-11-16 11:30:00,0.11960000,0.12000000,0.11950000,0.12000000,4238.00000000,BEAMUSDT
2022-11-16 11:45:00,0.11960000,0.11980000,0.11950000,0.11950000,8687.00000000,BEAMUSDT
2022-11-16 12:00:00,0.11950000,0.11980000,0.11950000,0.11950000,3541.00000000,BEAMUSDT
2022-11-16 12:15:00,0.11950000,0.11950000,0.11900000,0.11930000,3363.00000000,BEAMUSDT
2022-11-16 12:30:00,0.11910000,0.11970000,0.11910000,0.11940000,12577.00000000,BEAMUSDT
2022-11-16 12:45:00,0.11940000,0.11970000,0.11930000,0.11960000,2781.00000000,BEAMUSDT
2022-11-16 13:00:00,0.11930000,0.11950000,0.11910000,0.11920000,3926.00000000,BEAMUSDT
2022-11-16 13:15:00,0.11950000,0.11950000,0.11910000,0.11950000,9246.00000000,BEAMUSDT
2022-11-16 13:30:00,0.11920000,0.11980000,0.11920000,0.11940000,27416.00000000,BEAMUSDT
2022-11-16 13:45:00,0.11990000,0.11990000,0.11910000,0.11950000,15783.00000000,BEAMUSDT
2022-11-16 14:00:00,0.11910000,0.11940000,0.11500000,0.11530000,146332.00000000,BEAMUSDT
2022-11-16 14:15:00,0.11550000,0.11600000,0.11530000,0.11570000,106481.00000000,BEAMUSDT
2022-11-16 14:30:00,0.11630000,0.11750000,0.11600000,0.11620000,87795.00000000,BEAMUSDT
2022-11-16 14:45:00,0.11620000,0.11630000,0.11600000,0.11630000,4183.00000000,BEAMUSDT
2022-11-16 15:00:00,0.11600000,0.11600000,0.11560000,0.11600000,18630.00000000,BEAMUSDT
2022-11-16 15:15:00,0.11570000,0.11600000,0.11570000,0.11580000,7553.00000000,BEAMUSDT
2022-11-16 15:30:00,0.11600000,0.11600000,0.11570000,0.11570000,27789.00000000,BEAMUSDT
2022-11-16 15:45:00,0.11570000,0.11580000,0.11480000,0.11500000,34437.00000000,BEAMUSDT
2022-11-16 16:00:00,0.11470000,0.11500000,0.11460000,0.11500000,27307.00000000,BEAMUSDT
2022-11-16 16:15:00,0.11480000,0.11500000,0.11480000,0.11500000,20651.00000000,BEAMUSDT
2022-11-16 16:30:00,0.11480000,0.11510000,0.11480000,0.11510000,54013.00000000,BEAMUSDT
2022-11-16 16:45:00,0.11540000,0.11580000,0.11530000,0.11540000,8659.00000000,BEAMUSDT
2022-11-16 17:00:00,0.11550000,0.11580000,0.11530000,0.11560000,6029.00000000,BEAMUSDT
2022-11-16 17:15:00,0.11550000,0.11580000,0.11550000,0.11580000,1634.00000000,BEAMUSDT
2022-11-16 17:30:00,0.11560000,0.11630000,0.11550000,0.11590000,14617.00000000,BEAMUSDT
2022-11-16 17:45:00,0.11630000,0.11650000,0.11610000,0.11630000,16721.00000000,BEAMUSDT
2022-11-16 18:00:00,0.11670000,0.11670000,0.11610000,0.11630000,13608.00000000,BEAMUSDT
2022-11-16 18:15:00,0.11610000,0.11620000,0.11590000,0.11620000,1899.00000000,BEAMUSDT
2022-11-16 18:30:00,0.11610000,0.11620000,0.11590000,0.11620000,12293.00000000,BEAMUSDT
2022-11-16 18:45:00,0.11600000,0.11640000,0.11600000,0.11610000,4874.00000000,BEAMUSDT
2022-11-16 19:00:00,0.11630000,0.11660000,0.11590000,0.11600000,4743.00000000,BEAMUSDT
2022-11-16 19:15:00,0.11620000,0.11630000,0.11580000,0.11610000,34995.00000000,BEAMUSDT
2022-11-16 19:30:00,0.11620000,0.12100000,0.11620000,0.11950000,1142610.00000000,BEAMUSDT
2022-11-16 19:45:00,0.11910000,0.12130000,0.11890000,0.12020000,191885.00000000,BEAMUSDT
2022-11-16 20:00:00,0.12000000,0.12310000,0.12000000,0.12090000,319527.00000000,BEAMUSDT
2022-11-16 20:15:00,0.12120000,0.12200000,0.12090000,0.12150000,44913.00000000,BEAMUSDT
2022-11-16 20:30:00,0.12170000,0.12240000,0.12140000,0.12160000,40344.00000000,BEAMUSDT
2022-11-16 20:45:00,0.12180000,0.12250000,0.12150000,0.12150000,61313.00000000,BEAMUSDT
2022-11-16 21:00:00,0.12150000,0.12190000,0.12140000,0.12140000,53133.00000000,BEAMUSDT
2022-11-16 21:15:00,0.12150000,0.12190000,0.12120000,0.12150000,75073.00000000,BEAMUSDT
2022-11-16 21:30:00,0.12150000,0.12150000,0.12110000,0.12120000,11695.00000000,BEAMUSDT
2022-11-16 21:45:00,0.12120000,0.12150000,0.12090000,0.12100000,63544.00000000,BEAMUSDT
2022-11-16 22:00:00,0.12120000,0.12170000,0.12090000,0.12110000,24783.00000000,BEAMUSDT
2022-11-16 22:15:00,0.12120000,0.12160000,0.12100000,0.12140000,45482.00000000,BEAMUSDT
2022-11-16 22:30:00,0.12140000,0.12230000,0.12110000,0.12200000,37846.00000000,BEAMUSDT
2022-11-16 22:45:00,0.12200000,0.12230000,0.12130000,0.12210000,18567.00000000,BEAMUSDT
2022-11-16 23:00:00,0.12220000,0.12390000,0.12210000,0.12360000,173194.00000000,BEAMUSDT
2022-11-16 23:15:00,0.12340000,0.12400000,0.12260000,0.12360000,73608.00000000,BEAMUSDT
2022-11-16 23:30:00,0.12370000,0.12400000,0.12300000,0.12330000,87628.00000000,BEAMUSDT
2022-11-16 23:45:00,0.12290000,0.12320000,0.12270000,0.12320000,1504.00000000,BEAMUSDT
2022-11-17 00:00:00,0.12320000,0.12340000,0.12310000,0.12330000,10456.00000000,BEAMUSDT
2022-11-17 00:15:00,0.12330000,0.12330000,0.12260000,0.12280000,12064.00000000,BEAMUSDT
2022-11-17 00:30:00,0.12290000,0.12320000,0.12260000,0.12290000,33934.00000000,BEAMUSDT
2022-11-17 00:45:00,0.12310000,0.12330000,0.12310000,0.12310000,25570.00000000,BEAMUSDT
2022-11-17 01:00:00,0.12330000,0.12470000,0.12330000,0.12420000,53676.00000000,BEAMUSDT
2022-11-17 01:15:00,0.12460000,0.12470000,0.12430000,0.12430000,1537.00000000,BEAMUSDT
2022-11-17 01:30:00,0.12430000,0.12600000,0.12430000,0.12500000,128656.00000000,BEAMUSDT
2022-11-17 01:45:00,0.12470000,0.12470000,0.12390000,0.12400000,26575.00000000,BEAMUSDT
2022-11-17 02:00:00,0.12420000,0.12420000,0.12390000,0.12390000,831.00000000,BEAMUSDT
2022-11-17 02:15:00,0.12380000,0.12390000,0.12360000,0.12360000,19350.00000000,BEAMUSDT
2022-11-17 02:30:00,0.12360000,0.12420000,0.12360000,0.12420000,3343.00000000,BEAMUSDT
2022-11-17 02:45:00,0.12380000,0.12380000,0.12330000,0.12380000,12907.00000000,BEAMUSDT
2022-11-17 03:00:00,0.12330000,0.12670000,0.12330000,0.12610000,167076.00000000,BEAMUSDT
2022-11-17 03:15:00,0.12610000,0.12610000,0.12470000,0.12470000,54529.00000000,BEAMUSDT
2022-11-17 03:30:00,0.12470000,0.12520000,0.12460000,0.12520000,14826.00000000,BEAMUSDT
2022-11-17 03:45:00,0.12520000,0.12520000,0.12340000,0.12370000,61318.00000000,BEAMUSDT
2022-11-17 04:00:00,0.12380000,0.12390000,0.12290000,0.12290000,32122.00000000,BEAMUSDT
2022-11-17 04:15:00,0.12290000,0.12350000,0.12290000,0.12310000,24611.00000000,BEAMUSDT
2022-11-17 04:30:00,0.12360000,0.12430000,0.12290000,0.12350000,68569.00000000,BEAMUSDT
2022-11-17 04:45:00,0.12370000,0.12380000,0.12330000,0.12330000,22165.00000000,BEAMUSDT
2022-11-17 05:00:00,0.12370000,0.12390000,0.12330000,0.12370000,22956.00000000,BEAMUSDT
2022-11-17 05:15:00,0.12350000,0.12350000,0.12320000,0.12320000,11059.00000000,BEAMUSDT
2022-11-17 05:30:00,0.12330000,0.12340000,0.12230000,0.12320000,57913.00000000,BEAMUSDT
2022-11-17 05:45:00,0.12320000,0.12330000,0.12320000,0.12330000,2117.00000000,BEAMUSDT
2022-11-17 06:00:00,0.12320000,0.12390000,0.12320000,0.12390000,50277.00000000,BEAMUSDT
2022-11-17 06:15:00,0.12370000,0.12390000,0.12360000,0.12360000,16658.00000000,BEAMUSDT
2022-11-17 06:30:00,0.12360000,0.12360000,0.12340000,0.12340000,7626.00000000,BEAMUSDT
2022-11-17 06:45:00,0.12350000,0.12350000,0.12340000,0.12350000,21615.00000000,BEAMUSDT
2022-11-17 07:00:00,0.12350000,0.12470000,0.12340000,0.12470000,85460.00000000,BEAMUSDT
2022-11-17 07:15:00,0.12460000,0.12570000,0.12430000,0.12560000,25887.00000000,BEAMUSDT
2022-11-17 07:30:00,0.12560000,0.12570000,0.12440000,0.12480000,31374.00000000,BEAMUSDT
2022-11-17 07:45:00,0.12500000,0.12590000,0.12500000,0.12520000,78446.00000000,BEAMUSDT
2022-11-17 08:00:00,0.12550000,0.12550000,0.12480000,0.12520000,22890.00000000,BEAMUSDT
2022-11-17 08:15:00,0.12450000,0.12520000,0.12450000,0.12470000,7174.00000000,BEAMUSDT
2022-11-17 08:30:00,0.12500000,0.12510000,0.12450000,0.12480000,3150.00000000,BEAMUSDT
2022-11-17 08:45:00,0.12480000,0.12510000,0.12460000,0.12500000,3592.00000000,BEAMUSDT
2022-11-17 09:00:00,0.12470000,0.12490000,0.12420000,0.12450000,35262.00000000,BEAMUSDT
2022-11-17 09:15:00,0.12410000,0.12430000,0.12380000,0.12380000,17569.00000000,BEAMUSDT
2022-11-17 09:30:00,0.12430000,0.12430000,0.12290000,0.12350000,74712.00000000,BEAMUSDT
2022-11-17 09:45:00,0.12330000,0.12330000,0.12250000,0.12290000,24831.00000000,BEAMUSDT
2022-11-17 10:00:00,0.12320000,0.12320000,0.12240000,0.12250000,20147.00000000,BEAMUSDT
2022-11-17 10:15:00,0.12280000,0.12280000,0.12230000,0.12230000,2138.00000000,BEAMUSDT
2022-11-17 10:30:00,0.12230000,0.12260000,0.12220000,0.12230000,8830.00000000,BEAMUSDT
2022-11-17 10:45:00,0.12230000,0.12230000,0.12220000,0.12220000,8395.00000000,BEAMUSDT
2022-11-17 11:00:00,0.12250000,0.12250000,0.12210000,0.12240000,3389.00000000,BEAMUSDT
2022-11-17 11:15:00,0.12240000,0.12270000,0.12230000,0.12270000,36442.00000000,BEAMUSDT
2022-11-17 11:30:00,0.12230000,0.12270000,0.12150000,0.12200000,92198.00000000,BEAMUSDT
2022-11-17 11:45:00,0.12230000,0.12230000,0.12080000,0.12200000,122746.00000000,BEAMUSDT
2022-11-17 12:00:00,0.12200000,0.12200000,0.12170000,0.12200000,35764.00000000,BEAMUSDT
2022-11-17 12:15:00,0.12190000,0.12190000,0.12090000,0.12100000,95746.00000000,BEAMUSDT
2022-11-17 12:30:00,0.12090000,0.12130000,0.12090000,0.12130000,16172.00000000,BEAMUSDT
2022-11-17 12:45:00,0.12120000,0.12120000,0.12040000,0.12070000,13319.00000000,BEAMUSDT
2022-11-17 13:00:00,0.12070000,0.12110000,0.12070000,0.12070000,15652.00000000,BEAMUSDT
2022-11-17 13:15:00,0.12070000,0.12070000,0.12000000,0.12000000,69943.00000000,BEAMUSDT
2022-11-17 13:30:00,0.12000000,0.12020000,0.12000000,0.12020000,3607.00000000,BEAMUSDT
2022-11-17 13:45:00,0.12020000,0.12050000,0.12000000,0.12020000,22316.00000000,BEAMUSDT
2022-11-17 14:00:00,0.12030000,0.12100000,0.12010000,0.12070000,30194.00000000,BEAMUSDT
2022-11-17 14:15:00,0.12090000,0.12090000,0.11960000,0.12010000,7181.00000000,BEAMUSDT
2022-11-17 14:30:00,0.12000000,0.12150000,0.11980000,0.12150000,173620.00000000,BEAMUSDT
2022-11-17 14:45:00,0.12150000,0.12220000,0.12140000,0.12170000,53083.00000000,BEAMUSDT
2022-11-17 15:00:00,0.12100000,0.12150000,0.12070000,0.12130000,13121.00000000,BEAMUSDT
2022-11-17 15:15:00,0.12180000,0.12290000,0.12180000,0.12190000,13649.00000000,BEAMUSDT
2022-11-17 15:30:00,0.12190000,0.12190000,0.12120000,0.12150000,19356.00000000,BEAMUSDT
2022-11-17 15:45:00,0.12140000,0.12140000,0.12020000,0.12060000,56555.00000000,BEAMUSDT
2022-11-17 16:00:00,0.12020000,0.12080000,0.11990000,0.12060000,9539.00000000,BEAMUSDT
2022-11-17 16:15:00,0.12080000,0.12090000,0.12050000,0.12090000,7352.00000000,BEAMUSDT
2022-11-17 16:30:00,0.12060000,0.12130000,0.12060000,0.12070000,15722.00000000,BEAMUSDT
2022-11-17 16:45:00,0.12070000,0.12090000,0.12050000,0.12050000,5058.00000000,BEAMUSDT
2022-11-17 17:00:00,0.12060000,0.12080000,0.12050000,0.12050000,21010.00000000,BEAMUSDT
2022-11-17 17:15:00,0.12050000,0.12060000,0.12030000,0.12050000,29239.00000000,BEAMUSDT
2022-11-17 17:30:00,0.12030000,0.12040000,0.12000000,0.12040000,5997.00000000,BEAMUSDT
2022-11-17 17:45:00,0.12010000,0.12050000,0.12010000,0.12050000,2681.00000000,BEAMUSDT
2022-11-17 18:00:00,0.12060000,0.12100000,0.12060000,0.12100000,1818.00000000,BEAMUSDT
2022-11-17 18:15:00,0.12110000,0.12110000,0.12070000,0.12090000,2314.00000000,BEAMUSDT
2022-11-17 18:30:00,0.12090000,0.12120000,0.12080000,0.12100000,9432.00000000,BEAMUSDT
2022-11-17 18:45:00,0.12090000,0.12110000,0.12080000,0.12090000,4495.00000000,BEAMUSDT
2022-11-17 19:00:00,0.12090000,0.12090000,0.12090000,0.12090000,1660.00000000,BEAMUSDT
2022-11-17 19:15:00,0.12090000,0.12110000,0.12080000,0.12080000,1834.00000000,BEAMUSDT
2022-11-17 19:30:00,0.12080000,0.12100000,0.12080000,0.12100000,1652.00000000,BEAMUSDT
2022-11-17 19:45:00,0.12080000,0.12100000,0.12050000,0.12050000,3814.00000000,BEAMUSDT
2022-11-17 20:00:00,0.12050000,0.12090000,0.12040000,0.12090000,8071.00000000,BEAMUSDT
2022-11-17 20:15:00,0.12070000,0.12080000,0.12060000,0.12060000,13508.00000000,BEAMUSDT
2022-11-17 20:30:00,0.12080000,0.12090000,0.12060000,0.12080000,2219.00000000,BEAMUSDT
2022-11-17 20:45:00,0.12080000,0.12100000,0.12070000,0.12100000,4927.00000000,BEAMUSDT
2022-11-17 21:00:00,0.12080000,0.12100000,0.12070000,0.12100000,4617.00000000,BEAMUSDT
2022-11-17 21:15:00,0.12060000,0.12080000,0.12060000,0.12060000,15864.00000000,BEAMUSDT
2022-11-17 21:30:00,0.12060000,0.12070000,0.12040000,0.12050000,1833.00000000,BEAMUSDT
2022-11-17 21:45:00,0.12050000,0.12050000,0.12050000,0.12050000,6332.00000000,BEAMUSDT
2022-11-17 22:00:00,0.12050000,0.12070000,0.12040000,0.12040000,10243.00000000,BEAMUSDT
2022-11-17 22:15:00,0.12040000,0.12060000,0.12040000,0.12040000,22781.00000000,BEAMUSDT
2022-11-17 22:30:00,0.12050000,0.12050000,0.12040000,0.12040000,3004.00000000,BEAMUSDT
2022-11-17 22:45:00,0.12040000,0.12050000,0.12040000,0.12040000,5992.00000000,BEAMUSDT
2022-11-17 23:00:00,0.12040000,0.12040000,0.12040000,0.12040000,7998.00000000,BEAMUSDT
2022-11-17 23:15:00,0.12030000,0.12050000,0.12020000,0.12020000,891.00000000,BEAMUSDT
2022-11-17 23:30:00,0.12020000,0.12020000,0.12010000,0.12010000,21059.00000000,BEAMUSDT
2022-11-17 23:45:00,0.12030000,0.12030000,0.12030000,0.12030000,343.00000000,BEAMUSDT
2022-11-18 00:00:00,0.12030000,0.12090000,0.12020000,0.12070000,8948.00000000,BEAMUSDT
2022-11-18 00:15:00,0.12070000,0.12100000,0.12070000,0.12100000,2882.00000000,BEAMUSDT
2022-11-18 00:30:00,0.12070000,0.12100000,0.12070000,0.12090000,2803.00000000,BEAMUSDT
2022-11-18 00:45:00,0.12070000,0.12110000,0.12070000,0.12110000,2797.00000000,BEAMUSDT
2022-11-18 01:00:00,0.12120000,0.12120000,0.12100000,0.12120000,1061.00000000,BEAMUSDT
2022-11-18 01:15:00,0.12100000,0.12120000,0.12080000,0.12120000,18828.00000000,BEAMUSDT
2022-11-18 01:30:00,0.12120000,0.12130000,0.12120000,0.12130000,33279.00000000,BEAMUSDT
2022-11-18 01:45:00,0.12130000,0.12130000,0.12120000,0.12130000,1801.00000000,BEAMUSDT
2022-11-18 02:00:00,0.12140000,0.12140000,0.12120000,0.12120000,3224.00000000,BEAMUSDT
2022-11-18 02:15:00,0.12130000,0.12160000,0.12130000,0.12130000,61421.00000000,BEAMUSDT
2022-11-18 02:30:00,0.12170000,0.12190000,0.12140000,0.12170000,31385.00000000,BEAMUSDT
2022-11-18 02:45:00,0.12150000,0.12190000,0.12150000,0.12160000,2533.00000000,BEAMUSDT
2022-11-18 03:00:00,0.12190000,0.12190000,0.12160000,0.12160000,631.00000000,BEAMUSDT
2022-11-18 03:15:00,0.12160000,0.12190000,0.12150000,0.12190000,8587.00000000,BEAMUSDT
2022-11-18 03:30:00,0.12170000,0.12190000,0.12160000,0.12170000,42778.00000000,BEAMUSDT
2022-11-18 03:45:00,0.12170000,0.12220000,0.12160000,0.12170000,28936.00000000,BEAMUSDT
2022-11-18 04:00:00,0.12170000,0.12180000,0.12160000,0.12160000,87153.00000000,BEAMUSDT
2022-11-18 04:15:00,0.12160000,0.12160000,0.12160000,0.12160000,0.00000000,BEAMUSDT
2022-11-18 04:30:00,0.12160000,0.12160000,0.12160000,0.12160000,906.00000000,BEAMUSDT
2022-11-18 04:45:00,0.12170000,0.12170000,0.12140000,0.12160000,4309.00000000,BEAMUSDT
2022-11-18 05:00:00,0.12140000,0.12160000,0.12140000,0.12160000,698.00000000,BEAMUSDT
2022-11-18 05:15:00,0.12150000,0.12160000,0.12140000,0.12160000,4086.00000000,BEAMUSDT
2022-11-18 05:30:00,0.12150000,0.12160000,0.12130000,0.12160000,8985.00000000,BEAMUSDT
2022-11-18 05:45:00,0.12140000,0.12160000,0.12120000,0.12150000,15540.00000000,BEAMUSDT
2022-11-18 06:00:00,0.12150000,0.12150000,0.12090000,0.12090000,21552.00000000,BEAMUSDT
2022-11-18 06:15:00,0.12100000,0.12100000,0.12090000,0.12090000,2018.00000000,BEAMUSDT
2022-11-18 06:30:00,0.12100000,0.12100000,0.12090000,0.12090000,18872.00000000,BEAMUSDT
2022-11-18 06:45:00,0.12090000,0.12180000,0.12060000,0.12180000,70613.00000000,BEAMUSDT
2022-11-18 07:00:00,0.12200000,0.12240000,0.12180000,0.12190000,17473.00000000,BEAMUSDT
2022-11-18 07:15:00,0.12190000,0.12260000,0.12190000,0.12260000,3254.00000000,BEAMUSDT
2022-11-18 07:30:00,0.12240000,0.12300000,0.12240000,0.12240000,66887.00000000,BEAMUSDT
2022-11-18 07:45:00,0.12250000,0.12320000,0.12240000,0.12280000,17077.00000000,BEAMUSDT
2022-11-18 08:00:00,0.12290000,0.12340000,0.12200000,0.12250000,72834.00000000,BEAMUSDT
2022-11-18 08:15:00,0.12250000,0.12260000,0.12230000,0.12240000,9837.00000000,BEAMUSDT
2022-11-18 08:30:00,0.12240000,0.12290000,0.12200000,0.12260000,24347.00000000,BEAMUSDT
2022-11-18 08:45:00,0.12270000,0.12310000,0.12260000,0.12270000,68274.00000000,BEAMUSDT
2022-11-18 09:00:00,0.12270000,0.12370000,0.12260000,0.12330000,16618.00000000,BEAMUSDT
2022-11-18 09:15:00,0.12340000,0.12380000,0.12300000,0.12310000,17419.00000000,BEAMUSDT
2022-11-18 09:30:00,0.12320000,0.12420000,0.12250000,0.12270000,117890.00000000,BEAMUSDT
2022-11-18 09:45:00,0.12310000,0.12310000,0.12190000,0.12220000,43454.00000000,BEAMUSDT
2022-11-18 10:00:00,0.12220000,0.12260000,0.12220000,0.12260000,8219.00000000,BEAMUSDT
2022-11-18 10:15:00,0.12240000,0.12270000,0.12230000,0.12270000,10422.00000000,BEAMUSDT
2022-11-18 10:30:00,0.12260000,0.12310000,0.12230000,0.12230000,18271.00000000,BEAMUSDT
2022-11-18 10:45:00,0.12230000,0.12350000,0.12230000,0.12350000,21240.00000000,BEAMUSDT
2022-11-18 11:00:00,0.12320000,0.12570000,0.12290000,0.12480000,290514.00000000,BEAMUSDT
2022-11-18 11:15:00,0.12460000,0.12520000,0.12400000,0.12410000,35534.00000000,BEAMUSDT
2022-11-18 11:30:00,0.12410000,0.12410000,0.12320000,0.12360000,36843.00000000,BEAMUSDT
2022-11-18 11:45:00,0.12270000,0.12300000,0.12270000,0.12300000,8254.00000000,BEAMUSDT
2022-11-18 12:00:00,0.12350000,0.12360000,0.12280000,0.12290000,11378.00000000,BEAMUSDT
2022-11-18 12:15:00,0.12290000,0.12300000,0.12290000,0.12290000,2630.00000000,BEAMUSDT
2022-11-18 12:30:00,0.12340000,0.12340000,0.12270000,0.12280000,32140.00000000,BEAMUSDT
2022-11-18 12:45:00,0.12280000,0.12280000,0.12260000,0.12280000,4140.00000000,BEAMUSDT
2022-11-18 13:00:00,0.12280000,0.12280000,0.12250000,0.12260000,10762.00000000,BEAMUSDT
2022-11-18 13:15:00,0.12260000,0.12280000,0.12260000,0.12270000,12924.00000000,BEAMUSDT
2022-11-18 13:30:00,0.12260000,0.12290000,0.12240000,0.12260000,6668.00000000,BEAMUSDT
2022-11-18 13:45:00,0.12260000,0.12270000,0.12230000,0.12230000,13883.00000000,BEAMUSDT
2022-11-18 14:00:00,0.12230000,0.12230000,0.12220000,0.12230000,12422.00000000,BEAMUSDT
2022-11-18 14:15:00,0.12230000,0.12230000,0.12230000,0.12230000,3209.00000000,BEAMUSDT
2022-11-18 14:30:00,0.12220000,0.12220000,0.12120000,0.12150000,37729.00000000,BEAMUSDT
2022-11-18 14:45:00,0.12160000,0.12180000,0.12130000,0.12160000,14458.00000000,BEAMUSDT
2022-11-18 15:00:00,0.12160000,0.12160000,0.12100000,0.12120000,7148.00000000,BEAMUSDT
2022-11-18 15:15:00,0.12120000,0.12120000,0.12080000,0.12120000,58696.00000000,BEAMUSDT
2022-11-18 15:30:00,0.12120000,0.12120000,0.12100000,0.12110000,4447.00000000,BEAMUSDT
2022-11-18 15:45:00,0.12100000,0.12110000,0.12100000,0.12110000,24456.00000000,BEAMUSDT
2022-11-18 16:00:00,0.12110000,0.12110000,0.12080000,0.12090000,29245.00000000,BEAMUSDT
2022-11-18 16:15:00,0.12090000,0.12130000,0.12090000,0.12090000,86134.00000000,BEAMUSDT
2022-11-18 16:30:00,0.12080000,0.12090000,0.12080000,0.12080000,6005.00000000,BEAMUSDT
2022-11-18 16:45:00,0.12080000,0.12090000,0.12030000,0.12050000,60707.00000000,BEAMUSDT
2022-11-18 17:00:00,0.12050000,0.12050000,0.11970000,0.11970000,38979.00000000,BEAMUSDT
2022-11-18 17:15:00,0.11960000,0.11990000,0.11960000,0.11990000,14768.00000000,BEAMUSDT
2022-11-18 17:30:00,0.11990000,0.11990000,0.11970000,0.11970000,3162.00000000,BEAMUSDT
2022-11-18 17:45:00,0.11990000,0.12000000,0.11970000,0.12000000,3146.00000000,BEAMUSDT
2022-11-18 18:00:00,0.12000000,0.12000000,0.11980000,0.12000000,4550.00000000,BEAMUSDT
2022-11-18 18:15:00,0.11980000,0.12040000,0.11980000,0.12030000,13306.00000000,BEAMUSDT
2022-11-18 18:30:00,0.12030000,0.12030000,0.12030000,0.12030000,1783.00000000,BEAMUSDT
2022-11-18 18:45:00,0.12040000,0.12040000,0.12000000,0.12000000,2598.00000000,BEAMUSDT
2022-11-18 19:00:00,0.12000000,0.12020000,0.11960000,0.11960000,108471.00000000,BEAMUSDT
2022-11-18 19:15:00,0.11990000,0.12010000,0.11970000,0.12010000,4633.00000000,BEAMUSDT
2022-11-18 19:30:00,0.11980000,0.12020000,0.11980000,0.12010000,1341.00000000,BEAMUSDT
2022-11-18 19:45:00,0.12030000,0.12030000,0.12030000,0.12030000,868.00000000,BEAMUSDT
2022-11-18 20:00:00,0.12000000,0.12050000,0.12000000,0.12050000,3312.00000000,BEAMUSDT
2022-11-18 20:15:00,0.12050000,0.12070000,0.12020000,0.12040000,4462.00000000,BEAMUSDT
2022-11-18 20:30:00,0.12070000,0.12080000,0.12050000,0.12050000,6543.00000000,BEAMUSDT
2022-11-18 20:45:00,0.12090000,0.12100000,0.12080000,0.12090000,4188.00000000,BEAMUSDT
2022-11-18 21:00:00,0.12090000,0.12110000,0.12050000,0.12050000,6590.00000000,BEAMUSDT
2022-11-18 21:15:00,0.12060000,0.12060000,0.12060000,0.12060000,1658.00000000,BEAMUSDT
2022-11-18 21:30:00,0.12050000,0.12080000,0.12040000,0.12080000,8074.00000000,BEAMUSDT
2022-11-18 21:45:00,0.12040000,0.12060000,0.12030000,0.12060000,6804.00000000,BEAMUSDT
2022-11-18 22:00:00,0.12060000,0.12080000,0.12030000,0.12080000,13253.00000000,BEAMUSDT
2022-11-18 22:15:00,0.12050000,0.12100000,0.12040000,0.12050000,8388.00000000,BEAMUSDT
2022-11-18 22:30:00,0.12040000,0.12070000,0.12020000,0.12060000,9242.00000000,BEAMUSDT
2022-11-18 22:45:00,0.12060000,0.12070000,0.12020000,0.12070000,2533.00000000,BEAMUSDT
2022-11-18 23:00:00,0.12070000,0.12070000,0.12070000,0.12070000,0.00000000,BEAMUSDT
2022-11-18 23:15:00,0.12070000,0.12070000,0.12030000,0.12070000,2635.00000000,BEAMUSDT
2022-11-18 23:30:00,0.12070000,0.12110000,0.12060000,0.12080000,5173.00000000,BEAMUSDT
2022-11-18 23:45:00,0.12110000,0.12120000,0.12090000,0.12090000,2965.00000000,BEAMUSDT
2022-11-19 00:00:00,0.12080000,0.12120000,0.12060000,0.12110000,3334.00000000,BEAMUSDT
2022-11-19 00:15:00,0.12090000,0.12110000,0.12040000,0.12040000,9803.00000000,BEAMUSDT
2022-11-19 00:30:00,0.12040000,0.12080000,0.12030000,0.12070000,5077.00000000,BEAMUSDT
2022-11-19 00:45:00,0.12070000,0.12080000,0.12030000,0.12080000,2833.00000000,BEAMUSDT
2022-11-19 01:00:00,0.12080000,0.12080000,0.12000000,0.12010000,64789.00000000,BEAMUSDT
2022-11-19 01:15:00,0.12030000,0.12030000,0.12000000,0.12000000,5773.00000000,BEAMUSDT
2022-11-19 01:30:00,0.12000000,0.12010000,0.11990000,0.11990000,4903.00000000,BEAMUSDT
2022-11-19 01:45:00,0.12020000,0.12020000,0.11990000,0.11990000,286.00000000,BEAMUSDT
2022-11-19 02:00:00,0.11990000,0.11990000,0.11960000,0.11960000,14164.00000000,BEAMUSDT
2022-11-19 02:15:00,0.11950000,0.11950000,0.11880000,0.11910000,7891.00000000,BEAMUSDT
2022-11-19 02:30:00,0.11910000,0.11920000,0.11910000,0.11920000,3991.00000000,BEAMUSDT
2022-11-19 02:45:00,0.11890000,0.11940000,0.11880000,0.11910000,5674.00000000,BEAMUSDT
2022-11-19 03:00:00,0.11940000,0.11950000,0.11930000,0.11950000,428.00000000,BEAMUSDT
2022-11-19 03:15:00,0.11920000,0.11950000,0.11920000,0.11950000,443.00000000,BEAMUSDT
2022-11-19 03:30:00,0.11950000,0.11950000,0.11950000,0.11950000,2072.00000000,BEAMUSDT
2022-11-19 03:45:00,0.11920000,0.11950000,0.11920000,0.11950000,10265.00000000,BEAMUSDT
2022-11-19 04:00:00,0.11960000,0.11960000,0.11920000,0.11950000,913.00000000,BEAMUSDT
2022-11-19 04:15:00,0.11930000,0.11950000,0.11910000,0.11940000,1634.00000000,BEAMUSDT
2022-11-19 04:30:00,0.11940000,0.11950000,0.11920000,0.11950000,5492.00000000,BEAMUSDT
2022-11-19 04:45:00,0.11930000,0.11940000,0.11910000,0.11910000,2041.00000000,BEAMUSDT
2022-11-19 05:00:00,0.11910000,0.11920000,0.11890000,0.11910000,6731.00000000,BEAMUSDT
2022-11-19 05:15:00,0.11880000,0.11880000,0.11850000,0.11850000,9362.00000000,BEAMUSDT
2022-11-19 05:30:00,0.11860000,0.11920000,0.11850000,0.11880000,23761.00000000,BEAMUSDT
2022-11-19 05:45:00,0.11880000,0.11910000,0.11870000,0.11870000,2714.00000000,BEAMUSDT
2022-11-19 06:00:00,0.11910000,0.11910000,0.11860000,0.11860000,922.00000000,BEAMUSDT
2022-11-19 06:15:00,0.11870000,0.11900000,0.11870000,0.11870000,12577.00000000,BEAMUSDT
2022-11-19 06:30:00,0.11860000,0.11890000,0.11850000,0.11890000,1869.00000000,BEAMUSDT
2022-11-19 06:45:00,0.11870000,0.11900000,0.11850000,0.11850000,3042.00000000,BEAMUSDT
2022-11-19 07:00:00,0.11850000,0.11930000,0.11850000,0.11900000,26067.00000000,BEAMUSDT
2022-11-19 07:15:00,0.11890000,0.11920000,0.11880000,0.11920000,640.00000000,BEAMUSDT
2022-11-19 07:30:00,0.11920000,0.11990000,0.11920000,0.11940000,9077.00000000,BEAMUSDT
2022-11-19 07:45:00,0.11980000,0.12010000,0.11960000,0.11970000,11605.00000000,BEAMUSDT
2022-11-19 08:00:00,0.11970000,0.12010000,0.11960000,0.12010000,5272.00000000,BEAMUSDT
2022-11-19 08:15:00,0.12020000,0.12020000,0.11970000,0.11970000,29937.00000000,BEAMUSDT
2022-11-19 08:30:00,0.12000000,0.12000000,0.11920000,0.11940000,33610.00000000,BEAMUSDT
2022-11-19 08:45:00,0.11970000,0.12160000,0.11970000,0.12050000,174592.00000000,BEAMUSDT
2022-11-19 09:00:00,0.12090000,0.12090000,0.12070000,0.12070000,1392.00000000,BEAMUSDT
2022-11-19 09:15:00,0.12070000,0.12070000,0.12060000,0.12070000,4813.00000000,BEAMUSDT
2022-11-19 09:30:00,0.12060000,0.12060000,0.12020000,0.12020000,19917.00000000,BEAMUSDT
2022-11-19 09:45:00,0.12040000,0.12100000,0.12020000,0.12080000,11674.00000000,BEAMUSDT
2022-11-19 10:00:00,0.12040000,0.12070000,0.12040000,0.12040000,596.00000000,BEAMUSDT
2022-11-19 10:15:00,0.12040000,0.12070000,0.12040000,0.12040000,761.00000000,BEAMUSDT
2022-11-19 10:30:00,0.12040000,0.12070000,0.12020000,0.12020000,17479.00000000,BEAMUSDT
2022-11-19 10:45:00,0.12020000,0.12020000,0.12000000,0.12000000,5919.00000000,BEAMUSDT
2022-11-19 11:00:00,0.12010000,0.12030000,0.12000000,0.12030000,18154.00000000,BEAMUSDT
2022-11-19 11:15:00,0.12000000,0.12020000,0.11990000,0.12020000,1531.00000000,BEAMUSDT
2022-11-19 11:30:00,0.11990000,0.11990000,0.11990000,0.11990000,1923.00000000,BEAMUSDT
2022-11-19 11:45:00,0.11990000,0.11990000,0.11970000,0.11990000,10142.00000000,BEAMUSDT
2022-11-19 12:00:00,0.11990000,0.12020000,0.11990000,0.12020000,30312.00000000,BEAMUSDT
2022-11-19 12:15:00,0.12020000,0.12040000,0.12020000,0.12030000,5825.00000000,BEAMUSDT
2022-11-19 12:30:00,0.12030000,0.12060000,0.12020000,0.12020000,4746.00000000,BEAMUSDT
2022-11-19 12:45:00,0.12030000,0.12030000,0.12020000,0.12020000,27822.00000000,BEAMUSDT
2022-11-19 13:00:00,0.12020000,0.12020000,0.11980000,0.12000000,12952.00000000,BEAMUSDT
2022-11-19 13:15:00,0.11980000,0.11980000,0.11960000,0.11980000,778.00000000,BEAMUSDT
2022-11-19 13:30:00,0.11990000,0.12040000,0.11390000,0.11600000,1580414.00000000,BEAMUSDT
2022-11-19 13:45:00,0.11620000,0.11660000,0.11300000,0.11640000,721961.00000000,BEAMUSDT
2022-11-19 14:00:00,0.11640000,0.11660000,0.11610000,0.11630000,43850.00000000,BEAMUSDT
2022-11-19 14:15:00,0.11660000,0.11780000,0.11640000,0.11670000,63211.00000000,BEAMUSDT
2022-11-19 14:30:00,0.11680000,0.11710000,0.11650000,0.11690000,70526.00000000,BEAMUSDT
2022-11-19 14:45:00,0.11700000,0.11700000,0.11650000,0.11650000,23062.00000000,BEAMUSDT
2022-11-19 15:00:00,0.11690000,0.11700000,0.11660000,0.11670000,41660.00000000,BEAMUSDT
2022-11-19 15:15:00,0.11710000,0.11720000,0.11680000,0.11700000,7721.00000000,BEAMUSDT
2022-11-19 15:30:00,0.11670000,0.11840000,0.11660000,0.11800000,332457.00000000,BEAMUSDT
2022-11-19 15:45:00,0.11800000,0.11800000,0.11760000,0.11760000,16626.00000000,BEAMUSDT
2022-11-19 16:00:00,0.11780000,0.11890000,0.11770000,0.11820000,80195.00000000,BEAMUSDT
2022-11-19 16:15:00,0.11820000,0.11820000,0.11790000,0.11790000,1757.00000000,BEAMUSDT
2022-11-19 16:30:00,0.11820000,0.11820000,0.11760000,0.11810000,17326.00000000,BEAMUSDT
2022-11-19 16:45:00,0.11810000,0.11820000,0.11770000,0.11800000,57214.00000000,BEAMUSDT
2022-11-19 17:00:00,0.11800000,0.11820000,0.11770000,0.11820000,31806.00000000,BEAMUSDT
2022-11-19 17:15:00,0.11800000,0.11830000,0.11780000,0.11780000,14528.00000000,BEAMUSDT
2022-11-19 17:30:00,0.11800000,0.11810000,0.11770000,0.11810000,30498.00000000,BEAMUSDT
2022-11-19 17:45:00,0.11810000,0.11820000,0.11750000,0.11790000,38837.00000000,BEAMUSDT
2022-11-19 18:00:00,0.11820000,0.11830000,0.11800000,0.11800000,2209.00000000,BEAMUSDT
2022-11-19 18:15:00,0.11800000,0.11800000,0.11800000,0.11800000,1453.00000000,BEAMUSDT
2022-11-19 18:30:00,0.11790000,0.11830000,0.11790000,0.11810000,6425.00000000,BEAMUSDT
2022-11-19 18:45:00,0.11810000,0.11810000,0.11790000,0.11800000,1381.00000000,BEAMUSDT
2022-11-19 19:00:00,0.11830000,0.11860000,0.11800000,0.11820000,12043.00000000,BEAMUSDT
2022-11-19 19:15:00,0.11820000,0.11850000,0.11810000,0.11810000,1404.00000000,BEAMUSDT
2022-11-19 19:30:00,0.11810000,0.11830000,0.11800000,0.11800000,1283.00000000,BEAMUSDT
2022-11-19 19:45:00,0.11830000,0.11830000,0.11810000,0.11810000,263.00000000,BEAMUSDT
2022-11-19 20:00:00,0.11810000,0.11820000,0.11780000,0.11790000,17873.00000000,BEAMUSDT
2022-11-19 20:15:00,0.11790000,0.11790000,0.11790000,0.11790000,301.00000000,BEAMUSDT
2022-11-19 20:30:00,0.11790000,0.11790000,0.11790000,0.11790000,172.00000000,BEAMUSDT
2022-11-19 20:45:00,0.11810000,0.11860000,0.11780000,0.11840000,35301.00000000,BEAMUSDT
2022-11-19 21:00:00,0.11850000,0.11850000,0.11820000,0.11820000,1100.00000000,BEAMUSDT
2022-11-19 21:15:00,0.11820000,0.11830000,0.11820000,0.11830000,304.00000000,BEAMUSDT
2022-11-19 21:30:00,0.11850000,0.11930000,0.11850000,0.11870000,71003.00000000,BEAMUSDT
2022-11-19 21:45:00,0.11860000,0.11870000,0.11850000,0.11860000,7176.00000000,BEAMUSDT
2022-11-19 22:00:00,0.11870000,0.11920000,0.11870000,0.11910000,18720.00000000,BEAMUSDT
2022-11-19 22:15:00,0.11880000,0.11940000,0.11880000,0.11930000,19008.00000000,BEAMUSDT
2022-11-19 22:30:00,0.11950000,0.11950000,0.11900000,0.11930000,49165.00000000,BEAMUSDT
2022-11-19 22:45:00,0.11900000,0.11910000,0.11880000,0.11890000,4311.00000000,BEAMUSDT
2022-11-19 23:00:00,0.11880000,0.11960000,0.11870000,0.11940000,22852.00000000,BEAMUSDT
2022-11-19 23:15:00,0.11940000,0.11940000,0.11890000,0.11920000,20953.00000000,BEAMUSDT
2022-11-19 23:30:00,0.11890000,0.11930000,0.11860000,0.11890000,26080.00000000,BEAMUSDT
2022-11-19 23:45:00,0.11870000,0.11890000,0.11850000,0.11880000,27728.00000000,BEAMUSDT
2022-11-20 00:00:00,0.11880000,0.11950000,0.11880000,0.11910000,18046.00000000,BEAMUSDT
2022-11-20 00:15:00,0.11900000,0.11960000,0.11880000,0.11940000,107203.00000000,BEAMUSDT
2022-11-20 00:30:00,0.11910000,0.11980000,0.11910000,0.11940000,28264.00000000,BEAMUSDT
2022-11-20 00:45:00,0.11950000,0.11990000,0.11920000,0.11960000,99921.00000000,BEAMUSDT
2022-11-20 01:00:00,0.11960000,0.11970000,0.11920000,0.11940000,8416.00000000,BEAMUSDT
2022-11-20 01:15:00,0.11940000,0.11940000,0.11870000,0.11930000,49840.00000000,BEAMUSDT
2022-11-20 01:30:00,0.11910000,0.12020000,0.11910000,0.11950000,63780.00000000,BEAMUSDT
2022-11-20 01:45:00,0.12010000,0.12040000,0.11990000,0.11990000,28397.00000000,BEAMUSDT
2022-11-20 02:00:00,0.11990000,0.12060000,0.11990000,0.12010000,45317.00000000,BEAMUSDT
2022-11-20 02:15:00,0.12010000,0.12050000,0.12010000,0.12020000,4995.00000000,BEAMUSDT
2022-11-20 02:30:00,0.12030000,0.12070000,0.11980000,0.12040000,25515.00000000,BEAMUSDT
2022-11-20 02:45:00,0.12040000,0.12180000,0.12040000,0.12120000,107003.00000000,BEAMUSDT
2022-11-20 03:00:00,0.12140000,0.12250000,0.12130000,0.12180000,124154.00000000,BEAMUSDT
2022-11-20 03:15:00,0.12210000,0.12210000,0.12160000,0.12210000,37686.00000000,BEAMUSDT
2022-11-20 03:30:00,0.12210000,0.12250000,0.12190000,0.12210000,11653.00000000,BEAMUSDT
2022-11-20 03:45:00,0.12240000,0.12300000,0.12200000,0.12260000,27851.00000000,BEAMUSDT
2022-11-20 04:00:00,0.12270000,0.12380000,0.12270000,0.12340000,38797.00000000,BEAMUSDT
2022-11-20 04:15:00,0.12340000,0.12350000,0.12300000,0.12310000,16361.00000000,BEAMUSDT
2022-11-20 04:30:00,0.12340000,0.12380000,0.12320000,0.12370000,20766.00000000,BEAMUSDT
2022-11-20 04:45:00,0.12380000,0.12490000,0.12370000,0.12460000,150164.00000000,BEAMUSDT
2022-11-20 05:00:00,0.12460000,0.12500000,0.12450000,0.12490000,69148.00000000,BEAMUSDT
2022-11-20 05:15:00,0.12480000,0.12540000,0.12480000,0.12510000,25552.00000000,BEAMUSDT
2022-11-20 05:30:00,0.12540000,0.12640000,0.12540000,0.12600000,25184.00000000,BEAMUSDT
2022-11-20 05:45:00,0.12600000,0.12640000,0.12600000,0.12620000,6865.00000000,BEAMUSDT
2022-11-20 06:00:00,0.12600000,0.12650000,0.12500000,0.12550000,56450.00000000,BEAMUSDT
2022-11-20 06:15:00,0.12580000,0.12580000,0.12540000,0.12540000,8855.00000000,BEAMUSDT
2022-11-20 06:30:00,0.12510000,0.12510000,0.12480000,0.12490000,10797.00000000,BEAMUSDT
2022-11-20 06:45:00,0.12470000,0.12490000,0.12460000,0.12460000,4826.00000000,BEAMUSDT
2022-11-20 07:00:00,0.12480000,0.12480000,0.12440000,0.12460000,10609.00000000,BEAMUSDT
2022-11-20 07:15:00,0.12460000,0.12460000,0.12430000,0.12440000,23274.00000000,BEAMUSDT
2022-11-20 07:30:00,0.12430000,0.12440000,0.12390000,0.12390000,56515.00000000,BEAMUSDT
2022-11-20 07:45:00,0.12400000,0.12480000,0.12340000,0.12480000,128028.00000000,BEAMUSDT
2022-11-20 08:00:00,0.12480000,0.12530000,0.12440000,0.12450000,40656.00000000,BEAMUSDT
2022-11-20 08:15:00,0.12450000,0.12450000,0.12380000,0.12400000,31588.00000000,BEAMUSDT
2022-11-20 08:30:00,0.12420000,0.12460000,0.12190000,0.12260000,80399.00000000,BEAMUSDT
2022-11-20 08:45:00,0.12240000,0.12250000,0.12050000,0.12210000,187498.00000000,BEAMUSDT
2022-11-20 09:00:00,0.12210000,0.12250000,0.12160000,0.12240000,101635.00000000,BEAMUSDT
2022-11-20 09:15:00,0.12240000,0.12280000,0.12210000,0.12280000,22878.00000000,BEAMUSDT
2022-11-20 09:30:00,0.12270000,0.12360000,0.12240000,0.12320000,19449.00000000,BEAMUSDT
2022-11-20 09:45:00,0.12320000,0.12470000,0.12320000,0.12430000,59457.00000000,BEAMUSDT
2022-11-20 10:00:00,0.12410000,0.12530000,0.12380000,0.12510000,71133.00000000,BEAMUSDT
2022-11-20 10:15:00,0.12530000,0.12760000,0.12510000,0.12730000,404759.00000000,BEAMUSDT
2022-11-20 10:30:00,0.12730000,0.12730000,0.12670000,0.12700000,53338.00000000,BEAMUSDT
2022-11-20 10:45:00,0.12710000,0.12800000,0.12620000,0.12760000,99050.00000000,BEAMUSDT
2022-11-20 11:00:00,0.12790000,0.12810000,0.12630000,0.12740000,165267.00000000,BEAMUSDT
2022-11-20 11:15:00,0.12710000,0.12780000,0.12660000,0.12710000,64820.00000000,BEAMUSDT
2022-11-20 11:30:00,0.12670000,0.12670000,0.12320000,0.12360000,95856.00000000,BEAMUSDT
2022-11-20 11:45:00,0.12360000,0.12490000,0.12360000,0.12420000,56297.00000000,BEAMUSDT
2022-11-20 12:00:00,0.12490000,0.12490000,0.12250000,0.12300000,77671.00000000,BEAMUSDT
2022-11-20 12:15:00,0.12310000,0.12420000,0.12180000,0.12380000,106753.00000000,BEAMUSDT
2022-11-20 12:30:00,0.12400000,0.12530000,0.12390000,0.12440000,63794.00000000,BEAMUSDT
2022-11-20 12:45:00,0.12530000,0.12540000,0.12380000,0.12400000,79364.00000000,BEAMUSDT
2022-11-20 13:00:00,0.12400000,0.12450000,0.12380000,0.12450000,9855.00000000,BEAMUSDT
2022-11-20 13:15:00,0.12450000,0.12660000,0.12450000,0.12470000,112611.00000000,BEAMUSDT
2022-11-20 13:30:00,0.12500000,0.12560000,0.12450000,0.12550000,23012.00000000,BEAMUSDT
2022-11-20 13:45:00,0.12510000,0.12550000,0.12480000,0.12530000,81522.00000000,BEAMUSDT
2022-11-20 14:00:00,0.12530000,0.12610000,0.12530000,0.12610000,70941.00000000,BEAMUSDT
2022-11-20 14:15:00,0.12620000,0.12680000,0.12500000,0.12630000,84888.00000000,BEAMUSDT
2022-11-20 14:30:00,0.12640000,0.12660000,0.12500000,0.12570000,63374.00000000,BEAMUSDT
2022-11-20 14:45:00,0.12600000,0.12660000,0.12560000,0.12650000,47938.00000000,BEAMUSDT
2022-11-20 15:00:00,0.12610000,0.12630000,0.12480000,0.12510000,52878.00000000,BEAMUSDT
2022-11-20 15:15:00,0.12500000,0.12610000,0.12380000,0.12510000,225573.00000000,BEAMUSDT
2022-11-20 15:30:00,0.12510000,0.12640000,0.12500000,0.12630000,188504.00000000,BEAMUSDT
2022-11-20 15:45:00,0.12630000,0.12810000,0.12620000,0.12800000,144154.00000000,BEAMUSDT
2022-11-20 16:00:00,0.12810000,0.12960000,0.12790000,0.12860000,188456.00000000,BEAMUSDT
2022-11-20 16:15:00,0.12890000,0.12890000,0.12660000,0.12710000,84921.00000000,BEAMUSDT
2022-11-20 16:30:00,0.12680000,0.12710000,0.12590000,0.12590000,74061.00000000,BEAMUSDT
2022-11-20 16:45:00,0.12590000,0.12630000,0.12500000,0.12540000,44063.00000000,BEAMUSDT
2022-11-20 17:00:00,0.12550000,0.12590000,0.12480000,0.12560000,19908.00000000,BEAMUSDT
2022-11-20 17:15:00,0.12560000,0.12700000,0.12430000,0.12650000,215400.00000000,BEAMUSDT
2022-11-20 17:30:00,0.12650000,0.12810000,0.12600000,0.12750000,86914.00000000,BEAMUSDT
2022-11-20 17:45:00,0.12720000,0.12720000,0.12660000,0.12680000,4358.00000000,BEAMUSDT
2022-11-20 18:00:00,0.12680000,0.12680000,0.12520000,0.12520000,27635.00000000,BEAMUSDT
2022-11-20 18:15:00,0.12520000,0.12570000,0.12410000,0.12520000,23108.00000000,BEAMUSDT
2022-11-20 18:30:00,0.12570000,0.12620000,0.12570000,0.12580000,12660.00000000,BEAMUSDT
2022-11-20 18:45:00,0.12610000,0.12650000,0.12580000,0.12600000,26829.00000000,BEAMUSDT
2022-11-20 19:00:00,0.12600000,0.12600000,0.12560000,0.12560000,1945.00000000,BEAMUSDT
2022-11-20 19:15:00,0.12610000,0.12620000,0.12560000,0.12570000,7879.00000000,BEAMUSDT
2022-11-20 19:30:00,0.12560000,0.12560000,0.12490000,0.12520000,28004.00000000,BEAMUSDT
2022-11-20 19:45:00,0.12550000,0.12600000,0.12470000,0.12600000,52180.00000000,BEAMUSDT
2022-11-20 20:00:00,0.12580000,0.12620000,0.12520000,0.12520000,28765.00000000,BEAMUSDT
2022-11-20 20:15:00,0.12540000,0.12540000,0.12400000,0.12400000,17291.00000000,BEAMUSDT
2022-11-20 20:30:00,0.12410000,0.12680000,0.12400000,0.12550000,106874.00000000,BEAMUSDT
2022-11-20 20:45:00,0.12530000,0.12680000,0.12520000,0.12630000,29996.00000000,BEAMUSDT
2022-11-20 21:00:00,0.12630000,0.12810000,0.12590000,0.12590000,223493.00000000,BEAMUSDT
2022-11-20 21:15:00,0.12590000,0.12600000,0.12510000,0.12530000,28669.00000000,BEAMUSDT
2022-11-20 21:30:00,0.12490000,0.12570000,0.12330000,0.12330000,72693.00000000,BEAMUSDT
2022-11-20 21:45:00,0.12330000,0.12330000,0.12000000,0.12060000,99831.00000000,BEAMUSDT
2022-11-20 22:00:00,0.12080000,0.12150000,0.11950000,0.12070000,168085.00000000,BEAMUSDT
2022-11-20 22:15:00,0.12090000,0.12190000,0.12070000,0.12110000,93848.00000000,BEAMUSDT
2022-11-20 22:30:00,0.12140000,0.12140000,0.11960000,0.11980000,67671.00000000,BEAMUSDT
2022-11-20 22:45:00,0.11960000,0.12030000,0.11930000,0.11970000,57983.00000000,BEAMUSDT
2022-11-20 23:00:00,0.11970000,0.11970000,0.11800000,0.11840000,128340.00000000,BEAMUSDT
2022-11-20 23:15:00,0.11840000,0.11860000,0.11810000,0.11860000,9258.00000000,BEAMUSDT
2022-11-20 23:30:00,0.11860000,0.11870000,0.11690000,0.11820000,96669.00000000,BEAMUSDT
2022-11-20 23:45:00,0.11840000,0.11890000,0.11790000,0.11800000,37502.00000000,BEAMUSDT
2022-11-21 00:00:00,0.11870000,0.11870000,0.11730000,0.11810000,13718.00000000,BEAMUSDT
2022-11-21 00:15:00,0.11810000,0.11950000,0.11810000,0.11890000,27713.00000000,BEAMUSDT
2022-11-21 00:30:00,0.11890000,0.11910000,0.11850000,0.11910000,20816.00000000,BEAMUSDT
2022-11-21 00:45:00,0.11910000,0.12040000,0.11900000,0.12030000,50500.00000000,BEAMUSDT
2022-11-21 01:00:00,0.12020000,0.12130000,0.12020000,0.12120000,39845.00000000,BEAMUSDT
2022-11-21 01:15:00,0.12130000,0.12150000,0.11960000,0.11970000,50060.00000000,BEAMUSDT
2022-11-21 01:30:00,0.11960000,0.11980000,0.11880000,0.11930000,50736.00000000,BEAMUSDT
2022-11-21 01:45:00,0.11950000,0.11990000,0.11800000,0.11860000,64873.00000000,BEAMUSDT
2022-11-21 02:00:00,0.11840000,0.11880000,0.11660000,0.11700000,22431.00000000,BEAMUSDT
2022-11-21 02:15:00,0.11680000,0.11720000,0.11520000,0.11580000,165433.00000000,BEAMUSDT
2022-11-21 02:30:00,0.11560000,0.11620000,0.11540000,0.11590000,10910.00000000,BEAMUSDT
2022-11-21 02:45:00,0.11620000,0.11640000,0.11560000,0.11600000,46369.00000000,BEAMUSDT
2022-11-21 03:00:00,0.11570000,0.11620000,0.11500000,0.11610000,96747.00000000,BEAMUSDT
2022-11-21 03:15:00,0.11610000,0.11610000,0.11600000,0.11600000,14199.00000000,BEAMUSDT
2022-11-21 03:30:00,0.11600000,0.11620000,0.11600000,0.11600000,6431.00000000,BEAMUSDT
2022-11-21 03:45:00,0.11600000,0.11640000,0.11600000,0.11640000,6881.00000000,BEAMUSDT
2022-11-21 04:00:00,0.11650000,0.11740000,0.11650000,0.11740000,3667.00000000,BEAMUSDT
2022-11-21 04:15:00,0.11740000,0.11820000,0.11740000,0.11780000,32361.00000000,BEAMUSDT
2022-11-21 04:30:00,0.11780000,0.11780000,0.11750000,0.11750000,808.00000000,BEAMUSDT
2022-11-21 04:45:00,0.11740000,0.11740000,0.11660000,0.11660000,48672.00000000,BEAMUSDT
2022-11-21 05:00:00,0.11700000,0.11710000,0.11660000,0.11680000,18205.00000000,BEAMUSDT
2022-11-21 05:15:00,0.11700000,0.11710000,0.11670000,0.11690000,19750.00000000,BEAMUSDT
2022-11-21 05:30:00,0.11720000,0.11790000,0.11720000,0.11790000,22194.00000000,BEAMUSDT
2022-11-21 05:45:00,0.11780000,0.11820000,0.11780000,0.11820000,19449.00000000,BEAMUSDT
2022-11-21 06:00:00,0.11820000,0.11830000,0.11810000,0.11810000,4609.00000000,BEAMUSDT
2022-11-21 06:15:00,0.11810000,0.11820000,0.11780000,0.11790000,13343.00000000,BEAMUSDT
2022-11-21 06:30:00,0.11760000,0.11760000,0.11730000,0.11730000,7578.00000000,BEAMUSDT
2022-11-21 06:45:00,0.11760000,0.11780000,0.11720000,0.11720000,7608.00000000,BEAMUSDT
2022-11-21 07:00:00,0.11720000,0.11720000,0.11710000,0.11720000,1768.00000000,BEAMUSDT
2022-11-21 07:15:00,0.11710000,0.11790000,0.11710000,0.11740000,28715.00000000,BEAMUSDT
2022-11-21 07:30:00,0.11760000,0.11770000,0.11690000,0.11690000,10845.00000000,BEAMUSDT
2022-11-21 07:45:00,0.11670000,0.11680000,0.11630000,0.11650000,20426.00000000,BEAMUSDT
2022-11-21 08:00:00,0.11620000,0.11710000,0.11620000,0.11700000,42610.00000000,BEAMUSDT
2022-11-21 08:15:00,0.11660000,0.11660000,0.11630000,0.11630000,8145.00000000,BEAMUSDT
2022-11-21 08:30:00,0.11620000,0.11620000,0.11540000,0.11550000,93717.00000000,BEAMUSDT
2022-11-21 08:45:00,0.11550000,0.11570000,0.11520000,0.11560000,2471.00000000,BEAMUSDT
2022-11-21 09:00:00,0.11560000,0.11580000,0.11500000,0.11550000,53284.00000000,BEAMUSDT
2022-11-21 09:15:00,0.11510000,0.11600000,0.11510000,0.11520000,21293.00000000,BEAMUSDT
2022-11-21 09:30:00,0.11540000,0.11560000,0.11520000,0.11560000,3870.00000000,BEAMUSDT
2022-11-21 09:45:00,0.11560000,0.11640000,0.11560000,0.11600000,19266.00000000,BEAMUSDT
2022-11-21 10:00:00,0.11600000,0.11610000,0.11570000,0.11590000,5718.00000000,BEAMUSDT
2022-11-21 10:15:00,0.11590000,0.11590000,0.11560000,0.11580000,3516.00000000,BEAMUSDT
2022-11-21 10:30:00,0.11560000,0.11580000,0.11550000,0.11560000,12483.00000000,BEAMUSDT
2022-11-21 10:45:00,0.11560000,0.11630000,0.11560000,0.11630000,3900.00000000,BEAMUSDT
2022-11-21 11:00:00,0.11640000,0.11650000,0.11610000,0.11610000,3116.00000000,BEAMUSDT
2022-11-21 11:15:00,0.11630000,0.11640000,0.11610000,0.11630000,2505.00000000,BEAMUSDT
2022-11-21 11:30:00,0.11610000,0.11650000,0.11610000,0.11630000,22529.00000000,BEAMUSDT
2022-11-21 11:45:00,0.11640000,0.11650000,0.11610000,0.11630000,9935.00000000,BEAMUSDT
2022-11-21 12:00:00,0.11620000,0.11640000,0.11610000,0.11620000,7130.00000000,BEAMUSDT
2022-11-21 12:15:00,0.11600000,0.11620000,0.11590000,0.11590000,9392.00000000,BEAMUSDT
2022-11-21 12:30:00,0.11590000,0.11620000,0.11590000,0.11620000,3488.00000000,BEAMUSDT
2022-11-21 12:45:00,0.11650000,0.11660000,0.11630000,0.11660000,2305.00000000,BEAMUSDT
2022-11-21 13:00:00,0.11660000,0.11740000,0.11640000,0.11720000,33891.00000000,BEAMUSDT
2022-11-21 13:15:00,0.11720000,0.11810000,0.11720000,0.11780000,31451.00000000,BEAMUSDT
2022-11-21 13:30:00,0.11770000,0.11790000,0.11760000,0.11770000,15116.00000000,BEAMUSDT
2022-11-21 13:45:00,0.11780000,0.11780000,0.11730000,0.11760000,18541.00000000,BEAMUSDT
2022-11-21 14:00:00,0.11770000,0.11810000,0.11760000,0.11760000,20728.00000000,BEAMUSDT
2022-11-21 14:15:00,0.11790000,0.11840000,0.11770000,0.11800000,21623.00000000,BEAMUSDT
2022-11-21 14:30:00,0.11810000,0.11810000,0.11710000,0.11720000,51902.00000000,BEAMUSDT
2022-11-21 14:45:00,0.11750000,0.11870000,0.11700000,0.11830000,89495.00000000,BEAMUSDT
2022-11-21 15:00:00,0.11820000,0.11910000,0.11790000,0.11910000,22842.00000000,BEAMUSDT
2022-11-21 15:15:00,0.11890000,0.11930000,0.11860000,0.11900000,11291.00000000,BEAMUSDT
2022-11-21 15:30:00,0.11860000,0.11890000,0.11800000,0.11850000,21467.00000000,BEAMUSDT
2022-11-21 15:45:00,0.11790000,0.11830000,0.11640000,0.11760000,52744.00000000,BEAMUSDT
2022-11-21 16:00:00,0.11760000,0.11990000,0.11760000,0.11890000,112798.00000000,BEAMUSDT
2022-11-21 16:15:00,0.11900000,0.11900000,0.11780000,0.11780000,29051.00000000,BEAMUSDT
2022-11-21 16:30:00,0.11800000,0.11830000,0.11630000,0.11720000,26311.00000000,BEAMUSDT
2022-11-21 16:45:00,0.11730000,0.11810000,0.11730000,0.11810000,5694.00000000,BEAMUSDT
2022-11-21 17:00:00,0.11830000,0.11830000,0.11730000,0.11730000,1598.00000000,BEAMUSDT
2022-11-21 17:15:00,0.11740000,0.11800000,0.11740000,0.11760000,3103.00000000,BEAMUSDT
2022-11-21 17:30:00,0.11730000,0.11760000,0.11720000,0.11720000,6494.00000000,BEAMUSDT
2022-11-21 17:45:00,0.11770000,0.11780000,0.11720000,0.11780000,5045.00000000,BEAMUSDT
2022-11-21 18:00:00,0.11730000,0.11770000,0.11670000,0.11690000,5853.00000000,BEAMUSDT
2022-11-21 18:15:00,0.11680000,0.11680000,0.11640000,0.11640000,4692.00000000,BEAMUSDT
2022-11-21 18:30:00,0.11620000,0.11660000,0.11590000,0.11600000,6917.00000000,BEAMUSDT
2022-11-21 18:45:00,0.11640000,0.11730000,0.11630000,0.11640000,29151.00000000,BEAMUSDT
2022-11-21 19:00:00,0.11680000,0.11710000,0.11660000,0.11690000,8386.00000000,BEAMUSDT
2022-11-21 19:15:00,0.11670000,0.11720000,0.11570000,0.11570000,31735.00000000,BEAMUSDT
2022-11-21 19:30:00,0.11560000,0.11590000,0.11500000,0.11510000,10105.00000000,BEAMUSDT
2022-11-21 19:45:00,0.11510000,0.11510000,0.11380000,0.11460000,72878.00000000,BEAMUSDT
2022-11-21 20:00:00,0.11470000,0.11680000,0.11460000,0.11680000,29045.00000000,BEAMUSDT
2022-11-21 20:15:00,0.11680000,0.11690000,0.11600000,0.11610000,6612.00000000,BEAMUSDT
2022-11-21 20:30:00,0.11620000,0.11740000,0.11620000,0.11690000,6441.00000000,BEAMUSDT
2022-11-21 20:45:00,0.11690000,0.11720000,0.11680000,0.11680000,1290.00000000,BEAMUSDT
2022-11-21 21:00:00,0.11650000,0.11710000,0.11650000,0.11710000,2524.00000000,BEAMUSDT
2022-11-21 21:15:00,0.11720000,0.11950000,0.11670000,0.11950000,236723.00000000,BEAMUSDT
2022-11-21 21:30:00,0.11950000,0.12060000,0.11930000,0.12000000,154697.00000000,BEAMUSDT
2022-11-21 21:45:00,0.11980000,0.12110000,0.11810000,0.12080000,388496.00000000,BEAMUSDT
2022-11-21 22:00:00,0.12100000,0.12880000,0.12000000,0.12400000,2143809.00000000,BEAMUSDT
2022-11-21 22:15:00,0.12370000,0.12430000,0.12000000,0.12170000,718337.00000000,BEAMUSDT
2022-11-21 22:30:00,0.12180000,0.12250000,0.12040000,0.12150000,154103.00000000,BEAMUSDT
2022-11-21 22:45:00,0.12120000,0.12170000,0.12090000,0.12090000,41393.00000000,BEAMUSDT
2022-11-21 23:00:00,0.12140000,0.12140000,0.12050000,0.12080000,41138.00000000,BEAMUSDT
2022-11-21 23:15:00,0.12090000,0.12230000,0.12090000,0.12170000,13369.00000000,BEAMUSDT
2022-11-21 23:30:00,0.12180000,0.12250000,0.12170000,0.12210000,35449.00000000,BEAMUSDT
2022-11-21 23:45:00,0.12200000,0.12320000,0.12190000,0.12250000,98809.00000000,BEAMUSDT
2022-11-22 00:00:00,0.12210000,0.12550000,0.12200000,0.12400000,151397.00000000,BEAMUSDT
2022-11-22 00:15:00,0.12400000,0.12440000,0.12300000,0.12380000,89196.00000000,BEAMUSDT
2022-11-22 00:30:00,0.12360000,0.12380000,0.12270000,0.12290000,39989.00000000,BEAMUSDT
2022-11-22 00:45:00,0.12290000,0.12320000,0.12210000,0.12270000,47338.00000000,BEAMUSDT
2022-11-22 01:00:00,0.12280000,0.12280000,0.12200000,0.12240000,15943.00000000,BEAMUSDT
2022-11-22 01:15:00,0.12210000,0.12250000,0.12190000,0.12230000,40940.00000000,BEAMUSDT
2022-11-22 01:30:00,0.12230000,0.12250000,0.12230000,0.12240000,9897.00000000,BEAMUSDT
2022-11-22 01:45:00,0.12240000,0.12270000,0.12210000,0.12220000,17021.00000000,BEAMUSDT
2022-11-22 02:00:00,0.12220000,0.12250000,0.12210000,0.12220000,4553.00000000,BEAMUSDT
2022-11-22 02:15:00,0.12220000,0.12220000,0.12190000,0.12200000,22550.00000000,BEAMUSDT
2022-11-22 02:30:00,0.12180000,0.12270000,0.12180000,0.12240000,11426.00000000,BEAMUSDT
2022-11-22 02:45:00,0.12260000,0.12300000,0.12250000,0.12280000,4241.00000000,BEAMUSDT
2022-11-22 03:00:00,0.12280000,0.12280000,0.12260000,0.12260000,4382.00000000,BEAMUSDT
2022-11-22 03:15:00,0.12250000,0.12260000,0.12220000,0.12230000,17969.00000000,BEAMUSDT
2022-11-22 03:30:00,0.12220000,0.12300000,0.12220000,0.12300000,23129.00000000,BEAMUSDT
2022-11-22 03:45:00,0.12280000,0.12300000,0.12270000,0.12270000,3915.00000000,BEAMUSDT
2022-11-22 04:00:00,0.12280000,0.12280000,0.12260000,0.12260000,1805.00000000,BEAMUSDT
2022-11-22 04:15:00,0.12290000,0.12290000,0.12230000,0.12240000,10370.00000000,BEAMUSDT
2022-11-22 04:30:00,0.12240000,0.12240000,0.12200000,0.12210000,30881.00000000,BEAMUSDT
2022-11-22 04:45:00,0.12200000,0.12330000,0.12200000,0.12290000,31909.00000000,BEAMUSDT
2022-11-22 05:00:00,0.12300000,0.12330000,0.12300000,0.12300000,5815.00000000,BEAMUSDT
2022-11-22 05:15:00,0.12310000,0.12320000,0.12290000,0.12310000,50159.00000000,BEAMUSDT
2022-11-22 05:30:00,0.12300000,0.12390000,0.12230000,0.12340000,59694.00000000,BEAMUSDT
2022-11-22 05:45:00,0.12340000,0.12340000,0.12300000,0.12340000,7948.00000000,BEAMUSDT
2022-11-22 06:00:00,0.12330000,0.12490000,0.12330000,0.12460000,25778.00000000,BEAMUSDT
2022-11-22 06:15:00,0.12500000,0.12740000,0.12450000,0.12610000,256193.00000000,BEAMUSDT
2022-11-22 06:30:00,0.12610000,0.12640000,0.12370000,0.12420000,74652.00000000,BEAMUSDT
2022-11-22 06:45:00,0.12440000,0.12440000,0.12210000,0.12250000,77323.00000000,BEAMUSDT
2022-11-22 07:00:00,0.12280000,0.12290000,0.12160000,0.12230000,28668.00000000,BEAMUSDT
2022-11-22 07:15:00,0.12220000,0.12380000,0.12100000,0.12270000,79926.00000000,BEAMUSDT
2022-11-22 07:30:00,0.12310000,0.12380000,0.12280000,0.12300000,35264.00000000,BEAMUSDT
2022-11-22 07:45:00,0.12300000,0.12330000,0.12230000,0.12330000,42505.00000000,BEAMUSDT
2022-11-22 08:00:00,0.12310000,0.12350000,0.12290000,0.12330000,15931.00000000,BEAMUSDT
2022-11-22 08:15:00,0.12330000,0.12330000,0.12120000,0.12180000,125245.00000000,BEAMUSDT
2022-11-22 08:30:00,0.12180000,0.12250000,0.12150000,0.12150000,48068.00000000,BEAMUSDT
2022-11-22 08:45:00,0.12150000,0.12190000,0.12140000,0.12140000,47186.00000000,BEAMUSDT
2022-11-22 09:00:00,0.12160000,0.12210000,0.12160000,0.12180000,25534.00000000,BEAMUSDT
2022-11-22 09:15:00,0.12180000,0.12240000,0.12170000,0.12180000,42591.00000000,BEAMUSDT
2022-11-22 09:30:00,0.12190000,0.12310000,0.12190000,0.12270000,21671.00000000,BEAMUSDT
2022-11-22 09:45:00,0.12350000,0.12350000,0.12250000,0.12260000,5153.00000000,BEAMUSDT
2022-11-22 10:00:00,0.12250000,0.12360000,0.12250000,0.12310000,20743.00000000,BEAMUSDT
2022-11-22 10:15:00,0.12280000,0.12280000,0.12160000,0.12180000,68879.00000000,BEAMUSDT
2022-11-22 10:30:00,0.12200000,0.12260000,0.12180000,0.12210000,27788.00000000,BEAMUSDT
2022-11-22 10:45:00,0.12240000,0.12380000,0.12200000,0.12330000,44217.00000000,BEAMUSDT
2022-11-22 11:00:00,0.12390000,0.12390000,0.12290000,0.12300000,15890.00000000,BEAMUSDT
2022-11-22 11:15:00,0.12300000,0.12370000,0.12270000,0.12370000,15517.00000000,BEAMUSDT
2022-11-22 11:30:00,0.12370000,0.12430000,0.12360000,0.12390000,10914.00000000,BEAMUSDT
2022-11-22 11:45:00,0.12420000,0.12650000,0.12400000,0.12630000,71595.00000000,BEAMUSDT
2022-11-22 12:00:00,0.12610000,0.12800000,0.12500000,0.12510000,185717.00000000,BEAMUSDT
2022-11-22 12:15:00,0.12510000,0.12520000,0.12420000,0.12420000,51550.00000000,BEAMUSDT
2022-11-22 12:30:00,0.12430000,0.12470000,0.12380000,0.12410000,53850.00000000,BEAMUSDT
2022-11-22 12:45:00,0.12420000,0.12500000,0.12410000,0.12500000,18938.00000000,BEAMUSDT
2022-11-22 13:00:00,0.12500000,0.12600000,0.12500000,0.12590000,51520.00000000,BEAMUSDT
2022-11-22 13:15:00,0.12600000,0.12600000,0.12420000,0.12480000,158267.00000000,BEAMUSDT
2022-11-22 13:30:00,0.12500000,0.12540000,0.12470000,0.12540000,59746.00000000,BEAMUSDT
2022-11-22 13:45:00,0.12530000,0.12800000,0.12460000,0.12740000,147525.00000000,BEAMUSDT
2022-11-22 14:00:00,0.12730000,0.13000000,0.12730000,0.12940000,180866.00000000,BEAMUSDT
2022-11-22 14:15:00,0.12970000,0.13120000,0.12800000,0.13050000,310067.00000000,BEAMUSDT
2022-11-22 14:30:00,0.13060000,0.13090000,0.12700000,0.12820000,278265.00000000,BEAMUSDT
2022-11-22 14:45:00,0.12820000,0.12890000,0.12690000,0.12860000,131772.00000000,BEAMUSDT
2022-11-22 15:00:00,0.12850000,0.13040000,0.12680000,0.12780000,166143.00000000,BEAMUSDT
2022-11-22 15:15:00,0.12780000,0.13120000,0.12780000,0.13040000,173957.00000000,BEAMUSDT
2022-11-22 15:30:00,0.12980000,0.13420000,0.12930000,0.13390000,560375.00000000,BEAMUSDT
2022-11-22 15:45:00,0.13380000,0.13460000,0.13100000,0.13310000,668587.00000000,BEAMUSDT
2022-11-22 16:00:00,0.13260000,0.13310000,0.13080000,0.13120000,305952.00000000,BEAMUSDT
2022-11-22 16:15:00,0.13090000,0.13250000,0.13020000,0.13140000,176458.00000000,BEAMUSDT
2022-11-22 16:30:00,0.13130000,0.13160000,0.13020000,0.13060000,91695.00000000,BEAMUSDT
2022-11-22 16:45:00,0.13060000,0.13290000,0.13010000,0.13070000,162897.00000000,BEAMUSDT
2022-11-22 17:00:00,0.13040000,0.13760000,0.13020000,0.13160000,1090589.00000000,BEAMUSDT
2022-11-22 17:15:00,0.13160000,0.13290000,0.13080000,0.13160000,249309.00000000,BEAMUSDT
2022-11-22 17:30:00,0.13140000,0.13490000,0.13020000,0.13480000,276925.00000000,BEAMUSDT
2022-11-22 17:45:00,0.13480000,0.13490000,0.13020000,0.13110000,319145.00000000,BEAMUSDT
2022-11-22 18:00:00,0.13100000,0.13130000,0.12870000,0.12890000,320889.00000000,BEAMUSDT
2022-11-22 18:15:00,0.12880000,0.12890000,0.12830000,0.12840000,118589.00000000,BEAMUSDT
2022-11-22 18:30:00,0.12840000,0.13010000,0.12840000,0.12940000,112174.00000000,BEAMUSDT
2022-11-22 18:45:00,0.12980000,0.12980000,0.12880000,0.12930000,43284.00000000,BEAMUSDT
2022-11-22 19:00:00,0.12960000,0.13010000,0.12890000,0.12940000,56902.00000000,BEAMUSDT
2022-11-22 19:15:00,0.12900000,0.12930000,0.12860000,0.12880000,135160.00000000,BEAMUSDT
2022-11-22 19:30:00,0.12860000,0.12880000,0.12710000,0.12760000,167488.00000000,BEAMUSDT
2022-11-22 19:45:00,0.12750000,0.12770000,0.12730000,0.12760000,33656.00000000,BEAMUSDT
2022-11-22 20:00:00,0.12730000,0.12750000,0.12650000,0.12690000,105732.00000000,BEAMUSDT
2022-11-22 20:15:00,0.12690000,0.12710000,0.12630000,0.12660000,101756.00000000,BEAMUSDT
2022-11-22 20:30:00,0.12700000,0.12790000,0.12650000,0.12730000,113151.00000000,BEAMUSDT
2022-11-22 20:45:00,0.12700000,0.12710000,0.12670000,0.12680000,29388.00000000,BEAMUSDT
2022-11-22 21:00:00,0.12660000,0.12670000,0.12640000,0.12650000,20687.00000000,BEAMUSDT
2022-11-22 21:15:00,0.12630000,0.12660000,0.12580000,0.12660000,19990.00000000,BEAMUSDT
2022-11-22 21:30:00,0.12630000,0.12680000,0.12610000,0.12610000,42121.00000000,BEAMUSDT
2022-11-22 21:45:00,0.12610000,0.12730000,0.12610000,0.12730000,24580.00000000,BEAMUSDT
2022-11-22 22:00:00,0.12730000,0.12900000,0.12700000,0.12900000,115471.00000000,BEAMUSDT
2022-11-22 22:15:00,0.12830000,0.12900000,0.12740000,0.12790000,38153.00000000,BEAMUSDT
2022-11-22 22:30:00,0.12750000,0.12810000,0.12730000,0.12750000,26078.00000000,BEAMUSDT
2022-11-22 22:45:00,0.12770000,0.12770000,0.12720000,0.12720000,16260.00000000,BEAMUSDT
2022-11-22 23:00:00,0.12720000,0.12780000,0.12690000,0.12740000,38874.00000000,BEAMUSDT
2022-11-22 23:15:00,0.12730000,0.12790000,0.12730000,0.12760000,19987.00000000,BEAMUSDT
2022-11-22 23:30:00,0.12790000,0.12840000,0.12750000,0.12800000,25015.00000000,BEAMUSDT
2022-11-22 23:45:00,0.12750000,0.12790000,0.12750000,0.12750000,1405.00000000,BEAMUSDT
2022-11-23 00:00:00,0.12790000,0.12810000,0.12790000,0.12810000,7784.00000000,BEAMUSDT
2022-11-23 00:15:00,0.12800000,0.12820000,0.12800000,0.12820000,38592.00000000,BEAMUSDT
2022-11-23 00:30:00,0.12820000,0.12820000,0.12700000,0.12700000,72466.00000000,BEAMUSDT
2022-11-23 00:45:00,0.12690000,0.12730000,0.12670000,0.12720000,16651.00000000,BEAMUSDT
2022-11-23 01:00:00,0.12730000,0.12730000,0.12670000,0.12690000,22963.00000000,BEAMUSDT
2022-11-23 01:15:00,0.12680000,0.12680000,0.12680000,0.12680000,4032.00000000,BEAMUSDT
2022-11-23 01:30:00,0.12670000,0.12700000,0.12670000,0.12670000,2783.00000000,BEAMUSDT
2022-11-23 01:45:00,0.12690000,0.12690000,0.12640000,0.12690000,9853.00000000,BEAMUSDT
2022-11-23 02:00:00,0.12660000,0.12690000,0.12630000,0.12690000,47277.00000000,BEAMUSDT
2022-11-23 02:15:00,0.12720000,0.13010000,0.12720000,0.12920000,97026.00000000,BEAMUSDT
2022-11-23 02:30:00,0.12920000,0.12970000,0.12880000,0.12920000,11178.00000000,BEAMUSDT
2022-11-23 02:45:00,0.12880000,0.12910000,0.12880000,0.12890000,20199.00000000,BEAMUSDT
2022-11-23 03:00:00,0.12890000,0.12970000,0.12890000,0.12940000,25236.00000000,BEAMUSDT
2022-11-23 03:15:00,0.12910000,0.13000000,0.12890000,0.12970000,64443.00000000,BEAMUSDT
2022-11-23 03:30:00,0.12960000,0.13020000,0.12960000,0.13010000,29408.00000000,BEAMUSDT
2022-11-23 03:45:00,0.13010000,0.13010000,0.12920000,0.12970000,58234.00000000,BEAMUSDT
2022-11-23 04:00:00,0.12970000,0.12970000,0.12890000,0.12900000,67589.00000000,BEAMUSDT
2022-11-23 04:15:00,0.12900000,0.12910000,0.12850000,0.12870000,18734.00000000,BEAMUSDT
2022-11-23 04:30:00,0.12870000,0.13000000,0.12870000,0.12960000,60234.00000000,BEAMUSDT
2022-11-23 04:45:00,0.12990000,0.13050000,0.12990000,0.13030000,30419.00000000,BEAMUSDT
2022-11-23 05:00:00,0.13040000,0.13090000,0.13040000,0.13080000,16962.00000000,BEAMUSDT
2022-11-23 05:15:00,0.13080000,0.13110000,0.12990000,0.12990000,32584.00000000,BEAMUSDT
2022-11-23 05:30:00,0.13000000,0.13040000,0.12950000,0.13010000,57770.00000000,BEAMUSDT
2022-11-23 05:45:00,0.13020000,0.13020000,0.12980000,0.12980000,4627.00000000,BEAMUSDT
2022-11-23 06:00:00,0.12980000,0.13070000,0.12960000,0.13040000,40102.00000000,BEAMUSDT
2022-11-23 06:15:00,0.13080000,0.13110000,0.13040000,0.13110000,38022.00000000,BEAMUSDT
2022-11-23 06:30:00,0.13120000,0.13140000,0.13030000,0.13050000,26496.00000000,BEAMUSDT
2022-11-23 06:45:00,0.13080000,0.13160000,0.13080000,0.13110000,54463.00000000,BEAMUSDT
2022-11-23 07:00:00,0.13130000,0.13190000,0.13130000,0.13140000,32018.00000000,BEAMUSDT
2022-11-23 07:15:00,0.13150000,0.13190000,0.13130000,0.13150000,19574.00000000,BEAMUSDT
2022-11-23 07:30:00,0.13170000,0.13260000,0.13170000,0.13230000,40878.00000000,BEAMUSDT
2022-11-23 07:45:00,0.13190000,0.13380000,0.13190000,0.13280000,87689.00000000,BEAMUSDT
2022-11-23 08:00:00,0.13340000,0.13360000,0.13240000,0.13330000,54977.00000000,BEAMUSDT
2022-11-23 08:15:00,0.13310000,0.13420000,0.13090000,0.13090000,255535.00000000,BEAMUSDT
2022-11-23 08:30:00,0.13090000,0.13130000,0.12990000,0.13100000,49360.00000000,BEAMUSDT
2022-11-23 08:45:00,0.13110000,0.13150000,0.13080000,0.13080000,7660.00000000,BEAMUSDT
2022-11-23 09:00:00,0.13080000,0.13130000,0.13080000,0.13130000,1778.00000000,BEAMUSDT
2022-11-23 09:15:00,0.13130000,0.13150000,0.13050000,0.13050000,84384.00000000,BEAMUSDT
2022-11-23 09:30:00,0.13050000,0.13060000,0.12880000,0.12970000,94261.00000000,BEAMUSDT
2022-11-23 09:45:00,0.12970000,0.13010000,0.12950000,0.13010000,35280.00000000,BEAMUSDT
2022-11-23 10:00:00,0.13020000,0.13030000,0.12980000,0.13000000,25106.00000000,BEAMUSDT
2022-11-23 10:15:00,0.13030000,0.13030000,0.12930000,0.12970000,26834.00000000,BEAMUSDT
2022-11-23 10:30:00,0.12980000,0.13030000,0.12980000,0.13030000,23474.00000000,BEAMUSDT
2022-11-23 10:45:00,0.13000000,0.13100000,0.12990000,0.13000000,58666.00000000,BEAMUSDT
2022-11-23 11:00:00,0.12990000,0.12990000,0.12940000,0.12980000,63290.00000000,BEAMUSDT
2022-11-23 11:15:00,0.12980000,0.12980000,0.12720000,0.12780000,534470.00000000,BEAMUSDT
2022-11-23 11:30:00,0.12770000,0.12770000,0.12580000,0.12700000,349447.00000000,BEAMUSDT
2022-11-23 11:45:00,0.12730000,0.12750000,0.12630000,0.12660000,62086.00000000,BEAMUSDT
2022-11-23 12:00:00,0.12660000,0.12690000,0.12490000,0.12580000,271962.00000000,BEAMUSDT
2022-11-23 12:15:00,0.12590000,0.12600000,0.12370000,0.12420000,214808.00000000,BEAMUSDT
2022-11-23 12:30:00,0.12420000,0.12550000,0.12340000,0.12520000,338922.00000000,BEAMUSDT
2022-11-23 12:45:00,0.12560000,0.12560000,0.12380000,0.12450000,103834.00000000,BEAMUSDT
2022-11-23 13:00:00,0.12450000,0.12640000,0.12400000,0.12610000,146408.00000000,BEAMUSDT
2022-11-23 13:15:00,0.12640000,0.12780000,0.12620000,0.12770000,133262.00000000,BEAMUSDT
2022-11-23 13:30:00,0.12770000,0.12770000,0.12620000,0.12680000,163542.00000000,BEAMUSDT
2022-11-23 13:45:00,0.12680000,0.12680000,0.12580000,0.12620000,30765.00000000,BEAMUSDT
2022-11-23 14:00:00,0.12620000,0.12650000,0.12590000,0.12650000,39509.00000000,BEAMUSDT
2022-11-23 14:15:00,0.12620000,0.12670000,0.12580000,0.12580000,32979.00000000,BEAMUSDT
2022-11-23 14:30:00,0.12590000,0.12630000,0.12530000,0.12560000,74926.00000000,BEAMUSDT
2022-11-23 14:45:00,0.12560000,0.12580000,0.12550000,0.12580000,61463.00000000,BEAMUSDT
2022-11-23 15:00:00,0.12570000,0.12580000,0.12540000,0.12540000,54852.00000000,BEAMUSDT
2022-11-23 15:15:00,0.12560000,0.12580000,0.12520000,0.12520000,13992.00000000,BEAMUSDT
2022-11-23 15:30:00,0.12550000,0.12570000,0.12530000,0.12550000,7598.00000000,BEAMUSDT
2022-11-23 15:45:00,0.12550000,0.12570000,0.12400000,0.12460000,152197.00000000,BEAMUSDT
2022-11-23 16:00:00,0.12430000,0.12580000,0.12400000,0.12550000,99161.00000000,BEAMUSDT
2022-11-23 16:15:00,0.12550000,0.12560000,0.12490000,0.12490000,25813.00000000,BEAMUSDT
2022-11-23 16:30:00,0.12480000,0.12500000,0.12430000,0.12490000,47827.00000000,BEAMUSDT
2022-11-23 16:45:00,0.12490000,0.12580000,0.12430000,0.12460000,113212.00000000,BEAMUSDT
2022-11-23 17:00:00,0.12470000,0.12530000,0.12460000,0.12510000,44181.00000000,BEAMUSDT
2022-11-23 17:15:00,0.12540000,0.12570000,0.12500000,0.12560000,23830.00000000,BEAMUSDT
2022-11-23 17:30:00,0.12560000,0.12580000,0.12500000,0.12510000,55025.00000000,BEAMUSDT
2022-11-23 17:45:00,0.12540000,0.12660000,0.12540000,0.12660000,83444.00000000,BEAMUSDT
2022-11-23 18:00:00,0.12660000,0.12670000,0.12610000,0.12640000,29683.00000000,BEAMUSDT
2022-11-23 18:15:00,0.12630000,0.12720000,0.12610000,0.12720000,46578.00000000,BEAMUSDT
2022-11-23 18:30:00,0.12730000,0.12740000,0.12580000,0.12600000,82639.00000000,BEAMUSDT
2022-11-23 18:45:00,0.12600000,0.12680000,0.12550000,0.12620000,101044.00000000,BEAMUSDT
2022-11-23 19:00:00,0.12610000,0.12800000,0.12600000,0.12760000,46130.00000000,BEAMUSDT
2022-11-23 19:15:00,0.12760000,0.12770000,0.12680000,0.12680000,11310.00000000,BEAMUSDT
2022-11-23 19:30:00,0.12670000,0.12760000,0.12670000,0.12760000,22932.00000000,BEAMUSDT
2022-11-23 19:45:00,0.12750000,0.12780000,0.12710000,0.12780000,7857.00000000,BEAMUSDT
2022-11-23 20:00:00,0.12730000,0.12750000,0.12700000,0.12700000,17531.00000000,BEAMUSDT
2022-11-23 20:15:00,0.12710000,0.12730000,0.12660000,0.12730000,50209.00000000,BEAMUSDT
2022-11-23 20:30:00,0.12690000,0.12830000,0.12660000,0.12810000,83158.00000000,BEAMUSDT
2022-11-23 20:45:00,0.12800000,0.12810000,0.12730000,0.12770000,58901.00000000,BEAMUSDT
2022-11-23 21:00:00,0.12810000,0.12830000,0.12770000,0.12770000,5502.00000000,BEAMUSDT
2022-11-23 21:15:00,0.12810000,0.12820000,0.12750000,0.12810000,9198.00000000,BEAMUSDT
2022-11-23 21:30:00,0.12750000,0.12830000,0.12750000,0.12760000,40742.00000000,BEAMUSDT
2022-11-23 21:45:00,0.12760000,0.12900000,0.12760000,0.12780000,37755.00000000,BEAMUSDT
2022-11-23 22:00:00,0.12770000,0.12840000,0.12760000,0.12770000,18565.00000000,BEAMUSDT
2022-11-23 22:15:00,0.12820000,0.12820000,0.12760000,0.12770000,9638.00000000,BEAMUSDT
2022-11-23 22:30:00,0.12800000,0.12800000,0.12760000,0.12800000,2475.00000000,BEAMUSDT
2022-11-23 22:45:00,0.12760000,0.12800000,0.12760000,0.12800000,559.00000000,BEAMUSDT
2022-11-23 23:00:00,0.12810000,0.12850000,0.12750000,0.12800000,25760.00000000,BEAMUSDT
2022-11-23 23:15:00,0.12810000,0.12820000,0.12750000,0.12820000,848.00000000,BEAMUSDT
2022-11-23 23:30:00,0.12820000,0.12900000,0.12800000,0.12890000,10736.00000000,BEAMUSDT
2022-11-23 23:45:00,0.12910000,0.12920000,0.12800000,0.12850000,53432.00000000,BEAMUSDT
2022-11-24 00:00:00,0.12840000,0.12900000,0.12820000,0.12900000,43522.00000000,BEAMUSDT
2022-11-24 00:15:00,0.12910000,0.12910000,0.12850000,0.12870000,14541.00000000,BEAMUSDT
2022-11-24 00:30:00,0.12870000,0.12920000,0.12850000,0.12850000,8355.00000000,BEAMUSDT
2022-11-24 00:45:00,0.12830000,0.12840000,0.12780000,0.12830000,17534.00000000,BEAMUSDT
2022-11-24 01:00:00,0.12820000,0.12870000,0.12810000,0.12820000,11375.00000000,BEAMUSDT
2022-11-24 01:15:00,0.12830000,0.12870000,0.12830000,0.12850000,11087.00000000,BEAMUSDT
2022-11-24 01:30:00,0.12880000,0.12930000,0.12840000,0.12920000,17379.00000000,BEAMUSDT
2022-11-24 01:45:00,0.12940000,0.12970000,0.12930000,0.12970000,3105.00000000,BEAMUSDT
2022-11-24 02:00:00,0.12980000,0.13010000,0.12960000,0.13010000,18264.00000000,BEAMUSDT
2022-11-24 02:15:00,0.12970000,0.12990000,0.12940000,0.12950000,19841.00000000,BEAMUSDT
2022-11-24 02:30:00,0.12960000,0.12980000,0.12940000,0.12980000,8349.00000000,BEAMUSDT
2022-11-24 02:45:00,0.12980000,0.13040000,0.12940000,0.12940000,30852.00000000,BEAMUSDT
2022-11-24 03:00:00,0.12930000,0.12970000,0.12920000,0.12970000,1875.00000000,BEAMUSDT
2022-11-24 03:15:00,0.12930000,0.12980000,0.12930000,0.12950000,5082.00000000,BEAMUSDT
2022-11-24 03:30:00,0.13000000,0.13000000,0.12970000,0.12970000,1027.00000000,BEAMUSDT
2022-11-24 03:45:00,0.12970000,0.12970000,0.12930000,0.12930000,61493.00000000,BEAMUSDT
2022-11-24 04:00:00,0.12930000,0.13090000,0.12920000,0.13010000,30414.00000000,BEAMUSDT
2022-11-24 04:15:00,0.13020000,0.13110000,0.12980000,0.13070000,63622.00000000,BEAMUSDT
2022-11-24 04:30:00,0.13070000,0.13100000,0.12970000,0.13060000,66621.00000000,BEAMUSDT
2022-11-24 04:45:00,0.13090000,0.13170000,0.13060000,0.13140000,30677.00000000,BEAMUSDT
2022-11-24 05:00:00,0.13170000,0.13200000,0.13140000,0.13190000,44101.00000000,BEAMUSDT
2022-11-24 05:15:00,0.13200000,0.13260000,0.13190000,0.13260000,54239.00000000,BEAMUSDT
2022-11-24 05:30:00,0.13250000,0.13330000,0.13190000,0.13240000,135820.00000000,BEAMUSDT
2022-11-24 05:45:00,0.13190000,0.13220000,0.13000000,0.13020000,118031.00000000,BEAMUSDT
2022-11-24 06:00:00,0.13050000,0.13080000,0.13000000,0.13030000,39792.00000000,BEAMUSDT
2022-11-24 06:15:00,0.13040000,0.13160000,0.13010000,0.13030000,66976.00000000,BEAMUSDT
2022-11-24 06:30:00,0.13080000,0.13080000,0.13080000,0.13080000,425.00000000,BEAMUSDT
2022-11-24 06:45:00,0.13090000,0.13180000,0.13080000,0.13180000,14126.00000000,BEAMUSDT
2022-11-24 07:00:00,0.13180000,0.13350000,0.13180000,0.13250000,92465.00000000,BEAMUSDT
2022-11-24 07:15:00,0.13250000,0.13350000,0.13250000,0.13350000,15999.00000000,BEAMUSDT
2022-11-24 07:30:00,0.13350000,0.13360000,0.13310000,0.13340000,38189.00000000,BEAMUSDT
2022-11-24 07:45:00,0.13340000,0.13460000,0.13330000,0.13350000,93145.00000000,BEAMUSDT
2022-11-24 08:00:00,0.13350000,0.13360000,0.13150000,0.13170000,79959.00000000,BEAMUSDT
2022-11-24 08:15:00,0.13170000,0.13170000,0.13000000,0.13030000,150501.00000000,BEAMUSDT
2022-11-24 08:30:00,0.13000000,0.13120000,0.13000000,0.13100000,7145.00000000,BEAMUSDT
2022-11-24 08:45:00,0.13100000,0.13140000,0.13090000,0.13090000,10322.00000000,BEAMUSDT
2022-11-24 09:00:00,0.13090000,0.13280000,0.13090000,0.13250000,61469.00000000,BEAMUSDT
2022-11-24 09:15:00,0.13250000,0.13310000,0.13190000,0.13240000,63601.00000000,BEAMUSDT
2022-11-24 09:30:00,0.13250000,0.13290000,0.13160000,0.13200000,16720.00000000,BEAMUSDT
2022-11-24 09:45:00,0.13220000,0.13230000,0.13100000,0.13170000,30068.00000000,BEAMUSDT
2022-11-24 10:00:00,0.13140000,0.13170000,0.13100000,0.13140000,6820.00000000,BEAMUSDT
2022-11-24 10:15:00,0.13140000,0.13270000,0.13140000,0.13240000,11508.00000000,BEAMUSDT
2022-11-24 10:30:00,0.13240000,0.13240000,0.13110000,0.13110000,73977.00000000,BEAMUSDT
2022-11-24 10:45:00,0.13110000,0.13110000,0.13050000,0.13060000,27786.00000000,BEAMUSDT
2022-11-24 11:00:00,0.13090000,0.13100000,0.13060000,0.13090000,8088.00000000,BEAMUSDT
2022-11-24 11:15:00,0.13130000,0.13190000,0.13130000,0.13190000,11544.00000000,BEAMUSDT
2022-11-24 11:30:00,0.13200000,0.13230000,0.13000000,0.13120000,104400.00000000,BEAMUSDT
2022-11-24 11:45:00,0.13120000,0.13140000,0.13030000,0.13100000,12645.00000000,BEAMUSDT
2022-11-24 12:00:00,0.13060000,0.13110000,0.13050000,0.13110000,1839.00000000,BEAMUSDT
2022-11-24 12:15:00,0.13060000,0.13060000,0.12920000,0.12920000,101109.00000000,BEAMUSDT
2022-11-24 12:30:00,0.12920000,0.12980000,0.12770000,0.12900000,139786.00000000,BEAMUSDT
2022-11-24 12:45:00,0.12920000,0.13130000,0.12880000,0.13130000,93800.00000000,BEAMUSDT
2022-11-24 13:00:00,0.13120000,0.13170000,0.13100000,0.13130000,23028.00000000,BEAMUSDT
2022-11-24 13:15:00,0.13170000,0.13240000,0.13060000,0.13080000,102689.00000000,BEAMUSDT
2022-11-24 13:30:00,0.13110000,0.13110000,0.13030000,0.13050000,20140.00000000,BEAMUSDT
2022-11-24 13:45:00,0.13050000,0.13220000,0.13050000,0.13190000,20078.00000000,BEAMUSDT
2022-11-24 14:00:00,0.13190000,0.13220000,0.13190000,0.13200000,21073.00000000,BEAMUSDT
2022-11-24 14:15:00,0.13190000,0.13190000,0.13000000,0.13040000,56994.00000000,BEAMUSDT
2022-11-24 14:30:00,0.13010000,0.13030000,0.12980000,0.13000000,17389.00000000,BEAMUSDT
2022-11-24 14:45:00,0.13000000,0.13030000,0.13000000,0.13030000,9402.00000000,BEAMUSDT
2022-11-24 15:00:00,0.13030000,0.13030000,0.12930000,0.12930000,41678.00000000,BEAMUSDT
2022-11-24 15:15:00,0.12930000,0.12990000,0.12930000,0.12990000,891.00000000,BEAMUSDT
2022-11-24 15:30:00,0.12980000,0.13000000,0.12960000,0.12960000,12143.00000000,BEAMUSDT
2022-11-24 15:45:00,0.12960000,0.13000000,0.12960000,0.12990000,11699.00000000,BEAMUSDT
2022-11-24 16:00:00,0.12990000,0.13050000,0.12940000,0.13050000,53344.00000000,BEAMUSDT
2022-11-24 16:15:00,0.13020000,0.13070000,0.12880000,0.12930000,28038.00000000,BEAMUSDT
2022-11-24 16:30:00,0.12920000,0.12990000,0.12880000,0.12990000,23012.00000000,BEAMUSDT
2022-11-24 16:45:00,0.13010000,0.13020000,0.12970000,0.13000000,13484.00000000,BEAMUSDT
2022-11-24 17:00:00,0.13020000,0.13030000,0.12970000,0.12970000,11164.00000000,BEAMUSDT
2022-11-24 17:15:00,0.12970000,0.12990000,0.12910000,0.12910000,27706.00000000,BEAMUSDT
2022-11-24 17:30:00,0.12920000,0.12940000,0.12880000,0.12880000,38489.00000000,BEAMUSDT
2022-11-24 17:45:00,0.12920000,0.12920000,0.12820000,0.12820000,31974.00000000,BEAMUSDT
2022-11-24 18:00:00,0.12820000,0.12830000,0.12760000,0.12770000,38997.00000000,BEAMUSDT
2022-11-24 18:15:00,0.12790000,0.12800000,0.12710000,0.12740000,85776.00000000,BEAMUSDT
2022-11-24 18:30:00,0.12720000,0.12770000,0.12700000,0.12740000,20646.00000000,BEAMUSDT
2022-11-24 18:45:00,0.12740000,0.12740000,0.12690000,0.12690000,2363.00000000,BEAMUSDT
2022-11-24 19:00:00,0.12730000,0.12730000,0.12690000,0.12690000,9970.00000000,BEAMUSDT
2022-11-24 19:15:00,0.12690000,0.12730000,0.12690000,0.12690000,27106.00000000,BEAMUSDT
2022-11-24 19:30:00,0.12690000,0.12700000,0.12690000,0.12700000,3063.00000000,BEAMUSDT
2022-11-24 19:45:00,0.12690000,0.12780000,0.12690000,0.12780000,37117.00000000,BEAMUSDT
2022-11-24 20:00:00,0.12800000,0.12830000,0.12800000,0.12800000,9369.00000000,BEAMUSDT
2022-11-24 20:15:00,0.12790000,0.12790000,0.12730000,0.12730000,6736.00000000,BEAMUSDT
2022-11-24 20:30:00,0.12770000,0.12790000,0.12770000,0.12790000,4891.00000000,BEAMUSDT
2022-11-24 20:45:00,0.12780000,0.12780000,0.12670000,0.12680000,13437.00000000,BEAMUSDT
2022-11-24 21:00:00,0.12730000,0.12760000,0.12710000,0.12710000,4761.00000000,BEAMUSDT
2022-11-24 21:15:00,0.12710000,0.12760000,0.12680000,0.12730000,81744.00000000,BEAMUSDT
2022-11-24 21:30:00,0.12720000,0.12750000,0.12710000,0.12750000,22255.00000000,BEAMUSDT
2022-11-24 21:45:00,0.12750000,0.12750000,0.12750000,0.12750000,632.00000000,BEAMUSDT
2022-11-24 22:00:00,0.12780000,0.12790000,0.12750000,0.12790000,3068.00000000,BEAMUSDT
2022-11-24 22:15:00,0.12790000,0.12790000,0.12750000,0.12750000,6026.00000000,BEAMUSDT
2022-11-24 22:30:00,0.12750000,0.12790000,0.12750000,0.12790000,559.00000000,BEAMUSDT
2022-11-24 22:45:00,0.12750000,0.12800000,0.12750000,0.12800000,5186.00000000,BEAMUSDT
2022-11-24 23:00:00,0.12790000,0.12810000,0.12700000,0.12750000,22317.00000000,BEAMUSDT
2022-11-24 23:15:00,0.12760000,0.12790000,0.12740000,0.12780000,16161.00000000,BEAMUSDT
2022-11-24 23:30:00,0.12780000,0.12810000,0.12730000,0.12730000,12650.00000000,BEAMUSDT
2022-11-24 23:45:00,0.12780000,0.12780000,0.12730000,0.12780000,3155.00000000,BEAMUSDT
2022-11-25 00:00:00,0.12780000,0.12790000,0.12660000,0.12700000,54462.00000000,BEAMUSDT
2022-11-25 00:15:00,0.12650000,0.12650000,0.12600000,0.12600000,20601.00000000,BEAMUSDT
2022-11-25 00:30:00,0.12650000,0.12650000,0.12600000,0.12640000,31106.00000000,BEAMUSDT
2022-11-25 00:45:00,0.12610000,0.12650000,0.12610000,0.12640000,5936.00000000,BEAMUSDT
2022-11-25 01:00:00,0.12630000,0.12630000,0.12600000,0.12600000,4940.00000000,BEAMUSDT
2022-11-25 01:15:00,0.12620000,0.12630000,0.12600000,0.12620000,5068.00000000,BEAMUSDT
2022-11-25 01:30:00,0.12620000,0.12620000,0.12590000,0.12590000,23093.00000000,BEAMUSDT
2022-11-25 01:45:00,0.12580000,0.12580000,0.12550000,0.12560000,13592.00000000,BEAMUSDT
2022-11-25 02:00:00,0.12550000,0.12550000,0.12510000,0.12530000,13517.00000000,BEAMUSDT
2022-11-25 02:15:00,0.12510000,0.12510000,0.12500000,0.12500000,12816.00000000,BEAMUSDT
2022-11-25 02:30:00,0.12490000,0.12490000,0.12450000,0.12470000,16207.00000000,BEAMUSDT
2022-11-25 02:45:00,0.12450000,0.12470000,0.12340000,0.12410000,64087.00000000,BEAMUSDT
2022-11-25 03:00:00,0.12410000,0.12410000,0.12350000,0.12400000,5757.00000000,BEAMUSDT
2022-11-25 03:15:00,0.12380000,0.12400000,0.12380000,0.12400000,677.00000000,BEAMUSDT
2022-11-25 03:30:00,0.12390000,0.12390000,0.12390000,0.12390000,203.00000000,BEAMUSDT
2022-11-25 03:45:00,0.12380000,0.12390000,0.12370000,0.12370000,13821.00000000,BEAMUSDT
2022-11-25 04:00:00,0.12380000,0.12490000,0.12380000,0.12460000,55478.00000000,BEAMUSDT
2022-11-25 04:15:00,0.12490000,0.12490000,0.12420000,0.12460000,38240.00000000,BEAMUSDT
2022-11-25 04:30:00,0.12460000,0.12480000,0.12400000,0.12400000,10023.00000000,BEAMUSDT
2022-11-25 04:45:00,0.12410000,0.12460000,0.12390000,0.12460000,32648.00000000,BEAMUSDT
2022-11-25 05:00:00,0.12420000,0.12420000,0.12080000,0.12100000,282756.00000000,BEAMUSDT
2022-11-25 05:15:00,0.12120000,0.12120000,0.11760000,0.11900000,724370.00000000,BEAMUSDT
2022-11-25 05:30:00,0.11910000,0.11910000,0.11670000,0.11740000,449104.00000000,BEAMUSDT
2022-11-25 05:45:00,0.11720000,0.11750000,0.11530000,0.11680000,930317.00000000,BEAMUSDT
2022-11-25 06:00:00,0.11700000,0.11760000,0.11660000,0.11700000,104807.00000000,BEAMUSDT
2022-11-25 06:15:00,0.11670000,0.11730000,0.11660000,0.11730000,37665.00000000,BEAMUSDT
2022-11-25 06:30:00,0.11710000,0.11810000,0.11510000,0.11600000,318633.00000000,BEAMUSDT
2022-11-25 06:45:00,0.11590000,0.11720000,0.11590000,0.11660000,88533.00000000,BEAMUSDT
2022-11-25 07:00:00,0.11670000,0.11670000,0.11550000,0.11620000,122071.00000000,BEAMUSDT
2022-11-25 07:15:00,0.11620000,0.11620000,0.11320000,0.11380000,254699.00000000,BEAMUSDT
2022-11-25 07:30:00,0.11410000,0.11500000,0.11360000,0.11470000,355747.00000000,BEAMUSDT
2022-11-25 07:45:00,0.11450000,0.11470000,0.11340000,0.11420000,182561.00000000,BEAMUSDT
2022-11-25 08:00:00,0.11420000,0.11450000,0.11350000,0.11380000,118278.00000000,BEAMUSDT
2022-11-25 08:15:00,0.11390000,0.11400000,0.11220000,0.11300000,396019.00000000,BEAMUSDT
2022-11-25 08:30:00,0.11320000,0.11440000,0.11290000,0.11440000,156951.00000000,BEAMUSDT
2022-11-25 08:45:00,0.11450000,0.11460000,0.11370000,0.11370000,49948.00000000,BEAMUSDT
2022-11-25 09:00:00,0.11350000,0.11520000,0.11320000,0.11510000,135074.00000000,BEAMUSDT
2022-11-25 09:15:00,0.11500000,0.11520000,0.11460000,0.11500000,76119.00000000,BEAMUSDT
2022-11-25 09:30:00,0.11500000,0.11550000,0.11420000,0.11420000,157645.00000000,BEAMUSDT
2022-11-25 09:45:00,0.11420000,0.11450000,0.11270000,0.11310000,213364.00000000,BEAMUSDT
2022-11-25 10:00:00,0.11300000,0.11410000,0.11290000,0.11410000,127600.00000000,BEAMUSDT
2022-11-25 10:15:00,0.11410000,0.11410000,0.11360000,0.11360000,43049.00000000,BEAMUSDT
2022-11-25 10:30:00,0.11390000,0.11500000,0.11370000,0.11490000,121395.00000000,BEAMUSDT
2022-11-25 10:45:00,0.11500000,0.11530000,0.11450000,0.11530000,135675.00000000,BEAMUSDT
2022-11-25 11:00:00,0.11510000,0.11650000,0.11490000,0.11600000,123120.00000000,BEAMUSDT
2022-11-25 11:15:00,0.11620000,0.11750000,0.11610000,0.11620000,248835.00000000,BEAMUSDT
2022-11-25 11:30:00,0.11620000,0.11690000,0.11570000,0.11650000,164557.00000000,BEAMUSDT
2022-11-25 11:45:00,0.11650000,0.11690000,0.11630000,0.11650000,84391.00000000,BEAMUSDT
2022-11-25 12:00:00,0.11660000,0.11700000,0.11650000,0.11680000,97155.00000000,BEAMUSDT
2022-11-25 12:15:00,0.11680000,0.11740000,0.11670000,0.11680000,125115.00000000,BEAMUSDT
2022-11-25 12:30:00,0.11680000,0.11730000,0.11640000,0.11640000,70964.00000000,BEAMUSDT
2022-11-25 12:45:00,0.11670000,0.11820000,0.11640000,0.11770000,602764.00000000,BEAMUSDT
2022-11-25 13:00:00,0.11770000,0.11780000,0.11700000,0.11760000,153500.00000000,BEAMUSDT
2022-11-25 13:15:00,0.11760000,0.11770000,0.11730000,0.11750000,99891.00000000,BEAMUSDT
2022-11-25 13:30:00,0.11750000,0.11780000,0.11730000,0.11770000,42265.00000000,BEAMUSDT
2022-11-25 13:45:00,0.11770000,0.11780000,0.11740000,0.11770000,30712.00000000,BEAMUSDT
2022-11-25 14:00:00,0.11770000,0.11830000,0.11750000,0.11810000,93820.00000000,BEAMUSDT
2022-11-25 14:15:00,0.11810000,0.11830000,0.11780000,0.11830000,66901.00000000,BEAMUSDT
2022-11-25 14:30:00,0.11830000,0.11830000,0.11750000,0.11790000,48488.00000000,BEAMUSDT
2022-11-25 14:45:00,0.11830000,0.11840000,0.11800000,0.11840000,124508.00000000,BEAMUSDT
2022-11-25 15:00:00,0.11840000,0.11900000,0.11810000,0.11870000,115079.00000000,BEAMUSDT
2022-11-25 15:15:00,0.11870000,0.11880000,0.11830000,0.11870000,36869.00000000,BEAMUSDT
2022-11-25 15:30:00,0.11870000,0.11890000,0.11830000,0.11870000,48023.00000000,BEAMUSDT
2022-11-25 15:45:00,0.11880000,0.11920000,0.11870000,0.11910000,74143.00000000,BEAMUSDT
2022-11-25 16:00:00,0.11910000,0.11920000,0.11850000,0.11880000,74291.00000000,BEAMUSDT
2022-11-25 16:15:00,0.11880000,0.11890000,0.11760000,0.11810000,89379.00000000,BEAMUSDT
2022-11-25 16:30:00,0.11810000,0.11810000,0.11770000,0.11810000,62625.00000000,BEAMUSDT
2022-11-25 16:45:00,0.11810000,0.11830000,0.11790000,0.11820000,29286.00000000,BEAMUSDT
2022-11-25 17:00:00,0.11820000,0.11860000,0.11790000,0.11860000,11802.00000000,BEAMUSDT
2022-11-25 17:15:00,0.11860000,0.11860000,0.11780000,0.11790000,73608.00000000,BEAMUSDT
2022-11-25 17:30:00,0.11790000,0.11790000,0.11760000,0.11770000,41954.00000000,BEAMUSDT
2022-11-25 17:45:00,0.11770000,0.11770000,0.11720000,0.11720000,74733.00000000,BEAMUSDT
2022-11-25 18:00:00,0.11730000,0.11760000,0.11730000,0.11740000,20770.00000000,BEAMUSDT
2022-11-25 18:15:00,0.11730000,0.11750000,0.11710000,0.11710000,38663.00000000,BEAMUSDT
2022-11-25 18:30:00,0.11740000,0.11750000,0.11700000,0.11720000,17180.00000000,BEAMUSDT
2022-11-25 18:45:00,0.11700000,0.11710000,0.11680000,0.11680000,11559.00000000,BEAMUSDT
2022-11-25 19:00:00,0.11670000,0.11690000,0.11640000,0.11670000,29262.00000000,BEAMUSDT
2022-11-25 19:15:00,0.11670000,0.11700000,0.11650000,0.11680000,52232.00000000,BEAMUSDT
2022-11-25 19:30:00,0.11680000,0.11700000,0.11650000,0.11680000,12394.00000000,BEAMUSDT
2022-11-25 19:45:00,0.11680000,0.11680000,0.11540000,0.11620000,135969.00000000,BEAMUSDT
2022-11-25 20:00:00,0.11620000,0.11640000,0.11590000,0.11630000,38485.00000000,BEAMUSDT
2022-11-25 20:15:00,0.11630000,0.11650000,0.11600000,0.11630000,32185.00000000,BEAMUSDT
2022-11-25 20:30:00,0.11640000,0.11650000,0.11590000,0.11620000,25567.00000000,BEAMUSDT
2022-11-25 20:45:00,0.11630000,0.11630000,0.11600000,0.11610000,11801.00000000,BEAMUSDT
2022-11-25 21:00:00,0.11590000,0.11630000,0.11590000,0.11600000,28046.00000000,BEAMUSDT
2022-11-25 21:15:00,0.11620000,0.11640000,0.11590000,0.11620000,12891.00000000,BEAMUSDT
2022-11-25 21:30:00,0.11600000,0.11700000,0.11600000,0.11690000,56392.00000000,BEAMUSDT
2022-11-25 21:45:00,0.11690000,0.11840000,0.11660000,0.11790000,340301.00000000,BEAMUSDT
2022-11-25 22:00:00,0.11790000,0.11850000,0.11760000,0.11800000,78570.00000000,BEAMUSDT
2022-11-25 22:15:00,0.11800000,0.11840000,0.11790000,0.11800000,24252.00000000,BEAMUSDT
2022-11-25 22:30:00,0.11810000,0.11820000,0.11790000,0.11810000,5127.00000000,BEAMUSDT
2022-11-25 22:45:00,0.11810000,0.11810000,0.11750000,0.11750000,55683.00000000,BEAMUSDT
2022-11-25 23:00:00,0.11750000,0.11830000,0.11750000,0.11760000,23394.00000000,BEAMUSDT
2022-11-25 23:15:00,0.11790000,0.11860000,0.11780000,0.11850000,47303.00000000,BEAMUSDT
2022-11-25 23:30:00,0.11810000,0.11830000,0.11800000,0.11800000,4381.00000000,BEAMUSDT
2022-11-25 23:45:00,0.11810000,0.11840000,0.11790000,0.11790000,8616.00000000,BEAMUSDT
2022-11-26 00:00:00,0.11790000,0.11870000,0.11780000,0.11820000,39902.00000000,BEAMUSDT
2022-11-26 00:15:00,0.11850000,0.11860000,0.11800000,0.11810000,2378.00000000,BEAMUSDT
2022-11-26 00:30:00,0.11810000,0.11870000,0.11810000,0.11870000,9646.00000000,BEAMUSDT
2022-11-26 00:45:00,0.11870000,0.11880000,0.11850000,0.11870000,5360.00000000,BEAMUSDT
2022-11-26 01:00:00,0.11870000,0.11890000,0.11840000,0.11890000,31595.00000000,BEAMUSDT
2022-11-26 01:15:00,0.11890000,0.11900000,0.11850000,0.11900000,28615.00000000,BEAMUSDT
2022-11-26 01:30:00,0.11900000,0.11910000,0.11880000,0.11910000,42780.00000000,BEAMUSDT
2022-11-26 01:45:00,0.11890000,0.11890000,0.11850000,0.11870000,33315.00000000,BEAMUSDT
2022-11-26 02:00:00,0.11870000,0.11960000,0.11870000,0.11920000,117413.00000000,BEAMUSDT
2022-11-26 02:15:00,0.11910000,0.11920000,0.11880000,0.11910000,5329.00000000,BEAMUSDT
2022-11-26 02:30:00,0.11900000,0.11900000,0.11870000,0.11890000,4214.00000000,BEAMUSDT
2022-11-26 02:45:00,0.11870000,0.11900000,0.11860000,0.11890000,2938.00000000,BEAMUSDT
2022-11-26 03:00:00,0.11860000,0.11900000,0.11860000,0.11870000,30927.00000000,BEAMUSDT
2022-11-26 03:15:00,0.11870000,0.11900000,0.11840000,0.11840000,8436.00000000,BEAMUSDT
2022-11-26 03:30:00,0.11870000,0.11870000,0.11840000,0.11850000,8182.00000000,BEAMUSDT
2022-11-26 03:45:00,0.11850000,0.11880000,0.11850000,0.11850000,1286.00000000,BEAMUSDT
2022-11-26 04:00:00,0.11840000,0.11850000,0.11800000,0.11810000,39927.00000000,BEAMUSDT
2022-11-26 04:15:00,0.11790000,0.11790000,0.11750000,0.11780000,37304.00000000,BEAMUSDT
2022-11-26 04:30:00,0.11780000,0.11790000,0.11760000,0.11790000,7898.00000000,BEAMUSDT
2022-11-26 04:45:00,0.11790000,0.11790000,0.11770000,0.11770000,10379.00000000,BEAMUSDT
2022-11-26 05:00:00,0.11790000,0.11790000,0.11760000,0.11780000,6725.00000000,BEAMUSDT
2022-11-26 05:15:00,0.11760000,0.11780000,0.11750000,0.11780000,2296.00000000,BEAMUSDT
2022-11-26 05:30:00,0.11780000,0.11790000,0.11750000,0.11760000,28138.00000000,BEAMUSDT
2022-11-26 05:45:00,0.11770000,0.11780000,0.11750000,0.11780000,7021.00000000,BEAMUSDT
2022-11-26 06:00:00,0.11780000,0.11780000,0.11720000,0.11730000,10351.00000000,BEAMUSDT
2022-11-26 06:15:00,0.11710000,0.11730000,0.11710000,0.11730000,3719.00000000,BEAMUSDT
2022-11-26 06:30:00,0.11740000,0.11750000,0.11730000,0.11730000,6530.00000000,BEAMUSDT
2022-11-26 06:45:00,0.11750000,0.11760000,0.11730000,0.11730000,13545.00000000,BEAMUSDT
2022-11-26 07:00:00,0.11730000,0.11730000,0.11610000,0.11660000,104336.00000000,BEAMUSDT
2022-11-26 07:15:00,0.11640000,0.11660000,0.11630000,0.11630000,15706.00000000,BEAMUSDT
2022-11-26 07:30:00,0.11660000,0.11670000,0.11610000,0.11620000,55775.00000000,BEAMUSDT
2022-11-26 07:45:00,0.11620000,0.11690000,0.11600000,0.11670000,26844.00000000,BEAMUSDT
2022-11-26 08:00:00,0.11670000,0.11680000,0.11640000,0.11680000,17218.00000000,BEAMUSDT
2022-11-26 08:15:00,0.11650000,0.11680000,0.11640000,0.11640000,40187.00000000,BEAMUSDT
2022-11-26 08:30:00,0.11640000,0.11650000,0.11620000,0.11630000,20703.00000000,BEAMUSDT
2022-11-26 08:45:00,0.11660000,0.11660000,0.11600000,0.11630000,48804.00000000,BEAMUSDT
2022-11-26 09:00:00,0.11600000,0.11650000,0.11600000,0.11650000,12805.00000000,BEAMUSDT
2022-11-26 09:15:00,0.11650000,0.11700000,0.11640000,0.11640000,46144.00000000,BEAMUSDT
2022-11-26 09:30:00,0.11640000,0.11670000,0.11640000,0.11650000,3625.00000000,BEAMUSDT
2022-11-26 09:45:00,0.11650000,0.11700000,0.11650000,0.11680000,7694.00000000,BEAMUSDT
2022-11-26 10:00:00,0.11700000,0.11700000,0.11610000,0.11630000,50392.00000000,BEAMUSDT
2022-11-26 10:15:00,0.11630000,0.11660000,0.11570000,0.11600000,59839.00000000,BEAMUSDT
2022-11-26 10:30:00,0.11590000,0.11630000,0.11590000,0.11600000,34876.00000000,BEAMUSDT
2022-11-26 10:45:00,0.11630000,0.11670000,0.11630000,0.11650000,20202.00000000,BEAMUSDT
2022-11-26 11:00:00,0.11650000,0.11770000,0.11650000,0.11730000,150505.00000000,BEAMUSDT
2022-11-26 11:15:00,0.11730000,0.11770000,0.11730000,0.11760000,10082.00000000,BEAMUSDT
2022-11-26 11:30:00,0.11750000,0.11780000,0.11660000,0.11690000,63811.00000000,BEAMUSDT
2022-11-26 11:45:00,0.11680000,0.11710000,0.11680000,0.11700000,4189.00000000,BEAMUSDT
2022-11-26 12:00:00,0.11680000,0.11710000,0.11660000,0.11690000,18481.00000000,BEAMUSDT
2022-11-26 12:15:00,0.11660000,0.11670000,0.11650000,0.11670000,8008.00000000,BEAMUSDT
2022-11-26 12:30:00,0.11650000,0.11680000,0.11640000,0.11640000,10763.00000000,BEAMUSDT
2022-11-26 12:45:00,0.11660000,0.11800000,0.11650000,0.11780000,73751.00000000,BEAMUSDT
2022-11-26 13:00:00,0.11780000,0.11800000,0.11740000,0.11760000,36626.00000000,BEAMUSDT
2022-11-26 13:15:00,0.11760000,0.11780000,0.11750000,0.11780000,10939.00000000,BEAMUSDT
2022-11-26 13:30:00,0.11780000,0.11810000,0.11770000,0.11800000,17254.00000000,BEAMUSDT
2022-11-26 13:45:00,0.11800000,0.11800000,0.11760000,0.11770000,17233.00000000,BEAMUSDT
2022-11-26 14:00:00,0.11770000,0.11790000,0.11760000,0.11760000,32109.00000000,BEAMUSDT
2022-11-26 14:15:00,0.11760000,0.11780000,0.11630000,0.11720000,217522.00000000,BEAMUSDT
2022-11-26 14:30:00,0.11720000,0.11750000,0.11700000,0.11710000,39612.00000000,BEAMUSDT
2022-11-26 14:45:00,0.11700000,0.11730000,0.11590000,0.11600000,44218.00000000,BEAMUSDT
2022-11-26 15:00:00,0.11600000,0.11600000,0.11510000,0.11550000,192639.00000000,BEAMUSDT
2022-11-26 15:15:00,0.11530000,0.11540000,0.11450000,0.11540000,92036.00000000,BEAMUSDT
2022-11-26 15:30:00,0.11530000,0.11580000,0.11440000,0.11500000,132884.00000000,BEAMUSDT
2022-11-26 15:45:00,0.11550000,0.11570000,0.11500000,0.11510000,21051.00000000,BEAMUSDT
2022-11-26 16:00:00,0.11500000,0.11570000,0.11470000,0.11560000,47363.00000000,BEAMUSDT
2022-11-26 16:15:00,0.11560000,0.11560000,0.11480000,0.11500000,39205.00000000,BEAMUSDT
2022-11-26 16:30:00,0.11510000,0.11740000,0.11510000,0.11660000,297254.00000000,BEAMUSDT
2022-11-26 16:45:00,0.11640000,0.11660000,0.11640000,0.11650000,11513.00000000,BEAMUSDT
2022-11-26 17:00:00,0.11640000,0.11700000,0.11610000,0.11700000,97154.00000000,BEAMUSDT
2022-11-26 17:15:00,0.11670000,0.11670000,0.11660000,0.11660000,6675.00000000,BEAMUSDT
2022-11-26 17:30:00,0.11640000,0.11680000,0.11640000,0.11640000,2739.00000000,BEAMUSDT
2022-11-26 17:45:00,0.11640000,0.11700000,0.11630000,0.11700000,37717.00000000,BEAMUSDT
2022-11-26 18:00:00,0.11680000,0.11690000,0.11660000,0.11680000,8186.00000000,BEAMUSDT
2022-11-26 18:15:00,0.11650000,0.11650000,0.11640000,0.11640000,5930.00000000,BEAMUSDT
2022-11-26 18:30:00,0.11630000,0.11630000,0.11610000,0.11610000,10287.00000000,BEAMUSDT
2022-11-26 18:45:00,0.11610000,0.11620000,0.11590000,0.11620000,6844.00000000,BEAMUSDT
2022-11-26 19:00:00,0.11610000,0.11610000,0.11560000,0.11580000,18442.00000000,BEAMUSDT
2022-11-26 19:15:00,0.11570000,0.11610000,0.11570000,0.11580000,1644.00000000,BEAMUSDT
2022-11-26 19:30:00,0.11580000,0.11650000,0.11580000,0.11620000,62931.00000000,BEAMUSDT
2022-11-26 19:45:00,0.11610000,0.11670000,0.11610000,0.11650000,31042.00000000,BEAMUSDT
2022-11-26 20:00:00,0.11640000,0.12320000,0.11640000,0.12280000,973375.00000000,BEAMUSDT
2022-11-26 20:15:00,0.12250000,0.12730000,0.11880000,0.12150000,2975264.00000000,BEAMUSDT
2022-11-26 20:30:00,0.12150000,0.12230000,0.11430000,0.11510000,1913604.00000000,BEAMUSDT
2022-11-26 20:45:00,0.11500000,0.11830000,0.11500000,0.11770000,231098.00000000,BEAMUSDT
2022-11-26 21:00:00,0.11780000,0.11840000,0.11750000,0.11760000,148507.00000000,BEAMUSDT
2022-11-26 21:15:00,0.11760000,0.11830000,0.11750000,0.11810000,90560.00000000,BEAMUSDT
2022-11-26 21:30:00,0.11810000,0.11840000,0.11810000,0.11830000,83269.00000000,BEAMUSDT
2022-11-26 21:45:00,0.11810000,0.11900000,0.11750000,0.11820000,264615.00000000,BEAMUSDT
2022-11-26 22:00:00,0.11840000,0.11940000,0.11840000,0.11900000,78650.00000000,BEAMUSDT
2022-11-26 22:15:00,0.11910000,0.11920000,0.11890000,0.11920000,68100.00000000,BEAMUSDT
2022-11-26 22:30:00,0.11890000,0.11910000,0.11860000,0.11910000,60306.00000000,BEAMUSDT
2022-11-26 22:45:00,0.11890000,0.11890000,0.11780000,0.11850000,75200.00000000,BEAMUSDT
2022-11-26 23:00:00,0.11780000,0.11880000,0.11780000,0.11880000,8527.00000000,BEAMUSDT
2022-11-26 23:15:00,0.11880000,0.12060000,0.11880000,0.12060000,112650.00000000,BEAMUSDT
2022-11-26 23:30:00,0.12060000,0.12060000,0.11980000,0.12000000,60276.00000000,BEAMUSDT
2022-11-26 23:45:00,0.12000000,0.12000000,0.11980000,0.11980000,23440.00000000,BEAMUSDT
2022-11-27 00:00:00,0.12020000,0.12030000,0.11960000,0.11960000,8331.00000000,BEAMUSDT
2022-11-27 00:15:00,0.11960000,0.11980000,0.11880000,0.11920000,107745.00000000,BEAMUSDT
2022-11-27 00:30:00,0.11930000,0.11970000,0.11910000,0.11920000,56054.00000000,BEAMUSDT
2022-11-27 00:45:00,0.11920000,0.12060000,0.11920000,0.12020000,25144.00000000,BEAMUSDT
2022-11-27 01:00:00,0.12020000,0.12110000,0.12000000,0.12020000,56875.00000000,BEAMUSDT
2022-11-27 01:15:00,0.12020000,0.12070000,0.12000000,0.12030000,45292.00000000,BEAMUSDT
2022-11-27 01:30:00,0.12070000,0.12110000,0.12070000,0.12110000,2603.00000000,BEAMUSDT
2022-11-27 01:45:00,0.12100000,0.12120000,0.12070000,0.12070000,9412.00000000,BEAMUSDT
2022-11-27 02:00:00,0.12090000,0.12100000,0.12040000,0.12040000,2441.00000000,BEAMUSDT
2022-11-27 02:15:00,0.12100000,0.12110000,0.12020000,0.12040000,24840.00000000,BEAMUSDT
2022-11-27 02:30:00,0.12040000,0.12100000,0.12040000,0.12090000,9576.00000000,BEAMUSDT
2022-11-27 02:45:00,0.12090000,0.12130000,0.12080000,0.12120000,14286.00000000,BEAMUSDT
2022-11-27 03:00:00,0.12130000,0.12130000,0.12090000,0.12130000,1033.00000000,BEAMUSDT
2022-11-27 03:15:00,0.12130000,0.12130000,0.12080000,0.12080000,42094.00000000,BEAMUSDT
2022-11-27 03:30:00,0.12090000,0.12120000,0.12050000,0.12120000,45389.00000000,BEAMUSDT
2022-11-27 03:45:00,0.12120000,0.12140000,0.12110000,0.12110000,18608.00000000,BEAMUSDT
2022-11-27 04:00:00,0.12130000,0.12150000,0.12130000,0.12130000,4785.00000000,BEAMUSDT
2022-11-27 04:15:00,0.12130000,0.12130000,0.12050000,0.12130000,34682.00000000,BEAMUSDT
2022-11-27 04:30:00,0.12120000,0.12170000,0.12110000,0.12110000,10583.00000000,BEAMUSDT
2022-11-27 04:45:00,0.12160000,0.12190000,0.12110000,0.12120000,12686.00000000,BEAMUSDT
2022-11-27 05:00:00,0.12170000,0.12170000,0.12110000,0.12110000,9495.00000000,BEAMUSDT
2022-11-27 05:15:00,0.12160000,0.12160000,0.12100000,0.12100000,16394.00000000,BEAMUSDT
2022-11-27 05:30:00,0.12050000,0.12120000,0.12050000,0.12070000,35082.00000000,BEAMUSDT
2022-11-27 05:45:00,0.12090000,0.12100000,0.12040000,0.12040000,12276.00000000,BEAMUSDT
2022-11-27 06:00:00,0.12040000,0.12200000,0.12040000,0.12140000,80798.00000000,BEAMUSDT
2022-11-27 06:15:00,0.12150000,0.12160000,0.12080000,0.12130000,26473.00000000,BEAMUSDT
2022-11-27 06:30:00,0.12120000,0.12140000,0.12040000,0.12070000,16480.00000000,BEAMUSDT
2022-11-27 06:45:00,0.12030000,0.12100000,0.12010000,0.12060000,39626.00000000,BEAMUSDT
2022-11-27 07:00:00,0.12030000,0.12070000,0.12010000,0.12060000,18794.00000000,BEAMUSDT
2022-11-27 07:15:00,0.12010000,0.12070000,0.12000000,0.12060000,23427.00000000,BEAMUSDT
2022-11-27 07:30:00,0.12070000,0.12140000,0.12010000,0.12130000,63770.00000000,BEAMUSDT
2022-11-27 07:45:00,0.12080000,0.12140000,0.12020000,0.12070000,86143.00000000,BEAMUSDT
2022-11-27 08:00:00,0.12070000,0.12110000,0.12030000,0.12060000,27527.00000000,BEAMUSDT
2022-11-27 08:15:00,0.12060000,0.12060000,0.12020000,0.12030000,32051.00000000,BEAMUSDT
2022-11-27 08:30:00,0.12060000,0.12100000,0.12030000,0.12080000,25808.00000000,BEAMUSDT
2022-11-27 08:45:00,0.12100000,0.12110000,0.12050000,0.12080000,39172.00000000,BEAMUSDT
2022-11-27 09:00:00,0.12060000,0.12180000,0.12060000,0.12120000,33079.00000000,BEAMUSDT
2022-11-27 09:15:00,0.12120000,0.12180000,0.12060000,0.12110000,57468.00000000,BEAMUSDT
2022-11-27 09:30:00,0.12130000,0.12280000,0.12130000,0.12220000,86919.00000000,BEAMUSDT
2022-11-27 09:45:00,0.12220000,0.12240000,0.12100000,0.12100000,93564.00000000,BEAMUSDT
2022-11-27 10:00:00,0.12070000,0.12170000,0.12050000,0.12130000,36191.00000000,BEAMUSDT
2022-11-27 10:15:00,0.12130000,0.12180000,0.12110000,0.12150000,9707.00000000,BEAMUSDT
2022-11-27 10:30:00,0.12110000,0.12180000,0.12110000,0.12130000,8498.00000000,BEAMUSDT
2022-11-27 10:45:00,0.12140000,0.12280000,0.12080000,0.12110000,176574.00000000,BEAMUSDT
2022-11-27 11:00:00,0.12140000,0.12220000,0.12080000,0.12160000,43279.00000000,BEAMUSDT
2022-11-27 11:15:00,0.12120000,0.12200000,0.12120000,0.12200000,10907.00000000,BEAMUSDT
2022-11-27 11:30:00,0.12210000,0.12580000,0.12210000,0.12450000,498072.00000000,BEAMUSDT
2022-11-27 11:45:00,0.12420000,0.12670000,0.12260000,0.12390000,731902.00000000,BEAMUSDT
2022-11-27 12:00:00,0.12390000,0.12490000,0.12280000,0.12280000,228082.00000000,BEAMUSDT
2022-11-27 12:15:00,0.12280000,0.12280000,0.12230000,0.12250000,83192.00000000,BEAMUSDT
2022-11-27 12:30:00,0.12250000,0.12300000,0.12220000,0.12300000,41101.00000000,BEAMUSDT
2022-11-27 12:45:00,0.12260000,0.12350000,0.12220000,0.12320000,81436.00000000,BEAMUSDT
2022-11-27 13:00:00,0.12350000,0.12500000,0.12310000,0.12420000,89672.00000000,BEAMUSDT
2022-11-27 13:15:00,0.12400000,0.12400000,0.12310000,0.12390000,18223.00000000,BEAMUSDT
2022-11-27 13:30:00,0.12320000,0.12390000,0.12140000,0.12300000,318598.00000000,BEAMUSDT
2022-11-27 13:45:00,0.12260000,0.12690000,0.12260000,0.12570000,442654.00000000,BEAMUSDT
2022-11-27 14:00:00,0.12550000,0.12660000,0.12410000,0.12500000,148272.00000000,BEAMUSDT
2022-11-27 14:15:00,0.12520000,0.12780000,0.12520000,0.12660000,365737.00000000,BEAMUSDT
2022-11-27 14:30:00,0.12690000,0.12980000,0.12410000,0.12500000,780613.00000000,BEAMUSDT
2022-11-27 14:45:00,0.12500000,0.12500000,0.12300000,0.12310000,259171.00000000,BEAMUSDT
2022-11-27 15:00:00,0.12310000,0.12450000,0.12310000,0.12390000,82230.00000000,BEAMUSDT
2022-11-27 15:15:00,0.12390000,0.12490000,0.12380000,0.12420000,59400.00000000,BEAMUSDT
2022-11-27 15:30:00,0.12420000,0.12510000,0.12380000,0.12450000,141700.00000000,BEAMUSDT
2022-11-27 15:45:00,0.12460000,0.12590000,0.12460000,0.12530000,47604.00000000,BEAMUSDT
2022-11-27 16:00:00,0.12580000,0.12580000,0.12410000,0.12420000,62099.00000000,BEAMUSDT
2022-11-27 16:15:00,0.12420000,0.12420000,0.12380000,0.12420000,27169.00000000,BEAMUSDT
2022-11-27 16:30:00,0.12410000,0.12420000,0.12340000,0.12390000,29497.00000000,BEAMUSDT
2022-11-27 16:45:00,0.12410000,0.12450000,0.12320000,0.12370000,89952.00000000,BEAMUSDT
2022-11-27 17:00:00,0.12370000,0.12370000,0.12330000,0.12330000,15845.00000000,BEAMUSDT
2022-11-27 17:15:00,0.12330000,0.12360000,0.12330000,0.12330000,27037.00000000,BEAMUSDT
2022-11-27 17:30:00,0.12330000,0.12340000,0.12300000,0.12340000,29402.00000000,BEAMUSDT
2022-11-27 17:45:00,0.12340000,0.12420000,0.12320000,0.12380000,91177.00000000,BEAMUSDT
2022-11-27 18:00:00,0.12380000,0.12410000,0.12370000,0.12380000,11433.00000000,BEAMUSDT
2022-11-27 18:15:00,0.12380000,0.12500000,0.12360000,0.12490000,56910.00000000,BEAMUSDT
2022-11-27 18:30:00,0.12480000,0.12560000,0.12430000,0.12460000,34063.00000000,BEAMUSDT
2022-11-27 18:45:00,0.12460000,0.12480000,0.12390000,0.12400000,39184.00000000,BEAMUSDT
2022-11-27 19:00:00,0.12390000,0.12420000,0.12370000,0.12400000,44943.00000000,BEAMUSDT
2022-11-27 19:15:00,0.12400000,0.12400000,0.12370000,0.12370000,13043.00000000,BEAMUSDT
2022-11-27 19:30:00,0.12370000,0.12400000,0.12370000,0.12370000,1197.00000000,BEAMUSDT
2022-11-27 19:45:00,0.12370000,0.12400000,0.12340000,0.12340000,19079.00000000,BEAMUSDT
2022-11-27 20:00:00,0.12340000,0.12370000,0.12340000,0.12340000,2605.00000000,BEAMUSDT
2022-11-27 20:15:00,0.12360000,0.12380000,0.12330000,0.12330000,61573.00000000,BEAMUSDT
2022-11-27 20:30:00,0.12330000,0.12330000,0.12300000,0.12310000,97875.00000000,BEAMUSDT
2022-11-27 20:45:00,0.12300000,0.12350000,0.12290000,0.12320000,104970.00000000,BEAMUSDT
2022-11-27 21:00:00,0.12320000,0.12370000,0.12320000,0.12320000,11107.00000000,BEAMUSDT
2022-11-27 21:15:00,0.12320000,0.12440000,0.12320000,0.12360000,39858.00000000,BEAMUSDT
2022-11-27 21:30:00,0.12360000,0.12510000,0.12340000,0.12420000,73152.00000000,BEAMUSDT
2022-11-27 21:45:00,0.12430000,0.12510000,0.12390000,0.12470000,20158.00000000,BEAMUSDT
2022-11-27 22:00:00,0.12460000,0.12550000,0.12420000,0.12430000,28486.00000000,BEAMUSDT
2022-11-27 22:15:00,0.12440000,0.12460000,0.12380000,0.12440000,4290.00000000,BEAMUSDT
2022-11-27 22:30:00,0.12440000,0.12440000,0.12330000,0.12360000,13045.00000000,BEAMUSDT
2022-11-27 22:45:00,0.12360000,0.12360000,0.12230000,0.12340000,78163.00000000,BEAMUSDT
2022-11-27 23:00:00,0.12320000,0.12330000,0.12160000,0.12210000,48667.00000000,BEAMUSDT
2022-11-27 23:15:00,0.12200000,0.12260000,0.12090000,0.12120000,38568.00000000,BEAMUSDT
2022-11-27 23:30:00,0.12120000,0.12120000,0.11790000,0.11800000,275386.00000000,BEAMUSDT
2022-11-27 23:45:00,0.11800000,0.11880000,0.11750000,0.11870000,69269.00000000,BEAMUSDT
2022-11-28 00:00:00,0.11880000,0.11960000,0.11880000,0.11950000,8227.00000000,BEAMUSDT
2022-11-28 00:15:00,0.11960000,0.12100000,0.11960000,0.12070000,61469.00000000,BEAMUSDT
2022-11-28 00:30:00,0.12060000,0.12130000,0.12060000,0.12130000,62632.00000000,BEAMUSDT
2022-11-28 00:45:00,0.12100000,0.12160000,0.12080000,0.12080000,37425.00000000,BEAMUSDT
2022-11-28 01:00:00,0.12060000,0.12070000,0.11950000,0.12000000,65602.00000000,BEAMUSDT
2022-11-28 01:15:00,0.11980000,0.11980000,0.11740000,0.11790000,85691.00000000,BEAMUSDT
2022-11-28 01:30:00,0.11750000,0.11750000,0.11620000,0.11620000,83879.00000000,BEAMUSDT
2022-11-28 01:45:00,0.11620000,0.11640000,0.11520000,0.11580000,70549.00000000,BEAMUSDT
2022-11-28 02:00:00,0.11580000,0.11600000,0.11530000,0.11570000,56170.00000000,BEAMUSDT
2022-11-28 02:15:00,0.11570000,0.11640000,0.11570000,0.11590000,5881.00000000,BEAMUSDT
2022-11-28 02:30:00,0.11630000,0.11630000,0.11550000,0.11550000,25084.00000000,BEAMUSDT
2022-11-28 02:45:00,0.11580000,0.11590000,0.11540000,0.11590000,19513.00000000,BEAMUSDT
2022-11-28 03:00:00,0.11540000,0.11610000,0.11540000,0.11610000,13847.00000000,BEAMUSDT
2022-11-28 03:15:00,0.11600000,0.11630000,0.11600000,0.11620000,14972.00000000,BEAMUSDT
2022-11-28 03:30:00,0.11620000,0.11650000,0.11620000,0.11620000,4010.00000000,BEAMUSDT
2022-11-28 03:45:00,0.11620000,0.11630000,0.11530000,0.11580000,54910.00000000,BEAMUSDT
2022-11-28 04:00:00,0.11580000,0.11730000,0.11570000,0.11720000,84301.00000000,BEAMUSDT
2022-11-28 04:15:00,0.11720000,0.11870000,0.11650000,0.11720000,118797.00000000,BEAMUSDT
2022-11-28 04:30:00,0.11720000,0.11760000,0.11650000,0.11650000,46713.00000000,BEAMUSDT
2022-11-28 04:45:00,0.11650000,0.11690000,0.11630000,0.11660000,61662.00000000,BEAMUSDT
2022-11-28 05:00:00,0.11670000,0.11760000,0.11630000,0.11720000,32841.00000000,BEAMUSDT
2022-11-28 05:15:00,0.11730000,0.11730000,0.11720000,0.11720000,6571.00000000,BEAMUSDT
2022-11-28 05:30:00,0.11700000,0.11830000,0.11690000,0.11820000,31884.00000000,BEAMUSDT
2022-11-28 05:45:00,0.11800000,0.11820000,0.11650000,0.11660000,17524.00000000,BEAMUSDT
2022-11-28 06:00:00,0.11700000,0.11710000,0.11670000,0.11670000,5186.00000000,BEAMUSDT
2022-11-28 06:15:00,0.11700000,0.11810000,0.11670000,0.11800000,176537.00000000,BEAMUSDT
2022-11-28 06:30:00,0.11810000,0.11880000,0.11810000,0.11830000,11603.00000000,BEAMUSDT
2022-11-28 06:45:00,0.11860000,0.11860000,0.11690000,0.11720000,70169.00000000,BEAMUSDT
2022-11-28 07:00:00,0.11720000,0.11720000,0.11640000,0.11640000,63288.00000000,BEAMUSDT
2022-11-28 07:15:00,0.11660000,0.11680000,0.11640000,0.11680000,25875.00000000,BEAMUSDT
2022-11-28 07:30:00,0.11680000,0.11800000,0.11640000,0.11730000,31474.00000000,BEAMUSDT
2022-11-28 07:45:00,0.11740000,0.11760000,0.11730000,0.11760000,10038.00000000,BEAMUSDT
2022-11-28 08:00:00,0.11760000,0.11850000,0.11760000,0.11850000,42842.00000000,BEAMUSDT
2022-11-28 08:15:00,0.11850000,0.11890000,0.11760000,0.11760000,54322.00000000,BEAMUSDT
2022-11-28 08:30:00,0.11790000,0.11790000,0.11760000,0.11760000,28150.00000000,BEAMUSDT
2022-11-28 08:45:00,0.11770000,0.11810000,0.11760000,0.11810000,6348.00000000,BEAMUSDT
2022-11-28 09:00:00,0.11770000,0.11880000,0.11760000,0.11870000,108703.00000000,BEAMUSDT
2022-11-28 09:15:00,0.11870000,0.11930000,0.11860000,0.11900000,42129.00000000,BEAMUSDT
2022-11-28 09:30:00,0.11900000,0.11940000,0.11870000,0.11870000,21180.00000000,BEAMUSDT
2022-11-28 09:45:00,0.11890000,0.11900000,0.11870000,0.11890000,9007.00000000,BEAMUSDT
2022-11-28 10:00:00,0.11910000,0.11950000,0.11800000,0.11880000,102611.00000000,BEAMUSDT
2022-11-28 10:15:00,0.11820000,0.11820000,0.11780000,0.11780000,39269.00000000,BEAMUSDT
2022-11-28 10:30:00,0.11770000,0.11780000,0.11770000,0.11780000,8974.00000000,BEAMUSDT
2022-11-28 10:45:00,0.11770000,0.11770000,0.11760000,0.11760000,10862.00000000,BEAMUSDT
2022-11-28 11:00:00,0.11760000,0.11760000,0.11740000,0.11750000,40693.00000000,BEAMUSDT
2022-11-28 11:15:00,0.11750000,0.11750000,0.11700000,0.11700000,34107.00000000,BEAMUSDT
2022-11-28 11:30:00,0.11710000,0.11710000,0.11440000,0.11490000,285804.00000000,BEAMUSDT
2022-11-28 11:45:00,0.11490000,0.11500000,0.11490000,0.11500000,92376.00000000,BEAMUSDT
2022-11-28 12:00:00,0.11500000,0.11500000,0.11230000,0.11310000,298050.00000000,BEAMUSDT
2022-11-28 12:15:00,0.11310000,0.11310000,0.10850000,0.10960000,981645.00000000,BEAMUSDT
2022-11-28 12:30:00,0.10960000,0.12050000,0.10910000,0.11290000,1669357.00000000,BEAMUSDT
2022-11-28 12:45:00,0.11290000,0.11790000,0.11200000,0.11700000,597042.00000000,BEAMUSDT
2022-11-28 13:00:00,0.11700000,0.11700000,0.11410000,0.11450000,67298.00000000,BEAMUSDT
2022-11-28 13:15:00,0.11510000,0.11560000,0.11450000,0.11530000,35511.00000000,BEAMUSDT
2022-11-28 13:30:00,0.11530000,0.11620000,0.11500000,0.11600000,54960.00000000,BEAMUSDT
2022-11-28 13:45:00,0.11620000,0.11690000,0.11600000,0.11630000,34483.00000000,BEAMUSDT
2022-11-28 14:00:00,0.11630000,0.11660000,0.11530000,0.11600000,77621.00000000,BEAMUSDT
2022-11-28 14:15:00,0.11560000,0.11690000,0.11550000,0.11650000,54848.00000000,BEAMUSDT
2022-11-28 14:30:00,0.11650000,0.11750000,0.11510000,0.11750000,121620.00000000,BEAMUSDT
2022-11-28 14:45:00,0.11720000,0.11750000,0.11680000,0.11680000,51825.00000000,BEAMUSDT
2022-11-28 15:00:00,0.11680000,0.11710000,0.11610000,0.11610000,29514.00000000,BEAMUSDT
2022-11-28 15:15:00,0.11600000,0.11600000,0.11280000,0.11390000,202693.00000000,BEAMUSDT
2022-11-28 15:30:00,0.11390000,0.11490000,0.11370000,0.11470000,46304.00000000,BEAMUSDT
2022-11-28 15:45:00,0.11470000,0.11780000,0.11390000,0.11470000,247259.00000000,BEAMUSDT
2022-11-28 16:00:00,0.11460000,0.11460000,0.11310000,0.11390000,30824.00000000,BEAMUSDT
2022-11-28 16:15:00,0.11340000,0.11500000,0.11230000,0.11420000,92617.00000000,BEAMUSDT
2022-11-28 16:30:00,0.11420000,0.12000000,0.11420000,0.12000000,1006154.00000000,BEAMUSDT
2022-11-28 16:45:00,0.12000000,0.12050000,0.11900000,0.11980000,332093.00000000,BEAMUSDT
2022-11-28 17:00:00,0.12000000,0.12070000,0.11900000,0.11910000,176861.00000000,BEAMUSDT
2022-11-28 17:15:00,0.11910000,0.12040000,0.11900000,0.11950000,133240.00000000,BEAMUSDT
2022-11-28 17:30:00,0.11950000,0.12080000,0.11920000,0.11990000,218536.00000000,BEAMUSDT
2022-11-28 17:45:00,0.11990000,0.12080000,0.11950000,0.11980000,71886.00000000,BEAMUSDT
2022-11-28 18:00:00,0.11980000,0.12040000,0.11850000,0.11870000,115066.00000000,BEAMUSDT
2022-11-28 18:15:00,0.11850000,0.11870000,0.11850000,0.11870000,63770.00000000,BEAMUSDT
2022-11-28 18:30:00,0.11850000,0.11860000,0.11830000,0.11830000,39552.00000000,BEAMUSDT
2022-11-28 18:45:00,0.11830000,0.11830000,0.11750000,0.11800000,88693.00000000,BEAMUSDT
2022-11-28 19:00:00,0.11760000,0.11810000,0.11680000,0.11750000,80144.00000000,BEAMUSDT
2022-11-28 19:15:00,0.11750000,0.11780000,0.11730000,0.11750000,39758.00000000,BEAMUSDT
2022-11-28 19:30:00,0.11740000,0.11740000,0.11660000,0.11690000,85058.00000000,BEAMUSDT
2022-11-28 19:45:00,0.11690000,0.11740000,0.11650000,0.11680000,59243.00000000,BEAMUSDT
2022-11-28 20:00:00,0.11690000,0.11760000,0.11680000,0.11720000,11413.00000000,BEAMUSDT
2022-11-28 20:15:00,0.11760000,0.11870000,0.11750000,0.11870000,41598.00000000,BEAMUSDT
2022-11-28 20:30:00,0.11870000,0.11920000,0.11760000,0.11800000,16010.00000000,BEAMUSDT
2022-11-28 20:45:00,0.11800000,0.11860000,0.11700000,0.11780000,17944.00000000,BEAMUSDT
2022-11-28 21:00:00,0.11730000,0.11770000,0.11560000,0.11680000,41067.00000000,BEAMUSDT
2022-11-28 21:15:00,0.11680000,0.12380000,0.11680000,0.12360000,451238.00000000,BEAMUSDT
2022-11-28 21:30:00,0.12360000,0.12950000,0.12110000,0.12710000,1497288.00000000,BEAMUSDT
2022-11-28 21:45:00,0.12720000,0.12920000,0.12520000,0.12690000,369727.00000000,BEAMUSDT
2022-11-28 22:00:00,0.12700000,0.12700000,0.12330000,0.12390000,216875.00000000,BEAMUSDT
2022-11-28 22:15:00,0.12420000,0.12660000,0.12120000,0.12160000,244543.00000000,BEAMUSDT
2022-11-28 22:30:00,0.12160000,0.12300000,0.12160000,0.12190000,55150.00000000,BEAMUSDT
2022-11-28 22:45:00,0.12250000,0.12250000,0.12100000,0.12130000,49636.00000000,BEAMUSDT
2022-11-28 23:00:00,0.12130000,0.12160000,0.11840000,0.11840000,276096.00000000,BEAMUSDT
2022-11-28 23:15:00,0.11960000,0.12040000,0.11770000,0.11890000,82932.00000000,BEAMUSDT
2022-11-28 23:30:00,0.11820000,0.11910000,0.11770000,0.11890000,22185.00000000,BEAMUSDT
2022-11-28 23:45:00,0.11840000,0.11920000,0.11760000,0.11820000,20990.00000000,BEAMUSDT
2022-11-29 00:00:00,0.11840000,0.11900000,0.11810000,0.11810000,9993.00000000,BEAMUSDT
2022-11-29 00:15:00,0.11810000,0.11870000,0.11790000,0.11800000,21138.00000000,BEAMUSDT
2022-11-29 00:30:00,0.11800000,0.11900000,0.11780000,0.11840000,17330.00000000,BEAMUSDT
2022-11-29 00:45:00,0.11830000,0.11880000,0.11780000,0.11880000,25708.00000000,BEAMUSDT
2022-11-29 01:00:00,0.11860000,0.11860000,0.11860000,0.11860000,932.00000000,BEAMUSDT
2022-11-29 01:15:00,0.11880000,0.11960000,0.11880000,0.11930000,21242.00000000,BEAMUSDT
2022-11-29 01:30:00,0.11930000,0.12100000,0.11910000,0.11980000,39891.00000000,BEAMUSDT
2022-11-29 01:45:00,0.11970000,0.12150000,0.11970000,0.12020000,43792.00000000,BEAMUSDT
2022-11-29 02:00:00,0.12070000,0.12070000,0.11930000,0.12000000,37518.00000000,BEAMUSDT
2022-11-29 02:15:00,0.11990000,0.12010000,0.11990000,0.11990000,7255.00000000,BEAMUSDT
2022-11-29 02:30:00,0.11990000,0.12090000,0.11970000,0.12030000,47182.00000000,BEAMUSDT
2022-11-29 02:45:00,0.12090000,0.12190000,0.12040000,0.12180000,56984.00000000,BEAMUSDT
2022-11-29 03:00:00,0.12140000,0.12370000,0.12130000,0.12340000,92738.00000000,BEAMUSDT
2022-11-29 03:15:00,0.12300000,0.12340000,0.12250000,0.12300000,18058.00000000,BEAMUSDT
2022-11-29 03:30:00,0.12300000,0.12300000,0.12150000,0.12180000,16490.00000000,BEAMUSDT
2022-11-29 03:45:00,0.12190000,0.12220000,0.12130000,0.12170000,27618.00000000,BEAMUSDT
2022-11-29 04:00:00,0.12120000,0.12300000,0.12110000,0.12220000,19498.00000000,BEAMUSDT
2022-11-29 04:15:00,0.12230000,0.12270000,0.12110000,0.12270000,22131.00000000,BEAMUSDT
2022-11-29 04:30:00,0.12270000,0.12270000,0.12150000,0.12250000,35060.00000000,BEAMUSDT
2022-11-29 04:45:00,0.12200000,0.12240000,0.12140000,0.12240000,45994.00000000,BEAMUSDT
2022-11-29 05:00:00,0.12160000,0.12250000,0.12160000,0.12160000,33270.00000000,BEAMUSDT
2022-11-29 05:15:00,0.12160000,0.12400000,0.12130000,0.12200000,68089.00000000,BEAMUSDT
2022-11-29 05:30:00,0.12250000,0.12250000,0.12150000,0.12160000,13064.00000000,BEAMUSDT
2022-11-29 05:45:00,0.12220000,0.12220000,0.12140000,0.12160000,22543.00000000,BEAMUSDT
2022-11-29 06:00:00,0.12190000,0.12290000,0.12140000,0.12210000,48857.00000000,BEAMUSDT
2022-11-29 06:15:00,0.12200000,0.12230000,0.12140000,0.12150000,34045.00000000,BEAMUSDT
2022-11-29 06:30:00,0.12150000,0.12200000,0.12100000,0.12120000,43359.00000000,BEAMUSDT
2022-11-29 06:45:00,0.12120000,0.12160000,0.12100000,0.12100000,16846.00000000,BEAMUSDT
2022-11-29 07:00:00,0.12100000,0.12130000,0.12020000,0.12090000,49028.00000000,BEAMUSDT
2022-11-29 07:15:00,0.12090000,0.12120000,0.12050000,0.12050000,31784.00000000,BEAMUSDT
2022-11-29 07:30:00,0.12060000,0.12060000,0.12030000,0.12040000,40087.00000000,BEAMUSDT
2022-11-29 07:45:00,0.12060000,0.12070000,0.11920000,0.12060000,51963.00000000,BEAMUSDT
2022-11-29 08:00:00,0.12060000,0.12070000,0.11970000,0.11970000,141513.00000000,BEAMUSDT
2022-11-29 08:15:00,0.11990000,0.12040000,0.11950000,0.12000000,66824.00000000,BEAMUSDT
2022-11-29 08:30:00,0.12000000,0.12190000,0.12000000,0.12080000,75495.00000000,BEAMUSDT
2022-11-29 08:45:00,0.12030000,0.12090000,0.12030000,0.12070000,5522.00000000,BEAMUSDT
2022-11-29 09:00:00,0.12040000,0.12080000,0.12030000,0.12040000,11780.00000000,BEAMUSDT
2022-11-29 09:15:00,0.12070000,0.12140000,0.12040000,0.12140000,22624.00000000,BEAMUSDT
2022-11-29 09:30:00,0.12140000,0.12200000,0.12100000,0.12140000,52280.00000000,BEAMUSDT
2022-11-29 09:45:00,0.12150000,0.12670000,0.12150000,0.12270000,158761.00000000,BEAMUSDT
2022-11-29 10:00:00,0.12300000,0.12360000,0.12240000,0.12290000,31597.00000000,BEAMUSDT
2022-11-29 10:15:00,0.12250000,0.12350000,0.12250000,0.12280000,39170.00000000,BEAMUSDT
2022-11-29 10:30:00,0.12300000,0.12300000,0.12200000,0.12210000,41664.00000000,BEAMUSDT
2022-11-29 10:45:00,0.12210000,0.12250000,0.12060000,0.12190000,142719.00000000,BEAMUSDT
2022-11-29 11:00:00,0.12190000,0.12260000,0.12190000,0.12200000,23656.00000000,BEAMUSDT
2022-11-29 11:15:00,0.12200000,0.12250000,0.12180000,0.12190000,12068.00000000,BEAMUSDT
2022-11-29 11:30:00,0.12200000,0.13190000,0.12170000,0.13170000,870982.00000000,BEAMUSDT
2022-11-29 11:45:00,0.13160000,0.13180000,0.12200000,0.12360000,911844.00000000,BEAMUSDT
2022-11-29 12:00:00,0.12350000,0.14300000,0.12210000,0.13650000,3426925.00000000,BEAMUSDT
2022-11-29 12:15:00,0.13660000,0.14760000,0.12630000,0.12950000,5553119.00000000,BEAMUSDT
2022-11-29 12:30:00,0.12960000,0.13280000,0.12450000,0.13120000,1705630.00000000,BEAMUSDT
2022-11-29 12:45:00,0.13120000,0.13500000,0.12970000,0.12970000,1302402.00000000,BEAMUSDT
2022-11-29 13:00:00,0.12960000,0.12980000,0.12660000,0.12670000,459460.00000000,BEAMUSDT
2022-11-29 13:15:00,0.12660000,0.12780000,0.12570000,0.12600000,293390.00000000,BEAMUSDT
2022-11-29 13:30:00,0.12600000,0.12960000,0.12600000,0.12870000,386543.00000000,BEAMUSDT
2022-11-29 13:45:00,0.12840000,0.12890000,0.12630000,0.12640000,238771.00000000,BEAMUSDT
2022-11-29 14:00:00,0.12640000,0.13590000,0.12630000,0.13560000,1089857.00000000,BEAMUSDT
2022-11-29 14:15:00,0.13590000,0.14000000,0.12880000,0.13070000,1478678.00000000,BEAMUSDT
2022-11-29 14:30:00,0.13070000,0.13200000,0.12750000,0.13100000,412937.00000000,BEAMUSDT
2022-11-29 14:45:00,0.13100000,0.13800000,0.13040000,0.13780000,912942.00000000,BEAMUSDT
2022-11-29 15:00:00,0.13790000,0.14200000,0.13270000,0.13380000,1924384.00000000,BEAMUSDT
2022-11-29 15:15:00,0.13380000,0.13460000,0.13180000,0.13410000,354675.00000000,BEAMUSDT
2022-11-29 15:30:00,0.13380000,0.13640000,0.13190000,0.13390000,303549.00000000,BEAMUSDT
2022-11-29 15:45:00,0.13390000,0.13790000,0.13310000,0.13430000,343769.00000000,BEAMUSDT
2022-11-29 16:00:00,0.13440000,0.13440000,0.12940000,0.12940000,359911.00000000,BEAMUSDT
2022-11-29 16:15:00,0.12990000,0.13250000,0.12980000,0.13060000,169310.00000000,BEAMUSDT
2022-11-29 16:30:00,0.13030000,0.13080000,0.12900000,0.12980000,203057.00000000,BEAMUSDT
2022-11-29 16:45:00,0.12980000,0.13000000,0.12900000,0.12980000,138751.00000000,BEAMUSDT
2022-11-29 17:00:00,0.12990000,0.13500000,0.12900000,0.13490000,306711.00000000,BEAMUSDT
2022-11-29 17:15:00,0.13500000,0.14300000,0.13270000,0.13790000,2697666.00000000,BEAMUSDT
2022-11-29 17:30:00,0.13790000,0.13790000,0.13050000,0.13180000,986873.00000000,BEAMUSDT
2022-11-29 17:45:00,0.13150000,0.13170000,0.13000000,0.13060000,264583.00000000,BEAMUSDT
2022-11-29 18:00:00,0.13060000,0.13330000,0.13030000,0.13160000,244189.00000000,BEAMUSDT
2022-11-29 18:15:00,0.13160000,0.13350000,0.13140000,0.13350000,172056.00000000,BEAMUSDT
2022-11-29 18:30:00,0.13330000,0.13610000,0.13150000,0.13260000,391885.00000000,BEAMUSDT
2022-11-29 18:45:00,0.13260000,0.13420000,0.13120000,0.13420000,208417.00000000,BEAMUSDT
2022-11-29 19:00:00,0.13420000,0.13610000,0.13200000,0.13290000,352836.00000000,BEAMUSDT
2022-11-29 19:15:00,0.13290000,0.13420000,0.13150000,0.13210000,118282.00000000,BEAMUSDT
2022-11-29 19:30:00,0.13210000,0.13290000,0.12960000,0.12990000,110940.00000000,BEAMUSDT
2022-11-29 19:45:00,0.12990000,0.13160000,0.12950000,0.12980000,143555.00000000,BEAMUSDT
2022-11-29 20:00:00,0.13030000,0.13230000,0.12960000,0.13110000,94371.00000000,BEAMUSDT
2022-11-29 20:15:00,0.13060000,0.13170000,0.12750000,0.12820000,391067.00000000,BEAMUSDT
2022-11-29 20:30:00,0.12820000,0.12850000,0.12670000,0.12760000,251759.00000000,BEAMUSDT
2022-11-29 20:45:00,0.12750000,0.13040000,0.12740000,0.13040000,124707.00000000,BEAMUSDT
2022-11-29 21:00:00,0.13040000,0.13170000,0.13010000,0.13030000,187111.00000000,BEAMUSDT
2022-11-29 21:15:00,0.13000000,0.13050000,0.12900000,0.12910000,85487.00000000,BEAMUSDT
2022-11-29 21:30:00,0.12940000,0.12990000,0.12900000,0.12910000,25241.00000000,BEAMUSDT
2022-11-29 21:45:00,0.12980000,0.13200000,0.12980000,0.13000000,140295.00000000,BEAMUSDT
2022-11-29 22:00:00,0.13000000,0.13040000,0.12860000,0.12870000,119291.00000000,BEAMUSDT
2022-11-29 22:15:00,0.12870000,0.12920000,0.12850000,0.12880000,35475.00000000,BEAMUSDT
2022-11-29 22:30:00,0.12910000,0.12990000,0.12810000,0.12820000,85561.00000000,BEAMUSDT
2022-11-29 22:45:00,0.12830000,0.12870000,0.12800000,0.12850000,24011.00000000,BEAMUSDT
2022-11-29 23:00:00,0.12840000,0.12860000,0.12820000,0.12820000,9618.00000000,BEAMUSDT
2022-11-29 23:15:00,0.12820000,0.13190000,0.12810000,0.13180000,152685.00000000,BEAMUSDT
2022-11-29 23:30:00,0.13170000,0.13270000,0.12990000,0.13040000,172277.00000000,BEAMUSDT
2022-11-29 23:45:00,0.13090000,0.13120000,0.12970000,0.13060000,29739.00000000,BEAMUSDT
2022-11-30 00:00:00,0.13060000,0.13070000,0.12810000,0.12870000,130862.00000000,BEAMUSDT
2022-11-30 00:15:00,0.12900000,0.12990000,0.12860000,0.12910000,36690.00000000,BEAMUSDT
2022-11-30 00:30:00,0.12950000,0.13070000,0.12900000,0.13070000,71537.00000000,BEAMUSDT
2022-11-30 00:45:00,0.13080000,0.13190000,0.13040000,0.13190000,53250.00000000,BEAMUSDT
2022-11-30 01:00:00,0.13150000,0.13580000,0.13140000,0.13460000,337195.00000000,BEAMUSDT
2022-11-30 01:15:00,0.13460000,0.13580000,0.13260000,0.13320000,86971.00000000,BEAMUSDT
2022-11-30 01:30:00,0.13320000,0.13340000,0.13250000,0.13330000,48280.00000000,BEAMUSDT
2022-11-30 01:45:00,0.13340000,0.13900000,0.13340000,0.13380000,392551.00000000,BEAMUSDT
2022-11-30 02:00:00,0.13380000,0.13720000,0.13350000,0.13540000,144245.00000000,BEAMUSDT
2022-11-30 02:15:00,0.13540000,0.13770000,0.13540000,0.13710000,110972.00000000,BEAMUSDT
2022-11-30 02:30:00,0.13710000,0.13720000,0.13250000,0.13500000,279307.00000000,BEAMUSDT
2022-11-30 02:45:00,0.13440000,0.13630000,0.13290000,0.13420000,137715.00000000,BEAMUSDT
2022-11-30 03:00:00,0.13420000,0.13530000,0.13360000,0.13430000,48708.00000000,BEAMUSDT
2022-11-30 03:15:00,0.13430000,0.13430000,0.13300000,0.13340000,70459.00000000,BEAMUSDT
2022-11-30 03:30:00,0.13330000,0.13370000,0.13280000,0.13310000,47765.00000000,BEAMUSDT
2022-11-30 03:45:00,0.13360000,0.13360000,0.13260000,0.13260000,38045.00000000,BEAMUSDT
2022-11-30 04:00:00,0.13300000,0.13300000,0.13140000,0.13270000,44039.00000000,BEAMUSDT
2022-11-30 04:15:00,0.13230000,0.13260000,0.12870000,0.12980000,310631.00000000,BEAMUSDT
2022-11-30 04:30:00,0.12950000,0.13070000,0.12890000,0.12980000,70070.00000000,BEAMUSDT
2022-11-30 04:45:00,0.12990000,0.13020000,0.12950000,0.12950000,41032.00000000,BEAMUSDT
2022-11-30 05:00:00,0.12950000,0.12950000,0.12810000,0.12900000,68638.00000000,BEAMUSDT
2022-11-30 05:15:00,0.12890000,0.12970000,0.12860000,0.12930000,66812.00000000,BEAMUSDT
2022-11-30 05:30:00,0.12970000,0.12990000,0.12950000,0.12960000,16783.00000000,BEAMUSDT
2022-11-30 05:45:00,0.12960000,0.13000000,0.12850000,0.12910000,58784.00000000,BEAMUSDT
2022-11-30 06:00:00,0.12910000,0.12960000,0.12900000,0.12940000,24048.00000000,BEAMUSDT
2022-11-30 06:15:00,0.12980000,0.12990000,0.12930000,0.12930000,21284.00000000,BEAMUSDT
2022-11-30 06:30:00,0.12980000,0.12980000,0.12880000,0.12890000,54342.00000000,BEAMUSDT
2022-11-30 06:45:00,0.12880000,0.12890000,0.12500000,0.12550000,377463.00000000,BEAMUSDT
2022-11-30 07:00:00,0.12540000,0.12750000,0.12540000,0.12700000,348283.00000000,BEAMUSDT
2022-11-30 07:15:00,0.12670000,0.12690000,0.12620000,0.12640000,67640.00000000,BEAMUSDT
2022-11-30 07:30:00,0.12690000,0.12700000,0.12630000,0.12660000,14622.00000000,BEAMUSDT
2022-11-30 07:45:00,0.12700000,0.12800000,0.12700000,0.12750000,43792.00000000,BEAMUSDT
2022-11-30 08:00:00,0.12750000,0.13010000,0.12750000,0.12870000,86338.00000000,BEAMUSDT
2022-11-30 08:15:00,0.12870000,0.12880000,0.12730000,0.12880000,117698.00000000,BEAMUSDT
2022-11-30 08:30:00,0.12880000,0.12880000,0.12740000,0.12740000,29064.00000000,BEAMUSDT
2022-11-30 08:45:00,0.12770000,0.12770000,0.12690000,0.12690000,20240.00000000,BEAMUSDT
2022-11-30 09:00:00,0.12690000,0.12690000,0.12570000,0.12650000,75580.00000000,BEAMUSDT
2022-11-30 09:15:00,0.12700000,0.12800000,0.12640000,0.12690000,103304.00000000,BEAMUSDT
2022-11-30 09:30:00,0.12690000,0.12710000,0.12640000,0.12650000,17110.00000000,BEAMUSDT
2022-11-30 09:45:00,0.12650000,0.12680000,0.12620000,0.12640000,9098.00000000,BEAMUSDT
2022-11-30 10:00:00,0.12640000,0.12680000,0.12630000,0.12640000,26600.00000000,BEAMUSDT
2022-11-30 10:15:00,0.12670000,0.12670000,0.12620000,0.12630000,22469.00000000,BEAMUSDT
2022-11-30 10:30:00,0.12650000,0.12790000,0.12630000,0.12790000,88544.00000000,BEAMUSDT
2022-11-30 10:45:00,0.12790000,0.12830000,0.12710000,0.12760000,38087.00000000,BEAMUSDT
2022-11-30 11:00:00,0.12710000,0.12790000,0.12710000,0.12760000,24978.00000000,BEAMUSDT
2022-11-30 11:15:00,0.12760000,0.12800000,0.12660000,0.12670000,32651.00000000,BEAMUSDT
2022-11-30 11:30:00,0.12670000,0.12670000,0.12610000,0.12640000,72305.00000000,BEAMUSDT
2022-11-30 11:45:00,0.12640000,0.12650000,0.12600000,0.12610000,33747.00000000,BEAMUSDT
2022-11-30 12:00:00,0.12620000,0.12640000,0.12490000,0.12570000,139661.00000000,BEAMUSDT
2022-11-30 12:15:00,0.12600000,0.12600000,0.12400000,0.12460000,200034.00000000,BEAMUSDT
2022-11-30 12:30:00,0.12480000,0.12580000,0.12420000,0.12530000,57271.00000000,BEAMUSDT
2022-11-30 12:45:00,0.12530000,0.12600000,0.12490000,0.12540000,41392.00000000,BEAMUSDT
2022-11-30 13:00:00,0.12580000,0.12600000,0.12510000,0.12600000,53618.00000000,BEAMUSDT
2022-11-30 13:15:00,0.12610000,0.12660000,0.12490000,0.12640000,61332.00000000,BEAMUSDT
2022-11-30 13:30:00,0.12640000,0.12660000,0.12180000,0.12470000,632614.00000000,BEAMUSDT
2022-11-30 13:45:00,0.12460000,0.12710000,0.12400000,0.12520000,355795.00000000,BEAMUSDT
2022-11-30 14:00:00,0.12520000,0.12590000,0.12400000,0.12400000,93430.00000000,BEAMUSDT
2022-11-30 14:15:00,0.12400000,0.12520000,0.12400000,0.12520000,66902.00000000,BEAMUSDT
2022-11-30 14:30:00,0.12520000,0.12530000,0.12420000,0.12480000,51259.00000000,BEAMUSDT
2022-11-30 14:45:00,0.12440000,0.12460000,0.12360000,0.12360000,229338.00000000,BEAMUSDT
2022-11-30 15:00:00,0.12400000,0.12750000,0.12360000,0.12610000,244592.00000000,BEAMUSDT
2022-11-30 15:15:00,0.12620000,0.12800000,0.12490000,0.12580000,150371.00000000,BEAMUSDT
2022-11-30 15:30:00,0.12580000,0.12800000,0.12570000,0.12740000,88493.00000000,BEAMUSDT
2022-11-30 15:45:00,0.12750000,0.12790000,0.12470000,0.12580000,212544.00000000,BEAMUSDT
2022-11-30 16:00:00,0.12580000,0.12620000,0.12350000,0.12480000,183952.00000000,BEAMUSDT
2022-11-30 16:15:00,0.12480000,0.12690000,0.12430000,0.12590000,121421.00000000,BEAMUSDT
2022-11-30 16:30:00,0.12610000,0.12620000,0.12530000,0.12530000,15078.00000000,BEAMUSDT
2022-11-30 16:45:00,0.12570000,0.12580000,0.12570000,0.12570000,2221.00000000,BEAMUSDT
2022-11-30 17:00:00,0.12530000,0.12530000,0.12410000,0.12440000,55721.00000000,BEAMUSDT
2022-11-30 17:15:00,0.12450000,0.12900000,0.12450000,0.12590000,288976.00000000,BEAMUSDT
2022-11-30 17:30:00,0.12600000,0.12640000,0.12500000,0.12540000,43368.00000000,BEAMUSDT
2022-11-30 17:45:00,0.12550000,0.12610000,0.12550000,0.12600000,32603.00000000,BEAMUSDT
2022-11-30 18:00:00,0.12600000,0.12610000,0.12490000,0.12590000,59816.00000000,BEAMUSDT
2022-11-30 18:15:00,0.12540000,0.12580000,0.12480000,0.12520000,38586.00000000,BEAMUSDT
2022-11-30 18:30:00,0.12480000,0.12730000,0.12480000,0.12600000,76111.00000000,BEAMUSDT
2022-11-30 18:45:00,0.12630000,0.12700000,0.12590000,0.12650000,39023.00000000,BEAMUSDT
2022-11-30 19:00:00,0.12650000,0.12820000,0.12650000,0.12810000,130329.00000000,BEAMUSDT
2022-11-30 19:15:00,0.12810000,0.12820000,0.12760000,0.12810000,40417.00000000,BEAMUSDT
2022-11-30 19:30:00,0.12800000,0.12830000,0.12720000,0.12800000,40879.00000000,BEAMUSDT
2022-11-30 19:45:00,0.12730000,0.12790000,0.12730000,0.12750000,7060.00000000,BEAMUSDT
2022-11-30 20:00:00,0.12750000,0.12780000,0.12730000,0.12770000,23363.00000000,BEAMUSDT
2022-11-30 20:15:00,0.12770000,0.12840000,0.12770000,0.12770000,42347.00000000,BEAMUSDT
2022-11-30 20:30:00,0.12810000,0.12950000,0.12720000,0.12770000,118728.00000000,BEAMUSDT
2022-11-30 20:45:00,0.12760000,0.12760000,0.12720000,0.12750000,31973.00000000,BEAMUSDT
2022-11-30 21:00:00,0.12750000,0.12800000,0.12740000,0.12740000,8795.00000000,BEAMUSDT
2022-11-30 21:15:00,0.12740000,0.12770000,0.12700000,0.12720000,47559.00000000,BEAMUSDT
2022-11-30 21:30:00,0.12700000,0.12730000,0.12670000,0.12680000,20509.00000000,BEAMUSDT
2022-11-30 21:45:00,0.12700000,0.12720000,0.12640000,0.12640000,43203.00000000,BEAMUSDT
2022-11-30 22:00:00,0.12640000,0.12790000,0.12630000,0.12790000,54257.00000000,BEAMUSDT
2022-11-30 22:15:00,0.12790000,0.12810000,0.12750000,0.12800000,16708.00000000,BEAMUSDT
2022-11-30 22:30:00,0.12750000,0.12750000,0.12700000,0.12750000,10965.00000000,BEAMUSDT
2022-11-30 22:45:00,0.12750000,0.12760000,0.12680000,0.12730000,12031.00000000,BEAMUSDT
2022-11-30 23:00:00,0.12730000,0.12740000,0.12670000,0.12740000,3319.00000000,BEAMUSDT
2022-11-30 23:15:00,0.12700000,0.12730000,0.12670000,0.12720000,11432.00000000,BEAMUSDT
2022-11-30 23:30:00,0.12720000,0.12770000,0.12670000,0.12770000,45535.00000000,BEAMUSDT
2022-11-30 23:45:00,0.12780000,0.12850000,0.12770000,0.12800000,296565.00000000,BEAMUSDT
2022-12-01 00:00:00,0.12800000,0.12840000,0.12780000,0.12830000,67888.00000000,BEAMUSDT
2022-12-01 00:15:00,0.12830000,0.12840000,0.12810000,0.12810000,46543.00000000,BEAMUSDT
2022-12-01 00:30:00,0.12820000,0.12850000,0.12760000,0.12760000,40166.00000000,BEAMUSDT
2022-12-01 00:45:00,0.12760000,0.12790000,0.12700000,0.12700000,29922.00000000,BEAMUSDT
2022-12-01 01:00:00,0.12720000,0.12720000,0.12670000,0.12670000,34688.00000000,BEAMUSDT
2022-12-01 01:15:00,0.12680000,0.12700000,0.12640000,0.12680000,58048.00000000,BEAMUSDT
2022-12-01 01:30:00,0.12690000,0.12690000,0.12670000,0.12680000,8197.00000000,BEAMUSDT
2022-12-01 01:45:00,0.12680000,0.12690000,0.12680000,0.12690000,6115.00000000,BEAMUSDT
2022-12-01 02:00:00,0.12680000,0.12690000,0.12460000,0.12470000,197850.00000000,BEAMUSDT
2022-12-01 02:15:00,0.12470000,0.12560000,0.12470000,0.12530000,337822.00000000,BEAMUSDT
2022-12-01 02:30:00,0.12540000,0.12560000,0.12540000,0.12560000,10407.00000000,BEAMUSDT
2022-12-01 02:45:00,0.12560000,0.12590000,0.12560000,0.12570000,3310.00000000,BEAMUSDT
2022-12-01 03:00:00,0.12570000,0.12610000,0.12560000,0.12570000,11998.00000000,BEAMUSDT
2022-12-01 03:15:00,0.12570000,0.12630000,0.12550000,0.12590000,47726.00000000,BEAMUSDT
2022-12-01 03:30:00,0.12580000,0.12610000,0.12560000,0.12600000,10346.00000000,BEAMUSDT
2022-12-01 03:45:00,0.12620000,0.12640000,0.12590000,0.12620000,18292.00000000,BEAMUSDT
2022-12-01 04:00:00,0.12620000,0.12620000,0.12560000,0.12600000,27901.00000000,BEAMUSDT
2022-12-01 04:15:00,0.12590000,0.12590000,0.12540000,0.12560000,32709.00000000,BEAMUSDT
2022-12-01 04:30:00,0.12540000,0.12560000,0.12520000,0.12550000,15622.00000000,BEAMUSDT
2022-12-01 04:45:00,0.12520000,0.12570000,0.12520000,0.12570000,14192.00000000,BEAMUSDT
2022-12-01 05:00:00,0.12550000,0.12590000,0.12550000,0.12560000,2305.00000000,BEAMUSDT
2022-12-01 05:15:00,0.12590000,0.12590000,0.12560000,0.12590000,731.00000000,BEAMUSDT
2022-12-01 05:30:00,0.12560000,0.12580000,0.12520000,0.12520000,46944.00000000,BEAMUSDT
2022-12-01 05:45:00,0.12520000,0.12600000,0.12500000,0.12600000,74162.00000000,BEAMUSDT
2022-12-01 06:00:00,0.12570000,0.12630000,0.12560000,0.12630000,16232.00000000,BEAMUSDT
2022-12-01 06:15:00,0.12630000,0.12640000,0.12590000,0.12590000,13628.00000000,BEAMUSDT
2022-12-01 06:30:00,0.12630000,0.12630000,0.12590000,0.12590000,10868.00000000,BEAMUSDT
2022-12-01 06:45:00,0.12600000,0.12620000,0.12570000,0.12570000,14859.00000000,BEAMUSDT
2022-12-01 07:00:00,0.12590000,0.12590000,0.12510000,0.12510000,66912.00000000,BEAMUSDT
2022-12-01 07:15:00,0.12510000,0.12640000,0.12500000,0.12560000,80867.00000000,BEAMUSDT
2022-12-01 07:30:00,0.12550000,0.12550000,0.12510000,0.12550000,7577.00000000,BEAMUSDT
2022-12-01 07:45:00,0.12550000,0.12560000,0.12510000,0.12510000,13238.00000000,BEAMUSDT
2022-12-01 08:00:00,0.12510000,0.12540000,0.12500000,0.12530000,10599.00000000,BEAMUSDT
2022-12-01 08:15:00,0.12540000,0.12600000,0.12520000,0.12590000,39518.00000000,BEAMUSDT
2022-12-01 08:30:00,0.12570000,0.12700000,0.12570000,0.12680000,52550.00000000,BEAMUSDT
2022-12-01 08:45:00,0.12700000,0.12700000,0.12570000,0.12600000,39429.00000000,BEAMUSDT
2022-12-01 09:00:00,0.12610000,0.12660000,0.12580000,0.12580000,32813.00000000,BEAMUSDT
2022-12-01 09:15:00,0.12610000,0.12620000,0.12580000,0.12580000,13088.00000000,BEAMUSDT
2022-12-01 09:30:00,0.12610000,0.12700000,0.12600000,0.12670000,63645.00000000,BEAMUSDT
2022-12-01 09:45:00,0.12670000,0.12690000,0.12630000,0.12630000,25154.00000000,BEAMUSDT
2022-12-01 10:00:00,0.12670000,0.12730000,0.12670000,0.12730000,9494.00000000,BEAMUSDT
2022-12-01 10:15:00,0.12710000,0.12840000,0.12710000,0.12760000,122676.00000000,BEAMUSDT
2022-12-01 10:30:00,0.12760000,0.12790000,0.12720000,0.12730000,8206.00000000,BEAMUSDT
2022-12-01 10:45:00,0.12720000,0.12720000,0.12670000,0.12700000,36216.00000000,BEAMUSDT
2022-12-01 11:00:00,0.12670000,0.12680000,0.12600000,0.12600000,30717.00000000,BEAMUSDT
2022-12-01 11:15:00,0.12650000,0.12650000,0.12540000,0.12540000,177637.00000000,BEAMUSDT
2022-12-01 11:30:00,0.12550000,0.12590000,0.12520000,0.12550000,55842.00000000,BEAMUSDT
2022-12-01 11:45:00,0.12590000,0.12680000,0.12590000,0.12640000,32144.00000000,BEAMUSDT
2022-12-01 12:00:00,0.12650000,0.12670000,0.12640000,0.12640000,22979.00000000,BEAMUSDT
2022-12-01 12:15:00,0.12660000,0.12690000,0.12640000,0.12640000,40544.00000000,BEAMUSDT
2022-12-01 12:30:00,0.12640000,0.12700000,0.12640000,0.12700000,10344.00000000,BEAMUSDT
2022-12-01 12:45:00,0.12650000,0.12700000,0.12650000,0.12660000,17161.00000000,BEAMUSDT
2022-12-01 13:00:00,0.12660000,0.12700000,0.12600000,0.12600000,135861.00000000,BEAMUSDT
2022-12-01 13:15:00,0.12630000,0.12640000,0.12600000,0.12630000,59004.00000000,BEAMUSDT
2022-12-01 13:30:00,0.12650000,0.12680000,0.12500000,0.12570000,204209.00000000,BEAMUSDT
2022-12-01 13:45:00,0.12570000,0.12570000,0.12380000,0.12460000,128836.00000000,BEAMUSDT
2022-12-01 14:00:00,0.12420000,0.12530000,0.12410000,0.12510000,80726.00000000,BEAMUSDT
2022-12-01 14:15:00,0.12510000,0.12940000,0.12510000,0.12710000,469498.00000000,BEAMUSDT
2022-12-01 14:30:00,0.12710000,0.12750000,0.12610000,0.12650000,41232.00000000,BEAMUSDT
2022-12-01 14:45:00,0.12650000,0.12740000,0.12640000,0.12740000,20605.00000000,BEAMUSDT
2022-12-01 15:00:00,0.12710000,0.12730000,0.12620000,0.12630000,26226.00000000,BEAMUSDT
2022-12-01 15:15:00,0.12670000,0.12670000,0.12550000,0.12570000,34046.00000000,BEAMUSDT
2022-12-01 15:30:00,0.12540000,0.12890000,0.12520000,0.12800000,134441.00000000,BEAMUSDT
2022-12-01 15:45:00,0.12760000,0.12760000,0.12690000,0.12760000,27049.00000000,BEAMUSDT
2022-12-01 16:00:00,0.12760000,0.12900000,0.12700000,0.12700000,101096.00000000,BEAMUSDT
2022-12-01 16:15:00,0.12730000,0.13040000,0.12640000,0.12780000,208277.00000000,BEAMUSDT
2022-12-01 16:30:00,0.12780000,0.12830000,0.12750000,0.12750000,19562.00000000,BEAMUSDT
2022-12-01 16:45:00,0.12740000,0.12760000,0.12720000,0.12720000,14010.00000000,BEAMUSDT
2022-12-01 17:00:00,0.12730000,0.12770000,0.12690000,0.12770000,28827.00000000,BEAMUSDT
2022-12-01 17:15:00,0.12710000,0.12770000,0.12700000,0.12770000,4027.00000000,BEAMUSDT
2022-12-01 17:30:00,0.12700000,0.12760000,0.12700000,0.12730000,9350.00000000,BEAMUSDT
2022-12-01 17:45:00,0.12700000,0.13170000,0.12640000,0.13020000,366515.00000000,BEAMUSDT
2022-12-01 18:00:00,0.13030000,0.13100000,0.12660000,0.12830000,642012.00000000,BEAMUSDT
2022-12-01 18:15:00,0.12860000,0.12910000,0.12800000,0.12810000,55030.00000000,BEAMUSDT
2022-12-01 18:30:00,0.12810000,0.12860000,0.12810000,0.12830000,47726.00000000,BEAMUSDT
2022-12-01 18:45:00,0.12830000,0.12870000,0.12800000,0.12870000,82135.00000000,BEAMUSDT
2022-12-01 19:00:00,0.12870000,0.12900000,0.12820000,0.12820000,25045.00000000,BEAMUSDT
2022-12-01 19:15:00,0.12830000,0.12850000,0.12800000,0.12850000,23058.00000000,BEAMUSDT
2022-12-01 19:30:00,0.12840000,0.12850000,0.12810000,0.12810000,23116.00000000,BEAMUSDT
2022-12-01 19:45:00,0.12820000,0.12830000,0.12770000,0.12830000,21899.00000000,BEAMUSDT
2022-12-01 20:00:00,0.12820000,0.12830000,0.12640000,0.12640000,50787.00000000,BEAMUSDT
2022-12-01 20:15:00,0.12650000,0.12700000,0.12640000,0.12640000,12792.00000000,BEAMUSDT
2022-12-01 20:30:00,0.12630000,0.12760000,0.12620000,0.12740000,41945.00000000,BEAMUSDT
2022-12-01 20:45:00,0.12740000,0.12740000,0.12650000,0.12660000,5257.00000000,BEAMUSDT
2022-12-01 21:00:00,0.12660000,0.12770000,0.12660000,0.12720000,10089.00000000,BEAMUSDT
2022-12-01 21:15:00,0.12770000,0.12770000,0.12650000,0.12650000,12545.00000000,BEAMUSDT
2022-12-01 21:30:00,0.12710000,0.12710000,0.12630000,0.12690000,2621.00000000,BEAMUSDT
2022-12-01 21:45:00,0.12690000,0.12770000,0.12660000,0.12770000,12605.00000000,BEAMUSDT
2022-12-01 22:00:00,0.12780000,0.12780000,0.12660000,0.12660000,4695.00000000,BEAMUSDT
2022-12-01 22:15:00,0.12690000,0.12800000,0.12630000,0.12690000,90341.00000000,BEAMUSDT
2022-12-01 22:30:00,0.12700000,0.12710000,0.12630000,0.12640000,31980.00000000,BEAMUSDT
2022-12-01 22:45:00,0.12640000,0.12650000,0.12630000,0.12630000,12896.00000000,BEAMUSDT
2022-12-01 23:00:00,0.12660000,0.12910000,0.12630000,0.12750000,121616.00000000,BEAMUSDT
2022-12-01 23:15:00,0.12750000,0.12780000,0.12690000,0.12770000,28745.00000000,BEAMUSDT
2022-12-01 23:30:00,0.12770000,0.12830000,0.12750000,0.12790000,17133.00000000,BEAMUSDT
2022-12-01 23:45:00,0.12790000,0.12800000,0.12760000,0.12800000,12023.00000000,BEAMUSDT
2022-12-02 00:00:00,0.12750000,0.12790000,0.12740000,0.12780000,1996.00000000,BEAMUSDT
2022-12-02 00:15:00,0.12780000,0.12790000,0.12770000,0.12770000,9032.00000000,BEAMUSDT
2022-12-02 00:30:00,0.12770000,0.12860000,0.12770000,0.12810000,3460.00000000,BEAMUSDT
2022-12-02 00:45:00,0.12860000,0.12860000,0.12820000,0.12820000,5211.00000000,BEAMUSDT
2022-12-02 01:00:00,0.12830000,0.12900000,0.12820000,0.12850000,30495.00000000,BEAMUSDT
2022-12-02 01:15:00,0.12880000,0.12890000,0.12840000,0.12840000,1885.00000000,BEAMUSDT
2022-12-02 01:30:00,0.12880000,0.12890000,0.12820000,0.12820000,7577.00000000,BEAMUSDT
2022-12-02 01:45:00,0.12820000,0.12820000,0.12750000,0.12800000,8998.00000000,BEAMUSDT
2022-12-02 02:00:00,0.12760000,0.12790000,0.12740000,0.12740000,45497.00000000,BEAMUSDT
2022-12-02 02:15:00,0.12740000,0.12860000,0.12740000,0.12840000,14941.00000000,BEAMUSDT
2022-12-02 02:30:00,0.12860000,0.12870000,0.12750000,0.12870000,32842.00000000,BEAMUSDT
2022-12-02 02:45:00,0.12870000,0.12880000,0.12620000,0.12780000,74127.00000000,BEAMUSDT
2022-12-02 03:00:00,0.12780000,0.12780000,0.12480000,0.12540000,127168.00000000,BEAMUSDT
2022-12-02 03:15:00,0.12540000,0.12610000,0.12360000,0.12480000,81096.00000000,BEAMUSDT
2022-12-02 03:30:00,0.12480000,0.12580000,0.12470000,0.12580000,36077.00000000,BEAMUSDT
2022-12-02 03:45:00,0.12540000,0.12590000,0.12500000,0.12550000,20723.00000000,BEAMUSDT
2022-12-02 04:00:00,0.12510000,0.12560000,0.12400000,0.12450000,33461.00000000,BEAMUSDT
2022-12-02 04:15:00,0.12450000,0.12510000,0.12310000,0.12380000,44079.00000000,BEAMUSDT
2022-12-02 04:30:00,0.12430000,0.12560000,0.12430000,0.12500000,21286.00000000,BEAMUSDT
2022-12-02 04:45:00,0.12510000,0.12510000,0.12500000,0.12510000,1865.00000000,BEAMUSDT
2022-12-02 05:00:00,0.12540000,0.12640000,0.12540000,0.12610000,20143.00000000,BEAMUSDT
2022-12-02 05:15:00,0.12640000,0.12640000,0.12610000,0.12620000,5809.00000000,BEAMUSDT
2022-12-02 05:30:00,0.12600000,0.12630000,0.12580000,0.12590000,12035.00000000,BEAMUSDT
2022-12-02 05:45:00,0.12570000,0.12600000,0.12550000,0.12600000,8008.00000000,BEAMUSDT
2022-12-02 06:00:00,0.12620000,0.12630000,0.12560000,0.12570000,4768.00000000,BEAMUSDT
2022-12-02 06:15:00,0.12560000,0.12560000,0.12450000,0.12480000,57002.00000000,BEAMUSDT
2022-12-02 06:30:00,0.12520000,0.12570000,0.12520000,0.12570000,11222.00000000,BEAMUSDT
2022-12-02 06:45:00,0.12520000,0.12530000,0.12480000,0.12520000,22838.00000000,BEAMUSDT
2022-12-02 07:00:00,0.12480000,0.12530000,0.12480000,0.12530000,7362.00000000,BEAMUSDT
2022-12-02 07:15:00,0.12570000,0.12580000,0.12550000,0.12560000,10395.00000000,BEAMUSDT
2022-12-02 07:30:00,0.12560000,0.12560000,0.12320000,0.12480000,142954.00000000,BEAMUSDT
2022-12-02 07:45:00,0.12480000,0.12550000,0.12480000,0.12500000,20895.00000000,BEAMUSDT
2022-12-02 08:00:00,0.12500000,0.12560000,0.12470000,0.12520000,33824.00000000,BEAMUSDT
2022-12-02 08:15:00,0.12520000,0.12900000,0.12520000,0.12650000,168077.00000000,BEAMUSDT
2022-12-02 08:30:00,0.12610000,0.12630000,0.12340000,0.12530000,201495.00000000,BEAMUSDT
2022-12-02 08:45:00,0.12560000,0.12580000,0.12460000,0.12480000,49353.00000000,BEAMUSDT
2022-12-02 09:00:00,0.12520000,0.12600000,0.12480000,0.12590000,45415.00000000,BEAMUSDT
2022-12-02 09:15:00,0.12540000,0.12600000,0.12540000,0.12600000,1402.00000000,BEAMUSDT
2022-12-02 09:30:00,0.12590000,0.12600000,0.12550000,0.12600000,4595.00000000,BEAMUSDT
2022-12-02 09:45:00,0.12610000,0.12610000,0.12510000,0.12570000,18091.00000000,BEAMUSDT
2022-12-02 10:00:00,0.12570000,0.12580000,0.12530000,0.12530000,1702.00000000,BEAMUSDT
2022-12-02 10:15:00,0.12540000,0.12540000,0.11950000,0.11990000,1037859.00000000,BEAMUSDT
2022-12-02 10:30:00,0.12060000,0.12230000,0.11990000,0.12230000,289100.00000000,BEAMUSDT
2022-12-02 10:45:00,0.12230000,0.12300000,0.12200000,0.12300000,84135.00000000,BEAMUSDT
2022-12-02 11:00:00,0.12270000,0.12290000,0.12190000,0.12200000,34107.00000000,BEAMUSDT
2022-12-02 11:15:00,0.12180000,0.12180000,0.12000000,0.12170000,124838.00000000,BEAMUSDT
2022-12-02 11:30:00,0.12170000,0.12170000,0.11930000,0.12030000,195500.00000000,BEAMUSDT
2022-12-02 11:45:00,0.12050000,0.12190000,0.12040000,0.12180000,41442.00000000,BEAMUSDT
2022-12-02 12:00:00,0.12180000,0.12190000,0.12000000,0.12030000,165829.00000000,BEAMUSDT
2022-12-02 12:15:00,0.12030000,0.12090000,0.12020000,0.12090000,50604.00000000,BEAMUSDT
2022-12-02 12:30:00,0.12090000,0.12170000,0.12090000,0.12150000,65900.00000000,BEAMUSDT
2022-12-02 12:45:00,0.12110000,0.12150000,0.12030000,0.12090000,47850.00000000,BEAMUSDT
2022-12-02 13:00:00,0.12090000,0.12120000,0.12040000,0.12100000,32936.00000000,BEAMUSDT
2022-12-02 13:15:00,0.12080000,0.12120000,0.12060000,0.12070000,11940.00000000,BEAMUSDT
2022-12-02 13:30:00,0.12070000,0.12080000,0.11930000,0.12080000,83744.00000000,BEAMUSDT
2022-12-02 13:45:00,0.12050000,0.12050000,0.11950000,0.11990000,29948.00000000,BEAMUSDT
2022-12-02 14:00:00,0.12050000,0.12050000,0.12000000,0.12030000,4056.00000000,BEAMUSDT
2022-12-02 14:15:00,0.12000000,0.12110000,0.12000000,0.12100000,35934.00000000,BEAMUSDT
2022-12-02 14:30:00,0.12100000,0.12160000,0.12100000,0.12130000,7710.00000000,BEAMUSDT
2022-12-02 14:45:00,0.12110000,0.12170000,0.12110000,0.12170000,9244.00000000,BEAMUSDT
2022-12-02 15:00:00,0.12180000,0.12200000,0.12090000,0.12150000,48440.00000000,BEAMUSDT
2022-12-02 15:15:00,0.12130000,0.12200000,0.12100000,0.12200000,34591.00000000,BEAMUSDT
2022-12-02 15:30:00,0.12210000,0.12270000,0.12180000,0.12250000,38079.00000000,BEAMUSDT
2022-12-02 15:45:00,0.12280000,0.12310000,0.12250000,0.12300000,44795.00000000,BEAMUSDT
2022-12-02 16:00:00,0.12300000,0.12310000,0.11920000,0.12020000,301127.00000000,BEAMUSDT
2022-12-02 16:15:00,0.12010000,0.12050000,0.11980000,0.12050000,113497.00000000,BEAMUSDT
2022-12-02 16:30:00,0.12040000,0.12090000,0.12040000,0.12070000,20281.00000000,BEAMUSDT
2022-12-02 16:45:00,0.12070000,0.12140000,0.12030000,0.12140000,29754.00000000,BEAMUSDT
2022-12-02 17:00:00,0.12130000,0.12190000,0.12080000,0.12150000,18604.00000000,BEAMUSDT
2022-12-02 17:15:00,0.12190000,0.12320000,0.12180000,0.12280000,121987.00000000,BEAMUSDT
2022-12-02 17:30:00,0.12270000,0.12280000,0.12260000,0.12260000,48557.00000000,BEAMUSDT
2022-12-02 17:45:00,0.12260000,0.12290000,0.12260000,0.12260000,84000.00000000,BEAMUSDT
2022-12-02 18:00:00,0.12300000,0.12320000,0.12240000,0.12260000,221146.00000000,BEAMUSDT
2022-12-02 18:15:00,0.12290000,0.12340000,0.12260000,0.12260000,60618.00000000,BEAMUSDT
2022-12-02 18:30:00,0.12290000,0.12320000,0.12280000,0.12280000,15455.00000000,BEAMUSDT
2022-12-02 18:45:00,0.12290000,0.12320000,0.12280000,0.12290000,8640.00000000,BEAMUSDT
2022-12-02 19:00:00,0.12280000,0.12320000,0.12260000,0.12320000,15089.00000000,BEAMUSDT
2022-12-02 19:15:00,0.12320000,0.12520000,0.12310000,0.12350000,123871.00000000,BEAMUSDT
2022-12-02 19:30:00,0.12360000,0.12360000,0.12310000,0.12310000,23751.00000000,BEAMUSDT
2022-12-02 19:45:00,0.12320000,0.12330000,0.12300000,0.12330000,46793.00000000,BEAMUSDT
2022-12-02 20:00:00,0.12360000,0.12380000,0.12330000,0.12380000,10776.00000000,BEAMUSDT
2022-12-02 20:15:00,0.12350000,0.12410000,0.12350000,0.12390000,15595.00000000,BEAMUSDT
2022-12-02 20:30:00,0.12370000,0.12410000,0.12350000,0.12360000,14638.00000000,BEAMUSDT
2022-12-02 20:45:00,0.12400000,0.12420000,0.12370000,0.12410000,13520.00000000,BEAMUSDT
2022-12-02 21:00:00,0.12370000,0.12450000,0.12370000,0.12410000,32632.00000000,BEAMUSDT
2022-12-02 21:15:00,0.12410000,0.12410000,0.12400000,0.12400000,21857.00000000,BEAMUSDT
2022-12-02 21:30:00,0.12380000,0.12380000,0.12270000,0.12330000,81790.00000000,BEAMUSDT
2022-12-02 21:45:00,0.12300000,0.12390000,0.12300000,0.12360000,37698.00000000,BEAMUSDT
2022-12-02 22:00:00,0.12380000,0.12520000,0.12350000,0.12410000,60917.00000000,BEAMUSDT
2022-12-02 22:15:00,0.12380000,0.12410000,0.12350000,0.12350000,6845.00000000,BEAMUSDT
2022-12-02 22:30:00,0.12380000,0.12410000,0.12360000,0.12400000,11580.00000000,BEAMUSDT
2022-12-02 22:45:00,0.12410000,0.12410000,0.12230000,0.12260000,51748.00000000,BEAMUSDT
2022-12-02 23:00:00,0.12290000,0.12310000,0.12270000,0.12270000,41413.00000000,BEAMUSDT
2022-12-02 23:15:00,0.12300000,0.12310000,0.12300000,0.12310000,10479.00000000,BEAMUSDT
2022-12-02 23:30:00,0.12310000,0.12340000,0.12300000,0.12330000,53320.00000000,BEAMUSDT
2022-12-02 23:45:00,0.12300000,0.12350000,0.12300000,0.12350000,6606.00000000,BEAMUSDT
2022-12-03 00:00:00,0.12360000,0.12420000,0.12360000,0.12370000,58218.00000000,BEAMUSDT
2022-12-03 00:15:00,0.12410000,0.12450000,0.12350000,0.12400000,37651.00000000,BEAMUSDT
2022-12-03 00:30:00,0.12450000,0.12450000,0.12350000,0.12390000,27328.00000000,BEAMUSDT
2022-12-03 00:45:00,0.12360000,0.12360000,0.12310000,0.12320000,29939.00000000,BEAMUSDT
2022-12-03 01:00:00,0.12310000,0.12320000,0.12300000,0.12310000,3495.00000000,BEAMUSDT
2022-12-03 01:15:00,0.12320000,0.12340000,0.12310000,0.12340000,6381.00000000,BEAMUSDT
2022-12-03 01:30:00,0.12310000,0.12570000,0.12310000,0.12430000,101448.00000000,BEAMUSDT
2022-12-03 01:45:00,0.12430000,0.12490000,0.12410000,0.12410000,6203.00000000,BEAMUSDT
2022-12-03 02:00:00,0.12390000,0.12470000,0.12350000,0.12350000,47863.00000000,BEAMUSDT
2022-12-03 02:15:00,0.12370000,0.12390000,0.12320000,0.12390000,11195.00000000,BEAMUSDT
2022-12-03 02:30:00,0.12350000,0.12390000,0.12340000,0.12350000,2674.00000000,BEAMUSDT
2022-12-03 02:45:00,0.12390000,0.12400000,0.12380000,0.12380000,3762.00000000,BEAMUSDT
2022-12-03 03:00:00,0.12380000,0.12450000,0.12380000,0.12400000,14364.00000000,BEAMUSDT
2022-12-03 03:15:00,0.12420000,0.12420000,0.12390000,0.12390000,4568.00000000,BEAMUSDT
2022-12-03 03:30:00,0.12400000,0.12470000,0.12370000,0.12390000,12151.00000000,BEAMUSDT
2022-12-03 03:45:00,0.12380000,0.12400000,0.12360000,0.12370000,7783.00000000,BEAMUSDT
2022-12-03 04:00:00,0.12380000,0.12450000,0.12370000,0.12420000,7049.00000000,BEAMUSDT
2022-12-03 04:15:00,0.12420000,0.12470000,0.12380000,0.12390000,11238.00000000,BEAMUSDT
2022-12-03 04:30:00,0.12390000,0.12450000,0.12380000,0.12400000,9787.00000000,BEAMUSDT
2022-12-03 04:45:00,0.12400000,0.12430000,0.12390000,0.12410000,6666.00000000,BEAMUSDT
2022-12-03 05:00:00,0.12430000,0.12470000,0.12430000,0.12430000,58420.00000000,BEAMUSDT
2022-12-03 05:15:00,0.12360000,0.12400000,0.12360000,0.12390000,26126.00000000,BEAMUSDT
2022-12-03 05:30:00,0.12360000,0.12400000,0.12360000,0.12360000,573.00000000,BEAMUSDT
2022-12-03 05:45:00,0.12360000,0.12390000,0.12340000,0.12370000,13447.00000000,BEAMUSDT
2022-12-03 06:00:00,0.12340000,0.12340000,0.12300000,0.12300000,15251.00000000,BEAMUSDT
2022-12-03 06:15:00,0.12330000,0.12330000,0.12240000,0.12320000,30820.00000000,BEAMUSDT
2022-12-03 06:30:00,0.12320000,0.12320000,0.12240000,0.12310000,9832.00000000,BEAMUSDT
2022-12-03 06:45:00,0.12290000,0.12290000,0.12240000,0.12280000,24889.00000000,BEAMUSDT
2022-12-03 07:00:00,0.12250000,0.12310000,0.12250000,0.12290000,43363.00000000,BEAMUSDT
2022-12-03 07:15:00,0.12260000,0.12300000,0.12220000,0.12280000,109807.00000000,BEAMUSDT
2022-12-03 07:30:00,0.12290000,0.12430000,0.12280000,0.12310000,62446.00000000,BEAMUSDT
2022-12-03 07:45:00,0.12340000,0.12350000,0.12330000,0.12330000,1881.00000000,BEAMUSDT
2022-12-03 08:00:00,0.12350000,0.12350000,0.12250000,0.12300000,54364.00000000,BEAMUSDT
2022-12-03 08:15:00,0.12300000,0.12430000,0.12270000,0.12270000,45309.00000000,BEAMUSDT
2022-12-03 08:30:00,0.12340000,0.12380000,0.12290000,0.12380000,11872.00000000,BEAMUSDT
2022-12-03 08:45:00,0.12380000,0.12400000,0.12380000,0.12380000,16843.00000000,BEAMUSDT
2022-12-03 09:00:00,0.12310000,0.12340000,0.12240000,0.12310000,15599.00000000,BEAMUSDT
2022-12-03 09:15:00,0.12280000,0.12330000,0.12280000,0.12310000,12614.00000000,BEAMUSDT
2022-12-03 09:30:00,0.12280000,0.12310000,0.12260000,0.12300000,20447.00000000,BEAMUSDT
2022-12-03 09:45:00,0.12300000,0.12340000,0.12300000,0.12340000,961.00000000,BEAMUSDT
2022-12-03 10:00:00,0.12340000,0.12340000,0.12300000,0.12300000,7642.00000000,BEAMUSDT
2022-12-03 10:15:00,0.12340000,0.12410000,0.12320000,0.12370000,84235.00000000,BEAMUSDT
2022-12-03 10:30:00,0.12360000,0.12380000,0.12340000,0.12370000,10441.00000000,BEAMUSDT
2022-12-03 10:45:00,0.12350000,0.12350000,0.12300000,0.12330000,11536.00000000,BEAMUSDT
2022-12-03 11:00:00,0.12330000,0.12370000,0.12330000,0.12350000,2882.00000000,BEAMUSDT
2022-12-03 11:15:00,0.12350000,0.12390000,0.12340000,0.12380000,10644.00000000,BEAMUSDT
2022-12-03 11:30:00,0.12340000,0.12340000,0.11980000,0.12030000,403651.00000000,BEAMUSDT
2022-12-03 11:45:00,0.12020000,0.12250000,0.12020000,0.12160000,70467.00000000,BEAMUSDT
2022-12-03 12:00:00,0.12200000,0.12230000,0.12190000,0.12200000,9661.00000000,BEAMUSDT
2022-12-03 12:15:00,0.12240000,0.12240000,0.12210000,0.12240000,977.00000000,BEAMUSDT
2022-12-03 12:30:00,0.12230000,0.12240000,0.12200000,0.12200000,6089.00000000,BEAMUSDT
2022-12-03 12:45:00,0.12230000,0.12270000,0.12230000,0.12270000,15104.00000000,BEAMUSDT
2022-12-03 13:00:00,0.12280000,0.12330000,0.12220000,0.12220000,58373.00000000,BEAMUSDT
2022-12-03 13:15:00,0.12250000,0.12250000,0.12230000,0.12250000,1951.00000000,BEAMUSDT
2022-12-03 13:30:00,0.12250000,0.12250000,0.12230000,0.12230000,1892.00000000,BEAMUSDT
2022-12-03 13:45:00,0.12230000,0.12230000,0.12200000,0.12200000,1656.00000000,BEAMUSDT
2022-12-03 14:00:00,0.12200000,0.12260000,0.12200000,0.12260000,11356.00000000,BEAMUSDT
2022-12-03 14:15:00,0.12250000,0.12250000,0.12220000,0.12220000,3888.00000000,BEAMUSDT
2022-12-03 14:30:00,0.12220000,0.12240000,0.12210000,0.12240000,3830.00000000,BEAMUSDT
2022-12-03 14:45:00,0.12240000,0.12360000,0.12210000,0.12230000,63265.00000000,BEAMUSDT
2022-12-03 15:00:00,0.12260000,0.12260000,0.12210000,0.12210000,20894.00000000,BEAMUSDT
2022-12-03 15:15:00,0.12210000,0.12250000,0.12210000,0.12210000,4321.00000000,BEAMUSDT
2022-12-03 15:30:00,0.12220000,0.12250000,0.12210000,0.12210000,16421.00000000,BEAMUSDT
2022-12-03 15:45:00,0.12240000,0.12260000,0.12210000,0.12260000,8750.00000000,BEAMUSDT
2022-12-03 16:00:00,0.12290000,0.12330000,0.12290000,0.12330000,9190.00000000,BEAMUSDT
2022-12-03 16:15:00,0.12310000,0.12370000,0.12300000,0.12310000,18051.00000000,BEAMUSDT
2022-12-03 16:30:00,0.12310000,0.12350000,0.12270000,0.12290000,12148.00000000,BEAMUSDT
2022-12-03 16:45:00,0.12270000,0.12270000,0.12220000,0.12220000,12209.00000000,BEAMUSDT
2022-12-03 17:00:00,0.12230000,0.12260000,0.12210000,0.12210000,8243.00000000,BEAMUSDT
2022-12-03 17:15:00,0.12210000,0.12210000,0.12180000,0.12180000,33359.00000000,BEAMUSDT
2022-12-03 17:30:00,0.12180000,0.12180000,0.12130000,0.12170000,18893.00000000,BEAMUSDT
2022-12-03 17:45:00,0.12130000,0.12360000,0.12130000,0.12330000,83511.00000000,BEAMUSDT
2022-12-03 18:00:00,0.12310000,0.12390000,0.12270000,0.12290000,27837.00000000,BEAMUSDT
2022-12-03 18:15:00,0.12290000,0.12290000,0.12250000,0.12270000,1881.00000000,BEAMUSDT
2022-12-03 18:30:00,0.12270000,0.12420000,0.12270000,0.12380000,52698.00000000,BEAMUSDT
2022-12-03 18:45:00,0.12340000,0.12390000,0.12280000,0.12320000,11018.00000000,BEAMUSDT
2022-12-03 19:00:00,0.12400000,0.12450000,0.12340000,0.12440000,38244.00000000,BEAMUSDT
2022-12-03 19:15:00,0.12430000,0.12430000,0.12130000,0.12190000,59887.00000000,BEAMUSDT
2022-12-03 19:30:00,0.12210000,0.12320000,0.12210000,0.12270000,12501.00000000,BEAMUSDT
2022-12-03 19:45:00,0.12320000,0.12400000,0.12270000,0.12310000,48861.00000000,BEAMUSDT
2022-12-03 20:00:00,0.12310000,0.12370000,0.12260000,0.12370000,33621.00000000,BEAMUSDT
2022-12-03 20:15:00,0.12360000,0.12360000,0.12280000,0.12280000,4615.00000000,BEAMUSDT
2022-12-03 20:30:00,0.12350000,0.12350000,0.12240000,0.12250000,23391.00000000,BEAMUSDT
2022-12-03 20:45:00,0.12240000,0.12320000,0.12190000,0.12270000,98863.00000000,BEAMUSDT
2022-12-03 21:00:00,0.12260000,0.12260000,0.12090000,0.12140000,75231.00000000,BEAMUSDT
2022-12-03 21:15:00,0.12140000,0.12210000,0.12140000,0.12210000,11604.00000000,BEAMUSDT
2022-12-03 21:30:00,0.12160000,0.12170000,0.12130000,0.12130000,1999.00000000,BEAMUSDT
2022-12-03 21:45:00,0.12130000,0.12300000,0.12120000,0.12230000,19293.00000000,BEAMUSDT
2022-12-03 22:00:00,0.12220000,0.12240000,0.12160000,0.12170000,2383.00000000,BEAMUSDT
2022-12-03 22:15:00,0.12150000,0.12160000,0.12110000,0.12160000,18072.00000000,BEAMUSDT
2022-12-03 22:30:00,0.12140000,0.12140000,0.12050000,0.12090000,19093.00000000,BEAMUSDT
2022-12-03 22:45:00,0.12090000,0.12130000,0.12090000,0.12100000,17810.00000000,BEAMUSDT
2022-12-03 23:00:00,0.12100000,0.12100000,0.12030000,0.12040000,31533.00000000,BEAMUSDT
2022-12-03 23:15:00,0.12030000,0.12070000,0.12020000,0.12020000,13747.00000000,BEAMUSDT
2022-12-03 23:30:00,0.12020000,0.12060000,0.12020000,0.12040000,19997.00000000,BEAMUSDT
2022-12-03 23:45:00,0.12040000,0.12040000,0.11990000,0.11990000,40531.00000000,BEAMUSDT
2022-12-04 00:00:00,0.11990000,0.12000000,0.11990000,0.12000000,84772.00000000,BEAMUSDT
2022-12-04 00:15:00,0.12000000,0.12110000,0.11990000,0.12040000,43988.00000000,BEAMUSDT
2022-12-04 00:30:00,0.12050000,0.12080000,0.12050000,0.12080000,6423.00000000,BEAMUSDT
2022-12-04 00:45:00,0.12080000,0.12110000,0.12080000,0.12100000,2154.00000000,BEAMUSDT
2022-12-04 01:00:00,0.12110000,0.12300000,0.12090000,0.12200000,137113.00000000,BEAMUSDT
2022-12-04 01:15:00,0.12210000,0.12210000,0.12190000,0.12190000,994.00000000,BEAMUSDT
2022-12-04 01:30:00,0.12190000,0.12200000,0.12160000,0.12170000,46685.00000000,BEAMUSDT
2022-12-04 01:45:00,0.12170000,0.12200000,0.12160000,0.12160000,30067.00000000,BEAMUSDT
2022-12-04 02:00:00,0.12200000,0.12200000,0.12150000,0.12200000,8366.00000000,BEAMUSDT
2022-12-04 02:15:00,0.12160000,0.12190000,0.12160000,0.12190000,2001.00000000,BEAMUSDT
2022-12-04 02:30:00,0.12160000,0.12190000,0.12160000,0.12190000,532.00000000,BEAMUSDT
2022-12-04 02:45:00,0.12160000,0.12160000,0.12130000,0.12130000,8333.00000000,BEAMUSDT
2022-12-04 03:00:00,0.12130000,0.12130000,0.12130000,0.12130000,643.00000000,BEAMUSDT
2022-12-04 03:15:00,0.12140000,0.12140000,0.12100000,0.12130000,28189.00000000,BEAMUSDT
2022-12-04 03:30:00,0.12130000,0.12190000,0.12130000,0.12150000,11386.00000000,BEAMUSDT
2022-12-04 03:45:00,0.12190000,0.12190000,0.12160000,0.12160000,1078.00000000,BEAMUSDT
2022-12-04 04:00:00,0.12180000,0.12230000,0.12180000,0.12230000,18869.00000000,BEAMUSDT
2022-12-04 04:15:00,0.12200000,0.12200000,0.12200000,0.12200000,560.00000000,BEAMUSDT
2022-12-04 04:30:00,0.12200000,0.12200000,0.12130000,0.12160000,15487.00000000,BEAMUSDT
2022-12-04 04:45:00,0.12150000,0.12160000,0.12020000,0.12020000,86926.00000000,BEAMUSDT
2022-12-04 05:00:00,0.12020000,0.12070000,0.12020000,0.12070000,11016.00000000,BEAMUSDT
2022-12-04 05:15:00,0.12070000,0.12100000,0.12070000,0.12100000,7490.00000000,BEAMUSDT
2022-12-04 05:30:00,0.12100000,0.12120000,0.12080000,0.12080000,6436.00000000,BEAMUSDT
2022-12-04 05:45:00,0.12120000,0.12130000,0.12090000,0.12090000,7884.00000000,BEAMUSDT
2022-12-04 06:00:00,0.12090000,0.12190000,0.12090000,0.12120000,9906.00000000,BEAMUSDT
2022-12-04 06:15:00,0.12120000,0.12140000,0.12110000,0.12140000,955.00000000,BEAMUSDT
2022-12-04 06:30:00,0.12120000,0.12170000,0.12100000,0.12120000,16250.00000000,BEAMUSDT
2022-12-04 06:45:00,0.12160000,0.12170000,0.12160000,0.12170000,5015.00000000,BEAMUSDT
2022-12-04 07:00:00,0.12170000,0.12170000,0.12170000,0.12170000,347.00000000,BEAMUSDT
2022-12-04 07:15:00,0.12190000,0.12200000,0.12120000,0.12140000,11286.00000000,BEAMUSDT
2022-12-04 07:30:00,0.12160000,0.12230000,0.12120000,0.12230000,8529.00000000,BEAMUSDT
2022-12-04 07:45:00,0.12240000,0.12240000,0.12110000,0.12160000,4056.00000000,BEAMUSDT
2022-12-04 08:00:00,0.12140000,0.12200000,0.12140000,0.12200000,7945.00000000,BEAMUSDT
2022-12-04 08:15:00,0.12160000,0.12220000,0.12160000,0.12220000,1133.00000000,BEAMUSDT
2022-12-04 08:30:00,0.12220000,0.12220000,0.12120000,0.12190000,24060.00000000,BEAMUSDT
2022-12-04 08:45:00,0.12190000,0.12200000,0.12160000,0.12200000,744.00000000,BEAMUSDT
2022-12-04 09:00:00,0.12170000,0.12290000,0.12170000,0.12250000,12206.00000000,BEAMUSDT
2022-12-04 09:15:00,0.12270000,0.12290000,0.12230000,0.12250000,2452.00000000,BEAMUSDT
2022-12-04 09:30:00,0.12240000,0.12260000,0.12180000,0.12210000,13184.00000000,BEAMUSDT
2022-12-04 09:45:00,0.12170000,0.12200000,0.12150000,0.12150000,3378.00000000,BEAMUSDT
2022-12-04 10:00:00,0.12150000,0.12190000,0.12130000,0.12130000,14147.00000000,BEAMUSDT
2022-12-04 10:15:00,0.12130000,0.12190000,0.12110000,0.12110000,17042.00000000,BEAMUSDT
2022-12-04 10:30:00,0.12110000,0.12140000,0.12060000,0.12080000,32535.00000000,BEAMUSDT
2022-12-04 10:45:00,0.12080000,0.12170000,0.12060000,0.12140000,28862.00000000,BEAMUSDT
2022-12-04 11:00:00,0.12180000,0.12190000,0.12140000,0.12140000,5331.00000000,BEAMUSDT
2022-12-04 11:15:00,0.12150000,0.12170000,0.12130000,0.12170000,12371.00000000,BEAMUSDT
2022-12-04 11:30:00,0.12140000,0.12190000,0.12140000,0.12180000,9807.00000000,BEAMUSDT
2022-12-04 11:45:00,0.12180000,0.12220000,0.12180000,0.12180000,31753.00000000,BEAMUSDT
2022-12-04 12:00:00,0.12180000,0.12180000,0.12060000,0.12130000,27765.00000000,BEAMUSDT
2022-12-04 12:15:00,0.12120000,0.12130000,0.12060000,0.12060000,16174.00000000,BEAMUSDT
2022-12-04 12:30:00,0.12090000,0.12100000,0.12060000,0.12070000,1587.00000000,BEAMUSDT
2022-12-04 12:45:00,0.12110000,0.12110000,0.12070000,0.12090000,2726.00000000,BEAMUSDT
2022-12-04 13:00:00,0.12100000,0.12110000,0.12090000,0.12090000,6439.00000000,BEAMUSDT
2022-12-04 13:15:00,0.12100000,0.12140000,0.12090000,0.12140000,19233.00000000,BEAMUSDT
2022-12-04 13:30:00,0.12140000,0.12140000,0.12110000,0.12110000,2146.00000000,BEAMUSDT
2022-12-04 13:45:00,0.12100000,0.12110000,0.12070000,0.12090000,48622.00000000,BEAMUSDT
2022-12-04 14:00:00,0.12090000,0.12110000,0.12070000,0.12080000,34306.00000000,BEAMUSDT
2022-12-04 14:15:00,0.12080000,0.12080000,0.12080000,0.12080000,992.00000000,BEAMUSDT
2022-12-04 14:30:00,0.12070000,0.12070000,0.12020000,0.12060000,14568.00000000,BEAMUSDT
2022-12-04 14:45:00,0.12070000,0.12070000,0.12020000,0.12040000,23100.00000000,BEAMUSDT
2022-12-04 15:00:00,0.12060000,0.12070000,0.12040000,0.12070000,11374.00000000,BEAMUSDT
2022-12-04 15:15:00,0.12060000,0.12070000,0.12050000,0.12070000,3900.00000000,BEAMUSDT
2022-12-04 15:30:00,0.12050000,0.12070000,0.12050000,0.12050000,20860.00000000,BEAMUSDT
2022-12-04 15:45:00,0.12050000,0.12070000,0.12050000,0.12070000,17657.00000000,BEAMUSDT
2022-12-04 16:00:00,0.12070000,0.12170000,0.12010000,0.12100000,118365.00000000,BEAMUSDT
2022-12-04 16:15:00,0.12050000,0.12050000,0.12010000,0.12040000,8672.00000000,BEAMUSDT
2022-12-04 16:30:00,0.12040000,0.12060000,0.12020000,0.12020000,7639.00000000,BEAMUSDT
2022-12-04 16:45:00,0.12020000,0.12040000,0.11990000,0.12030000,50316.00000000,BEAMUSDT
2022-12-04 17:00:00,0.12030000,0.12050000,0.11990000,0.12010000,21906.00000000,BEAMUSDT
2022-12-04 17:15:00,0.12020000,0.12110000,0.11970000,0.12020000,43017.00000000,BEAMUSDT
2022-12-04 17:30:00,0.12010000,0.12050000,0.12000000,0.12000000,11582.00000000,BEAMUSDT
2022-12-04 17:45:00,0.12000000,0.12090000,0.11990000,0.12050000,15447.00000000,BEAMUSDT
2022-12-04 18:00:00,0.12070000,0.12070000,0.12010000,0.12010000,23915.00000000,BEAMUSDT
2022-12-04 18:15:00,0.12030000,0.12080000,0.12010000,0.12080000,12967.00000000,BEAMUSDT
2022-12-04 18:30:00,0.12080000,0.12080000,0.12010000,0.12010000,6169.00000000,BEAMUSDT
2022-12-04 18:45:00,0.12040000,0.12060000,0.12010000,0.12050000,6942.00000000,BEAMUSDT
2022-12-04 19:00:00,0.12040000,0.12100000,0.12020000,0.12090000,13056.00000000,BEAMUSDT
2022-12-04 19:15:00,0.12090000,0.12140000,0.12060000,0.12090000,23083.00000000,BEAMUSDT
2022-12-04 19:30:00,0.12130000,0.12160000,0.12100000,0.12130000,11827.00000000,BEAMUSDT
2022-12-04 19:45:00,0.12100000,0.12100000,0.12090000,0.12090000,8593.00000000,BEAMUSDT
2022-12-04 20:00:00,0.12090000,0.12090000,0.11980000,0.12090000,26588.00000000,BEAMUSDT
2022-12-04 20:15:00,0.12090000,0.12130000,0.11990000,0.12080000,43339.00000000,BEAMUSDT
2022-12-04 20:30:00,0.12090000,0.12090000,0.12060000,0.12060000,6918.00000000,BEAMUSDT
2022-12-04 20:45:00,0.12060000,0.12090000,0.12060000,0.12090000,1733.00000000,BEAMUSDT
2022-12-04 21:00:00,0.12090000,0.12130000,0.12090000,0.12100000,10571.00000000,BEAMUSDT
2022-12-04 21:15:00,0.12100000,0.12100000,0.12090000,0.12090000,13083.00000000,BEAMUSDT
2022-12-04 21:30:00,0.12090000,0.12120000,0.12090000,0.12090000,1144.00000000,BEAMUSDT
2022-12-04 21:45:00,0.12120000,0.12200000,0.12120000,0.12200000,19818.00000000,BEAMUSDT
2022-12-04 22:00:00,0.12200000,0.12210000,0.12100000,0.12120000,44324.00000000,BEAMUSDT
2022-12-04 22:15:00,0.12130000,0.12130000,0.12120000,0.12120000,3542.00000000,BEAMUSDT
2022-12-04 22:30:00,0.12150000,0.12150000,0.12120000,0.12120000,1112.00000000,BEAMUSDT
2022-12-04 22:45:00,0.12120000,0.12150000,0.12120000,0.12150000,1057.00000000,BEAMUSDT
2022-12-04 23:00:00,0.12150000,0.12160000,0.12150000,0.12150000,2997.00000000,BEAMUSDT
2022-12-04 23:15:00,0.12150000,0.12250000,0.12110000,0.12200000,40167.00000000,BEAMUSDT
2022-12-04 23:30:00,0.12220000,0.12290000,0.12140000,0.12170000,20454.00000000,BEAMUSDT
2022-12-04 23:45:00,0.12170000,0.12390000,0.12170000,0.12200000,400680.00000000,BEAMUSDT
2022-12-05 00:00:00,0.12170000,0.12200000,0.12140000,0.12160000,7276.00000000,BEAMUSDT
2022-12-05 00:15:00,0.12140000,0.12170000,0.12130000,0.12170000,735.00000000,BEAMUSDT
2022-12-05 00:30:00,0.12170000,0.12470000,0.12170000,0.12260000,92219.00000000,BEAMUSDT
2022-12-05 00:45:00,0.12230000,0.12230000,0.12140000,0.12150000,63568.00000000,BEAMUSDT
2022-12-05 01:00:00,0.12150000,0.12150000,0.12130000,0.12150000,18924.00000000,BEAMUSDT
2022-12-05 01:15:00,0.12150000,0.12150000,0.12130000,0.12150000,112018.00000000,BEAMUSDT
2022-12-05 01:30:00,0.12170000,0.12170000,0.12160000,0.12160000,5122.00000000,BEAMUSDT
2022-12-05 01:45:00,0.12150000,0.12260000,0.12150000,0.12220000,12618.00000000,BEAMUSDT
2022-12-05 02:00:00,0.12240000,0.12250000,0.12210000,0.12250000,1302.00000000,BEAMUSDT
2022-12-05 02:15:00,0.12230000,0.12260000,0.12230000,0.12260000,6548.00000000,BEAMUSDT
2022-12-05 02:30:00,0.12230000,0.12340000,0.12220000,0.12340000,34673.00000000,BEAMUSDT
2022-12-05 02:45:00,0.12310000,0.12310000,0.12220000,0.12250000,12197.00000000,BEAMUSDT
2022-12-05 03:00:00,0.12250000,0.12420000,0.12220000,0.12350000,40552.00000000,BEAMUSDT
2022-12-05 03:15:00,0.12320000,0.12320000,0.12290000,0.12310000,5826.00000000,BEAMUSDT
2022-12-05 03:30:00,0.12320000,0.12320000,0.12280000,0.12280000,14783.00000000,BEAMUSDT
2022-12-05 03:45:00,0.12310000,0.12560000,0.12290000,0.12380000,81991.00000000,BEAMUSDT
2022-12-05 04:00:00,0.12380000,0.12380000,0.12310000,0.12350000,7197.00000000,BEAMUSDT
2022-12-05 04:15:00,0.12310000,0.12340000,0.12310000,0.12340000,1847.00000000,BEAMUSDT
2022-12-05 04:30:00,0.12330000,0.12370000,0.12330000,0.12370000,14025.00000000,BEAMUSDT
2022-12-05 04:45:00,0.12320000,0.12380000,0.12320000,0.12380000,22402.00000000,BEAMUSDT
2022-12-05 05:00:00,0.12370000,0.12380000,0.12350000,0.12370000,11041.00000000,BEAMUSDT
2022-12-05 05:15:00,0.12350000,0.12370000,0.12320000,0.12340000,15208.00000000,BEAMUSDT
2022-12-05 05:30:00,0.12340000,0.12530000,0.12340000,0.12380000,58545.00000000,BEAMUSDT
2022-12-05 05:45:00,0.12390000,0.12450000,0.12390000,0.12440000,14955.00000000,BEAMUSDT
2022-12-05 06:00:00,0.12450000,0.12470000,0.12400000,0.12400000,9353.00000000,BEAMUSDT
2022-12-05 06:15:00,0.12430000,0.12430000,0.12390000,0.12390000,3620.00000000,BEAMUSDT
2022-12-05 06:30:00,0.12390000,0.12390000,0.12350000,0.12370000,12115.00000000,BEAMUSDT
2022-12-05 06:45:00,0.12330000,0.12340000,0.12300000,0.12340000,18605.00000000,BEAMUSDT
2022-12-05 07:00:00,0.12320000,0.12380000,0.12320000,0.12320000,3796.00000000,BEAMUSDT
2022-12-05 07:15:00,0.12310000,0.12380000,0.12310000,0.12350000,12168.00000000,BEAMUSDT
2022-12-05 07:30:00,0.12350000,0.12350000,0.12320000,0.12320000,1110.00000000,BEAMUSDT
2022-12-05 07:45:00,0.12350000,0.12430000,0.12350000,0.12430000,24087.00000000,BEAMUSDT
2022-12-05 08:00:00,0.12390000,0.12430000,0.12350000,0.12380000,16980.00000000,BEAMUSDT
2022-12-05 08:15:00,0.12420000,0.12450000,0.12350000,0.12450000,24917.00000000,BEAMUSDT
2022-12-05 08:30:00,0.12410000,0.12450000,0.12400000,0.12400000,22166.00000000,BEAMUSDT
2022-12-05 08:45:00,0.12400000,0.12510000,0.12320000,0.12360000,66425.00000000,BEAMUSDT
2022-12-05 09:00:00,0.12370000,0.12450000,0.12360000,0.12370000,19380.00000000,BEAMUSDT
2022-12-05 09:15:00,0.12370000,0.12450000,0.12360000,0.12360000,16341.00000000,BEAMUSDT
2022-12-05 09:30:00,0.12360000,0.12390000,0.12360000,0.12390000,15903.00000000,BEAMUSDT
2022-12-05 09:45:00,0.12390000,0.12390000,0.12360000,0.12380000,1849.00000000,BEAMUSDT
2022-12-05 10:00:00,0.12360000,0.12400000,0.12350000,0.12350000,10639.00000000,BEAMUSDT
2022-12-05 10:15:00,0.12350000,0.12370000,0.12300000,0.12370000,39213.00000000,BEAMUSDT
2022-12-05 10:30:00,0.12370000,0.12500000,0.12330000,0.12470000,47542.00000000,BEAMUSDT
2022-12-05 10:45:00,0.12470000,0.12470000,0.12310000,0.12320000,39310.00000000,BEAMUSDT
2022-12-05 11:00:00,0.12320000,0.12360000,0.12310000,0.12360000,14616.00000000,BEAMUSDT
2022-12-05 11:15:00,0.12340000,0.12380000,0.12300000,0.12350000,44625.00000000,BEAMUSDT
2022-12-05 11:30:00,0.12300000,0.12340000,0.12300000,0.12340000,4894.00000000,BEAMUSDT
2022-12-05 11:45:00,0.12330000,0.12350000,0.12310000,0.12350000,3807.00000000,BEAMUSDT
2022-12-05 12:00:00,0.12310000,0.12360000,0.12310000,0.12350000,1001.00000000,BEAMUSDT
2022-12-05 12:15:00,0.12340000,0.12350000,0.12310000,0.12320000,10677.00000000,BEAMUSDT
2022-12-05 12:30:00,0.12340000,0.12470000,0.12340000,0.12440000,51958.00000000,BEAMUSDT
2022-12-05 12:45:00,0.12440000,0.12470000,0.12300000,0.12350000,105299.00000000,BEAMUSDT
2022-12-05 13:00:00,0.12350000,0.12410000,0.12330000,0.12330000,19551.00000000,BEAMUSDT
2022-12-05 13:15:00,0.12340000,0.12370000,0.12320000,0.12370000,3922.00000000,BEAMUSDT
2022-12-05 13:30:00,0.12330000,0.12370000,0.12320000,0.12330000,3617.00000000,BEAMUSDT
2022-12-05 13:45:00,0.12330000,0.12370000,0.12280000,0.12340000,11291.00000000,BEAMUSDT
2022-12-05 14:00:00,0.12340000,0.12340000,0.12270000,0.12270000,30780.00000000,BEAMUSDT
2022-12-05 14:15:00,0.12280000,0.12310000,0.12250000,0.12270000,176651.00000000,BEAMUSDT
2022-12-05 14:30:00,0.12270000,0.12320000,0.12250000,0.12270000,18501.00000000,BEAMUSDT
2022-12-05 14:45:00,0.12270000,0.12290000,0.12250000,0.12290000,13707.00000000,BEAMUSDT
2022-12-05 15:00:00,0.12290000,0.12290000,0.12150000,0.12270000,100039.00000000,BEAMUSDT
2022-12-05 15:15:00,0.12230000,0.12410000,0.12160000,0.12260000,433077.00000000,BEAMUSDT
2022-12-05 15:30:00,0.12210000,0.12230000,0.12180000,0.12200000,24573.00000000,BEAMUSDT
2022-12-05 15:45:00,0.12200000,0.12270000,0.12190000,0.12230000,28025.00000000,BEAMUSDT
2022-12-05 16:00:00,0.12230000,0.12250000,0.12160000,0.12250000,55526.00000000,BEAMUSDT
2022-12-05 16:15:00,0.12250000,0.12270000,0.12170000,0.12250000,66841.00000000,BEAMUSDT
2022-12-05 16:30:00,0.12260000,0.12350000,0.12190000,0.12290000,100923.00000000,BEAMUSDT
2022-12-05 16:45:00,0.12270000,0.12290000,0.12090000,0.12140000,76378.00000000,BEAMUSDT
2022-12-05 17:00:00,0.12110000,0.12150000,0.12090000,0.12130000,27285.00000000,BEAMUSDT
2022-12-05 17:15:00,0.12120000,0.12170000,0.12120000,0.12170000,37073.00000000,BEAMUSDT
2022-12-05 17:30:00,0.12130000,0.12230000,0.12130000,0.12170000,27796.00000000,BEAMUSDT
2022-12-05 17:45:00,0.12170000,0.12190000,0.12140000,0.12140000,3315.00000000,BEAMUSDT
2022-12-05 18:00:00,0.12160000,0.12220000,0.12140000,0.12220000,18278.00000000,BEAMUSDT
2022-12-05 18:15:00,0.12210000,0.12260000,0.12140000,0.12220000,90042.00000000,BEAMUSDT
2022-12-05 18:30:00,0.12210000,0.12230000,0.12200000,0.12210000,20020.00000000,BEAMUSDT
2022-12-05 18:45:00,0.12210000,0.12250000,0.12200000,0.12240000,7937.00000000,BEAMUSDT
2022-12-05 19:00:00,0.12240000,0.12300000,0.12240000,0.12240000,15157.00000000,BEAMUSDT
2022-12-05 19:15:00,0.12270000,0.12270000,0.12160000,0.12160000,67654.00000000,BEAMUSDT
2022-12-05 19:30:00,0.12160000,0.12180000,0.12130000,0.12180000,17123.00000000,BEAMUSDT
2022-12-05 19:45:00,0.12130000,0.12160000,0.12090000,0.12150000,23901.00000000,BEAMUSDT
2022-12-05 20:00:00,0.12150000,0.12180000,0.12100000,0.12180000,54254.00000000,BEAMUSDT
2022-12-05 20:15:00,0.12160000,0.12170000,0.12120000,0.12170000,40885.00000000,BEAMUSDT
2022-12-05 20:30:00,0.12160000,0.12160000,0.11470000,0.11690000,649463.00000000,BEAMUSDT
2022-12-05 20:45:00,0.11680000,0.11770000,0.11470000,0.11620000,304900.00000000,BEAMUSDT
2022-12-05 21:00:00,0.11620000,0.11750000,0.11580000,0.11750000,83013.00000000,BEAMUSDT
2022-12-05 21:15:00,0.11770000,0.12140000,0.11760000,0.12010000,426915.00000000,BEAMUSDT
2022-12-05 21:30:00,0.12030000,0.12090000,0.11910000,0.11960000,60251.00000000,BEAMUSDT
2022-12-05 21:45:00,0.11920000,0.11920000,0.11880000,0.11910000,9547.00000000,BEAMUSDT
2022-12-05 22:00:00,0.11880000,0.11970000,0.11870000,0.11970000,17634.00000000,BEAMUSDT
2022-12-05 22:15:00,0.11970000,0.11970000,0.11890000,0.11890000,46539.00000000,BEAMUSDT
2022-12-05 22:30:00,0.11900000,0.11930000,0.11880000,0.11930000,4100.00000000,BEAMUSDT
2022-12-05 22:45:00,0.11950000,0.11950000,0.11900000,0.11900000,945.00000000,BEAMUSDT
2022-12-05 23:00:00,0.11930000,0.11950000,0.11900000,0.11950000,12099.00000000,BEAMUSDT
2022-12-05 23:15:00,0.11960000,0.12000000,0.11940000,0.11940000,20313.00000000,BEAMUSDT
2022-12-05 23:30:00,0.11950000,0.11950000,0.11950000,0.11950000,733.00000000,BEAMUSDT
2022-12-05 23:45:00,0.12020000,0.12030000,0.11980000,0.11980000,11389.00000000,BEAMUSDT
2022-12-06 00:00:00,0.12010000,0.12010000,0.11960000,0.11970000,5687.00000000,BEAMUSDT
2022-12-06 00:15:00,0.11970000,0.11970000,0.11900000,0.11960000,15640.00000000,BEAMUSDT
2022-12-06 00:30:00,0.11970000,0.12010000,0.11970000,0.12000000,5670.00000000,BEAMUSDT
2022-12-06 00:45:00,0.12000000,0.12000000,0.11940000,0.11940000,11381.00000000,BEAMUSDT
2022-12-06 01:00:00,0.11990000,0.11990000,0.11930000,0.11980000,8365.00000000,BEAMUSDT
2022-12-06 01:15:00,0.11940000,0.11970000,0.11940000,0.11970000,3532.00000000,BEAMUSDT
2022-12-06 01:30:00,0.11940000,0.11990000,0.11940000,0.11980000,2989.00000000,BEAMUSDT
2022-12-06 01:45:00,0.11960000,0.11990000,0.11940000,0.11980000,6958.00000000,BEAMUSDT
2022-12-06 02:00:00,0.11940000,0.11980000,0.11940000,0.11950000,1194.00000000,BEAMUSDT
2022-12-06 02:15:00,0.11980000,0.12000000,0.11940000,0.11940000,14638.00000000,BEAMUSDT
2022-12-06 02:30:00,0.11980000,0.11990000,0.11950000,0.11960000,9098.00000000,BEAMUSDT
2022-12-06 02:45:00,0.11990000,0.11990000,0.11960000,0.11960000,1334.00000000,BEAMUSDT
2022-12-06 03:00:00,0.11960000,0.11990000,0.11920000,0.11920000,19829.00000000,BEAMUSDT
2022-12-06 03:15:00,0.11960000,0.11960000,0.11960000,0.11960000,2977.00000000,BEAMUSDT
2022-12-06 03:30:00,0.11920000,0.11960000,0.11850000,0.11920000,24755.00000000,BEAMUSDT
2022-12-06 03:45:00,0.11900000,0.11920000,0.11820000,0.11880000,51798.00000000,BEAMUSDT
2022-12-06 04:00:00,0.11880000,0.11880000,0.11820000,0.11860000,934.00000000,BEAMUSDT
2022-12-06 04:15:00,0.11850000,0.11890000,0.11810000,0.11850000,29089.00000000,BEAMUSDT
2022-12-06 04:30:00,0.11860000,0.11860000,0.11810000,0.11850000,6820.00000000,BEAMUSDT
2022-12-06 04:45:00,0.11840000,0.11880000,0.11840000,0.11880000,1291.00000000,BEAMUSDT
2022-12-06 05:00:00,0.11850000,0.11850000,0.11820000,0.11850000,3628.00000000,BEAMUSDT
2022-12-06 05:15:00,0.11840000,0.11840000,0.11820000,0.11830000,26361.00000000,BEAMUSDT
2022-12-06 05:30:00,0.11840000,0.11850000,0.11810000,0.11850000,60081.00000000,BEAMUSDT
2022-12-06 05:45:00,0.11850000,0.11860000,0.11840000,0.11840000,12088.00000000,BEAMUSDT
2022-12-06 06:00:00,0.11860000,0.11910000,0.11840000,0.11880000,11093.00000000,BEAMUSDT
2022-12-06 06:15:00,0.11880000,0.12010000,0.11860000,0.11930000,101337.00000000,BEAMUSDT
2022-12-06 06:30:00,0.11930000,0.11950000,0.11920000,0.11920000,2286.00000000,BEAMUSDT
2022-12-06 06:45:00,0.11920000,0.11950000,0.11910000,0.11920000,7997.00000000,BEAMUSDT
2022-12-06 07:00:00,0.11900000,0.11960000,0.11900000,0.11930000,5036.00000000,BEAMUSDT
2022-12-06 07:15:00,0.11940000,0.11940000,0.11940000,0.11940000,310.00000000,BEAMUSDT
2022-12-06 07:30:00,0.11940000,0.11940000,0.11900000,0.11940000,19147.00000000,BEAMUSDT
2022-12-06 07:45:00,0.11900000,0.11930000,0.11900000,0.11930000,5907.00000000,BEAMUSDT
2022-12-06 08:00:00,0.11930000,0.11960000,0.11930000,0.11930000,12824.00000000,BEAMUSDT
2022-12-06 08:15:00,0.11950000,0.11970000,0.11870000,0.11870000,29120.00000000,BEAMUSDT
2022-12-06 08:30:00,0.11890000,0.11940000,0.11870000,0.11900000,18273.00000000,BEAMUSDT
2022-12-06 08:45:00,0.11940000,0.11940000,0.11910000,0.11910000,1557.00000000,BEAMUSDT
2022-12-06 09:00:00,0.11940000,0.11940000,0.11910000,0.11910000,2860.00000000,BEAMUSDT
2022-12-06 09:15:00,0.11910000,0.11910000,0.11900000,0.11900000,1271.00000000,BEAMUSDT
2022-12-06 09:30:00,0.11890000,0.11900000,0.11880000,0.11900000,3233.00000000,BEAMUSDT
2022-12-06 09:45:00,0.11900000,0.11900000,0.11860000,0.11870000,12114.00000000,BEAMUSDT
2022-12-06 10:00:00,0.11880000,0.11880000,0.11860000,0.11860000,7859.00000000,BEAMUSDT
2022-12-06 10:15:00,0.11880000,0.11890000,0.11880000,0.11880000,16585.00000000,BEAMUSDT
2022-12-06 10:30:00,0.11890000,0.11890000,0.11880000,0.11890000,5186.00000000,BEAMUSDT
2022-12-06 10:45:00,0.11890000,0.11920000,0.11880000,0.11880000,28829.00000000,BEAMUSDT
2022-12-06 11:00:00,0.11860000,0.11860000,0.11800000,0.11820000,64266.00000000,BEAMUSDT
2022-12-06 11:15:00,0.11810000,0.11860000,0.11800000,0.11820000,17722.00000000,BEAMUSDT
2022-12-06 11:30:00,0.11860000,0.11890000,0.11830000,0.11890000,8617.00000000,BEAMUSDT
2022-12-06 11:45:00,0.11860000,0.11880000,0.11830000,0.11880000,3178.00000000,BEAMUSDT
2022-12-06 12:00:00,0.11880000,0.11920000,0.11850000,0.11910000,16775.00000000,BEAMUSDT
2022-12-06 12:15:00,0.11900000,0.11970000,0.11900000,0.11970000,46882.00000000,BEAMUSDT
2022-12-06 12:30:00,0.11980000,0.12040000,0.11960000,0.12010000,19020.00000000,BEAMUSDT
2022-12-06 12:45:00,0.12040000,0.12040000,0.11950000,0.11960000,21232.00000000,BEAMUSDT
2022-12-06 13:00:00,0.12000000,0.12100000,0.12000000,0.12080000,73150.00000000,BEAMUSDT
2022-12-06 13:15:00,0.12090000,0.12280000,0.12090000,0.12170000,153146.00000000,BEAMUSDT
2022-12-06 13:30:00,0.12170000,0.12170000,0.11910000,0.12020000,85288.00000000,BEAMUSDT
2022-12-06 13:45:00,0.12020000,0.12030000,0.11940000,0.11940000,24672.00000000,BEAMUSDT
2022-12-06 14:00:00,0.11960000,0.12060000,0.11940000,0.11990000,31898.00000000,BEAMUSDT
2022-12-06 14:15:00,0.12000000,0.12280000,0.11970000,0.12120000,79232.00000000,BEAMUSDT
2022-12-06 14:30:00,0.12130000,0.12150000,0.12040000,0.12040000,7393.00000000,BEAMUSDT
2022-12-06 14:45:00,0.12110000,0.12110000,0.12020000,0.12030000,30042.00000000,BEAMUSDT
2022-12-06 15:00:00,0.12070000,0.12110000,0.12030000,0.12070000,4345.00000000,BEAMUSDT
2022-12-06 15:15:00,0.12080000,0.12120000,0.12030000,0.12120000,7364.00000000,BEAMUSDT
2022-12-06 15:30:00,0.12030000,0.12140000,0.12030000,0.12140000,11375.00000000,BEAMUSDT
2022-12-06 15:45:00,0.12140000,0.12180000,0.12030000,0.12030000,20605.00000000,BEAMUSDT
2022-12-06 16:00:00,0.12030000,0.12120000,0.12030000,0.12070000,16527.00000000,BEAMUSDT
2022-12-06 16:15:00,0.12110000,0.12130000,0.12080000,0.12080000,7917.00000000,BEAMUSDT
2022-12-06 16:30:00,0.12080000,0.12120000,0.12080000,0.12120000,1091.00000000,BEAMUSDT
2022-12-06 16:45:00,0.12090000,0.12110000,0.12030000,0.12070000,24808.00000000,BEAMUSDT
2022-12-06 17:00:00,0.12060000,0.12060000,0.12000000,0.12010000,11402.00000000,BEAMUSDT
2022-12-06 17:15:00,0.12050000,0.12070000,0.12000000,0.12060000,19219.00000000,BEAMUSDT
2022-12-06 17:30:00,0.12030000,0.12070000,0.12010000,0.12010000,26420.00000000,BEAMUSDT
2022-12-06 17:45:00,0.12010000,0.12040000,0.12000000,0.12040000,3728.00000000,BEAMUSDT
2022-12-06 18:00:00,0.12010000,0.12040000,0.12010000,0.12040000,1262.00000000,BEAMUSDT
2022-12-06 18:15:00,0.12010000,0.12030000,0.12000000,0.12000000,22237.00000000,BEAMUSDT
2022-12-06 18:30:00,0.12000000,0.12030000,0.11990000,0.12030000,12780.00000000,BEAMUSDT
2022-12-06 18:45:00,0.11990000,0.12020000,0.11990000,0.12020000,5077.00000000,BEAMUSDT
2022-12-06 19:00:00,0.11990000,0.12020000,0.11970000,0.11980000,16469.00000000,BEAMUSDT
2022-12-06 19:15:00,0.12020000,0.12020000,0.11980000,0.12010000,5906.00000000,BEAMUSDT
2022-12-06 19:30:00,0.11980000,0.12020000,0.11940000,0.12020000,8218.00000000,BEAMUSDT
2022-12-06 19:45:00,0.11980000,0.12020000,0.11980000,0.12020000,11099.00000000,BEAMUSDT
2022-12-06 20:00:00,0.11980000,0.12020000,0.11970000,0.12000000,17057.00000000,BEAMUSDT
2022-12-06 20:15:00,0.11960000,0.12000000,0.11960000,0.12000000,584.00000000,BEAMUSDT
2022-12-06 20:30:00,0.11990000,0.12000000,0.11960000,0.12000000,936.00000000,BEAMUSDT
2022-12-06 20:45:00,0.11960000,0.12000000,0.11950000,0.11950000,15573.00000000,BEAMUSDT
2022-12-06 21:00:00,0.11960000,0.12010000,0.11950000,0.12010000,12368.00000000,BEAMUSDT
2022-12-06 21:15:00,0.12010000,0.12020000,0.12000000,0.12000000,2115.00000000,BEAMUSDT
2022-12-06 21:30:00,0.11990000,0.11990000,0.11950000,0.11950000,7352.00000000,BEAMUSDT
2022-12-06 21:45:00,0.12000000,0.12110000,0.12000000,0.12050000,24689.00000000,BEAMUSDT
2022-12-06 22:00:00,0.12070000,0.12070000,0.12010000,0.12010000,255.00000000,BEAMUSDT
2022-12-06 22:15:00,0.11970000,0.11970000,0.11900000,0.11970000,58739.00000000,BEAMUSDT
2022-12-06 22:30:00,0.11920000,0.11970000,0.11920000,0.11970000,253.00000000,BEAMUSDT
2022-12-06 22:45:00,0.11920000,0.11970000,0.11920000,0.11970000,733.00000000,BEAMUSDT
2022-12-06 23:00:00,0.11930000,0.12000000,0.11930000,0.11990000,8720.00000000,BEAMUSDT
2022-12-06 23:15:00,0.11990000,0.11990000,0.11940000,0.11990000,1157.00000000,BEAMUSDT
2022-12-06 23:30:00,0.12000000,0.12000000,0.11990000,0.11990000,14462.00000000,BEAMUSDT
2022-12-06 23:45:00,0.12000000,0.12000000,0.11960000,0.12000000,12375.00000000,BEAMUSDT
2022-12-07 00:00:00,0.12010000,0.12030000,0.11990000,0.12030000,19765.00000000,BEAMUSDT
2022-12-07 00:15:00,0.12030000,0.12090000,0.12030000,0.12080000,15015.00000000,BEAMUSDT
2022-12-07 00:30:00,0.12110000,0.12140000,0.12110000,0.12140000,13245.00000000,BEAMUSDT
2022-12-07 00:45:00,0.12100000,0.12100000,0.12060000,0.12060000,2192.00000000,BEAMUSDT
2022-12-07 01:00:00,0.12030000,0.12060000,0.11970000,0.11970000,28659.00000000,BEAMUSDT
2022-12-07 01:15:00,0.12010000,0.12100000,0.12010000,0.12040000,34666.00000000,BEAMUSDT
2022-12-07 01:30:00,0.12030000,0.12080000,0.12010000,0.12020000,2310.00000000,BEAMUSDT
2022-12-07 01:45:00,0.12090000,0.12100000,0.12020000,0.12040000,12408.00000000,BEAMUSDT
2022-12-07 02:00:00,0.12040000,0.12040000,0.12040000,0.12040000,332.00000000,BEAMUSDT
2022-12-07 02:15:00,0.12030000,0.12100000,0.12010000,0.12020000,11851.00000000,BEAMUSDT
2022-12-07 02:30:00,0.12090000,0.12100000,0.12020000,0.12020000,2035.00000000,BEAMUSDT
2022-12-07 02:45:00,0.12010000,0.12050000,0.12000000,0.12050000,332.00000000,BEAMUSDT
2022-12-07 03:00:00,0.12000000,0.12070000,0.12000000,0.12030000,892.00000000,BEAMUSDT
2022-12-07 03:15:00,0.12020000,0.12020000,0.12000000,0.12000000,1388.00000000,BEAMUSDT
2022-12-07 03:30:00,0.12010000,0.12050000,0.12000000,0.12010000,1432.00000000,BEAMUSDT
2022-12-07 03:45:00,0.12010000,0.12050000,0.11990000,0.12000000,7813.00000000,BEAMUSDT
2022-12-07 04:00:00,0.12000000,0.12000000,0.12000000,0.12000000,332.00000000,BEAMUSDT
2022-12-07 04:15:00,0.12000000,0.12010000,0.12000000,0.12000000,4326.00000000,BEAMUSDT
2022-12-07 04:30:00,0.12000000,0.12020000,0.11990000,0.11990000,758.00000000,BEAMUSDT
2022-12-07 04:45:00,0.11990000,0.12000000,0.11990000,0.12000000,1498.00000000,BEAMUSDT
2022-12-07 05:00:00,0.11980000,0.12000000,0.11980000,0.11990000,6299.00000000,BEAMUSDT
2022-12-07 05:15:00,0.11980000,0.11990000,0.11900000,0.11920000,76145.00000000,BEAMUSDT
2022-12-07 05:30:00,0.11940000,0.11940000,0.11920000,0.11940000,6674.00000000,BEAMUSDT
2022-12-07 05:45:00,0.11910000,0.11950000,0.11900000,0.11910000,10329.00000000,BEAMUSDT
2022-12-07 06:00:00,0.11940000,0.11940000,0.11800000,0.11860000,80896.00000000,BEAMUSDT
2022-12-07 06:15:00,0.11840000,0.11840000,0.11810000,0.11840000,18343.00000000,BEAMUSDT
2022-12-07 06:30:00,0.11850000,0.11850000,0.11810000,0.11830000,4961.00000000,BEAMUSDT
2022-12-07 06:45:00,0.11830000,0.11830000,0.11760000,0.11780000,46063.00000000,BEAMUSDT
2022-12-07 07:00:00,0.11780000,0.11790000,0.11500000,0.11600000,268914.00000000,BEAMUSDT
2022-12-07 07:15:00,0.11640000,0.11640000,0.11440000,0.11500000,79790.00000000,BEAMUSDT
2022-12-07 07:30:00,0.11500000,0.11500000,0.11340000,0.11450000,79781.00000000,BEAMUSDT
2022-12-07 07:45:00,0.11450000,0.11490000,0.11430000,0.11450000,50291.00000000,BEAMUSDT
2022-12-07 08:00:00,0.11450000,0.11460000,0.11420000,0.11430000,24300.00000000,BEAMUSDT
2022-12-07 08:15:00,0.11430000,0.11630000,0.11420000,0.11430000,46988.00000000,BEAMUSDT
2022-12-07 08:30:00,0.11430000,0.11510000,0.11420000,0.11510000,33508.00000000,BEAMUSDT
2022-12-07 08:45:00,0.11470000,0.11470000,0.11430000,0.11450000,16872.00000000,BEAMUSDT
2022-12-07 09:00:00,0.11440000,0.11570000,0.11430000,0.11550000,41508.00000000,BEAMUSDT
2022-12-07 09:15:00,0.11540000,0.11560000,0.11520000,0.11560000,23220.00000000,BEAMUSDT
2022-12-07 09:30:00,0.11540000,0.11560000,0.11520000,0.11560000,12521.00000000,BEAMUSDT
2022-12-07 09:45:00,0.11520000,0.11560000,0.11520000,0.11530000,8908.00000000,BEAMUSDT
2022-12-07 10:00:00,0.11550000,0.11560000,0.11520000,0.11560000,17505.00000000,BEAMUSDT
2022-12-07 10:15:00,0.11560000,0.11560000,0.11520000,0.11520000,8909.00000000,BEAMUSDT
2022-12-07 10:30:00,0.11550000,0.11560000,0.11520000,0.11560000,3834.00000000,BEAMUSDT
2022-12-07 10:45:00,0.11560000,0.11560000,0.11530000,0.11560000,8396.00000000,BEAMUSDT
2022-12-07 11:00:00,0.11550000,0.11590000,0.11520000,0.11570000,14742.00000000,BEAMUSDT
2022-12-07 11:15:00,0.11540000,0.11600000,0.11540000,0.11600000,8101.00000000,BEAMUSDT
2022-12-07 11:30:00,0.11590000,0.11610000,0.11560000,0.11560000,16401.00000000,BEAMUSDT
2022-12-07 11:45:00,0.11590000,0.11610000,0.11500000,0.11570000,18163.00000000,BEAMUSDT
2022-12-07 12:00:00,0.11560000,0.11590000,0.11540000,0.11560000,25200.00000000,BEAMUSDT
2022-12-07 12:15:00,0.11560000,0.11590000,0.11550000,0.11590000,4962.00000000,BEAMUSDT
2022-12-07 12:30:00,0.11590000,0.11590000,0.11550000,0.11590000,3929.00000000,BEAMUSDT
2022-12-07 12:45:00,0.11550000,0.11610000,0.11550000,0.11560000,13673.00000000,BEAMUSDT
2022-12-07 13:00:00,0.11560000,0.11610000,0.11550000,0.11610000,6374.00000000,BEAMUSDT
2022-12-07 13:15:00,0.11560000,0.11630000,0.11560000,0.11620000,13468.00000000,BEAMUSDT
2022-12-07 13:30:00,0.11620000,0.11660000,0.11590000,0.11660000,6086.00000000,BEAMUSDT
2022-12-07 13:45:00,0.11590000,0.11650000,0.11560000,0.11610000,9284.00000000,BEAMUSDT
2022-12-07 14:00:00,0.11560000,0.11590000,0.11520000,0.11570000,16494.00000000,BEAMUSDT
2022-12-07 14:15:00,0.11550000,0.11580000,0.11550000,0.11550000,874.00000000,BEAMUSDT
2022-12-07 14:30:00,0.11570000,0.11570000,0.11540000,0.11560000,3237.00000000,BEAMUSDT
2022-12-07 14:45:00,0.11570000,0.11580000,0.11550000,0.11580000,4370.00000000,BEAMUSDT
2022-12-07 15:00:00,0.11580000,0.11580000,0.11550000,0.11570000,17087.00000000,BEAMUSDT
2022-12-07 15:15:00,0.11570000,0.11580000,0.11550000,0.11570000,28507.00000000,BEAMUSDT
2022-12-07 15:30:00,0.11550000,0.11580000,0.11550000,0.11550000,2836.00000000,BEAMUSDT
2022-12-07 15:45:00,0.11550000,0.11550000,0.11550000,0.11550000,0.00000000,BEAMUSDT
2022-12-07 16:00:00,0.11570000,0.11570000,0.11520000,0.11520000,3594.00000000,BEAMUSDT
2022-12-07 16:15:00,0.11520000,0.11550000,0.11500000,0.11500000,18537.00000000,BEAMUSDT
2022-12-07 16:30:00,0.11490000,0.11640000,0.11470000,0.11600000,75638.00000000,BEAMUSDT
2022-12-07 16:45:00,0.11640000,0.11660000,0.11610000,0.11610000,4997.00000000,BEAMUSDT
2022-12-07 17:00:00,0.11610000,0.11800000,0.11610000,0.11670000,26703.00000000,BEAMUSDT
2022-12-07 17:15:00,0.11620000,0.11620000,0.11520000,0.11520000,9913.00000000,BEAMUSDT
2022-12-07 17:30:00,0.11510000,0.11570000,0.11510000,0.11550000,4253.00000000,BEAMUSDT
2022-12-07 17:45:00,0.11560000,0.11620000,0.11560000,0.11620000,816.00000000,BEAMUSDT
2022-12-07 18:00:00,0.11640000,0.11640000,0.11550000,0.11550000,4143.00000000,BEAMUSDT
2022-12-07 18:15:00,0.11540000,0.11560000,0.11530000,0.11530000,3134.00000000,BEAMUSDT
2022-12-07 18:30:00,0.11530000,0.11610000,0.11520000,0.11520000,1912.00000000,BEAMUSDT
2022-12-07 18:45:00,0.11610000,0.11610000,0.11540000,0.11550000,867.00000000,BEAMUSDT
2022-12-07 19:00:00,0.11620000,0.11620000,0.11540000,0.11540000,7371.00000000,BEAMUSDT
2022-12-07 19:15:00,0.11550000,0.11590000,0.11520000,0.11520000,14465.00000000,BEAMUSDT
2022-12-07 19:30:00,0.11510000,0.11550000,0.11510000,0.11550000,4454.00000000,BEAMUSDT
2022-12-07 19:45:00,0.11520000,0.11570000,0.11510000,0.11570000,27670.00000000,BEAMUSDT
2022-12-07 20:00:00,0.11520000,0.11520000,0.11500000,0.11500000,1399.00000000,BEAMUSDT
2022-12-07 20:15:00,0.11500000,0.11500000,0.11460000,0.11460000,20435.00000000,BEAMUSDT
2022-12-07 20:30:00,0.11500000,0.11560000,0.11350000,0.11500000,95165.00000000,BEAMUSDT
2022-12-07 20:45:00,0.11510000,0.11520000,0.11500000,0.11510000,3799.00000000,BEAMUSDT
2022-12-07 21:00:00,0.11520000,0.11550000,0.11520000,0.11540000,4411.00000000,BEAMUSDT
2022-12-07 21:15:00,0.11540000,0.11580000,0.11540000,0.11550000,7846.00000000,BEAMUSDT
2022-12-07 21:30:00,0.11530000,0.11530000,0.11530000,0.11530000,2031.00000000,BEAMUSDT
2022-12-07 21:45:00,0.11530000,0.11530000,0.11500000,0.11500000,3793.00000000,BEAMUSDT
2022-12-07 22:00:00,0.11500000,0.11500000,0.11490000,0.11490000,1550.00000000,BEAMUSDT
2022-12-07 22:15:00,0.11500000,0.11500000,0.11470000,0.11500000,16089.00000000,BEAMUSDT
2022-12-07 22:30:00,0.11470000,0.11500000,0.11440000,0.11470000,12486.00000000,BEAMUSDT
2022-12-07 22:45:00,0.11450000,0.11470000,0.11450000,0.11450000,4812.00000000,BEAMUSDT
2022-12-07 23:00:00,0.11450000,0.11460000,0.11450000,0.11460000,962.00000000,BEAMUSDT
2022-12-07 23:15:00,0.11470000,0.11470000,0.11460000,0.11460000,9300.00000000,BEAMUSDT
2022-12-07 23:30:00,0.11460000,0.11530000,0.11460000,0.11530000,47013.00000000,BEAMUSDT
2022-12-07 23:45:00,0.11510000,0.11510000,0.11470000,0.11510000,34223.00000000,BEAMUSDT
2022-12-08 00:00:00,0.11540000,0.11540000,0.11540000,0.11540000,601.00000000,BEAMUSDT
2022-12-08 00:15:00,0.11500000,0.11500000,0.11500000,0.11500000,9150.00000000,BEAMUSDT
2022-12-08 00:30:00,0.11510000,0.11520000,0.11510000,0.11520000,351.00000000,BEAMUSDT
2022-12-08 00:45:00,0.11500000,0.11500000,0.11480000,0.11480000,9551.00000000,BEAMUSDT
2022-12-08 01:00:00,0.11470000,0.11500000,0.11460000,0.11500000,7138.00000000,BEAMUSDT
2022-12-08 01:15:00,0.11460000,0.11500000,0.11460000,0.11500000,532.00000000,BEAMUSDT
2022-12-08 01:30:00,0.11490000,0.11490000,0.11460000,0.11460000,895.00000000,BEAMUSDT
2022-12-08 01:45:00,0.11470000,0.11480000,0.11470000,0.11470000,898.00000000,BEAMUSDT
2022-12-08 02:00:00,0.11470000,0.11470000,0.11460000,0.11470000,36760.00000000,BEAMUSDT
2022-12-08 02:15:00,0.11470000,0.11480000,0.11470000,0.11480000,1272.00000000,BEAMUSDT
2022-12-08 02:30:00,0.11480000,0.11480000,0.11480000,0.11480000,174.00000000,BEAMUSDT
2022-12-08 02:45:00,0.11480000,0.11480000,0.11480000,0.11480000,0.00000000,BEAMUSDT
2022-12-08 03:00:00,0.11500000,0.11500000,0.11500000,0.11500000,520.00000000,BEAMUSDT
2022-12-08 03:15:00,0.11500000,0.11520000,0.11500000,0.11520000,4586.00000000,BEAMUSDT
2022-12-08 03:30:00,0.11500000,0.11500000,0.11500000,0.11500000,510.00000000,BEAMUSDT
2022-12-08 03:45:00,0.11500000,0.11500000,0.11430000,0.11430000,64046.00000000,BEAMUSDT
2022-12-08 04:00:00,0.11470000,0.11510000,0.11460000,0.11460000,10465.00000000,BEAMUSDT
2022-12-08 04:15:00,0.11460000,0.11470000,0.11420000,0.11440000,2119.00000000,BEAMUSDT
2022-12-08 04:30:00,0.11440000,0.11470000,0.11440000,0.11460000,2479.00000000,BEAMUSDT
2022-12-08 04:45:00,0.11460000,0.11470000,0.11440000,0.11440000,6946.00000000,BEAMUSDT
2022-12-08 05:00:00,0.11440000,0.11440000,0.11390000,0.11390000,26536.00000000,BEAMUSDT
2022-12-08 05:15:00,0.11450000,0.11450000,0.11390000,0.11390000,1010.00000000,BEAMUSDT
2022-12-08 05:30:00,0.11390000,0.11390000,0.11360000,0.11360000,37590.00000000,BEAMUSDT
2022-12-08 05:45:00,0.11350000,0.11410000,0.11350000,0.11410000,10691.00000000,BEAMUSDT
2022-12-08 06:00:00,0.11370000,0.11370000,0.11300000,0.11360000,41392.00000000,BEAMUSDT
2022-12-08 06:15:00,0.11360000,0.11370000,0.11310000,0.11370000,13786.00000000,BEAMUSDT
2022-12-08 06:30:00,0.11340000,0.11370000,0.11340000,0.11360000,19531.00000000,BEAMUSDT
2022-12-08 06:45:00,0.11350000,0.11360000,0.11340000,0.11360000,2985.00000000,BEAMUSDT
2022-12-08 07:00:00,0.11340000,0.11360000,0.11340000,0.11360000,31418.00000000,BEAMUSDT
2022-12-08 07:15:00,0.11360000,0.11410000,0.11350000,0.11410000,10809.00000000,BEAMUSDT
2022-12-08 07:30:00,0.11420000,0.11440000,0.11420000,0.11440000,7591.00000000,BEAMUSDT
2022-12-08 07:45:00,0.11450000,0.11560000,0.11450000,0.11560000,38288.00000000,BEAMUSDT
2022-12-08 08:00:00,0.11560000,0.11600000,0.11560000,0.11580000,16884.00000000,BEAMUSDT
2022-12-08 08:15:00,0.11570000,0.11570000,0.11570000,0.11570000,37972.00000000,BEAMUSDT
2022-12-08 08:30:00,0.11570000,0.11570000,0.11560000,0.11570000,11857.00000000,BEAMUSDT
2022-12-08 08:45:00,0.11560000,0.11590000,0.11480000,0.11550000,44539.00000000,BEAMUSDT
2022-12-08 09:00:00,0.11550000,0.11550000,0.11540000,0.11540000,3720.00000000,BEAMUSDT
2022-12-08 09:15:00,0.11590000,0.11630000,0.11420000,0.11520000,49408.00000000,BEAMUSDT
2022-12-08 09:30:00,0.11560000,0.11570000,0.11560000,0.11570000,2902.00000000,BEAMUSDT
2022-12-08 09:45:00,0.11520000,0.11560000,0.11480000,0.11560000,7849.00000000,BEAMUSDT
2022-12-08 10:00:00,0.11500000,0.11530000,0.11490000,0.11530000,5436.00000000,BEAMUSDT
2022-12-08 10:15:00,0.11540000,0.11550000,0.11500000,0.11550000,1986.00000000,BEAMUSDT
2022-12-08 10:30:00,0.11500000,0.11500000,0.11500000,0.11500000,4078.00000000,BEAMUSDT
2022-12-08 10:45:00,0.11530000,0.11740000,0.11500000,0.11560000,56894.00000000,BEAMUSDT
2022-12-08 11:00:00,0.11530000,0.11560000,0.11530000,0.11560000,3221.00000000,BEAMUSDT
2022-12-08 11:15:00,0.11560000,0.11560000,0.11520000,0.11520000,14165.00000000,BEAMUSDT
2022-12-08 11:30:00,0.11540000,0.11540000,0.11490000,0.11490000,3076.00000000,BEAMUSDT
2022-12-08 11:45:00,0.11490000,0.11730000,0.11450000,0.11670000,68264.00000000,BEAMUSDT
2022-12-08 12:00:00,0.11670000,0.11690000,0.11520000,0.11520000,20129.00000000,BEAMUSDT
2022-12-08 12:15:00,0.11520000,0.11520000,0.11490000,0.11490000,6045.00000000,BEAMUSDT
2022-12-08 12:30:00,0.11490000,0.11600000,0.11490000,0.11550000,14590.00000000,BEAMUSDT
2022-12-08 12:45:00,0.11520000,0.11520000,0.11510000,0.11510000,3964.00000000,BEAMUSDT
2022-12-08 13:00:00,0.11550000,0.11560000,0.11520000,0.11520000,1056.00000000,BEAMUSDT
2022-12-08 13:15:00,0.11560000,0.11560000,0.11510000,0.11520000,2414.00000000,BEAMUSDT
2022-12-08 13:30:00,0.11510000,0.11520000,0.11510000,0.11510000,2874.00000000,BEAMUSDT
2022-12-08 13:45:00,0.11560000,0.11640000,0.11560000,0.11620000,8309.00000000,BEAMUSDT
2022-12-08 14:00:00,0.11650000,0.11660000,0.11570000,0.11570000,20931.00000000,BEAMUSDT
2022-12-08 14:15:00,0.11590000,0.11660000,0.11590000,0.11610000,9059.00000000,BEAMUSDT
2022-12-08 14:30:00,0.11640000,0.11650000,0.11600000,0.11610000,5205.00000000,BEAMUSDT
2022-12-08 14:45:00,0.11640000,0.11710000,0.11570000,0.11670000,33337.00000000,BEAMUSDT
2022-12-08 15:00:00,0.11700000,0.11720000,0.11610000,0.11710000,31215.00000000,BEAMUSDT
2022-12-08 15:15:00,0.11660000,0.11720000,0.11630000,0.11670000,26233.00000000,BEAMUSDT
2022-12-08 15:30:00,0.11670000,0.11710000,0.11650000,0.11690000,3749.00000000,BEAMUSDT
2022-12-08 15:45:00,0.11680000,0.11810000,0.11680000,0.11740000,83363.00000000,BEAMUSDT
2022-12-08 16:00:00,0.11760000,0.11820000,0.11720000,0.11770000,24205.00000000,BEAMUSDT
2022-12-08 16:15:00,0.11720000,0.11760000,0.11670000,0.11730000,6343.00000000,BEAMUSDT
2022-12-08 16:30:00,0.11680000,0.11720000,0.11580000,0.11600000,86932.00000000,BEAMUSDT
2022-12-08 16:45:00,0.11610000,0.11690000,0.11600000,0.11680000,11679.00000000,BEAMUSDT
2022-12-08 17:00:00,0.11690000,0.11690000,0.11620000,0.11630000,20343.00000000,BEAMUSDT
2022-12-08 17:15:00,0.11640000,0.11670000,0.11540000,0.11600000,26041.00000000,BEAMUSDT
2022-12-08 17:30:00,0.11590000,0.11640000,0.11590000,0.11630000,5287.00000000,BEAMUSDT
2022-12-08 17:45:00,0.11630000,0.11630000,0.11530000,0.11590000,41997.00000000,BEAMUSDT
2022-12-08 18:00:00,0.11590000,0.11600000,0.11560000,0.11600000,14773.00000000,BEAMUSDT
2022-12-08 18:15:00,0.11600000,0.11600000,0.11600000,0.11600000,3054.00000000,BEAMUSDT
2022-12-08 18:30:00,0.11600000,0.11900000,0.11600000,0.11730000,261288.00000000,BEAMUSDT
2022-12-08 18:45:00,0.11770000,0.11820000,0.11720000,0.11820000,15601.00000000,BEAMUSDT
2022-12-08 19:00:00,0.11780000,0.11790000,0.11730000,0.11780000,6737.00000000,BEAMUSDT
2022-12-08 19:15:00,0.11740000,0.11810000,0.11720000,0.11780000,18656.00000000,BEAMUSDT
2022-12-08 19:30:00,0.11740000,0.11820000,0.11740000,0.11800000,10926.00000000,BEAMUSDT
2022-12-08 19:45:00,0.11790000,0.12180000,0.11730000,0.12030000,383067.00000000,BEAMUSDT
2022-12-08 20:00:00,0.11980000,0.12100000,0.11950000,0.12010000,51987.00000000,BEAMUSDT
2022-12-08 20:15:00,0.12010000,0.12010000,0.11820000,0.11920000,100346.00000000,BEAMUSDT
2022-12-08 20:30:00,0.11920000,0.12110000,0.11920000,0.11930000,37230.00000000,BEAMUSDT
2022-12-08 20:45:00,0.11940000,0.11950000,0.11900000,0.11910000,25927.00000000,BEAMUSDT
2022-12-08 21:00:00,0.11910000,0.11910000,0.11850000,0.11910000,8394.00000000,BEAMUSDT
2022-12-08 21:15:00,0.11910000,0.11910000,0.11910000,0.11910000,0.00000000,BEAMUSDT
2022-12-08 21:30:00,0.11950000,0.11960000,0.11930000,0.11950000,18857.00000000,BEAMUSDT
2022-12-08 21:45:00,0.11900000,0.11900000,0.11900000,0.11900000,912.00000000,BEAMUSDT
2022-12-08 22:00:00,0.11930000,0.11980000,0.11910000,0.11980000,24896.00000000,BEAMUSDT
2022-12-08 22:15:00,0.11990000,0.11990000,0.11990000,0.11990000,247.00000000,BEAMUSDT
2022-12-08 22:30:00,0.11990000,0.11990000,0.11910000,0.11970000,13149.00000000,BEAMUSDT
2022-12-08 22:45:00,0.11910000,0.11960000,0.11900000,0.11920000,5734.00000000,BEAMUSDT
2022-12-08 23:00:00,0.11920000,0.11950000,0.11920000,0.11950000,819.00000000,BEAMUSDT
2022-12-08 23:15:00,0.11950000,0.12010000,0.11950000,0.11950000,7279.00000000,BEAMUSDT
2022-12-08 23:30:00,0.11960000,0.11960000,0.11960000,0.11960000,165.00000000,BEAMUSDT
2022-12-08 23:45:00,0.11950000,0.12060000,0.11950000,0.11990000,36115.00000000,BEAMUSDT
2022-12-09 00:00:00,0.11960000,0.11990000,0.11940000,0.11990000,3089.00000000,BEAMUSDT
2022-12-09 00:15:00,0.11980000,0.12020000,0.11900000,0.11900000,3095.00000000,BEAMUSDT
2022-12-09 00:30:00,0.11950000,0.11990000,0.11900000,0.11990000,1092.00000000,BEAMUSDT
2022-12-09 00:45:00,0.11990000,0.12020000,0.11930000,0.11930000,8220.00000000,BEAMUSDT
2022-12-09 01:00:00,0.11980000,0.12120000,0.11910000,0.11990000,44061.00000000,BEAMUSDT
2022-12-09 01:15:00,0.12000000,0.12000000,0.11940000,0.12000000,2709.00000000,BEAMUSDT
2022-12-09 01:30:00,0.11930000,0.11930000,0.11910000,0.11930000,13354.00000000,BEAMUSDT
2022-12-09 01:45:00,0.11930000,0.11970000,0.11900000,0.11970000,30511.00000000,BEAMUSDT
2022-12-09 02:00:00,0.11930000,0.12480000,0.11910000,0.12400000,718855.00000000,BEAMUSDT
2022-12-09 02:15:00,0.12400000,0.12780000,0.12300000,0.12550000,985438.00000000,BEAMUSDT
2022-12-09 02:30:00,0.12550000,0.12830000,0.12420000,0.12730000,867097.00000000,BEAMUSDT
2022-12-09 02:45:00,0.12800000,0.13340000,0.12580000,0.12980000,2410853.00000000,BEAMUSDT
2022-12-09 03:00:00,0.12910000,0.13250000,0.12630000,0.12950000,1729296.00000000,BEAMUSDT
2022-12-09 03:15:00,0.12960000,0.13160000,0.12790000,0.12830000,565648.00000000,BEAMUSDT
2022-12-09 03:30:00,0.12900000,0.12960000,0.12380000,0.12550000,565286.00000000,BEAMUSDT
2022-12-09 03:45:00,0.12560000,0.12570000,0.12400000,0.12400000,186212.00000000,BEAMUSDT
2022-12-09 04:00:00,0.12460000,0.12780000,0.12430000,0.12700000,219097.00000000,BEAMUSDT
2022-12-09 04:15:00,0.12700000,0.13000000,0.12630000,0.12890000,287359.00000000,BEAMUSDT
2022-12-09 04:30:00,0.12910000,0.12970000,0.12610000,0.12850000,279474.00000000,BEAMUSDT
2022-12-09 04:45:00,0.12830000,0.13200000,0.12780000,0.12990000,465620.00000000,BEAMUSDT
2022-12-09 05:00:00,0.13000000,0.13090000,0.12700000,0.12760000,354077.00000000,BEAMUSDT
2022-12-09 05:15:00,0.12760000,0.13710000,0.12750000,0.13220000,1980635.00000000,BEAMUSDT
2022-12-09 05:30:00,0.13170000,0.13440000,0.13020000,0.13140000,560586.00000000,BEAMUSDT
2022-12-09 05:45:00,0.13140000,0.13460000,0.12690000,0.13000000,1079196.00000000,BEAMUSDT
2022-12-09 06:00:00,0.13000000,0.13330000,0.12750000,0.13310000,446909.00000000,BEAMUSDT
2022-12-09 06:15:00,0.13290000,0.13300000,0.12860000,0.12970000,396059.00000000,BEAMUSDT
2022-12-09 06:30:00,0.13000000,0.13000000,0.12680000,0.12810000,242158.00000000,BEAMUSDT
2022-12-09 06:45:00,0.12850000,0.12870000,0.12660000,0.12760000,137429.00000000,BEAMUSDT
2022-12-09 07:00:00,0.12760000,0.12830000,0.12690000,0.12710000,95077.00000000,BEAMUSDT
2022-12-09 07:15:00,0.12710000,0.12820000,0.12700000,0.12750000,117857.00000000,BEAMUSDT
2022-12-09 07:30:00,0.12740000,0.12790000,0.12710000,0.12720000,64739.00000000,BEAMUSDT
2022-12-09 07:45:00,0.12760000,0.12760000,0.12500000,0.12570000,255954.00000000,BEAMUSDT
2022-12-09 08:00:00,0.12570000,0.12700000,0.12550000,0.12700000,120809.00000000,BEAMUSDT
2022-12-09 08:15:00,0.12710000,0.13100000,0.12690000,0.13030000,409113.00000000,BEAMUSDT
2022-12-09 08:30:00,0.13060000,0.13500000,0.12720000,0.12940000,893002.00000000,BEAMUSDT
2022-12-09 08:45:00,0.12940000,0.13240000,0.12800000,0.13150000,610507.00000000,BEAMUSDT
2022-12-09 09:00:00,0.13150000,0.13220000,0.12940000,0.13010000,220769.00000000,BEAMUSDT
2022-12-09 09:15:00,0.13010000,0.13390000,0.13010000,0.13130000,378718.00000000,BEAMUSDT
2022-12-09 09:30:00,0.13130000,0.13130000,0.12700000,0.12750000,369040.00000000,BEAMUSDT
2022-12-09 09:45:00,0.12720000,0.12820000,0.12580000,0.12640000,271144.00000000,BEAMUSDT
2022-12-09 10:00:00,0.12720000,0.12780000,0.12590000,0.12700000,85543.00000000,BEAMUSDT
2022-12-09 10:15:00,0.12710000,0.12750000,0.12680000,0.12730000,23010.00000000,BEAMUSDT
2022-12-09 10:30:00,0.12730000,0.12770000,0.12590000,0.12660000,75960.00000000,BEAMUSDT
2022-12-09 10:45:00,0.12660000,0.12780000,0.12660000,0.12720000,67895.00000000,BEAMUSDT
2022-12-09 11:00:00,0.12800000,0.13090000,0.12730000,0.12910000,259856.00000000,BEAMUSDT
2022-12-09 11:15:00,0.12880000,0.12880000,0.12720000,0.12720000,47561.00000000,BEAMUSDT
2022-12-09 11:30:00,0.12730000,0.12830000,0.12720000,0.12720000,62690.00000000,BEAMUSDT
2022-12-09 11:45:00,0.12770000,0.12910000,0.12750000,0.12820000,46686.00000000,BEAMUSDT
2022-12-09 12:00:00,0.12830000,0.12950000,0.12730000,0.12810000,124076.00000000,BEAMUSDT
2022-12-09 12:15:00,0.12760000,0.13030000,0.12750000,0.13010000,145734.00000000,BEAMUSDT
2022-12-09 12:30:00,0.13030000,0.13050000,0.12570000,0.12600000,326050.00000000,BEAMUSDT
2022-12-09 12:45:00,0.12600000,0.12700000,0.12480000,0.12610000,265521.00000000,BEAMUSDT
2022-12-09 13:00:00,0.12640000,0.12680000,0.12460000,0.12610000,106170.00000000,BEAMUSDT
2022-12-09 13:15:00,0.12610000,0.12790000,0.12550000,0.12780000,162167.00000000,BEAMUSDT
2022-12-09 13:30:00,0.12750000,0.12750000,0.12340000,0.12500000,194675.00000000,BEAMUSDT
2022-12-09 13:45:00,0.12500000,0.12650000,0.12370000,0.12560000,202653.00000000,BEAMUSDT
2022-12-09 14:00:00,0.12510000,0.12520000,0.12320000,0.12320000,141392.00000000,BEAMUSDT
2022-12-09 14:15:00,0.12310000,0.12360000,0.12230000,0.12300000,137517.00000000,BEAMUSDT
2022-12-09 14:30:00,0.12330000,0.12450000,0.12300000,0.12430000,68662.00000000,BEAMUSDT
2022-12-09 14:45:00,0.12450000,0.12480000,0.12320000,0.12410000,124064.00000000,BEAMUSDT
2022-12-09 15:00:00,0.12410000,0.12500000,0.12300000,0.12450000,83467.00000000,BEAMUSDT
2022-12-09 15:15:00,0.12440000,0.12600000,0.12430000,0.12470000,113826.00000000,BEAMUSDT
2022-12-09 15:30:00,0.12470000,0.12500000,0.12430000,0.12500000,54563.00000000,BEAMUSDT
2022-12-09 15:45:00,0.12510000,0.12510000,0.12470000,0.12490000,35321.00000000,BEAMUSDT
2022-12-09 16:00:00,0.12520000,0.12520000,0.12470000,0.12480000,23770.00000000,BEAMUSDT
2022-12-09 16:15:00,0.12490000,0.12600000,0.12490000,0.12570000,47867.00000000,BEAMUSDT
2022-12-09 16:30:00,0.12590000,0.12820000,0.12460000,0.12660000,257977.00000000,BEAMUSDT
2022-12-09 16:45:00,0.12570000,0.12800000,0.12400000,0.12750000,147982.00000000,BEAMUSDT
2022-12-09 17:00:00,0.12740000,0.12790000,0.12440000,0.12660000,176448.00000000,BEAMUSDT
2022-12-09 17:15:00,0.12640000,0.12660000,0.12570000,0.12600000,48034.00000000,BEAMUSDT
2022-12-09 17:30:00,0.12550000,0.12660000,0.12550000,0.12660000,65239.00000000,BEAMUSDT
2022-12-09 17:45:00,0.12630000,0.12910000,0.12520000,0.12910000,210911.00000000,BEAMUSDT
2022-12-09 18:00:00,0.12900000,0.13250000,0.12640000,0.12750000,1316998.00000000,BEAMUSDT
2022-12-09 18:15:00,0.12760000,0.13880000,0.12630000,0.13080000,3715888.00000000,BEAMUSDT
2022-12-09 18:30:00,0.13080000,0.13140000,0.12700000,0.12750000,1696211.00000000,BEAMUSDT
2022-12-09 18:45:00,0.12750000,0.12850000,0.12670000,0.12730000,338607.00000000,BEAMUSDT
2022-12-09 19:00:00,0.12730000,0.12820000,0.12450000,0.12690000,628926.00000000,BEAMUSDT
2022-12-09 19:15:00,0.12680000,0.12690000,0.12400000,0.12500000,620989.00000000,BEAMUSDT
2022-12-09 19:30:00,0.12500000,0.12520000,0.12370000,0.12470000,189299.00000000,BEAMUSDT
2022-12-09 19:45:00,0.12460000,0.12500000,0.12300000,0.12350000,287254.00000000,BEAMUSDT
2022-12-09 20:00:00,0.12340000,0.12480000,0.12300000,0.12360000,154434.00000000,BEAMUSDT
2022-12-09 20:15:00,0.12320000,0.12400000,0.12160000,0.12380000,211276.00000000,BEAMUSDT
2022-12-09 20:30:00,0.12400000,0.12400000,0.12270000,0.12270000,96382.00000000,BEAMUSDT
2022-12-09 20:45:00,0.12280000,0.12350000,0.12250000,0.12310000,42237.00000000,BEAMUSDT
2022-12-09 21:00:00,0.12320000,0.12470000,0.12220000,0.12310000,106071.00000000,BEAMUSDT
2022-12-09 21:15:00,0.12320000,0.12360000,0.12200000,0.12200000,87845.00000000,BEAMUSDT
2022-12-09 21:30:00,0.12200000,0.12260000,0.12190000,0.12210000,51963.00000000,BEAMUSDT
2022-12-09 21:45:00,0.12220000,0.12280000,0.12100000,0.12240000,184997.00000000,BEAMUSDT
2022-12-09 22:00:00,0.12230000,0.12250000,0.12110000,0.12220000,28264.00000000,BEAMUSDT
2022-12-09 22:15:00,0.12230000,0.12330000,0.12190000,0.12330000,50742.00000000,BEAMUSDT
2022-12-09 22:30:00,0.12310000,0.12330000,0.12280000,0.12280000,28117.00000000,BEAMUSDT
2022-12-09 22:45:00,0.12280000,0.12450000,0.12260000,0.12420000,180536.00000000,BEAMUSDT
2022-12-09 23:00:00,0.12390000,0.12430000,0.12350000,0.12430000,49101.00000000,BEAMUSDT
2022-12-09 23:15:00,0.12430000,0.12700000,0.12420000,0.12510000,236160.00000000,BEAMUSDT
2022-12-09 23:30:00,0.12500000,0.12500000,0.12410000,0.12440000,21168.00000000,BEAMUSDT
2022-12-09 23:45:00,0.12430000,0.12600000,0.12350000,0.12540000,77508.00000000,BEAMUSDT
2022-12-10 00:00:00,0.12500000,0.12630000,0.12490000,0.12630000,51935.00000000,BEAMUSDT
2022-12-10 00:15:00,0.12630000,0.12770000,0.12550000,0.12700000,183817.00000000,BEAMUSDT
2022-12-10 00:30:00,0.12700000,0.12750000,0.12370000,0.12450000,148854.00000000,BEAMUSDT
2022-12-10 00:45:00,0.12450000,0.12450000,0.12260000,0.12320000,96848.00000000,BEAMUSDT
2022-12-10 01:00:00,0.12320000,0.12440000,0.12280000,0.12440000,41352.00000000,BEAMUSDT
2022-12-10 01:15:00,0.12430000,0.12460000,0.12380000,0.12460000,22557.00000000,BEAMUSDT
2022-12-10 01:30:00,0.12470000,0.12480000,0.12310000,0.12380000,49272.00000000,BEAMUSDT
2022-12-10 01:45:00,0.12400000,0.12400000,0.12380000,0.12380000,18939.00000000,BEAMUSDT
2022-12-10 02:00:00,0.12350000,0.12420000,0.12350000,0.12420000,5931.00000000,BEAMUSDT
2022-12-10 02:15:00,0.12420000,0.12450000,0.12400000,0.12430000,8222.00000000,BEAMUSDT
2022-12-10 02:30:00,0.12430000,0.12460000,0.12400000,0.12430000,23981.00000000,BEAMUSDT
2022-12-10 02:45:00,0.12410000,0.12480000,0.12410000,0.12470000,7985.00000000,BEAMUSDT
2022-12-10 03:00:00,0.12440000,0.12520000,0.12330000,0.12510000,103081.00000000,BEAMUSDT
2022-12-10 03:15:00,0.12520000,0.12590000,0.12300000,0.12340000,200190.00000000,BEAMUSDT
2022-12-10 03:30:00,0.12370000,0.12370000,0.12300000,0.12340000,66192.00000000,BEAMUSDT
2022-12-10 03:45:00,0.12340000,0.12350000,0.12300000,0.12300000,23708.00000000,BEAMUSDT
2022-12-10 04:00:00,0.12300000,0.12350000,0.12140000,0.12260000,215888.00000000,BEAMUSDT
2022-12-10 04:15:00,0.12260000,0.12550000,0.12250000,0.12390000,104429.00000000,BEAMUSDT
2022-12-10 04:30:00,0.12420000,0.12430000,0.12360000,0.12400000,26502.00000000,BEAMUSDT
2022-12-10 04:45:00,0.12410000,0.12440000,0.12400000,0.12430000,12323.00000000,BEAMUSDT
2022-12-10 05:00:00,0.12430000,0.12430000,0.12360000,0.12380000,23690.00000000,BEAMUSDT
2022-12-10 05:15:00,0.12370000,0.12490000,0.12330000,0.12370000,74572.00000000,BEAMUSDT
2022-12-10 05:30:00,0.12370000,0.12380000,0.12330000,0.12380000,21839.00000000,BEAMUSDT
2022-12-10 05:45:00,0.12350000,0.12380000,0.12340000,0.12340000,19575.00000000,BEAMUSDT
2022-12-10 06:00:00,0.12390000,0.12390000,0.12340000,0.12390000,13326.00000000,BEAMUSDT
2022-12-10 06:15:00,0.12390000,0.12390000,0.12230000,0.12310000,48787.00000000,BEAMUSDT
2022-12-10 06:30:00,0.12320000,0.12330000,0.12200000,0.12210000,33141.00000000,BEAMUSDT
2022-12-10 06:45:00,0.12210000,0.12300000,0.12210000,0.12300000,22401.00000000,BEAMUSDT
2022-12-10 07:00:00,0.12300000,0.12300000,0.12180000,0.12250000,75899.00000000,BEAMUSDT
2022-12-10 07:15:00,0.12250000,0.12310000,0.12160000,0.12300000,63851.00000000,BEAMUSDT
2022-12-10 07:30:00,0.12310000,0.12360000,0.12140000,0.12210000,49867.00000000,BEAMUSDT
2022-12-10 07:45:00,0.12210000,0.12210000,0.12100000,0.12150000,158369.00000000,BEAMUSDT
2022-12-10 08:00:00,0.12140000,0.12210000,0.12100000,0.12150000,59551.00000000,BEAMUSDT
2022-12-10 08:15:00,0.12150000,0.12160000,0.12100000,0.12130000,76064.00000000,BEAMUSDT
2022-12-10 08:30:00,0.12160000,0.12360000,0.12160000,0.12330000,166091.00000000,BEAMUSDT
2022-12-10 08:45:00,0.12320000,0.12320000,0.12150000,0.12210000,108334.00000000,BEAMUSDT
2022-12-10 09:00:00,0.12210000,0.12350000,0.12160000,0.12160000,102763.00000000,BEAMUSDT
2022-12-10 09:15:00,0.12150000,0.12340000,0.12140000,0.12290000,61731.00000000,BEAMUSDT
2022-12-10 09:30:00,0.12280000,0.12280000,0.12200000,0.12230000,74471.00000000,BEAMUSDT
2022-12-10 09:45:00,0.12280000,0.12280000,0.12220000,0.12220000,6130.00000000,BEAMUSDT
2022-12-10 10:00:00,0.12220000,0.12330000,0.12060000,0.12290000,147800.00000000,BEAMUSDT
2022-12-10 10:15:00,0.12300000,0.12300000,0.12100000,0.12180000,37238.00000000,BEAMUSDT
2022-12-10 10:30:00,0.12180000,0.12180000,0.12110000,0.12170000,113888.00000000,BEAMUSDT
2022-12-10 10:45:00,0.12170000,0.12170000,0.12100000,0.12120000,91238.00000000,BEAMUSDT
2022-12-10 11:00:00,0.12120000,0.12160000,0.12110000,0.12150000,26996.00000000,BEAMUSDT
2022-12-10 11:15:00,0.12150000,0.12230000,0.12130000,0.12230000,21705.00000000,BEAMUSDT
2022-12-10 11:30:00,0.12230000,0.12260000,0.12220000,0.12230000,15488.00000000,BEAMUSDT
2022-12-10 11:45:00,0.12250000,0.12260000,0.12230000,0.12260000,9366.00000000,BEAMUSDT
2022-12-10 12:00:00,0.12240000,0.12250000,0.12230000,0.12240000,15191.00000000,BEAMUSDT
2022-12-10 12:15:00,0.12250000,0.12290000,0.12240000,0.12290000,67256.00000000,BEAMUSDT
2022-12-10 12:30:00,0.12240000,0.12280000,0.12230000,0.12260000,35529.00000000,BEAMUSDT
2022-12-10 12:45:00,0.12260000,0.12280000,0.12240000,0.12280000,4255.00000000,BEAMUSDT
2022-12-10 13:00:00,0.12250000,0.12300000,0.12240000,0.12260000,74814.00000000,BEAMUSDT
2022-12-10 13:15:00,0.12280000,0.12280000,0.11810000,0.12060000,457279.00000000,BEAMUSDT
2022-12-10 13:30:00,0.12060000,0.12080000,0.11910000,0.12070000,97623.00000000,BEAMUSDT
2022-12-10 13:45:00,0.12030000,0.12140000,0.12000000,0.12050000,117168.00000000,BEAMUSDT
2022-12-10 14:00:00,0.12020000,0.12090000,0.12020000,0.12030000,39817.00000000,BEAMUSDT
2022-12-10 14:15:00,0.12080000,0.12090000,0.11980000,0.12050000,34072.00000000,BEAMUSDT
2022-12-10 14:30:00,0.12010000,0.12120000,0.12000000,0.12120000,21185.00000000,BEAMUSDT
2022-12-10 14:45:00,0.12120000,0.12130000,0.12120000,0.12130000,30103.00000000,BEAMUSDT
2022-12-10 15:00:00,0.12140000,0.12140000,0.12060000,0.12070000,5968.00000000,BEAMUSDT
2022-12-10 15:15:00,0.12060000,0.12150000,0.12040000,0.12120000,18287.00000000,BEAMUSDT
2022-12-10 15:30:00,0.12120000,0.12140000,0.12090000,0.12140000,17287.00000000,BEAMUSDT
2022-12-10 15:45:00,0.12140000,0.12290000,0.12140000,0.12210000,118847.00000000,BEAMUSDT
2022-12-10 16:00:00,0.12200000,0.12240000,0.12160000,0.12160000,7687.00000000,BEAMUSDT
2022-12-10 16:15:00,0.12170000,0.12170000,0.11960000,0.12020000,117952.00000000,BEAMUSDT
2022-12-10 16:30:00,0.12020000,0.12180000,0.11980000,0.12150000,100567.00000000,BEAMUSDT
2022-12-10 16:45:00,0.12170000,0.12190000,0.12130000,0.12130000,25449.00000000,BEAMUSDT
2022-12-10 17:00:00,0.12130000,0.12170000,0.12080000,0.12080000,17382.00000000,BEAMUSDT
2022-12-10 17:15:00,0.12120000,0.12210000,0.11890000,0.12030000,149757.00000000,BEAMUSDT
2022-12-10 17:30:00,0.12030000,0.12090000,0.11870000,0.11910000,95858.00000000,BEAMUSDT
2022-12-10 17:45:00,0.11930000,0.12080000,0.11670000,0.12020000,441871.00000000,BEAMUSDT
2022-12-10 18:00:00,0.12040000,0.12080000,0.12020000,0.12020000,79780.00000000,BEAMUSDT
2022-12-10 18:15:00,0.12020000,0.12080000,0.12010000,0.12010000,53637.00000000,BEAMUSDT
2022-12-10 18:30:00,0.12020000,0.12070000,0.12020000,0.12070000,20125.00000000,BEAMUSDT
2022-12-10 18:45:00,0.12030000,0.12100000,0.12020000,0.12100000,56689.00000000,BEAMUSDT
2022-12-10 19:00:00,0.12080000,0.12080000,0.11820000,0.11970000,161972.00000000,BEAMUSDT
2022-12-10 19:15:00,0.11970000,0.12020000,0.11970000,0.12020000,25150.00000000,BEAMUSDT
2022-12-10 19:30:00,0.12020000,0.12040000,0.11790000,0.11940000,181833.00000000,BEAMUSDT
2022-12-10 19:45:00,0.11940000,0.11990000,0.11940000,0.11950000,25741.00000000,BEAMUSDT
2022-12-10 20:00:00,0.11950000,0.12010000,0.11850000,0.11930000,91823.00000000,BEAMUSDT
2022-12-10 20:15:00,0.11940000,0.11940000,0.11840000,0.11860000,50941.00000000,BEAMUSDT
2022-12-10 20:30:00,0.11870000,0.11890000,0.11780000,0.11830000,106871.00000000,BEAMUSDT
2022-12-10 20:45:00,0.11850000,0.11920000,0.11690000,0.11900000,202687.00000000,BEAMUSDT
2022-12-10 21:00:00,0.11900000,0.12000000,0.11690000,0.11790000,201877.00000000,BEAMUSDT
2022-12-10 21:15:00,0.11790000,0.11840000,0.11770000,0.11840000,34830.00000000,BEAMUSDT
2022-12-10 21:30:00,0.11860000,0.11860000,0.11760000,0.11830000,53345.00000000,BEAMUSDT
2022-12-10 21:45:00,0.11830000,0.11870000,0.11810000,0.11860000,19168.00000000,BEAMUSDT
2022-12-10 22:00:00,0.11800000,0.11860000,0.11780000,0.11840000,39600.00000000,BEAMUSDT
2022-12-10 22:15:00,0.11840000,0.11930000,0.11840000,0.11920000,71711.00000000,BEAMUSDT
2022-12-10 22:30:00,0.11930000,0.11950000,0.11890000,0.11890000,60653.00000000,BEAMUSDT
2022-12-10 22:45:00,0.11890000,0.11910000,0.11890000,0.11910000,56188.00000000,BEAMUSDT
2022-12-10 23:00:00,0.11910000,0.11920000,0.11890000,0.11890000,19871.00000000,BEAMUSDT
2022-12-10 23:15:00,0.11890000,0.11890000,0.11850000,0.11860000,23163.00000000,BEAMUSDT
2022-12-10 23:30:00,0.11890000,0.11920000,0.11860000,0.11920000,27937.00000000,BEAMUSDT
2022-12-10 23:45:00,0.11920000,0.11940000,0.11690000,0.11800000,186492.00000000,BEAMUSDT
2022-12-11 00:00:00,0.11770000,0.11860000,0.11700000,0.11860000,64025.00000000,BEAMUSDT
2022-12-11 00:15:00,0.11860000,0.11900000,0.11650000,0.11750000,140310.00000000,BEAMUSDT
2022-12-11 00:30:00,0.11760000,0.11850000,0.11760000,0.11810000,42634.00000000,BEAMUSDT
2022-12-11 00:45:00,0.11810000,0.12000000,0.11810000,0.11900000,110155.00000000,BEAMUSDT
2022-12-11 01:00:00,0.11890000,0.11910000,0.11840000,0.11840000,14487.00000000,BEAMUSDT
2022-12-11 01:15:00,0.11840000,0.12000000,0.11840000,0.12000000,154002.00000000,BEAMUSDT
2022-12-11 01:30:00,0.11980000,0.12170000,0.11980000,0.12170000,448625.00000000,BEAMUSDT
2022-12-11 01:45:00,0.12170000,0.12260000,0.11950000,0.12020000,394650.00000000,BEAMUSDT
2022-12-11 02:00:00,0.12060000,0.12170000,0.11990000,0.12000000,125220.00000000,BEAMUSDT
2022-12-11 02:15:00,0.12020000,0.12050000,0.11930000,0.12040000,71106.00000000,BEAMUSDT
2022-12-11 02:30:00,0.12030000,0.12070000,0.11970000,0.12000000,44682.00000000,BEAMUSDT
2022-12-11 02:45:00,0.12000000,0.12020000,0.11930000,0.11980000,92045.00000000,BEAMUSDT
2022-12-11 03:00:00,0.11940000,0.12000000,0.11940000,0.11960000,60582.00000000,BEAMUSDT
2022-12-11 03:15:00,0.11960000,0.11960000,0.11960000,0.11960000,9823.00000000,BEAMUSDT
2022-12-11 03:30:00,0.12010000,0.12100000,0.11970000,0.12100000,83330.00000000,BEAMUSDT
2022-12-11 03:45:00,0.12110000,0.12110000,0.11940000,0.11990000,36094.00000000,BEAMUSDT
2022-12-11 04:00:00,0.11990000,0.12070000,0.11990000,0.12070000,25929.00000000,BEAMUSDT
2022-12-11 04:15:00,0.12010000,0.12010000,0.11910000,0.11990000,46622.00000000,BEAMUSDT
2022-12-11 04:30:00,0.11990000,0.12000000,0.11970000,0.11970000,26739.00000000,BEAMUSDT
2022-12-11 04:45:00,0.11970000,0.12360000,0.11970000,0.12120000,100979.00000000,BEAMUSDT
2022-12-11 05:00:00,0.12100000,0.12120000,0.12010000,0.12120000,34559.00000000,BEAMUSDT
2022-12-11 05:15:00,0.12170000,0.12170000,0.12010000,0.12010000,25544.00000000,BEAMUSDT
2022-12-11 05:30:00,0.12000000,0.12060000,0.11990000,0.12060000,12037.00000000,BEAMUSDT
2022-12-11 05:45:00,0.12060000,0.12120000,0.12060000,0.12120000,7103.00000000,BEAMUSDT
2022-12-11 06:00:00,0.12120000,0.12120000,0.12060000,0.12080000,8646.00000000,BEAMUSDT
2022-12-11 06:15:00,0.12080000,0.12080000,0.11990000,0.11990000,42042.00000000,BEAMUSDT
2022-12-11 06:30:00,0.12000000,0.12110000,0.11990000,0.12020000,27100.00000000,BEAMUSDT
2022-12-11 06:45:00,0.12020000,0.12060000,0.12020000,0.12030000,1637.00000000,BEAMUSDT
2022-12-11 07:00:00,0.12030000,0.12030000,0.11990000,0.12010000,73415.00000000,BEAMUSDT
2022-12-11 07:15:00,0.12010000,0.12030000,0.11970000,0.11970000,62541.00000000,BEAMUSDT
2022-12-11 07:30:00,0.11970000,0.12120000,0.11970000,0.12120000,84044.00000000,BEAMUSDT
2022-12-11 07:45:00,0.12120000,0.12130000,0.12070000,0.12070000,18047.00000000,BEAMUSDT
2022-12-11 08:00:00,0.12080000,0.12090000,0.12080000,0.12090000,12255.00000000,BEAMUSDT
2022-12-11 08:15:00,0.12060000,0.12060000,0.12000000,0.12000000,34205.00000000,BEAMUSDT
2022-12-11 08:30:00,0.12000000,0.12040000,0.12000000,0.12040000,3984.00000000,BEAMUSDT
2022-12-11 08:45:00,0.12040000,0.12050000,0.11990000,0.12050000,33888.00000000,BEAMUSDT
2022-12-11 09:00:00,0.12050000,0.12050000,0.11990000,0.12040000,15427.00000000,BEAMUSDT
2022-12-11 09:15:00,0.12030000,0.12070000,0.12020000,0.12020000,61863.00000000,BEAMUSDT
2022-12-11 09:30:00,0.12030000,0.12100000,0.12020000,0.12080000,37912.00000000,BEAMUSDT
2022-12-11 09:45:00,0.12090000,0.12110000,0.12030000,0.12030000,15578.00000000,BEAMUSDT
2022-12-11 10:00:00,0.12050000,0.12050000,0.11850000,0.11940000,128616.00000000,BEAMUSDT
2022-12-11 10:15:00,0.11940000,0.11970000,0.11940000,0.11970000,9414.00000000,BEAMUSDT
2022-12-11 10:30:00,0.11960000,0.12030000,0.11960000,0.12030000,15284.00000000,BEAMUSDT
2022-12-11 10:45:00,0.12020000,0.12070000,0.11980000,0.11980000,36217.00000000,BEAMUSDT
2022-12-11 11:00:00,0.11970000,0.11990000,0.11930000,0.11940000,35987.00000000,BEAMUSDT
2022-12-11 11:15:00,0.11940000,0.11940000,0.11900000,0.11900000,13428.00000000,BEAMUSDT
2022-12-11 11:30:00,0.11900000,0.11920000,0.11830000,0.11870000,87959.00000000,BEAMUSDT
2022-12-11 11:45:00,0.11880000,0.11880000,0.11860000,0.11870000,4050.00000000,BEAMUSDT
2022-12-11 12:00:00,0.11870000,0.11920000,0.11840000,0.11920000,69329.00000000,BEAMUSDT
2022-12-11 12:15:00,0.11900000,0.11990000,0.11870000,0.11990000,38542.00000000,BEAMUSDT
2022-12-11 12:30:00,0.11980000,0.12050000,0.11930000,0.11970000,56673.00000000,BEAMUSDT
2022-12-11 12:45:00,0.11960000,0.12030000,0.11910000,0.11920000,42282.00000000,BEAMUSDT
2022-12-11 13:00:00,0.11920000,0.12030000,0.11900000,0.12000000,101356.00000000,BEAMUSDT
2022-12-11 13:15:00,0.12000000,0.12000000,0.11950000,0.11950000,17658.00000000,BEAMUSDT
2022-12-11 13:30:00,0.11950000,0.11950000,0.11860000,0.11940000,56814.00000000,BEAMUSDT
2022-12-11 13:45:00,0.11910000,0.11930000,0.11890000,0.11930000,7626.00000000,BEAMUSDT
2022-12-11 14:00:00,0.11940000,0.12090000,0.11940000,0.12090000,98655.00000000,BEAMUSDT
2022-12-11 14:15:00,0.12090000,0.12090000,0.11960000,0.11960000,13739.00000000,BEAMUSDT
2022-12-11 14:30:00,0.11980000,0.12020000,0.11960000,0.12000000,34884.00000000,BEAMUSDT
2022-12-11 14:45:00,0.12000000,0.12070000,0.11970000,0.12000000,16352.00000000,BEAMUSDT
2022-12-11 15:00:00,0.12020000,0.12020000,0.11940000,0.11950000,47532.00000000,BEAMUSDT
2022-12-11 15:15:00,0.11980000,0.12010000,0.11940000,0.11940000,16329.00000000,BEAMUSDT
2022-12-11 15:30:00,0.11940000,0.11970000,0.11880000,0.11890000,46893.00000000,BEAMUSDT
2022-12-11 15:45:00,0.11890000,0.11930000,0.11890000,0.11930000,6447.00000000,BEAMUSDT
2022-12-11 16:00:00,0.11930000,0.11940000,0.11890000,0.11930000,21034.00000000,BEAMUSDT
2022-12-11 16:15:00,0.11920000,0.11950000,0.11890000,0.11940000,32365.00000000,BEAMUSDT
2022-12-11 16:30:00,0.11900000,0.11930000,0.11900000,0.11930000,2874.00000000,BEAMUSDT
2022-12-11 16:45:00,0.11900000,0.11920000,0.11900000,0.11900000,2028.00000000,BEAMUSDT
2022-12-11 17:00:00,0.11930000,0.11960000,0.11910000,0.11910000,10154.00000000,BEAMUSDT
2022-12-11 17:15:00,0.11920000,0.11960000,0.11920000,0.11960000,654.00000000,BEAMUSDT
2022-12-11 17:30:00,0.11920000,0.11960000,0.11760000,0.11820000,182620.00000000,BEAMUSDT
2022-12-11 17:45:00,0.11850000,0.11900000,0.11830000,0.11900000,32561.00000000,BEAMUSDT
2022-12-11 18:00:00,0.11900000,0.11900000,0.11790000,0.11840000,37990.00000000,BEAMUSDT
2022-12-11 18:15:00,0.11820000,0.11860000,0.11820000,0.11860000,7636.00000000,BEAMUSDT
2022-12-11 18:30:00,0.11850000,0.11860000,0.11740000,0.11820000,107982.00000000,BEAMUSDT
2022-12-11 18:45:00,0.11800000,0.11840000,0.11800000,0.11840000,31303.00000000,BEAMUSDT
2022-12-11 19:00:00,0.11820000,0.11880000,0.11820000,0.11870000,25484.00000000,BEAMUSDT
2022-12-11 19:15:00,0.11880000,0.11980000,0.11880000,0.11910000,44266.00000000,BEAMUSDT
2022-12-11 19:30:00,0.11940000,0.12010000,0.11800000,0.12000000,140222.00000000,BEAMUSDT
2022-12-11 19:45:00,0.12000000,0.12010000,0.11820000,0.11910000,119663.00000000,BEAMUSDT
2022-12-11 20:00:00,0.11910000,0.12010000,0.11890000,0.12000000,72915.00000000,BEAMUSDT
2022-12-11 20:15:00,0.12000000,0.12000000,0.11900000,0.11940000,14866.00000000,BEAMUSDT
2022-12-11 20:30:00,0.11900000,0.11950000,0.11860000,0.11950000,27052.00000000,BEAMUSDT
2022-12-11 20:45:00,0.11950000,0.12050000,0.11950000,0.11970000,135061.00000000,BEAMUSDT
2022-12-11 21:00:00,0.11960000,0.11980000,0.11860000,0.11960000,47999.00000000,BEAMUSDT
2022-12-11 21:15:00,0.11910000,0.12050000,0.11900000,0.11990000,51051.00000000,BEAMUSDT
2022-12-11 21:30:00,0.11990000,0.12040000,0.11940000,0.12000000,38517.00000000,BEAMUSDT
2022-12-11 21:45:00,0.11990000,0.12020000,0.11950000,0.11960000,71207.00000000,BEAMUSDT
2022-12-11 22:00:00,0.11940000,0.11960000,0.11910000,0.11920000,16128.00000000,BEAMUSDT
2022-12-11 22:15:00,0.11920000,0.12000000,0.11890000,0.12000000,10267.00000000,BEAMUSDT
2022-12-11 22:30:00,0.11970000,0.12030000,0.11970000,0.11980000,61946.00000000,BEAMUSDT
2022-12-11 22:45:00,0.11970000,0.12240000,0.11960000,0.12090000,140873.00000000,BEAMUSDT
2022-12-11 23:00:00,0.12060000,0.12130000,0.12030000,0.12060000,51442.00000000,BEAMUSDT
2022-12-11 23:15:00,0.12070000,0.12070000,0.12000000,0.12000000,18370.00000000,BEAMUSDT
2022-12-11 23:30:00,0.12000000,0.12030000,0.11770000,0.11870000,109366.00000000,BEAMUSDT
2022-12-11 23:45:00,0.11890000,0.11960000,0.11820000,0.11840000,77485.00000000,BEAMUSDT
2022-12-12 00:00:00,0.11850000,0.11870000,0.11740000,0.11810000,128347.00000000,BEAMUSDT
2022-12-12 00:15:00,0.11770000,0.11820000,0.11570000,0.11620000,165593.00000000,BEAMUSDT
2022-12-12 00:30:00,0.11590000,0.11660000,0.11590000,0.11620000,41851.00000000,BEAMUSDT
2022-12-12 00:45:00,0.11590000,0.11660000,0.11560000,0.11600000,54165.00000000,BEAMUSDT
2022-12-12 01:00:00,0.11600000,0.11850000,0.11550000,0.11660000,117615.00000000,BEAMUSDT
2022-12-12 01:15:00,0.11660000,0.11850000,0.11630000,0.11760000,61456.00000000,BEAMUSDT
2022-12-12 01:30:00,0.11800000,0.11800000,0.11670000,0.11730000,27012.00000000,BEAMUSDT
2022-12-12 01:45:00,0.11700000,0.11700000,0.11680000,0.11680000,6915.00000000,BEAMUSDT
2022-12-12 02:00:00,0.11670000,0.11690000,0.11610000,0.11610000,14127.00000000,BEAMUSDT
2022-12-12 02:15:00,0.11640000,0.11660000,0.11560000,0.11600000,49458.00000000,BEAMUSDT
2022-12-12 02:30:00,0.11590000,0.11640000,0.11590000,0.11640000,8389.00000000,BEAMUSDT
2022-12-12 02:45:00,0.11590000,0.11820000,0.11520000,0.11610000,120797.00000000,BEAMUSDT
2022-12-12 03:00:00,0.11590000,0.11680000,0.11580000,0.11630000,31206.00000000,BEAMUSDT
2022-12-12 03:15:00,0.11600000,0.11630000,0.11600000,0.11630000,3216.00000000,BEAMUSDT
2022-12-12 03:30:00,0.11630000,0.11670000,0.11610000,0.11670000,31032.00000000,BEAMUSDT
2022-12-12 03:45:00,0.11690000,0.11690000,0.11600000,0.11600000,11156.00000000,BEAMUSDT
2022-12-12 04:00:00,0.11610000,0.11690000,0.11600000,0.11690000,17049.00000000,BEAMUSDT
2022-12-12 04:15:00,0.11640000,0.11690000,0.11620000,0.11630000,102785.00000000,BEAMUSDT
2022-12-12 04:30:00,0.11650000,0.11700000,0.11620000,0.11640000,15864.00000000,BEAMUSDT
2022-12-12 04:45:00,0.11640000,0.11640000,0.11640000,0.11640000,0.00000000,BEAMUSDT
2022-12-12 05:00:00,0.11650000,0.11700000,0.11650000,0.11650000,9788.00000000,BEAMUSDT
2022-12-12 05:15:00,0.11650000,0.11720000,0.11640000,0.11700000,30141.00000000,BEAMUSDT
2022-12-12 05:30:00,0.11700000,0.11790000,0.11700000,0.11790000,48608.00000000,BEAMUSDT
2022-12-12 05:45:00,0.11770000,0.11770000,0.11670000,0.11730000,71966.00000000,BEAMUSDT
2022-12-12 06:00:00,0.11740000,0.11770000,0.11740000,0.11740000,80563.00000000,BEAMUSDT
2022-12-12 06:15:00,0.11730000,0.11760000,0.11680000,0.11680000,60860.00000000,BEAMUSDT
2022-12-12 06:30:00,0.11680000,0.11760000,0.11680000,0.11740000,11379.00000000,BEAMUSDT
2022-12-12 06:45:00,0.11720000,0.11720000,0.11610000,0.11630000,76637.00000000,BEAMUSDT
2022-12-12 07:00:00,0.11640000,0.11650000,0.11640000,0.11650000,6499.00000000,BEAMUSDT
2022-12-12 07:15:00,0.11650000,0.11740000,0.11640000,0.11740000,16114.00000000,BEAMUSDT
2022-12-12 07:30:00,0.11730000,0.11730000,0.11700000,0.11700000,15934.00000000,BEAMUSDT
2022-12-12 07:45:00,0.11690000,0.11720000,0.11650000,0.11690000,14298.00000000,BEAMUSDT
2022-12-12 08:00:00,0.11650000,0.11650000,0.11620000,0.11620000,29996.00000000,BEAMUSDT
2022-12-12 08:15:00,0.11610000,0.11660000,0.11610000,0.11620000,6222.00000000,BEAMUSDT
2022-12-12 08:30:00,0.11630000,0.11650000,0.11620000,0.11630000,9138.00000000,BEAMUSDT
2022-12-12 08:45:00,0.11630000,0.11630000,0.11620000,0.11620000,12708.00000000,BEAMUSDT
2022-12-12 09:00:00,0.11620000,0.11790000,0.11620000,0.11760000,35476.00000000,BEAMUSDT
2022-12-12 09:15:00,0.11750000,0.11760000,0.11700000,0.11700000,7450.00000000,BEAMUSDT
2022-12-12 09:30:00,0.11700000,0.11720000,0.11600000,0.11680000,42158.00000000,BEAMUSDT
2022-12-12 09:45:00,0.11690000,0.11740000,0.11680000,0.11710000,13150.00000000,BEAMUSDT
2022-12-12 10:00:00,0.11710000,0.11790000,0.11710000,0.11770000,23252.00000000,BEAMUSDT
2022-12-12 10:15:00,0.11750000,0.11750000,0.11700000,0.11720000,10821.00000000,BEAMUSDT
2022-12-12 10:30:00,0.11720000,0.11720000,0.11620000,0.11640000,17389.00000000,BEAMUSDT
2022-12-12 10:45:00,0.11640000,0.11810000,0.11640000,0.11760000,72351.00000000,BEAMUSDT
2022-12-12 11:00:00,0.11730000,0.11730000,0.11690000,0.11710000,21091.00000000,BEAMUSDT
2022-12-12 11:15:00,0.11750000,0.11780000,0.11730000,0.11780000,25221.00000000,BEAMUSDT
2022-12-12 11:30:00,0.11790000,0.11790000,0.11730000,0.11740000,24798.00000000,BEAMUSDT
2022-12-12 11:45:00,0.11770000,0.11780000,0.11740000,0.11740000,11677.00000000,BEAMUSDT
2022-12-12 12:00:00,0.11770000,0.11820000,0.11760000,0.11820000,53334.00000000,BEAMUSDT
2022-12-12 12:15:00,0.11820000,0.11820000,0.11690000,0.11740000,50590.00000000,BEAMUSDT
2022-12-12 12:30:00,0.11690000,0.11690000,0.11610000,0.11640000,82302.00000000,BEAMUSDT
2022-12-12 12:45:00,0.11650000,0.11850000,0.11640000,0.11760000,51624.00000000,BEAMUSDT
2022-12-12 13:00:00,0.11760000,0.11840000,0.11730000,0.11730000,40575.00000000,BEAMUSDT
2022-12-12 13:15:00,0.11720000,0.11820000,0.11690000,0.11760000,32849.00000000,BEAMUSDT
2022-12-12 13:30:00,0.11760000,0.12040000,0.11750000,0.11870000,319053.00000000,BEAMUSDT
2022-12-12 13:45:00,0.11870000,0.11870000,0.11680000,0.11810000,103870.00000000,BEAMUSDT
2022-12-12 14:00:00,0.11810000,0.11810000,0.11670000,0.11730000,65047.00000000,BEAMUSDT
2022-12-12 14:15:00,0.11740000,0.11820000,0.11740000,0.11780000,25626.00000000,BEAMUSDT
2022-12-12 14:30:00,0.11810000,0.12220000,0.11780000,0.11900000,122046.00000000,BEAMUSDT
2022-12-12 14:45:00,0.11920000,0.12120000,0.11810000,0.11880000,264031.00000000,BEAMUSDT
2022-12-12 15:00:00,0.11880000,0.11930000,0.11820000,0.11850000,31881.00000000,BEAMUSDT
2022-12-12 15:15:00,0.11860000,0.12200000,0.11850000,0.12140000,215373.00000000,BEAMUSDT
2022-12-12 15:30:00,0.12140000,0.13320000,0.12100000,0.13240000,3322921.00000000,BEAMUSDT
2022-12-12 15:45:00,0.13210000,0.14400000,0.12800000,0.13160000,7917552.00000000,BEAMUSDT
2022-12-12 16:00:00,0.13190000,0.13280000,0.12300000,0.12390000,2650966.00000000,BEAMUSDT
2022-12-12 16:15:00,0.12390000,0.12390000,0.12160000,0.12270000,788642.00000000,BEAMUSDT
2022-12-12 16:30:00,0.12300000,0.12560000,0.12290000,0.12430000,447836.00000000,BEAMUSDT
2022-12-12 16:45:00,0.12450000,0.12460000,0.12250000,0.12330000,195338.00000000,BEAMUSDT
2022-12-12 17:00:00,0.12330000,0.12710000,0.12040000,0.12500000,560046.00000000,BEAMUSDT
2022-12-12 17:15:00,0.12540000,0.12690000,0.12380000,0.12470000,450380.00000000,BEAMUSDT
2022-12-12 17:30:00,0.12430000,0.12540000,0.12300000,0.12330000,219418.00000000,BEAMUSDT
2022-12-12 17:45:00,0.12330000,0.12360000,0.12150000,0.12170000,288562.00000000,BEAMUSDT
2022-12-12 18:00:00,0.12160000,0.12230000,0.12150000,0.12150000,202202.00000000,BEAMUSDT
2022-12-12 18:15:00,0.12150000,0.12440000,0.12150000,0.12240000,201447.00000000,BEAMUSDT
2022-12-12 18:30:00,0.12230000,0.12240000,0.12150000,0.12210000,138540.00000000,BEAMUSDT
2022-12-12 18:45:00,0.12210000,0.12720000,0.12180000,0.12530000,579673.00000000,BEAMUSDT
2022-12-12 19:00:00,0.12520000,0.12670000,0.12280000,0.12510000,332428.00000000,BEAMUSDT
2022-12-12 19:15:00,0.12520000,0.12780000,0.12320000,0.12320000,146515.00000000,BEAMUSDT
2022-12-12 19:30:00,0.12360000,0.12510000,0.12330000,0.12440000,98659.00000000,BEAMUSDT
2022-12-12 19:45:00,0.12400000,0.12440000,0.12270000,0.12270000,105764.00000000,BEAMUSDT
2022-12-12 20:00:00,0.12260000,0.12440000,0.12180000,0.12180000,166197.00000000,BEAMUSDT
2022-12-12 20:15:00,0.12170000,0.12390000,0.12090000,0.12350000,192308.00000000,BEAMUSDT
2022-12-12 20:30:00,0.12340000,0.12390000,0.12180000,0.12180000,72231.00000000,BEAMUSDT
2022-12-12 20:45:00,0.12180000,0.12330000,0.12180000,0.12300000,57283.00000000,BEAMUSDT
2022-12-12 21:00:00,0.12300000,0.12340000,0.12250000,0.12300000,31518.00000000,BEAMUSDT
2022-12-12 21:15:00,0.12260000,0.12320000,0.12240000,0.12250000,94301.00000000,BEAMUSDT
2022-12-12 21:30:00,0.12250000,0.12330000,0.12220000,0.12290000,98553.00000000,BEAMUSDT
2022-12-12 21:45:00,0.12290000,0.12330000,0.12290000,0.12330000,11406.00000000,BEAMUSDT
2022-12-12 22:00:00,0.12310000,0.12330000,0.12220000,0.12220000,103733.00000000,BEAMUSDT
2022-12-12 22:15:00,0.12250000,0.12330000,0.12220000,0.12330000,16444.00000000,BEAMUSDT
2022-12-12 22:30:00,0.12330000,0.12450000,0.12270000,0.12290000,35451.00000000,BEAMUSDT
2022-12-12 22:45:00,0.12300000,0.12390000,0.12280000,0.12390000,19476.00000000,BEAMUSDT
2022-12-12 23:00:00,0.12390000,0.12540000,0.12340000,0.12350000,170424.00000000,BEAMUSDT
2022-12-12 23:15:00,0.12370000,0.12510000,0.12170000,0.12250000,327698.00000000,BEAMUSDT
2022-12-12 23:30:00,0.12260000,0.12270000,0.12210000,0.12260000,37918.00000000,BEAMUSDT
2022-12-12 23:45:00,0.12220000,0.12300000,0.12210000,0.12280000,50269.00000000,BEAMUSDT
2022-12-13 00:00:00,0.12250000,0.12460000,0.12250000,0.12410000,48707.00000000,BEAMUSDT
2022-12-13 00:15:00,0.12420000,0.12420000,0.12270000,0.12270000,28262.00000000,BEAMUSDT
2022-12-13 00:30:00,0.12270000,0.12390000,0.12250000,0.12310000,25661.00000000,BEAMUSDT
2022-12-13 00:45:00,0.12320000,0.12540000,0.12310000,0.12480000,71749.00000000,BEAMUSDT
2022-12-13 01:00:00,0.12470000,0.12480000,0.12380000,0.12390000,78624.00000000,BEAMUSDT
2022-12-13 01:15:00,0.12410000,0.12420000,0.12380000,0.12400000,10153.00000000,BEAMUSDT
2022-12-13 01:30:00,0.12430000,0.12480000,0.12340000,0.12380000,57790.00000000,BEAMUSDT
2022-12-13 01:45:00,0.12390000,0.12390000,0.12300000,0.12310000,19025.00000000,BEAMUSDT
2022-12-13 02:00:00,0.12350000,0.12430000,0.12350000,0.12380000,44876.00000000,BEAMUSDT
2022-12-13 02:15:00,0.12380000,0.12500000,0.12360000,0.12380000,71882.00000000,BEAMUSDT
2022-12-13 02:30:00,0.12400000,0.12600000,0.12390000,0.12470000,318925.00000000,BEAMUSDT
2022-12-13 02:45:00,0.12480000,0.12540000,0.12430000,0.12460000,75405.00000000,BEAMUSDT
2022-12-13 03:00:00,0.12440000,0.12600000,0.12420000,0.12600000,112347.00000000,BEAMUSDT
2022-12-13 03:15:00,0.12590000,0.12890000,0.12410000,0.12640000,585897.00000000,BEAMUSDT
2022-12-13 03:30:00,0.12640000,0.12720000,0.12400000,0.12510000,256519.00000000,BEAMUSDT
2022-12-13 03:45:00,0.12520000,0.12610000,0.12440000,0.12540000,88276.00000000,BEAMUSDT
2022-12-13 04:00:00,0.12550000,0.12570000,0.12490000,0.12500000,134238.00000000,BEAMUSDT
2022-12-13 04:15:00,0.12490000,0.12490000,0.12410000,0.12420000,57177.00000000,BEAMUSDT
2022-12-13 04:30:00,0.12430000,0.12610000,0.12430000,0.12480000,60821.00000000,BEAMUSDT
2022-12-13 04:45:00,0.12500000,0.12610000,0.12500000,0.12600000,86488.00000000,BEAMUSDT
2022-12-13 05:00:00,0.12600000,0.12640000,0.12520000,0.12550000,92364.00000000,BEAMUSDT
2022-12-13 05:15:00,0.12580000,0.12850000,0.12540000,0.12660000,351983.00000000,BEAMUSDT
2022-12-13 05:30:00,0.12660000,0.12660000,0.12520000,0.12520000,79748.00000000,BEAMUSDT
2022-12-13 05:45:00,0.12520000,0.12800000,0.12490000,0.12670000,128386.00000000,BEAMUSDT
2022-12-13 06:00:00,0.12670000,0.12840000,0.12530000,0.12580000,149691.00000000,BEAMUSDT
2022-12-13 06:15:00,0.12560000,0.12650000,0.12500000,0.12500000,122933.00000000,BEAMUSDT
2022-12-13 06:30:00,0.12540000,0.12580000,0.12520000,0.12570000,36989.00000000,BEAMUSDT
2022-12-13 06:45:00,0.12570000,0.12700000,0.12560000,0.12560000,151772.00000000,BEAMUSDT
2022-12-13 07:00:00,0.12590000,0.12820000,0.12550000,0.12580000,314824.00000000,BEAMUSDT
2022-12-13 07:15:00,0.12600000,0.12650000,0.12010000,0.12140000,728969.00000000,BEAMUSDT
2022-12-13 07:30:00,0.12140000,0.12330000,0.12020000,0.12120000,312985.00000000,BEAMUSDT
2022-12-13 07:45:00,0.12090000,0.12250000,0.12050000,0.12160000,126660.00000000,BEAMUSDT
2022-12-13 08:00:00,0.12190000,0.12200000,0.12050000,0.12090000,90764.00000000,BEAMUSDT
2022-12-13 08:15:00,0.12100000,0.13370000,0.12100000,0.13000000,3362576.00000000,BEAMUSDT
2022-12-13 08:30:00,0.13010000,0.13660000,0.12750000,0.13160000,2459568.00000000,BEAMUSDT
2022-12-13 08:45:00,0.13160000,0.13400000,0.13000000,0.13180000,1185813.00000000,BEAMUSDT
2022-12-13 09:00:00,0.13190000,0.13910000,0.13160000,0.13910000,1511912.00000000,BEAMUSDT
2022-12-13 09:15:00,0.13920000,0.13980000,0.13070000,0.13170000,2219232.00000000,BEAMUSDT
2022-12-13 09:30:00,0.13120000,0.13340000,0.12900000,0.13100000,721007.00000000,BEAMUSDT
2022-12-13 09:45:00,0.13110000,0.13620000,0.12950000,0.13110000,828221.00000000,BEAMUSDT
2022-12-13 10:00:00,0.13110000,0.13160000,0.12910000,0.13060000,357391.00000000,BEAMUSDT
2022-12-13 10:15:00,0.13040000,0.13320000,0.12960000,0.13000000,296834.00000000,BEAMUSDT
2022-12-13 10:30:00,0.13000000,0.13000000,0.12770000,0.12900000,200035.00000000,BEAMUSDT
2022-12-13 10:45:00,0.12900000,0.12910000,0.12790000,0.12810000,108120.00000000,BEAMUSDT
2022-12-13 11:00:00,0.12830000,0.12850000,0.12550000,0.12560000,397002.00000000,BEAMUSDT
2022-12-13 11:15:00,0.12560000,0.12860000,0.12510000,0.12860000,297655.00000000,BEAMUSDT
2022-12-13 11:30:00,0.12850000,0.12960000,0.12700000,0.12930000,221210.00000000,BEAMUSDT
2022-12-13 11:45:00,0.12930000,0.12940000,0.12680000,0.12740000,151138.00000000,BEAMUSDT
2022-12-13 12:00:00,0.12760000,0.12850000,0.12640000,0.12660000,101115.00000000,BEAMUSDT
2022-12-13 12:15:00,0.12640000,0.12770000,0.12610000,0.12680000,188305.00000000,BEAMUSDT
2022-12-13 12:30:00,0.12690000,0.12810000,0.12650000,0.12660000,130574.00000000,BEAMUSDT
2022-12-13 12:45:00,0.12680000,0.12680000,0.12550000,0.12560000,117407.00000000,BEAMUSDT
2022-12-13 13:00:00,0.12560000,0.12850000,0.12550000,0.12580000,235312.00000000,BEAMUSDT
2022-12-13 13:15:00,0.12580000,0.12730000,0.12510000,0.12570000,285575.00000000,BEAMUSDT
2022-12-13 13:30:00,0.12580000,0.12900000,0.12580000,0.12780000,330140.00000000,BEAMUSDT
2022-12-13 13:45:00,0.12760000,0.13220000,0.12760000,0.13040000,834130.00000000,BEAMUSDT
2022-12-13 14:00:00,0.13020000,0.13030000,0.12590000,0.12800000,557414.00000000,BEAMUSDT
2022-12-13 14:15:00,0.12840000,0.12900000,0.12730000,0.12740000,215241.00000000,BEAMUSDT
2022-12-13 14:30:00,0.12740000,0.12960000,0.12740000,0.12850000,150421.00000000,BEAMUSDT
2022-12-13 14:45:00,0.12850000,0.12890000,0.12830000,0.12830000,53891.00000000,BEAMUSDT
2022-12-13 15:00:00,0.12830000,0.13000000,0.12820000,0.12980000,101258.00000000,BEAMUSDT
2022-12-13 15:15:00,0.12980000,0.13150000,0.12810000,0.12920000,1040261.00000000,BEAMUSDT
2022-12-13 15:30:00,0.12890000,0.13410000,0.12890000,0.13200000,533171.00000000,BEAMUSDT
2022-12-13 15:45:00,0.13190000,0.13290000,0.12960000,0.13120000,938832.00000000,BEAMUSDT
2022-12-13 16:00:00,0.13100000,0.13350000,0.12910000,0.13000000,702789.00000000,BEAMUSDT
2022-12-13 16:15:00,0.13000000,0.13300000,0.12990000,0.13130000,413850.00000000,BEAMUSDT
2022-12-13 16:30:00,0.13200000,0.13410000,0.13110000,0.13390000,387810.00000000,BEAMUSDT
2022-12-13 16:45:00,0.13350000,0.13390000,0.12800000,0.13000000,814044.00000000,BEAMUSDT
2022-12-13 17:00:00,0.13000000,0.13130000,0.13000000,0.13100000,165256.00000000,BEAMUSDT
2022-12-13 17:15:00,0.13100000,0.13160000,0.13050000,0.13050000,125466.00000000,BEAMUSDT
2022-12-13 17:30:00,0.13090000,0.13120000,0.13050000,0.13090000,71108.00000000,BEAMUSDT
2022-12-13 17:45:00,0.13090000,0.13090000,0.12900000,0.12920000,139416.00000000,BEAMUSDT
2022-12-13 18:00:00,0.12920000,0.13040000,0.12860000,0.13040000,129070.00000000,BEAMUSDT
2022-12-13 18:15:00,0.13030000,0.13110000,0.12990000,0.12990000,87359.00000000,BEAMUSDT
2022-12-13 18:30:00,0.12990000,0.13060000,0.12960000,0.12990000,69460.00000000,BEAMUSDT
2022-12-13 18:45:00,0.13020000,0.13070000,0.12860000,0.13070000,165634.00000000,BEAMUSDT
2022-12-13 19:00:00,0.13060000,0.13160000,0.12920000,0.12950000,123576.00000000,BEAMUSDT
2022-12-13 19:15:00,0.12980000,0.12990000,0.12890000,0.12980000,51753.00000000,BEAMUSDT
2022-12-13 19:30:00,0.12950000,0.12990000,0.12920000,0.12950000,20485.00000000,BEAMUSDT
2022-12-13 19:45:00,0.13000000,0.13000000,0.12920000,0.12930000,41186.00000000,BEAMUSDT
2022-12-13 20:00:00,0.12920000,0.12970000,0.12770000,0.12780000,203387.00000000,BEAMUSDT
2022-12-13 20:15:00,0.12800000,0.12840000,0.12780000,0.12820000,34183.00000000,BEAMUSDT
2022-12-13 20:30:00,0.12820000,0.13020000,0.12780000,0.12870000,131275.00000000,BEAMUSDT
2022-12-13 20:45:00,0.12870000,0.12870000,0.12740000,0.12870000,93909.00000000,BEAMUSDT
2022-12-13 21:00:00,0.12860000,0.12860000,0.12770000,0.12810000,21426.00000000,BEAMUSDT
2022-12-13 21:15:00,0.12830000,0.12850000,0.12730000,0.12760000,57578.00000000,BEAMUSDT
2022-12-13 21:30:00,0.12730000,0.12790000,0.12720000,0.12770000,36745.00000000,BEAMUSDT
2022-12-13 21:45:00,0.12730000,0.12730000,0.12690000,0.12720000,116314.00000000,BEAMUSDT
2022-12-13 22:00:00,0.12710000,0.12770000,0.12700000,0.12770000,27850.00000000,BEAMUSDT
2022-12-13 22:15:00,0.12780000,0.12800000,0.12770000,0.12800000,12643.00000000,BEAMUSDT
2022-12-13 22:30:00,0.12770000,0.12770000,0.12610000,0.12710000,146327.00000000,BEAMUSDT
2022-12-13 22:45:00,0.12660000,0.12680000,0.12640000,0.12650000,13024.00000000,BEAMUSDT
2022-12-13 23:00:00,0.12680000,0.12680000,0.12610000,0.12620000,7625.00000000,BEAMUSDT
2022-12-13 23:15:00,0.12670000,0.12760000,0.12640000,0.12740000,26374.00000000,BEAMUSDT
2022-12-13 23:30:00,0.12740000,0.12850000,0.12700000,0.12810000,41013.00000000,BEAMUSDT
2022-12-13 23:45:00,0.12840000,0.12970000,0.12840000,0.12910000,95054.00000000,BEAMUSDT
2022-12-14 00:00:00,0.12930000,0.13110000,0.12900000,0.13040000,210738.00000000,BEAMUSDT
2022-12-14 00:15:00,0.12990000,0.12990000,0.12780000,0.12900000,92391.00000000,BEAMUSDT
2022-12-14 00:30:00,0.12880000,0.12900000,0.12730000,0.12900000,67839.00000000,BEAMUSDT
2022-12-14 00:45:00,0.12890000,0.13250000,0.12890000,0.13240000,353989.00000000,BEAMUSDT
2022-12-14 01:00:00,0.13190000,0.13190000,0.12970000,0.13000000,89685.00000000,BEAMUSDT
2022-12-14 01:15:00,0.13030000,0.13120000,0.13030000,0.13100000,16205.00000000,BEAMUSDT
2022-12-14 01:30:00,0.13100000,0.13120000,0.13070000,0.13110000,8133.00000000,BEAMUSDT
2022-12-14 01:45:00,0.13110000,0.13110000,0.13060000,0.13090000,13918.00000000,BEAMUSDT
2022-12-14 02:00:00,0.13110000,0.13110000,0.13050000,0.13050000,15229.00000000,BEAMUSDT
2022-12-14 02:15:00,0.13050000,0.13050000,0.12820000,0.12890000,114073.00000000,BEAMUSDT
2022-12-14 02:30:00,0.12880000,0.12990000,0.12880000,0.12990000,13335.00000000,BEAMUSDT
2022-12-14 02:45:00,0.12970000,0.12970000,0.12800000,0.12900000,85287.00000000,BEAMUSDT
2022-12-14 03:00:00,0.12880000,0.13030000,0.12850000,0.13030000,42649.00000000,BEAMUSDT
2022-12-14 03:15:00,0.12990000,0.13030000,0.12960000,0.13000000,23864.00000000,BEAMUSDT
2022-12-14 03:30:00,0.12990000,0.12990000,0.12950000,0.12950000,12861.00000000,BEAMUSDT
2022-12-14 03:45:00,0.12960000,0.13080000,0.12960000,0.13060000,17376.00000000,BEAMUSDT
2022-12-14 04:00:00,0.13030000,0.13060000,0.12920000,0.13060000,60051.00000000,BEAMUSDT
2022-12-14 04:15:00,0.13040000,0.13050000,0.13000000,0.13030000,12402.00000000,BEAMUSDT
2022-12-14 04:30:00,0.13020000,0.13040000,0.13000000,0.13010000,13769.00000000,BEAMUSDT
2022-12-14 04:45:00,0.13000000,0.13010000,0.12940000,0.12980000,52678.00000000,BEAMUSDT
2022-12-14 05:00:00,0.12970000,0.12980000,0.12950000,0.12970000,7236.00000000,BEAMUSDT
2022-12-14 05:15:00,0.12980000,0.13030000,0.12980000,0.13030000,12887.00000000,BEAMUSDT
2022-12-14 05:30:00,0.13000000,0.13030000,0.12960000,0.12960000,21832.00000000,BEAMUSDT
2022-12-14 05:45:00,0.13000000,0.13060000,0.12970000,0.12970000,61899.00000000,BEAMUSDT
2022-12-14 06:00:00,0.12970000,0.13020000,0.12960000,0.12990000,26915.00000000,BEAMUSDT
2022-12-14 06:15:00,0.13000000,0.13140000,0.13000000,0.13090000,77778.00000000,BEAMUSDT
2022-12-14 06:30:00,0.13040000,0.13070000,0.13010000,0.13010000,11861.00000000,BEAMUSDT
2022-12-14 06:45:00,0.13050000,0.13180000,0.13020000,0.13080000,74708.00000000,BEAMUSDT
2022-12-14 07:00:00,0.13090000,0.13090000,0.13040000,0.13080000,49910.00000000,BEAMUSDT
2022-12-14 07:15:00,0.13080000,0.13200000,0.13020000,0.13070000,75864.00000000,BEAMUSDT
2022-12-14 07:30:00,0.13080000,0.13200000,0.13080000,0.13100000,61334.00000000,BEAMUSDT
2022-12-14 07:45:00,0.13100000,0.13180000,0.13080000,0.13100000,31299.00000000,BEAMUSDT
2022-12-14 08:00:00,0.13130000,0.13300000,0.13130000,0.13180000,189024.00000000,BEAMUSDT
2022-12-14 08:15:00,0.13190000,0.13280000,0.13150000,0.13200000,150224.00000000,BEAMUSDT
2022-12-14 08:30:00,0.13200000,0.13210000,0.13040000,0.13040000,127515.00000000,BEAMUSDT
2022-12-14 08:45:00,0.13040000,0.13280000,0.13040000,0.13220000,64005.00000000,BEAMUSDT
2022-12-14 09:00:00,0.13180000,0.13290000,0.13060000,0.13270000,228333.00000000,BEAMUSDT
2022-12-14 09:15:00,0.13260000,0.13880000,0.13260000,0.13400000,1251588.00000000,BEAMUSDT
2022-12-14 09:30:00,0.13360000,0.13400000,0.12880000,0.13240000,1309630.00000000,BEAMUSDT
2022-12-14 09:45:00,0.13200000,0.13240000,0.12790000,0.12870000,836269.00000000,BEAMUSDT
2022-12-14 10:00:00,0.12870000,0.13100000,0.12870000,0.12980000,170190.00000000,BEAMUSDT
2022-12-14 10:15:00,0.13000000,0.13040000,0.12880000,0.13040000,223767.00000000,BEAMUSDT
2022-12-14 10:30:00,0.13040000,0.13040000,0.12940000,0.12950000,27384.00000000,BEAMUSDT
2022-12-14 10:45:00,0.12950000,0.12960000,0.12740000,0.12750000,367494.00000000,BEAMUSDT
2022-12-14 11:00:00,0.12770000,0.12840000,0.12750000,0.12830000,91204.00000000,BEAMUSDT
2022-12-14 11:15:00,0.12820000,0.12830000,0.12530000,0.12830000,541546.00000000,BEAMUSDT
2022-12-14 11:30:00,0.12820000,0.12910000,0.12660000,0.12710000,118320.00000000,BEAMUSDT
2022-12-14 11:45:00,0.12710000,0.12770000,0.12520000,0.12620000,250996.00000000,BEAMUSDT
2022-12-14 12:00:00,0.12630000,0.12760000,0.12590000,0.12630000,179839.00000000,BEAMUSDT
2022-12-14 12:15:00,0.12670000,0.12750000,0.12650000,0.12730000,65099.00000000,BEAMUSDT
2022-12-14 12:30:00,0.12720000,0.12720000,0.12580000,0.12680000,110189.00000000,BEAMUSDT
2022-12-14 12:45:00,0.12670000,0.12860000,0.12590000,0.12700000,161969.00000000,BEAMUSDT
2022-12-14 13:00:00,0.12730000,0.12820000,0.12640000,0.12660000,54373.00000000,BEAMUSDT
2022-12-14 13:15:00,0.12660000,0.12750000,0.12630000,0.12750000,58428.00000000,BEAMUSDT
2022-12-14 13:30:00,0.12750000,0.12760000,0.12600000,0.12630000,83561.00000000,BEAMUSDT
2022-12-14 13:45:00,0.12630000,0.12630000,0.12500000,0.12610000,171529.00000000,BEAMUSDT
2022-12-14 14:00:00,0.12620000,0.12640000,0.12590000,0.12600000,36770.00000000,BEAMUSDT
2022-12-14 14:15:00,0.12620000,0.12730000,0.12610000,0.12700000,77990.00000000,BEAMUSDT
2022-12-14 14:30:00,0.12700000,0.12920000,0.12700000,0.12860000,200444.00000000,BEAMUSDT
2022-12-14 14:45:00,0.12860000,0.12940000,0.12770000,0.12890000,187503.00000000,BEAMUSDT
2022-12-14 15:00:00,0.12890000,0.13140000,0.12650000,0.12790000,554322.00000000,BEAMUSDT
2022-12-14 15:15:00,0.12790000,0.12980000,0.12790000,0.12920000,101094.00000000,BEAMUSDT
2022-12-14 15:30:00,0.12910000,0.12920000,0.12870000,0.12880000,39099.00000000,BEAMUSDT
2022-12-14 15:45:00,0.12870000,0.12940000,0.12860000,0.12940000,27922.00000000,BEAMUSDT
2022-12-14 16:00:00,0.12910000,0.13070000,0.12830000,0.12840000,157031.00000000,BEAMUSDT
2022-12-14 16:15:00,0.12840000,0.12840000,0.12610000,0.12750000,225567.00000000,BEAMUSDT
2022-12-14 16:30:00,0.12750000,0.12930000,0.12730000,0.12740000,99274.00000000,BEAMUSDT
2022-12-14 16:45:00,0.12740000,0.12740000,0.12570000,0.12590000,357899.00000000,BEAMUSDT
2022-12-14 17:00:00,0.12630000,0.12710000,0.12570000,0.12600000,88037.00000000,BEAMUSDT
2022-12-14 17:15:00,0.12600000,0.12660000,0.12590000,0.12660000,21849.00000000,BEAMUSDT
2022-12-14 17:30:00,0.12650000,0.12680000,0.12650000,0.12660000,8770.00000000,BEAMUSDT
2022-12-14 17:45:00,0.12660000,0.12660000,0.12620000,0.12630000,24403.00000000,BEAMUSDT
2022-12-14 18:00:00,0.12620000,0.12730000,0.12570000,0.12630000,82954.00000000,BEAMUSDT
2022-12-14 18:15:00,0.12630000,0.12710000,0.12520000,0.12530000,197985.00000000,BEAMUSDT
2022-12-14 18:30:00,0.12540000,0.12580000,0.12520000,0.12550000,58805.00000000,BEAMUSDT
2022-12-14 18:45:00,0.12560000,0.12630000,0.12290000,0.12370000,397937.00000000,BEAMUSDT
2022-12-14 19:00:00,0.12360000,0.12450000,0.11860000,0.12160000,1147797.00000000,BEAMUSDT
2022-12-14 19:15:00,0.12170000,0.12620000,0.12030000,0.12120000,272687.00000000,BEAMUSDT
2022-12-14 19:30:00,0.12120000,0.12330000,0.12020000,0.12270000,236137.00000000,BEAMUSDT
2022-12-14 19:45:00,0.12270000,0.12370000,0.12270000,0.12310000,108398.00000000,BEAMUSDT
2022-12-14 20:00:00,0.12310000,0.12390000,0.12300000,0.12390000,72541.00000000,BEAMUSDT
2022-12-14 20:15:00,0.12390000,0.12400000,0.12310000,0.12310000,78402.00000000,BEAMUSDT
2022-12-14 20:30:00,0.12300000,0.12300000,0.12110000,0.12220000,110488.00000000,BEAMUSDT
2022-12-14 20:45:00,0.12240000,0.12300000,0.12220000,0.12280000,43016.00000000,BEAMUSDT
2022-12-14 21:00:00,0.12280000,0.12300000,0.12230000,0.12280000,85754.00000000,BEAMUSDT
2022-12-14 21:15:00,0.12280000,0.12350000,0.12240000,0.12350000,45936.00000000,BEAMUSDT
2022-12-14 21:30:00,0.12350000,0.12370000,0.12230000,0.12350000,54585.00000000,BEAMUSDT
2022-12-14 21:45:00,0.12320000,0.12370000,0.12290000,0.12370000,50922.00000000,BEAMUSDT
2022-12-14 22:00:00,0.12340000,0.12340000,0.12320000,0.12340000,9265.00000000,BEAMUSDT
2022-12-14 22:15:00,0.12330000,0.12390000,0.12330000,0.12330000,96634.00000000,BEAMUSDT
2022-12-14 22:30:00,0.12350000,0.12420000,0.12330000,0.12380000,36439.00000000,BEAMUSDT
2022-12-14 22:45:00,0.12360000,0.12400000,0.12360000,0.12380000,3566.00000000,BEAMUSDT
2022-12-14 23:00:00,0.12370000,0.12370000,0.12360000,0.12360000,1263.00000000,BEAMUSDT
2022-12-14 23:15:00,0.12370000,0.12370000,0.12320000,0.12360000,5530.00000000,BEAMUSDT
2022-12-14 23:30:00,0.12340000,0.12410000,0.12310000,0.12310000,33737.00000000,BEAMUSDT
2022-12-14 23:45:00,0.12320000,0.12350000,0.12310000,0.12320000,3391.00000000,BEAMUSDT
2022-12-15 00:00:00,0.12320000,0.12320000,0.12190000,0.12230000,68586.00000000,BEAMUSDT
2022-12-15 00:15:00,0.12230000,0.12290000,0.12230000,0.12290000,24793.00000000,BEAMUSDT
2022-12-15 00:30:00,0.12290000,0.12290000,0.12250000,0.12270000,3671.00000000,BEAMUSDT
2022-12-15 00:45:00,0.12260000,0.12270000,0.12240000,0.12240000,36505.00000000,BEAMUSDT
2022-12-15 01:00:00,0.12240000,0.12260000,0.12240000,0.12260000,6000.00000000,BEAMUSDT
2022-12-15 01:15:00,0.12260000,0.12310000,0.12250000,0.12310000,18969.00000000,BEAMUSDT
2022-12-15 01:30:00,0.12310000,0.12360000,0.12260000,0.12300000,62060.00000000,BEAMUSDT
2022-12-15 01:45:00,0.12280000,0.12280000,0.12240000,0.12240000,24966.00000000,BEAMUSDT
2022-12-15 02:00:00,0.12240000,0.12290000,0.12230000,0.12280000,63200.00000000,BEAMUSDT
2022-12-15 02:15:00,0.12280000,0.12280000,0.12260000,0.12270000,7510.00000000,BEAMUSDT
2022-12-15 02:30:00,0.12270000,0.12300000,0.12240000,0.12240000,21920.00000000,BEAMUSDT
2022-12-15 02:45:00,0.12250000,0.12260000,0.12230000,0.12260000,41268.00000000,BEAMUSDT
2022-12-15 03:00:00,0.12250000,0.12320000,0.12250000,0.12270000,10612.00000000,BEAMUSDT
2022-12-15 03:15:00,0.12310000,0.12350000,0.12300000,0.12300000,27251.00000000,BEAMUSDT
2022-12-15 03:30:00,0.12300000,0.12310000,0.12270000,0.12290000,11781.00000000,BEAMUSDT
2022-12-15 03:45:00,0.12290000,0.12290000,0.12280000,0.12290000,1282.00000000,BEAMUSDT
2022-12-15 04:00:00,0.12280000,0.12280000,0.12200000,0.12230000,111423.00000000,BEAMUSDT
2022-12-15 04:15:00,0.12230000,0.12230000,0.12170000,0.12220000,41494.00000000,BEAMUSDT
2022-12-15 04:30:00,0.12210000,0.12390000,0.12120000,0.12190000,156933.00000000,BEAMUSDT
2022-12-15 04:45:00,0.12170000,0.12270000,0.12140000,0.12220000,84560.00000000,BEAMUSDT
2022-12-15 05:00:00,0.12180000,0.12280000,0.12150000,0.12190000,117707.00000000,BEAMUSDT
2022-12-15 05:15:00,0.12190000,0.12220000,0.12130000,0.12150000,31177.00000000,BEAMUSDT
2022-12-15 05:30:00,0.12180000,0.12200000,0.12140000,0.12170000,31438.00000000,BEAMUSDT
2022-12-15 05:45:00,0.12170000,0.12180000,0.12170000,0.12180000,5002.00000000,BEAMUSDT
2022-12-15 06:00:00,0.12180000,0.12200000,0.12130000,0.12170000,78735.00000000,BEAMUSDT
2022-12-15 06:15:00,0.12190000,0.12280000,0.12170000,0.12220000,93879.00000000,BEAMUSDT
2022-12-15 06:30:00,0.12210000,0.12260000,0.12180000,0.12260000,14018.00000000,BEAMUSDT
2022-12-15 06:45:00,0.12270000,0.12290000,0.12220000,0.12240000,70326.00000000,BEAMUSDT
2022-12-15 07:00:00,0.12250000,0.12270000,0.12200000,0.12250000,112530.00000000,BEAMUSDT
2022-12-15 07:15:00,0.12250000,0.12250000,0.12210000,0.12250000,11248.00000000,BEAMUSDT
2022-12-15 07:30:00,0.12220000,0.12260000,0.12210000,0.12220000,17944.00000000,BEAMUSDT
2022-12-15 07:45:00,0.12220000,0.12250000,0.12220000,0.12250000,1275.00000000,BEAMUSDT
2022-12-15 08:00:00,0.12220000,0.12360000,0.12110000,0.12280000,175077.00000000,BEAMUSDT
2022-12-15 08:15:00,0.12280000,0.12280000,0.12190000,0.12230000,65715.00000000,BEAMUSDT
2022-12-15 08:30:00,0.12220000,0.12230000,0.12130000,0.12130000,75549.00000000,BEAMUSDT
2022-12-15 08:45:00,0.12130000,0.12160000,0.12120000,0.12160000,9579.00000000,BEAMUSDT
2022-12-15 09:00:00,0.12160000,0.12170000,0.12090000,0.12170000,120031.00000000,BEAMUSDT
2022-12-15 09:15:00,0.12170000,0.12170000,0.12000000,0.12020000,168287.00000000,BEAMUSDT
2022-12-15 09:30:00,0.12040000,0.12050000,0.11940000,0.12000000,265353.00000000,BEAMUSDT
2022-12-15 09:45:00,0.12020000,0.12190000,0.12000000,0.12120000,123624.00000000,BEAMUSDT
2022-12-15 10:00:00,0.12110000,0.12110000,0.12010000,0.12050000,62945.00000000,BEAMUSDT
2022-12-15 10:15:00,0.12050000,0.12070000,0.12010000,0.12070000,17803.00000000,BEAMUSDT
2022-12-15 10:30:00,0.12070000,0.12090000,0.12040000,0.12050000,22307.00000000,BEAMUSDT
2022-12-15 10:45:00,0.12080000,0.12220000,0.12080000,0.12140000,68183.00000000,BEAMUSDT
2022-12-15 11:00:00,0.12130000,0.12170000,0.12040000,0.12040000,66561.00000000,BEAMUSDT
2022-12-15 11:15:00,0.12040000,0.12120000,0.12040000,0.12110000,22268.00000000,BEAMUSDT
2022-12-15 11:30:00,0.12080000,0.12390000,0.12080000,0.12140000,121098.00000000,BEAMUSDT
2022-12-15 11:45:00,0.12190000,0.12190000,0.12090000,0.12190000,105816.00000000,BEAMUSDT
2022-12-15 12:00:00,0.12190000,0.12540000,0.12190000,0.12470000,447417.00000000,BEAMUSDT
2022-12-15 12:15:00,0.12510000,0.12570000,0.12310000,0.12410000,167083.00000000,BEAMUSDT
2022-12-15 12:30:00,0.12410000,0.12590000,0.12110000,0.12420000,597552.00000000,BEAMUSDT
2022-12-15 12:45:00,0.12370000,0.12480000,0.12110000,0.12220000,358227.00000000,BEAMUSDT
2022-12-15 13:00:00,0.12220000,0.12380000,0.12220000,0.12230000,149859.00000000,BEAMUSDT
2022-12-15 13:15:00,0.12240000,0.12240000,0.12120000,0.12200000,89277.00000000,BEAMUSDT
2022-12-15 13:30:00,0.12200000,0.12210000,0.12170000,0.12170000,66523.00000000,BEAMUSDT
2022-12-15 13:45:00,0.12170000,0.12180000,0.12120000,0.12170000,18381.00000000,BEAMUSDT
2022-12-15 14:00:00,0.12170000,0.12320000,0.12090000,0.12220000,168042.00000000,BEAMUSDT
2022-12-15 14:15:00,0.12230000,0.12320000,0.12160000,0.12280000,126667.00000000,BEAMUSDT
2022-12-15 14:30:00,0.12260000,0.12260000,0.12030000,0.12160000,256633.00000000,BEAMUSDT
2022-12-15 14:45:00,0.12150000,0.12160000,0.12090000,0.12110000,18589.00000000,BEAMUSDT
2022-12-15 15:00:00,0.12110000,0.12160000,0.12110000,0.12140000,40524.00000000,BEAMUSDT
2022-12-15 15:15:00,0.12130000,0.12180000,0.12020000,0.12110000,74662.00000000,BEAMUSDT
2022-12-15 15:30:00,0.12100000,0.12160000,0.12100000,0.12150000,13332.00000000,BEAMUSDT
2022-12-15 15:45:00,0.12140000,0.12160000,0.12110000,0.12110000,29176.00000000,BEAMUSDT
2022-12-15 16:00:00,0.12110000,0.12210000,0.12110000,0.12170000,27138.00000000,BEAMUSDT
2022-12-15 16:15:00,0.12170000,0.12170000,0.12010000,0.12070000,103081.00000000,BEAMUSDT
2022-12-15 16:30:00,0.12070000,0.12070000,0.12010000,0.12070000,69523.00000000,BEAMUSDT
2022-12-15 16:45:00,0.12050000,0.12070000,0.12000000,0.12020000,71436.00000000,BEAMUSDT
2022-12-15 17:00:00,0.12010000,0.12190000,0.12010000,0.12130000,58007.00000000,BEAMUSDT
2022-12-15 17:15:00,0.12120000,0.12430000,0.12100000,0.12370000,218797.00000000,BEAMUSDT
2022-12-15 17:30:00,0.12370000,0.12500000,0.12320000,0.12450000,250421.00000000,BEAMUSDT
2022-12-15 17:45:00,0.12430000,0.12430000,0.12190000,0.12290000,128976.00000000,BEAMUSDT
2022-12-15 18:00:00,0.12260000,0.12290000,0.12050000,0.12130000,182086.00000000,BEAMUSDT
2022-12-15 18:15:00,0.12100000,0.12100000,0.11920000,0.12040000,171898.00000000,BEAMUSDT
2022-12-15 18:30:00,0.12040000,0.12040000,0.11910000,0.12000000,36368.00000000,BEAMUSDT
2022-12-15 18:45:00,0.12000000,0.12080000,0.11960000,0.12080000,29112.00000000,BEAMUSDT
2022-12-15 19:00:00,0.12090000,0.12090000,0.11980000,0.12000000,30642.00000000,BEAMUSDT
2022-12-15 19:15:00,0.12000000,0.12100000,0.11980000,0.12100000,31380.00000000,BEAMUSDT
2022-12-15 19:30:00,0.12110000,0.12180000,0.12110000,0.12170000,9397.00000000,BEAMUSDT
2022-12-15 19:45:00,0.12140000,0.12320000,0.12130000,0.12210000,49999.00000000,BEAMUSDT
2022-12-15 20:00:00,0.12220000,0.12220000,0.12130000,0.12130000,26636.00000000,BEAMUSDT
2022-12-15 20:15:00,0.12140000,0.12150000,0.12110000,0.12110000,8762.00000000,BEAMUSDT
2022-12-15 20:30:00,0.12100000,0.12110000,0.12050000,0.12060000,31627.00000000,BEAMUSDT
2022-12-15 20:45:00,0.12070000,0.12220000,0.12050000,0.12100000,42579.00000000,BEAMUSDT
2022-12-15 21:00:00,0.12100000,0.12120000,0.12080000,0.12080000,8029.00000000,BEAMUSDT
2022-12-15 21:15:00,0.12080000,0.12140000,0.12080000,0.12130000,9604.00000000,BEAMUSDT
2022-12-15 21:30:00,0.12140000,0.12230000,0.12090000,0.12090000,29314.00000000,BEAMUSDT
2022-12-15 21:45:00,0.12090000,0.12200000,0.12090000,0.12090000,45970.00000000,BEAMUSDT
2022-12-15 22:00:00,0.12090000,0.12190000,0.12080000,0.12190000,86726.00000000,BEAMUSDT
2022-12-15 22:15:00,0.12190000,0.12250000,0.12110000,0.12190000,35073.00000000,BEAMUSDT
2022-12-15 22:30:00,0.12240000,0.12310000,0.12130000,0.12160000,89712.00000000,BEAMUSDT
2022-12-15 22:45:00,0.12140000,0.12140000,0.12050000,0.12060000,39876.00000000,BEAMUSDT
2022-12-15 23:00:00,0.12080000,0.12080000,0.12000000,0.12040000,136654.00000000,BEAMUSDT
2022-12-15 23:15:00,0.12030000,0.12050000,0.12020000,0.12040000,15450.00000000,BEAMUSDT
2022-12-15 23:30:00,0.12030000,0.12080000,0.12030000,0.12080000,8435.00000000,BEAMUSDT
2022-12-15 23:45:00,0.12080000,0.12080000,0.11980000,0.12030000,152031.00000000,BEAMUSDT
2022-12-16 00:00:00,0.12030000,0.12050000,0.12030000,0.12040000,889.00000000,BEAMUSDT
2022-12-16 00:15:00,0.12050000,0.12070000,0.12030000,0.12040000,18107.00000000,BEAMUSDT
2022-12-16 00:30:00,0.12030000,0.12080000,0.12030000,0.12080000,14418.00000000,BEAMUSDT
2022-12-16 00:45:00,0.12080000,0.12120000,0.12070000,0.12110000,8423.00000000,BEAMUSDT
2022-12-16 01:00:00,0.12090000,0.12110000,0.12090000,0.12110000,16319.00000000,BEAMUSDT
2022-12-16 01:15:00,0.12110000,0.12110000,0.12030000,0.12030000,63590.00000000,BEAMUSDT
2022-12-16 01:30:00,0.12060000,0.12220000,0.12040000,0.12220000,43218.00000000,BEAMUSDT
2022-12-16 01:45:00,0.12210000,0.12330000,0.12050000,0.12250000,148991.00000000,BEAMUSDT
2022-12-16 02:00:00,0.12250000,0.12300000,0.11930000,0.12060000,207739.00000000,BEAMUSDT
2022-12-16 02:15:00,0.12060000,0.12110000,0.12050000,0.12110000,35580.00000000,BEAMUSDT
2022-12-16 02:30:00,0.12080000,0.12100000,0.12080000,0.12100000,2220.00000000,BEAMUSDT
2022-12-16 02:45:00,0.12100000,0.12100000,0.12100000,0.12100000,0.00000000,BEAMUSDT
2022-12-16 03:00:00,0.12100000,0.12140000,0.12080000,0.12120000,35338.00000000,BEAMUSDT
2022-12-16 03:15:00,0.12130000,0.12130000,0.12100000,0.12110000,8887.00000000,BEAMUSDT
2022-12-16 03:30:00,0.12110000,0.12110000,0.12100000,0.12100000,10146.00000000,BEAMUSDT
2022-12-16 03:45:00,0.12120000,0.12120000,0.12100000,0.12120000,3739.00000000,BEAMUSDT
2022-12-16 04:00:00,0.12110000,0.12110000,0.12070000,0.12070000,9357.00000000,BEAMUSDT
2022-12-16 04:15:00,0.12110000,0.12110000,0.12040000,0.12100000,9807.00000000,BEAMUSDT
2022-12-16 04:30:00,0.12090000,0.12090000,0.12050000,0.12050000,3411.00000000,BEAMUSDT
2022-12-16 04:45:00,0.12090000,0.12130000,0.12090000,0.12120000,11760.00000000,BEAMUSDT
2022-12-16 05:00:00,0.12090000,0.12130000,0.12080000,0.12080000,3502.00000000,BEAMUSDT
2022-12-16 05:15:00,0.12100000,0.12190000,0.12100000,0.12140000,29868.00000000,BEAMUSDT
2022-12-16 05:30:00,0.12110000,0.12110000,0.12110000,0.12110000,291.00000000,BEAMUSDT
2022-12-16 05:45:00,0.12110000,0.12110000,0.12090000,0.12100000,3078.00000000,BEAMUSDT
2022-12-16 06:00:00,0.12090000,0.12110000,0.12080000,0.12100000,3401.00000000,BEAMUSDT
2022-12-16 06:15:00,0.12100000,0.12100000,0.12030000,0.12030000,40781.00000000,BEAMUSDT
2022-12-16 06:30:00,0.12030000,0.12930000,0.12030000,0.12740000,1447425.00000000,BEAMUSDT
2022-12-16 06:45:00,0.12740000,0.12790000,0.12510000,0.12590000,196826.00000000,BEAMUSDT
2022-12-16 07:00:00,0.12590000,0.12610000,0.12400000,0.12540000,204481.00000000,BEAMUSDT
2022-12-16 07:15:00,0.12550000,0.12700000,0.12380000,0.12510000,279602.00000000,BEAMUSDT
2022-12-16 07:30:00,0.12480000,0.12510000,0.12360000,0.12440000,100237.00000000,BEAMUSDT
2022-12-16 07:45:00,0.12420000,0.12490000,0.12350000,0.12470000,24277.00000000,BEAMUSDT
2022-12-16 08:00:00,0.12470000,0.12650000,0.12430000,0.12550000,48223.00000000,BEAMUSDT
2022-12-16 08:15:00,0.12550000,0.12550000,0.12490000,0.12500000,91573.00000000,BEAMUSDT
2022-12-16 08:30:00,0.12540000,0.12890000,0.12540000,0.12870000,696568.00000000,BEAMUSDT
2022-12-16 08:45:00,0.12850000,0.13040000,0.12540000,0.12570000,723024.00000000,BEAMUSDT
2022-12-16 09:00:00,0.12590000,0.12590000,0.12220000,0.12390000,387573.00000000,BEAMUSDT
2022-12-16 09:15:00,0.12340000,0.12400000,0.12270000,0.12400000,105363.00000000,BEAMUSDT
2022-12-16 09:30:00,0.12400000,0.12400000,0.12230000,0.12290000,166086.00000000,BEAMUSDT
2022-12-16 09:45:00,0.12260000,0.12400000,0.12200000,0.12380000,89729.00000000,BEAMUSDT
2022-12-16 10:00:00,0.12380000,0.12380000,0.12210000,0.12230000,94867.00000000,BEAMUSDT
2022-12-16 10:15:00,0.12210000,0.12250000,0.12180000,0.12190000,97239.00000000,BEAMUSDT
2022-12-16 10:30:00,0.12180000,0.12420000,0.12180000,0.12420000,157088.00000000,BEAMUSDT
2022-12-16 10:45:00,0.12410000,0.12470000,0.12210000,0.12390000,132942.00000000,BEAMUSDT
2022-12-16 11:00:00,0.12410000,0.12580000,0.12340000,0.12530000,184055.00000000,BEAMUSDT
2022-12-16 11:15:00,0.12570000,0.12660000,0.12350000,0.12490000,305049.00000000,BEAMUSDT
2022-12-16 11:30:00,0.12500000,0.12670000,0.12420000,0.12450000,274928.00000000,BEAMUSDT
2022-12-16 11:45:00,0.12440000,0.12790000,0.12440000,0.12780000,276673.00000000,BEAMUSDT
2022-12-16 12:00:00,0.12780000,0.12990000,0.12380000,0.12550000,846904.00000000,BEAMUSDT
2022-12-16 12:15:00,0.12560000,0.12650000,0.12300000,0.12500000,433873.00000000,BEAMUSDT
2022-12-16 12:30:00,0.12460000,0.12500000,0.12300000,0.12350000,149380.00000000,BEAMUSDT
2022-12-16 12:45:00,0.12350000,0.12390000,0.12340000,0.12390000,31137.00000000,BEAMUSDT
2022-12-16 13:00:00,0.12400000,0.12420000,0.12310000,0.12410000,60532.00000000,BEAMUSDT
2022-12-16 13:15:00,0.12420000,0.12470000,0.12390000,0.12470000,32216.00000000,BEAMUSDT
2022-12-16 13:30:00,0.12460000,0.12460000,0.12320000,0.12340000,49703.00000000,BEAMUSDT
2022-12-16 13:45:00,0.12380000,0.12410000,0.12340000,0.12360000,22915.00000000,BEAMUSDT
2022-12-16 14:00:00,0.12360000,0.12360000,0.12200000,0.12200000,169250.00000000,BEAMUSDT
2022-12-16 14:15:00,0.12210000,0.12410000,0.12210000,0.12350000,72019.00000000,BEAMUSDT
2022-12-16 14:30:00,0.12350000,0.12350000,0.12210000,0.12310000,71220.00000000,BEAMUSDT
2022-12-16 14:45:00,0.12340000,0.12390000,0.12260000,0.12290000,152541.00000000,BEAMUSDT
2022-12-16 15:00:00,0.12290000,0.12440000,0.12260000,0.12410000,64952.00000000,BEAMUSDT
2022-12-16 15:15:00,0.12400000,0.12630000,0.12300000,0.12470000,343308.00000000,BEAMUSDT
2022-12-16 15:30:00,0.12470000,0.12700000,0.12470000,0.12490000,417498.00000000,BEAMUSDT
2022-12-16 15:45:00,0.12480000,0.12820000,0.12460000,0.12710000,308793.00000000,BEAMUSDT
2022-12-16 16:00:00,0.12760000,0.12780000,0.12390000,0.12400000,659530.00000000,BEAMUSDT
2022-12-16 16:15:00,0.12430000,0.12600000,0.12420000,0.12600000,175136.00000000,BEAMUSDT
2022-12-16 16:30:00,0.12600000,0.12650000,0.12460000,0.12460000,130832.00000000,BEAMUSDT
2022-12-16 16:45:00,0.12470000,0.12600000,0.12450000,0.12600000,134055.00000000,BEAMUSDT
2022-12-16 17:00:00,0.12590000,0.13380000,0.12590000,0.13140000,2066876.00000000,BEAMUSDT
2022-12-16 17:15:00,0.13140000,0.13140000,0.12740000,0.12890000,645607.00000000,BEAMUSDT
2022-12-16 17:30:00,0.12880000,0.12890000,0.12650000,0.12760000,236147.00000000,BEAMUSDT
2022-12-16 17:45:00,0.12750000,0.13180000,0.12700000,0.13010000,470711.00000000,BEAMUSDT
2022-12-16 18:00:00,0.13010000,0.13320000,0.12790000,0.12910000,1004193.00000000,BEAMUSDT
2022-12-16 18:15:00,0.12910000,0.13190000,0.12820000,0.12900000,441626.00000000,BEAMUSDT
2022-12-16 18:30:00,0.12900000,0.13180000,0.12860000,0.13010000,742651.00000000,BEAMUSDT
2022-12-16 18:45:00,0.12980000,0.13370000,0.12890000,0.13110000,895995.00000000,BEAMUSDT
2022-12-16 19:00:00,0.13150000,0.13190000,0.12910000,0.12990000,394952.00000000,BEAMUSDT
2022-12-16 19:15:00,0.12980000,0.13000000,0.12800000,0.12850000,391420.00000000,BEAMUSDT
2022-12-16 19:30:00,0.12890000,0.12930000,0.12840000,0.12910000,75370.00000000,BEAMUSDT
2022-12-16 19:45:00,0.12870000,0.13000000,0.12830000,0.12900000,92459.00000000,BEAMUSDT
2022-12-16 20:00:00,0.12900000,0.13100000,0.12890000,0.12980000,205491.00000000,BEAMUSDT
2022-12-16 20:15:00,0.12990000,0.13040000,0.12800000,0.12860000,217915.00000000,BEAMUSDT
2022-12-16 20:30:00,0.12860000,0.12900000,0.12800000,0.12800000,69817.00000000,BEAMUSDT
2022-12-16 20:45:00,0.12800000,0.12820000,0.12670000,0.12670000,109536.00000000,BEAMUSDT
2022-12-16 21:00:00,0.12670000,0.12800000,0.12670000,0.12790000,51554.00000000,BEAMUSDT
2022-12-16 21:15:00,0.12790000,0.12810000,0.12760000,0.12800000,53172.00000000,BEAMUSDT
2022-12-16 21:30:00,0.12780000,0.12780000,0.12550000,0.12550000,95715.00000000,BEAMUSDT
2022-12-16 21:45:00,0.12560000,0.12810000,0.12550000,0.12800000,110830.00000000,BEAMUSDT
2022-12-16 22:00:00,0.12800000,0.12800000,0.12680000,0.12690000,12846.00000000,BEAMUSDT
2022-12-16 22:15:00,0.12730000,0.12800000,0.12730000,0.12760000,36311.00000000,BEAMUSDT
2022-12-16 22:30:00,0.12770000,0.12810000,0.12460000,0.12490000,166145.00000000,BEAMUSDT
2022-12-16 22:45:00,0.12480000,0.12490000,0.12330000,0.12390000,106013.00000000,BEAMUSDT
2022-12-16 23:00:00,0.12360000,0.12410000,0.12210000,0.12210000,223304.00000000,BEAMUSDT
2022-12-16 23:15:00,0.12210000,0.12210000,0.12050000,0.12060000,250711.00000000,BEAMUSDT
2022-12-16 23:30:00,0.12060000,0.12060000,0.11630000,0.11880000,661203.00000000,BEAMUSDT
2022-12-16 23:45:00,0.11870000,0.11940000,0.11610000,0.11790000,196198.00000000,BEAMUSDT
2022-12-17 00:00:00,0.11810000,0.11810000,0.11760000,0.11780000,34013.00000000,BEAMUSDT
2022-12-17 00:15:00,0.11770000,0.11780000,0.11650000,0.11680000,104883.00000000,BEAMUSDT
2022-12-17 00:30:00,0.11680000,0.11740000,0.11600000,0.11640000,228411.00000000,BEAMUSDT
2022-12-17 00:45:00,0.11640000,0.11760000,0.11640000,0.11700000,119728.00000000,BEAMUSDT
2022-12-17 01:00:00,0.11730000,0.11750000,0.11650000,0.11690000,108661.00000000,BEAMUSDT
2022-12-17 01:15:00,0.11670000,0.11730000,0.11670000,0.11690000,49952.00000000,BEAMUSDT
2022-12-17 01:30:00,0.11700000,0.11800000,0.11680000,0.11770000,83842.00000000,BEAMUSDT
2022-12-17 01:45:00,0.11760000,0.11760000,0.11660000,0.11680000,25975.00000000,BEAMUSDT
2022-12-17 02:00:00,0.11680000,0.11680000,0.11600000,0.11600000,173587.00000000,BEAMUSDT
2022-12-17 02:15:00,0.11600000,0.11620000,0.11570000,0.11600000,165926.00000000,BEAMUSDT
2022-12-17 02:30:00,0.11600000,0.11800000,0.11590000,0.11760000,134456.00000000,BEAMUSDT
2022-12-17 02:45:00,0.11780000,0.12120000,0.11760000,0.12120000,270485.00000000,BEAMUSDT
2022-12-17 03:00:00,0.12120000,0.12250000,0.11910000,0.11960000,337148.00000000,BEAMUSDT
2022-12-17 03:15:00,0.11960000,0.11960000,0.11740000,0.11930000,235593.00000000,BEAMUSDT
2022-12-17 03:30:00,0.11940000,0.11990000,0.11860000,0.11940000,35021.00000000,BEAMUSDT
2022-12-17 03:45:00,0.11940000,0.12180000,0.11920000,0.12100000,82459.00000000,BEAMUSDT
2022-12-17 04:00:00,0.12100000,0.12180000,0.12050000,0.12160000,94322.00000000,BEAMUSDT
2022-12-17 04:15:00,0.12170000,0.12310000,0.12160000,0.12220000,169004.00000000,BEAMUSDT
2022-12-17 04:30:00,0.12220000,0.12230000,0.11920000,0.11980000,184774.00000000,BEAMUSDT
2022-12-17 04:45:00,0.11970000,0.11980000,0.11950000,0.11960000,49354.00000000,BEAMUSDT
2022-12-17 05:00:00,0.11960000,0.11980000,0.11950000,0.11970000,14267.00000000,BEAMUSDT
2022-12-17 05:15:00,0.11970000,0.12500000,0.11930000,0.12180000,236571.00000000,BEAMUSDT
2022-12-17 05:30:00,0.12190000,0.12860000,0.12160000,0.12840000,578465.00000000,BEAMUSDT
2022-12-17 05:45:00,0.12840000,0.13100000,0.12500000,0.12950000,980403.00000000,BEAMUSDT
2022-12-17 06:00:00,0.12950000,0.13020000,0.12550000,0.12700000,383012.00000000,BEAMUSDT
2022-12-17 06:15:00,0.12710000,0.12710000,0.12430000,0.12680000,160091.00000000,BEAMUSDT
2022-12-17 06:30:00,0.12650000,0.12670000,0.12230000,0.12250000,366283.00000000,BEAMUSDT
2022-12-17 06:45:00,0.12250000,0.12480000,0.12230000,0.12410000,193488.00000000,BEAMUSDT
2022-12-17 07:00:00,0.12410000,0.12480000,0.12340000,0.12360000,85196.00000000,BEAMUSDT
2022-12-17 07:15:00,0.12370000,0.12490000,0.12370000,0.12470000,62667.00000000,BEAMUSDT
2022-12-17 07:30:00,0.12470000,0.12480000,0.12220000,0.12390000,190168.00000000,BEAMUSDT
2022-12-17 07:45:00,0.12390000,0.12640000,0.12380000,0.12580000,265818.00000000,BEAMUSDT
2022-12-17 08:00:00,0.12580000,0.12660000,0.12410000,0.12470000,127263.00000000,BEAMUSDT
2022-12-17 08:15:00,0.12480000,0.12480000,0.12290000,0.12350000,140394.00000000,BEAMUSDT
2022-12-17 08:30:00,0.12390000,0.12480000,0.12380000,0.12380000,41088.00000000,BEAMUSDT
2022-12-17 08:45:00,0.12400000,0.12400000,0.12290000,0.12290000,73806.00000000,BEAMUSDT
2022-12-17 09:00:00,0.12290000,0.12530000,0.12280000,0.12460000,141431.00000000,BEAMUSDT
2022-12-17 09:15:00,0.12460000,0.12710000,0.12460000,0.12620000,179287.00000000,BEAMUSDT
2022-12-17 09:30:00,0.12600000,0.12800000,0.12570000,0.12660000,231016.00000000,BEAMUSDT
2022-12-17 09:45:00,0.12640000,0.12740000,0.12480000,0.12680000,116172.00000000,BEAMUSDT
2022-12-17 10:00:00,0.12670000,0.12850000,0.12640000,0.12660000,237629.00000000,BEAMUSDT
2022-12-17 10:15:00,0.12660000,0.12820000,0.12660000,0.12810000,96576.00000000,BEAMUSDT
2022-12-17 10:30:00,0.12810000,0.13200000,0.12810000,0.13050000,1144956.00000000,BEAMUSDT
2022-12-17 10:45:00,0.13050000,0.13140000,0.12830000,0.12950000,528960.00000000,BEAMUSDT
2022-12-17 11:00:00,0.12940000,0.13010000,0.12730000,0.12780000,252179.00000000,BEAMUSDT
2022-12-17 11:15:00,0.12810000,0.12880000,0.12730000,0.12760000,223050.00000000,BEAMUSDT
2022-12-17 11:30:00,0.12760000,0.12890000,0.12750000,0.12850000,88480.00000000,BEAMUSDT
2022-12-17 11:45:00,0.12850000,0.12850000,0.12700000,0.12760000,162999.00000000,BEAMUSDT
2022-12-17 12:00:00,0.12740000,0.12970000,0.12700000,0.12900000,81220.00000000,BEAMUSDT
2022-12-17 12:15:00,0.12900000,0.13170000,0.12870000,0.12950000,431366.00000000,BEAMUSDT
2022-12-17 12:30:00,0.12940000,0.12960000,0.12660000,0.12830000,335990.00000000,BEAMUSDT
2022-12-17 12:45:00,0.12800000,0.12870000,0.12680000,0.12850000,161505.00000000,BEAMUSDT
2022-12-17 13:00:00,0.12840000,0.12840000,0.12670000,0.12680000,120538.00000000,BEAMUSDT
2022-12-17 13:15:00,0.12680000,0.12770000,0.12480000,0.12500000,392000.00000000,BEAMUSDT
2022-12-17 13:30:00,0.12490000,0.12490000,0.11930000,0.12170000,1881459.00000000,BEAMUSDT
2022-12-17 13:45:00,0.12170000,0.12270000,0.12120000,0.12270000,240169.00000000,BEAMUSDT
2022-12-17 14:00:00,0.12280000,0.12330000,0.12150000,0.12330000,187822.00000000,BEAMUSDT
2022-12-17 14:15:00,0.12340000,0.12540000,0.12330000,0.12490000,347870.00000000,BEAMUSDT
2022-12-17 14:30:00,0.12490000,0.12700000,0.12390000,0.12610000,205985.00000000,BEAMUSDT
2022-12-17 14:45:00,0.12610000,0.12660000,0.12300000,0.12340000,153555.00000000,BEAMUSDT
2022-12-17 15:00:00,0.12340000,0.12500000,0.12300000,0.12460000,113432.00000000,BEAMUSDT
2022-12-17 15:15:00,0.12460000,0.12460000,0.12300000,0.12340000,102452.00000000,BEAMUSDT
2022-12-17 15:30:00,0.12340000,0.12470000,0.12340000,0.12400000,69262.00000000,BEAMUSDT
2022-12-17 15:45:00,0.12410000,0.12440000,0.12310000,0.12410000,320135.00000000,BEAMUSDT
2022-12-17 16:00:00,0.12380000,0.12380000,0.12310000,0.12320000,68017.00000000,BEAMUSDT
2022-12-17 16:15:00,0.12320000,0.12350000,0.12310000,0.12310000,68426.00000000,BEAMUSDT
2022-12-17 16:30:00,0.12320000,0.12320000,0.12200000,0.12230000,78574.00000000,BEAMUSDT
2022-12-17 16:45:00,0.12200000,0.12240000,0.12190000,0.12220000,40648.00000000,BEAMUSDT
2022-12-17 17:00:00,0.12220000,0.12330000,0.12140000,0.12330000,105086.00000000,BEAMUSDT
2022-12-17 17:15:00,0.12340000,0.12350000,0.12210000,0.12310000,112909.00000000,BEAMUSDT
2022-12-17 17:30:00,0.12290000,0.12460000,0.12280000,0.12360000,85384.00000000,BEAMUSDT
2022-12-17 17:45:00,0.12350000,0.12360000,0.12170000,0.12230000,85539.00000000,BEAMUSDT
2022-12-17 18:00:00,0.12210000,0.12210000,0.12120000,0.12200000,84030.00000000,BEAMUSDT
2022-12-17 18:15:00,0.12170000,0.12230000,0.12140000,0.12200000,23766.00000000,BEAMUSDT
2022-12-17 18:30:00,0.12170000,0.12230000,0.12150000,0.12200000,21258.00000000,BEAMUSDT
2022-12-17 18:45:00,0.12230000,0.12230000,0.12170000,0.12230000,21984.00000000,BEAMUSDT
2022-12-17 19:00:00,0.12210000,0.12240000,0.12170000,0.12240000,50147.00000000,BEAMUSDT
2022-12-17 19:15:00,0.12240000,0.12330000,0.12240000,0.12310000,31225.00000000,BEAMUSDT
2022-12-17 19:30:00,0.12300000,0.12460000,0.12300000,0.12350000,129208.00000000,BEAMUSDT
2022-12-17 19:45:00,0.12350000,0.12350000,0.12050000,0.12120000,167351.00000000,BEAMUSDT
2022-12-17 20:00:00,0.12120000,0.12180000,0.12120000,0.12180000,42949.00000000,BEAMUSDT
2022-12-17 20:15:00,0.12180000,0.12180000,0.12170000,0.12170000,16304.00000000,BEAMUSDT
2022-12-17 20:30:00,0.12180000,0.12210000,0.12170000,0.12200000,12947.00000000,BEAMUSDT
2022-12-17 20:45:00,0.12200000,0.12210000,0.12110000,0.12170000,52379.00000000,BEAMUSDT
2022-12-17 21:00:00,0.12160000,0.12210000,0.12150000,0.12200000,16820.00000000,BEAMUSDT
2022-12-17 21:15:00,0.12170000,0.12250000,0.12160000,0.12210000,20719.00000000,BEAMUSDT
2022-12-17 21:30:00,0.12230000,0.12230000,0.12000000,0.12010000,211623.00000000,BEAMUSDT
2022-12-17 21:45:00,0.12020000,0.12120000,0.12020000,0.12110000,42111.00000000,BEAMUSDT
2022-12-17 22:00:00,0.12120000,0.12140000,0.12120000,0.12140000,51362.00000000,BEAMUSDT
2022-12-17 22:15:00,0.12140000,0.12230000,0.12140000,0.12230000,58223.00000000,BEAMUSDT
2022-12-17 22:30:00,0.12240000,0.12270000,0.12230000,0.12260000,58650.00000000,BEAMUSDT
2022-12-17 22:45:00,0.12260000,0.12330000,0.12260000,0.12330000,34555.00000000,BEAMUSDT
2022-12-17 23:00:00,0.12340000,0.12350000,0.12280000,0.12340000,61676.00000000,BEAMUSDT
2022-12-17 23:15:00,0.12350000,0.12500000,0.12330000,0.12330000,107584.00000000,BEAMUSDT
2022-12-17 23:30:00,0.12350000,0.12490000,0.12340000,0.12460000,42478.00000000,BEAMUSDT
2022-12-17 23:45:00,0.12460000,0.12500000,0.12460000,0.12500000,42291.00000000,BEAMUSDT
2022-12-18 00:00:00,0.12490000,0.12500000,0.12380000,0.12410000,32945.00000000,BEAMUSDT
2022-12-18 00:15:00,0.12400000,0.12400000,0.12330000,0.12360000,26028.00000000,BEAMUSDT
2022-12-18 00:30:00,0.12360000,0.12370000,0.12360000,0.12370000,7799.00000000,BEAMUSDT
2022-12-18 00:45:00,0.12360000,0.12480000,0.12340000,0.12440000,41118.00000000,BEAMUSDT
2022-12-18 01:00:00,0.12440000,0.12450000,0.12370000,0.12400000,30495.00000000,BEAMUSDT
2022-12-18 01:15:00,0.12390000,0.12390000,0.12360000,0.12370000,1987.00000000,BEAMUSDT
2022-12-18 01:30:00,0.12380000,0.12380000,0.12340000,0.12360000,2381.00000000,BEAMUSDT
2022-12-18 01:45:00,0.12360000,0.12360000,0.12340000,0.12340000,4025.00000000,BEAMUSDT
2022-12-18 02:00:00,0.12340000,0.12350000,0.12330000,0.12340000,30679.00000000,BEAMUSDT
2022-12-18 02:15:00,0.12340000,0.12340000,0.12150000,0.12270000,92056.00000000,BEAMUSDT
2022-12-18 02:30:00,0.12240000,0.12240000,0.12100000,0.12180000,102845.00000000,BEAMUSDT
2022-12-18 02:45:00,0.12180000,0.12240000,0.12150000,0.12240000,38460.00000000,BEAMUSDT
2022-12-18 03:00:00,0.12240000,0.12280000,0.12240000,0.12280000,21234.00000000,BEAMUSDT
2022-12-18 03:15:00,0.12280000,0.12280000,0.12270000,0.12280000,16280.00000000,BEAMUSDT
2022-12-18 03:30:00,0.12290000,0.12310000,0.12280000,0.12310000,16137.00000000,BEAMUSDT
2022-12-18 03:45:00,0.12300000,0.12350000,0.12300000,0.12350000,21600.00000000,BEAMUSDT
2022-12-18 04:00:00,0.12340000,0.12350000,0.12340000,0.12350000,19305.00000000,BEAMUSDT
2022-12-18 04:15:00,0.12340000,0.12390000,0.12340000,0.12370000,9302.00000000,BEAMUSDT
2022-12-18 04:30:00,0.12370000,0.12390000,0.12360000,0.12390000,18649.00000000,BEAMUSDT
2022-12-18 04:45:00,0.12370000,0.12390000,0.12350000,0.12350000,6432.00000000,BEAMUSDT
2022-12-18 05:00:00,0.12340000,0.12340000,0.12230000,0.12230000,104196.00000000,BEAMUSDT
2022-12-18 05:15:00,0.12230000,0.12260000,0.12170000,0.12190000,54688.00000000,BEAMUSDT
2022-12-18 05:30:00,0.12190000,0.12210000,0.12170000,0.12210000,32362.00000000,BEAMUSDT
2022-12-18 05:45:00,0.12210000,0.12240000,0.12180000,0.12210000,24486.00000000,BEAMUSDT
2022-12-18 06:00:00,0.12230000,0.12230000,0.12190000,0.12190000,11399.00000000,BEAMUSDT
2022-12-18 06:15:00,0.12190000,0.12200000,0.12180000,0.12180000,6414.00000000,BEAMUSDT
2022-12-18 06:30:00,0.12190000,0.12190000,0.12100000,0.12110000,79987.00000000,BEAMUSDT
2022-12-18 06:45:00,0.12110000,0.12140000,0.12110000,0.12110000,13391.00000000,BEAMUSDT
2022-12-18 07:00:00,0.12110000,0.12180000,0.11920000,0.12180000,241911.00000000,BEAMUSDT
2022-12-18 07:15:00,0.12170000,0.12180000,0.12020000,0.12120000,76942.00000000,BEAMUSDT
2022-12-18 07:30:00,0.12120000,0.12240000,0.12110000,0.12160000,84843.00000000,BEAMUSDT
2022-12-18 07:45:00,0.12160000,0.12170000,0.12000000,0.12070000,95176.00000000,BEAMUSDT
2022-12-18 08:00:00,0.12070000,0.12120000,0.12040000,0.12110000,22851.00000000,BEAMUSDT
2022-12-18 08:15:00,0.12100000,0.12230000,0.12100000,0.12230000,54958.00000000,BEAMUSDT
2022-12-18 08:30:00,0.12230000,0.12320000,0.12230000,0.12280000,139796.00000000,BEAMUSDT
2022-12-18 08:45:00,0.12270000,0.12270000,0.12250000,0.12250000,18102.00000000,BEAMUSDT
2022-12-18 09:00:00,0.12250000,0.12250000,0.12160000,0.12160000,44784.00000000,BEAMUSDT
2022-12-18 09:15:00,0.12160000,0.12160000,0.12100000,0.12100000,39376.00000000,BEAMUSDT
2022-12-18 09:30:00,0.12100000,0.12110000,0.12000000,0.12050000,158382.00000000,BEAMUSDT
2022-12-18 09:45:00,0.12070000,0.12070000,0.12010000,0.12050000,15906.00000000,BEAMUSDT
2022-12-18 10:00:00,0.12020000,0.12110000,0.12020000,0.12110000,51301.00000000,BEAMUSDT
2022-12-18 10:15:00,0.12120000,0.12130000,0.12110000,0.12110000,33616.00000000,BEAMUSDT
2022-12-18 10:30:00,0.12110000,0.12160000,0.12110000,0.12160000,25421.00000000,BEAMUSDT
2022-12-18 10:45:00,0.12160000,0.12180000,0.12140000,0.12170000,8959.00000000,BEAMUSDT
2022-12-18 11:00:00,0.12160000,0.12170000,0.12120000,0.12170000,16409.00000000,BEAMUSDT
2022-12-18 11:15:00,0.12140000,0.12180000,0.12070000,0.12090000,36052.00000000,BEAMUSDT
2022-12-18 11:30:00,0.12090000,0.12090000,0.12050000,0.12080000,51975.00000000,BEAMUSDT
2022-12-18 11:45:00,0.12080000,0.12100000,0.12030000,0.12030000,45473.00000000,BEAMUSDT
2022-12-18 12:00:00,0.12020000,0.12130000,0.12020000,0.12100000,43515.00000000,BEAMUSDT
2022-12-18 12:15:00,0.12070000,0.12090000,0.12040000,0.12070000,42332.00000000,BEAMUSDT
2022-12-18 12:30:00,0.12050000,0.12050000,0.11970000,0.12030000,92790.00000000,BEAMUSDT
2022-12-18 12:45:00,0.12030000,0.12110000,0.12030000,0.12110000,28533.00000000,BEAMUSDT
2022-12-18 13:00:00,0.12100000,0.12120000,0.11950000,0.11980000,140999.00000000,BEAMUSDT
2022-12-18 13:15:00,0.11970000,0.11990000,0.11920000,0.11990000,50365.00000000,BEAMUSDT
2022-12-18 13:30:00,0.11990000,0.12010000,0.11920000,0.11920000,61922.00000000,BEAMUSDT
2022-12-18 13:45:00,0.11960000,0.11980000,0.11910000,0.11930000,36658.00000000,BEAMUSDT
2022-12-18 14:00:00,0.11930000,0.11980000,0.11920000,0.11980000,23092.00000000,BEAMUSDT
2022-12-18 14:15:00,0.11990000,0.12040000,0.11980000,0.12040000,64695.00000000,BEAMUSDT
2022-12-18 14:30:00,0.12030000,0.12080000,0.12030000,0.12050000,60542.00000000,BEAMUSDT
2022-12-18 14:45:00,0.12050000,0.12150000,0.12050000,0.12110000,66864.00000000,BEAMUSDT
2022-12-18 15:00:00,0.12120000,0.12210000,0.12090000,0.12090000,55873.00000000,BEAMUSDT
2022-12-18 15:15:00,0.12090000,0.12100000,0.12040000,0.12050000,17500.00000000,BEAMUSDT
2022-12-18 15:30:00,0.12080000,0.12080000,0.11800000,0.11880000,277055.00000000,BEAMUSDT
2022-12-18 15:45:00,0.11890000,0.12030000,0.11890000,0.12000000,68999.00000000,BEAMUSDT
2022-12-18 16:00:00,0.11970000,0.12000000,0.11930000,0.11930000,46892.00000000,BEAMUSDT
2022-12-18 16:15:00,0.11930000,0.11980000,0.11920000,0.11970000,33829.00000000,BEAMUSDT
2022-12-18 16:30:00,0.11940000,0.11950000,0.11920000,0.11940000,12619.00000000,BEAMUSDT
2022-12-18 16:45:00,0.11940000,0.11940000,0.11800000,0.11900000,105085.00000000,BEAMUSDT
2022-12-18 17:00:00,0.11900000,0.11910000,0.11880000,0.11900000,6192.00000000,BEAMUSDT
2022-12-18 17:15:00,0.11900000,0.11910000,0.11900000,0.11900000,11149.00000000,BEAMUSDT
2022-12-18 17:30:00,0.11900000,0.11940000,0.11850000,0.11920000,41194.00000000,BEAMUSDT
2022-12-18 17:45:00,0.11920000,0.11920000,0.11880000,0.11920000,15892.00000000,BEAMUSDT
2022-12-18 18:00:00,0.11930000,0.12050000,0.11930000,0.12000000,84367.00000000,BEAMUSDT
2022-12-18 18:15:00,0.12020000,0.12180000,0.12020000,0.12080000,139772.00000000,BEAMUSDT
2022-12-18 18:30:00,0.12080000,0.12090000,0.12050000,0.12050000,2757.00000000,BEAMUSDT
2022-12-18 18:45:00,0.12060000,0.12130000,0.12040000,0.12100000,38218.00000000,BEAMUSDT
2022-12-18 19:00:00,0.12110000,0.12120000,0.12050000,0.12050000,17476.00000000,BEAMUSDT
2022-12-18 19:15:00,0.12050000,0.12080000,0.12050000,0.12080000,1467.00000000,BEAMUSDT
2022-12-18 19:30:00,0.12080000,0.12110000,0.12080000,0.12080000,2636.00000000,BEAMUSDT
2022-12-18 19:45:00,0.12080000,0.12090000,0.12070000,0.12070000,4558.00000000,BEAMUSDT
2022-12-18 20:00:00,0.12090000,0.12160000,0.12090000,0.12160000,30762.00000000,BEAMUSDT
2022-12-18 20:15:00,0.12120000,0.12170000,0.12100000,0.12160000,29249.00000000,BEAMUSDT
2022-12-18 20:30:00,0.12140000,0.12140000,0.12120000,0.12120000,1718.00000000,BEAMUSDT
2022-12-18 20:45:00,0.12160000,0.12160000,0.12130000,0.12130000,751.00000000,BEAMUSDT
2022-12-18 21:00:00,0.12130000,0.12130000,0.12080000,0.12080000,15328.00000000,BEAMUSDT
2022-12-18 21:15:00,0.12090000,0.12100000,0.12020000,0.12070000,39487.00000000,BEAMUSDT
2022-12-18 21:30:00,0.12060000,0.12160000,0.12060000,0.12160000,21947.00000000,BEAMUSDT
2022-12-18 21:45:00,0.12160000,0.12170000,0.12150000,0.12150000,11235.00000000,BEAMUSDT
2022-12-18 22:00:00,0.12170000,0.12170000,0.12070000,0.12110000,27269.00000000,BEAMUSDT
2022-12-18 22:15:00,0.12110000,0.12110000,0.12110000,0.12110000,248.00000000,BEAMUSDT
2022-12-18 22:30:00,0.12110000,0.12140000,0.12090000,0.12130000,10302.00000000,BEAMUSDT
2022-12-18 22:45:00,0.12130000,0.12150000,0.12110000,0.12110000,4787.00000000,BEAMUSDT
2022-12-18 23:00:00,0.12110000,0.12180000,0.12110000,0.12160000,36883.00000000,BEAMUSDT
2022-12-18 23:15:00,0.12160000,0.12230000,0.12160000,0.12210000,53484.00000000,BEAMUSDT
2022-12-18 23:30:00,0.12190000,0.12200000,0.12050000,0.12050000,54527.00000000,BEAMUSDT
2022-12-18 23:45:00,0.12090000,0.12110000,0.12090000,0.12110000,9775.00000000,BEAMUSDT
2022-12-19 00:00:00,0.12110000,0.12120000,0.12110000,0.12120000,2264.00000000,BEAMUSDT
2022-12-19 00:15:00,0.12110000,0.12140000,0.12100000,0.12140000,7693.00000000,BEAMUSDT
2022-12-19 00:30:00,0.12150000,0.12220000,0.12150000,0.12220000,42306.00000000,BEAMUSDT
2022-12-19 00:45:00,0.12210000,0.12220000,0.12210000,0.12220000,12485.00000000,BEAMUSDT
2022-12-19 01:00:00,0.12220000,0.12220000,0.12200000,0.12200000,856.00000000,BEAMUSDT
2022-12-19 01:15:00,0.12180000,0.12180000,0.12120000,0.12120000,22245.00000000,BEAMUSDT
2022-12-19 01:30:00,0.12120000,0.12130000,0.12120000,0.12130000,14096.00000000,BEAMUSDT
2022-12-19 01:45:00,0.12130000,0.12160000,0.12130000,0.12160000,6204.00000000,BEAMUSDT
2022-12-19 02:00:00,0.12150000,0.12160000,0.12150000,0.12160000,3065.00000000,BEAMUSDT
2022-12-19 02:15:00,0.12150000,0.12180000,0.12150000,0.12160000,10536.00000000,BEAMUSDT
2022-12-19 02:30:00,0.12150000,0.12150000,0.12090000,0.12090000,46651.00000000,BEAMUSDT
2022-12-19 02:45:00,0.12090000,0.12090000,0.12060000,0.12070000,8612.00000000,BEAMUSDT
2022-12-19 03:00:00,0.12070000,0.12070000,0.11950000,0.11950000,62596.00000000,BEAMUSDT
2022-12-19 03:15:00,0.11940000,0.11940000,0.11890000,0.11910000,32896.00000000,BEAMUSDT
2022-12-19 03:30:00,0.11910000,0.11920000,0.11870000,0.11890000,34115.00000000,BEAMUSDT
2022-12-19 03:45:00,0.11870000,0.11910000,0.11870000,0.11910000,16232.00000000,BEAMUSDT
2022-12-19 04:00:00,0.11890000,0.11890000,0.11890000,0.11890000,10515.00000000,BEAMUSDT
2022-12-19 04:15:00,0.11890000,0.11930000,0.11880000,0.11880000,82415.00000000,BEAMUSDT
2022-12-19 04:30:00,0.11880000,0.11900000,0.11880000,0.11900000,4758.00000000,BEAMUSDT
2022-12-19 04:45:00,0.11910000,0.11940000,0.11910000,0.11940000,52210.00000000,BEAMUSDT
2022-12-19 05:00:00,0.11950000,0.11950000,0.11940000,0.11940000,6588.00000000,BEAMUSDT
2022-12-19 05:15:00,0.11940000,0.11940000,0.11900000,0.11930000,16118.00000000,BEAMUSDT
2022-12-19 05:30:00,0.11900000,0.11920000,0.11890000,0.11890000,17424.00000000,BEAMUSDT
2022-12-19 05:45:00,0.11880000,0.11910000,0.11860000,0.11910000,26323.00000000,BEAMUSDT
2022-12-19 06:00:00,0.11880000,0.12020000,0.11880000,0.12020000,61862.00000000,BEAMUSDT
2022-12-19 06:15:00,0.12000000,0.12000000,0.11950000,0.11960000,5397.00000000,BEAMUSDT
2022-12-19 06:30:00,0.11980000,0.12000000,0.11960000,0.12000000,8221.00000000,BEAMUSDT
2022-12-19 06:45:00,0.12010000,0.12010000,0.11990000,0.12010000,6663.00000000,BEAMUSDT
2022-12-19 07:00:00,0.12020000,0.12120000,0.11990000,0.11990000,49245.00000000,BEAMUSDT
2022-12-19 07:15:00,0.11980000,0.11980000,0.11920000,0.11920000,26469.00000000,BEAMUSDT
2022-12-19 07:30:00,0.11950000,0.11980000,0.11860000,0.11890000,71534.00000000,BEAMUSDT
2022-12-19 07:45:00,0.11880000,0.11950000,0.11860000,0.11950000,19090.00000000,BEAMUSDT
2022-12-19 08:00:00,0.11920000,0.11950000,0.11910000,0.11910000,4173.00000000,BEAMUSDT
2022-12-19 08:15:00,0.11900000,0.11970000,0.11890000,0.11930000,12202.00000000,BEAMUSDT
2022-12-19 08:30:00,0.11930000,0.11980000,0.11910000,0.11960000,27045.00000000,BEAMUSDT
2022-12-19 08:45:00,0.11950000,0.11960000,0.11890000,0.11930000,38224.00000000,BEAMUSDT
2022-12-19 09:00:00,0.11900000,0.12020000,0.11890000,0.11950000,65087.00000000,BEAMUSDT
2022-12-19 09:15:00,0.11950000,0.12000000,0.11950000,0.11990000,18651.00000000,BEAMUSDT
2022-12-19 09:30:00,0.11980000,0.12000000,0.11970000,0.11970000,30899.00000000,BEAMUSDT
2022-12-19 09:45:00,0.11990000,0.12000000,0.11970000,0.11970000,15214.00000000,BEAMUSDT
2022-12-19 10:00:00,0.11970000,0.11980000,0.11940000,0.11980000,14783.00000000,BEAMUSDT
2022-12-19 10:15:00,0.11990000,0.12000000,0.11940000,0.11990000,20348.00000000,BEAMUSDT
2022-12-19 10:30:00,0.12000000,0.12000000,0.11960000,0.11960000,1405.00000000,BEAMUSDT
2022-12-19 10:45:00,0.11990000,0.12000000,0.11990000,0.12000000,5479.00000000,BEAMUSDT
2022-12-19 11:00:00,0.12010000,0.12010000,0.11900000,0.11960000,55770.00000000,BEAMUSDT
2022-12-19 11:15:00,0.11950000,0.11970000,0.11920000,0.11950000,19707.00000000,BEAMUSDT
2022-12-19 11:30:00,0.11920000,0.11970000,0.11910000,0.11970000,12657.00000000,BEAMUSDT
2022-12-19 11:45:00,0.11920000,0.12010000,0.11900000,0.12010000,55910.00000000,BEAMUSDT
2022-12-19 12:00:00,0.12000000,0.12200000,0.11990000,0.12140000,164405.00000000,BEAMUSDT
2022-12-19 12:15:00,0.12130000,0.12180000,0.12040000,0.12180000,41760.00000000,BEAMUSDT
2022-12-19 12:30:00,0.12140000,0.12190000,0.12060000,0.12090000,44099.00000000,BEAMUSDT
2022-12-19 12:45:00,0.12080000,0.12300000,0.12070000,0.12290000,112340.00000000,BEAMUSDT
2022-12-19 13:00:00,0.12220000,0.12270000,0.12150000,0.12160000,67638.00000000,BEAMUSDT
2022-12-19 13:15:00,0.12170000,0.12170000,0.12110000,0.12130000,19228.00000000,BEAMUSDT
2022-12-19 13:30:00,0.12160000,0.12320000,0.12130000,0.12290000,156090.00000000,BEAMUSDT
2022-12-19 13:45:00,0.12290000,0.12330000,0.12250000,0.12250000,17375.00000000,BEAMUSDT
2022-12-19 14:00:00,0.12260000,0.12370000,0.12180000,0.12210000,141094.00000000,BEAMUSDT
2022-12-19 14:15:00,0.12210000,0.12210000,0.12080000,0.12130000,41969.00000000,BEAMUSDT
2022-12-19 14:30:00,0.12130000,0.12170000,0.12110000,0.12170000,19005.00000000,BEAMUSDT
2022-12-19 14:45:00,0.12150000,0.12280000,0.12120000,0.12220000,83321.00000000,BEAMUSDT
2022-12-19 15:00:00,0.12250000,0.12360000,0.12250000,0.12300000,101165.00000000,BEAMUSDT
2022-12-19 15:15:00,0.12300000,0.12300000,0.12160000,0.12240000,42936.00000000,BEAMUSDT
2022-12-19 15:30:00,0.12270000,0.12460000,0.12140000,0.12140000,233060.00000000,BEAMUSDT
2022-12-19 15:45:00,0.12150000,0.12180000,0.12070000,0.12140000,107076.00000000,BEAMUSDT
2022-12-19 16:00:00,0.12130000,0.12190000,0.12070000,0.12150000,67234.00000000,BEAMUSDT
2022-12-19 16:15:00,0.12140000,0.12150000,0.12040000,0.12040000,54028.00000000,BEAMUSDT
2022-12-19 16:30:00,0.12040000,0.12120000,0.12040000,0.12090000,20344.00000000,BEAMUSDT
2022-12-19 16:45:00,0.12110000,0.12170000,0.12080000,0.12160000,82469.00000000,BEAMUSDT
2022-12-19 17:00:00,0.12150000,0.12290000,0.12130000,0.12260000,107676.00000000,BEAMUSDT
2022-12-19 17:15:00,0.12290000,0.12300000,0.12030000,0.12090000,263992.00000000,BEAMUSDT
2022-12-19 17:30:00,0.12120000,0.12120000,0.12000000,0.12090000,93829.00000000,BEAMUSDT
2022-12-19 17:45:00,0.12090000,0.12110000,0.12040000,0.12050000,12842.00000000,BEAMUSDT
2022-12-19 18:00:00,0.12050000,0.12060000,0.12030000,0.12060000,11079.00000000,BEAMUSDT
2022-12-19 18:15:00,0.12040000,0.12050000,0.12010000,0.12040000,20776.00000000,BEAMUSDT
2022-12-19 18:30:00,0.12020000,0.12050000,0.11960000,0.11960000,32951.00000000,BEAMUSDT
2022-12-19 18:45:00,0.11960000,0.11960000,0.11730000,0.11840000,236436.00000000,BEAMUSDT
2022-12-19 19:00:00,0.11860000,0.11900000,0.11740000,0.11770000,48621.00000000,BEAMUSDT
2022-12-19 19:15:00,0.11760000,0.11780000,0.11700000,0.11770000,61966.00000000,BEAMUSDT
2022-12-19 19:30:00,0.11780000,0.11780000,0.11680000,0.11730000,22290.00000000,BEAMUSDT
2022-12-19 19:45:00,0.11710000,0.11800000,0.11710000,0.11720000,40883.00000000,BEAMUSDT
2022-12-19 20:00:00,0.11720000,0.11810000,0.11710000,0.11810000,54266.00000000,BEAMUSDT
2022-12-19 20:15:00,0.11810000,0.11810000,0.11720000,0.11720000,33383.00000000,BEAMUSDT
2022-12-19 20:30:00,0.11740000,0.11790000,0.11720000,0.11760000,23893.00000000,BEAMUSDT
2022-12-19 20:45:00,0.11760000,0.11810000,0.11700000,0.11730000,47726.00000000,BEAMUSDT
2022-12-19 21:00:00,0.11760000,0.11770000,0.11710000,0.11760000,9016.00000000,BEAMUSDT
2022-12-19 21:15:00,0.11740000,0.11790000,0.11730000,0.11790000,6888.00000000,BEAMUSDT
2022-12-19 21:30:00,0.11790000,0.11790000,0.11750000,0.11750000,1774.00000000,BEAMUSDT
2022-12-19 21:45:00,0.11770000,0.11800000,0.11770000,0.11800000,10312.00000000,BEAMUSDT
2022-12-19 22:00:00,0.11800000,0.11820000,0.11800000,0.11800000,11951.00000000,BEAMUSDT
2022-12-19 22:15:00,0.11800000,0.11800000,0.11770000,0.11790000,8935.00000000,BEAMUSDT
2022-12-19 22:30:00,0.11790000,0.11790000,0.11630000,0.11630000,96791.00000000,BEAMUSDT
2022-12-19 22:45:00,0.11630000,0.11630000,0.11560000,0.11600000,74477.00000000,BEAMUSDT
2022-12-19 23:00:00,0.11600000,0.11610000,0.11520000,0.11540000,124972.00000000,BEAMUSDT
2022-12-19 23:15:00,0.11540000,0.11640000,0.11540000,0.11640000,66807.00000000,BEAMUSDT
2022-12-19 23:30:00,0.11650000,0.11750000,0.11510000,0.11590000,78955.00000000,BEAMUSDT
2022-12-19 23:45:00,0.11610000,0.11630000,0.11590000,0.11630000,9981.00000000,BEAMUSDT
2022-12-20 00:00:00,0.11630000,0.11670000,0.11590000,0.11590000,22137.00000000,BEAMUSDT
2022-12-20 00:15:00,0.11600000,0.11730000,0.11570000,0.11680000,32289.00000000,BEAMUSDT
2022-12-20 00:30:00,0.11660000,0.11670000,0.11650000,0.11670000,2995.00000000,BEAMUSDT
2022-12-20 00:45:00,0.11630000,0.11640000,0.11350000,0.11410000,179289.00000000,BEAMUSDT
2022-12-20 01:00:00,0.11360000,0.11540000,0.11330000,0.11540000,124143.00000000,BEAMUSDT
2022-12-20 01:15:00,0.11540000,0.11550000,0.11500000,0.11550000,50589.00000000,BEAMUSDT
2022-12-20 01:30:00,0.11550000,0.11670000,0.11550000,0.11660000,83580.00000000,BEAMUSDT
2022-12-20 01:45:00,0.11670000,0.11690000,0.11670000,0.11680000,24756.00000000,BEAMUSDT
2022-12-20 02:00:00,0.11660000,0.11660000,0.11640000,0.11650000,5525.00000000,BEAMUSDT
2022-12-20 02:15:00,0.11650000,0.11670000,0.11640000,0.11670000,16680.00000000,BEAMUSDT
2022-12-20 02:30:00,0.11680000,0.11780000,0.11680000,0.11700000,101757.00000000,BEAMUSDT
2022-12-20 02:45:00,0.11720000,0.11740000,0.11680000,0.11690000,59252.00000000,BEAMUSDT
2022-12-20 03:00:00,0.11730000,0.11790000,0.11730000,0.11730000,57713.00000000,BEAMUSDT
2022-12-20 03:15:00,0.11740000,0.11790000,0.11730000,0.11790000,20513.00000000,BEAMUSDT
2022-12-20 03:30:00,0.11780000,0.11810000,0.11780000,0.11810000,17650.00000000,BEAMUSDT
2022-12-20 03:45:00,0.11810000,0.11810000,0.11770000,0.11790000,16252.00000000,BEAMUSDT
2022-12-20 04:00:00,0.11780000,0.11780000,0.11690000,0.11690000,83320.00000000,BEAMUSDT
2022-12-20 04:15:00,0.11730000,0.11740000,0.11730000,0.11740000,5302.00000000,BEAMUSDT
2022-12-20 04:30:00,0.11750000,0.11790000,0.11690000,0.11740000,70549.00000000,BEAMUSDT
2022-12-20 04:45:00,0.11730000,0.11730000,0.11700000,0.11730000,10102.00000000,BEAMUSDT
2022-12-20 05:00:00,0.11720000,0.11720000,0.11630000,0.11660000,42486.00000000,BEAMUSDT
2022-12-20 05:15:00,0.11670000,0.11730000,0.11660000,0.11730000,37224.00000000,BEAMUSDT
2022-12-20 05:30:00,0.11730000,0.11900000,0.11720000,0.11870000,148879.00000000,BEAMUSDT
2022-12-20 05:45:00,0.11870000,0.11940000,0.11870000,0.11910000,38895.00000000,BEAMUSDT
2022-12-20 06:00:00,0.11880000,0.11910000,0.11880000,0.11910000,739.00000000,BEAMUSDT
2022-12-20 06:15:00,0.11910000,0.11910000,0.11880000,0.11880000,10815.00000000,BEAMUSDT
2022-12-20 06:30:00,0.11890000,0.11940000,0.11830000,0.11840000,58519.00000000,BEAMUSDT
2022-12-20 06:45:00,0.11840000,0.11850000,0.11780000,0.11830000,53784.00000000,BEAMUSDT
2022-12-20 07:00:00,0.11840000,0.11890000,0.11830000,0.11890000,27515.00000000,BEAMUSDT
2022-12-20 07:15:00,0.11890000,0.11940000,0.11890000,0.11940000,43218.00000000,BEAMUSDT
2022-12-20 07:30:00,0.11940000,0.11940000,0.11850000,0.11860000,58596.00000000,BEAMUSDT
2022-12-20 07:45:00,0.11860000,0.11890000,0.11860000,0.11890000,12192.00000000,BEAMUSDT
2022-12-20 08:00:00,0.11900000,0.11970000,0.11900000,0.11950000,53994.00000000,BEAMUSDT
2022-12-20 08:15:00,0.11930000,0.11930000,0.11850000,0.11880000,23647.00000000,BEAMUSDT
2022-12-20 08:30:00,0.11850000,0.11940000,0.11850000,0.11890000,26841.00000000,BEAMUSDT
2022-12-20 08:45:00,0.11920000,0.11920000,0.11900000,0.11910000,3978.00000000,BEAMUSDT
2022-12-20 09:00:00,0.11920000,0.11990000,0.11790000,0.11820000,122722.00000000,BEAMUSDT
2022-12-20 09:15:00,0.11790000,0.11830000,0.11770000,0.11810000,43808.00000000,BEAMUSDT
2022-12-20 09:30:00,0.11810000,0.11830000,0.11760000,0.11810000,48817.00000000,BEAMUSDT
2022-12-20 09:45:00,0.11810000,0.11830000,0.11770000,0.11810000,29762.00000000,BEAMUSDT
2022-12-20 10:00:00,0.11800000,0.11810000,0.11690000,0.11720000,79109.00000000,BEAMUSDT
2022-12-20 10:15:00,0.11710000,0.11880000,0.11710000,0.11870000,51749.00000000,BEAMUSDT
2022-12-20 10:30:00,0.11860000,0.11890000,0.11860000,0.11870000,35861.00000000,BEAMUSDT
2022-12-20 10:45:00,0.11860000,0.11890000,0.11840000,0.11840000,21448.00000000,BEAMUSDT
2022-12-20 11:00:00,0.11870000,0.11870000,0.11820000,0.11870000,47188.00000000,BEAMUSDT
2022-12-20 11:15:00,0.11850000,0.11920000,0.11820000,0.11900000,48146.00000000,BEAMUSDT
2022-12-20 11:30:00,0.11900000,0.11900000,0.11880000,0.11890000,3573.00000000,BEAMUSDT
2022-12-20 11:45:00,0.11880000,0.11880000,0.11850000,0.11850000,20137.00000000,BEAMUSDT
2022-12-20 12:00:00,0.11840000,0.11870000,0.11790000,0.11860000,36665.00000000,BEAMUSDT
2022-12-20 12:15:00,0.11870000,0.11870000,0.11830000,0.11840000,25780.00000000,BEAMUSDT
2022-12-20 12:30:00,0.11850000,0.11860000,0.11850000,0.11860000,1179.00000000,BEAMUSDT
2022-12-20 12:45:00,0.11860000,0.11860000,0.11810000,0.11860000,30901.00000000,BEAMUSDT
2022-12-20 13:00:00,0.11860000,0.11930000,0.11850000,0.11930000,44245.00000000,BEAMUSDT
2022-12-20 13:15:00,0.11940000,0.12000000,0.11930000,0.11990000,80179.00000000,BEAMUSDT
2022-12-20 13:30:00,0.12000000,0.12000000,0.11840000,0.11880000,40467.00000000,BEAMUSDT
2022-12-20 13:45:00,0.11880000,0.11900000,0.11810000,0.11900000,32209.00000000,BEAMUSDT
2022-12-20 14:00:00,0.11880000,0.11900000,0.11760000,0.11800000,44082.00000000,BEAMUSDT
2022-12-20 14:15:00,0.11790000,0.11900000,0.11790000,0.11870000,19615.00000000,BEAMUSDT
2022-12-20 14:30:00,0.11890000,0.12020000,0.11890000,0.11930000,52219.00000000,BEAMUSDT
2022-12-20 14:45:00,0.11920000,0.11970000,0.11770000,0.11930000,86224.00000000,BEAMUSDT
2022-12-20 15:00:00,0.11930000,0.11970000,0.11900000,0.11930000,7258.00000000,BEAMUSDT
2022-12-20 15:15:00,0.11930000,0.11960000,0.11900000,0.11950000,24425.00000000,BEAMUSDT
2022-12-20 15:30:00,0.11950000,0.11950000,0.11890000,0.11900000,39711.00000000,BEAMUSDT
2022-12-20 15:45:00,0.11890000,0.11900000,0.11870000,0.11870000,10190.00000000,BEAMUSDT
2022-12-20 16:00:00,0.11870000,0.11890000,0.11820000,0.11830000,41375.00000000,BEAMUSDT
2022-12-20 16:15:00,0.11830000,0.11830000,0.11810000,0.11830000,18678.00000000,BEAMUSDT
2022-12-20 16:30:00,0.11820000,0.11850000,0.11790000,0.11850000,37911.00000000,BEAMUSDT
2022-12-20 16:45:00,0.11840000,0.11840000,0.11600000,0.11730000,117040.00000000,BEAMUSDT
2022-12-20 17:00:00,0.11740000,0.11790000,0.11740000,0.11790000,20435.00000000,BEAMUSDT
2022-12-20 17:15:00,0.11780000,0.11810000,0.11770000,0.11800000,19441.00000000,BEAMUSDT
2022-12-20 17:30:00,0.11800000,0.11820000,0.11790000,0.11810000,24050.00000000,BEAMUSDT
2022-12-20 17:45:00,0.11810000,0.11870000,0.11790000,0.11860000,28708.00000000,BEAMUSDT
2022-12-20 18:00:00,0.11860000,0.11860000,0.11730000,0.11770000,52933.00000000,BEAMUSDT
2022-12-20 18:15:00,0.11750000,0.11770000,0.11740000,0.11750000,13823.00000000,BEAMUSDT
2022-12-20 18:30:00,0.11770000,0.11800000,0.11760000,0.11800000,23564.00000000,BEAMUSDT
2022-12-20 18:45:00,0.11790000,0.11800000,0.11760000,0.11800000,10061.00000000,BEAMUSDT
2022-12-20 19:00:00,0.11790000,0.11840000,0.11780000,0.11830000,27266.00000000,BEAMUSDT
2022-12-20 19:15:00,0.11840000,0.11860000,0.11780000,0.11830000,13546.00000000,BEAMUSDT
2022-12-20 19:30:00,0.11860000,0.11980000,0.11860000,0.11950000,60507.00000000,BEAMUSDT
2022-12-20 19:45:00,0.11940000,0.11940000,0.11790000,0.11830000,42012.00000000,BEAMUSDT
2022-12-20 20:00:00,0.11820000,0.11940000,0.11810000,0.11940000,42829.00000000,BEAMUSDT
2022-12-20 20:15:00,0.11910000,0.11910000,0.11870000,0.11910000,14183.00000000,BEAMUSDT
2022-12-20 20:30:00,0.11900000,0.11900000,0.11860000,0.11890000,702.00000000,BEAMUSDT
2022-12-20 20:45:00,0.11870000,0.11910000,0.11850000,0.11880000,13685.00000000,BEAMUSDT
2022-12-20 21:00:00,0.11890000,0.11890000,0.11830000,0.11830000,9520.00000000,BEAMUSDT
2022-12-20 21:15:00,0.11860000,0.11910000,0.11840000,0.11880000,6244.00000000,BEAMUSDT
2022-12-20 21:30:00,0.11880000,0.11950000,0.11880000,0.11950000,16258.00000000,BEAMUSDT
2022-12-20 21:45:00,0.11930000,0.11930000,0.11880000,0.11910000,8396.00000000,BEAMUSDT
2022-12-20 22:00:00,0.11880000,0.11880000,0.11800000,0.11880000,45048.00000000,BEAMUSDT
2022-12-20 22:15:00,0.11860000,0.11890000,0.11860000,0.11890000,1427.00000000,BEAMUSDT
2022-12-20 22:30:00,0.11870000,0.11890000,0.11870000,0.11890000,2117.00000000,BEAMUSDT
2022-12-20 22:45:00,0.11870000,0.11900000,0.11860000,0.11860000,2021.00000000,BEAMUSDT
2022-12-20 23:00:00,0.11880000,0.11880000,0.11860000,0.11880000,4161.00000000,BEAMUSDT
2022-12-20 23:15:00,0.11860000,0.11930000,0.11860000,0.11930000,15069.00000000,BEAMUSDT
2022-12-20 23:30:00,0.11910000,0.11910000,0.11850000,0.11860000,16575.00000000,BEAMUSDT
2022-12-20 23:45:00,0.11880000,0.11880000,0.11880000,0.11880000,200.00000000,BEAMUSDT
2022-12-21 00:00:00,0.11880000,0.11910000,0.11870000,0.11900000,28445.00000000,BEAMUSDT
2022-12-21 00:15:00,0.11860000,0.11870000,0.11760000,0.11870000,29528.00000000,BEAMUSDT
2022-12-21 00:30:00,0.11850000,0.11860000,0.11840000,0.11860000,4156.00000000,BEAMUSDT
2022-12-21 00:45:00,0.11850000,0.11880000,0.11770000,0.11840000,61654.00000000,BEAMUSDT
2022-12-21 01:00:00,0.11820000,0.11840000,0.11790000,0.11840000,19913.00000000,BEAMUSDT
2022-12-21 01:15:00,0.11840000,0.11840000,0.11730000,0.11760000,54365.00000000,BEAMUSDT
2022-12-21 01:30:00,0.11730000,0.11800000,0.11730000,0.11800000,7643.00000000,BEAMUSDT
2022-12-21 01:45:00,0.11810000,0.11810000,0.11800000,0.11800000,5465.00000000,BEAMUSDT
2022-12-21 02:00:00,0.11800000,0.11800000,0.11700000,0.11770000,29803.00000000,BEAMUSDT
2022-12-21 02:15:00,0.11740000,0.11740000,0.11730000,0.11740000,569.00000000,BEAMUSDT
2022-12-21 02:30:00,0.11730000,0.11760000,0.11730000,0.11760000,4395.00000000,BEAMUSDT
2022-12-21 02:45:00,0.11760000,0.11760000,0.11730000,0.11740000,16029.00000000,BEAMUSDT
2022-12-21 03:00:00,0.11730000,0.11740000,0.11660000,0.11690000,14948.00000000,BEAMUSDT
2022-12-21 03:15:00,0.11690000,0.11690000,0.11650000,0.11660000,12286.00000000,BEAMUSDT
2022-12-21 03:30:00,0.11660000,0.11680000,0.11660000,0.11660000,8083.00000000,BEAMUSDT
2022-12-21 03:45:00,0.11660000,0.11690000,0.11660000,0.11670000,13030.00000000,BEAMUSDT
2022-12-21 04:00:00,0.11680000,0.11710000,0.11670000,0.11680000,45898.00000000,BEAMUSDT
2022-12-21 04:15:00,0.11680000,0.11680000,0.11640000,0.11660000,30200.00000000,BEAMUSDT
2022-12-21 04:30:00,0.11640000,0.11670000,0.11630000,0.11640000,26731.00000000,BEAMUSDT
2022-12-21 04:45:00,0.11640000,0.11660000,0.11630000,0.11650000,18520.00000000,BEAMUSDT
2022-12-21 05:00:00,0.11630000,0.11630000,0.11610000,0.11610000,2504.00000000,BEAMUSDT
2022-12-21 05:15:00,0.11630000,0.11670000,0.11610000,0.11650000,25098.00000000,BEAMUSDT
2022-12-21 05:30:00,0.11650000,0.11650000,0.11570000,0.11620000,67879.00000000,BEAMUSDT
2022-12-21 05:45:00,0.11620000,0.11670000,0.11620000,0.11670000,12705.00000000,BEAMUSDT
2022-12-21 06:00:00,0.11650000,0.11670000,0.11640000,0.11640000,1198.00000000,BEAMUSDT
2022-12-21 06:15:00,0.11670000,0.11690000,0.11670000,0.11690000,25325.00000000,BEAMUSDT
2022-12-21 06:30:00,0.11690000,0.11690000,0.11660000,0.11660000,8208.00000000,BEAMUSDT
2022-12-21 06:45:00,0.11660000,0.11750000,0.11640000,0.11720000,61086.00000000,BEAMUSDT
2022-12-21 07:00:00,0.11690000,0.11720000,0.11690000,0.11720000,1376.00000000,BEAMUSDT
2022-12-21 07:15:00,0.11700000,0.11700000,0.11650000,0.11650000,21901.00000000,BEAMUSDT
2022-12-21 07:30:00,0.11650000,0.11670000,0.11630000,0.11660000,27030.00000000,BEAMUSDT
2022-12-21 07:45:00,0.11680000,0.11680000,0.11650000,0.11650000,960.00000000,BEAMUSDT
2022-12-21 08:00:00,0.11650000,0.11650000,0.11640000,0.11640000,2465.00000000,BEAMUSDT
2022-12-21 08:15:00,0.11640000,0.11640000,0.11610000,0.11610000,14156.00000000,BEAMUSDT
2022-12-21 08:30:00,0.11610000,0.11680000,0.11570000,0.11670000,58401.00000000,BEAMUSDT
2022-12-21 08:45:00,0.11670000,0.11670000,0.11560000,0.11600000,44019.00000000,BEAMUSDT
2022-12-21 09:00:00,0.11620000,0.11650000,0.11620000,0.11650000,18056.00000000,BEAMUSDT
2022-12-21 09:15:00,0.11650000,0.11790000,0.11650000,0.11710000,108380.00000000,BEAMUSDT
2022-12-21 09:30:00,0.11700000,0.11850000,0.11640000,0.11720000,71974.00000000,BEAMUSDT
2022-12-21 09:45:00,0.11730000,0.11870000,0.11730000,0.11810000,67465.00000000,BEAMUSDT
2022-12-21 10:00:00,0.11820000,0.11870000,0.11810000,0.11860000,40697.00000000,BEAMUSDT
2022-12-21 10:15:00,0.11840000,0.11840000,0.11790000,0.11810000,78192.00000000,BEAMUSDT
2022-12-21 10:30:00,0.11790000,0.11790000,0.11700000,0.11700000,24675.00000000,BEAMUSDT
2022-12-21 10:45:00,0.11710000,0.11740000,0.11700000,0.11710000,14587.00000000,BEAMUSDT
2022-12-21 11:00:00,0.11750000,0.11790000,0.11710000,0.11760000,24745.00000000,BEAMUSDT
2022-12-21 11:15:00,0.11750000,0.11930000,0.11690000,0.11820000,99120.00000000,BEAMUSDT
2022-12-21 11:30:00,0.11830000,0.11890000,0.11820000,0.11820000,7595.00000000,BEAMUSDT
2022-12-21 11:45:00,0.11820000,0.11840000,0.11810000,0.11820000,4538.00000000,BEAMUSDT
2022-12-21 12:00:00,0.11840000,0.11950000,0.11840000,0.11890000,53303.00000000,BEAMUSDT
2022-12-21 12:15:00,0.11890000,0.12000000,0.11890000,0.11970000,57987.00000000,BEAMUSDT
2022-12-21 12:30:00,0.11970000,0.11970000,0.11760000,0.11880000,74898.00000000,BEAMUSDT
2022-12-21 12:45:00,0.11870000,0.11880000,0.11810000,0.11860000,10160.00000000,BEAMUSDT
2022-12-21 13:00:00,0.11860000,0.11930000,0.11860000,0.11930000,20190.00000000,BEAMUSDT
2022-12-21 13:15:00,0.11920000,0.11930000,0.11860000,0.11890000,24904.00000000,BEAMUSDT
2022-12-21 13:30:00,0.11890000,0.11920000,0.11870000,0.11870000,7753.00000000,BEAMUSDT
2022-12-21 13:45:00,0.11900000,0.11900000,0.11680000,0.11780000,84280.00000000,BEAMUSDT
2022-12-21 14:00:00,0.11800000,0.11830000,0.11780000,0.11830000,28086.00000000,BEAMUSDT
2022-12-21 14:15:00,0.11790000,0.12000000,0.11790000,0.11880000,109575.00000000,BEAMUSDT
2022-12-21 14:30:00,0.11900000,0.12000000,0.11830000,0.11870000,134027.00000000,BEAMUSDT
2022-12-21 14:45:00,0.11830000,0.11900000,0.11810000,0.11820000,20997.00000000,BEAMUSDT
2022-12-21 15:00:00,0.11820000,0.11860000,0.11790000,0.11840000,47742.00000000,BEAMUSDT
2022-12-21 15:15:00,0.11800000,0.11820000,0.11750000,0.11780000,21129.00000000,BEAMUSDT
2022-12-21 15:30:00,0.11810000,0.11810000,0.11780000,0.11810000,816.00000000,BEAMUSDT
2022-12-21 15:45:00,0.11780000,0.11820000,0.11770000,0.11820000,8747.00000000,BEAMUSDT
2022-12-21 16:00:00,0.11830000,0.11890000,0.11830000,0.11890000,44261.00000000,BEAMUSDT
2022-12-21 16:15:00,0.11880000,0.11910000,0.11670000,0.11860000,110088.00000000,BEAMUSDT
2022-12-21 16:30:00,0.11820000,0.11820000,0.11770000,0.11780000,15006.00000000,BEAMUSDT
2022-12-21 16:45:00,0.11780000,0.11800000,0.11760000,0.11780000,15409.00000000,BEAMUSDT
2022-12-21 17:00:00,0.11760000,0.11790000,0.11690000,0.11740000,28200.00000000,BEAMUSDT
2022-12-21 17:15:00,0.11720000,0.11800000,0.11700000,0.11800000,32886.00000000,BEAMUSDT
2022-12-21 17:30:00,0.11790000,0.11810000,0.11770000,0.11790000,9098.00000000,BEAMUSDT
2022-12-21 17:45:00,0.11810000,0.11830000,0.11780000,0.11810000,12854.00000000,BEAMUSDT
2022-12-21 18:00:00,0.11830000,0.11910000,0.11790000,0.11850000,65978.00000000,BEAMUSDT
2022-12-21 18:15:00,0.11830000,0.11850000,0.11800000,0.11830000,10730.00000000,BEAMUSDT
2022-12-21 18:30:00,0.11830000,0.11860000,0.11800000,0.11840000,3503.00000000,BEAMUSDT
2022-12-21 18:45:00,0.11840000,0.11870000,0.11820000,0.11840000,1887.00000000,BEAMUSDT
2022-12-21 19:00:00,0.11860000,0.11860000,0.11810000,0.11810000,6826.00000000,BEAMUSDT
2022-12-21 19:15:00,0.11830000,0.11830000,0.11750000,0.11750000,34474.00000000,BEAMUSDT
2022-12-21 19:30:00,0.11750000,0.11800000,0.11750000,0.11760000,12187.00000000,BEAMUSDT
2022-12-21 19:45:00,0.11810000,0.11820000,0.11770000,0.11770000,6669.00000000,BEAMUSDT
2022-12-21 20:00:00,0.11790000,0.11790000,0.11740000,0.11770000,16895.00000000,BEAMUSDT
2022-12-21 20:15:00,0.11760000,0.11780000,0.11720000,0.11730000,9726.00000000,BEAMUSDT
2022-12-21 20:30:00,0.11740000,0.11780000,0.11740000,0.11750000,6175.00000000,BEAMUSDT
2022-12-21 20:45:00,0.11730000,0.11730000,0.11690000,0.11720000,14617.00000000,BEAMUSDT
2022-12-21 21:00:00,0.11750000,0.11750000,0.11710000,0.11720000,3119.00000000,BEAMUSDT
2022-12-21 21:15:00,0.11720000,0.11740000,0.11610000,0.11650000,85851.00000000,BEAMUSDT
2022-12-21 21:30:00,0.11630000,0.11690000,0.11610000,0.11690000,29145.00000000,BEAMUSDT
2022-12-21 21:45:00,0.11690000,0.11710000,0.11620000,0.11710000,39684.00000000,BEAMUSDT
2022-12-21 22:00:00,0.11680000,0.11690000,0.11670000,0.11690000,1496.00000000,BEAMUSDT
2022-12-21 22:15:00,0.11670000,0.11710000,0.11670000,0.11670000,8730.00000000,BEAMUSDT
2022-12-21 22:30:00,0.11670000,0.11700000,0.11660000,0.11690000,4802.00000000,BEAMUSDT
2022-12-21 22:45:00,0.11690000,0.11690000,0.11650000,0.11660000,9826.00000000,BEAMUSDT
2022-12-21 23:00:00,0.11650000,0.11660000,0.11650000,0.11660000,969.00000000,BEAMUSDT
2022-12-21 23:15:00,0.11660000,0.11690000,0.11650000,0.11670000,12045.00000000,BEAMUSDT
2022-12-21 23:30:00,0.11690000,0.11740000,0.11680000,0.11730000,23541.00000000,BEAMUSDT
2022-12-21 23:45:00,0.11690000,0.11690000,0.11690000,0.11690000,1526.00000000,BEAMUSDT
2022-12-22 00:00:00,0.11690000,0.11820000,0.11690000,0.11780000,73601.00000000,BEAMUSDT
2022-12-22 00:15:00,0.11750000,0.11770000,0.11750000,0.11770000,728.00000000,BEAMUSDT
2022-12-22 00:30:00,0.11750000,0.11760000,0.11740000,0.11760000,2976.00000000,BEAMUSDT
2022-12-22 00:45:00,0.11730000,0.11740000,0.11730000,0.11740000,309.00000000,BEAMUSDT
2022-12-22 01:00:00,0.11730000,0.11730000,0.11710000,0.11730000,14272.00000000,BEAMUSDT
2022-12-22 01:15:00,0.11750000,0.11750000,0.11750000,0.11750000,347.00000000,BEAMUSDT
2022-12-22 01:30:00,0.11740000,0.11830000,0.11730000,0.11770000,41109.00000000,BEAMUSDT
2022-12-22 01:45:00,0.11760000,0.11770000,0.11740000,0.11770000,11945.00000000,BEAMUSDT
2022-12-22 02:00:00,0.11760000,0.11840000,0.11760000,0.11800000,22010.00000000,BEAMUSDT
2022-12-22 02:15:00,0.11810000,0.11810000,0.11780000,0.11780000,1367.00000000,BEAMUSDT
2022-12-22 02:30:00,0.11780000,0.11780000,0.11780000,0.11780000,2955.00000000,BEAMUSDT
2022-12-22 02:45:00,0.11810000,0.11820000,0.11800000,0.11810000,12996.00000000,BEAMUSDT
2022-12-22 03:00:00,0.11810000,0.11810000,0.11780000,0.11780000,3630.00000000,BEAMUSDT
2022-12-22 03:15:00,0.11800000,0.11840000,0.11800000,0.11840000,6219.00000000,BEAMUSDT
2022-12-22 03:30:00,0.11830000,0.11840000,0.11810000,0.11810000,10308.00000000,BEAMUSDT
2022-12-22 03:45:00,0.11820000,0.11820000,0.11810000,0.11810000,439.00000000,BEAMUSDT
2022-12-22 04:00:00,0.11810000,0.11810000,0.11810000,0.11810000,9271.00000000,BEAMUSDT
2022-12-22 04:15:00,0.11830000,0.11830000,0.11820000,0.11820000,2308.00000000,BEAMUSDT
2022-12-22 04:30:00,0.11820000,0.11840000,0.11820000,0.11840000,19567.00000000,BEAMUSDT
2022-12-22 04:45:00,0.11850000,0.11860000,0.11840000,0.11860000,29211.00000000,BEAMUSDT
2022-12-22 05:00:00,0.11870000,0.11960000,0.11870000,0.11940000,81207.00000000,BEAMUSDT
2022-12-22 05:15:00,0.11910000,0.11950000,0.11850000,0.11860000,45228.00000000,BEAMUSDT
2022-12-22 05:30:00,0.11840000,0.11880000,0.11840000,0.11870000,50298.00000000,BEAMUSDT
2022-12-22 05:45:00,0.11860000,0.12010000,0.11860000,0.11940000,107089.00000000,BEAMUSDT
2022-12-22 06:00:00,0.11930000,0.11980000,0.11900000,0.11950000,29928.00000000,BEAMUSDT
2022-12-22 06:15:00,0.11940000,0.12000000,0.11930000,0.11930000,29890.00000000,BEAMUSDT
2022-12-22 06:30:00,0.11940000,0.11950000,0.11840000,0.11850000,25888.00000000,BEAMUSDT
2022-12-22 06:45:00,0.11860000,0.11870000,0.11840000,0.11850000,18423.00000000,BEAMUSDT
2022-12-22 07:00:00,0.11850000,0.12000000,0.11780000,0.11840000,117969.00000000,BEAMUSDT
2022-12-22 07:15:00,0.11880000,0.12020000,0.11880000,0.11990000,86380.00000000,BEAMUSDT
2022-12-22 07:30:00,0.12020000,0.12100000,0.11920000,0.11940000,146470.00000000,BEAMUSDT
2022-12-22 07:45:00,0.11940000,0.12090000,0.11900000,0.12020000,100640.00000000,BEAMUSDT
2022-12-22 08:00:00,0.11990000,0.12000000,0.11930000,0.12000000,14034.00000000,BEAMUSDT
2022-12-22 08:15:00,0.11970000,0.12000000,0.11870000,0.11960000,53874.00000000,BEAMUSDT
2022-12-22 08:30:00,0.11940000,0.11990000,0.11940000,0.11950000,16189.00000000,BEAMUSDT
2022-12-22 08:45:00,0.11950000,0.11970000,0.11940000,0.11940000,8413.00000000,BEAMUSDT
2022-12-22 09:00:00,0.11960000,0.11960000,0.11950000,0.11950000,4576.00000000,BEAMUSDT
2022-12-22 09:15:00,0.11950000,0.11990000,0.11930000,0.11980000,40717.00000000,BEAMUSDT
2022-12-22 09:30:00,0.11990000,0.11990000,0.11960000,0.11980000,1401.00000000,BEAMUSDT
2022-12-22 09:45:00,0.11980000,0.12160000,0.11940000,0.12110000,151989.00000000,BEAMUSDT
2022-12-22 10:00:00,0.12110000,0.12320000,0.12100000,0.12300000,477683.00000000,BEAMUSDT
2022-12-22 10:15:00,0.12300000,0.12490000,0.12230000,0.12290000,782386.00000000,BEAMUSDT
2022-12-22 10:30:00,0.12280000,0.12410000,0.12100000,0.12150000,378327.00000000,BEAMUSDT
2022-12-22 10:45:00,0.12120000,0.12230000,0.12120000,0.12170000,73329.00000000,BEAMUSDT
2022-12-22 11:00:00,0.12200000,0.12300000,0.12110000,0.12300000,113713.00000000,BEAMUSDT
2022-12-22 11:15:00,0.12300000,0.12300000,0.12100000,0.12240000,85256.00000000,BEAMUSDT
2022-12-22 11:30:00,0.12240000,0.12240000,0.12150000,0.12170000,19666.00000000,BEAMUSDT
2022-12-22 11:45:00,0.12170000,0.12280000,0.12140000,0.12160000,55047.00000000,BEAMUSDT
2022-12-22 12:00:00,0.12190000,0.12270000,0.12190000,0.12210000,18077.00000000,BEAMUSDT
2022-12-22 12:15:00,0.12210000,0.12240000,0.12160000,0.12190000,25042.00000000,BEAMUSDT
2022-12-22 12:30:00,0.12190000,0.12190000,0.12010000,0.12060000,293691.00000000,BEAMUSDT
2022-12-22 12:45:00,0.12090000,0.12140000,0.12080000,0.12140000,20233.00000000,BEAMUSDT
2022-12-22 13:00:00,0.12140000,0.12150000,0.12020000,0.12150000,96634.00000000,BEAMUSDT
2022-12-22 13:15:00,0.12110000,0.12190000,0.12100000,0.12140000,29817.00000000,BEAMUSDT
2022-12-22 13:30:00,0.12090000,0.12120000,0.12040000,0.12120000,21253.00000000,BEAMUSDT
2022-12-22 13:45:00,0.12120000,0.12120000,0.12010000,0.12030000,94045.00000000,BEAMUSDT
2022-12-22 14:00:00,0.12020000,0.12120000,0.11930000,0.12000000,169724.00000000,BEAMUSDT
2022-12-22 14:15:00,0.12000000,0.12100000,0.12000000,0.12060000,26343.00000000,BEAMUSDT
2022-12-22 14:30:00,0.12060000,0.12060000,0.11940000,0.11950000,91075.00000000,BEAMUSDT
2022-12-22 14:45:00,0.11950000,0.11950000,0.11850000,0.11940000,163024.00000000,BEAMUSDT
2022-12-22 15:00:00,0.11920000,0.11940000,0.11870000,0.11910000,66936.00000000,BEAMUSDT
2022-12-22 15:15:00,0.11920000,0.12010000,0.11920000,0.11960000,64501.00000000,BEAMUSDT
2022-12-22 15:30:00,0.11960000,0.11960000,0.11860000,0.11860000,66200.00000000,BEAMUSDT
2022-12-22 15:45:00,0.11880000,0.11970000,0.11810000,0.11890000,112418.00000000,BEAMUSDT
2022-12-22 16:00:00,0.11900000,0.11930000,0.11840000,0.11900000,28782.00000000,BEAMUSDT
2022-12-22 16:15:00,0.11910000,0.11990000,0.11900000,0.11990000,32921.00000000,BEAMUSDT
2022-12-22 16:30:00,0.11990000,0.11990000,0.11830000,0.11880000,56716.00000000,BEAMUSDT
2022-12-22 16:45:00,0.11890000,0.11900000,0.11890000,0.11890000,12034.00000000,BEAMUSDT
2022-12-22 17:00:00,0.11890000,0.11960000,0.11860000,0.11890000,75224.00000000,BEAMUSDT
2022-12-22 17:15:00,0.11890000,0.11900000,0.11870000,0.11880000,101657.00000000,BEAMUSDT
2022-12-22 17:30:00,0.11870000,0.11910000,0.11870000,0.11880000,3975.00000000,BEAMUSDT
2022-12-22 17:45:00,0.11910000,0.11980000,0.11830000,0.11830000,67577.00000000,BEAMUSDT
2022-12-22 18:00:00,0.11840000,0.11900000,0.11840000,0.11900000,49280.00000000,BEAMUSDT
2022-12-22 18:15:00,0.11900000,0.11900000,0.11850000,0.11850000,5301.00000000,BEAMUSDT
2022-12-22 18:30:00,0.11840000,0.11840000,0.11810000,0.11820000,24390.00000000,BEAMUSDT
2022-12-22 18:45:00,0.11820000,0.11850000,0.11780000,0.11850000,73246.00000000,BEAMUSDT
2022-12-22 19:00:00,0.11840000,0.11840000,0.11780000,0.11810000,9489.00000000,BEAMUSDT
2022-12-22 19:15:00,0.11800000,0.11800000,0.11770000,0.11790000,16554.00000000,BEAMUSDT
2022-12-22 19:30:00,0.11780000,0.11850000,0.11770000,0.11850000,20987.00000000,BEAMUSDT
2022-12-22 19:45:00,0.11850000,0.11850000,0.11810000,0.11840000,7835.00000000,BEAMUSDT
2022-12-22 20:00:00,0.11820000,0.11860000,0.11820000,0.11860000,21198.00000000,BEAMUSDT
2022-12-22 20:15:00,0.11860000,0.11980000,0.11840000,0.11970000,51389.00000000,BEAMUSDT
2022-12-22 20:30:00,0.11970000,0.12060000,0.11880000,0.11920000,104327.00000000,BEAMUSDT
2022-12-22 20:45:00,0.11930000,0.11930000,0.11890000,0.11900000,13643.00000000,BEAMUSDT
2022-12-22 21:00:00,0.11900000,0.11910000,0.11840000,0.11860000,23918.00000000,BEAMUSDT
2022-12-22 21:15:00,0.11860000,0.11880000,0.11850000,0.11860000,14782.00000000,BEAMUSDT
2022-12-22 21:30:00,0.11870000,0.11880000,0.11840000,0.11870000,48929.00000000,BEAMUSDT
2022-12-22 21:45:00,0.11860000,0.11880000,0.11860000,0.11870000,7581.00000000,BEAMUSDT
2022-12-22 22:00:00,0.11880000,0.11920000,0.11880000,0.11920000,15106.00000000,BEAMUSDT
2022-12-22 22:15:00,0.11920000,0.11970000,0.11910000,0.11970000,51281.00000000,BEAMUSDT
2022-12-22 22:30:00,0.11960000,0.11970000,0.11940000,0.11940000,17094.00000000,BEAMUSDT
2022-12-22 22:45:00,0.11940000,0.11960000,0.11940000,0.11960000,11231.00000000,BEAMUSDT
2022-12-22 23:00:00,0.11960000,0.12160000,0.11950000,0.12020000,129466.00000000,BEAMUSDT
2022-12-22 23:15:00,0.12010000,0.12010000,0.11990000,0.11990000,7525.00000000,BEAMUSDT
2022-12-22 23:30:00,0.11990000,0.12060000,0.11990000,0.12050000,27785.00000000,BEAMUSDT
2022-12-22 23:45:00,0.12040000,0.12050000,0.11960000,0.12010000,40642.00000000,BEAMUSDT
2022-12-23 00:00:00,0.12030000,0.12030000,0.11970000,0.12010000,8185.00000000,BEAMUSDT
2022-12-23 00:15:00,0.11990000,0.12040000,0.11970000,0.11970000,19297.00000000,BEAMUSDT
2022-12-23 00:30:00,0.11990000,0.12000000,0.11990000,0.12000000,744.00000000,BEAMUSDT
2022-12-23 00:45:00,0.11980000,0.11980000,0.11930000,0.11960000,25736.00000000,BEAMUSDT
2022-12-23 01:00:00,0.11960000,0.11970000,0.11930000,0.11950000,18201.00000000,BEAMUSDT
2022-12-23 01:15:00,0.11960000,0.11960000,0.11930000,0.11960000,1142.00000000,BEAMUSDT
2022-12-23 01:30:00,0.11980000,0.11980000,0.11930000,0.11970000,5530.00000000,BEAMUSDT
2022-12-23 01:45:00,0.11970000,0.11970000,0.11970000,0.11970000,1754.00000000,BEAMUSDT
2022-12-23 02:00:00,0.11970000,0.11980000,0.11950000,0.11980000,1923.00000000,BEAMUSDT
2022-12-23 02:15:00,0.11980000,0.11980000,0.11940000,0.11940000,6381.00000000,BEAMUSDT
2022-12-23 02:30:00,0.11940000,0.11960000,0.11940000,0.11960000,282.00000000,BEAMUSDT
2022-12-23 02:45:00,0.11940000,0.11980000,0.11940000,0.11980000,1502.00000000,BEAMUSDT
2022-12-23 03:00:00,0.11990000,0.12000000,0.11960000,0.12000000,6967.00000000,BEAMUSDT
2022-12-23 03:15:00,0.11960000,0.12000000,0.11950000,0.11950000,6400.00000000,BEAMUSDT
2022-12-23 03:30:00,0.11950000,0.11950000,0.11930000,0.11930000,8199.00000000,BEAMUSDT
2022-12-23 03:45:00,0.11950000,0.11980000,0.11950000,0.11960000,4582.00000000,BEAMUSDT
2022-12-23 04:00:00,0.11960000,0.11990000,0.11960000,0.11990000,10905.00000000,BEAMUSDT
2022-12-23 04:15:00,0.11960000,0.11970000,0.11940000,0.11940000,5611.00000000,BEAMUSDT
2022-12-23 04:30:00,0.11950000,0.11950000,0.11910000,0.11910000,23658.00000000,BEAMUSDT
2022-12-23 04:45:00,0.11930000,0.12100000,0.11920000,0.11980000,80940.00000000,BEAMUSDT
2022-12-23 05:00:00,0.12000000,0.12000000,0.11940000,0.11980000,23328.00000000,BEAMUSDT
2022-12-23 05:15:00,0.11980000,0.12200000,0.11980000,0.12190000,196732.00000000,BEAMUSDT
2022-12-23 05:30:00,0.12150000,0.12220000,0.12110000,0.12210000,102632.00000000,BEAMUSDT
2022-12-23 05:45:00,0.12180000,0.12230000,0.12180000,0.12210000,65019.00000000,BEAMUSDT
2022-12-23 06:00:00,0.12220000,0.12220000,0.12110000,0.12110000,51587.00000000,BEAMUSDT
2022-12-23 06:15:00,0.12120000,0.12130000,0.11970000,0.12030000,100554.00000000,BEAMUSDT
2022-12-23 06:30:00,0.12020000,0.12040000,0.11990000,0.12040000,28037.00000000,BEAMUSDT
2022-12-23 06:45:00,0.12030000,0.12050000,0.11990000,0.12020000,26699.00000000,BEAMUSDT
2022-12-23 07:00:00,0.12030000,0.12130000,0.12020000,0.12030000,46022.00000000,BEAMUSDT
2022-12-23 07:15:00,0.12080000,0.12080000,0.12060000,0.12060000,9795.00000000,BEAMUSDT
2022-12-23 07:30:00,0.12060000,0.12060000,0.12020000,0.12060000,22791.00000000,BEAMUSDT
2022-12-23 07:45:00,0.12060000,0.12070000,0.12040000,0.12040000,4730.00000000,BEAMUSDT
2022-12-23 08:00:00,0.12070000,0.12070000,0.11990000,0.11990000,29470.00000000,BEAMUSDT
2022-12-23 08:15:00,0.12000000,0.12080000,0.12000000,0.12060000,25341.00000000,BEAMUSDT
2022-12-23 08:30:00,0.12060000,0.12060000,0.11980000,0.12020000,54604.00000000,BEAMUSDT
2022-12-23 08:45:00,0.12030000,0.12050000,0.11960000,0.11990000,28083.00000000,BEAMUSDT
2022-12-23 09:00:00,0.11970000,0.12270000,0.11970000,0.12150000,208628.00000000,BEAMUSDT
2022-12-23 09:15:00,0.12150000,0.12150000,0.12050000,0.12050000,37953.00000000,BEAMUSDT
2022-12-23 09:30:00,0.12050000,0.12140000,0.12050000,0.12110000,15254.00000000,BEAMUSDT
2022-12-23 09:45:00,0.12100000,0.12110000,0.12070000,0.12070000,31581.00000000,BEAMUSDT
2022-12-23 10:00:00,0.12070000,0.12120000,0.12070000,0.12100000,16555.00000000,BEAMUSDT
2022-12-23 10:15:00,0.12080000,0.12100000,0.12070000,0.12090000,5813.00000000,BEAMUSDT
2022-12-23 10:30:00,0.12090000,0.12090000,0.12070000,0.12090000,15460.00000000,BEAMUSDT
2022-12-23 10:45:00,0.12090000,0.12090000,0.12070000,0.12080000,13081.00000000,BEAMUSDT
2022-12-23 11:00:00,0.12070000,0.12110000,0.12070000,0.12110000,18809.00000000,BEAMUSDT
2022-12-23 11:15:00,0.12090000,0.12110000,0.12070000,0.12100000,18180.00000000,BEAMUSDT
2022-12-23 11:30:00,0.12090000,0.12090000,0.12050000,0.12070000,23336.00000000,BEAMUSDT
2022-12-23 11:45:00,0.12070000,0.12100000,0.12070000,0.12080000,4276.00000000,BEAMUSDT
2022-12-23 12:00:00,0.12080000,0.12090000,0.12030000,0.12030000,18434.00000000,BEAMUSDT
2022-12-23 12:15:00,0.12030000,0.12070000,0.12020000,0.12060000,13072.00000000,BEAMUSDT
2022-12-23 12:30:00,0.12030000,0.12060000,0.12010000,0.12010000,9665.00000000,BEAMUSDT
2022-12-23 12:45:00,0.12010000,0.12050000,0.11990000,0.12010000,46455.00000000,BEAMUSDT
2022-12-23 13:00:00,0.12040000,0.12050000,0.11970000,0.12000000,27227.00000000,BEAMUSDT
2022-12-23 13:15:00,0.12000000,0.12100000,0.11980000,0.12030000,71646.00000000,BEAMUSDT
2022-12-23 13:30:00,0.12020000,0.12050000,0.11970000,0.12010000,19952.00000000,BEAMUSDT
2022-12-23 13:45:00,0.12010000,0.12080000,0.12000000,0.12040000,50461.00000000,BEAMUSDT
2022-12-23 14:00:00,0.12020000,0.12060000,0.11980000,0.12050000,17452.00000000,BEAMUSDT
2022-12-23 14:15:00,0.12040000,0.12040000,0.12000000,0.12010000,14563.00000000,BEAMUSDT
2022-12-23 14:30:00,0.12010000,0.12110000,0.11950000,0.11990000,47375.00000000,BEAMUSDT
2022-12-23 14:45:00,0.11990000,0.12050000,0.11970000,0.12050000,17392.00000000,BEAMUSDT
2022-12-23 15:00:00,0.12050000,0.12060000,0.12030000,0.12030000,5093.00000000,BEAMUSDT
2022-12-23 15:15:00,0.12050000,0.12070000,0.12010000,0.12010000,22795.00000000,BEAMUSDT
2022-12-23 15:30:00,0.12010000,0.12080000,0.12000000,0.12020000,41487.00000000,BEAMUSDT
2022-12-23 15:45:00,0.12040000,0.12040000,0.12000000,0.12010000,58930.00000000,BEAMUSDT
2022-12-23 16:00:00,0.12010000,0.12030000,0.11990000,0.12030000,9633.00000000,BEAMUSDT
2022-12-23 16:15:00,0.12030000,0.12030000,0.11980000,0.12010000,72746.00000000,BEAMUSDT
2022-12-23 16:30:00,0.12010000,0.12010000,0.11960000,0.11980000,13320.00000000,BEAMUSDT
2022-12-23 16:45:00,0.11960000,0.11990000,0.11960000,0.11990000,2854.00000000,BEAMUSDT
2022-12-23 17:00:00,0.11990000,0.12030000,0.11960000,0.12030000,26927.00000000,BEAMUSDT
2022-12-23 17:15:00,0.12020000,0.12030000,0.12000000,0.12010000,1095.00000000,BEAMUSDT
2022-12-23 17:30:00,0.11990000,0.12040000,0.11990000,0.12000000,61987.00000000,BEAMUSDT
2022-12-23 17:45:00,0.11990000,0.12020000,0.11980000,0.12020000,5722.00000000,BEAMUSDT
2022-12-23 18:00:00,0.12020000,0.12030000,0.12000000,0.12010000,4136.00000000,BEAMUSDT
2022-12-23 18:15:00,0.12000000,0.12120000,0.12000000,0.12110000,25440.00000000,BEAMUSDT
2022-12-23 18:30:00,0.12100000,0.12140000,0.12030000,0.12110000,73930.00000000,BEAMUSDT
2022-12-23 18:45:00,0.12100000,0.12190000,0.12080000,0.12140000,152333.00000000,BEAMUSDT
2022-12-23 19:00:00,0.12170000,0.12170000,0.12060000,0.12080000,156183.00000000,BEAMUSDT
2022-12-23 19:15:00,0.12080000,0.12100000,0.12010000,0.12100000,33826.00000000,BEAMUSDT
2022-12-23 19:30:00,0.12060000,0.12100000,0.12030000,0.12070000,24386.00000000,BEAMUSDT
2022-12-23 19:45:00,0.12040000,0.12070000,0.12020000,0.12060000,32962.00000000,BEAMUSDT
2022-12-23 20:00:00,0.12030000,0.12060000,0.12030000,0.12050000,3184.00000000,BEAMUSDT
2022-12-23 20:15:00,0.12050000,0.12060000,0.11980000,0.12010000,41081.00000000,BEAMUSDT
2022-12-23 20:30:00,0.12030000,0.12030000,0.11950000,0.11970000,40505.00000000,BEAMUSDT
2022-12-23 20:45:00,0.11970000,0.12020000,0.11940000,0.11960000,34358.00000000,BEAMUSDT
2022-12-23 21:00:00,0.11960000,0.11970000,0.11920000,0.11920000,31278.00000000,BEAMUSDT
2022-12-23 21:15:00,0.11910000,0.11990000,0.11900000,0.11950000,68184.00000000,BEAMUSDT
2022-12-23 21:30:00,0.11940000,0.11980000,0.11910000,0.11930000,37706.00000000,BEAMUSDT
2022-12-23 21:45:00,0.11940000,0.11960000,0.11910000,0.11920000,17407.00000000,BEAMUSDT
2022-12-23 22:00:00,0.11920000,0.11940000,0.11920000,0.11920000,5404.00000000,BEAMUSDT
2022-12-23 22:15:00,0.11920000,0.11940000,0.11900000,0.11910000,9672.00000000,BEAMUSDT
2022-12-23 22:30:00,0.11910000,0.11930000,0.11900000,0.11900000,28832.00000000,BEAMUSDT
2022-12-23 22:45:00,0.11900000,0.11970000,0.11900000,0.11930000,33848.00000000,BEAMUSDT
2022-12-23 23:00:00,0.11950000,0.11950000,0.11870000,0.11870000,32479.00000000,BEAMUSDT
2022-12-23 23:15:00,0.11870000,0.11890000,0.11790000,0.11870000,131308.00000000,BEAMUSDT
2022-12-23 23:30:00,0.11840000,0.11870000,0.11820000,0.11820000,13555.00000000,BEAMUSDT
2022-12-23 23:45:00,0.11820000,0.11860000,0.11810000,0.11810000,4467.00000000,BEAMUSDT
2022-12-24 00:00:00,0.11830000,0.11890000,0.11810000,0.11860000,33637.00000000,BEAMUSDT
2022-12-24 00:15:00,0.11860000,0.11880000,0.11840000,0.11850000,5019.00000000,BEAMUSDT
2022-12-24 00:30:00,0.11860000,0.11860000,0.11810000,0.11810000,7796.00000000,BEAMUSDT
2022-12-24 00:45:00,0.11830000,0.11850000,0.11800000,0.11820000,18064.00000000,BEAMUSDT
2022-12-24 01:00:00,0.11800000,0.12080000,0.11800000,0.11930000,178330.00000000,BEAMUSDT
2022-12-24 01:15:00,0.11940000,0.11960000,0.11890000,0.11910000,42879.00000000,BEAMUSDT
2022-12-24 01:30:00,0.11930000,0.11980000,0.11920000,0.11930000,32206.00000000,BEAMUSDT
2022-12-24 01:45:00,0.11930000,0.11990000,0.11860000,0.11880000,49161.00000000,BEAMUSDT
2022-12-24 02:00:00,0.11880000,0.11980000,0.11870000,0.11930000,37016.00000000,BEAMUSDT
2022-12-24 02:15:00,0.11910000,0.11960000,0.11910000,0.11940000,27024.00000000,BEAMUSDT
2022-12-24 02:30:00,0.11940000,0.11940000,0.11910000,0.11910000,6284.00000000,BEAMUSDT
2022-12-24 02:45:00,0.11910000,0.11940000,0.11910000,0.11910000,4764.00000000,BEAMUSDT
2022-12-24 03:00:00,0.11910000,0.11940000,0.11900000,0.11900000,2175.00000000,BEAMUSDT
2022-12-24 03:15:00,0.11900000,0.11920000,0.11890000,0.11890000,7985.00000000,BEAMUSDT
2022-12-24 03:30:00,0.11890000,0.11890000,0.11830000,0.11860000,58925.00000000,BEAMUSDT
2022-12-24 03:45:00,0.11860000,0.11910000,0.11830000,0.11900000,61222.00000000,BEAMUSDT
2022-12-24 04:00:00,0.11910000,0.11920000,0.11890000,0.11910000,5522.00000000,BEAMUSDT
2022-12-24 04:15:00,0.11920000,0.11930000,0.11830000,0.11880000,109357.00000000,BEAMUSDT
2022-12-24 04:30:00,0.11880000,0.11880000,0.11840000,0.11850000,32444.00000000,BEAMUSDT
2022-12-24 04:45:00,0.11870000,0.11920000,0.11860000,0.11860000,18387.00000000,BEAMUSDT
2022-12-24 05:00:00,0.11860000,0.11910000,0.11850000,0.11900000,7530.00000000,BEAMUSDT
2022-12-24 05:15:00,0.11900000,0.11900000,0.11900000,0.11900000,2344.00000000,BEAMUSDT
2022-12-24 05:30:00,0.11900000,0.11900000,0.11860000,0.11860000,14683.00000000,BEAMUSDT
2022-12-24 05:45:00,0.11860000,0.11870000,0.11850000,0.11850000,5782.00000000,BEAMUSDT
2022-12-24 06:00:00,0.11850000,0.11850000,0.11830000,0.11830000,9756.00000000,BEAMUSDT
2022-12-24 06:15:00,0.11830000,0.11850000,0.11830000,0.11830000,6112.00000000,BEAMUSDT
2022-12-24 06:30:00,0.11830000,0.11900000,0.11830000,0.11880000,19491.00000000,BEAMUSDT
2022-12-24 06:45:00,0.11880000,0.11890000,0.11850000,0.11860000,5085.00000000,BEAMUSDT
2022-12-24 07:00:00,0.11850000,0.11860000,0.11830000,0.11830000,10499.00000000,BEAMUSDT
2022-12-24 07:15:00,0.11830000,0.11830000,0.11780000,0.11810000,67069.00000000,BEAMUSDT
2022-12-24 07:30:00,0.11810000,0.11840000,0.11810000,0.11810000,44406.00000000,BEAMUSDT
2022-12-24 07:45:00,0.11830000,0.11900000,0.11810000,0.11860000,33790.00000000,BEAMUSDT
2022-12-24 08:00:00,0.11870000,0.11870000,0.11770000,0.11780000,57572.00000000,BEAMUSDT
2022-12-24 08:15:00,0.11790000,0.11810000,0.11770000,0.11770000,10904.00000000,BEAMUSDT
2022-12-24 08:30:00,0.11770000,0.11790000,0.11770000,0.11770000,3828.00000000,BEAMUSDT
2022-12-24 08:45:00,0.11770000,0.11860000,0.11770000,0.11770000,25119.00000000,BEAMUSDT
2022-12-24 09:00:00,0.11770000,0.11790000,0.11760000,0.11760000,19101.00000000,BEAMUSDT
2022-12-24 09:15:00,0.11780000,0.11830000,0.11780000,0.11810000,13347.00000000,BEAMUSDT
2022-12-24 09:30:00,0.11820000,0.11870000,0.11800000,0.11830000,63511.00000000,BEAMUSDT
2022-12-24 09:45:00,0.11830000,0.11860000,0.11830000,0.11840000,2992.00000000,BEAMUSDT
2022-12-24 10:00:00,0.11840000,0.11860000,0.11810000,0.11810000,13733.00000000,BEAMUSDT
2022-12-24 10:15:00,0.11850000,0.11850000,0.11800000,0.11800000,12767.00000000,BEAMUSDT
2022-12-24 10:30:00,0.11810000,0.11820000,0.11800000,0.11800000,50991.00000000,BEAMUSDT
2022-12-24 10:45:00,0.11800000,0.11810000,0.11800000,0.11810000,285.00000000,BEAMUSDT
2022-12-24 11:00:00,0.11800000,0.11820000,0.11800000,0.11810000,9502.00000000,BEAMUSDT
2022-12-24 11:15:00,0.11810000,0.11840000,0.11810000,0.11840000,3738.00000000,BEAMUSDT
2022-12-24 11:30:00,0.11840000,0.11850000,0.11840000,0.11840000,5888.00000000,BEAMUSDT
2022-12-24 11:45:00,0.11850000,0.11900000,0.11850000,0.11850000,19393.00000000,BEAMUSDT
2022-12-24 12:00:00,0.11870000,0.11870000,0.11840000,0.11840000,15094.00000000,BEAMUSDT
2022-12-24 12:15:00,0.11850000,0.11850000,0.11840000,0.11840000,8579.00000000,BEAMUSDT
2022-12-24 12:30:00,0.11840000,0.11860000,0.11840000,0.11860000,3727.00000000,BEAMUSDT
2022-12-24 12:45:00,0.11860000,0.11860000,0.11830000,0.11830000,6443.00000000,BEAMUSDT
2022-12-24 13:00:00,0.11830000,0.11870000,0.11820000,0.11870000,10563.00000000,BEAMUSDT
2022-12-24 13:15:00,0.11850000,0.11870000,0.11850000,0.11870000,10243.00000000,BEAMUSDT
2022-12-24 13:30:00,0.11850000,0.11870000,0.11820000,0.11820000,12356.00000000,BEAMUSDT
2022-12-24 13:45:00,0.11820000,0.11840000,0.11810000,0.11830000,7403.00000000,BEAMUSDT
2022-12-24 14:00:00,0.11830000,0.11830000,0.11770000,0.11810000,32670.00000000,BEAMUSDT
2022-12-24 14:15:00,0.11790000,0.11810000,0.11760000,0.11780000,13923.00000000,BEAMUSDT
2022-12-24 14:30:00,0.11800000,0.11810000,0.11730000,0.11740000,43021.00000000,BEAMUSDT
2022-12-24 14:45:00,0.11760000,0.11820000,0.11750000,0.11820000,33407.00000000,BEAMUSDT
2022-12-24 15:00:00,0.11790000,0.11810000,0.11760000,0.11770000,8951.00000000,BEAMUSDT
2022-12-24 15:15:00,0.11780000,0.11800000,0.11670000,0.11690000,109932.00000000,BEAMUSDT
2022-12-24 15:30:00,0.11690000,0.11760000,0.11680000,0.11750000,53991.00000000,BEAMUSDT
2022-12-24 15:45:00,0.11730000,0.11760000,0.11720000,0.11750000,7054.00000000,BEAMUSDT
2022-12-24 16:00:00,0.11770000,0.11830000,0.11770000,0.11820000,55414.00000000,BEAMUSDT
2022-12-24 16:15:00,0.11810000,0.11850000,0.11740000,0.11830000,51332.00000000,BEAMUSDT
2022-12-24 16:30:00,0.11810000,0.11840000,0.11810000,0.11840000,1829.00000000,BEAMUSDT
2022-12-24 16:45:00,0.11810000,0.11840000,0.11760000,0.11760000,25914.00000000,BEAMUSDT
2022-12-24 17:00:00,0.11810000,0.11830000,0.11740000,0.11740000,41558.00000000,BEAMUSDT
2022-12-24 17:15:00,0.11770000,0.11790000,0.11720000,0.11720000,41751.00000000,BEAMUSDT
2022-12-24 17:30:00,0.11720000,0.11740000,0.11720000,0.11740000,827.00000000,BEAMUSDT
2022-12-24 17:45:00,0.11720000,0.11770000,0.11690000,0.11700000,45100.00000000,BEAMUSDT
2022-12-24 18:00:00,0.11690000,0.11720000,0.11650000,0.11680000,95033.00000000,BEAMUSDT
2022-12-24 18:15:00,0.11690000,0.11730000,0.11690000,0.11710000,10765.00000000,BEAMUSDT
2022-12-24 18:30:00,0.11710000,0.11740000,0.11700000,0.11700000,3490.00000000,BEAMUSDT
2022-12-24 18:45:00,0.11700000,0.11730000,0.11680000,0.11730000,18810.00000000,BEAMUSDT
2022-12-24 19:00:00,0.11720000,0.11730000,0.11700000,0.11730000,13485.00000000,BEAMUSDT
2022-12-24 19:15:00,0.11710000,0.11740000,0.11710000,0.11730000,14705.00000000,BEAMUSDT
2022-12-24 19:30:00,0.11730000,0.11740000,0.11710000,0.11720000,3099.00000000,BEAMUSDT
2022-12-24 19:45:00,0.11720000,0.11740000,0.11650000,0.11700000,61731.00000000,BEAMUSDT
2022-12-24 20:00:00,0.11670000,0.11700000,0.11330000,0.11470000,668708.00000000,BEAMUSDT
2022-12-24 20:15:00,0.11450000,0.11540000,0.11450000,0.11540000,227783.00000000,BEAMUSDT
2022-12-24 20:30:00,0.11540000,0.11630000,0.11530000,0.11610000,64762.00000000,BEAMUSDT
2022-12-24 20:45:00,0.11620000,0.11630000,0.11560000,0.11600000,61409.00000000,BEAMUSDT
2022-12-24 21:00:00,0.11600000,0.11650000,0.11450000,0.11650000,121911.00000000,BEAMUSDT
2022-12-24 21:15:00,0.11650000,0.11740000,0.11650000,0.11680000,65925.00000000,BEAMUSDT
2022-12-24 21:30:00,0.11660000,0.11660000,0.11620000,0.11620000,5914.00000000,BEAMUSDT
2022-12-24 21:45:00,0.11640000,0.11650000,0.11590000,0.11600000,21702.00000000,BEAMUSDT
2022-12-24 22:00:00,0.11600000,0.11630000,0.11550000,0.11560000,38942.00000000,BEAMUSDT
2022-12-24 22:15:00,0.11560000,0.11560000,0.11430000,0.11470000,110077.00000000,BEAMUSDT
2022-12-24 22:30:00,0.11460000,0.11470000,0.11360000,0.11470000,72496.00000000,BEAMUSDT
2022-12-24 22:45:00,0.11470000,0.11680000,0.11450000,0.11550000,130319.00000000,BEAMUSDT
2022-12-24 23:00:00,0.11550000,0.11560000,0.11530000,0.11530000,10337.00000000,BEAMUSDT
2022-12-24 23:15:00,0.11550000,0.11610000,0.11550000,0.11600000,19803.00000000,BEAMUSDT
2022-12-24 23:30:00,0.11600000,0.11680000,0.11520000,0.11620000,60017.00000000,BEAMUSDT
2022-12-24 23:45:00,0.11620000,0.11740000,0.11600000,0.11680000,176471.00000000,BEAMUSDT
2022-12-25 00:00:00,0.11680000,0.11720000,0.11680000,0.11680000,11911.00000000,BEAMUSDT
2022-12-25 00:15:00,0.11680000,0.11710000,0.11680000,0.11710000,2487.00000000,BEAMUSDT
2022-12-25 00:30:00,0.11700000,0.11710000,0.11680000,0.11680000,3028.00000000,BEAMUSDT
2022-12-25 00:45:00,0.11680000,0.11690000,0.11540000,0.11540000,104340.00000000,BEAMUSDT
2022-12-25 01:00:00,0.11560000,0.11600000,0.11500000,0.11600000,141186.00000000,BEAMUSDT
2022-12-25 01:15:00,0.11610000,0.11650000,0.11590000,0.11600000,38566.00000000,BEAMUSDT
2022-12-25 01:30:00,0.11620000,0.11620000,0.11620000,0.11620000,131.00000000,BEAMUSDT
2022-12-25 01:45:00,0.11590000,0.11600000,0.11560000,0.11590000,19626.00000000,BEAMUSDT
2022-12-25 02:00:00,0.11600000,0.11600000,0.11540000,0.11540000,19193.00000000,BEAMUSDT
2022-12-25 02:15:00,0.11570000,0.11570000,0.11550000,0.11570000,1290.00000000,BEAMUSDT
2022-12-25 02:30:00,0.11560000,0.11560000,0.11560000,0.11560000,1578.00000000,BEAMUSDT
2022-12-25 02:45:00,0.11560000,0.11570000,0.11560000,0.11570000,16529.00000000,BEAMUSDT
2022-12-25 03:00:00,0.11570000,0.11810000,0.11570000,0.11650000,116922.00000000,BEAMUSDT
2022-12-25 03:15:00,0.11650000,0.11690000,0.11650000,0.11650000,33741.00000000,BEAMUSDT
2022-12-25 03:30:00,0.11650000,0.11730000,0.11610000,0.11680000,53207.00000000,BEAMUSDT
2022-12-25 03:45:00,0.11700000,0.11700000,0.11680000,0.11680000,11310.00000000,BEAMUSDT
2022-12-25 04:00:00,0.11700000,0.11710000,0.11620000,0.11680000,33117.00000000,BEAMUSDT
2022-12-25 04:15:00,0.11700000,0.11730000,0.11640000,0.11640000,21474.00000000,BEAMUSDT
2022-12-25 04:30:00,0.11640000,0.11640000,0.11620000,0.11620000,3191.00000000,BEAMUSDT
2022-12-25 04:45:00,0.11660000,0.11750000,0.11570000,0.11640000,89067.00000000,BEAMUSDT
2022-12-25 05:00:00,0.11630000,0.11650000,0.11620000,0.11650000,4904.00000000,BEAMUSDT
2022-12-25 05:15:00,0.11620000,0.11650000,0.11590000,0.11590000,14802.00000000,BEAMUSDT
2022-12-25 05:30:00,0.11590000,0.11630000,0.11590000,0.11620000,818.00000000,BEAMUSDT
2022-12-25 05:45:00,0.11600000,0.11610000,0.11560000,0.11590000,28537.00000000,BEAMUSDT
2022-12-25 06:00:00,0.11600000,0.11600000,0.11570000,0.11570000,1805.00000000,BEAMUSDT
2022-12-25 06:15:00,0.11590000,0.11600000,0.11530000,0.11530000,27881.00000000,BEAMUSDT
2022-12-25 06:30:00,0.11540000,0.11570000,0.11540000,0.11570000,11969.00000000,BEAMUSDT
2022-12-25 06:45:00,0.11580000,0.11600000,0.11580000,0.11580000,12416.00000000,BEAMUSDT
2022-12-25 07:00:00,0.11570000,0.11590000,0.11570000,0.11590000,4766.00000000,BEAMUSDT
2022-12-25 07:15:00,0.11590000,0.11600000,0.11570000,0.11570000,27887.00000000,BEAMUSDT
2022-12-25 07:30:00,0.11580000,0.11600000,0.11570000,0.11600000,7536.00000000,BEAMUSDT
2022-12-25 07:45:00,0.11600000,0.11610000,0.11590000,0.11590000,7487.00000000,BEAMUSDT
2022-12-25 08:00:00,0.11590000,0.11640000,0.11590000,0.11610000,13124.00000000,BEAMUSDT
2022-12-25 08:15:00,0.11610000,0.11630000,0.11610000,0.11610000,665.00000000,BEAMUSDT
2022-12-25 08:30:00,0.11610000,0.11610000,0.11590000,0.11590000,2358.00000000,BEAMUSDT
2022-12-25 08:45:00,0.11610000,0.11660000,0.11610000,0.11660000,11295.00000000,BEAMUSDT
2022-12-25 09:00:00,0.11650000,0.11650000,0.11600000,0.11600000,19581.00000000,BEAMUSDT
2022-12-25 09:15:00,0.11600000,0.11650000,0.11600000,0.11640000,8861.00000000,BEAMUSDT
2022-12-25 09:30:00,0.11610000,0.11880000,0.11610000,0.11720000,167120.00000000,BEAMUSDT
2022-12-25 09:45:00,0.11720000,0.11740000,0.11660000,0.11710000,14847.00000000,BEAMUSDT
2022-12-25 10:00:00,0.11660000,0.11690000,0.11660000,0.11680000,25628.00000000,BEAMUSDT
2022-12-25 10:15:00,0.11680000,0.11680000,0.11660000,0.11680000,5524.00000000,BEAMUSDT
2022-12-25 10:30:00,0.11660000,0.11690000,0.11660000,0.11680000,16359.00000000,BEAMUSDT
2022-12-25 10:45:00,0.11680000,0.11690000,0.11660000,0.11660000,30141.00000000,BEAMUSDT
2022-12-25 11:00:00,0.11650000,0.11650000,0.11560000,0.11560000,72409.00000000,BEAMUSDT
2022-12-25 11:15:00,0.11580000,0.11590000,0.11540000,0.11540000,27649.00000000,BEAMUSDT
2022-12-25 11:30:00,0.11540000,0.11580000,0.11540000,0.11550000,41885.00000000,BEAMUSDT
2022-12-25 11:45:00,0.11570000,0.11700000,0.11570000,0.11590000,28771.00000000,BEAMUSDT
2022-12-25 12:00:00,0.11590000,0.11680000,0.11580000,0.11630000,25061.00000000,BEAMUSDT
2022-12-25 12:15:00,0.11630000,0.11630000,0.11570000,0.11600000,14228.00000000,BEAMUSDT
2022-12-25 12:30:00,0.11570000,0.11620000,0.11570000,0.11570000,10050.00000000,BEAMUSDT
2022-12-25 12:45:00,0.11570000,0.11630000,0.11570000,0.11620000,4241.00000000,BEAMUSDT
2022-12-25 13:00:00,0.11600000,0.11600000,0.11570000,0.11570000,10104.00000000,BEAMUSDT
2022-12-25 13:15:00,0.11570000,0.11570000,0.11560000,0.11570000,7910.00000000,BEAMUSDT
2022-12-25 13:30:00,0.11570000,0.11570000,0.11540000,0.11560000,24929.00000000,BEAMUSDT
2022-12-25 13:45:00,0.11550000,0.11560000,0.11520000,0.11520000,22005.00000000,BEAMUSDT
2022-12-25 14:00:00,0.11520000,0.11600000,0.11520000,0.11570000,20019.00000000,BEAMUSDT
2022-12-25 14:15:00,0.11570000,0.11570000,0.11560000,0.11560000,4497.00000000,BEAMUSDT
2022-12-25 14:30:00,0.11560000,0.11560000,0.11390000,0.11400000,130465.00000000,BEAMUSDT
2022-12-25 14:45:00,0.11390000,0.11450000,0.11390000,0.11430000,27461.00000000,BEAMUSDT
2022-12-25 15:00:00,0.11430000,0.11560000,0.11430000,0.11510000,81603.00000000,BEAMUSDT
2022-12-25 15:15:00,0.11490000,0.11500000,0.11400000,0.11500000,101939.00000000,BEAMUSDT
2022-12-25 15:30:00,0.11470000,0.11500000,0.11470000,0.11480000,18350.00000000,BEAMUSDT
2022-12-25 15:45:00,0.11480000,0.11510000,0.11430000,0.11480000,57017.00000000,BEAMUSDT
2022-12-25 16:00:00,0.11470000,0.11490000,0.11400000,0.11400000,32600.00000000,BEAMUSDT
2022-12-25 16:15:00,0.11450000,0.11470000,0.11420000,0.11440000,17944.00000000,BEAMUSDT
2022-12-25 16:30:00,0.11480000,0.11500000,0.11440000,0.11440000,37433.00000000,BEAMUSDT
2022-12-25 16:45:00,0.11450000,0.11510000,0.11440000,0.11510000,24359.00000000,BEAMUSDT
2022-12-25 17:00:00,0.11500000,0.11510000,0.11490000,0.11490000,10983.00000000,BEAMUSDT
2022-12-25 17:15:00,0.11490000,0.11490000,0.11470000,0.11490000,8349.00000000,BEAMUSDT
2022-12-25 17:30:00,0.11470000,0.11480000,0.11460000,0.11460000,7739.00000000,BEAMUSDT
2022-12-25 17:45:00,0.11480000,0.11500000,0.11460000,0.11500000,3834.00000000,BEAMUSDT
2022-12-25 18:00:00,0.11470000,0.11490000,0.11470000,0.11490000,1049.00000000,BEAMUSDT
2022-12-25 18:15:00,0.11480000,0.11480000,0.11380000,0.11460000,100509.00000000,BEAMUSDT
2022-12-25 18:30:00,0.11470000,0.11470000,0.11440000,0.11460000,2145.00000000,BEAMUSDT
2022-12-25 18:45:00,0.11480000,0.11480000,0.11450000,0.11480000,2732.00000000,BEAMUSDT
2022-12-25 19:00:00,0.11480000,0.11480000,0.11450000,0.11460000,3149.00000000,BEAMUSDT
2022-12-25 19:15:00,0.11470000,0.11480000,0.11440000,0.11460000,1621.00000000,BEAMUSDT
2022-12-25 19:30:00,0.11470000,0.11470000,0.11220000,0.11370000,265917.00000000,BEAMUSDT
2022-12-25 19:45:00,0.11350000,0.11400000,0.11320000,0.11400000,26483.00000000,BEAMUSDT
2022-12-25 20:00:00,0.11380000,0.11390000,0.11300000,0.11320000,185837.00000000,BEAMUSDT
2022-12-25 20:15:00,0.11320000,0.11360000,0.11320000,0.11330000,15937.00000000,BEAMUSDT
2022-12-25 20:30:00,0.11320000,0.11340000,0.11110000,0.11260000,149155.00000000,BEAMUSDT
2022-12-25 20:45:00,0.11260000,0.11280000,0.11210000,0.11240000,39532.00000000,BEAMUSDT
2022-12-25 21:00:00,0.11240000,0.11270000,0.11240000,0.11250000,12011.00000000,BEAMUSDT
2022-12-25 21:15:00,0.11260000,0.11280000,0.11230000,0.11270000,19708.00000000,BEAMUSDT
2022-12-25 21:30:00,0.11280000,0.11300000,0.11280000,0.11290000,26290.00000000,BEAMUSDT
2022-12-25 21:45:00,0.11300000,0.11350000,0.11300000,0.11350000,59226.00000000,BEAMUSDT
2022-12-25 22:00:00,0.11320000,0.11350000,0.11320000,0.11350000,12413.00000000,BEAMUSDT
2022-12-25 22:15:00,0.11350000,0.11350000,0.11300000,0.11330000,43773.00000000,BEAMUSDT
2022-12-25 22:30:00,0.11300000,0.11350000,0.11300000,0.11350000,8651.00000000,BEAMUSDT
2022-12-25 22:45:00,0.11330000,0.11380000,0.11290000,0.11370000,67162.00000000,BEAMUSDT
2022-12-25 23:00:00,0.11370000,0.11370000,0.11300000,0.11350000,22885.00000000,BEAMUSDT
2022-12-25 23:15:00,0.11350000,0.11370000,0.11340000,0.11370000,12360.00000000,BEAMUSDT
2022-12-25 23:30:00,0.11370000,0.11370000,0.11190000,0.11260000,69375.00000000,BEAMUSDT
2022-12-25 23:45:00,0.11260000,0.11300000,0.10940000,0.11090000,355829.00000000,BEAMUSDT
2022-12-26 00:00:00,0.11060000,0.11240000,0.11010000,0.11190000,121748.00000000,BEAMUSDT
2022-12-26 00:15:00,0.11210000,0.11220000,0.11160000,0.11160000,33991.00000000,BEAMUSDT
2022-12-26 00:30:00,0.11170000,0.11240000,0.11110000,0.11180000,64270.00000000,BEAMUSDT
2022-12-26 00:45:00,0.11200000,0.11200000,0.11140000,0.11200000,41527.00000000,BEAMUSDT
2022-12-26 01:00:00,0.11190000,0.11360000,0.11170000,0.11240000,73543.00000000,BEAMUSDT
2022-12-26 01:15:00,0.11230000,0.11260000,0.11210000,0.11250000,30951.00000000,BEAMUSDT
2022-12-26 01:30:00,0.11250000,0.11250000,0.11160000,0.11200000,73313.00000000,BEAMUSDT
2022-12-26 01:45:00,0.11220000,0.11270000,0.11200000,0.11270000,33509.00000000,BEAMUSDT
2022-12-26 02:00:00,0.11270000,0.11280000,0.11250000,0.11270000,16368.00000000,BEAMUSDT
2022-12-26 02:15:00,0.11280000,0.11290000,0.11250000,0.11280000,27763.00000000,BEAMUSDT
2022-12-26 02:30:00,0.11290000,0.11310000,0.11250000,0.11250000,99001.00000000,BEAMUSDT
2022-12-26 02:45:00,0.11280000,0.11290000,0.11210000,0.11250000,128465.00000000,BEAMUSDT
2022-12-26 03:00:00,0.11240000,0.11300000,0.11240000,0.11300000,44368.00000000,BEAMUSDT
2022-12-26 03:15:00,0.11300000,0.11330000,0.11280000,0.11320000,54377.00000000,BEAMUSDT
2022-12-26 03:30:00,0.11320000,0.11320000,0.11280000,0.11280000,18793.00000000,BEAMUSDT
2022-12-26 03:45:00,0.11300000,0.11310000,0.11280000,0.11300000,4918.00000000,BEAMUSDT
2022-12-26 04:00:00,0.11290000,0.11350000,0.11170000,0.11230000,187882.00000000,BEAMUSDT
2022-12-26 04:15:00,0.11250000,0.11290000,0.11250000,0.11250000,14317.00000000,BEAMUSDT
2022-12-26 04:30:00,0.11260000,0.11260000,0.11250000,0.11250000,1439.00000000,BEAMUSDT
2022-12-26 04:45:00,0.11250000,0.11290000,0.11240000,0.11260000,12669.00000000,BEAMUSDT
2022-12-26 05:00:00,0.11270000,0.11280000,0.11250000,0.11250000,31494.00000000,BEAMUSDT
2022-12-26 05:15:00,0.11250000,0.11250000,0.11200000,0.11220000,44956.00000000,BEAMUSDT
2022-12-26 05:30:00,0.11220000,0.11230000,0.11180000,0.11230000,30855.00000000,BEAMUSDT
2022-12-26 05:45:00,0.11210000,0.11230000,0.11150000,0.11190000,62052.00000000,BEAMUSDT
2022-12-26 06:00:00,0.11200000,0.11200000,0.11130000,0.11180000,74327.00000000,BEAMUSDT
2022-12-26 06:15:00,0.11180000,0.11300000,0.11180000,0.11230000,51980.00000000,BEAMUSDT
2022-12-26 06:30:00,0.11250000,0.11250000,0.11200000,0.11220000,23794.00000000,BEAMUSDT
2022-12-26 06:45:00,0.11220000,0.11220000,0.11050000,0.11150000,80290.00000000,BEAMUSDT
2022-12-26 07:00:00,0.11150000,0.11160000,0.11060000,0.11160000,46227.00000000,BEAMUSDT
2022-12-26 07:15:00,0.11180000,0.11250000,0.11150000,0.11190000,47063.00000000,BEAMUSDT
2022-12-26 07:30:00,0.11180000,0.11210000,0.11180000,0.11210000,3210.00000000,BEAMUSDT
2022-12-26 07:45:00,0.11200000,0.11210000,0.11180000,0.11210000,6874.00000000,BEAMUSDT
2022-12-26 08:00:00,0.11210000,0.11290000,0.11160000,0.11180000,96924.00000000,BEAMUSDT
2022-12-26 08:15:00,0.11180000,0.11260000,0.11160000,0.11250000,25320.00000000,BEAMUSDT
2022-12-26 08:30:00,0.11210000,0.11230000,0.11200000,0.11220000,7730.00000000,BEAMUSDT
2022-12-26 08:45:00,0.11220000,0.11250000,0.11210000,0.11230000,25369.00000000,BEAMUSDT
2022-12-26 09:00:00,0.11250000,0.11300000,0.11220000,0.11270000,61499.00000000,BEAMUSDT
2022-12-26 09:15:00,0.11270000,0.11290000,0.11220000,0.11220000,54969.00000000,BEAMUSDT
2022-12-26 09:30:00,0.11230000,0.11270000,0.11230000,0.11230000,11336.00000000,BEAMUSDT
2022-12-26 09:45:00,0.11230000,0.11260000,0.11200000,0.11200000,9337.00000000,BEAMUSDT
2022-12-26 10:00:00,0.11200000,0.11250000,0.11200000,0.11250000,12204.00000000,BEAMUSDT
2022-12-26 10:15:00,0.11210000,0.11240000,0.11150000,0.11180000,65391.00000000,BEAMUSDT
2022-12-26 10:30:00,0.11150000,0.11190000,0.11000000,0.11160000,91586.00000000,BEAMUSDT
2022-12-26 10:45:00,0.11160000,0.11160000,0.11120000,0.11150000,36358.00000000,BEAMUSDT
2022-12-26 11:00:00,0.11150000,0.11160000,0.11100000,0.11120000,14058.00000000,BEAMUSDT
2022-12-26 11:15:00,0.11130000,0.11200000,0.11060000,0.11200000,66044.00000000,BEAMUSDT
2022-12-26 11:30:00,0.11210000,0.11300000,0.11190000,0.11270000,97628.00000000,BEAMUSDT
2022-12-26 11:45:00,0.11270000,0.11280000,0.11150000,0.11150000,54843.00000000,BEAMUSDT
2022-12-26 12:00:00,0.11180000,0.11230000,0.11160000,0.11170000,41001.00000000,BEAMUSDT
2022-12-26 12:15:00,0.11180000,0.11190000,0.11150000,0.11180000,20382.00000000,BEAMUSDT
2022-12-26 12:30:00,0.11190000,0.11210000,0.11180000,0.11210000,10036.00000000,BEAMUSDT
2022-12-26 12:45:00,0.11200000,0.11210000,0.11160000,0.11180000,12671.00000000,BEAMUSDT
2022-12-26 13:00:00,0.11180000,0.11200000,0.11150000,0.11150000,15989.00000000,BEAMUSDT
2022-12-26 13:15:00,0.11150000,0.11260000,0.11140000,0.11220000,79366.00000000,BEAMUSDT
2022-12-26 13:30:00,0.11220000,0.11240000,0.11210000,0.11210000,2476.00000000,BEAMUSDT
2022-12-26 13:45:00,0.11210000,0.11240000,0.11210000,0.11210000,3336.00000000,BEAMUSDT
2022-12-26 14:00:00,0.11240000,0.11340000,0.11220000,0.11280000,129823.00000000,BEAMUSDT
2022-12-26 14:15:00,0.11300000,0.11300000,0.11280000,0.11290000,5078.00000000,BEAMUSDT
2022-12-26 14:30:00,0.11290000,0.11320000,0.11250000,0.11270000,60702.00000000,BEAMUSDT
2022-12-26 14:45:00,0.11290000,0.11290000,0.11260000,0.11290000,14460.00000000,BEAMUSDT
2022-12-26 15:00:00,0.11300000,0.11300000,0.11280000,0.11280000,17500.00000000,BEAMUSDT
2022-12-26 15:15:00,0.11280000,0.11320000,0.11260000,0.11270000,53190.00000000,BEAMUSDT
2022-12-26 15:30:00,0.11260000,0.11260000,0.11110000,0.11200000,156088.00000000,BEAMUSDT
2022-12-26 15:45:00,0.11210000,0.11220000,0.11100000,0.11130000,40287.00000000,BEAMUSDT
2022-12-26 16:00:00,0.11160000,0.11190000,0.11140000,0.11170000,18068.00000000,BEAMUSDT
2022-12-26 16:15:00,0.11170000,0.11170000,0.11130000,0.11140000,24995.00000000,BEAMUSDT
2022-12-26 16:30:00,0.11150000,0.11160000,0.11130000,0.11160000,4134.00000000,BEAMUSDT
2022-12-26 16:45:00,0.11150000,0.11190000,0.11140000,0.11160000,35658.00000000,BEAMUSDT
2022-12-26 17:00:00,0.11170000,0.11180000,0.11140000,0.11180000,18056.00000000,BEAMUSDT
2022-12-26 17:15:00,0.11170000,0.11170000,0.11070000,0.11100000,66200.00000000,BEAMUSDT
2022-12-26 17:30:00,0.11110000,0.11660000,0.11100000,0.11600000,527534.00000000,BEAMUSDT
2022-12-26 17:45:00,0.11600000,0.11910000,0.11410000,0.11590000,977013.00000000,BEAMUSDT
2022-12-26 18:00:00,0.11590000,0.11730000,0.11520000,0.11610000,197547.00000000,BEAMUSDT
2022-12-26 18:15:00,0.11640000,0.12160000,0.11600000,0.12000000,949473.00000000,BEAMUSDT
2022-12-26 18:30:00,0.12000000,0.12160000,0.11840000,0.11930000,492648.00000000,BEAMUSDT
2022-12-26 18:45:00,0.11910000,0.11990000,0.11750000,0.11830000,147130.00000000,BEAMUSDT
2022-12-26 19:00:00,0.11820000,0.11890000,0.11760000,0.11890000,110119.00000000,BEAMUSDT
2022-12-26 19:15:00,0.11880000,0.11900000,0.11800000,0.11810000,84570.00000000,BEAMUSDT
2022-12-26 19:30:00,0.11810000,0.11870000,0.11680000,0.11720000,199584.00000000,BEAMUSDT
2022-12-26 19:45:00,0.11720000,0.11820000,0.11720000,0.11820000,126219.00000000,BEAMUSDT
2022-12-26 20:00:00,0.11820000,0.11820000,0.11640000,0.11760000,77288.00000000,BEAMUSDT
2022-12-26 20:15:00,0.11770000,0.11840000,0.11730000,0.11820000,78392.00000000,BEAMUSDT
2022-12-26 20:30:00,0.11850000,0.11850000,0.11720000,0.11730000,14323.00000000,BEAMUSDT
2022-12-26 20:45:00,0.11730000,0.11770000,0.11720000,0.11720000,8722.00000000,BEAMUSDT
2022-12-26 21:00:00,0.11760000,0.11760000,0.11720000,0.11760000,3455.00000000,BEAMUSDT
2022-12-26 21:15:00,0.11740000,0.11810000,0.11740000,0.11810000,39837.00000000,BEAMUSDT
2022-12-26 21:30:00,0.11760000,0.11760000,0.11710000,0.11710000,11067.00000000,BEAMUSDT
2022-12-26 21:45:00,0.11720000,0.11770000,0.11710000,0.11710000,25645.00000000,BEAMUSDT
2022-12-26 22:00:00,0.11690000,0.11730000,0.11610000,0.11680000,72018.00000000,BEAMUSDT
2022-12-26 22:15:00,0.11680000,0.11710000,0.11680000,0.11710000,1485.00000000,BEAMUSDT
2022-12-26 22:30:00,0.11700000,0.11720000,0.11590000,0.11610000,54646.00000000,BEAMUSDT
2022-12-26 22:45:00,0.11620000,0.11660000,0.11610000,0.11610000,38809.00000000,BEAMUSDT
2022-12-26 23:00:00,0.11610000,0.11620000,0.11580000,0.11620000,8157.00000000,BEAMUSDT
2022-12-26 23:15:00,0.11630000,0.11640000,0.11600000,0.11640000,4615.00000000,BEAMUSDT
2022-12-26 23:30:00,0.11640000,0.11680000,0.11610000,0.11650000,17766.00000000,BEAMUSDT
2022-12-26 23:45:00,0.11650000,0.11740000,0.11630000,0.11670000,90949.00000000,BEAMUSDT
2022-12-27 00:00:00,0.11670000,0.11710000,0.11540000,0.11560000,139672.00000000,BEAMUSDT
2022-12-27 00:15:00,0.11560000,0.11600000,0.11550000,0.11590000,32368.00000000,BEAMUSDT
2022-12-27 00:30:00,0.11580000,0.11630000,0.11580000,0.11580000,11582.00000000,BEAMUSDT
2022-12-27 00:45:00,0.11580000,0.11590000,0.11580000,0.11590000,8420.00000000,BEAMUSDT
2022-12-27 01:00:00,0.11620000,0.11740000,0.11620000,0.11730000,57964.00000000,BEAMUSDT
2022-12-27 01:15:00,0.11740000,0.11740000,0.11640000,0.11670000,16522.00000000,BEAMUSDT
2022-12-27 01:30:00,0.11650000,0.11670000,0.11640000,0.11650000,5219.00000000,BEAMUSDT
2022-12-27 01:45:00,0.11650000,0.11730000,0.11650000,0.11680000,49926.00000000,BEAMUSDT
2022-12-27 02:00:00,0.11690000,0.11690000,0.11660000,0.11690000,14373.00000000,BEAMUSDT
2022-12-27 02:15:00,0.11690000,0.11810000,0.11690000,0.11810000,149623.00000000,BEAMUSDT
2022-12-27 02:30:00,0.11810000,0.12070000,0.11790000,0.11930000,558804.00000000,BEAMUSDT
2022-12-27 02:45:00,0.11930000,0.11930000,0.11820000,0.11910000,57457.00000000,BEAMUSDT
2022-12-27 03:00:00,0.11910000,0.12170000,0.11860000,0.12170000,154189.00000000,BEAMUSDT
2022-12-27 03:15:00,0.12180000,0.12190000,0.11980000,0.12030000,117536.00000000,BEAMUSDT
2022-12-27 03:30:00,0.12060000,0.12100000,0.11930000,0.11950000,99944.00000000,BEAMUSDT
2022-12-27 03:45:00,0.11960000,0.12040000,0.11940000,0.11980000,47083.00000000,BEAMUSDT
2022-12-27 04:00:00,0.11980000,0.11990000,0.11810000,0.11840000,74621.00000000,BEAMUSDT
2022-12-27 04:15:00,0.11820000,0.11840000,0.11720000,0.11840000,96531.00000000,BEAMUSDT
2022-12-27 04:30:00,0.11850000,0.11900000,0.11830000,0.11870000,20583.00000000,BEAMUSDT
2022-12-27 04:45:00,0.11890000,0.11900000,0.11870000,0.11900000,4244.00000000,BEAMUSDT
2022-12-27 05:00:00,0.11880000,0.11900000,0.11850000,0.11900000,5485.00000000,BEAMUSDT
2022-12-27 05:15:00,0.11900000,0.11900000,0.11860000,0.11890000,14641.00000000,BEAMUSDT
2022-12-27 05:30:00,0.11890000,0.11900000,0.11820000,0.11860000,14571.00000000,BEAMUSDT
2022-12-27 05:45:00,0.11830000,0.11850000,0.11770000,0.11790000,26797.00000000,BEAMUSDT
2022-12-27 06:00:00,0.11770000,0.11800000,0.11760000,0.11800000,16165.00000000,BEAMUSDT
2022-12-27 06:15:00,0.11810000,0.11850000,0.11790000,0.11800000,15397.00000000,BEAMUSDT
2022-12-27 06:30:00,0.11810000,0.11900000,0.11800000,0.11890000,20666.00000000,BEAMUSDT
2022-12-27 06:45:00,0.11900000,0.12020000,0.11820000,0.11960000,95294.00000000,BEAMUSDT
2022-12-27 07:00:00,0.12000000,0.12150000,0.11880000,0.12000000,328887.00000000,BEAMUSDT
2022-12-27 07:15:00,0.12020000,0.12150000,0.11960000,0.12030000,286777.00000000,BEAMUSDT
2022-12-27 07:30:00,0.12030000,0.12100000,0.11890000,0.11940000,93588.00000000,BEAMUSDT
2022-12-27 07:45:00,0.11930000,0.11960000,0.11760000,0.11850000,173714.00000000,BEAMUSDT
2022-12-27 08:00:00,0.11820000,0.11850000,0.11770000,0.11780000,83529.00000000,BEAMUSDT
2022-12-27 08:15:00,0.11780000,0.11860000,0.11780000,0.11800000,51963.00000000,BEAMUSDT
2022-12-27 08:30:00,0.11840000,0.11860000,0.11810000,0.11860000,72839.00000000,BEAMUSDT
2022-12-27 08:45:00,0.11830000,0.11850000,0.11800000,0.11800000,33199.00000000,BEAMUSDT
2022-12-27 09:00:00,0.11840000,0.11840000,0.11800000,0.11820000,15743.00000000,BEAMUSDT
2022-12-27 09:15:00,0.11820000,0.11820000,0.11770000,0.11780000,90430.00000000,BEAMUSDT
2022-12-27 09:30:00,0.11770000,0.11850000,0.11770000,0.11770000,99194.00000000,BEAMUSDT
2022-12-27 09:45:00,0.11800000,0.11860000,0.11790000,0.11790000,89454.00000000,BEAMUSDT
2022-12-27 10:00:00,0.11790000,0.11850000,0.11770000,0.11810000,51341.00000000,BEAMUSDT
2022-12-27 10:15:00,0.11790000,0.11890000,0.11790000,0.11870000,187977.00000000,BEAMUSDT
2022-12-27 10:30:00,0.11850000,0.11940000,0.11850000,0.11920000,52038.00000000,BEAMUSDT
2022-12-27 10:45:00,0.11920000,0.11920000,0.11830000,0.11870000,60218.00000000,BEAMUSDT
2022-12-27 11:00:00,0.11890000,0.11890000,0.11810000,0.11860000,17582.00000000,BEAMUSDT
2022-12-27 11:15:00,0.11850000,0.11870000,0.11800000,0.11810000,45689.00000000,BEAMUSDT
2022-12-27 11:30:00,0.11790000,0.11820000,0.11760000,0.11760000,23048.00000000,BEAMUSDT
2022-12-27 11:45:00,0.11760000,0.11810000,0.11740000,0.11810000,38721.00000000,BEAMUSDT
2022-12-27 12:00:00,0.11810000,0.11810000,0.11770000,0.11780000,26177.00000000,BEAMUSDT
2022-12-27 12:15:00,0.11790000,0.11790000,0.11750000,0.11770000,7535.00000000,BEAMUSDT
2022-12-27 12:30:00,0.11750000,0.11790000,0.11750000,0.11790000,3608.00000000,BEAMUSDT
2022-12-27 12:45:00,0.11770000,0.11780000,0.11750000,0.11760000,3756.00000000,BEAMUSDT
2022-12-27 13:00:00,0.11760000,0.11760000,0.11750000,0.11760000,16410.00000000,BEAMUSDT
2022-12-27 13:15:00,0.11780000,0.11890000,0.11780000,0.11860000,52912.00000000,BEAMUSDT
2022-12-27 13:30:00,0.11830000,0.11970000,0.11800000,0.11930000,155623.00000000,BEAMUSDT
2022-12-27 13:45:00,0.11930000,0.12010000,0.11830000,0.11990000,198801.00000000,BEAMUSDT
2022-12-27 14:00:00,0.11960000,0.12040000,0.11820000,0.11850000,170424.00000000,BEAMUSDT
2022-12-27 14:15:00,0.11860000,0.11930000,0.11770000,0.11780000,128393.00000000,BEAMUSDT
2022-12-27 14:30:00,0.11790000,0.11790000,0.11700000,0.11760000,80435.00000000,BEAMUSDT
2022-12-27 14:45:00,0.11770000,0.11790000,0.11710000,0.11730000,60681.00000000,BEAMUSDT
2022-12-27 15:00:00,0.11740000,0.11750000,0.11660000,0.11720000,112375.00000000,BEAMUSDT
2022-12-27 15:15:00,0.11740000,0.11790000,0.11690000,0.11780000,85287.00000000,BEAMUSDT
2022-12-27 15:30:00,0.11780000,0.11790000,0.11670000,0.11730000,137922.00000000,BEAMUSDT
2022-12-27 15:45:00,0.11730000,0.11750000,0.11700000,0.11750000,12613.00000000,BEAMUSDT
2022-12-27 16:00:00,0.11750000,0.11750000,0.11600000,0.11670000,99982.00000000,BEAMUSDT
2022-12-27 16:15:00,0.11650000,0.11650000,0.11550000,0.11630000,111365.00000000,BEAMUSDT
2022-12-27 16:30:00,0.11630000,0.11650000,0.11600000,0.11600000,30346.00000000,BEAMUSDT
2022-12-27 16:45:00,0.11600000,0.11730000,0.11590000,0.11630000,75954.00000000,BEAMUSDT
2022-12-27 17:00:00,0.11620000,0.11630000,0.11510000,0.11560000,91117.00000000,BEAMUSDT
2022-12-27 17:15:00,0.11560000,0.11610000,0.11550000,0.11590000,34959.00000000,BEAMUSDT
2022-12-27 17:30:00,0.11610000,0.11610000,0.11540000,0.11540000,25276.00000000,BEAMUSDT
2022-12-27 17:45:00,0.11530000,0.11570000,0.11500000,0.11500000,49482.00000000,BEAMUSDT
2022-12-27 18:00:00,0.11530000,0.11540000,0.11510000,0.11540000,10005.00000000,BEAMUSDT
2022-12-27 18:15:00,0.11540000,0.11540000,0.11480000,0.11500000,34893.00000000,BEAMUSDT
2022-12-27 18:30:00,0.11490000,0.11500000,0.11470000,0.11470000,28046.00000000,BEAMUSDT
2022-12-27 18:45:00,0.11470000,0.11500000,0.11470000,0.11500000,12335.00000000,BEAMUSDT
2022-12-27 19:00:00,0.11490000,0.11510000,0.11470000,0.11510000,115444.00000000,BEAMUSDT
2022-12-27 19:15:00,0.11480000,0.11550000,0.11480000,0.11540000,28069.00000000,BEAMUSDT
2022-12-27 19:30:00,0.11550000,0.11580000,0.11550000,0.11580000,13943.00000000,BEAMUSDT
2022-12-27 19:45:00,0.11580000,0.11590000,0.11500000,0.11510000,25234.00000000,BEAMUSDT
2022-12-27 20:00:00,0.11510000,0.11590000,0.11500000,0.11590000,27094.00000000,BEAMUSDT
2022-12-27 20:15:00,0.11560000,0.11590000,0.11500000,0.11510000,73881.00000000,BEAMUSDT
2022-12-27 20:30:00,0.11520000,0.11560000,0.11510000,0.11560000,5685.00000000,BEAMUSDT
2022-12-27 20:45:00,0.11520000,0.11560000,0.11510000,0.11550000,8910.00000000,BEAMUSDT
2022-12-27 21:00:00,0.11520000,0.11650000,0.11490000,0.11650000,102183.00000000,BEAMUSDT
2022-12-27 21:15:00,0.11660000,0.11780000,0.11620000,0.11680000,122328.00000000,BEAMUSDT
2022-12-27 21:30:00,0.11650000,0.11680000,0.11640000,0.11670000,2684.00000000,BEAMUSDT
2022-12-27 21:45:00,0.11680000,0.11690000,0.11640000,0.11680000,4228.00000000,BEAMUSDT
2022-12-27 22:00:00,0.11650000,0.11680000,0.11630000,0.11680000,4354.00000000,BEAMUSDT
2022-12-27 22:15:00,0.11640000,0.11670000,0.11610000,0.11630000,4160.00000000,BEAMUSDT
2022-12-27 22:30:00,0.11630000,0.11640000,0.11600000,0.11600000,6665.00000000,BEAMUSDT
2022-12-27 22:45:00,0.11620000,0.11630000,0.11590000,0.11590000,2051.00000000,BEAMUSDT
2022-12-27 23:00:00,0.11590000,0.11650000,0.11590000,0.11600000,27024.00000000,BEAMUSDT
2022-12-27 23:15:00,0.11610000,0.11610000,0.11590000,0.11600000,3347.00000000,BEAMUSDT
2022-12-27 23:30:00,0.11590000,0.11640000,0.11580000,0.11600000,5423.00000000,BEAMUSDT
2022-12-27 23:45:00,0.11600000,0.11640000,0.11600000,0.11640000,4435.00000000,BEAMUSDT
2022-12-28 00:00:00,0.11640000,0.11640000,0.11500000,0.11580000,102937.00000000,BEAMUSDT
2022-12-28 00:15:00,0.11610000,0.11610000,0.11570000,0.11610000,1563.00000000,BEAMUSDT
2022-12-28 00:30:00,0.11610000,0.11610000,0.11590000,0.11590000,3578.00000000,BEAMUSDT
2022-12-28 00:45:00,0.11590000,0.11620000,0.11560000,0.11560000,11691.00000000,BEAMUSDT
2022-12-28 01:00:00,0.11590000,0.11600000,0.11570000,0.11580000,31942.00000000,BEAMUSDT
2022-12-28 01:15:00,0.11560000,0.11620000,0.11560000,0.11590000,38365.00000000,BEAMUSDT
2022-12-28 01:30:00,0.11590000,0.11780000,0.11580000,0.11720000,69711.00000000,BEAMUSDT
2022-12-28 01:45:00,0.11720000,0.11890000,0.11640000,0.11890000,353255.00000000,BEAMUSDT
2022-12-28 02:00:00,0.11890000,0.11890000,0.11490000,0.11570000,205538.00000000,BEAMUSDT
2022-12-28 02:15:00,0.11560000,0.11700000,0.11560000,0.11650000,45932.00000000,BEAMUSDT
2022-12-28 02:30:00,0.11650000,0.11700000,0.11640000,0.11650000,8537.00000000,BEAMUSDT
2022-12-28 02:45:00,0.11660000,0.11750000,0.11640000,0.11730000,50996.00000000,BEAMUSDT
2022-12-28 03:00:00,0.11740000,0.11770000,0.11540000,0.11590000,157608.00000000,BEAMUSDT
2022-12-28 03:15:00,0.11580000,0.11640000,0.11530000,0.11620000,35525.00000000,BEAMUSDT
2022-12-28 03:30:00,0.11620000,0.11640000,0.11560000,0.11600000,23334.00000000,BEAMUSDT
2022-12-28 03:45:00,0.11640000,0.11640000,0.11480000,0.11520000,55952.00000000,BEAMUSDT
2022-12-28 04:00:00,0.11510000,0.11540000,0.11430000,0.11510000,174907.00000000,BEAMUSDT
2022-12-28 04:15:00,0.11510000,0.11560000,0.11490000,0.11540000,23356.00000000,BEAMUSDT
2022-12-28 04:30:00,0.11500000,0.11530000,0.11500000,0.11530000,1381.00000000,BEAMUSDT
2022-12-28 04:45:00,0.11500000,0.11550000,0.11500000,0.11530000,6141.00000000,BEAMUSDT
2022-12-28 05:00:00,0.11560000,0.11570000,0.11490000,0.11490000,11514.00000000,BEAMUSDT
2022-12-28 05:15:00,0.11500000,0.11570000,0.11490000,0.11570000,23934.00000000,BEAMUSDT
2022-12-28 05:30:00,0.11570000,0.11600000,0.11400000,0.11410000,57009.00000000,BEAMUSDT
2022-12-28 05:45:00,0.11410000,0.11450000,0.11360000,0.11420000,40458.00000000,BEAMUSDT
2022-12-28 06:00:00,0.11400000,0.11470000,0.11360000,0.11470000,22506.00000000,BEAMUSDT
2022-12-28 06:15:00,0.11470000,0.11500000,0.11450000,0.11460000,27541.00000000,BEAMUSDT
2022-12-28 06:30:00,0.11490000,0.11490000,0.11450000,0.11450000,2927.00000000,BEAMUSDT
2022-12-28 06:45:00,0.11440000,0.11460000,0.10850000,0.10970000,942407.00000000,BEAMUSDT
2022-12-28 07:00:00,0.11000000,0.11150000,0.10960000,0.11000000,276252.00000000,BEAMUSDT
2022-12-28 07:15:00,0.10990000,0.11150000,0.10960000,0.11040000,308416.00000000,BEAMUSDT
2022-12-28 07:30:00,0.11040000,0.11110000,0.10950000,0.11000000,281933.00000000,BEAMUSDT
2022-12-28 07:45:00,0.11000000,0.11150000,0.10980000,0.11040000,157571.00000000,BEAMUSDT
2022-12-28 08:00:00,0.11050000,0.11060000,0.10890000,0.10970000,261682.00000000,BEAMUSDT
2022-12-28 08:15:00,0.10950000,0.11020000,0.10950000,0.11000000,25088.00000000,BEAMUSDT
2022-12-28 08:30:00,0.11020000,0.11040000,0.10980000,0.11020000,30609.00000000,BEAMUSDT
2022-12-28 08:45:00,0.11020000,0.11030000,0.10990000,0.11030000,24310.00000000,BEAMUSDT
2022-12-28 09:00:00,0.11000000,0.11040000,0.10980000,0.11030000,66706.00000000,BEAMUSDT
2022-12-28 09:15:00,0.11010000,0.11030000,0.10980000,0.11030000,14343.00000000,BEAMUSDT
2022-12-28 09:30:00,0.11000000,0.11040000,0.10990000,0.11030000,78030.00000000,BEAMUSDT
2022-12-28 09:45:00,0.11010000,0.11040000,0.10980000,0.10980000,54983.00000000,BEAMUSDT
2022-12-28 10:00:00,0.11000000,0.11140000,0.11000000,0.11100000,110132.00000000,BEAMUSDT
2022-12-28 10:15:00,0.11100000,0.11180000,0.11080000,0.11130000,78553.00000000,BEAMUSDT
2022-12-28 10:30:00,0.11170000,0.11170000,0.11080000,0.11080000,31184.00000000,BEAMUSDT
2022-12-28 10:45:00,0.11070000,0.11080000,0.11010000,0.11010000,56295.00000000,BEAMUSDT
2022-12-28 11:00:00,0.11050000,0.11070000,0.11020000,0.11020000,16347.00000000,BEAMUSDT
2022-12-28 11:15:00,0.11060000,0.11070000,0.11020000,0.11060000,8296.00000000,BEAMUSDT
2022-12-28 11:30:00,0.11060000,0.11100000,0.11060000,0.11100000,9364.00000000,BEAMUSDT
2022-12-28 11:45:00,0.11100000,0.11200000,0.11060000,0.11100000,57233.00000000,BEAMUSDT
2022-12-28 12:00:00,0.11100000,0.11180000,0.11080000,0.11140000,30879.00000000,BEAMUSDT
2022-12-28 12:15:00,0.11140000,0.11160000,0.11120000,0.11130000,9424.00000000,BEAMUSDT
2022-12-28 12:30:00,0.11140000,0.11160000,0.11100000,0.11120000,14518.00000000,BEAMUSDT
2022-12-28 12:45:00,0.11120000,0.11140000,0.11060000,0.11060000,52568.00000000,BEAMUSDT
2022-12-28 13:00:00,0.11060000,0.11120000,0.11040000,0.11090000,54885.00000000,BEAMUSDT
2022-12-28 13:15:00,0.11070000,0.11140000,0.11070000,0.11120000,18610.00000000,BEAMUSDT
2022-12-28 13:30:00,0.11140000,0.11170000,0.11140000,0.11160000,40542.00000000,BEAMUSDT
2022-12-28 13:45:00,0.11160000,0.11180000,0.11160000,0.11170000,31678.00000000,BEAMUSDT
2022-12-28 14:00:00,0.11160000,0.11200000,0.11160000,0.11170000,51266.00000000,BEAMUSDT
2022-12-28 14:15:00,0.11170000,0.11170000,0.11150000,0.11150000,61610.00000000,BEAMUSDT
2022-12-28 14:30:00,0.11150000,0.11210000,0.11130000,0.11200000,28911.00000000,BEAMUSDT
2022-12-28 14:45:00,0.11200000,0.11270000,0.11200000,0.11250000,105696.00000000,BEAMUSDT
2022-12-28 15:00:00,0.11250000,0.11320000,0.11250000,0.11270000,75682.00000000,BEAMUSDT
2022-12-28 15:15:00,0.11270000,0.11280000,0.11250000,0.11250000,4279.00000000,BEAMUSDT
2022-12-28 15:30:00,0.11260000,0.11260000,0.11090000,0.11150000,136892.00000000,BEAMUSDT
2022-12-28 15:45:00,0.11200000,0.11200000,0.11120000,0.11180000,21473.00000000,BEAMUSDT
2022-12-28 16:00:00,0.11150000,0.11200000,0.11150000,0.11190000,13354.00000000,BEAMUSDT
2022-12-28 16:15:00,0.11170000,0.11200000,0.11150000,0.11190000,14228.00000000,BEAMUSDT
2022-12-28 16:30:00,0.11190000,0.11200000,0.11160000,0.11160000,2771.00000000,BEAMUSDT
2022-12-28 16:45:00,0.11160000,0.11220000,0.11160000,0.11170000,41608.00000000,BEAMUSDT
2022-12-28 17:00:00,0.11190000,0.11310000,0.11160000,0.11270000,75604.00000000,BEAMUSDT
2022-12-28 17:15:00,0.11270000,0.11270000,0.11150000,0.11230000,30638.00000000,BEAMUSDT
2022-12-28 17:30:00,0.11180000,0.11230000,0.11030000,0.11160000,97326.00000000,BEAMUSDT
2022-12-28 17:45:00,0.11180000,0.11240000,0.11180000,0.11180000,68322.00000000,BEAMUSDT
2022-12-28 18:00:00,0.11180000,0.11220000,0.11160000,0.11200000,42514.00000000,BEAMUSDT
2022-12-28 18:15:00,0.11200000,0.11240000,0.11190000,0.11210000,12081.00000000,BEAMUSDT
2022-12-28 18:30:00,0.11210000,0.11240000,0.11180000,0.11190000,12160.00000000,BEAMUSDT
2022-12-28 18:45:00,0.11200000,0.11200000,0.11090000,0.11160000,74949.00000000,BEAMUSDT
2022-12-28 19:00:00,0.11190000,0.11200000,0.11190000,0.11190000,3142.00000000,BEAMUSDT
2022-12-28 19:15:00,0.11190000,0.11190000,0.11160000,0.11160000,5423.00000000,BEAMUSDT
2022-12-28 19:30:00,0.11160000,0.11190000,0.11160000,0.11160000,2217.00000000,BEAMUSDT
2022-12-28 19:45:00,0.11190000,0.11200000,0.11150000,0.11180000,18939.00000000,BEAMUSDT
2022-12-28 20:00:00,0.11160000,0.11210000,0.11150000,0.11160000,15775.00000000,BEAMUSDT
2022-12-28 20:15:00,0.11170000,0.11220000,0.11160000,0.11200000,11715.00000000,BEAMUSDT
2022-12-28 20:30:00,0.11200000,0.11490000,0.11190000,0.11240000,129177.00000000,BEAMUSDT
2022-12-28 20:45:00,0.11250000,0.11250000,0.11210000,0.11210000,7410.00000000,BEAMUSDT
2022-12-28 21:00:00,0.11200000,0.11230000,0.11170000,0.11210000,23291.00000000,BEAMUSDT
2022-12-28 21:15:00,0.11200000,0.11330000,0.11170000,0.11230000,62042.00000000,BEAMUSDT
2022-12-28 21:30:00,0.11250000,0.11310000,0.11160000,0.11160000,146733.00000000,BEAMUSDT
2022-12-28 21:45:00,0.11160000,0.11250000,0.11160000,0.11200000,14413.00000000,BEAMUSDT
2022-12-28 22:00:00,0.11200000,0.11240000,0.11140000,0.11200000,37018.00000000,BEAMUSDT
2022-12-28 22:15:00,0.11200000,0.11200000,0.11090000,0.11160000,32479.00000000,BEAMUSDT
2022-12-28 22:30:00,0.11100000,0.11330000,0.11090000,0.11210000,127204.00000000,BEAMUSDT
2022-12-28 22:45:00,0.11210000,0.11230000,0.11020000,0.11080000,166799.00000000,BEAMUSDT
2022-12-28 23:00:00,0.11030000,0.11080000,0.11010000,0.11080000,56253.00000000,BEAMUSDT
2022-12-28 23:15:00,0.11080000,0.11120000,0.11070000,0.11070000,17144.00000000,BEAMUSDT
2022-12-28 23:30:00,0.11070000,0.11160000,0.11070000,0.11100000,11118.00000000,BEAMUSDT
2022-12-28 23:45:00,0.11070000,0.11110000,0.11040000,0.11070000,6240.00000000,BEAMUSDT
2022-12-29 00:00:00,0.11120000,0.11150000,0.11080000,0.11150000,1827.00000000,BEAMUSDT
2022-12-29 00:15:00,0.11140000,0.11160000,0.11120000,0.11130000,11681.00000000,BEAMUSDT
2022-12-29 00:30:00,0.11130000,0.11200000,0.11130000,0.11170000,7275.00000000,BEAMUSDT
2022-12-29 00:45:00,0.11180000,0.11180000,0.11180000,0.11180000,2513.00000000,BEAMUSDT
2022-12-29 01:00:00,0.11180000,0.11200000,0.11180000,0.11180000,3772.00000000,BEAMUSDT
2022-12-29 01:15:00,0.11190000,0.11220000,0.11190000,0.11210000,5563.00000000,BEAMUSDT
2022-12-29 01:30:00,0.11210000,0.11210000,0.11200000,0.11200000,4140.00000000,BEAMUSDT
2022-12-29 01:45:00,0.11200000,0.11200000,0.11180000,0.11180000,1860.00000000,BEAMUSDT
2022-12-29 02:00:00,0.11180000,0.11180000,0.11120000,0.11120000,5731.00000000,BEAMUSDT
2022-12-29 02:15:00,0.11150000,0.11160000,0.11000000,0.11120000,102894.00000000,BEAMUSDT
2022-12-29 02:30:00,0.11110000,0.11230000,0.11080000,0.11150000,73436.00000000,BEAMUSDT
2022-12-29 02:45:00,0.11160000,0.11160000,0.11120000,0.11150000,7127.00000000,BEAMUSDT
2022-12-29 03:00:00,0.11130000,0.11210000,0.11130000,0.11180000,5529.00000000,BEAMUSDT
2022-12-29 03:15:00,0.11180000,0.11220000,0.11160000,0.11220000,59507.00000000,BEAMUSDT
2022-12-29 03:30:00,0.11160000,0.11220000,0.11150000,0.11180000,5807.00000000,BEAMUSDT
2022-12-29 03:45:00,0.11180000,0.11210000,0.11160000,0.11210000,9332.00000000,BEAMUSDT
2022-12-29 04:00:00,0.11160000,0.11290000,0.11150000,0.11250000,56124.00000000,BEAMUSDT
2022-12-29 04:15:00,0.11280000,0.11290000,0.11250000,0.11250000,1250.00000000,BEAMUSDT
2022-12-29 04:30:00,0.11250000,0.11290000,0.11230000,0.11230000,5535.00000000,BEAMUSDT
2022-12-29 04:45:00,0.11230000,0.11240000,0.11180000,0.11210000,43970.00000000,BEAMUSDT
2022-12-29 05:00:00,0.11210000,0.11250000,0.11210000,0.11230000,12073.00000000,BEAMUSDT
2022-12-29 05:15:00,0.11230000,0.11300000,0.11220000,0.11290000,34521.00000000,BEAMUSDT
2022-12-29 05:30:00,0.11290000,0.11290000,0.11220000,0.11280000,26204.00000000,BEAMUSDT
2022-12-29 05:45:00,0.11280000,0.11280000,0.11210000,0.11240000,23901.00000000,BEAMUSDT
2022-12-29 06:00:00,0.11220000,0.11280000,0.11220000,0.11270000,2106.00000000,BEAMUSDT
2022-12-29 06:15:00,0.11270000,0.11340000,0.11270000,0.11290000,12004.00000000,BEAMUSDT
2022-12-29 06:30:00,0.11290000,0.11330000,0.11280000,0.11320000,6477.00000000,BEAMUSDT
2022-12-29 06:45:00,0.11280000,0.11350000,0.11150000,0.11160000,121086.00000000,BEAMUSDT
2022-12-29 07:00:00,0.11190000,0.11210000,0.11160000,0.11160000,1779.00000000,BEAMUSDT
2022-12-29 07:15:00,0.11160000,0.11190000,0.11130000,0.11170000,11863.00000000,BEAMUSDT
2022-12-29 07:30:00,0.11130000,0.11160000,0.11110000,0.11160000,11374.00000000,BEAMUSDT
2022-12-29 07:45:00,0.11150000,0.11150000,0.11070000,0.11130000,73172.00000000,BEAMUSDT
2022-12-29 08:00:00,0.11130000,0.11140000,0.11090000,0.11100000,16523.00000000,BEAMUSDT
2022-12-29 08:15:00,0.11100000,0.11130000,0.11100000,0.11120000,1546.00000000,BEAMUSDT
2022-12-29 08:30:00,0.11100000,0.11120000,0.11060000,0.11090000,25922.00000000,BEAMUSDT
2022-12-29 08:45:00,0.11090000,0.11090000,0.11060000,0.11090000,1770.00000000,BEAMUSDT
2022-12-29 09:00:00,0.11100000,0.11110000,0.11080000,0.11090000,47055.00000000,BEAMUSDT
2022-12-29 09:15:00,0.11110000,0.11170000,0.11080000,0.11170000,54528.00000000,BEAMUSDT
2022-12-29 09:30:00,0.11170000,0.11200000,0.11000000,0.11190000,279839.00000000,BEAMUSDT
2022-12-29 09:45:00,0.11180000,0.11190000,0.11130000,0.11140000,25192.00000000,BEAMUSDT
2022-12-29 10:00:00,0.11140000,0.11180000,0.11130000,0.11180000,23578.00000000,BEAMUSDT
2022-12-29 10:15:00,0.11180000,0.11200000,0.11180000,0.11200000,1275.00000000,BEAMUSDT
2022-12-29 10:30:00,0.11190000,0.11190000,0.11150000,0.11170000,26386.00000000,BEAMUSDT
2022-12-29 10:45:00,0.11160000,0.11220000,0.11130000,0.11150000,41993.00000000,BEAMUSDT
2022-12-29 11:00:00,0.11150000,0.11230000,0.11150000,0.11180000,17051.00000000,BEAMUSDT
2022-12-29 11:15:00,0.11180000,0.11180000,0.11170000,0.11170000,1098.00000000,BEAMUSDT
2022-12-29 11:30:00,0.11180000,0.11200000,0.11170000,0.11170000,1867.00000000,BEAMUSDT
2022-12-29 11:45:00,0.11150000,0.11190000,0.11140000,0.11180000,12270.00000000,BEAMUSDT
2022-12-29 12:00:00,0.11160000,0.11200000,0.11150000,0.11170000,12316.00000000,BEAMUSDT
2022-12-29 12:15:00,0.11140000,0.11170000,0.11120000,0.11160000,9898.00000000,BEAMUSDT
2022-12-29 12:30:00,0.11120000,0.11150000,0.11110000,0.11110000,17836.00000000,BEAMUSDT
2022-12-29 12:45:00,0.11140000,0.11160000,0.11140000,0.11160000,5246.00000000,BEAMUSDT
2022-12-29 13:00:00,0.11120000,0.11160000,0.11110000,0.11110000,9455.00000000,BEAMUSDT
2022-12-29 13:15:00,0.11110000,0.11150000,0.11100000,0.11150000,3416.00000000,BEAMUSDT
2022-12-29 13:30:00,0.11140000,0.11150000,0.11090000,0.11130000,12920.00000000,BEAMUSDT
2022-12-29 13:45:00,0.11130000,0.11140000,0.11090000,0.11130000,9679.00000000,BEAMUSDT
2022-12-29 14:00:00,0.11100000,0.11110000,0.11070000,0.11110000,28368.00000000,BEAMUSDT
2022-12-29 14:15:00,0.11070000,0.11110000,0.11070000,0.11110000,4184.00000000,BEAMUSDT
2022-12-29 14:30:00,0.11110000,0.11120000,0.11070000,0.11120000,8565.00000000,BEAMUSDT
2022-12-29 14:45:00,0.11090000,0.11120000,0.11080000,0.11110000,9786.00000000,BEAMUSDT
2022-12-29 15:00:00,0.11090000,0.11150000,0.11080000,0.11150000,3011.00000000,BEAMUSDT
2022-12-29 15:15:00,0.11120000,0.11150000,0.11100000,0.11100000,7240.00000000,BEAMUSDT
2022-12-29 15:30:00,0.11110000,0.11120000,0.11060000,0.11080000,59937.00000000,BEAMUSDT
2022-12-29 15:45:00,0.11070000,0.11080000,0.11070000,0.11070000,5885.00000000,BEAMUSDT
2022-12-29 16:00:00,0.11070000,0.11070000,0.11020000,0.11060000,8808.00000000,BEAMUSDT
2022-12-29 16:15:00,0.11030000,0.11070000,0.11020000,0.11060000,6768.00000000,BEAMUSDT
2022-12-29 16:30:00,0.11030000,0.11070000,0.11010000,0.11060000,32905.00000000,BEAMUSDT
2022-12-29 16:45:00,0.11060000,0.11090000,0.11010000,0.11050000,27383.00000000,BEAMUSDT
2022-12-29 17:00:00,0.11050000,0.11080000,0.11020000,0.11030000,21719.00000000,BEAMUSDT
2022-12-29 17:15:00,0.11030000,0.11090000,0.11030000,0.11050000,25212.00000000,BEAMUSDT
2022-12-29 17:30:00,0.11050000,0.11100000,0.11040000,0.11100000,12703.00000000,BEAMUSDT
2022-12-29 17:45:00,0.11100000,0.11100000,0.11060000,0.11090000,5690.00000000,BEAMUSDT
2022-12-29 18:00:00,0.11070000,0.11090000,0.11010000,0.11080000,44134.00000000,BEAMUSDT
2022-12-29 18:15:00,0.11060000,0.11090000,0.11050000,0.11050000,27913.00000000,BEAMUSDT
2022-12-29 18:30:00,0.11080000,0.11090000,0.11050000,0.11060000,21325.00000000,BEAMUSDT
2022-12-29 18:45:00,0.11060000,0.11100000,0.11060000,0.11090000,11146.00000000,BEAMUSDT
2022-12-29 19:00:00,0.11100000,0.11170000,0.11090000,0.11130000,56291.00000000,BEAMUSDT
2022-12-29 19:15:00,0.11130000,0.11130000,0.11100000,0.11100000,3819.00000000,BEAMUSDT
2022-12-29 19:30:00,0.11100000,0.11110000,0.11070000,0.11070000,17013.00000000,BEAMUSDT
2022-12-29 19:45:00,0.11060000,0.11140000,0.11060000,0.11130000,18085.00000000,BEAMUSDT
2022-12-29 20:00:00,0.11160000,0.11200000,0.11130000,0.11150000,15541.00000000,BEAMUSDT
2022-12-29 20:15:00,0.11150000,0.11180000,0.11130000,0.11160000,9873.00000000,BEAMUSDT
2022-12-29 20:30:00,0.11160000,0.11210000,0.11120000,0.11140000,59964.00000000,BEAMUSDT
2022-12-29 20:45:00,0.11120000,0.11150000,0.11120000,0.11150000,72323.00000000,BEAMUSDT
2022-12-29 21:00:00,0.11120000,0.11210000,0.11120000,0.11130000,45290.00000000,BEAMUSDT
2022-12-29 21:15:00,0.11180000,0.11180000,0.11120000,0.11120000,1920.00000000,BEAMUSDT
2022-12-29 21:30:00,0.11120000,0.11120000,0.11050000,0.11110000,17622.00000000,BEAMUSDT
2022-12-29 21:45:00,0.11100000,0.11100000,0.11050000,0.11050000,1161.00000000,BEAMUSDT
2022-12-29 22:00:00,0.11060000,0.11100000,0.11040000,0.11040000,3669.00000000,BEAMUSDT
2022-12-29 22:15:00,0.11050000,0.11080000,0.11040000,0.11040000,6281.00000000,BEAMUSDT
2022-12-29 22:30:00,0.11040000,0.11120000,0.11040000,0.11120000,6184.00000000,BEAMUSDT
2022-12-29 22:45:00,0.11120000,0.11130000,0.11090000,0.11130000,7633.00000000,BEAMUSDT
2022-12-29 23:00:00,0.11120000,0.11150000,0.11120000,0.11140000,5654.00000000,BEAMUSDT
2022-12-29 23:15:00,0.11140000,0.11140000,0.11110000,0.11120000,18517.00000000,BEAMUSDT
2022-12-29 23:30:00,0.11140000,0.11150000,0.11120000,0.11150000,1140.00000000,BEAMUSDT
2022-12-29 23:45:00,0.11120000,0.11160000,0.11120000,0.11140000,16484.00000000,BEAMUSDT
2022-12-30 00:00:00,0.11130000,0.11180000,0.11120000,0.11170000,15398.00000000,BEAMUSDT
2022-12-30 00:15:00,0.11170000,0.11170000,0.11140000,0.11140000,440.00000000,BEAMUSDT
2022-12-30 00:30:00,0.11150000,0.11170000,0.11140000,0.11150000,2557.00000000,BEAMUSDT
2022-12-30 00:45:00,0.11150000,0.11180000,0.11140000,0.11170000,8746.00000000,BEAMUSDT
2022-12-30 01:00:00,0.11170000,0.11200000,0.11170000,0.11190000,14691.00000000,BEAMUSDT
2022-12-30 01:15:00,0.11190000,0.11200000,0.11180000,0.11180000,4528.00000000,BEAMUSDT
2022-12-30 01:30:00,0.11200000,0.11200000,0.11140000,0.11160000,19328.00000000,BEAMUSDT
2022-12-30 01:45:00,0.11150000,0.11190000,0.11150000,0.11180000,7381.00000000,BEAMUSDT
2022-12-30 02:00:00,0.11180000,0.11190000,0.11140000,0.11170000,7627.00000000,BEAMUSDT
2022-12-30 02:15:00,0.11140000,0.11150000,0.11110000,0.11140000,19291.00000000,BEAMUSDT
2022-12-30 02:30:00,0.11110000,0.11160000,0.11070000,0.11160000,27280.00000000,BEAMUSDT
2022-12-30 02:45:00,0.11150000,0.11150000,0.11120000,0.11120000,831.00000000,BEAMUSDT
2022-12-30 03:00:00,0.11150000,0.11160000,0.11090000,0.11150000,23330.00000000,BEAMUSDT
2022-12-30 03:15:00,0.11140000,0.11140000,0.11080000,0.11110000,4012.00000000,BEAMUSDT
2022-12-30 03:30:00,0.11080000,0.11110000,0.11010000,0.11070000,121637.00000000,BEAMUSDT
2022-12-30 03:45:00,0.11080000,0.11080000,0.11060000,0.11060000,6681.00000000,BEAMUSDT
2022-12-30 04:00:00,0.11050000,0.11070000,0.11040000,0.11070000,13545.00000000,BEAMUSDT
2022-12-30 04:15:00,0.11070000,0.11070000,0.11040000,0.11070000,23043.00000000,BEAMUSDT
2022-12-30 04:30:00,0.11050000,0.11110000,0.11050000,0.11100000,17931.00000000,BEAMUSDT
2022-12-30 04:45:00,0.11090000,0.11100000,0.11070000,0.11100000,7128.00000000,BEAMUSDT
2022-12-30 05:00:00,0.11100000,0.11110000,0.11060000,0.11100000,1950.00000000,BEAMUSDT
2022-12-30 05:15:00,0.11050000,0.11080000,0.11050000,0.11070000,1913.00000000,BEAMUSDT
2022-12-30 05:30:00,0.11080000,0.11080000,0.11030000,0.11030000,158512.00000000,BEAMUSDT
2022-12-30 05:45:00,0.11030000,0.11050000,0.11030000,0.11050000,6999.00000000,BEAMUSDT
2022-12-30 06:00:00,0.11050000,0.11060000,0.11030000,0.11030000,9734.00000000,BEAMUSDT
2022-12-30 06:15:00,0.11030000,0.11080000,0.11030000,0.11070000,13849.00000000,BEAMUSDT
2022-12-30 06:30:00,0.11040000,0.11070000,0.11030000,0.11070000,5325.00000000,BEAMUSDT
2022-12-30 06:45:00,0.11070000,0.11070000,0.11030000,0.11030000,24792.00000000,BEAMUSDT
2022-12-30 07:00:00,0.11050000,0.11070000,0.10900000,0.10970000,141252.00000000,BEAMUSDT
2022-12-30 07:15:00,0.10960000,0.10990000,0.10910000,0.10920000,17579.00000000,BEAMUSDT
2022-12-30 07:30:00,0.10950000,0.10960000,0.10910000,0.10960000,19269.00000000,BEAMUSDT
2022-12-30 07:45:00,0.10930000,0.10950000,0.10910000,0.10940000,72874.00000000,BEAMUSDT
2022-12-30 08:00:00,0.10920000,0.10950000,0.10910000,0.10920000,49598.00000000,BEAMUSDT
2022-12-30 08:15:00,0.10960000,0.10980000,0.10910000,0.10910000,72832.00000000,BEAMUSDT
2022-12-30 08:30:00,0.10960000,0.10960000,0.10910000,0.10940000,30330.00000000,BEAMUSDT
2022-12-30 08:45:00,0.10910000,0.10960000,0.10910000,0.10920000,7371.00000000,BEAMUSDT
2022-12-30 09:00:00,0.10950000,0.10980000,0.10930000,0.10940000,11135.00000000,BEAMUSDT
2022-12-30 09:15:00,0.10970000,0.10990000,0.10930000,0.10950000,15562.00000000,BEAMUSDT
2022-12-30 09:30:00,0.10950000,0.10980000,0.10940000,0.10960000,4840.00000000,BEAMUSDT
2022-12-30 09:45:00,0.10970000,0.10970000,0.10910000,0.10910000,68572.00000000,BEAMUSDT
2022-12-30 10:00:00,0.10910000,0.10990000,0.10910000,0.10960000,14823.00000000,BEAMUSDT
2022-12-30 10:15:00,0.10990000,0.11010000,0.10960000,0.10960000,29788.00000000,BEAMUSDT
2022-12-30 10:30:00,0.10960000,0.10990000,0.10950000,0.10980000,2488.00000000,BEAMUSDT
2022-12-30 10:45:00,0.10950000,0.10960000,0.10950000,0.10950000,5515.00000000,BEAMUSDT
2022-12-30 11:00:00,0.10960000,0.10960000,0.10900000,0.10930000,66772.00000000,BEAMUSDT
2022-12-30 11:15:00,0.10930000,0.10940000,0.10900000,0.10910000,1666.00000000,BEAMUSDT
2022-12-30 11:30:00,0.10920000,0.10950000,0.10900000,0.10950000,5892.00000000,BEAMUSDT
2022-12-30 11:45:00,0.10940000,0.10940000,0.10660000,0.10790000,236678.00000000,BEAMUSDT
2022-12-30 12:00:00,0.10790000,0.10820000,0.10780000,0.10800000,80884.00000000,BEAMUSDT
2022-12-30 12:15:00,0.10790000,0.10790000,0.10700000,0.10770000,97335.00000000,BEAMUSDT
2022-12-30 12:30:00,0.10790000,0.10800000,0.10770000,0.10770000,1969.00000000,BEAMUSDT
2022-12-30 12:45:00,0.10760000,0.10810000,0.10740000,0.10790000,38292.00000000,BEAMUSDT
2022-12-30 13:00:00,0.10770000,0.10800000,0.10730000,0.10760000,56071.00000000,BEAMUSDT
2022-12-30 13:15:00,0.10760000,0.10780000,0.10570000,0.10690000,169890.00000000,BEAMUSDT
2022-12-30 13:30:00,0.10690000,0.10710000,0.10660000,0.10670000,25526.00000000,BEAMUSDT
2022-12-30 13:45:00,0.10670000,0.10670000,0.10510000,0.10600000,92908.00000000,BEAMUSDT
2022-12-30 14:00:00,0.10600000,0.10650000,0.10600000,0.10600000,36614.00000000,BEAMUSDT
2022-12-30 14:15:00,0.10630000,0.10650000,0.10600000,0.10630000,35459.00000000,BEAMUSDT
2022-12-30 14:30:00,0.10630000,0.10660000,0.10600000,0.10660000,53176.00000000,BEAMUSDT
2022-12-30 14:45:00,0.10660000,0.10660000,0.10580000,0.10620000,44340.00000000,BEAMUSDT
2022-12-30 15:00:00,0.10580000,0.10610000,0.10580000,0.10610000,18626.00000000,BEAMUSDT
2022-12-30 15:15:00,0.10590000,0.10610000,0.10580000,0.10610000,9551.00000000,BEAMUSDT
2022-12-30 15:30:00,0.10630000,0.10690000,0.10630000,0.10690000,17981.00000000,BEAMUSDT
2022-12-30 15:45:00,0.10680000,0.10690000,0.10420000,0.10480000,149653.00000000,BEAMUSDT
2022-12-30 16:00:00,0.10480000,0.10590000,0.10480000,0.10540000,34504.00000000,BEAMUSDT
2022-12-30 16:15:00,0.10560000,0.10590000,0.10540000,0.10590000,35696.00000000,BEAMUSDT
2022-12-30 16:30:00,0.10590000,0.10630000,0.10580000,0.10600000,29337.00000000,BEAMUSDT
2022-12-30 16:45:00,0.10600000,0.10600000,0.10570000,0.10580000,9504.00000000,BEAMUSDT
2022-12-30 17:00:00,0.10580000,0.10590000,0.10570000,0.10590000,5718.00000000,BEAMUSDT
2022-12-30 17:15:00,0.10590000,0.10630000,0.10570000,0.10630000,58258.00000000,BEAMUSDT
2022-12-30 17:30:00,0.10620000,0.10660000,0.10620000,0.10630000,11972.00000000,BEAMUSDT
2022-12-30 17:45:00,0.10650000,0.10680000,0.10630000,0.10680000,19633.00000000,BEAMUSDT
2022-12-30 18:00:00,0.10680000,0.10690000,0.10640000,0.10640000,6927.00000000,BEAMUSDT
2022-12-30 18:15:00,0.10630000,0.10670000,0.10630000,0.10660000,6470.00000000,BEAMUSDT
2022-12-30 18:30:00,0.10660000,0.10680000,0.10660000,0.10660000,4720.00000000,BEAMUSDT
2022-12-30 18:45:00,0.10670000,0.10720000,0.10660000,0.10680000,17498.00000000,BEAMUSDT
2022-12-30 19:00:00,0.10690000,0.10690000,0.10610000,0.10680000,48589.00000000,BEAMUSDT
2022-12-30 19:15:00,0.10680000,0.10690000,0.10650000,0.10680000,6474.00000000,BEAMUSDT
2022-12-30 19:30:00,0.10660000,0.10870000,0.10600000,0.10730000,127916.00000000,BEAMUSDT
2022-12-30 19:45:00,0.10730000,0.10740000,0.10700000,0.10740000,7264.00000000,BEAMUSDT
2022-12-30 20:00:00,0.10750000,0.10760000,0.10720000,0.10750000,10903.00000000,BEAMUSDT
2022-12-30 20:15:00,0.10760000,0.10760000,0.10670000,0.10710000,23383.00000000,BEAMUSDT
2022-12-30 20:30:00,0.10710000,0.10740000,0.10700000,0.10730000,11372.00000000,BEAMUSDT
2022-12-30 20:45:00,0.10720000,0.10720000,0.10680000,0.10710000,7160.00000000,BEAMUSDT
2022-12-30 21:00:00,0.10710000,0.10800000,0.10680000,0.10740000,78764.00000000,BEAMUSDT
2022-12-30 21:15:00,0.10740000,0.10770000,0.10660000,0.10670000,41199.00000000,BEAMUSDT
2022-12-30 21:30:00,0.10700000,0.10750000,0.10630000,0.10710000,34288.00000000,BEAMUSDT
2022-12-30 21:45:00,0.10710000,0.10750000,0.10710000,0.10720000,9207.00000000,BEAMUSDT
2022-12-30 22:00:00,0.10730000,0.10880000,0.10730000,0.10770000,115304.00000000,BEAMUSDT
2022-12-30 22:15:00,0.10760000,0.10860000,0.10760000,0.10780000,93874.00000000,BEAMUSDT
2022-12-30 22:30:00,0.10780000,0.11240000,0.10780000,0.11170000,696689.00000000,BEAMUSDT
2022-12-30 22:45:00,0.11170000,0.11190000,0.11150000,0.11180000,39572.00000000,BEAMUSDT
2022-12-30 23:00:00,0.11180000,0.11190000,0.11130000,0.11130000,240348.00000000,BEAMUSDT
2022-12-30 23:15:00,0.11130000,0.11140000,0.11050000,0.11050000,232156.00000000,BEAMUSDT
2022-12-30 23:30:00,0.11080000,0.11100000,0.11030000,0.11050000,23780.00000000,BEAMUSDT
2022-12-30 23:45:00,0.11050000,0.11070000,0.11000000,0.11030000,116007.00000000,BEAMUSDT
2022-12-31 00:00:00,0.11030000,0.11060000,0.11000000,0.11040000,100153.00000000,BEAMUSDT
2022-12-31 00:15:00,0.11030000,0.11060000,0.11000000,0.11000000,101183.00000000,BEAMUSDT
2022-12-31 00:30:00,0.11040000,0.11050000,0.11000000,0.11050000,1579.00000000,BEAMUSDT
2022-12-31 00:45:00,0.11000000,0.11050000,0.11000000,0.11050000,6438.00000000,BEAMUSDT
2022-12-31 01:00:00,0.11040000,0.11070000,0.11010000,0.11050000,5434.00000000,BEAMUSDT
2022-12-31 01:15:00,0.11010000,0.11040000,0.11000000,0.11000000,172083.00000000,BEAMUSDT
2022-12-31 01:30:00,0.11000000,0.11030000,0.11000000,0.11030000,7634.00000000,BEAMUSDT
2022-12-31 01:45:00,0.11030000,0.11050000,0.11000000,0.11000000,1065.00000000,BEAMUSDT
2022-12-31 02:00:00,0.11000000,0.11060000,0.11000000,0.11060000,7645.00000000,BEAMUSDT
2022-12-31 02:15:00,0.11010000,0.11050000,0.11000000,0.11050000,110986.00000000,BEAMUSDT
2022-12-31 02:30:00,0.11000000,0.11060000,0.11000000,0.11010000,3693.00000000,BEAMUSDT
2022-12-31 02:45:00,0.11050000,0.11050000,0.11000000,0.11030000,9284.00000000,BEAMUSDT
2022-12-31 03:00:00,0.11030000,0.11130000,0.11010000,0.11020000,53440.00000000,BEAMUSDT
2022-12-31 03:15:00,0.11050000,0.11050000,0.10920000,0.11000000,57990.00000000,BEAMUSDT
2022-12-31 03:30:00,0.10960000,0.11000000,0.10960000,0.11000000,641.00000000,BEAMUSDT
2022-12-31 03:45:00,0.10960000,0.10990000,0.10900000,0.10970000,121524.00000000,BEAMUSDT
2022-12-31 04:00:00,0.10970000,0.11000000,0.10970000,0.10970000,2075.00000000,BEAMUSDT
2022-12-31 04:15:00,0.11000000,0.11000000,0.10960000,0.10960000,3167.00000000,BEAMUSDT
2022-12-31 04:30:00,0.10960000,0.10990000,0.10900000,0.10970000,101039.00000000,BEAMUSDT
2022-12-31 04:45:00,0.10980000,0.11060000,0.10960000,0.10960000,76467.00000000,BEAMUSDT
2022-12-31 05:00:00,0.10970000,0.11010000,0.10900000,0.10980000,68611.00000000,BEAMUSDT
2022-12-31 05:15:00,0.10980000,0.11010000,0.10960000,0.11010000,22747.00000000,BEAMUSDT
2022-12-31 05:30:00,0.10960000,0.10980000,0.10900000,0.10980000,53749.00000000,BEAMUSDT
2022-12-31 05:45:00,0.10970000,0.11030000,0.10920000,0.10980000,24395.00000000,BEAMUSDT
2022-12-31 06:00:00,0.10980000,0.11030000,0.10980000,0.11000000,6686.00000000,BEAMUSDT
2022-12-31 06:15:00,0.11010000,0.11040000,0.11010000,0.11030000,4567.00000000,BEAMUSDT
2022-12-31 06:30:00,0.11050000,0.11130000,0.11030000,0.11080000,42145.00000000,BEAMUSDT
2022-12-31 06:45:00,0.11080000,0.11130000,0.11030000,0.11080000,20456.00000000,BEAMUSDT
2022-12-31 07:00:00,0.11060000,0.11060000,0.10970000,0.11030000,19834.00000000,BEAMUSDT
2022-12-31 07:15:00,0.11030000,0.11080000,0.11030000,0.11030000,20351.00000000,BEAMUSDT
2022-12-31 07:30:00,0.11050000,0.11050000,0.11050000,0.11050000,548.00000000,BEAMUSDT
2022-12-31 07:45:00,0.11050000,0.11080000,0.11050000,0.11080000,8679.00000000,BEAMUSDT
2022-12-31 08:00:00,0.11060000,0.11120000,0.11060000,0.11070000,18225.00000000,BEAMUSDT
2022-12-31 08:15:00,0.11100000,0.11180000,0.11100000,0.11100000,25630.00000000,BEAMUSDT
2022-12-31 08:30:00,0.11100000,0.11100000,0.11070000,0.11080000,12015.00000000,BEAMUSDT
2022-12-31 08:45:00,0.11120000,0.11180000,0.11070000,0.11170000,76112.00000000,BEAMUSDT
2022-12-31 09:00:00,0.11150000,0.11180000,0.11120000,0.11160000,56595.00000000,BEAMUSDT
2022-12-31 09:15:00,0.11160000,0.11300000,0.11160000,0.11240000,258225.00000000,BEAMUSDT
2022-12-31 09:30:00,0.11190000,0.11450000,0.11190000,0.11340000,242067.00000000,BEAMUSDT
2022-12-31 09:45:00,0.11310000,0.11450000,0.11160000,0.11190000,212062.00000000,BEAMUSDT
2022-12-31 10:00:00,0.11190000,0.11250000,0.11130000,0.11210000,68143.00000000,BEAMUSDT
2022-12-31 10:15:00,0.11200000,0.11250000,0.11180000,0.11190000,14001.00000000,BEAMUSDT
2022-12-31 10:30:00,0.11180000,0.11200000,0.11130000,0.11160000,66930.00000000,BEAMUSDT
2022-12-31 10:45:00,0.11190000,0.11190000,0.11150000,0.11180000,1928.00000000,BEAMUSDT
2022-12-31 11:00:00,0.11180000,0.11250000,0.11180000,0.11180000,15184.00000000,BEAMUSDT
2022-12-31 11:15:00,0.11230000,0.11230000,0.11180000,0.11190000,8483.00000000,BEAMUSDT
2022-12-31 11:30:00,0.11200000,0.11280000,0.11190000,0.11220000,26332.00000000,BEAMUSDT
2022-12-31 11:45:00,0.11220000,0.11410000,0.11210000,0.11340000,63868.00000000,BEAMUSDT
2022-12-31 12:00:00,0.11340000,0.11440000,0.11290000,0.11290000,80697.00000000,BEAMUSDT
2022-12-31 12:15:00,0.11290000,0.11330000,0.11210000,0.11270000,149340.00000000,BEAMUSDT
2022-12-31 12:30:00,0.11270000,0.11330000,0.11200000,0.11230000,61875.00000000,BEAMUSDT
2022-12-31 12:45:00,0.11230000,0.11310000,0.11220000,0.11220000,47965.00000000,BEAMUSDT
2022-12-31 13:00:00,0.11220000,0.11320000,0.11210000,0.11230000,36404.00000000,BEAMUSDT
2022-12-31 13:15:00,0.11230000,0.11290000,0.11230000,0.11270000,14097.00000000,BEAMUSDT
2022-12-31 13:30:00,0.11270000,0.11300000,0.11240000,0.11300000,22719.00000000,BEAMUSDT
2022-12-31 13:45:00,0.11240000,0.11300000,0.11240000,0.11280000,32348.00000000,BEAMUSDT
2022-12-31 14:00:00,0.11250000,0.11280000,0.11220000,0.11260000,33752.00000000,BEAMUSDT
2022-12-31 14:15:00,0.11250000,0.11260000,0.11220000,0.11230000,13279.00000000,BEAMUSDT
2022-12-31 14:30:00,0.11230000,0.11280000,0.11220000,0.11280000,33050.00000000,BEAMUSDT
2022-12-31 14:45:00,0.11230000,0.11270000,0.11220000,0.11270000,10623.00000000,BEAMUSDT
2022-12-31 15:00:00,0.11220000,0.11260000,0.11200000,0.11240000,59052.00000000,BEAMUSDT
2022-12-31 15:15:00,0.11220000,0.11250000,0.11200000,0.11240000,25042.00000000,BEAMUSDT
2022-12-31 15:30:00,0.11200000,0.11240000,0.11200000,0.11200000,17139.00000000,BEAMUSDT
2022-12-31 15:45:00,0.11200000,0.11240000,0.11170000,0.11190000,59838.00000000,BEAMUSDT
2022-12-31 16:00:00,0.11200000,0.11230000,0.11110000,0.11120000,131378.00000000,BEAMUSDT
2022-12-31 16:15:00,0.11110000,0.11120000,0.11110000,0.11120000,40216.00000000,BEAMUSDT
2022-12-31 16:30:00,0.11120000,0.11120000,0.11100000,0.11110000,28792.00000000,BEAMUSDT
2022-12-31 16:45:00,0.11110000,0.11150000,0.11100000,0.11130000,60584.00000000,BEAMUSDT
2022-12-31 17:00:00,0.11130000,0.11150000,0.11070000,0.11110000,51497.00000000,BEAMUSDT
2022-12-31 17:15:00,0.11100000,0.11100000,0.11040000,0.11040000,30226.00000000,BEAMUSDT
2022-12-31 17:30:00,0.11040000,0.11140000,0.11030000,0.11140000,45431.00000000,BEAMUSDT
2022-12-31 17:45:00,0.11120000,0.11400000,0.11110000,0.11240000,324992.00000000,BEAMUSDT
2022-12-31 18:00:00,0.11240000,0.11250000,0.11110000,0.11160000,35305.00000000,BEAMUSDT
2022-12-31 18:15:00,0.11170000,0.11190000,0.11130000,0.11140000,12593.00000000,BEAMUSDT
2022-12-31 18:30:00,0.11180000,0.11180000,0.11110000,0.11130000,31954.00000000,BEAMUSDT
2022-12-31 18:45:00,0.11160000,0.11380000,0.11130000,0.11190000,143940.00000000,BEAMUSDT
2022-12-31 19:00:00,0.11210000,0.11360000,0.11200000,0.11250000,119072.00000000,BEAMUSDT
2022-12-31 19:15:00,0.11190000,0.11270000,0.10970000,0.11000000,793019.00000000,BEAMUSDT
2022-12-31 19:30:00,0.11000000,0.11050000,0.10990000,0.10990000,119231.00000000,BEAMUSDT
2022-12-31 19:45:00,0.11000000,0.11010000,0.10900000,0.10960000,60127.00000000,BEAMUSDT
2022-12-31 20:00:00,0.10960000,0.10990000,0.10820000,0.10860000,196558.00000000,BEAMUSDT
2022-12-31 20:15:00,0.10880000,0.10960000,0.10600000,0.10650000,497625.00000000,BEAMUSDT
2022-12-31 20:30:00,0.10630000,0.10630000,0.10050000,0.10420000,1120350.00000000,BEAMUSDT
2022-12-31 20:45:00,0.10460000,0.10500000,0.10400000,0.10440000,157082.00000000,BEAMUSDT
2022-12-31 21:00:00,0.10440000,0.10460000,0.10400000,0.10450000,58559.00000000,BEAMUSDT
2022-12-31 21:15:00,0.10450000,0.10490000,0.10440000,0.10470000,50525.00000000,BEAMUSDT
2022-12-31 21:30:00,0.10480000,0.10490000,0.10420000,0.10480000,79752.00000000,BEAMUSDT
2022-12-31 21:45:00,0.10480000,0.10590000,0.10460000,0.10540000,123646.00000000,BEAMUSDT
2022-12-31 22:00:00,0.10530000,0.10590000,0.10530000,0.10560000,94453.00000000,BEAMUSDT
2022-12-31 22:15:00,0.10570000,0.10570000,0.10530000,0.10550000,4723.00000000,BEAMUSDT
2022-12-31 22:30:00,0.10550000,0.10570000,0.10540000,0.10550000,22385.00000000,BEAMUSDT
2022-12-31 22:45:00,0.10570000,0.10610000,0.10540000,0.10550000,62893.00000000,BEAMUSDT
2022-12-31 23:00:00,0.10540000,0.10550000,0.10440000,0.10490000,34310.00000000,BEAMUSDT
2022-12-31 23:15:00,0.10480000,0.10630000,0.10460000,0.10570000,97244.00000000,BEAMUSDT
2022-12-31 23:30:00,0.10630000,0.10670000,0.10580000,0.10620000,37747.00000000,BEAMUSDT
2022-12-31 23:45:00,0.10620000,0.10650000,0.10610000,0.10650000,13323.00000000,BEAMUSDT
2023-01-01 00:00:00,0.10630000,0.10640000,0.10530000,0.10580000,49390.00000000,BEAMUSDT
2023-01-01 00:15:00,0.10570000,0.10580000,0.10540000,0.10540000,10298.00000000,BEAMUSDT
2023-01-01 00:30:00,0.10540000,0.10560000,0.10530000,0.10540000,7318.00000000,BEAMUSDT
2023-01-01 00:45:00,0.10540000,0.10570000,0.10530000,0.10570000,16131.00000000,BEAMUSDT
2023-01-01 01:00:00,0.10570000,0.10670000,0.10570000,0.10670000,42590.00000000,BEAMUSDT
2023-01-01 01:15:00,0.10670000,0.10690000,0.10670000,0.10690000,13348.00000000,BEAMUSDT
2023-01-01 01:30:00,0.10690000,0.10700000,0.10670000,0.10680000,9175.00000000,BEAMUSDT
2023-01-01 01:45:00,0.10680000,0.10680000,0.10670000,0.10670000,4183.00000000,BEAMUSDT
2023-01-01 02:00:00,0.10670000,0.10750000,0.10670000,0.10690000,34424.00000000,BEAMUSDT
2023-01-01 02:15:00,0.10720000,0.10740000,0.10680000,0.10720000,15702.00000000,BEAMUSDT
2023-01-01 02:30:00,0.10720000,0.10850000,0.10700000,0.10730000,91816.00000000,BEAMUSDT
2023-01-01 02:45:00,0.10750000,0.10790000,0.10740000,0.10740000,12796.00000000,BEAMUSDT
2023-01-01 03:00:00,0.10730000,0.10730000,0.10680000,0.10720000,10498.00000000,BEAMUSDT
2023-01-01 03:15:00,0.10730000,0.10730000,0.10690000,0.10690000,20043.00000000,BEAMUSDT
2023-01-01 03:30:00,0.10720000,0.10730000,0.10700000,0.10730000,564.00000000,BEAMUSDT
2023-01-01 03:45:00,0.10730000,0.10730000,0.10700000,0.10700000,1671.00000000,BEAMUSDT
2023-01-01 04:00:00,0.10720000,0.10730000,0.10690000,0.10690000,4442.00000000,BEAMUSDT
2023-01-01 04:15:00,0.10690000,0.10690000,0.10670000,0.10680000,35569.00000000,BEAMUSDT
2023-01-01 04:30:00,0.10670000,0.10690000,0.10670000,0.10690000,6198.00000000,BEAMUSDT
2023-01-01 04:45:00,0.10690000,0.10690000,0.10670000,0.10670000,3003.00000000,BEAMUSDT
2023-01-01 05:00:00,0.10670000,0.10710000,0.10670000,0.10700000,24766.00000000,BEAMUSDT
2023-01-01 05:15:00,0.10700000,0.10720000,0.10670000,0.10680000,17685.00000000,BEAMUSDT
2023-01-01 05:30:00,0.10710000,0.10730000,0.10700000,0.10730000,14988.00000000,BEAMUSDT
2023-01-01 05:45:00,0.10710000,0.10790000,0.10700000,0.10740000,43175.00000000,BEAMUSDT
2023-01-01 06:00:00,0.10710000,0.10760000,0.10710000,0.10730000,37196.00000000,BEAMUSDT
2023-01-01 06:15:00,0.10750000,0.10770000,0.10730000,0.10740000,25643.00000000,BEAMUSDT
2023-01-01 06:30:00,0.10750000,0.10760000,0.10740000,0.10740000,2651.00000000,BEAMUSDT
2023-01-01 06:45:00,0.10740000,0.10740000,0.10730000,0.10730000,3043.00000000,BEAMUSDT
2023-01-01 07:00:00,0.10730000,0.10770000,0.10710000,0.10710000,36265.00000000,BEAMUSDT
2023-01-01 07:15:00,0.10710000,0.10720000,0.10670000,0.10700000,31599.00000000,BEAMUSDT
2023-01-01 07:30:00,0.10700000,0.10700000,0.10550000,0.10620000,101508.00000000,BEAMUSDT
2023-01-01 07:45:00,0.10630000,0.10650000,0.10610000,0.10630000,16706.00000000,BEAMUSDT
2023-01-01 08:00:00,0.10650000,0.10660000,0.10650000,0.10650000,2917.00000000,BEAMUSDT
2023-01-01 08:15:00,0.10650000,0.10680000,0.10650000,0.10680000,16371.00000000,BEAMUSDT
2023-01-01 08:30:00,0.10680000,0.10710000,0.10650000,0.10710000,65847.00000000,BEAMUSDT
2023-01-01 08:45:00,0.10700000,0.10720000,0.10700000,0.10700000,34506.00000000,BEAMUSDT
2023-01-01 09:00:00,0.10700000,0.10720000,0.10700000,0.10700000,4583.00000000,BEAMUSDT
2023-01-01 09:15:00,0.10700000,0.10750000,0.10700000,0.10700000,27056.00000000,BEAMUSDT
2023-01-01 09:30:00,0.10700000,0.10760000,0.10700000,0.10710000,42938.00000000,BEAMUSDT
2023-01-01 09:45:00,0.10730000,0.10740000,0.10670000,0.10720000,40467.00000000,BEAMUSDT
2023-01-01 10:00:00,0.10690000,0.10690000,0.10680000,0.10680000,2320.00000000,BEAMUSDT
2023-01-01 10:15:00,0.10690000,0.10720000,0.10690000,0.10700000,31882.00000000,BEAMUSDT
2023-01-01 10:30:00,0.10720000,0.10760000,0.10710000,0.10750000,53798.00000000,BEAMUSDT
2023-01-01 10:45:00,0.10760000,0.10770000,0.10750000,0.10750000,24977.00000000,BEAMUSDT
2023-01-01 11:00:00,0.10770000,0.10790000,0.10750000,0.10760000,16504.00000000,BEAMUSDT
2023-01-01 11:15:00,0.10760000,0.10760000,0.10750000,0.10750000,11670.00000000,BEAMUSDT
2023-01-01 11:30:00,0.10750000,0.10750000,0.10720000,0.10720000,40661.00000000,BEAMUSDT
2023-01-01 11:45:00,0.10740000,0.10750000,0.10700000,0.10740000,26391.00000000,BEAMUSDT
2023-01-01 12:00:00,0.10740000,0.10770000,0.10690000,0.10720000,40099.00000000,BEAMUSDT
2023-01-01 12:15:00,0.10700000,0.10760000,0.10700000,0.10740000,10284.00000000,BEAMUSDT
2023-01-01 12:30:00,0.10730000,0.10740000,0.10690000,0.10690000,19599.00000000,BEAMUSDT
2023-01-01 12:45:00,0.10720000,0.10750000,0.10680000,0.10710000,15283.00000000,BEAMUSDT
2023-01-01 13:00:00,0.10700000,0.10740000,0.10690000,0.10720000,23003.00000000,BEAMUSDT
2023-01-01 13:15:00,0.10720000,0.10740000,0.10690000,0.10710000,3513.00000000,BEAMUSDT
2023-01-01 13:30:00,0.10720000,0.10740000,0.10700000,0.10730000,9092.00000000,BEAMUSDT
2023-01-01 13:45:00,0.10720000,0.10730000,0.10710000,0.10710000,2835.00000000,BEAMUSDT
2023-01-01 14:00:00,0.10710000,0.10740000,0.10700000,0.10710000,30218.00000000,BEAMUSDT
2023-01-01 14:15:00,0.10710000,0.10740000,0.10690000,0.10710000,2627.00000000,BEAMUSDT
2023-01-01 14:30:00,0.10710000,0.10750000,0.10710000,0.10730000,8368.00000000,BEAMUSDT
2023-01-01 14:45:00,0.10720000,0.10830000,0.10720000,0.10760000,81942.00000000,BEAMUSDT
2023-01-01 15:00:00,0.10760000,0.10840000,0.10760000,0.10790000,14078.00000000,BEAMUSDT
2023-01-01 15:15:00,0.10800000,0.10840000,0.10780000,0.10830000,4606.00000000,BEAMUSDT
2023-01-01 15:30:00,0.10830000,0.10900000,0.10800000,0.10900000,45756.00000000,BEAMUSDT
2023-01-01 15:45:00,0.10880000,0.10880000,0.10800000,0.10800000,20437.00000000,BEAMUSDT
2023-01-01 16:00:00,0.10820000,0.10860000,0.10800000,0.10830000,27769.00000000,BEAMUSDT
2023-01-01 16:15:00,0.10830000,0.10860000,0.10830000,0.10860000,8131.00000000,BEAMUSDT
2023-01-01 16:30:00,0.10860000,0.10860000,0.10830000,0.10840000,6641.00000000,BEAMUSDT
2023-01-01 16:45:00,0.10840000,0.10860000,0.10840000,0.10840000,4379.00000000,BEAMUSDT
2023-01-01 17:00:00,0.10840000,0.10860000,0.10840000,0.10840000,3248.00000000,BEAMUSDT
2023-01-01 17:15:00,0.10840000,0.10890000,0.10840000,0.10840000,7463.00000000,BEAMUSDT
2023-01-01 17:30:00,0.10850000,0.10850000,0.10840000,0.10840000,6861.00000000,BEAMUSDT
2023-01-01 17:45:00,0.10880000,0.10880000,0.10850000,0.10850000,4816.00000000,BEAMUSDT
2023-01-01 18:00:00,0.10850000,0.10890000,0.10780000,0.10880000,77101.00000000,BEAMUSDT
2023-01-01 18:15:00,0.10820000,0.10890000,0.10820000,0.10840000,17664.00000000,BEAMUSDT
2023-01-01 18:30:00,0.10840000,0.10840000,0.10800000,0.10830000,7880.00000000,BEAMUSDT
2023-01-01 18:45:00,0.10800000,0.10840000,0.10800000,0.10840000,15231.00000000,BEAMUSDT
2023-01-01 19:00:00,0.10830000,0.10900000,0.10760000,0.10770000,65855.00000000,BEAMUSDT
2023-01-01 19:15:00,0.10810000,0.10810000,0.10760000,0.10760000,13602.00000000,BEAMUSDT
2023-01-01 19:30:00,0.10750000,0.10790000,0.10750000,0.10790000,55133.00000000,BEAMUSDT
2023-01-01 19:45:00,0.10760000,0.10770000,0.10720000,0.10730000,36513.00000000,BEAMUSDT
2023-01-01 20:00:00,0.10720000,0.10810000,0.10710000,0.10810000,54019.00000000,BEAMUSDT
2023-01-01 20:15:00,0.10780000,0.10870000,0.10780000,0.10850000,19161.00000000,BEAMUSDT
2023-01-01 20:30:00,0.10860000,0.11040000,0.10820000,0.10880000,356768.00000000,BEAMUSDT
2023-01-01 20:45:00,0.10840000,0.10920000,0.10830000,0.10890000,65354.00000000,BEAMUSDT
2023-01-01 21:00:00,0.10890000,0.10990000,0.10830000,0.10930000,45883.00000000,BEAMUSDT
2023-01-01 21:15:00,0.10980000,0.10990000,0.10880000,0.10890000,23342.00000000,BEAMUSDT
2023-01-01 21:30:00,0.10890000,0.10910000,0.10830000,0.10880000,49268.00000000,BEAMUSDT
2023-01-01 21:45:00,0.10880000,0.10890000,0.10850000,0.10880000,15201.00000000,BEAMUSDT
2023-01-01 22:00:00,0.10910000,0.10960000,0.10850000,0.10930000,34055.00000000,BEAMUSDT
2023-01-01 22:15:00,0.10960000,0.10970000,0.10920000,0.10930000,8101.00000000,BEAMUSDT
2023-01-01 22:30:00,0.10940000,0.10940000,0.10890000,0.10890000,7015.00000000,BEAMUSDT
2023-01-01 22:45:00,0.10890000,0.10950000,0.10890000,0.10930000,3411.00000000,BEAMUSDT
2023-01-01 23:00:00,0.10950000,0.10950000,0.10890000,0.10890000,4500.00000000,BEAMUSDT
2023-01-01 23:15:00,0.10900000,0.10910000,0.10880000,0.10910000,4073.00000000,BEAMUSDT
2023-01-01 23:30:00,0.10940000,0.10960000,0.10910000,0.10920000,9219.00000000,BEAMUSDT
2023-01-01 23:45:00,0.10920000,0.10970000,0.10920000,0.10930000,34709.00000000,BEAMUSDT
2023-01-02 00:00:00,0.10930000,0.10960000,0.10920000,0.10920000,3265.00000000,BEAMUSDT
2023-01-02 00:15:00,0.10920000,0.10950000,0.10910000,0.10930000,16542.00000000,BEAMUSDT
2023-01-02 00:30:00,0.10900000,0.10970000,0.10900000,0.10920000,11558.00000000,BEAMUSDT
2023-01-02 00:45:00,0.10920000,0.10920000,0.10920000,0.10920000,244.00000000,BEAMUSDT
2023-01-02 01:00:00,0.10910000,0.10920000,0.10860000,0.10860000,15270.00000000,BEAMUSDT
2023-01-02 01:15:00,0.10860000,0.10860000,0.10820000,0.10820000,36122.00000000,BEAMUSDT
2023-01-02 01:30:00,0.10820000,0.10820000,0.10730000,0.10800000,100155.00000000,BEAMUSDT
2023-01-02 01:45:00,0.10810000,0.10820000,0.10790000,0.10790000,23361.00000000,BEAMUSDT
2023-01-02 02:00:00,0.10780000,0.10790000,0.10600000,0.10740000,85517.00000000,BEAMUSDT
2023-01-02 02:15:00,0.10740000,0.10750000,0.10700000,0.10730000,15199.00000000,BEAMUSDT
2023-01-02 02:30:00,0.10730000,0.10740000,0.10700000,0.10700000,1719.00000000,BEAMUSDT
2023-01-02 02:45:00,0.10740000,0.10740000,0.10700000,0.10740000,12116.00000000,BEAMUSDT
2023-01-02 03:00:00,0.10700000,0.10740000,0.10690000,0.10720000,13732.00000000,BEAMUSDT
2023-01-02 03:15:00,0.10700000,0.10710000,0.10670000,0.10690000,41321.00000000,BEAMUSDT
2023-01-02 03:30:00,0.10700000,0.10700000,0.10650000,0.10690000,11493.00000000,BEAMUSDT
2023-01-02 03:45:00,0.10680000,0.10720000,0.10680000,0.10720000,10305.00000000,BEAMUSDT
2023-01-02 04:00:00,0.10720000,0.10720000,0.10710000,0.10720000,773.00000000,BEAMUSDT
2023-01-02 04:15:00,0.10720000,0.10740000,0.10710000,0.10740000,5624.00000000,BEAMUSDT
2023-01-02 04:30:00,0.10740000,0.10750000,0.10740000,0.10740000,5099.00000000,BEAMUSDT
2023-01-02 04:45:00,0.10760000,0.10760000,0.10740000,0.10740000,1390.00000000,BEAMUSDT
2023-01-02 05:00:00,0.10740000,0.10740000,0.10740000,0.10740000,249.00000000,BEAMUSDT
2023-01-02 05:15:00,0.10740000,0.10760000,0.10730000,0.10730000,4906.00000000,BEAMUSDT
2023-01-02 05:30:00,0.10730000,0.10790000,0.10730000,0.10780000,20265.00000000,BEAMUSDT
2023-01-02 05:45:00,0.10780000,0.10800000,0.10780000,0.10780000,2521.00000000,BEAMUSDT
2023-01-02 06:00:00,0.10780000,0.10800000,0.10780000,0.10780000,800.00000000,BEAMUSDT
2023-01-02 06:15:00,0.10780000,0.10800000,0.10780000,0.10780000,19324.00000000,BEAMUSDT
2023-01-02 06:30:00,0.10780000,0.10800000,0.10770000,0.10790000,7717.00000000,BEAMUSDT
2023-01-02 06:45:00,0.10770000,0.10770000,0.10770000,0.10770000,969.00000000,BEAMUSDT
2023-01-02 07:00:00,0.10770000,0.10800000,0.10770000,0.10800000,14076.00000000,BEAMUSDT
2023-01-02 07:15:00,0.10800000,0.10820000,0.10770000,0.10810000,29892.00000000,BEAMUSDT
2023-01-02 07:30:00,0.10810000,0.10820000,0.10810000,0.10820000,1848.00000000,BEAMUSDT
2023-01-02 07:45:00,0.10820000,0.10840000,0.10810000,0.10830000,15421.00000000,BEAMUSDT
2023-01-02 08:00:00,0.10820000,0.10920000,0.10820000,0.10870000,33317.00000000,BEAMUSDT
2023-01-02 08:15:00,0.10870000,0.11010000,0.10870000,0.10920000,152491.00000000,BEAMUSDT
2023-01-02 08:30:00,0.10930000,0.10930000,0.10860000,0.10930000,25568.00000000,BEAMUSDT
2023-01-02 08:45:00,0.10900000,0.10910000,0.10900000,0.10910000,1672.00000000,BEAMUSDT
2023-01-02 09:00:00,0.10890000,0.10970000,0.10890000,0.10960000,16676.00000000,BEAMUSDT
2023-01-02 09:15:00,0.10960000,0.10960000,0.10890000,0.10940000,26046.00000000,BEAMUSDT
2023-01-02 09:30:00,0.10910000,0.10910000,0.10900000,0.10900000,20964.00000000,BEAMUSDT
2023-01-02 09:45:00,0.10900000,0.10920000,0.10900000,0.10920000,17500.00000000,BEAMUSDT
2023-01-02 10:00:00,0.10910000,0.10910000,0.10900000,0.10910000,6365.00000000,BEAMUSDT
2023-01-02 10:15:00,0.10910000,0.10910000,0.10890000,0.10910000,1426.00000000,BEAMUSDT
2023-01-02 10:30:00,0.10890000,0.10920000,0.10880000,0.10920000,5467.00000000,BEAMUSDT
2023-01-02 10:45:00,0.10890000,0.10920000,0.10880000,0.10920000,9537.00000000,BEAMUSDT
2023-01-02 11:00:00,0.10880000,0.10920000,0.10880000,0.10900000,9376.00000000,BEAMUSDT
2023-01-02 11:15:00,0.10870000,0.10900000,0.10820000,0.10840000,30300.00000000,BEAMUSDT
2023-01-02 11:30:00,0.10820000,0.10880000,0.10800000,0.10810000,34757.00000000,BEAMUSDT
2023-01-02 11:45:00,0.10840000,0.10840000,0.10810000,0.10840000,4683.00000000,BEAMUSDT
2023-01-02 12:00:00,0.10830000,0.10840000,0.10820000,0.10840000,2384.00000000,BEAMUSDT
2023-01-02 12:15:00,0.10840000,0.10840000,0.10810000,0.10840000,1822.00000000,BEAMUSDT
2023-01-02 12:30:00,0.10810000,0.10830000,0.10800000,0.10800000,8055.00000000,BEAMUSDT
2023-01-02 12:45:00,0.10800000,0.10830000,0.10800000,0.10830000,13096.00000000,BEAMUSDT
2023-01-02 13:00:00,0.10800000,0.10830000,0.10780000,0.10790000,14457.00000000,BEAMUSDT
2023-01-02 13:15:00,0.10790000,0.10880000,0.10790000,0.10850000,88773.00000000,BEAMUSDT
2023-01-02 13:30:00,0.10820000,0.10840000,0.10780000,0.10840000,13249.00000000,BEAMUSDT
2023-01-02 13:45:00,0.10840000,0.10860000,0.10840000,0.10850000,14297.00000000,BEAMUSDT
2023-01-02 14:00:00,0.10860000,0.10890000,0.10860000,0.10870000,23831.00000000,BEAMUSDT
2023-01-02 14:15:00,0.10900000,0.10910000,0.10870000,0.10870000,10244.00000000,BEAMUSDT
2023-01-02 14:30:00,0.10870000,0.10870000,0.10810000,0.10820000,17551.00000000,BEAMUSDT
2023-01-02 14:45:00,0.10850000,0.10860000,0.10790000,0.10820000,37723.00000000,BEAMUSDT
2023-01-02 15:00:00,0.10810000,0.10850000,0.10810000,0.10850000,3958.00000000,BEAMUSDT
2023-01-02 15:15:00,0.10840000,0.10850000,0.10810000,0.10820000,21949.00000000,BEAMUSDT
2023-01-02 15:30:00,0.10810000,0.10820000,0.10660000,0.10750000,268964.00000000,BEAMUSDT
2023-01-02 15:45:00,0.10760000,0.10860000,0.10730000,0.10810000,45008.00000000,BEAMUSDT
2023-01-02 16:00:00,0.10820000,0.10860000,0.10810000,0.10820000,20463.00000000,BEAMUSDT
2023-01-02 16:15:00,0.10820000,0.10820000,0.10760000,0.10760000,41291.00000000,BEAMUSDT
2023-01-02 16:30:00,0.10760000,0.10810000,0.10760000,0.10800000,7871.00000000,BEAMUSDT
2023-01-02 16:45:00,0.10770000,0.10810000,0.10770000,0.10810000,5375.00000000,BEAMUSDT
2023-01-02 17:00:00,0.10820000,0.10820000,0.10760000,0.10810000,17452.00000000,BEAMUSDT
2023-01-02 17:15:00,0.10810000,0.10810000,0.10730000,0.10780000,22198.00000000,BEAMUSDT
2023-01-02 17:30:00,0.10750000,0.10860000,0.10750000,0.10830000,42982.00000000,BEAMUSDT
2023-01-02 17:45:00,0.10860000,0.10880000,0.10830000,0.10870000,28186.00000000,BEAMUSDT
2023-01-02 18:00:00,0.10850000,0.10860000,0.10820000,0.10830000,15151.00000000,BEAMUSDT
2023-01-02 18:15:00,0.10850000,0.10850000,0.10810000,0.10830000,4728.00000000,BEAMUSDT
2023-01-02 18:30:00,0.10810000,0.10830000,0.10800000,0.10820000,2776.00000000,BEAMUSDT
2023-01-02 18:45:00,0.10840000,0.10850000,0.10840000,0.10840000,17271.00000000,BEAMUSDT
2023-01-02 19:00:00,0.10840000,0.10860000,0.10820000,0.10850000,22300.00000000,BEAMUSDT
2023-01-02 19:15:00,0.10850000,0.10870000,0.10850000,0.10860000,2203.00000000,BEAMUSDT
2023-01-02 19:30:00,0.10860000,0.10880000,0.10860000,0.10870000,18405.00000000,BEAMUSDT
2023-01-02 19:45:00,0.10860000,0.10890000,0.10850000,0.10850000,11028.00000000,BEAMUSDT
2023-01-02 20:00:00,0.10880000,0.10880000,0.10800000,0.10840000,29642.00000000,BEAMUSDT
2023-01-02 20:15:00,0.10830000,0.10850000,0.10790000,0.10800000,14223.00000000,BEAMUSDT
2023-01-02 20:30:00,0.10840000,0.10880000,0.10800000,0.10880000,27049.00000000,BEAMUSDT
2023-01-02 20:45:00,0.10880000,0.10930000,0.10870000,0.10900000,76675.00000000,BEAMUSDT
2023-01-02 21:00:00,0.10910000,0.10960000,0.10880000,0.10920000,62834.00000000,BEAMUSDT
2023-01-02 21:15:00,0.10880000,0.10910000,0.10880000,0.10890000,561.00000000,BEAMUSDT
2023-01-02 21:30:00,0.10880000,0.10940000,0.10880000,0.10880000,7503.00000000,BEAMUSDT
2023-01-02 21:45:00,0.10890000,0.10920000,0.10890000,0.10900000,4227.00000000,BEAMUSDT
2023-01-02 22:00:00,0.10900000,0.10910000,0.10890000,0.10910000,12078.00000000,BEAMUSDT
2023-01-02 22:15:00,0.10890000,0.10930000,0.10890000,0.10930000,34078.00000000,BEAMUSDT
2023-01-02 22:30:00,0.10890000,0.10960000,0.10890000,0.10920000,27337.00000000,BEAMUSDT
2023-01-02 22:45:00,0.10900000,0.10920000,0.10870000,0.10900000,3792.00000000,BEAMUSDT
2023-01-02 23:00:00,0.10870000,0.10900000,0.10860000,0.10860000,5701.00000000,BEAMUSDT
2023-01-02 23:15:00,0.10890000,0.10890000,0.10890000,0.10890000,184.00000000,BEAMUSDT
2023-01-02 23:30:00,0.10890000,0.10890000,0.10860000,0.10890000,1829.00000000,BEAMUSDT
2023-01-02 23:45:00,0.10860000,0.10860000,0.10830000,0.10830000,19236.00000000,BEAMUSDT
2023-01-03 00:00:00,0.10840000,0.10860000,0.10820000,0.10820000,4376.00000000,BEAMUSDT
2023-01-03 00:15:00,0.10840000,0.10850000,0.10810000,0.10840000,15101.00000000,BEAMUSDT
2023-01-03 00:30:00,0.10810000,0.10860000,0.10810000,0.10860000,5752.00000000,BEAMUSDT
2023-01-03 00:45:00,0.10860000,0.10860000,0.10860000,0.10860000,656.00000000,BEAMUSDT
2023-01-03 01:00:00,0.10850000,0.10860000,0.10820000,0.10860000,1142.00000000,BEAMUSDT
2023-01-03 01:15:00,0.10820000,0.10820000,0.10770000,0.10770000,31983.00000000,BEAMUSDT
2023-01-03 01:30:00,0.10770000,0.10810000,0.10750000,0.10810000,8225.00000000,BEAMUSDT
2023-01-03 01:45:00,0.10800000,0.10800000,0.10770000,0.10770000,312.00000000,BEAMUSDT
2023-01-03 02:00:00,0.10800000,0.10910000,0.10800000,0.10840000,105193.00000000,BEAMUSDT
2023-01-03 02:15:00,0.10800000,0.10810000,0.10750000,0.10750000,47297.00000000,BEAMUSDT
2023-01-03 02:30:00,0.10750000,0.10770000,0.10730000,0.10770000,47919.00000000,BEAMUSDT
2023-01-03 02:45:00,0.10780000,0.10820000,0.10780000,0.10790000,18411.00000000,BEAMUSDT
2023-01-03 03:00:00,0.10790000,0.10830000,0.10790000,0.10830000,464.00000000,BEAMUSDT
2023-01-03 03:15:00,0.10810000,0.10840000,0.10810000,0.10840000,4616.00000000,BEAMUSDT
2023-01-03 03:30:00,0.10820000,0.10820000,0.10770000,0.10770000,17259.00000000,BEAMUSDT
2023-01-03 03:45:00,0.10780000,0.10790000,0.10770000,0.10790000,5275.00000000,BEAMUSDT
2023-01-03 04:00:00,0.10770000,0.10780000,0.10740000,0.10780000,10406.00000000,BEAMUSDT
2023-01-03 04:15:00,0.10780000,0.10790000,0.10780000,0.10780000,2777.00000000,BEAMUSDT
2023-01-03 04:30:00,0.10780000,0.10780000,0.10760000,0.10760000,3611.00000000,BEAMUSDT
2023-01-03 04:45:00,0.10760000,0.10790000,0.10720000,0.10770000,16143.00000000,BEAMUSDT
2023-01-03 05:00:00,0.10770000,0.10840000,0.10770000,0.10840000,22642.00000000,BEAMUSDT
2023-01-03 05:15:00,0.10840000,0.10850000,0.10840000,0.10850000,24243.00000000,BEAMUSDT
2023-01-03 05:30:00,0.10840000,0.10870000,0.10840000,0.10870000,13931.00000000,BEAMUSDT
2023-01-03 05:45:00,0.10870000,0.10890000,0.10870000,0.10870000,15119.00000000,BEAMUSDT
2023-01-03 06:00:00,0.10870000,0.10930000,0.10870000,0.10910000,53357.00000000,BEAMUSDT
2023-01-03 06:15:00,0.10940000,0.10950000,0.10910000,0.10920000,7395.00000000,BEAMUSDT
2023-01-03 06:30:00,0.10920000,0.10950000,0.10920000,0.10930000,10819.00000000,BEAMUSDT
2023-01-03 06:45:00,0.10930000,0.10930000,0.10930000,0.10930000,2940.00000000,BEAMUSDT
2023-01-03 07:00:00,0.10930000,0.10930000,0.10920000,0.10920000,25156.00000000,BEAMUSDT
2023-01-03 07:15:00,0.10890000,0.10910000,0.10840000,0.10890000,38052.00000000,BEAMUSDT
2023-01-03 07:30:00,0.10850000,0.10890000,0.10820000,0.10850000,27340.00000000,BEAMUSDT
2023-01-03 07:45:00,0.10860000,0.10870000,0.10840000,0.10860000,1623.00000000,BEAMUSDT
2023-01-03 08:00:00,0.10840000,0.10850000,0.10830000,0.10850000,13469.00000000,BEAMUSDT
2023-01-03 08:15:00,0.10840000,0.10840000,0.10800000,0.10830000,5186.00000000,BEAMUSDT
2023-01-03 08:30:00,0.10800000,0.10840000,0.10760000,0.10800000,28460.00000000,BEAMUSDT
2023-01-03 08:45:00,0.10790000,0.10810000,0.10730000,0.10770000,49396.00000000,BEAMUSDT
2023-01-03 09:00:00,0.10780000,0.10810000,0.10770000,0.10810000,19704.00000000,BEAMUSDT
2023-01-03 09:15:00,0.10820000,0.10830000,0.10800000,0.10800000,9582.00000000,BEAMUSDT
2023-01-03 09:30:00,0.10820000,0.10830000,0.10800000,0.10820000,16442.00000000,BEAMUSDT
2023-01-03 09:45:00,0.10800000,0.10830000,0.10800000,0.10830000,6923.00000000,BEAMUSDT
2023-01-03 10:00:00,0.10810000,0.10850000,0.10810000,0.10840000,7746.00000000,BEAMUSDT
2023-01-03 10:15:00,0.10860000,0.10900000,0.10850000,0.10890000,21491.00000000,BEAMUSDT
2023-01-03 10:30:00,0.10860000,0.10860000,0.10830000,0.10860000,24156.00000000,BEAMUSDT
2023-01-03 10:45:00,0.10820000,0.10820000,0.10820000,0.10820000,5698.00000000,BEAMUSDT
2023-01-03 11:00:00,0.10840000,0.10840000,0.10820000,0.10840000,1450.00000000,BEAMUSDT
2023-01-03 11:15:00,0.10820000,0.10820000,0.10790000,0.10800000,18985.00000000,BEAMUSDT
2023-01-03 11:30:00,0.10790000,0.10840000,0.10790000,0.10840000,14632.00000000,BEAMUSDT
2023-01-03 11:45:00,0.10840000,0.10860000,0.10830000,0.10860000,21561.00000000,BEAMUSDT
2023-01-03 12:00:00,0.10880000,0.10880000,0.10820000,0.10820000,14236.00000000,BEAMUSDT
2023-01-03 12:15:00,0.10860000,0.10860000,0.10820000,0.10840000,7169.00000000,BEAMUSDT
2023-01-03 12:30:00,0.10850000,0.10860000,0.10840000,0.10840000,6488.00000000,BEAMUSDT
2023-01-03 12:45:00,0.10840000,0.10850000,0.10810000,0.10840000,27203.00000000,BEAMUSDT
2023-01-03 13:00:00,0.10810000,0.10850000,0.10770000,0.10810000,50876.00000000,BEAMUSDT
2023-01-03 13:15:00,0.10820000,0.10840000,0.10820000,0.10830000,9898.00000000,BEAMUSDT
2023-01-03 13:30:00,0.10840000,0.10840000,0.10810000,0.10830000,10307.00000000,BEAMUSDT
2023-01-03 13:45:00,0.10820000,0.10890000,0.10820000,0.10890000,78018.00000000,BEAMUSDT
2023-01-03 14:00:00,0.10890000,0.10890000,0.10790000,0.10880000,34130.00000000,BEAMUSDT
2023-01-03 14:15:00,0.10870000,0.10940000,0.10860000,0.10940000,57226.00000000,BEAMUSDT
2023-01-03 14:30:00,0.10930000,0.10960000,0.10900000,0.10960000,56765.00000000,BEAMUSDT
2023-01-03 14:45:00,0.10930000,0.10960000,0.10860000,0.10890000,44155.00000000,BEAMUSDT
2023-01-03 15:00:00,0.10870000,0.10890000,0.10790000,0.10790000,106560.00000000,BEAMUSDT
2023-01-03 15:15:00,0.10800000,0.10870000,0.10780000,0.10840000,49433.00000000,BEAMUSDT
2023-01-03 15:30:00,0.10840000,0.10840000,0.10810000,0.10820000,5627.00000000,BEAMUSDT
2023-01-03 15:45:00,0.10830000,0.10830000,0.10780000,0.10790000,17964.00000000,BEAMUSDT
2023-01-03 16:00:00,0.10830000,0.10830000,0.10800000,0.10830000,26227.00000000,BEAMUSDT
2023-01-03 16:15:00,0.10830000,0.10830000,0.10790000,0.10820000,4701.00000000,BEAMUSDT
2023-01-03 16:30:00,0.10800000,0.10820000,0.10710000,0.10740000,52230.00000000,BEAMUSDT
2023-01-03 16:45:00,0.10720000,0.10760000,0.10640000,0.10680000,47923.00000000,BEAMUSDT
2023-01-03 17:00:00,0.10670000,0.10740000,0.10670000,0.10740000,23565.00000000,BEAMUSDT
2023-01-03 17:15:00,0.10710000,0.10740000,0.10690000,0.10690000,17081.00000000,BEAMUSDT
2023-01-03 17:30:00,0.10690000,0.10730000,0.10690000,0.10730000,8697.00000000,BEAMUSDT
2023-01-03 17:45:00,0.10700000,0.10720000,0.10690000,0.10710000,13805.00000000,BEAMUSDT
2023-01-03 18:00:00,0.10690000,0.10710000,0.10650000,0.10680000,31294.00000000,BEAMUSDT
2023-01-03 18:15:00,0.10680000,0.10700000,0.10680000,0.10680000,898.00000000,BEAMUSDT
2023-01-03 18:30:00,0.10690000,0.10690000,0.10660000,0.10660000,6232.00000000,BEAMUSDT
2023-01-03 18:45:00,0.10660000,0.10690000,0.10660000,0.10660000,4561.00000000,BEAMUSDT
2023-01-03 19:00:00,0.10680000,0.10690000,0.10660000,0.10690000,7213.00000000,BEAMUSDT
2023-01-03 19:15:00,0.10690000,0.10720000,0.10680000,0.10690000,11233.00000000,BEAMUSDT
2023-01-03 19:30:00,0.10680000,0.10700000,0.10680000,0.10700000,409.00000000,BEAMUSDT
2023-01-03 19:45:00,0.10680000,0.10710000,0.10680000,0.10680000,4285.00000000,BEAMUSDT
2023-01-03 20:00:00,0.10680000,0.10680000,0.10520000,0.10590000,134157.00000000,BEAMUSDT
2023-01-03 20:15:00,0.10590000,0.10640000,0.10570000,0.10640000,32586.00000000,BEAMUSDT
2023-01-03 20:30:00,0.10620000,0.10670000,0.10620000,0.10640000,27766.00000000,BEAMUSDT
2023-01-03 20:45:00,0.10670000,0.10680000,0.10650000,0.10650000,4174.00000000,BEAMUSDT
2023-01-03 21:00:00,0.10650000,0.10710000,0.10650000,0.10670000,34330.00000000,BEAMUSDT
2023-01-03 21:15:00,0.10690000,0.10690000,0.10650000,0.10690000,4635.00000000,BEAMUSDT
2023-01-03 21:30:00,0.10690000,0.10690000,0.10640000,0.10640000,15381.00000000,BEAMUSDT
2023-01-03 21:45:00,0.10650000,0.10690000,0.10650000,0.10670000,8366.00000000,BEAMUSDT
2023-01-03 22:00:00,0.10700000,0.10700000,0.10670000,0.10670000,3012.00000000,BEAMUSDT
2023-01-03 22:15:00,0.10670000,0.10670000,0.10620000,0.10650000,27934.00000000,BEAMUSDT
2023-01-03 22:30:00,0.10650000,0.10650000,0.10650000,0.10650000,260.00000000,BEAMUSDT
2023-01-03 22:45:00,0.10620000,0.10650000,0.10610000,0.10650000,2436.00000000,BEAMUSDT
2023-01-03 23:00:00,0.10650000,0.10650000,0.10600000,0.10610000,24875.00000000,BEAMUSDT
2023-01-03 23:15:00,0.10600000,0.10640000,0.10600000,0.10620000,15292.00000000,BEAMUSDT
2023-01-03 23:30:00,0.10620000,0.10660000,0.10600000,0.10660000,29824.00000000,BEAMUSDT
2023-01-03 23:45:00,0.10660000,0.10660000,0.10640000,0.10640000,4611.00000000,BEAMUSDT
2023-01-04 00:00:00,0.10670000,0.10680000,0.10650000,0.10660000,1450.00000000,BEAMUSDT
2023-01-04 00:15:00,0.10660000,0.10710000,0.10660000,0.10700000,10148.00000000,BEAMUSDT
2023-01-04 00:30:00,0.10700000,0.10700000,0.10690000,0.10700000,5557.00000000,BEAMUSDT
2023-01-04 00:45:00,0.10680000,0.10680000,0.10670000,0.10670000,2216.00000000,BEAMUSDT
2023-01-04 01:00:00,0.10670000,0.10730000,0.10670000,0.10730000,14677.00000000,BEAMUSDT
2023-01-04 01:15:00,0.10730000,0.10790000,0.10730000,0.10780000,8887.00000000,BEAMUSDT
2023-01-04 01:30:00,0.10760000,0.10800000,0.10750000,0.10780000,23695.00000000,BEAMUSDT
2023-01-04 01:45:00,0.10800000,0.10810000,0.10750000,0.10750000,32529.00000000,BEAMUSDT
2023-01-04 02:00:00,0.10790000,0.10790000,0.10440000,0.10490000,410052.00000000,BEAMUSDT
2023-01-04 02:15:00,0.10500000,0.10620000,0.10490000,0.10600000,150636.00000000,BEAMUSDT
2023-01-04 02:30:00,0.10610000,0.10650000,0.10610000,0.10630000,14532.00000000,BEAMUSDT
2023-01-04 02:45:00,0.10640000,0.10670000,0.10640000,0.10670000,30768.00000000,BEAMUSDT
2023-01-04 03:00:00,0.10660000,0.10750000,0.10660000,0.10730000,74344.00000000,BEAMUSDT
2023-01-04 03:15:00,0.10750000,0.10800000,0.10750000,0.10760000,53268.00000000,BEAMUSDT
2023-01-04 03:30:00,0.10760000,0.10800000,0.10760000,0.10800000,42576.00000000,BEAMUSDT
2023-01-04 03:45:00,0.10800000,0.10860000,0.10800000,0.10860000,19317.00000000,BEAMUSDT
2023-01-04 04:00:00,0.10850000,0.10850000,0.10740000,0.10740000,50455.00000000,BEAMUSDT
2023-01-04 04:15:00,0.10740000,0.10770000,0.10740000,0.10740000,13734.00000000,BEAMUSDT
2023-01-04 04:30:00,0.10740000,0.10770000,0.10740000,0.10770000,4802.00000000,BEAMUSDT
2023-01-04 04:45:00,0.10770000,0.10790000,0.10770000,0.10770000,3121.00000000,BEAMUSDT
2023-01-04 05:00:00,0.10780000,0.10780000,0.10770000,0.10770000,12423.00000000,BEAMUSDT
2023-01-04 05:15:00,0.10770000,0.10780000,0.10740000,0.10780000,7079.00000000,BEAMUSDT
2023-01-04 05:30:00,0.10780000,0.10780000,0.10780000,0.10780000,3047.00000000,BEAMUSDT
2023-01-04 05:45:00,0.10760000,0.10800000,0.10760000,0.10800000,25994.00000000,BEAMUSDT
2023-01-04 06:00:00,0.10800000,0.10840000,0.10800000,0.10820000,31040.00000000,BEAMUSDT
2023-01-04 06:15:00,0.10830000,0.10850000,0.10820000,0.10830000,82589.00000000,BEAMUSDT
2023-01-04 06:30:00,0.10830000,0.10880000,0.10830000,0.10840000,68010.00000000,BEAMUSDT
2023-01-04 06:45:00,0.10840000,0.10870000,0.10840000,0.10850000,4970.00000000,BEAMUSDT
2023-01-04 07:00:00,0.10860000,0.10870000,0.10810000,0.10810000,45185.00000000,BEAMUSDT
2023-01-04 07:15:00,0.10800000,0.10830000,0.10800000,0.10830000,3843.00000000,BEAMUSDT
2023-01-04 07:30:00,0.10830000,0.10850000,0.10830000,0.10840000,6671.00000000,BEAMUSDT
2023-01-04 07:45:00,0.10830000,0.10830000,0.10800000,0.10800000,7781.00000000,BEAMUSDT
2023-01-04 08:00:00,0.10800000,0.10810000,0.10750000,0.10790000,42225.00000000,BEAMUSDT
2023-01-04 08:15:00,0.10760000,0.10770000,0.10700000,0.10740000,49117.00000000,BEAMUSDT
2023-01-04 08:30:00,0.10720000,0.10810000,0.10720000,0.10790000,41324.00000000,BEAMUSDT
2023-01-04 08:45:00,0.10790000,0.10920000,0.10790000,0.10880000,98065.00000000,BEAMUSDT
2023-01-04 09:00:00,0.10890000,0.10890000,0.10800000,0.10840000,29455.00000000,BEAMUSDT
2023-01-04 09:15:00,0.10820000,0.10990000,0.10820000,0.10870000,108152.00000000,BEAMUSDT
2023-01-04 09:30:00,0.10880000,0.11050000,0.10860000,0.11030000,573413.00000000,BEAMUSDT
2023-01-04 09:45:00,0.11030000,0.11050000,0.10950000,0.10970000,228195.00000000,BEAMUSDT
2023-01-04 10:00:00,0.10980000,0.11030000,0.10920000,0.10970000,119598.00000000,BEAMUSDT
2023-01-04 10:15:00,0.10970000,0.11040000,0.10950000,0.10970000,156229.00000000,BEAMUSDT
2023-01-04 10:30:00,0.10980000,0.11020000,0.10960000,0.10990000,75965.00000000,BEAMUSDT
2023-01-04 10:45:00,0.10990000,0.10990000,0.10900000,0.10950000,98102.00000000,BEAMUSDT
2023-01-04 11:00:00,0.10930000,0.10970000,0.10910000,0.10950000,17464.00000000,BEAMUSDT
2023-01-04 11:15:00,0.10950000,0.10990000,0.10930000,0.10980000,30177.00000000,BEAMUSDT
2023-01-04 11:30:00,0.10940000,0.11010000,0.10930000,0.10960000,39612.00000000,BEAMUSDT
2023-01-04 11:45:00,0.10970000,0.11000000,0.10960000,0.10990000,40155.00000000,BEAMUSDT
2023-01-04 12:00:00,0.10990000,0.11000000,0.10940000,0.11000000,52481.00000000,BEAMUSDT
2023-01-04 12:15:00,0.10990000,0.11100000,0.10990000,0.11060000,225389.00000000,BEAMUSDT
2023-01-04 12:30:00,0.11080000,0.11180000,0.10990000,0.11050000,521641.00000000,BEAMUSDT
2023-01-04 12:45:00,0.11040000,0.11090000,0.11000000,0.11040000,82400.00000000,BEAMUSDT
2023-01-04 13:00:00,0.11040000,0.11040000,0.10970000,0.10980000,54441.00000000,BEAMUSDT
2023-01-04 13:15:00,0.10970000,0.11030000,0.10940000,0.11000000,45544.00000000,BEAMUSDT
2023-01-04 13:30:00,0.10990000,0.11030000,0.10950000,0.10950000,52063.00000000,BEAMUSDT
2023-01-04 13:45:00,0.10960000,0.11010000,0.10960000,0.11010000,39453.00000000,BEAMUSDT
2023-01-04 14:00:00,0.11000000,0.11010000,0.10960000,0.10960000,34974.00000000,BEAMUSDT
2023-01-04 14:15:00,0.10960000,0.10990000,0.10920000,0.10970000,61288.00000000,BEAMUSDT
2023-01-04 14:30:00,0.10970000,0.10970000,0.10910000,0.10930000,35689.00000000,BEAMUSDT
2023-01-04 14:45:00,0.10960000,0.10970000,0.10900000,0.10970000,35835.00000000,BEAMUSDT
2023-01-04 15:00:00,0.10940000,0.10990000,0.10870000,0.10910000,136900.00000000,BEAMUSDT
2023-01-04 15:15:00,0.10900000,0.10950000,0.10880000,0.10910000,8152.00000000,BEAMUSDT
2023-01-04 15:30:00,0.10940000,0.10950000,0.10910000,0.10950000,15520.00000000,BEAMUSDT
2023-01-04 15:45:00,0.10940000,0.11030000,0.10940000,0.11010000,45027.00000000,BEAMUSDT
2023-01-04 16:00:00,0.11010000,0.11030000,0.11010000,0.11020000,21679.00000000,BEAMUSDT
2023-01-04 16:15:00,0.11020000,0.11030000,0.10900000,0.10940000,53672.00000000,BEAMUSDT
2023-01-04 16:30:00,0.10930000,0.10960000,0.10910000,0.10960000,36851.00000000,BEAMUSDT
2023-01-04 16:45:00,0.10920000,0.10960000,0.10900000,0.10920000,14276.00000000,BEAMUSDT
2023-01-04 17:00:00,0.10920000,0.10930000,0.10920000,0.10920000,8563.00000000,BEAMUSDT
2023-01-04 17:15:00,0.10950000,0.10960000,0.10900000,0.10950000,18975.00000000,BEAMUSDT
2023-01-04 17:30:00,0.10940000,0.10950000,0.10910000,0.10940000,35408.00000000,BEAMUSDT
2023-01-04 17:45:00,0.10910000,0.10940000,0.10900000,0.10910000,13556.00000000,BEAMUSDT
2023-01-04 18:00:00,0.10930000,0.11000000,0.10910000,0.10990000,74225.00000000,BEAMUSDT
2023-01-04 18:15:00,0.10990000,0.11000000,0.10980000,0.10990000,4363.00000000,BEAMUSDT
2023-01-04 18:30:00,0.10980000,0.10990000,0.10980000,0.10980000,18475.00000000,BEAMUSDT
2023-01-04 18:45:00,0.10980000,0.10980000,0.10900000,0.10960000,61315.00000000,BEAMUSDT
2023-01-04 19:00:00,0.10950000,0.10960000,0.10850000,0.10890000,78203.00000000,BEAMUSDT
2023-01-04 19:15:00,0.10860000,0.10890000,0.10750000,0.10760000,106650.00000000,BEAMUSDT
2023-01-04 19:30:00,0.10760000,0.10820000,0.10720000,0.10820000,44296.00000000,BEAMUSDT
2023-01-04 19:45:00,0.10790000,0.10790000,0.10760000,0.10780000,9619.00000000,BEAMUSDT
2023-01-04 20:00:00,0.10770000,0.10780000,0.10720000,0.10760000,42391.00000000,BEAMUSDT
2023-01-04 20:15:00,0.10750000,0.10800000,0.10710000,0.10760000,61248.00000000,BEAMUSDT
2023-01-04 20:30:00,0.10760000,0.10820000,0.10750000,0.10750000,43373.00000000,BEAMUSDT
2023-01-04 20:45:00,0.10740000,0.10750000,0.10720000,0.10750000,5748.00000000,BEAMUSDT
2023-01-04 21:00:00,0.10750000,0.10750000,0.10710000,0.10750000,30984.00000000,BEAMUSDT
2023-01-04 21:15:00,0.10740000,0.10770000,0.10730000,0.10770000,13289.00000000,BEAMUSDT
2023-01-04 21:30:00,0.10770000,0.10780000,0.10750000,0.10780000,12990.00000000,BEAMUSDT
2023-01-04 21:45:00,0.10760000,0.10770000,0.10760000,0.10770000,4524.00000000,BEAMUSDT
2023-01-04 22:00:00,0.10750000,0.10840000,0.10750000,0.10820000,23730.00000000,BEAMUSDT
2023-01-04 22:15:00,0.10810000,0.10810000,0.10810000,0.10810000,313.00000000,BEAMUSDT
2023-01-04 22:30:00,0.10810000,0.10830000,0.10800000,0.10830000,1342.00000000,BEAMUSDT
2023-01-04 22:45:00,0.10810000,0.10840000,0.10760000,0.10790000,22287.00000000,BEAMUSDT
2023-01-04 23:00:00,0.10790000,0.10960000,0.10790000,0.10950000,99704.00000000,BEAMUSDT
2023-01-04 23:15:00,0.10950000,0.10990000,0.10910000,0.10950000,56502.00000000,BEAMUSDT
2023-01-04 23:30:00,0.10950000,0.10970000,0.10950000,0.10970000,1010.00000000,BEAMUSDT
2023-01-04 23:45:00,0.10960000,0.10960000,0.10930000,0.10930000,6345.00000000,BEAMUSDT
2023-01-05 00:00:00,0.10940000,0.10940000,0.10850000,0.10870000,43602.00000000,BEAMUSDT
2023-01-05 00:15:00,0.10880000,0.10890000,0.10860000,0.10880000,28203.00000000,BEAMUSDT
2023-01-05 00:30:00,0.10880000,0.10920000,0.10880000,0.10920000,52058.00000000,BEAMUSDT
2023-01-05 00:45:00,0.10920000,0.10920000,0.10850000,0.10860000,23687.00000000,BEAMUSDT
2023-01-05 01:00:00,0.10850000,0.10870000,0.10830000,0.10850000,9255.00000000,BEAMUSDT
2023-01-05 01:15:00,0.10830000,0.10850000,0.10820000,0.10830000,11458.00000000,BEAMUSDT
2023-01-05 01:30:00,0.10850000,0.10870000,0.10830000,0.10860000,8161.00000000,BEAMUSDT
2023-01-05 01:45:00,0.10860000,0.10860000,0.10820000,0.10830000,13807.00000000,BEAMUSDT
2023-01-05 02:00:00,0.10820000,0.10820000,0.10800000,0.10810000,7115.00000000,BEAMUSDT
2023-01-05 02:15:00,0.10790000,0.10820000,0.10790000,0.10820000,3830.00000000,BEAMUSDT
2023-01-05 02:30:00,0.10810000,0.10830000,0.10800000,0.10820000,1359.00000000,BEAMUSDT
2023-01-05 02:45:00,0.10800000,0.10820000,0.10800000,0.10810000,2277.00000000,BEAMUSDT
2023-01-05 03:00:00,0.10830000,0.10830000,0.10790000,0.10820000,27265.00000000,BEAMUSDT
2023-01-05 03:15:00,0.10810000,0.10820000,0.10810000,0.10820000,878.00000000,BEAMUSDT
2023-01-05 03:30:00,0.10820000,0.10820000,0.10730000,0.10780000,63907.00000000,BEAMUSDT
2023-01-05 03:45:00,0.10780000,0.10800000,0.10780000,0.10800000,11595.00000000,BEAMUSDT
2023-01-05 04:00:00,0.10800000,0.10840000,0.10800000,0.10820000,19673.00000000,BEAMUSDT
2023-01-05 04:15:00,0.10850000,0.10900000,0.10830000,0.10870000,23844.00000000,BEAMUSDT
2023-01-05 04:30:00,0.10860000,0.10900000,0.10860000,0.10890000,6475.00000000,BEAMUSDT
2023-01-05 04:45:00,0.10880000,0.10900000,0.10870000,0.10870000,11522.00000000,BEAMUSDT
2023-01-05 05:00:00,0.10870000,0.10870000,0.10870000,0.10870000,1177.00000000,BEAMUSDT
2023-01-05 05:15:00,0.10870000,0.10940000,0.10870000,0.10920000,31590.00000000,BEAMUSDT
2023-01-05 05:30:00,0.10920000,0.10940000,0.10890000,0.10900000,32143.00000000,BEAMUSDT
2023-01-05 05:45:00,0.10930000,0.10930000,0.10880000,0.10890000,4891.00000000,BEAMUSDT
2023-01-05 06:00:00,0.10890000,0.10940000,0.10890000,0.10900000,33795.00000000,BEAMUSDT
2023-01-05 06:15:00,0.10900000,0.10900000,0.10860000,0.10900000,18329.00000000,BEAMUSDT
2023-01-05 06:30:00,0.10900000,0.10900000,0.10810000,0.10810000,73927.00000000,BEAMUSDT
2023-01-05 06:45:00,0.10840000,0.10840000,0.10800000,0.10800000,24146.00000000,BEAMUSDT
2023-01-05 07:00:00,0.10790000,0.10820000,0.10790000,0.10820000,15304.00000000,BEAMUSDT
2023-01-05 07:15:00,0.10820000,0.10820000,0.10750000,0.10760000,11809.00000000,BEAMUSDT
2023-01-05 07:30:00,0.10780000,0.10790000,0.10750000,0.10750000,11719.00000000,BEAMUSDT
2023-01-05 07:45:00,0.10790000,0.10850000,0.10790000,0.10800000,31846.00000000,BEAMUSDT
2023-01-05 08:00:00,0.10800000,0.10830000,0.10800000,0.10830000,10421.00000000,BEAMUSDT
2023-01-05 08:15:00,0.10840000,0.10840000,0.10770000,0.10800000,39321.00000000,BEAMUSDT
2023-01-05 08:30:00,0.10800000,0.10810000,0.10780000,0.10780000,1083.00000000,BEAMUSDT
2023-01-05 08:45:00,0.10780000,0.10780000,0.10760000,0.10760000,32309.00000000,BEAMUSDT
2023-01-05 09:00:00,0.10770000,0.10770000,0.10750000,0.10750000,23389.00000000,BEAMUSDT
2023-01-05 09:15:00,0.10750000,0.10830000,0.10750000,0.10800000,32055.00000000,BEAMUSDT
2023-01-05 09:30:00,0.10800000,0.10850000,0.10780000,0.10820000,19373.00000000,BEAMUSDT
2023-01-05 09:45:00,0.10840000,0.10840000,0.10790000,0.10800000,7991.00000000,BEAMUSDT
2023-01-05 10:00:00,0.10790000,0.10800000,0.10760000,0.10800000,7214.00000000,BEAMUSDT
2023-01-05 10:15:00,0.10820000,0.10870000,0.10800000,0.10830000,14437.00000000,BEAMUSDT
2023-01-05 10:30:00,0.10860000,0.10860000,0.10800000,0.10830000,15043.00000000,BEAMUSDT
2023-01-05 10:45:00,0.10830000,0.10860000,0.10780000,0.10830000,24607.00000000,BEAMUSDT
2023-01-05 11:00:00,0.10830000,0.10830000,0.10770000,0.10780000,20720.00000000,BEAMUSDT
2023-01-05 11:15:00,0.10810000,0.10810000,0.10780000,0.10780000,11676.00000000,BEAMUSDT
2023-01-05 11:30:00,0.10780000,0.10810000,0.10750000,0.10760000,26472.00000000,BEAMUSDT
2023-01-05 11:45:00,0.10750000,0.10840000,0.10740000,0.10790000,49779.00000000,BEAMUSDT
2023-01-05 12:00:00,0.10790000,0.10800000,0.10760000,0.10790000,31347.00000000,BEAMUSDT
2023-01-05 12:15:00,0.10770000,0.10800000,0.10760000,0.10780000,14472.00000000,BEAMUSDT
2023-01-05 12:30:00,0.10790000,0.10920000,0.10780000,0.10860000,61855.00000000,BEAMUSDT
2023-01-05 12:45:00,0.10850000,0.10860000,0.10790000,0.10790000,29177.00000000,BEAMUSDT
2023-01-05 13:00:00,0.10790000,0.10790000,0.10720000,0.10740000,59417.00000000,BEAMUSDT
2023-01-05 13:15:00,0.10740000,0.10760000,0.10740000,0.10760000,7940.00000000,BEAMUSDT
2023-01-05 13:30:00,0.10770000,0.10770000,0.10730000,0.10770000,19947.00000000,BEAMUSDT
2023-01-05 13:45:00,0.10760000,0.10770000,0.10750000,0.10750000,1803.00000000,BEAMUSDT
2023-01-05 14:00:00,0.10740000,0.10780000,0.10740000,0.10780000,9110.00000000,BEAMUSDT
2023-01-05 14:15:00,0.10760000,0.10780000,0.10750000,0.10780000,9348.00000000,BEAMUSDT
2023-01-05 14:30:00,0.10780000,0.10780000,0.10750000,0.10750000,30304.00000000,BEAMUSDT
2023-01-05 14:45:00,0.10740000,0.10760000,0.10730000,0.10730000,8046.00000000,BEAMUSDT
2023-01-05 15:00:00,0.10750000,0.10790000,0.10750000,0.10770000,6748.00000000,BEAMUSDT
2023-01-05 15:15:00,0.10770000,0.10780000,0.10760000,0.10770000,9491.00000000,BEAMUSDT
2023-01-05 15:30:00,0.10780000,0.10850000,0.10760000,0.10850000,86766.00000000,BEAMUSDT
2023-01-05 15:45:00,0.10840000,0.10860000,0.10830000,0.10830000,3136.00000000,BEAMUSDT
2023-01-05 16:00:00,0.10860000,0.10860000,0.10830000,0.10830000,2302.00000000,BEAMUSDT
2023-01-05 16:15:00,0.10860000,0.10860000,0.10830000,0.10830000,4623.00000000,BEAMUSDT
2023-01-05 16:30:00,0.10860000,0.10860000,0.10820000,0.10820000,3525.00000000,BEAMUSDT
2023-01-05 16:45:00,0.10820000,0.10830000,0.10770000,0.10820000,20664.00000000,BEAMUSDT
2023-01-05 17:00:00,0.10820000,0.10860000,0.10790000,0.10840000,62018.00000000,BEAMUSDT
2023-01-05 17:15:00,0.10840000,0.10880000,0.10840000,0.10850000,37186.00000000,BEAMUSDT
2023-01-05 17:30:00,0.10850000,0.10890000,0.10840000,0.10840000,15631.00000000,BEAMUSDT
2023-01-05 17:45:00,0.10840000,0.10840000,0.10800000,0.10800000,4429.00000000,BEAMUSDT
2023-01-05 18:00:00,0.10800000,0.10830000,0.10790000,0.10820000,11157.00000000,BEAMUSDT
2023-01-05 18:15:00,0.10820000,0.10840000,0.10820000,0.10840000,5123.00000000,BEAMUSDT
2023-01-05 18:30:00,0.10840000,0.10890000,0.10830000,0.10880000,21508.00000000,BEAMUSDT
2023-01-05 18:45:00,0.10850000,0.10900000,0.10820000,0.10840000,43110.00000000,BEAMUSDT
2023-01-05 19:00:00,0.10840000,0.10870000,0.10810000,0.10810000,13843.00000000,BEAMUSDT
2023-01-05 19:15:00,0.10820000,0.10890000,0.10820000,0.10870000,28385.00000000,BEAMUSDT
2023-01-05 19:30:00,0.10850000,0.10870000,0.10820000,0.10870000,24793.00000000,BEAMUSDT
2023-01-05 19:45:00,0.10880000,0.10910000,0.10880000,0.10880000,13404.00000000,BEAMUSDT
2023-01-05 20:00:00,0.10880000,0.10910000,0.10840000,0.10910000,21615.00000000,BEAMUSDT
2023-01-05 20:15:00,0.10910000,0.10980000,0.10900000,0.10960000,101732.00000000,BEAMUSDT
2023-01-05 20:30:00,0.10960000,0.10960000,0.10880000,0.10910000,45971.00000000,BEAMUSDT
2023-01-05 20:45:00,0.10880000,0.10910000,0.10810000,0.10830000,88406.00000000,BEAMUSDT
2023-01-05 21:00:00,0.10840000,0.10960000,0.10810000,0.10940000,37022.00000000,BEAMUSDT
2023-01-05 21:15:00,0.10910000,0.10930000,0.10880000,0.10880000,22101.00000000,BEAMUSDT
2023-01-05 21:30:00,0.10860000,0.10920000,0.10830000,0.10920000,125530.00000000,BEAMUSDT
2023-01-05 21:45:00,0.10920000,0.10920000,0.10860000,0.10860000,22779.00000000,BEAMUSDT
2023-01-05 22:00:00,0.10880000,0.10920000,0.10880000,0.10920000,3384.00000000,BEAMUSDT
2023-01-05 22:15:00,0.10900000,0.10930000,0.10900000,0.10900000,1097.00000000,BEAMUSDT
2023-01-05 22:30:00,0.10930000,0.10930000,0.10900000,0.10900000,3097.00000000,BEAMUSDT
2023-01-05 22:45:00,0.10900000,0.10940000,0.10900000,0.10920000,8811.00000000,BEAMUSDT
2023-01-05 23:00:00,0.10910000,0.10930000,0.10910000,0.10920000,5039.00000000,BEAMUSDT
2023-01-05 23:15:00,0.10930000,0.11030000,0.10910000,0.10940000,212176.00000000,BEAMUSDT
2023-01-05 23:30:00,0.10910000,0.10960000,0.10910000,0.10930000,8168.00000000,BEAMUSDT
2023-01-05 23:45:00,0.10950000,0.10980000,0.10950000,0.10960000,13421.00000000,BEAMUSDT
2023-01-06 00:00:00,0.10950000,0.10990000,0.10950000,0.10980000,20905.00000000,BEAMUSDT
2023-01-06 00:15:00,0.10980000,0.10980000,0.10970000,0.10970000,2565.00000000,BEAMUSDT
2023-01-06 00:30:00,0.10990000,0.10990000,0.10970000,0.10970000,16432.00000000,BEAMUSDT
2023-01-06 00:45:00,0.10980000,0.10980000,0.10920000,0.10920000,60793.00000000,BEAMUSDT
2023-01-06 01:00:00,0.10950000,0.10950000,0.10930000,0.10950000,742.00000000,BEAMUSDT
2023-01-06 01:15:00,0.10950000,0.10950000,0.10950000,0.10950000,7206.00000000,BEAMUSDT
2023-01-06 01:30:00,0.10930000,0.10970000,0.10930000,0.10950000,2733.00000000,BEAMUSDT
2023-01-06 01:45:00,0.10970000,0.11090000,0.10830000,0.10990000,233377.00000000,BEAMUSDT
2023-01-06 02:00:00,0.11010000,0.11010000,0.10970000,0.10970000,11863.00000000,BEAMUSDT
2023-01-06 02:15:00,0.10960000,0.11000000,0.10950000,0.10970000,6382.00000000,BEAMUSDT
2023-01-06 02:30:00,0.10970000,0.11000000,0.10940000,0.10970000,32883.00000000,BEAMUSDT
2023-01-06 02:45:00,0.10970000,0.11020000,0.10970000,0.11020000,13161.00000000,BEAMUSDT
2023-01-06 03:00:00,0.10980000,0.10980000,0.10950000,0.10960000,12246.00000000,BEAMUSDT
2023-01-06 03:15:00,0.10960000,0.10960000,0.10960000,0.10960000,0.00000000,BEAMUSDT
2023-01-06 03:30:00,0.10980000,0.11000000,0.10960000,0.10960000,3421.00000000,BEAMUSDT
2023-01-06 03:45:00,0.10950000,0.10960000,0.10950000,0.10960000,552.00000000,BEAMUSDT
2023-01-06 04:00:00,0.10960000,0.10960000,0.10860000,0.10870000,29099.00000000,BEAMUSDT
2023-01-06 04:15:00,0.10860000,0.10860000,0.10830000,0.10840000,18495.00000000,BEAMUSDT
2023-01-06 04:30:00,0.10830000,0.10850000,0.10800000,0.10810000,25677.00000000,BEAMUSDT
2023-01-06 04:45:00,0.10800000,0.10830000,0.10800000,0.10830000,9409.00000000,BEAMUSDT
2023-01-06 05:00:00,0.10830000,0.10830000,0.10810000,0.10830000,799.00000000,BEAMUSDT
2023-01-06 05:15:00,0.10830000,0.10850000,0.10830000,0.10840000,9767.00000000,BEAMUSDT
2023-01-06 05:30:00,0.10830000,0.10860000,0.10830000,0.10860000,1860.00000000,BEAMUSDT
2023-01-06 05:45:00,0.10860000,0.10880000,0.10830000,0.10860000,1995.00000000,BEAMUSDT
2023-01-06 06:00:00,0.10880000,0.10890000,0.10850000,0.10850000,22527.00000000,BEAMUSDT
2023-01-06 06:15:00,0.10850000,0.10890000,0.10790000,0.10790000,57430.00000000,BEAMUSDT
2023-01-06 06:30:00,0.10790000,0.10820000,0.10780000,0.10790000,23098.00000000,BEAMUSDT
2023-01-06 06:45:00,0.10780000,0.10810000,0.10770000,0.10790000,13275.00000000,BEAMUSDT
2023-01-06 07:00:00,0.10790000,0.10800000,0.10770000,0.10770000,8254.00000000,BEAMUSDT
2023-01-06 07:15:00,0.10770000,0.10800000,0.10770000,0.10780000,11711.00000000,BEAMUSDT
2023-01-06 07:30:00,0.10780000,0.10810000,0.10780000,0.10810000,16538.00000000,BEAMUSDT
2023-01-06 07:45:00,0.10790000,0.10790000,0.10780000,0.10780000,3517.00000000,BEAMUSDT
2023-01-06 08:00:00,0.10780000,0.10780000,0.10660000,0.10660000,236536.00000000,BEAMUSDT
2023-01-06 08:15:00,0.10660000,0.10740000,0.10650000,0.10740000,90041.00000000,BEAMUSDT
2023-01-06 08:30:00,0.10710000,0.10740000,0.10680000,0.10700000,34346.00000000,BEAMUSDT
2023-01-06 08:45:00,0.10700000,0.10730000,0.10700000,0.10710000,29763.00000000,BEAMUSDT
2023-01-06 09:00:00,0.10710000,0.10730000,0.10700000,0.10700000,34514.00000000,BEAMUSDT
2023-01-06 09:15:00,0.10720000,0.10740000,0.10700000,0.10730000,19544.00000000,BEAMUSDT
2023-01-06 09:30:00,0.10710000,0.10750000,0.10700000,0.10720000,33812.00000000,BEAMUSDT
2023-01-06 09:45:00,0.10720000,0.10750000,0.10700000,0.10700000,19113.00000000,BEAMUSDT
2023-01-06 10:00:00,0.10700000,0.10720000,0.10690000,0.10700000,7407.00000000,BEAMUSDT
2023-01-06 10:15:00,0.10700000,0.10710000,0.10690000,0.10690000,11030.00000000,BEAMUSDT
2023-01-06 10:30:00,0.10680000,0.10750000,0.10680000,0.10700000,54351.00000000,BEAMUSDT
2023-01-06 10:45:00,0.10700000,0.10710000,0.10660000,0.10660000,23627.00000000,BEAMUSDT
2023-01-06 11:00:00,0.10660000,0.10700000,0.10650000,0.10690000,60188.00000000,BEAMUSDT
2023-01-06 11:15:00,0.10660000,0.10690000,0.10500000,0.10590000,175732.00000000,BEAMUSDT
2023-01-06 11:30:00,0.10590000,0.10600000,0.10570000,0.10580000,50769.00000000,BEAMUSDT
2023-01-06 11:45:00,0.10580000,0.10630000,0.10550000,0.10590000,198550.00000000,BEAMUSDT
2023-01-06 12:00:00,0.10610000,0.10620000,0.10580000,0.10580000,29629.00000000,BEAMUSDT
2023-01-06 12:15:00,0.10580000,0.10620000,0.10580000,0.10590000,44149.00000000,BEAMUSDT
2023-01-06 12:30:00,0.10590000,0.10650000,0.10580000,0.10610000,41876.00000000,BEAMUSDT
2023-01-06 12:45:00,0.10610000,0.10660000,0.10600000,0.10610000,19612.00000000,BEAMUSDT
2023-01-06 13:00:00,0.10610000,0.10610000,0.10460000,0.10490000,215646.00000000,BEAMUSDT
2023-01-06 13:15:00,0.10480000,0.10500000,0.10470000,0.10470000,71095.00000000,BEAMUSDT
2023-01-06 13:30:00,0.10470000,0.10610000,0.10460000,0.10540000,113935.00000000,BEAMUSDT
2023-01-06 13:45:00,0.10550000,0.10600000,0.10550000,0.10550000,30386.00000000,BEAMUSDT
2023-01-06 14:00:00,0.10550000,0.10600000,0.10540000,0.10570000,21237.00000000,BEAMUSDT
2023-01-06 14:15:00,0.10570000,0.10590000,0.10560000,0.10570000,98920.00000000,BEAMUSDT
2023-01-06 14:30:00,0.10570000,0.10640000,0.10550000,0.10550000,212365.00000000,BEAMUSDT
2023-01-06 14:45:00,0.10550000,0.10590000,0.10530000,0.10550000,29934.00000000,BEAMUSDT
2023-01-06 15:00:00,0.10560000,0.10620000,0.10540000,0.10570000,25609.00000000,BEAMUSDT
2023-01-06 15:15:00,0.10570000,0.10790000,0.10560000,0.10740000,348559.00000000,BEAMUSDT
2023-01-06 15:30:00,0.10720000,0.10740000,0.10620000,0.10660000,90862.00000000,BEAMUSDT
2023-01-06 15:45:00,0.10660000,0.10740000,0.10660000,0.10680000,51277.00000000,BEAMUSDT
2023-01-06 16:00:00,0.10680000,0.10700000,0.10650000,0.10650000,21041.00000000,BEAMUSDT
2023-01-06 16:15:00,0.10650000,0.10690000,0.10640000,0.10660000,29271.00000000,BEAMUSDT
2023-01-06 16:30:00,0.10660000,0.10670000,0.10630000,0.10660000,13631.00000000,BEAMUSDT
2023-01-06 16:45:00,0.10660000,0.10690000,0.10650000,0.10670000,20346.00000000,BEAMUSDT
2023-01-06 17:00:00,0.10670000,0.10700000,0.10650000,0.10660000,18751.00000000,BEAMUSDT
2023-01-06 17:15:00,0.10660000,0.10700000,0.10650000,0.10680000,14177.00000000,BEAMUSDT
2023-01-06 17:30:00,0.10680000,0.10700000,0.10670000,0.10680000,10085.00000000,BEAMUSDT
2023-01-06 17:45:00,0.10680000,0.10720000,0.10680000,0.10710000,12438.00000000,BEAMUSDT
2023-01-06 18:00:00,0.10710000,0.10740000,0.10690000,0.10720000,13200.00000000,BEAMUSDT
2023-01-06 18:15:00,0.10720000,0.10730000,0.10720000,0.10720000,4564.00000000,BEAMUSDT
2023-01-06 18:30:00,0.10720000,0.10770000,0.10720000,0.10740000,19146.00000000,BEAMUSDT
2023-01-06 18:45:00,0.10740000,0.10760000,0.10740000,0.10740000,9372.00000000,BEAMUSDT
2023-01-06 19:00:00,0.10740000,0.10750000,0.10720000,0.10740000,9083.00000000,BEAMUSDT
2023-01-06 19:15:00,0.10730000,0.10750000,0.10730000,0.10740000,19328.00000000,BEAMUSDT
2023-01-06 19:30:00,0.10730000,0.10760000,0.10730000,0.10740000,7600.00000000,BEAMUSDT
2023-01-06 19:45:00,0.10740000,0.10760000,0.10730000,0.10730000,16714.00000000,BEAMUSDT
2023-01-06 20:00:00,0.10740000,0.10950000,0.10740000,0.10820000,239311.00000000,BEAMUSDT
2023-01-06 20:15:00,0.10820000,0.10890000,0.10800000,0.10800000,54669.00000000,BEAMUSDT
2023-01-06 20:30:00,0.10800000,0.10800000,0.10760000,0.10760000,11417.00000000,BEAMUSDT
2023-01-06 20:45:00,0.10750000,0.10930000,0.10750000,0.10760000,63113.00000000,BEAMUSDT
2023-01-06 21:00:00,0.10750000,0.10750000,0.10700000,0.10700000,42901.00000000,BEAMUSDT
2023-01-06 21:15:00,0.10700000,0.10720000,0.10680000,0.10700000,16121.00000000,BEAMUSDT
2023-01-06 21:30:00,0.10700000,0.10730000,0.10700000,0.10700000,9785.00000000,BEAMUSDT
2023-01-06 21:45:00,0.10700000,0.10720000,0.10680000,0.10690000,12903.00000000,BEAMUSDT
2023-01-06 22:00:00,0.10690000,0.10720000,0.10670000,0.10700000,12308.00000000,BEAMUSDT
2023-01-06 22:15:00,0.10700000,0.10730000,0.10680000,0.10700000,24746.00000000,BEAMUSDT
2023-01-06 22:30:00,0.10700000,0.10720000,0.10700000,0.10700000,3664.00000000,BEAMUSDT
2023-01-06 22:45:00,0.10700000,0.10800000,0.10700000,0.10750000,29793.00000000,BEAMUSDT
2023-01-06 23:00:00,0.10750000,0.10900000,0.10740000,0.10830000,64572.00000000,BEAMUSDT
2023-01-06 23:15:00,0.10830000,0.10850000,0.10800000,0.10810000,27586.00000000,BEAMUSDT
2023-01-06 23:30:00,0.10810000,0.10830000,0.10770000,0.10780000,193008.00000000,BEAMUSDT
2023-01-06 23:45:00,0.10780000,0.10860000,0.10770000,0.10810000,49077.00000000,BEAMUSDT
2023-01-07 00:00:00,0.10810000,0.10810000,0.10760000,0.10760000,105558.00000000,BEAMUSDT
2023-01-07 00:15:00,0.10760000,0.10840000,0.10760000,0.10810000,45775.00000000,BEAMUSDT
2023-01-07 00:30:00,0.10820000,0.10820000,0.10770000,0.10820000,79656.00000000,BEAMUSDT
2023-01-07 00:45:00,0.10790000,0.10820000,0.10770000,0.10800000,108857.00000000,BEAMUSDT
2023-01-07 01:00:00,0.10800000,0.10870000,0.10770000,0.10850000,75066.00000000,BEAMUSDT
2023-01-07 01:15:00,0.10870000,0.10870000,0.10820000,0.10820000,24759.00000000,BEAMUSDT
2023-01-07 01:30:00,0.10820000,0.10930000,0.10780000,0.10840000,79132.00000000,BEAMUSDT
2023-01-07 01:45:00,0.10840000,0.10860000,0.10800000,0.10800000,20675.00000000,BEAMUSDT
2023-01-07 02:00:00,0.10800000,0.10860000,0.10800000,0.10810000,37814.00000000,BEAMUSDT
2023-01-07 02:15:00,0.10800000,0.10830000,0.10800000,0.10800000,7122.00000000,BEAMUSDT
2023-01-07 02:30:00,0.10800000,0.10810000,0.10790000,0.10790000,4902.00000000,BEAMUSDT
2023-01-07 02:45:00,0.10790000,0.10820000,0.10780000,0.10790000,10458.00000000,BEAMUSDT
2023-01-07 03:00:00,0.10790000,0.10800000,0.10780000,0.10780000,5513.00000000,BEAMUSDT
2023-01-07 03:15:00,0.10780000,0.10850000,0.10770000,0.10810000,42412.00000000,BEAMUSDT
2023-01-07 03:30:00,0.10810000,0.10850000,0.10810000,0.10820000,13009.00000000,BEAMUSDT
2023-01-07 03:45:00,0.10820000,0.10820000,0.10780000,0.10780000,32759.00000000,BEAMUSDT
2023-01-07 04:00:00,0.10780000,0.10810000,0.10780000,0.10780000,25989.00000000,BEAMUSDT
2023-01-07 04:15:00,0.10780000,0.10800000,0.10780000,0.10780000,3303.00000000,BEAMUSDT
2023-01-07 04:30:00,0.10780000,0.10800000,0.10780000,0.10780000,35109.00000000,BEAMUSDT
2023-01-07 04:45:00,0.10780000,0.10790000,0.10780000,0.10790000,4140.00000000,BEAMUSDT
2023-01-07 05:00:00,0.10790000,0.10800000,0.10790000,0.10790000,6304.00000000,BEAMUSDT
2023-01-07 05:15:00,0.10790000,0.10800000,0.10790000,0.10790000,2203.00000000,BEAMUSDT
2023-01-07 05:30:00,0.10790000,0.10800000,0.10790000,0.10800000,10510.00000000,BEAMUSDT
2023-01-07 05:45:00,0.10790000,0.10830000,0.10780000,0.10810000,52139.00000000,BEAMUSDT
2023-01-07 06:00:00,0.10790000,0.10810000,0.10780000,0.10780000,7471.00000000,BEAMUSDT
2023-01-07 06:15:00,0.10780000,0.10800000,0.10770000,0.10780000,33976.00000000,BEAMUSDT
2023-01-07 06:30:00,0.10780000,0.10790000,0.10770000,0.10770000,61908.00000000,BEAMUSDT
2023-01-07 06:45:00,0.10770000,0.10810000,0.10770000,0.10800000,15441.00000000,BEAMUSDT
2023-01-07 07:00:00,0.10800000,0.10820000,0.10780000,0.10780000,35935.00000000,BEAMUSDT
2023-01-07 07:15:00,0.10780000,0.10810000,0.10780000,0.10790000,9656.00000000,BEAMUSDT
2023-01-07 07:30:00,0.10790000,0.10810000,0.10770000,0.10790000,23246.00000000,BEAMUSDT
2023-01-07 07:45:00,0.10790000,0.10820000,0.10780000,0.10800000,15544.00000000,BEAMUSDT
2023-01-07 08:00:00,0.10800000,0.10820000,0.10780000,0.10780000,18579.00000000,BEAMUSDT
2023-01-07 08:15:00,0.10780000,0.10800000,0.10780000,0.10780000,9693.00000000,BEAMUSDT
2023-01-07 08:30:00,0.10780000,0.10800000,0.10780000,0.10780000,5708.00000000,BEAMUSDT
2023-01-07 08:45:00,0.10780000,0.10850000,0.10770000,0.10790000,37153.00000000,BEAMUSDT
2023-01-07 09:00:00,0.10790000,0.10850000,0.10770000,0.10780000,49504.00000000,BEAMUSDT
2023-01-07 09:15:00,0.10780000,0.10790000,0.10710000,0.10730000,64637.00000000,BEAMUSDT
2023-01-07 09:30:00,0.10730000,0.10760000,0.10730000,0.10730000,13844.00000000,BEAMUSDT
2023-01-07 09:45:00,0.10730000,0.10770000,0.10730000,0.10750000,19038.00000000,BEAMUSDT
2023-01-07 10:00:00,0.10740000,0.10760000,0.10740000,0.10740000,14658.00000000,BEAMUSDT
2023-01-07 10:15:00,0.10750000,0.10760000,0.10740000,0.10740000,6303.00000000,BEAMUSDT
2023-01-07 10:30:00,0.10740000,0.10790000,0.10740000,0.10740000,19983.00000000,BEAMUSDT
2023-01-07 10:45:00,0.10740000,0.10760000,0.10730000,0.10740000,8891.00000000,BEAMUSDT
2023-01-07 11:00:00,0.10740000,0.10750000,0.10730000,0.10730000,5242.00000000,BEAMUSDT
2023-01-07 11:15:00,0.10730000,0.10740000,0.10730000,0.10730000,5971.00000000,BEAMUSDT
2023-01-07 11:30:00,0.10730000,0.10750000,0.10730000,0.10730000,11994.00000000,BEAMUSDT
2023-01-07 11:45:00,0.10730000,0.10740000,0.10710000,0.10720000,40156.00000000,BEAMUSDT
2023-01-07 12:00:00,0.10720000,0.10740000,0.10710000,0.10720000,18650.00000000,BEAMUSDT
2023-01-07 12:15:00,0.10720000,0.10750000,0.10710000,0.10730000,53214.00000000,BEAMUSDT
2023-01-07 12:30:00,0.10750000,0.10760000,0.10730000,0.10730000,17451.00000000,BEAMUSDT
2023-01-07 12:45:00,0.10730000,0.10750000,0.10720000,0.10730000,7207.00000000,BEAMUSDT
2023-01-07 13:00:00,0.10730000,0.10760000,0.10730000,0.10740000,10081.00000000,BEAMUSDT
2023-01-07 13:15:00,0.10730000,0.10770000,0.10730000,0.10770000,27834.00000000,BEAMUSDT
2023-01-07 13:30:00,0.10770000,0.10780000,0.10750000,0.10770000,19143.00000000,BEAMUSDT
2023-01-07 13:45:00,0.10770000,0.10790000,0.10760000,0.10790000,41799.00000000,BEAMUSDT
2023-01-07 14:00:00,0.10790000,0.10800000,0.10750000,0.10750000,32175.00000000,BEAMUSDT
2023-01-07 14:15:00,0.10750000,0.10750000,0.10700000,0.10730000,63683.00000000,BEAMUSDT
2023-01-07 14:30:00,0.10720000,0.10790000,0.10720000,0.10770000,59817.00000000,BEAMUSDT
2023-01-07 14:45:00,0.10770000,0.10790000,0.10760000,0.10770000,15021.00000000,BEAMUSDT
2023-01-07 15:00:00,0.10770000,0.10780000,0.10740000,0.10740000,22406.00000000,BEAMUSDT
2023-01-07 15:15:00,0.10770000,0.10770000,0.10740000,0.10740000,7062.00000000,BEAMUSDT
2023-01-07 15:30:00,0.10740000,0.10770000,0.10740000,0.10770000,4825.00000000,BEAMUSDT
2023-01-07 15:45:00,0.10740000,0.10770000,0.10730000,0.10730000,9478.00000000,BEAMUSDT
2023-01-07 16:00:00,0.10730000,0.10810000,0.10730000,0.10750000,36003.00000000,BEAMUSDT
2023-01-07 16:15:00,0.10750000,0.10770000,0.10740000,0.10750000,7186.00000000,BEAMUSDT
2023-01-07 16:30:00,0.10750000,0.10770000,0.10740000,0.10740000,3700.00000000,BEAMUSDT
2023-01-07 16:45:00,0.10740000,0.10770000,0.10720000,0.10720000,5380.00000000,BEAMUSDT
2023-01-07 17:00:00,0.10720000,0.10750000,0.10710000,0.10720000,14839.00000000,BEAMUSDT
2023-01-07 17:15:00,0.10720000,0.10760000,0.10710000,0.10720000,12793.00000000,BEAMUSDT
2023-01-07 17:30:00,0.10720000,0.10740000,0.10710000,0.10710000,7702.00000000,BEAMUSDT
2023-01-07 17:45:00,0.10710000,0.10730000,0.10710000,0.10730000,7400.00000000,BEAMUSDT
2023-01-07 18:00:00,0.10710000,0.10730000,0.10710000,0.10710000,28453.00000000,BEAMUSDT
2023-01-07 18:15:00,0.10710000,0.10760000,0.10710000,0.10730000,19914.00000000,BEAMUSDT
2023-01-07 18:30:00,0.10730000,0.10790000,0.10730000,0.10770000,24088.00000000,BEAMUSDT
2023-01-07 18:45:00,0.10750000,0.10780000,0.10740000,0.10740000,15922.00000000,BEAMUSDT
2023-01-07 19:00:00,0.10750000,0.10800000,0.10740000,0.10750000,32337.00000000,BEAMUSDT
2023-01-07 19:15:00,0.10750000,0.10770000,0.10730000,0.10760000,9482.00000000,BEAMUSDT
2023-01-07 19:30:00,0.10760000,0.10810000,0.10760000,0.10770000,37845.00000000,BEAMUSDT
2023-01-07 19:45:00,0.10770000,0.10800000,0.10720000,0.10740000,27617.00000000,BEAMUSDT
2023-01-07 20:00:00,0.10740000,0.10760000,0.10730000,0.10730000,4170.00000000,BEAMUSDT
2023-01-07 20:15:00,0.10730000,0.10760000,0.10710000,0.10710000,43799.00000000,BEAMUSDT
2023-01-07 20:30:00,0.10700000,0.10730000,0.10660000,0.10660000,152805.00000000,BEAMUSDT
2023-01-07 20:45:00,0.10670000,0.10720000,0.10650000,0.10670000,75970.00000000,BEAMUSDT
2023-01-07 21:00:00,0.10670000,0.10690000,0.10660000,0.10690000,11017.00000000,BEAMUSDT
2023-01-07 21:15:00,0.10680000,0.10710000,0.10670000,0.10710000,25077.00000000,BEAMUSDT
2023-01-07 21:30:00,0.10720000,0.10760000,0.10700000,0.10720000,37633.00000000,BEAMUSDT
2023-01-07 21:45:00,0.10720000,0.10740000,0.10720000,0.10720000,19038.00000000,BEAMUSDT
2023-01-07 22:00:00,0.10720000,0.10720000,0.10650000,0.10650000,69982.00000000,BEAMUSDT
2023-01-07 22:15:00,0.10650000,0.10660000,0.10610000,0.10620000,59042.00000000,BEAMUSDT
2023-01-07 22:30:00,0.10620000,0.10640000,0.10590000,0.10610000,12748.00000000,BEAMUSDT
2023-01-07 22:45:00,0.10610000,0.10640000,0.10590000,0.10600000,11207.00000000,BEAMUSDT
2023-01-07 23:00:00,0.10600000,0.10640000,0.10600000,0.10640000,5875.00000000,BEAMUSDT
2023-01-07 23:15:00,0.10620000,0.10680000,0.10620000,0.10630000,20063.00000000,BEAMUSDT
2023-01-07 23:30:00,0.10630000,0.10650000,0.10610000,0.10620000,16955.00000000,BEAMUSDT
2023-01-07 23:45:00,0.10620000,0.10660000,0.10620000,0.10660000,12003.00000000,BEAMUSDT
2023-01-08 00:00:00,0.10650000,0.10660000,0.10650000,0.10650000,5797.00000000,BEAMUSDT
2023-01-08 00:15:00,0.10650000,0.10670000,0.10630000,0.10650000,4784.00000000,BEAMUSDT
2023-01-08 00:30:00,0.10630000,0.10640000,0.10610000,0.10620000,24639.00000000,BEAMUSDT
2023-01-08 00:45:00,0.10620000,0.10620000,0.10610000,0.10610000,6849.00000000,BEAMUSDT
2023-01-08 01:00:00,0.10610000,0.10630000,0.10600000,0.10610000,6016.00000000,BEAMUSDT
2023-01-08 01:15:00,0.10610000,0.10640000,0.10600000,0.10600000,26153.00000000,BEAMUSDT
2023-01-08 01:30:00,0.10600000,0.10610000,0.10600000,0.10600000,2791.00000000,BEAMUSDT
2023-01-08 01:45:00,0.10600000,0.10620000,0.10600000,0.10600000,2502.00000000,BEAMUSDT
2023-01-08 02:00:00,0.10600000,0.10620000,0.10590000,0.10600000,6570.00000000,BEAMUSDT
2023-01-08 02:15:00,0.10590000,0.10630000,0.10590000,0.10630000,31277.00000000,BEAMUSDT
2023-01-08 02:30:00,0.10620000,0.10670000,0.10620000,0.10640000,12928.00000000,BEAMUSDT
2023-01-08 02:45:00,0.10640000,0.10650000,0.10610000,0.10640000,26479.00000000,BEAMUSDT
2023-01-08 03:00:00,0.10630000,0.10670000,0.10620000,0.10630000,13690.00000000,BEAMUSDT
2023-01-08 03:15:00,0.10630000,0.10650000,0.10610000,0.10640000,5666.00000000,BEAMUSDT
2023-01-08 03:30:00,0.10610000,0.10660000,0.10610000,0.10630000,11390.00000000,BEAMUSDT
2023-01-08 03:45:00,0.10630000,0.10640000,0.10630000,0.10640000,2123.00000000,BEAMUSDT
2023-01-08 04:00:00,0.10640000,0.10650000,0.10640000,0.10640000,3124.00000000,BEAMUSDT
2023-01-08 04:15:00,0.10640000,0.10650000,0.10630000,0.10640000,2961.00000000,BEAMUSDT
2023-01-08 04:30:00,0.10640000,0.10660000,0.10630000,0.10640000,4305.00000000,BEAMUSDT
2023-01-08 04:45:00,0.10650000,0.10660000,0.10630000,0.10630000,3055.00000000,BEAMUSDT
2023-01-08 05:00:00,0.10630000,0.10630000,0.10600000,0.10600000,16473.00000000,BEAMUSDT
2023-01-08 05:15:00,0.10600000,0.10650000,0.10600000,0.10600000,20994.00000000,BEAMUSDT
2023-01-08 05:30:00,0.10600000,0.10640000,0.10600000,0.10630000,20856.00000000,BEAMUSDT
2023-01-08 05:45:00,0.10630000,0.10640000,0.10630000,0.10640000,7069.00000000,BEAMUSDT
2023-01-08 06:00:00,0.10640000,0.10640000,0.10620000,0.10640000,4547.00000000,BEAMUSDT
2023-01-08 06:15:00,0.10630000,0.10630000,0.10610000,0.10610000,2596.00000000,BEAMUSDT
2023-01-08 06:30:00,0.10610000,0.10630000,0.10600000,0.10600000,11732.00000000,BEAMUSDT
2023-01-08 06:45:00,0.10600000,0.10610000,0.10590000,0.10590000,23808.00000000,BEAMUSDT
2023-01-08 07:00:00,0.10590000,0.10610000,0.10590000,0.10600000,6726.00000000,BEAMUSDT
2023-01-08 07:15:00,0.10590000,0.10610000,0.10590000,0.10610000,11113.00000000,BEAMUSDT
2023-01-08 07:30:00,0.10600000,0.10610000,0.10590000,0.10600000,5564.00000000,BEAMUSDT
2023-01-08 07:45:00,0.10600000,0.10620000,0.10600000,0.10600000,2421.00000000,BEAMUSDT
2023-01-08 08:00:00,0.10600000,0.10630000,0.10590000,0.10620000,28489.00000000,BEAMUSDT
2023-01-08 08:15:00,0.10610000,0.10630000,0.10610000,0.10610000,13864.00000000,BEAMUSDT
2023-01-08 08:30:00,0.10610000,0.10640000,0.10610000,0.10610000,10613.00000000,BEAMUSDT
2023-01-08 08:45:00,0.10610000,0.10640000,0.10600000,0.10640000,25943.00000000,BEAMUSDT
2023-01-08 09:00:00,0.10630000,0.10630000,0.10600000,0.10620000,8308.00000000,BEAMUSDT
2023-01-08 09:15:00,0.10630000,0.10630000,0.10600000,0.10610000,28881.00000000,BEAMUSDT
2023-01-08 09:30:00,0.10600000,0.10620000,0.10600000,0.10600000,49758.00000000,BEAMUSDT
2023-01-08 09:45:00,0.10600000,0.10620000,0.10600000,0.10610000,25738.00000000,BEAMUSDT
2023-01-08 10:00:00,0.10620000,0.10620000,0.10600000,0.10600000,12153.00000000,BEAMUSDT
2023-01-08 10:15:00,0.10600000,0.10610000,0.10590000,0.10590000,51569.00000000,BEAMUSDT
2023-01-08 10:30:00,0.10590000,0.10620000,0.10590000,0.10590000,32041.00000000,BEAMUSDT
2023-01-08 10:45:00,0.10590000,0.10600000,0.10580000,0.10580000,20835.00000000,BEAMUSDT
2023-01-08 11:00:00,0.10590000,0.10610000,0.10560000,0.10610000,49864.00000000,BEAMUSDT
2023-01-08 11:15:00,0.10590000,0.10610000,0.10560000,0.10590000,27115.00000000,BEAMUSDT
2023-01-08 11:30:00,0.10570000,0.10710000,0.10550000,0.10610000,84816.00000000,BEAMUSDT
2023-01-08 11:45:00,0.10610000,0.10610000,0.10570000,0.10590000,24202.00000000,BEAMUSDT
2023-01-08 12:00:00,0.10580000,0.10600000,0.10560000,0.10590000,27493.00000000,BEAMUSDT
2023-01-08 12:15:00,0.10590000,0.10620000,0.10580000,0.10580000,34394.00000000,BEAMUSDT
2023-01-08 12:30:00,0.10580000,0.10610000,0.10580000,0.10610000,18349.00000000,BEAMUSDT
2023-01-08 12:45:00,0.10590000,0.10630000,0.10580000,0.10600000,26096.00000000,BEAMUSDT
2023-01-08 13:00:00,0.10600000,0.10630000,0.10590000,0.10600000,23123.00000000,BEAMUSDT
2023-01-08 13:15:00,0.10600000,0.10640000,0.10590000,0.10600000,25620.00000000,BEAMUSDT
2023-01-08 13:30:00,0.10600000,0.10630000,0.10590000,0.10590000,33998.00000000,BEAMUSDT
2023-01-08 13:45:00,0.10590000,0.10630000,0.10580000,0.10590000,30998.00000000,BEAMUSDT
2023-01-08 14:00:00,0.10590000,0.10660000,0.10580000,0.10620000,45688.00000000,BEAMUSDT
2023-01-08 14:15:00,0.10620000,0.10640000,0.10600000,0.10610000,15112.00000000,BEAMUSDT
2023-01-08 14:30:00,0.10620000,0.10640000,0.10600000,0.10640000,22208.00000000,BEAMUSDT
2023-01-08 14:45:00,0.10620000,0.10650000,0.10620000,0.10620000,13699.00000000,BEAMUSDT
2023-01-08 15:00:00,0.10620000,0.10650000,0.10620000,0.10620000,7902.00000000,BEAMUSDT
2023-01-08 15:15:00,0.10650000,0.10660000,0.10600000,0.10650000,20381.00000000,BEAMUSDT
2023-01-08 15:30:00,0.10640000,0.10670000,0.10610000,0.10610000,33070.00000000,BEAMUSDT
2023-01-08 15:45:00,0.10620000,0.10690000,0.10610000,0.10660000,38484.00000000,BEAMUSDT
2023-01-08 16:00:00,0.10660000,0.10730000,0.10630000,0.10640000,75892.00000000,BEAMUSDT
2023-01-08 16:15:00,0.10640000,0.10660000,0.10600000,0.10600000,52793.00000000,BEAMUSDT
2023-01-08 16:30:00,0.10600000,0.10610000,0.10580000,0.10600000,23198.00000000,BEAMUSDT
2023-01-08 16:45:00,0.10600000,0.10640000,0.10600000,0.10610000,16676.00000000,BEAMUSDT
2023-01-08 17:00:00,0.10610000,0.10630000,0.10600000,0.10600000,5074.00000000,BEAMUSDT
2023-01-08 17:15:00,0.10600000,0.10630000,0.10580000,0.10590000,15324.00000000,BEAMUSDT
2023-01-08 17:30:00,0.10590000,0.10620000,0.10590000,0.10600000,14989.00000000,BEAMUSDT
2023-01-08 17:45:00,0.10590000,0.10620000,0.10580000,0.10590000,10823.00000000,BEAMUSDT
2023-01-08 18:00:00,0.10590000,0.10610000,0.10590000,0.10590000,22031.00000000,BEAMUSDT
2023-01-08 18:15:00,0.10590000,0.10610000,0.10580000,0.10590000,25330.00000000,BEAMUSDT
2023-01-08 18:30:00,0.10590000,0.10610000,0.10590000,0.10600000,8995.00000000,BEAMUSDT
2023-01-08 18:45:00,0.10600000,0.10640000,0.10580000,0.10590000,52357.00000000,BEAMUSDT
2023-01-08 19:00:00,0.10590000,0.10630000,0.10590000,0.10610000,67137.00000000,BEAMUSDT
2023-01-08 19:15:00,0.10610000,0.10630000,0.10590000,0.10590000,60906.00000000,BEAMUSDT
2023-01-08 19:30:00,0.10590000,0.10620000,0.10590000,0.10620000,10483.00000000,BEAMUSDT
2023-01-08 19:45:00,0.10590000,0.10630000,0.10580000,0.10590000,49200.00000000,BEAMUSDT
2023-01-08 20:00:00,0.10590000,0.10640000,0.10590000,0.10610000,43542.00000000,BEAMUSDT
2023-01-08 20:15:00,0.10610000,0.10630000,0.10590000,0.10590000,20137.00000000,BEAMUSDT
2023-01-08 20:30:00,0.10590000,0.10720000,0.10580000,0.10720000,106155.00000000,BEAMUSDT
2023-01-08 20:45:00,0.10710000,0.10860000,0.10680000,0.10790000,121486.00000000,BEAMUSDT
2023-01-08 21:00:00,0.10780000,0.10890000,0.10720000,0.10800000,293767.00000000,BEAMUSDT
2023-01-08 21:15:00,0.10810000,0.10810000,0.10730000,0.10750000,46810.00000000,BEAMUSDT
2023-01-08 21:30:00,0.10750000,0.10830000,0.10750000,0.10760000,30485.00000000,BEAMUSDT
2023-01-08 21:45:00,0.10760000,0.10770000,0.10730000,0.10740000,47893.00000000,BEAMUSDT
2023-01-08 22:00:00,0.10740000,0.10770000,0.10720000,0.10730000,14726.00000000,BEAMUSDT
2023-01-08 22:15:00,0.10730000,0.10760000,0.10710000,0.10730000,12271.00000000,BEAMUSDT
2023-01-08 22:30:00,0.10730000,0.10890000,0.10730000,0.10790000,74333.00000000,BEAMUSDT
2023-01-08 22:45:00,0.10790000,0.10830000,0.10770000,0.10790000,18925.00000000,BEAMUSDT
2023-01-08 23:00:00,0.10790000,0.10860000,0.10770000,0.10800000,48476.00000000,BEAMUSDT
2023-01-08 23:15:00,0.10800000,0.10850000,0.10800000,0.10810000,24667.00000000,BEAMUSDT
2023-01-08 23:30:00,0.10810000,0.10830000,0.10810000,0.10810000,5221.00000000,BEAMUSDT
2023-01-08 23:45:00,0.10810000,0.10820000,0.10770000,0.10800000,41336.00000000,BEAMUSDT
2023-01-09 00:00:00,0.10790000,0.10830000,0.10760000,0.10800000,108798.00000000,BEAMUSDT
2023-01-09 00:15:00,0.10800000,0.10830000,0.10780000,0.10800000,38086.00000000,BEAMUSDT
2023-01-09 00:30:00,0.10800000,0.10870000,0.10800000,0.10850000,54733.00000000,BEAMUSDT
2023-01-09 00:45:00,0.10850000,0.10880000,0.10850000,0.10870000,15667.00000000,BEAMUSDT
2023-01-09 01:00:00,0.10870000,0.10880000,0.10840000,0.10840000,80975.00000000,BEAMUSDT
2023-01-09 01:15:00,0.10840000,0.10940000,0.10830000,0.10920000,136262.00000000,BEAMUSDT
2023-01-09 01:30:00,0.10920000,0.10930000,0.10890000,0.10900000,33093.00000000,BEAMUSDT
2023-01-09 01:45:00,0.10900000,0.10910000,0.10900000,0.10900000,40587.00000000,BEAMUSDT
2023-01-09 02:00:00,0.10900000,0.10920000,0.10870000,0.10910000,71236.00000000,BEAMUSDT
2023-01-09 02:15:00,0.10930000,0.10960000,0.10910000,0.10960000,61301.00000000,BEAMUSDT
2023-01-09 02:30:00,0.10960000,0.10990000,0.10920000,0.10930000,221295.00000000,BEAMUSDT
2023-01-09 02:45:00,0.10920000,0.10920000,0.10860000,0.10870000,41468.00000000,BEAMUSDT
2023-01-09 03:00:00,0.10870000,0.10890000,0.10810000,0.10840000,44520.00000000,BEAMUSDT
2023-01-09 03:15:00,0.10850000,0.10890000,0.10850000,0.10870000,27479.00000000,BEAMUSDT
2023-01-09 03:30:00,0.10870000,0.10970000,0.10850000,0.10920000,88410.00000000,BEAMUSDT
2023-01-09 03:45:00,0.10920000,0.10950000,0.10890000,0.10910000,26053.00000000,BEAMUSDT
2023-01-09 04:00:00,0.10910000,0.10940000,0.10890000,0.10890000,31977.00000000,BEAMUSDT
2023-01-09 04:15:00,0.10890000,0.10930000,0.10890000,0.10920000,18871.00000000,BEAMUSDT
2023-01-09 04:30:00,0.10920000,0.10930000,0.10880000,0.10880000,49335.00000000,BEAMUSDT
2023-01-09 04:45:00,0.10880000,0.10920000,0.10870000,0.10870000,11226.00000000,BEAMUSDT
2023-01-09 05:00:00,0.10870000,0.10920000,0.10870000,0.10890000,23775.00000000,BEAMUSDT
2023-01-09 05:15:00,0.10890000,0.10920000,0.10880000,0.10890000,22803.00000000,BEAMUSDT
2023-01-09 05:30:00,0.10890000,0.10910000,0.10870000,0.10890000,43969.00000000,BEAMUSDT
2023-01-09 05:45:00,0.10890000,0.10910000,0.10870000,0.10900000,76242.00000000,BEAMUSDT
2023-01-09 06:00:00,0.10900000,0.10900000,0.10860000,0.10860000,97151.00000000,BEAMUSDT
2023-01-09 06:15:00,0.10860000,0.10870000,0.10860000,0.10860000,31267.00000000,BEAMUSDT
2023-01-09 06:30:00,0.10860000,0.10950000,0.10860000,0.10880000,98086.00000000,BEAMUSDT
2023-01-09 06:45:00,0.10880000,0.10900000,0.10860000,0.10860000,30425.00000000,BEAMUSDT
2023-01-09 07:00:00,0.10860000,0.10900000,0.10860000,0.10900000,20791.00000000,BEAMUSDT
2023-01-09 07:15:00,0.10900000,0.10930000,0.10890000,0.10930000,12173.00000000,BEAMUSDT
2023-01-09 07:30:00,0.10910000,0.10920000,0.10880000,0.10890000,34875.00000000,BEAMUSDT
2023-01-09 07:45:00,0.10890000,0.10950000,0.10890000,0.10920000,72601.00000000,BEAMUSDT
2023-01-09 08:00:00,0.10920000,0.10950000,0.10910000,0.10930000,53518.00000000,BEAMUSDT
2023-01-09 08:15:00,0.10930000,0.11000000,0.10930000,0.10990000,230820.00000000,BEAMUSDT
2023-01-09 08:30:00,0.10990000,0.11040000,0.10980000,0.11000000,124134.00000000,BEAMUSDT
2023-01-09 08:45:00,0.10990000,0.11040000,0.10940000,0.10950000,100253.00000000,BEAMUSDT
2023-01-09 09:00:00,0.10950000,0.10980000,0.10890000,0.10950000,99236.00000000,BEAMUSDT
2023-01-09 09:15:00,0.10950000,0.10990000,0.10940000,0.10960000,31688.00000000,BEAMUSDT
2023-01-09 09:30:00,0.10960000,0.10990000,0.10940000,0.10960000,31129.00000000,BEAMUSDT
2023-01-09 09:45:00,0.10960000,0.10990000,0.10910000,0.10930000,70522.00000000,BEAMUSDT
2023-01-09 10:00:00,0.10910000,0.10980000,0.10910000,0.10930000,40843.00000000,BEAMUSDT
2023-01-09 10:15:00,0.10930000,0.11200000,0.10920000,0.11120000,309016.00000000,BEAMUSDT
2023-01-09 10:30:00,0.11090000,0.11200000,0.10980000,0.11070000,272456.00000000,BEAMUSDT
2023-01-09 10:45:00,0.11070000,0.11150000,0.11020000,0.11040000,101125.00000000,BEAMUSDT
2023-01-09 11:00:00,0.11020000,0.11080000,0.11010000,0.11040000,91577.00000000,BEAMUSDT
2023-01-09 11:15:00,0.11040000,0.11070000,0.11010000,0.11030000,148656.00000000,BEAMUSDT
2023-01-09 11:30:00,0.11020000,0.11050000,0.10950000,0.10980000,224807.00000000,BEAMUSDT
2023-01-09 11:45:00,0.10990000,0.11010000,0.10950000,0.10980000,49238.00000000,BEAMUSDT
2023-01-09 12:00:00,0.10960000,0.11080000,0.10960000,0.11020000,137771.00000000,BEAMUSDT
2023-01-09 12:15:00,0.11020000,0.11040000,0.11010000,0.11030000,21780.00000000,BEAMUSDT
2023-01-09 12:30:00,0.11040000,0.11080000,0.11030000,0.11050000,48669.00000000,BEAMUSDT
2023-01-09 12:45:00,0.11050000,0.11150000,0.11040000,0.11090000,50241.00000000,BEAMUSDT
2023-01-09 13:00:00,0.11090000,0.11100000,0.10990000,0.11000000,147353.00000000,BEAMUSDT
2023-01-09 13:15:00,0.11000000,0.11040000,0.10980000,0.11010000,29211.00000000,BEAMUSDT
2023-01-09 13:30:00,0.11010000,0.11060000,0.11000000,0.11030000,58502.00000000,BEAMUSDT
2023-01-09 13:45:00,0.11030000,0.11060000,0.10960000,0.10960000,58536.00000000,BEAMUSDT
2023-01-09 14:00:00,0.10960000,0.10970000,0.10920000,0.10930000,46151.00000000,BEAMUSDT
2023-01-09 14:15:00,0.10930000,0.10970000,0.10910000,0.10930000,84017.00000000,BEAMUSDT
2023-01-09 14:30:00,0.10930000,0.10990000,0.10930000,0.10980000,23826.00000000,BEAMUSDT
2023-01-09 14:45:00,0.10950000,0.11000000,0.10900000,0.10940000,138247.00000000,BEAMUSDT
2023-01-09 15:00:00,0.10940000,0.10980000,0.10910000,0.10930000,74914.00000000,BEAMUSDT
2023-01-09 15:15:00,0.10930000,0.10970000,0.10920000,0.10970000,36257.00000000,BEAMUSDT
2023-01-09 15:30:00,0.10940000,0.11000000,0.10920000,0.10920000,110084.00000000,BEAMUSDT
2023-01-09 15:45:00,0.10960000,0.11040000,0.10960000,0.11000000,67715.00000000,BEAMUSDT
2023-01-09 16:00:00,0.11000000,0.11050000,0.11000000,0.11040000,79739.00000000,BEAMUSDT
2023-01-09 16:15:00,0.11020000,0.11050000,0.10980000,0.10990000,51614.00000000,BEAMUSDT
2023-01-09 16:30:00,0.10980000,0.11090000,0.10980000,0.11060000,95962.00000000,BEAMUSDT
2023-01-09 16:45:00,0.11060000,0.11100000,0.10970000,0.11060000,139805.00000000,BEAMUSDT
2023-01-09 17:00:00,0.11030000,0.11060000,0.10960000,0.10970000,138400.00000000,BEAMUSDT
2023-01-09 17:15:00,0.10970000,0.11050000,0.10960000,0.10970000,207789.00000000,BEAMUSDT
2023-01-09 17:30:00,0.10980000,0.11010000,0.10940000,0.10940000,65802.00000000,BEAMUSDT
2023-01-09 17:45:00,0.10940000,0.10980000,0.10940000,0.10970000,37263.00000000,BEAMUSDT
2023-01-09 18:00:00,0.10950000,0.11000000,0.10940000,0.11000000,128909.00000000,BEAMUSDT
2023-01-09 18:15:00,0.11010000,0.11060000,0.11000000,0.11010000,104269.00000000,BEAMUSDT
2023-01-09 18:30:00,0.11010000,0.11020000,0.10950000,0.10960000,119319.00000000,BEAMUSDT
2023-01-09 18:45:00,0.10980000,0.11010000,0.10960000,0.10960000,98287.00000000,BEAMUSDT
2023-01-09 19:00:00,0.10960000,0.10960000,0.10900000,0.10910000,144792.00000000,BEAMUSDT
2023-01-09 19:15:00,0.10910000,0.10960000,0.10900000,0.10900000,63033.00000000,BEAMUSDT
2023-01-09 19:30:00,0.10900000,0.11000000,0.10900000,0.10900000,78785.00000000,BEAMUSDT
2023-01-09 19:45:00,0.10910000,0.10940000,0.10890000,0.10890000,35788.00000000,BEAMUSDT
2023-01-09 20:00:00,0.10890000,0.10910000,0.10860000,0.10860000,96405.00000000,BEAMUSDT
2023-01-09 20:15:00,0.10860000,0.10890000,0.10860000,0.10870000,49008.00000000,BEAMUSDT
2023-01-09 20:30:00,0.10870000,0.10880000,0.10860000,0.10860000,79324.00000000,BEAMUSDT
2023-01-09 20:45:00,0.10860000,0.10870000,0.10810000,0.10820000,57627.00000000,BEAMUSDT
2023-01-09 21:00:00,0.10820000,0.10840000,0.10800000,0.10810000,62041.00000000,BEAMUSDT
2023-01-09 21:15:00,0.10810000,0.10870000,0.10810000,0.10840000,35611.00000000,BEAMUSDT
2023-01-09 21:30:00,0.10840000,0.10850000,0.10760000,0.10790000,44137.00000000,BEAMUSDT
2023-01-09 21:45:00,0.10790000,0.10820000,0.10760000,0.10770000,18567.00000000,BEAMUSDT
2023-01-09 22:00:00,0.10770000,0.10810000,0.10760000,0.10790000,16801.00000000,BEAMUSDT
2023-01-09 22:15:00,0.10790000,0.10830000,0.10770000,0.10800000,21944.00000000,BEAMUSDT
2023-01-09 22:30:00,0.10840000,0.10920000,0.10810000,0.10860000,23070.00000000,BEAMUSDT
2023-01-09 22:45:00,0.10870000,0.10920000,0.10770000,0.10780000,97904.00000000,BEAMUSDT
2023-01-09 23:00:00,0.10820000,0.10830000,0.10770000,0.10770000,29965.00000000,BEAMUSDT
2023-01-09 23:15:00,0.10780000,0.10780000,0.10710000,0.10730000,59577.00000000,BEAMUSDT
2023-01-09 23:30:00,0.10730000,0.10810000,0.10720000,0.10770000,27828.00000000,BEAMUSDT
2023-01-09 23:45:00,0.10770000,0.10780000,0.10710000,0.10770000,39129.00000000,BEAMUSDT
2023-01-10 00:00:00,0.10770000,0.10900000,0.10730000,0.10860000,38081.00000000,BEAMUSDT
2023-01-10 00:15:00,0.10850000,0.10870000,0.10830000,0.10850000,20614.00000000,BEAMUSDT
2023-01-10 00:30:00,0.10850000,0.10910000,0.10850000,0.10880000,91692.00000000,BEAMUSDT
2023-01-10 00:45:00,0.10880000,0.10910000,0.10870000,0.10880000,11522.00000000,BEAMUSDT
2023-01-10 01:00:00,0.10880000,0.10900000,0.10870000,0.10880000,15893.00000000,BEAMUSDT
2023-01-10 01:15:00,0.10880000,0.10900000,0.10870000,0.10890000,28591.00000000,BEAMUSDT
2023-01-10 01:30:00,0.10890000,0.10900000,0.10880000,0.10880000,4675.00000000,BEAMUSDT
2023-01-10 01:45:00,0.10890000,0.10910000,0.10840000,0.10850000,14328.00000000,BEAMUSDT
2023-01-10 02:00:00,0.10850000,0.10850000,0.10830000,0.10840000,7114.00000000,BEAMUSDT
2023-01-10 02:15:00,0.10840000,0.10840000,0.10770000,0.10770000,23789.00000000,BEAMUSDT
2023-01-10 02:30:00,0.10770000,0.10780000,0.10720000,0.10720000,44759.00000000,BEAMUSDT
2023-01-10 02:45:00,0.10720000,0.10760000,0.10720000,0.10730000,30328.00000000,BEAMUSDT
2023-01-10 03:00:00,0.10740000,0.10760000,0.10720000,0.10720000,16004.00000000,BEAMUSDT
2023-01-10 03:15:00,0.10720000,0.10770000,0.10720000,0.10730000,12714.00000000,BEAMUSDT
2023-01-10 03:30:00,0.10730000,0.10800000,0.10730000,0.10790000,18015.00000000,BEAMUSDT
2023-01-10 03:45:00,0.10780000,0.10810000,0.10770000,0.10790000,17745.00000000,BEAMUSDT
2023-01-10 04:00:00,0.10790000,0.10820000,0.10790000,0.10790000,3798.00000000,BEAMUSDT
2023-01-10 04:15:00,0.10800000,0.10840000,0.10800000,0.10810000,18757.00000000,BEAMUSDT
2023-01-10 04:30:00,0.10810000,0.10810000,0.10780000,0.10780000,21816.00000000,BEAMUSDT
2023-01-10 04:45:00,0.10780000,0.10780000,0.10720000,0.10760000,58743.00000000,BEAMUSDT
2023-01-10 05:00:00,0.10760000,0.10780000,0.10730000,0.10730000,7211.00000000,BEAMUSDT
2023-01-10 05:15:00,0.10730000,0.10790000,0.10730000,0.10760000,19526.00000000,BEAMUSDT
2023-01-10 05:30:00,0.10760000,0.10780000,0.10740000,0.10750000,6006.00000000,BEAMUSDT
2023-01-10 05:45:00,0.10750000,0.10830000,0.10740000,0.10790000,40450.00000000,BEAMUSDT
2023-01-10 06:00:00,0.10790000,0.10820000,0.10760000,0.10760000,10013.00000000,BEAMUSDT
2023-01-10 06:15:00,0.10780000,0.10810000,0.10760000,0.10780000,32975.00000000,BEAMUSDT
2023-01-10 06:30:00,0.10780000,0.10800000,0.10740000,0.10740000,14543.00000000,BEAMUSDT
2023-01-10 06:45:00,0.10760000,0.10790000,0.10740000,0.10780000,4363.00000000,BEAMUSDT
2023-01-10 07:00:00,0.10790000,0.10810000,0.10730000,0.10770000,53823.00000000,BEAMUSDT
2023-01-10 07:15:00,0.10750000,0.10800000,0.10730000,0.10760000,42199.00000000,BEAMUSDT
2023-01-10 07:30:00,0.10740000,0.10800000,0.10730000,0.10770000,17679.00000000,BEAMUSDT
2023-01-10 07:45:00,0.10770000,0.10800000,0.10730000,0.10730000,36563.00000000,BEAMUSDT
2023-01-10 08:00:00,0.10750000,0.10760000,0.10720000,0.10740000,42576.00000000,BEAMUSDT
2023-01-10 08:15:00,0.10740000,0.11200000,0.10740000,0.10900000,502381.00000000,BEAMUSDT
2023-01-10 08:30:00,0.10900000,0.10900000,0.10790000,0.10800000,100308.00000000,BEAMUSDT
2023-01-10 08:45:00,0.10800000,0.10920000,0.10800000,0.10890000,55225.00000000,BEAMUSDT
2023-01-10 09:00:00,0.10890000,0.10910000,0.10860000,0.10880000,28881.00000000,BEAMUSDT
2023-01-10 09:15:00,0.10880000,0.10960000,0.10880000,0.10930000,43328.00000000,BEAMUSDT
2023-01-10 09:30:00,0.10930000,0.10970000,0.10860000,0.10870000,79830.00000000,BEAMUSDT
2023-01-10 09:45:00,0.10870000,0.10980000,0.10870000,0.10950000,55376.00000000,BEAMUSDT
2023-01-10 10:00:00,0.10980000,0.10980000,0.10890000,0.10930000,38428.00000000,BEAMUSDT
2023-01-10 10:15:00,0.10920000,0.10940000,0.10870000,0.10890000,29780.00000000,BEAMUSDT
2023-01-10 10:30:00,0.10880000,0.10880000,0.10830000,0.10850000,70751.00000000,BEAMUSDT
2023-01-10 10:45:00,0.10850000,0.10870000,0.10840000,0.10860000,16203.00000000,BEAMUSDT
2023-01-10 11:00:00,0.10860000,0.10910000,0.10850000,0.10860000,43714.00000000,BEAMUSDT
2023-01-10 11:15:00,0.10860000,0.10880000,0.10850000,0.10880000,12216.00000000,BEAMUSDT
2023-01-10 11:30:00,0.10860000,0.10880000,0.10830000,0.10840000,38571.00000000,BEAMUSDT
2023-01-10 11:45:00,0.10840000,0.10860000,0.10770000,0.10840000,103198.00000000,BEAMUSDT
2023-01-10 12:00:00,0.10810000,0.10840000,0.10800000,0.10820000,11024.00000000,BEAMUSDT
2023-01-10 12:15:00,0.10850000,0.10850000,0.10760000,0.10810000,45415.00000000,BEAMUSDT
2023-01-10 12:30:00,0.10800000,0.10870000,0.10760000,0.10800000,40666.00000000,BEAMUSDT
2023-01-10 12:45:00,0.10800000,0.10890000,0.10800000,0.10870000,47487.00000000,BEAMUSDT
2023-01-10 13:00:00,0.10850000,0.10870000,0.10790000,0.10820000,30358.00000000,BEAMUSDT
2023-01-10 13:15:00,0.10790000,0.10870000,0.10790000,0.10820000,17948.00000000,BEAMUSDT
2023-01-10 13:30:00,0.10820000,0.10860000,0.10800000,0.10800000,19517.00000000,BEAMUSDT
2023-01-10 13:45:00,0.10800000,0.10840000,0.10800000,0.10800000,12415.00000000,BEAMUSDT
2023-01-10 14:00:00,0.10800000,0.10860000,0.10800000,0.10830000,50102.00000000,BEAMUSDT
2023-01-10 14:15:00,0.10830000,0.10860000,0.10820000,0.10840000,14029.00000000,BEAMUSDT
2023-01-10 14:30:00,0.10840000,0.10880000,0.10840000,0.10850000,13760.00000000,BEAMUSDT
2023-01-10 14:45:00,0.10850000,0.10860000,0.10820000,0.10840000,11615.00000000,BEAMUSDT
2023-01-10 15:00:00,0.10840000,0.10880000,0.10820000,0.10860000,26882.00000000,BEAMUSDT
2023-01-10 15:15:00,0.10860000,0.10900000,0.10850000,0.10850000,35644.00000000,BEAMUSDT
2023-01-10 15:30:00,0.10850000,0.10920000,0.10850000,0.10860000,20356.00000000,BEAMUSDT
2023-01-10 15:45:00,0.10860000,0.10890000,0.10850000,0.10880000,4990.00000000,BEAMUSDT
2023-01-10 16:00:00,0.10850000,0.10910000,0.10850000,0.10870000,21284.00000000,BEAMUSDT
2023-01-10 16:15:00,0.10870000,0.10940000,0.10850000,0.10860000,58951.00000000,BEAMUSDT
2023-01-10 16:30:00,0.10860000,0.10920000,0.10820000,0.10820000,38036.00000000,BEAMUSDT
2023-01-10 16:45:00,0.10830000,0.10890000,0.10810000,0.10860000,20207.00000000,BEAMUSDT
2023-01-10 17:00:00,0.10860000,0.10910000,0.10860000,0.10890000,30500.00000000,BEAMUSDT
2023-01-10 17:15:00,0.10880000,0.10930000,0.10870000,0.10910000,18386.00000000,BEAMUSDT
2023-01-10 17:30:00,0.10880000,0.10910000,0.10860000,0.10910000,7053.00000000,BEAMUSDT
2023-01-10 17:45:00,0.10910000,0.10970000,0.10910000,0.10930000,33249.00000000,BEAMUSDT
2023-01-10 18:00:00,0.10930000,0.10930000,0.10850000,0.10850000,122490.00000000,BEAMUSDT
2023-01-10 18:15:00,0.10880000,0.10930000,0.10840000,0.10930000,45627.00000000,BEAMUSDT
2023-01-10 18:30:00,0.10920000,0.10940000,0.10920000,0.10920000,14065.00000000,BEAMUSDT
2023-01-10 18:45:00,0.10940000,0.10940000,0.10870000,0.10900000,42186.00000000,BEAMUSDT
2023-01-10 19:00:00,0.10890000,0.10900000,0.10850000,0.10890000,69837.00000000,BEAMUSDT
2023-01-10 19:15:00,0.10900000,0.10920000,0.10880000,0.10880000,5879.00000000,BEAMUSDT
2023-01-10 19:30:00,0.10870000,0.10930000,0.10870000,0.10920000,21014.00000000,BEAMUSDT
2023-01-10 19:45:00,0.10910000,0.11060000,0.10890000,0.10990000,149357.00000000,BEAMUSDT
2023-01-10 20:00:00,0.11020000,0.11030000,0.10960000,0.10970000,78972.00000000,BEAMUSDT
2023-01-10 20:15:00,0.10960000,0.11030000,0.10920000,0.10970000,52982.00000000,BEAMUSDT
2023-01-10 20:30:00,0.10940000,0.10940000,0.10870000,0.10920000,54927.00000000,BEAMUSDT
2023-01-10 20:45:00,0.10890000,0.10950000,0.10890000,0.10920000,11771.00000000,BEAMUSDT
2023-01-10 21:00:00,0.10940000,0.10940000,0.10890000,0.10930000,19495.00000000,BEAMUSDT
2023-01-10 21:15:00,0.10930000,0.10950000,0.10910000,0.10940000,19265.00000000,BEAMUSDT
2023-01-10 21:30:00,0.10930000,0.10960000,0.10900000,0.10960000,52785.00000000,BEAMUSDT
2023-01-10 21:45:00,0.10930000,0.10970000,0.10900000,0.10950000,34486.00000000,BEAMUSDT
2023-01-10 22:00:00,0.10940000,0.10940000,0.10880000,0.10900000,18247.00000000,BEAMUSDT
2023-01-10 22:15:00,0.10900000,0.10910000,0.10870000,0.10910000,22696.00000000,BEAMUSDT
2023-01-10 22:30:00,0.10890000,0.10890000,0.10880000,0.10880000,3600.00000000,BEAMUSDT
2023-01-10 22:45:00,0.10880000,0.10920000,0.10880000,0.10900000,5097.00000000,BEAMUSDT
2023-01-10 23:00:00,0.10920000,0.10970000,0.10900000,0.10920000,54259.00000000,BEAMUSDT
2023-01-10 23:15:00,0.10920000,0.10920000,0.10890000,0.10900000,31002.00000000,BEAMUSDT
2023-01-10 23:30:00,0.10900000,0.10920000,0.10880000,0.10890000,47865.00000000,BEAMUSDT
2023-01-10 23:45:00,0.10870000,0.10890000,0.10810000,0.10890000,149191.00000000,BEAMUSDT
2023-01-11 00:00:00,0.10870000,0.10880000,0.10840000,0.10850000,9811.00000000,BEAMUSDT
2023-01-11 00:15:00,0.10880000,0.10900000,0.10830000,0.10850000,49834.00000000,BEAMUSDT
2023-01-11 00:30:00,0.10850000,0.10860000,0.10820000,0.10860000,11083.00000000,BEAMUSDT
2023-01-11 00:45:00,0.10850000,0.10860000,0.10830000,0.10860000,11440.00000000,BEAMUSDT
2023-01-11 01:00:00,0.10860000,0.10890000,0.10860000,0.10890000,12544.00000000,BEAMUSDT
2023-01-11 01:15:00,0.10890000,0.10890000,0.10860000,0.10860000,7933.00000000,BEAMUSDT
2023-01-11 01:30:00,0.10860000,0.10880000,0.10860000,0.10870000,29275.00000000,BEAMUSDT
2023-01-11 01:45:00,0.10870000,0.10890000,0.10860000,0.10890000,1076.00000000,BEAMUSDT
2023-01-11 02:00:00,0.10880000,0.10900000,0.10860000,0.10890000,15333.00000000,BEAMUSDT
2023-01-11 02:15:00,0.10890000,0.10890000,0.10810000,0.10840000,28318.00000000,BEAMUSDT
2023-01-11 02:30:00,0.10820000,0.10870000,0.10820000,0.10820000,10354.00000000,BEAMUSDT
2023-01-11 02:45:00,0.10850000,0.10860000,0.10830000,0.10850000,16419.00000000,BEAMUSDT
2023-01-11 03:00:00,0.10850000,0.10860000,0.10800000,0.10810000,34672.00000000,BEAMUSDT
2023-01-11 03:15:00,0.10810000,0.10840000,0.10790000,0.10800000,15365.00000000,BEAMUSDT
2023-01-11 03:30:00,0.10800000,0.10830000,0.10790000,0.10820000,12795.00000000,BEAMUSDT
2023-01-11 03:45:00,0.10790000,0.10810000,0.10790000,0.10810000,6810.00000000,BEAMUSDT
2023-01-11 04:00:00,0.10790000,0.10820000,0.10770000,0.10820000,19659.00000000,BEAMUSDT
2023-01-11 04:15:00,0.10810000,0.10830000,0.10780000,0.10820000,15718.00000000,BEAMUSDT
2023-01-11 04:30:00,0.10790000,0.10790000,0.10770000,0.10790000,38012.00000000,BEAMUSDT
2023-01-11 04:45:00,0.10790000,0.10810000,0.10750000,0.10790000,24381.00000000,BEAMUSDT
2023-01-11 05:00:00,0.10790000,0.10800000,0.10770000,0.10800000,2108.00000000,BEAMUSDT
2023-01-11 05:15:00,0.10770000,0.10800000,0.10770000,0.10800000,2554.00000000,BEAMUSDT
2023-01-11 05:30:00,0.10810000,0.10820000,0.10790000,0.10810000,2949.00000000,BEAMUSDT
2023-01-11 05:45:00,0.10830000,0.10860000,0.10820000,0.10860000,33024.00000000,BEAMUSDT
2023-01-11 06:00:00,0.10860000,0.10910000,0.10810000,0.10850000,146610.00000000,BEAMUSDT
2023-01-11 06:15:00,0.10840000,0.10860000,0.10810000,0.10830000,22597.00000000,BEAMUSDT
2023-01-11 06:30:00,0.10850000,0.10850000,0.10820000,0.10850000,18615.00000000,BEAMUSDT
2023-01-11 06:45:00,0.10830000,0.10840000,0.10820000,0.10840000,5436.00000000,BEAMUSDT
2023-01-11 07:00:00,0.10840000,0.10950000,0.10820000,0.10850000,45832.00000000,BEAMUSDT
2023-01-11 07:15:00,0.10850000,0.10980000,0.10840000,0.10900000,44606.00000000,BEAMUSDT
2023-01-11 07:30:00,0.10910000,0.10940000,0.10870000,0.10900000,6247.00000000,BEAMUSDT
2023-01-11 07:45:00,0.10870000,0.10900000,0.10860000,0.10900000,4710.00000000,BEAMUSDT
2023-01-11 08:00:00,0.10900000,0.10940000,0.10900000,0.10900000,25738.00000000,BEAMUSDT
2023-01-11 08:15:00,0.10930000,0.10930000,0.10840000,0.10880000,33352.00000000,BEAMUSDT
2023-01-11 08:30:00,0.10880000,0.10880000,0.10840000,0.10850000,14897.00000000,BEAMUSDT
2023-01-11 08:45:00,0.10880000,0.10880000,0.10850000,0.10860000,13712.00000000,BEAMUSDT
2023-01-11 09:00:00,0.10880000,0.10900000,0.10860000,0.10870000,16856.00000000,BEAMUSDT
2023-01-11 09:15:00,0.10850000,0.10890000,0.10850000,0.10870000,29956.00000000,BEAMUSDT
2023-01-11 09:30:00,0.10870000,0.10890000,0.10850000,0.10860000,14509.00000000,BEAMUSDT
2023-01-11 09:45:00,0.10880000,0.10940000,0.10860000,0.10940000,22020.00000000,BEAMUSDT
2023-01-11 10:00:00,0.10900000,0.10930000,0.10860000,0.10900000,11847.00000000,BEAMUSDT
2023-01-11 10:15:00,0.10930000,0.10930000,0.10870000,0.10920000,69157.00000000,BEAMUSDT
2023-01-11 10:30:00,0.10920000,0.10920000,0.10900000,0.10900000,31203.00000000,BEAMUSDT
2023-01-11 10:45:00,0.10920000,0.10930000,0.10900000,0.10900000,2447.00000000,BEAMUSDT
2023-01-11 11:00:00,0.10910000,0.10910000,0.10860000,0.10860000,41006.00000000,BEAMUSDT
2023-01-11 11:15:00,0.10880000,0.10890000,0.10880000,0.10890000,15054.00000000,BEAMUSDT
2023-01-11 11:30:00,0.10890000,0.10940000,0.10860000,0.10860000,79663.00000000,BEAMUSDT
2023-01-11 11:45:00,0.10880000,0.10900000,0.10860000,0.10900000,12298.00000000,BEAMUSDT
2023-01-11 12:00:00,0.10900000,0.10920000,0.10870000,0.10900000,16886.00000000,BEAMUSDT
2023-01-11 12:15:00,0.10900000,0.10900000,0.10860000,0.10890000,80003.00000000,BEAMUSDT
2023-01-11 12:30:00,0.10880000,0.10900000,0.10860000,0.10900000,15788.00000000,BEAMUSDT
2023-01-11 12:45:00,0.10870000,0.10900000,0.10860000,0.10900000,80913.00000000,BEAMUSDT
2023-01-11 13:00:00,0.10870000,0.10930000,0.10870000,0.10890000,28437.00000000,BEAMUSDT
2023-01-11 13:15:00,0.10920000,0.10970000,0.10910000,0.10950000,91708.00000000,BEAMUSDT
2023-01-11 13:30:00,0.10950000,0.11120000,0.10930000,0.11070000,332590.00000000,BEAMUSDT
2023-01-11 13:45:00,0.11080000,0.11150000,0.11030000,0.11150000,440867.00000000,BEAMUSDT
2023-01-11 14:00:00,0.11130000,0.11150000,0.10980000,0.11050000,301999.00000000,BEAMUSDT
2023-01-11 14:15:00,0.11050000,0.11100000,0.10950000,0.10980000,61621.00000000,BEAMUSDT
2023-01-11 14:30:00,0.10990000,0.11230000,0.10970000,0.11190000,195919.00000000,BEAMUSDT
2023-01-11 14:45:00,0.11200000,0.11280000,0.11060000,0.11100000,340929.00000000,BEAMUSDT
2023-01-11 15:00:00,0.11110000,0.11230000,0.11110000,0.11180000,71334.00000000,BEAMUSDT
2023-01-11 15:15:00,0.11180000,0.11200000,0.11090000,0.11150000,88622.00000000,BEAMUSDT
2023-01-11 15:30:00,0.11110000,0.11160000,0.11070000,0.11090000,59114.00000000,BEAMUSDT
2023-01-11 15:45:00,0.11120000,0.11120000,0.11000000,0.11020000,159275.00000000,BEAMUSDT
2023-01-11 16:00:00,0.11000000,0.11100000,0.10970000,0.11040000,68892.00000000,BEAMUSDT
2023-01-11 16:15:00,0.11080000,0.11220000,0.11060000,0.11080000,173717.00000000,BEAMUSDT
2023-01-11 16:30:00,0.11100000,0.11130000,0.11070000,0.11090000,74155.00000000,BEAMUSDT
2023-01-11 16:45:00,0.11090000,0.11110000,0.11020000,0.11040000,55771.00000000,BEAMUSDT
2023-01-11 17:00:00,0.11040000,0.11270000,0.11020000,0.11200000,226101.00000000,BEAMUSDT
2023-01-11 17:15:00,0.11220000,0.11280000,0.11200000,0.11260000,161986.00000000,BEAMUSDT
2023-01-11 17:30:00,0.11250000,0.11250000,0.11150000,0.11220000,57320.00000000,BEAMUSDT
2023-01-11 17:45:00,0.11190000,0.11630000,0.11120000,0.11450000,1421043.00000000,BEAMUSDT
2023-01-11 18:00:00,0.11450000,0.11530000,0.11150000,0.11330000,966326.00000000,BEAMUSDT
2023-01-11 18:15:00,0.11340000,0.11370000,0.11220000,0.11310000,173761.00000000,BEAMUSDT
2023-01-11 18:30:00,0.11290000,0.11330000,0.11170000,0.11270000,172822.00000000,BEAMUSDT
2023-01-11 18:45:00,0.11270000,0.11270000,0.11160000,0.11220000,150314.00000000,BEAMUSDT
2023-01-11 19:00:00,0.11220000,0.11230000,0.11150000,0.11210000,118989.00000000,BEAMUSDT
2023-01-11 19:15:00,0.11180000,0.11240000,0.11120000,0.11200000,122775.00000000,BEAMUSDT
2023-01-11 19:30:00,0.11190000,0.11200000,0.11150000,0.11190000,71244.00000000,BEAMUSDT
2023-01-11 19:45:00,0.11190000,0.11260000,0.11180000,0.11240000,89008.00000000,BEAMUSDT
2023-01-11 20:00:00,0.11220000,0.11250000,0.11180000,0.11210000,71337.00000000,BEAMUSDT
2023-01-11 20:15:00,0.11200000,0.11200000,0.11120000,0.11190000,77863.00000000,BEAMUSDT
2023-01-11 20:30:00,0.11160000,0.11190000,0.11160000,0.11160000,10896.00000000,BEAMUSDT
2023-01-11 20:45:00,0.11140000,0.11180000,0.11100000,0.11160000,198626.00000000,BEAMUSDT
2023-01-11 21:00:00,0.11130000,0.11200000,0.11100000,0.11140000,155878.00000000,BEAMUSDT
2023-01-11 21:15:00,0.11130000,0.11200000,0.11040000,0.11200000,243240.00000000,BEAMUSDT
2023-01-11 21:30:00,0.11170000,0.11200000,0.11030000,0.11090000,276330.00000000,BEAMUSDT
2023-01-11 21:45:00,0.11070000,0.11120000,0.11000000,0.11090000,233001.00000000,BEAMUSDT
2023-01-11 22:00:00,0.11060000,0.11120000,0.11060000,0.11110000,58349.00000000,BEAMUSDT
2023-01-11 22:15:00,0.11110000,0.11120000,0.10940000,0.11050000,232394.00000000,BEAMUSDT
2023-01-11 22:30:00,0.11020000,0.11050000,0.11010000,0.11050000,13843.00000000,BEAMUSDT
2023-01-11 22:45:00,0.11030000,0.11110000,0.11030000,0.11100000,38165.00000000,BEAMUSDT
2023-01-11 23:00:00,0.11120000,0.11200000,0.11100000,0.11150000,68754.00000000,BEAMUSDT
2023-01-11 23:15:00,0.11180000,0.11270000,0.11150000,0.11230000,41272.00000000,BEAMUSDT
2023-01-11 23:30:00,0.11230000,0.11280000,0.11150000,0.11230000,134031.00000000,BEAMUSDT
2023-01-11 23:45:00,0.11210000,0.11300000,0.11140000,0.11240000,175921.00000000,BEAMUSDT
2023-01-12 00:00:00,0.11240000,0.11240000,0.11150000,0.11210000,130986.00000000,BEAMUSDT
2023-01-12 00:15:00,0.11200000,0.11200000,0.11140000,0.11180000,115102.00000000,BEAMUSDT
2023-01-12 00:30:00,0.11180000,0.11190000,0.11150000,0.11170000,52859.00000000,BEAMUSDT
2023-01-12 00:45:00,0.11200000,0.11250000,0.11200000,0.11250000,32423.00000000,BEAMUSDT
2023-01-12 01:00:00,0.11250000,0.11330000,0.11240000,0.11300000,163691.00000000,BEAMUSDT
2023-01-12 01:15:00,0.11260000,0.11280000,0.11220000,0.11260000,28939.00000000,BEAMUSDT
2023-01-12 01:30:00,0.11260000,0.11260000,0.11190000,0.11230000,14562.00000000,BEAMUSDT
2023-01-12 01:45:00,0.11200000,0.11250000,0.11130000,0.11190000,63379.00000000,BEAMUSDT
2023-01-12 02:00:00,0.11230000,0.11240000,0.11210000,0.11210000,45555.00000000,BEAMUSDT
2023-01-12 02:15:00,0.11190000,0.11260000,0.11180000,0.11250000,154991.00000000,BEAMUSDT
2023-01-12 02:30:00,0.11260000,0.11300000,0.11220000,0.11270000,59378.00000000,BEAMUSDT
2023-01-12 02:45:00,0.11300000,0.11320000,0.11220000,0.11250000,67992.00000000,BEAMUSDT
2023-01-12 03:00:00,0.11260000,0.11280000,0.11220000,0.11280000,68920.00000000,BEAMUSDT
2023-01-12 03:15:00,0.11290000,0.11290000,0.11220000,0.11270000,25813.00000000,BEAMUSDT
2023-01-12 03:30:00,0.11270000,0.11290000,0.11230000,0.11260000,66240.00000000,BEAMUSDT
2023-01-12 03:45:00,0.11250000,0.11290000,0.11230000,0.11250000,22983.00000000,BEAMUSDT
2023-01-12 04:00:00,0.11250000,0.11270000,0.11170000,0.11200000,86213.00000000,BEAMUSDT
2023-01-12 04:15:00,0.11200000,0.11200000,0.11140000,0.11180000,44581.00000000,BEAMUSDT
2023-01-12 04:30:00,0.11180000,0.11210000,0.11150000,0.11150000,39480.00000000,BEAMUSDT
2023-01-12 04:45:00,0.11150000,0.11170000,0.11130000,0.11140000,35629.00000000,BEAMUSDT
2023-01-12 05:00:00,0.11150000,0.11150000,0.11120000,0.11150000,37631.00000000,BEAMUSDT
2023-01-12 05:15:00,0.11130000,0.11150000,0.11110000,0.11110000,31406.00000000,BEAMUSDT
2023-01-12 05:30:00,0.11120000,0.11200000,0.11110000,0.11170000,33049.00000000,BEAMUSDT
2023-01-12 05:45:00,0.11190000,0.11200000,0.11090000,0.11090000,43555.00000000,BEAMUSDT
2023-01-12 06:00:00,0.11090000,0.11150000,0.11090000,0.11140000,51920.00000000,BEAMUSDT
2023-01-12 06:15:00,0.11140000,0.11250000,0.11140000,0.11180000,65917.00000000,BEAMUSDT
2023-01-12 06:30:00,0.11180000,0.11180000,0.11100000,0.11150000,39863.00000000,BEAMUSDT
2023-01-12 06:45:00,0.11160000,0.11190000,0.11160000,0.11160000,7826.00000000,BEAMUSDT
2023-01-12 07:00:00,0.11160000,0.11170000,0.11160000,0.11170000,10774.00000000,BEAMUSDT
2023-01-12 07:15:00,0.11180000,0.11210000,0.11180000,0.11190000,12036.00000000,BEAMUSDT
2023-01-12 07:30:00,0.11200000,0.11250000,0.11190000,0.11200000,41729.00000000,BEAMUSDT
2023-01-12 07:45:00,0.11200000,0.11240000,0.11200000,0.11240000,23253.00000000,BEAMUSDT
2023-01-12 08:00:00,0.11240000,0.11240000,0.11100000,0.11150000,102830.00000000,BEAMUSDT
2023-01-12 08:15:00,0.11140000,0.11140000,0.11070000,0.11100000,72608.00000000,BEAMUSDT
2023-01-12 08:30:00,0.11110000,0.11120000,0.11080000,0.11110000,25502.00000000,BEAMUSDT
2023-01-12 08:45:00,0.11080000,0.11080000,0.10960000,0.11050000,163627.00000000,BEAMUSDT
2023-01-12 09:00:00,0.11050000,0.11130000,0.11020000,0.11070000,53009.00000000,BEAMUSDT
2023-01-12 09:15:00,0.11050000,0.11080000,0.11040000,0.11070000,10928.00000000,BEAMUSDT
2023-01-12 09:30:00,0.11070000,0.11080000,0.11030000,0.11040000,22805.00000000,BEAMUSDT
2023-01-12 09:45:00,0.11040000,0.11070000,0.11040000,0.11070000,13061.00000000,BEAMUSDT
2023-01-12 10:00:00,0.11060000,0.11060000,0.11010000,0.11020000,33520.00000000,BEAMUSDT
2023-01-12 10:15:00,0.11040000,0.11050000,0.10990000,0.11030000,71669.00000000,BEAMUSDT
2023-01-12 10:30:00,0.11030000,0.11050000,0.11030000,0.11030000,7229.00000000,BEAMUSDT
2023-01-12 10:45:00,0.11030000,0.11030000,0.10950000,0.10990000,54625.00000000,BEAMUSDT
2023-01-12 11:00:00,0.10980000,0.10980000,0.10950000,0.10960000,33761.00000000,BEAMUSDT
2023-01-12 11:15:00,0.10960000,0.10980000,0.10870000,0.10880000,149922.00000000,BEAMUSDT
2023-01-12 11:30:00,0.10930000,0.10950000,0.10900000,0.10940000,236609.00000000,BEAMUSDT
2023-01-12 11:45:00,0.10960000,0.10990000,0.10940000,0.10990000,30086.00000000,BEAMUSDT
2023-01-12 12:00:00,0.10990000,0.11120000,0.10990000,0.11070000,187295.00000000,BEAMUSDT
2023-01-12 12:15:00,0.11070000,0.11090000,0.11030000,0.11070000,58931.00000000,BEAMUSDT
2023-01-12 12:30:00,0.11060000,0.11060000,0.10990000,0.11040000,32638.00000000,BEAMUSDT
2023-01-12 12:45:00,0.11040000,0.11050000,0.11040000,0.11050000,6174.00000000,BEAMUSDT
2023-01-12 13:00:00,0.11050000,0.11100000,0.11020000,0.11050000,47484.00000000,BEAMUSDT
2023-01-12 13:15:00,0.11050000,0.11050000,0.10950000,0.11020000,38508.00000000,BEAMUSDT
2023-01-12 13:30:00,0.10970000,0.11020000,0.10960000,0.10990000,42435.00000000,BEAMUSDT
2023-01-12 13:45:00,0.11000000,0.11120000,0.11000000,0.11120000,94942.00000000,BEAMUSDT
2023-01-12 14:00:00,0.11120000,0.11170000,0.11100000,0.11100000,106308.00000000,BEAMUSDT
2023-01-12 14:15:00,0.11110000,0.11120000,0.11010000,0.11060000,102527.00000000,BEAMUSDT
2023-01-12 14:30:00,0.11040000,0.11040000,0.10990000,0.10990000,32996.00000000,BEAMUSDT
2023-01-12 14:45:00,0.10990000,0.11030000,0.10950000,0.10990000,129597.00000000,BEAMUSDT
2023-01-12 15:00:00,0.10960000,0.11030000,0.10960000,0.11020000,57767.00000000,BEAMUSDT
2023-01-12 15:15:00,0.11020000,0.11080000,0.11010000,0.11040000,79069.00000000,BEAMUSDT
2023-01-12 15:30:00,0.11040000,0.11080000,0.11040000,0.11080000,12440.00000000,BEAMUSDT
2023-01-12 15:45:00,0.11050000,0.11070000,0.11000000,0.11000000,23031.00000000,BEAMUSDT
2023-01-12 16:00:00,0.11040000,0.11070000,0.11030000,0.11070000,14209.00000000,BEAMUSDT
2023-01-12 16:15:00,0.11040000,0.11070000,0.11010000,0.11060000,44228.00000000,BEAMUSDT
2023-01-12 16:30:00,0.11060000,0.11070000,0.11050000,0.11060000,18877.00000000,BEAMUSDT
2023-01-12 16:45:00,0.11050000,0.11060000,0.11030000,0.11050000,27519.00000000,BEAMUSDT
2023-01-12 17:00:00,0.11040000,0.11080000,0.11040000,0.11080000,80676.00000000,BEAMUSDT
2023-01-12 17:15:00,0.11070000,0.11210000,0.11070000,0.11120000,290749.00000000,BEAMUSDT
2023-01-12 17:30:00,0.11120000,0.11260000,0.11120000,0.11160000,184500.00000000,BEAMUSDT
2023-01-12 17:45:00,0.11170000,0.11230000,0.11100000,0.11230000,250463.00000000,BEAMUSDT
2023-01-12 18:00:00,0.11240000,0.11310000,0.11200000,0.11210000,184438.00000000,BEAMUSDT
2023-01-12 18:15:00,0.11240000,0.11400000,0.11220000,0.11240000,190126.00000000,BEAMUSDT
2023-01-12 18:30:00,0.11220000,0.11290000,0.11220000,0.11270000,60520.00000000,BEAMUSDT
2023-01-12 18:45:00,0.11290000,0.11330000,0.11270000,0.11320000,55412.00000000,BEAMUSDT
2023-01-12 19:00:00,0.11320000,0.11440000,0.11300000,0.11360000,363858.00000000,BEAMUSDT
2023-01-12 19:15:00,0.11370000,0.11390000,0.11280000,0.11290000,45492.00000000,BEAMUSDT
2023-01-12 19:30:00,0.11310000,0.11380000,0.11260000,0.11370000,37298.00000000,BEAMUSDT
2023-01-12 19:45:00,0.11350000,0.11380000,0.11330000,0.11360000,57328.00000000,BEAMUSDT
2023-01-12 20:00:00,0.11360000,0.11410000,0.11350000,0.11350000,23603.00000000,BEAMUSDT
2023-01-12 20:15:00,0.11350000,0.11400000,0.11350000,0.11350000,27002.00000000,BEAMUSDT
2023-01-12 20:30:00,0.11350000,0.11400000,0.11350000,0.11360000,17605.00000000,BEAMUSDT
2023-01-12 20:45:00,0.11360000,0.11410000,0.11360000,0.11390000,41691.00000000,BEAMUSDT
2023-01-12 21:00:00,0.11390000,0.11410000,0.11350000,0.11350000,65955.00000000,BEAMUSDT
2023-01-12 21:15:00,0.11350000,0.11350000,0.11240000,0.11290000,123373.00000000,BEAMUSDT
2023-01-12 21:30:00,0.11260000,0.11330000,0.11240000,0.11330000,57194.00000000,BEAMUSDT
2023-01-12 21:45:00,0.11340000,0.11410000,0.11250000,0.11300000,110643.00000000,BEAMUSDT
2023-01-12 22:00:00,0.11300000,0.11350000,0.11220000,0.11260000,30273.00000000,BEAMUSDT
2023-01-12 22:15:00,0.11230000,0.11260000,0.11210000,0.11250000,13693.00000000,BEAMUSDT
2023-01-12 22:30:00,0.11240000,0.11250000,0.11240000,0.11250000,3418.00000000,BEAMUSDT
2023-01-12 22:45:00,0.11250000,0.11260000,0.11210000,0.11230000,23661.00000000,BEAMUSDT
2023-01-12 23:00:00,0.11220000,0.11290000,0.11190000,0.11290000,72654.00000000,BEAMUSDT
2023-01-12 23:15:00,0.11290000,0.11290000,0.11240000,0.11270000,42989.00000000,BEAMUSDT
2023-01-12 23:30:00,0.11260000,0.11280000,0.11250000,0.11260000,28834.00000000,BEAMUSDT
2023-01-12 23:45:00,0.11260000,0.11290000,0.11250000,0.11250000,34623.00000000,BEAMUSDT
2023-01-13 00:00:00,0.11250000,0.11320000,0.11250000,0.11310000,29192.00000000,BEAMUSDT
2023-01-13 00:15:00,0.11310000,0.11350000,0.11310000,0.11320000,21819.00000000,BEAMUSDT
2023-01-13 00:30:00,0.11330000,0.11330000,0.11270000,0.11270000,32810.00000000,BEAMUSDT
2023-01-13 00:45:00,0.11250000,0.11280000,0.11250000,0.11280000,13729.00000000,BEAMUSDT
2023-01-13 01:00:00,0.11270000,0.11290000,0.11240000,0.11250000,40961.00000000,BEAMUSDT
2023-01-13 01:15:00,0.11250000,0.11260000,0.11250000,0.11250000,1480.00000000,BEAMUSDT
2023-01-13 01:30:00,0.11250000,0.11260000,0.11230000,0.11250000,25455.00000000,BEAMUSDT
2023-01-13 01:45:00,0.11230000,0.11270000,0.11230000,0.11260000,14041.00000000,BEAMUSDT
2023-01-13 02:00:00,0.11270000,0.11280000,0.11250000,0.11250000,16538.00000000,BEAMUSDT
2023-01-13 02:15:00,0.11250000,0.11270000,0.11250000,0.11270000,15448.00000000,BEAMUSDT
2023-01-13 02:30:00,0.11250000,0.11280000,0.11250000,0.11280000,16182.00000000,BEAMUSDT
2023-01-13 02:45:00,0.11280000,0.11320000,0.11270000,0.11320000,29886.00000000,BEAMUSDT
2023-01-13 03:00:00,0.11320000,0.11320000,0.11290000,0.11310000,20008.00000000,BEAMUSDT
2023-01-13 03:15:00,0.11310000,0.11330000,0.11310000,0.11330000,5783.00000000,BEAMUSDT
2023-01-13 03:30:00,0.11330000,0.11440000,0.11330000,0.11390000,261082.00000000,BEAMUSDT
2023-01-13 03:45:00,0.11410000,0.11410000,0.11380000,0.11400000,5034.00000000,BEAMUSDT
2023-01-13 04:00:00,0.11380000,0.11400000,0.11380000,0.11380000,1749.00000000,BEAMUSDT
2023-01-13 04:15:00,0.11400000,0.11400000,0.11360000,0.11370000,7580.00000000,BEAMUSDT
2023-01-13 04:30:00,0.11390000,0.11390000,0.11360000,0.11380000,4044.00000000,BEAMUSDT
2023-01-13 04:45:00,0.11370000,0.11370000,0.11360000,0.11370000,2609.00000000,BEAMUSDT
2023-01-13 05:00:00,0.11370000,0.11370000,0.11310000,0.11340000,49962.00000000,BEAMUSDT
2023-01-13 05:15:00,0.11330000,0.11390000,0.11330000,0.11340000,31127.00000000,BEAMUSDT
2023-01-13 05:30:00,0.11350000,0.11350000,0.11290000,0.11290000,26645.00000000,BEAMUSDT
2023-01-13 05:45:00,0.11290000,0.11290000,0.11250000,0.11260000,112585.00000000,BEAMUSDT
2023-01-13 06:00:00,0.11260000,0.11300000,0.11260000,0.11260000,18755.00000000,BEAMUSDT
2023-01-13 06:15:00,0.11260000,0.11290000,0.11250000,0.11270000,38415.00000000,BEAMUSDT
2023-01-13 06:30:00,0.11290000,0.11330000,0.11290000,0.11330000,13418.00000000,BEAMUSDT
2023-01-13 06:45:00,0.11300000,0.11330000,0.11290000,0.11290000,17506.00000000,BEAMUSDT
2023-01-13 07:00:00,0.11290000,0.11290000,0.11270000,0.11280000,9765.00000000,BEAMUSDT
2023-01-13 07:15:00,0.11280000,0.11290000,0.11260000,0.11260000,31588.00000000,BEAMUSDT
2023-01-13 07:30:00,0.11260000,0.11280000,0.11260000,0.11280000,21190.00000000,BEAMUSDT
2023-01-13 07:45:00,0.11270000,0.11290000,0.11260000,0.11290000,10994.00000000,BEAMUSDT
2023-01-13 08:00:00,0.11290000,0.11290000,0.11250000,0.11270000,28263.00000000,BEAMUSDT
2023-01-13 08:15:00,0.11260000,0.11300000,0.11250000,0.11300000,82604.00000000,BEAMUSDT
2023-01-13 08:30:00,0.11300000,0.11300000,0.11280000,0.11280000,23883.00000000,BEAMUSDT
2023-01-13 08:45:00,0.11300000,0.11320000,0.11280000,0.11320000,11632.00000000,BEAMUSDT
2023-01-13 09:00:00,0.11320000,0.11320000,0.11320000,0.11320000,9703.00000000,BEAMUSDT
2023-01-13 09:15:00,0.11340000,0.11350000,0.11330000,0.11340000,18454.00000000,BEAMUSDT
2023-01-13 09:30:00,0.11340000,0.11360000,0.11310000,0.11330000,16528.00000000,BEAMUSDT
2023-01-13 09:45:00,0.11330000,0.11380000,0.11330000,0.11370000,61961.00000000,BEAMUSDT
2023-01-13 10:00:00,0.11360000,0.11420000,0.11360000,0.11380000,64776.00000000,BEAMUSDT
2023-01-13 10:15:00,0.11370000,0.11440000,0.11350000,0.11430000,73182.00000000,BEAMUSDT
2023-01-13 10:30:00,0.11440000,0.11760000,0.11420000,0.11660000,1511268.00000000,BEAMUSDT
2023-01-13 10:45:00,0.11640000,0.11730000,0.11640000,0.11680000,382633.00000000,BEAMUSDT
2023-01-13 11:00:00,0.11680000,0.11700000,0.11650000,0.11690000,125504.00000000,BEAMUSDT
2023-01-13 11:15:00,0.11670000,0.11690000,0.11570000,0.11620000,255816.00000000,BEAMUSDT
2023-01-13 11:30:00,0.11590000,0.11650000,0.11560000,0.11570000,124721.00000000,BEAMUSDT
2023-01-13 11:45:00,0.11570000,0.11630000,0.11520000,0.11540000,105905.00000000,BEAMUSDT
2023-01-13 12:00:00,0.11540000,0.11570000,0.11500000,0.11540000,116321.00000000,BEAMUSDT
2023-01-13 12:15:00,0.11560000,0.11610000,0.11550000,0.11590000,59902.00000000,BEAMUSDT
2023-01-13 12:30:00,0.11590000,0.11620000,0.11570000,0.11590000,20002.00000000,BEAMUSDT
2023-01-13 12:45:00,0.11610000,0.11620000,0.11510000,0.11580000,88583.00000000,BEAMUSDT
2023-01-13 13:00:00,0.11580000,0.11580000,0.11460000,0.11490000,171288.00000000,BEAMUSDT
2023-01-13 13:15:00,0.11490000,0.11540000,0.11450000,0.11540000,98934.00000000,BEAMUSDT
2023-01-13 13:30:00,0.11540000,0.11550000,0.11510000,0.11510000,29465.00000000,BEAMUSDT
2023-01-13 13:45:00,0.11530000,0.11540000,0.11500000,0.11540000,13850.00000000,BEAMUSDT
2023-01-13 14:00:00,0.11510000,0.11530000,0.11490000,0.11530000,14171.00000000,BEAMUSDT
2023-01-13 14:15:00,0.11530000,0.11650000,0.11530000,0.11620000,116611.00000000,BEAMUSDT
2023-01-13 14:30:00,0.11620000,0.11630000,0.11580000,0.11610000,18725.00000000,BEAMUSDT
2023-01-13 14:45:00,0.11590000,0.11620000,0.11570000,0.11600000,65282.00000000,BEAMUSDT
2023-01-13 15:00:00,0.11610000,0.11670000,0.11460000,0.11530000,323764.00000000,BEAMUSDT
2023-01-13 15:15:00,0.11540000,0.11610000,0.11480000,0.11550000,94667.00000000,BEAMUSDT
2023-01-13 15:30:00,0.11560000,0.11580000,0.11540000,0.11550000,49716.00000000,BEAMUSDT
2023-01-13 15:45:00,0.11570000,0.11570000,0.11460000,0.11540000,121489.00000000,BEAMUSDT
2023-01-13 16:00:00,0.11550000,0.11570000,0.11450000,0.11490000,69757.00000000,BEAMUSDT
2023-01-13 16:15:00,0.11500000,0.11550000,0.11490000,0.11550000,24141.00000000,BEAMUSDT
2023-01-13 16:30:00,0.11530000,0.11560000,0.11520000,0.11540000,90601.00000000,BEAMUSDT
2023-01-13 16:45:00,0.11540000,0.11550000,0.11490000,0.11490000,44533.00000000,BEAMUSDT
2023-01-13 17:00:00,0.11520000,0.11530000,0.11510000,0.11530000,19157.00000000,BEAMUSDT
2023-01-13 17:15:00,0.11520000,0.11580000,0.11480000,0.11560000,128640.00000000,BEAMUSDT
2023-01-13 17:30:00,0.11540000,0.11570000,0.11480000,0.11510000,44738.00000000,BEAMUSDT
2023-01-13 17:45:00,0.11490000,0.11550000,0.11490000,0.11540000,34492.00000000,BEAMUSDT
2023-01-13 18:00:00,0.11550000,0.11580000,0.11520000,0.11570000,67887.00000000,BEAMUSDT
2023-01-13 18:15:00,0.11560000,0.11670000,0.11560000,0.11580000,166804.00000000,BEAMUSDT
2023-01-13 18:30:00,0.11590000,0.11620000,0.11570000,0.11590000,92122.00000000,BEAMUSDT
2023-01-13 18:45:00,0.11590000,0.11600000,0.11470000,0.11600000,158334.00000000,BEAMUSDT
2023-01-13 19:00:00,0.11580000,0.11640000,0.11480000,0.11550000,190199.00000000,BEAMUSDT
2023-01-13 19:15:00,0.11560000,0.11570000,0.11510000,0.11540000,77716.00000000,BEAMUSDT
2023-01-13 19:30:00,0.11530000,0.11560000,0.11510000,0.11530000,10425.00000000,BEAMUSDT
2023-01-13 19:45:00,0.11540000,0.11550000,0.11500000,0.11520000,56952.00000000,BEAMUSDT
2023-01-13 20:00:00,0.11550000,0.11600000,0.11510000,0.11590000,82789.00000000,BEAMUSDT
2023-01-13 20:15:00,0.11570000,0.11570000,0.11550000,0.11550000,15637.00000000,BEAMUSDT
2023-01-13 20:30:00,0.11580000,0.11630000,0.11530000,0.11610000,61356.00000000,BEAMUSDT
2023-01-13 20:45:00,0.11620000,0.11620000,0.11590000,0.11620000,27006.00000000,BEAMUSDT
2023-01-13 21:00:00,0.11610000,0.11620000,0.11600000,0.11620000,22077.00000000,BEAMUSDT
2023-01-13 21:15:00,0.11600000,0.11620000,0.11570000,0.11620000,38099.00000000,BEAMUSDT
2023-01-13 21:30:00,0.11620000,0.11630000,0.11600000,0.11630000,18989.00000000,BEAMUSDT
2023-01-13 21:45:00,0.11630000,0.11690000,0.11580000,0.11660000,265342.00000000,BEAMUSDT
2023-01-13 22:00:00,0.11660000,0.11690000,0.11660000,0.11670000,48863.00000000,BEAMUSDT
2023-01-13 22:15:00,0.11670000,0.11700000,0.11670000,0.11700000,47484.00000000,BEAMUSDT
2023-01-13 22:30:00,0.11680000,0.11690000,0.11660000,0.11660000,13042.00000000,BEAMUSDT
2023-01-13 22:45:00,0.11670000,0.11670000,0.11560000,0.11590000,65629.00000000,BEAMUSDT
2023-01-13 23:00:00,0.11610000,0.11650000,0.11610000,0.11630000,24671.00000000,BEAMUSDT
2023-01-13 23:15:00,0.11620000,0.11660000,0.11610000,0.11630000,33109.00000000,BEAMUSDT
2023-01-13 23:30:00,0.11630000,0.11750000,0.11630000,0.11660000,96905.00000000,BEAMUSDT
2023-01-13 23:45:00,0.11650000,0.11720000,0.11640000,0.11680000,110564.00000000,BEAMUSDT
2023-01-14 00:00:00,0.11650000,0.11780000,0.11500000,0.11670000,362389.00000000,BEAMUSDT
2023-01-14 00:15:00,0.11700000,0.11700000,0.11660000,0.11670000,41480.00000000,BEAMUSDT
2023-01-14 00:30:00,0.11670000,0.11730000,0.11670000,0.11720000,210068.00000000,BEAMUSDT
2023-01-14 00:45:00,0.11730000,0.11770000,0.11650000,0.11700000,143399.00000000,BEAMUSDT
2023-01-14 01:00:00,0.11690000,0.11860000,0.11690000,0.11850000,407274.00000000,BEAMUSDT
2023-01-14 01:15:00,0.11860000,0.11880000,0.11810000,0.11820000,217068.00000000,BEAMUSDT
2023-01-14 01:30:00,0.11820000,0.11870000,0.11800000,0.11840000,31885.00000000,BEAMUSDT
2023-01-14 01:45:00,0.11840000,0.11860000,0.11820000,0.11850000,43316.00000000,BEAMUSDT
2023-01-14 02:00:00,0.11850000,0.11870000,0.11810000,0.11870000,94370.00000000,BEAMUSDT
2023-01-14 02:15:00,0.11860000,0.11880000,0.11820000,0.11820000,58356.00000000,BEAMUSDT
2023-01-14 02:30:00,0.11820000,0.11900000,0.11820000,0.11860000,142205.00000000,BEAMUSDT
2023-01-14 02:45:00,0.11860000,0.11880000,0.11830000,0.11840000,27761.00000000,BEAMUSDT
2023-01-14 03:00:00,0.11860000,0.11890000,0.11840000,0.11850000,65176.00000000,BEAMUSDT
2023-01-14 03:15:00,0.11830000,0.11840000,0.11790000,0.11820000,58013.00000000,BEAMUSDT
2023-01-14 03:30:00,0.11840000,0.11840000,0.11680000,0.11720000,184985.00000000,BEAMUSDT
2023-01-14 03:45:00,0.11720000,0.11890000,0.11650000,0.11840000,246456.00000000,BEAMUSDT
2023-01-14 04:00:00,0.11850000,0.11860000,0.11760000,0.11760000,68892.00000000,BEAMUSDT
2023-01-14 04:15:00,0.11770000,0.11800000,0.11720000,0.11790000,59526.00000000,BEAMUSDT
2023-01-14 04:30:00,0.11810000,0.11900000,0.11810000,0.11870000,155562.00000000,BEAMUSDT
2023-01-14 04:45:00,0.11870000,0.11900000,0.11850000,0.11850000,50265.00000000,BEAMUSDT
2023-01-14 05:00:00,0.11850000,0.11870000,0.11820000,0.11840000,39493.00000000,BEAMUSDT
2023-01-14 05:15:00,0.11840000,0.11900000,0.11840000,0.11860000,66794.00000000,BEAMUSDT
2023-01-14 05:30:00,0.11860000,0.11900000,0.11850000,0.11900000,99428.00000000,BEAMUSDT
2023-01-14 05:45:00,0.11900000,0.11910000,0.11870000,0.11880000,53867.00000000,BEAMUSDT
2023-01-14 06:00:00,0.11870000,0.11960000,0.11860000,0.11940000,285089.00000000,BEAMUSDT
2023-01-14 06:15:00,0.11960000,0.11990000,0.11950000,0.11970000,97850.00000000,BEAMUSDT
2023-01-14 06:30:00,0.11970000,0.11980000,0.11860000,0.11920000,238616.00000000,BEAMUSDT
2023-01-14 06:45:00,0.11920000,0.12080000,0.11920000,0.12050000,248751.00000000,BEAMUSDT
2023-01-14 07:00:00,0.12070000,0.12070000,0.11990000,0.12050000,112351.00000000,BEAMUSDT
2023-01-14 07:15:00,0.12030000,0.12060000,0.12000000,0.12000000,76662.00000000,BEAMUSDT
2023-01-14 07:30:00,0.12000000,0.12020000,0.12000000,0.12020000,183511.00000000,BEAMUSDT
2023-01-14 07:45:00,0.12020000,0.12280000,0.12000000,0.12220000,489025.00000000,BEAMUSDT
2023-01-14 08:00:00,0.12210000,0.12230000,0.12130000,0.12150000,156830.00000000,BEAMUSDT
2023-01-14 08:15:00,0.12150000,0.12180000,0.12120000,0.12180000,77811.00000000,BEAMUSDT
2023-01-14 08:30:00,0.12180000,0.13330000,0.12180000,0.12830000,3545096.00000000,BEAMUSDT
2023-01-14 08:45:00,0.12820000,0.12830000,0.12570000,0.12620000,184707.00000000,BEAMUSDT
2023-01-14 09:00:00,0.12620000,0.12770000,0.12410000,0.12450000,376517.00000000,BEAMUSDT
2023-01-14 09:15:00,0.12450000,0.12470000,0.11980000,0.12030000,583399.00000000,BEAMUSDT
2023-01-14 09:30:00,0.12010000,0.12020000,0.11830000,0.11950000,359669.00000000,BEAMUSDT
2023-01-14 09:45:00,0.11950000,0.12150000,0.11950000,0.12150000,198074.00000000,BEAMUSDT
2023-01-14 10:00:00,0.12150000,0.12350000,0.12080000,0.12110000,266094.00000000,BEAMUSDT
2023-01-14 10:15:00,0.12110000,0.12220000,0.11610000,0.11760000,664627.00000000,BEAMUSDT
2023-01-14 10:30:00,0.11760000,0.11760000,0.11660000,0.11760000,173862.00000000,BEAMUSDT
2023-01-14 10:45:00,0.11760000,0.11950000,0.11760000,0.11940000,132618.00000000,BEAMUSDT
2023-01-14 11:00:00,0.11940000,0.12080000,0.11900000,0.11980000,101282.00000000,BEAMUSDT
2023-01-14 11:15:00,0.11980000,0.12060000,0.11940000,0.12050000,131693.00000000,BEAMUSDT
2023-01-14 11:30:00,0.12050000,0.12070000,0.11940000,0.11940000,80785.00000000,BEAMUSDT
2023-01-14 11:45:00,0.11940000,0.12040000,0.11920000,0.12040000,41042.00000000,BEAMUSDT
2023-01-14 12:00:00,0.12040000,0.12280000,0.12040000,0.12110000,221182.00000000,BEAMUSDT
2023-01-14 12:15:00,0.12110000,0.12170000,0.12010000,0.12110000,140395.00000000,BEAMUSDT
2023-01-14 12:30:00,0.12110000,0.12230000,0.12000000,0.12050000,206651.00000000,BEAMUSDT
2023-01-14 12:45:00,0.12060000,0.12130000,0.12040000,0.12060000,96401.00000000,BEAMUSDT
2023-01-14 13:00:00,0.12060000,0.12090000,0.11940000,0.12020000,227939.00000000,BEAMUSDT
2023-01-14 13:15:00,0.12020000,0.12020000,0.11910000,0.11990000,67822.00000000,BEAMUSDT
2023-01-14 13:30:00,0.11990000,0.12040000,0.11950000,0.12020000,44468.00000000,BEAMUSDT
2023-01-14 13:45:00,0.12020000,0.12080000,0.12020000,0.12080000,67536.00000000,BEAMUSDT
2023-01-14 14:00:00,0.12080000,0.12100000,0.12050000,0.12060000,56692.00000000,BEAMUSDT
2023-01-14 14:15:00,0.12100000,0.12110000,0.12020000,0.12060000,49145.00000000,BEAMUSDT
2023-01-14 14:30:00,0.12090000,0.12520000,0.12000000,0.12100000,783998.00000000,BEAMUSDT
2023-01-14 14:45:00,0.12140000,0.12210000,0.12010000,0.12200000,202882.00000000,BEAMUSDT
2023-01-14 15:00:00,0.12200000,0.12220000,0.11950000,0.12140000,232962.00000000,BEAMUSDT
2023-01-14 15:15:00,0.12150000,0.12290000,0.12000000,0.12120000,235570.00000000,BEAMUSDT
2023-01-14 15:30:00,0.12160000,0.12220000,0.12120000,0.12210000,87240.00000000,BEAMUSDT
2023-01-14 15:45:00,0.12210000,0.12230000,0.12090000,0.12140000,196714.00000000,BEAMUSDT
2023-01-14 16:00:00,0.12140000,0.12140000,0.12080000,0.12110000,33715.00000000,BEAMUSDT
2023-01-14 16:15:00,0.12090000,0.12130000,0.12040000,0.12120000,72099.00000000,BEAMUSDT
2023-01-14 16:30:00,0.12120000,0.12130000,0.12070000,0.12130000,30482.00000000,BEAMUSDT
2023-01-14 16:45:00,0.12110000,0.12150000,0.12100000,0.12150000,25434.00000000,BEAMUSDT
2023-01-14 17:00:00,0.12130000,0.12190000,0.12120000,0.12140000,21221.00000000,BEAMUSDT
2023-01-14 17:15:00,0.12190000,0.12190000,0.12160000,0.12190000,3643.00000000,BEAMUSDT
2023-01-14 17:30:00,0.12190000,0.12200000,0.12140000,0.12160000,18196.00000000,BEAMUSDT
2023-01-14 17:45:00,0.12190000,0.12200000,0.12120000,0.12120000,30398.00000000,BEAMUSDT
2023-01-14 18:00:00,0.12170000,0.12200000,0.12150000,0.12180000,18171.00000000,BEAMUSDT
2023-01-14 18:15:00,0.12170000,0.12180000,0.12120000,0.12160000,28668.00000000,BEAMUSDT
2023-01-14 18:30:00,0.12120000,0.12210000,0.12050000,0.12210000,66473.00000000,BEAMUSDT
2023-01-14 18:45:00,0.12210000,0.12270000,0.12160000,0.12260000,59519.00000000,BEAMUSDT
2023-01-14 19:00:00,0.12260000,0.12270000,0.12190000,0.12200000,172176.00000000,BEAMUSDT
2023-01-14 19:15:00,0.12190000,0.12210000,0.12150000,0.12200000,53487.00000000,BEAMUSDT
2023-01-14 19:30:00,0.12200000,0.12200000,0.12140000,0.12170000,19489.00000000,BEAMUSDT
2023-01-14 19:45:00,0.12170000,0.12170000,0.12120000,0.12150000,14397.00000000,BEAMUSDT
2023-01-14 20:00:00,0.12150000,0.12190000,0.12080000,0.12180000,47493.00000000,BEAMUSDT
2023-01-14 20:15:00,0.12170000,0.12190000,0.12150000,0.12180000,14387.00000000,BEAMUSDT
2023-01-14 20:30:00,0.12180000,0.12210000,0.12130000,0.12210000,25483.00000000,BEAMUSDT
2023-01-14 20:45:00,0.12210000,0.13170000,0.12150000,0.13010000,907775.00000000,BEAMUSDT
2023-01-14 21:00:00,0.13010000,0.13200000,0.12520000,0.12570000,920344.00000000,BEAMUSDT
2023-01-14 21:15:00,0.12570000,0.12620000,0.12450000,0.12600000,174831.00000000,BEAMUSDT
2023-01-14 21:30:00,0.12590000,0.12600000,0.12390000,0.12480000,199299.00000000,BEAMUSDT
2023-01-14 21:45:00,0.12490000,0.12510000,0.12410000,0.12460000,110075.00000000,BEAMUSDT
2023-01-14 22:00:00,0.12490000,0.12530000,0.12450000,0.12450000,16353.00000000,BEAMUSDT
2023-01-14 22:15:00,0.12450000,0.12510000,0.12400000,0.12410000,24469.00000000,BEAMUSDT
2023-01-14 22:30:00,0.12440000,0.12570000,0.12420000,0.12570000,65232.00000000,BEAMUSDT
2023-01-14 22:45:00,0.12570000,0.12630000,0.12480000,0.12600000,160810.00000000,BEAMUSDT
2023-01-14 23:00:00,0.12620000,0.12670000,0.12560000,0.12670000,52550.00000000,BEAMUSDT
2023-01-14 23:15:00,0.12670000,0.12790000,0.12670000,0.12740000,86101.00000000,BEAMUSDT
2023-01-14 23:30:00,0.12730000,0.12760000,0.12560000,0.12640000,82931.00000000,BEAMUSDT
2023-01-14 23:45:00,0.12630000,0.12710000,0.12490000,0.12570000,71552.00000000,BEAMUSDT
2023-01-15 00:00:00,0.12570000,0.12670000,0.12400000,0.12520000,204603.00000000,BEAMUSDT
2023-01-15 00:15:00,0.12510000,0.12720000,0.12510000,0.12660000,116476.00000000,BEAMUSDT
2023-01-15 00:30:00,0.12660000,0.12850000,0.12270000,0.12290000,437209.00000000,BEAMUSDT
2023-01-15 00:45:00,0.12330000,0.12410000,0.12210000,0.12410000,227489.00000000,BEAMUSDT
2023-01-15 01:00:00,0.12410000,0.12420000,0.12220000,0.12340000,80514.00000000,BEAMUSDT
2023-01-15 01:15:00,0.12310000,0.12360000,0.12220000,0.12310000,84261.00000000,BEAMUSDT
2023-01-15 01:30:00,0.12340000,0.12390000,0.12330000,0.12390000,18493.00000000,BEAMUSDT
2023-01-15 01:45:00,0.12400000,0.12470000,0.12380000,0.12460000,20961.00000000,BEAMUSDT
2023-01-15 02:00:00,0.12470000,0.12560000,0.12450000,0.12450000,59496.00000000,BEAMUSDT
2023-01-15 02:15:00,0.12460000,0.12460000,0.12320000,0.12360000,51467.00000000,BEAMUSDT
2023-01-15 02:30:00,0.12350000,0.12400000,0.12350000,0.12380000,12511.00000000,BEAMUSDT
2023-01-15 02:45:00,0.12360000,0.12400000,0.12340000,0.12400000,30722.00000000,BEAMUSDT
2023-01-15 03:00:00,0.12360000,0.12380000,0.12300000,0.12330000,14517.00000000,BEAMUSDT
2023-01-15 03:15:00,0.12330000,0.12340000,0.12290000,0.12320000,6798.00000000,BEAMUSDT
2023-01-15 03:30:00,0.12320000,0.12320000,0.12290000,0.12320000,2596.00000000,BEAMUSDT
2023-01-15 03:45:00,0.12320000,0.12410000,0.12320000,0.12390000,27596.00000000,BEAMUSDT
2023-01-15 04:00:00,0.12390000,0.12390000,0.12260000,0.12270000,119559.00000000,BEAMUSDT
2023-01-15 04:15:00,0.12310000,0.12310000,0.12240000,0.12270000,95257.00000000,BEAMUSDT
2023-01-15 04:30:00,0.12270000,0.12300000,0.12270000,0.12280000,8711.00000000,BEAMUSDT
2023-01-15 04:45:00,0.12280000,0.12340000,0.12230000,0.12300000,121114.00000000,BEAMUSDT
2023-01-15 05:00:00,0.12290000,0.12400000,0.12270000,0.12280000,65816.00000000,BEAMUSDT
2023-01-15 05:15:00,0.12270000,0.12320000,0.12270000,0.12320000,16026.00000000,BEAMUSDT
2023-01-15 05:30:00,0.12310000,0.12410000,0.12300000,0.12370000,33539.00000000,BEAMUSDT
2023-01-15 05:45:00,0.12400000,0.12400000,0.12340000,0.12340000,20530.00000000,BEAMUSDT
2023-01-15 06:00:00,0.12340000,0.12380000,0.12340000,0.12340000,7637.00000000,BEAMUSDT
2023-01-15 06:15:00,0.12340000,0.12340000,0.12280000,0.12310000,47579.00000000,BEAMUSDT
2023-01-15 06:30:00,0.12310000,0.12320000,0.12280000,0.12280000,3079.00000000,BEAMUSDT
2023-01-15 06:45:00,0.12280000,0.12300000,0.12240000,0.12250000,52316.00000000,BEAMUSDT
2023-01-15 07:00:00,0.12280000,0.12280000,0.12180000,0.12190000,65400.00000000,BEAMUSDT
2023-01-15 07:15:00,0.12190000,0.12240000,0.12100000,0.12240000,222828.00000000,BEAMUSDT
2023-01-15 07:30:00,0.12250000,0.12860000,0.12250000,0.12700000,823615.00000000,BEAMUSDT
2023-01-15 07:45:00,0.12730000,0.12730000,0.12570000,0.12700000,241073.00000000,BEAMUSDT
2023-01-15 08:00:00,0.12700000,0.12730000,0.12590000,0.12650000,210782.00000000,BEAMUSDT
2023-01-15 08:15:00,0.12640000,0.12640000,0.12300000,0.12510000,259049.00000000,BEAMUSDT
2023-01-15 08:30:00,0.12470000,0.12860000,0.12400000,0.12590000,536221.00000000,BEAMUSDT
2023-01-15 08:45:00,0.12620000,0.12670000,0.12400000,0.12470000,107092.00000000,BEAMUSDT
2023-01-15 09:00:00,0.12470000,0.12500000,0.12200000,0.12310000,244216.00000000,BEAMUSDT
2023-01-15 09:15:00,0.12330000,0.12410000,0.12280000,0.12410000,116396.00000000,BEAMUSDT
2023-01-15 09:30:00,0.12410000,0.12540000,0.12410000,0.12500000,81692.00000000,BEAMUSDT
2023-01-15 09:45:00,0.12500000,0.12560000,0.12500000,0.12560000,40475.00000000,BEAMUSDT
2023-01-15 10:00:00,0.12570000,0.12750000,0.12480000,0.12490000,144227.00000000,BEAMUSDT
2023-01-15 10:15:00,0.12520000,0.12540000,0.12480000,0.12530000,5265.00000000,BEAMUSDT
2023-01-15 10:30:00,0.12530000,0.12700000,0.12530000,0.12600000,59952.00000000,BEAMUSDT
2023-01-15 10:45:00,0.12600000,0.12600000,0.12530000,0.12580000,41596.00000000,BEAMUSDT
2023-01-15 11:00:00,0.12590000,0.12830000,0.12590000,0.12700000,147757.00000000,BEAMUSDT
2023-01-15 11:15:00,0.12670000,0.12710000,0.12550000,0.12660000,127188.00000000,BEAMUSDT
2023-01-15 11:30:00,0.12660000,0.12710000,0.12570000,0.12620000,197317.00000000,BEAMUSDT
2023-01-15 11:45:00,0.12580000,0.12620000,0.12530000,0.12590000,46561.00000000,BEAMUSDT
2023-01-15 12:00:00,0.12630000,0.12700000,0.12580000,0.12700000,59030.00000000,BEAMUSDT
2023-01-15 12:15:00,0.12660000,0.12690000,0.12540000,0.12630000,83589.00000000,BEAMUSDT
2023-01-15 12:30:00,0.12620000,0.12630000,0.12550000,0.12590000,32979.00000000,BEAMUSDT
2023-01-15 12:45:00,0.12590000,0.12700000,0.12380000,0.12520000,393184.00000000,BEAMUSDT
2023-01-15 13:00:00,0.12500000,0.12610000,0.12460000,0.12610000,87883.00000000,BEAMUSDT
2023-01-15 13:15:00,0.12620000,0.12620000,0.12420000,0.12490000,71068.00000000,BEAMUSDT
2023-01-15 13:30:00,0.12490000,0.12570000,0.12480000,0.12570000,50644.00000000,BEAMUSDT
2023-01-15 13:45:00,0.12580000,0.12640000,0.12360000,0.12450000,251709.00000000,BEAMUSDT
2023-01-15 14:00:00,0.12480000,0.12490000,0.12430000,0.12450000,48336.00000000,BEAMUSDT
2023-01-15 14:15:00,0.12430000,0.12500000,0.12360000,0.12470000,116535.00000000,BEAMUSDT
2023-01-15 14:30:00,0.12480000,0.12560000,0.12450000,0.12560000,65074.00000000,BEAMUSDT
2023-01-15 14:45:00,0.12560000,0.12630000,0.12530000,0.12580000,132924.00000000,BEAMUSDT
2023-01-15 15:00:00,0.12590000,0.12610000,0.12560000,0.12610000,29331.00000000,BEAMUSDT
2023-01-15 15:15:00,0.12610000,0.12640000,0.12570000,0.12620000,91441.00000000,BEAMUSDT
2023-01-15 15:30:00,0.12610000,0.12690000,0.12440000,0.12650000,170025.00000000,BEAMUSDT
2023-01-15 15:45:00,0.12640000,0.12710000,0.12500000,0.12620000,323979.00000000,BEAMUSDT
2023-01-15 16:00:00,0.12620000,0.12620000,0.12570000,0.12620000,35197.00000000,BEAMUSDT
2023-01-15 16:15:00,0.12620000,0.12650000,0.12620000,0.12650000,70912.00000000,BEAMUSDT
2023-01-15 16:30:00,0.12630000,0.12630000,0.12600000,0.12630000,23792.00000000,BEAMUSDT
2023-01-15 16:45:00,0.12630000,0.12640000,0.12520000,0.12600000,126877.00000000,BEAMUSDT
2023-01-15 17:00:00,0.12620000,0.12670000,0.12540000,0.12650000,45005.00000000,BEAMUSDT
2023-01-15 17:15:00,0.12670000,0.12760000,0.12650000,0.12690000,63143.00000000,BEAMUSDT
2023-01-15 17:30:00,0.12690000,0.12760000,0.12680000,0.12680000,76032.00000000,BEAMUSDT
2023-01-15 17:45:00,0.12680000,0.12680000,0.12500000,0.12600000,82988.00000000,BEAMUSDT
2023-01-15 18:00:00,0.12600000,0.12600000,0.12400000,0.12510000,140999.00000000,BEAMUSDT
2023-01-15 18:15:00,0.12530000,0.12550000,0.12480000,0.12520000,21453.00000000,BEAMUSDT
2023-01-15 18:30:00,0.12550000,0.12560000,0.12470000,0.12510000,22665.00000000,BEAMUSDT
2023-01-15 18:45:00,0.12510000,0.12610000,0.12460000,0.12610000,110572.00000000,BEAMUSDT
2023-01-15 19:00:00,0.12610000,0.12610000,0.12520000,0.12570000,46198.00000000,BEAMUSDT
2023-01-15 19:15:00,0.12570000,0.12590000,0.12510000,0.12510000,19446.00000000,BEAMUSDT
2023-01-15 19:30:00,0.12510000,0.12540000,0.12470000,0.12540000,103161.00000000,BEAMUSDT
2023-01-15 19:45:00,0.12540000,0.12540000,0.12450000,0.12510000,46104.00000000,BEAMUSDT
2023-01-15 20:00:00,0.12520000,0.12520000,0.12430000,0.12450000,47176.00000000,BEAMUSDT
2023-01-15 20:15:00,0.12460000,0.12500000,0.12430000,0.12470000,30210.00000000,BEAMUSDT
2023-01-15 20:30:00,0.12470000,0.12500000,0.12440000,0.12480000,32932.00000000,BEAMUSDT
2023-01-15 20:45:00,0.12490000,0.12700000,0.12470000,0.12520000,91128.00000000,BEAMUSDT
2023-01-15 21:00:00,0.12520000,0.12610000,0.12520000,0.12590000,30002.00000000,BEAMUSDT
2023-01-15 21:15:00,0.12570000,0.12590000,0.12520000,0.12520000,29845.00000000,BEAMUSDT
2023-01-15 21:30:00,0.12510000,0.12650000,0.12510000,0.12620000,54276.00000000,BEAMUSDT
2023-01-15 21:45:00,0.12620000,0.12650000,0.12580000,0.12580000,10462.00000000,BEAMUSDT
2023-01-15 22:00:00,0.12600000,0.12700000,0.12580000,0.12580000,70204.00000000,BEAMUSDT
2023-01-15 22:15:00,0.12600000,0.12600000,0.12550000,0.12550000,4853.00000000,BEAMUSDT
2023-01-15 22:30:00,0.12590000,0.12590000,0.12530000,0.12580000,23901.00000000,BEAMUSDT
2023-01-15 22:45:00,0.12530000,0.12630000,0.12530000,0.12630000,55521.00000000,BEAMUSDT
2023-01-15 23:00:00,0.12620000,0.12620000,0.12470000,0.12600000,199255.00000000,BEAMUSDT
2023-01-15 23:15:00,0.12600000,0.12620000,0.12510000,0.12560000,64003.00000000,BEAMUSDT
2023-01-15 23:30:00,0.12560000,0.12610000,0.12560000,0.12610000,11905.00000000,BEAMUSDT
2023-01-15 23:45:00,0.12620000,0.12620000,0.12410000,0.12510000,167302.00000000,BEAMUSDT
2023-01-16 00:00:00,0.12500000,0.12580000,0.12490000,0.12560000,39464.00000000,BEAMUSDT
2023-01-16 00:15:00,0.12560000,0.12560000,0.12410000,0.12450000,71081.00000000,BEAMUSDT
2023-01-16 00:30:00,0.12450000,0.12500000,0.12410000,0.12490000,31197.00000000,BEAMUSDT
2023-01-16 00:45:00,0.12480000,0.12570000,0.12480000,0.12560000,21670.00000000,BEAMUSDT
2023-01-16 01:00:00,0.12570000,0.12640000,0.12530000,0.12610000,53459.00000000,BEAMUSDT
2023-01-16 01:15:00,0.12610000,0.12720000,0.12610000,0.12660000,153546.00000000,BEAMUSDT
2023-01-16 01:30:00,0.12660000,0.12680000,0.12620000,0.12650000,5182.00000000,BEAMUSDT
2023-01-16 01:45:00,0.12680000,0.12730000,0.12660000,0.12720000,31309.00000000,BEAMUSDT
2023-01-16 02:00:00,0.12720000,0.12750000,0.12670000,0.12710000,100856.00000000,BEAMUSDT
2023-01-16 02:15:00,0.12690000,0.12800000,0.12680000,0.12770000,62832.00000000,BEAMUSDT
2023-01-16 02:30:00,0.12790000,0.12810000,0.12720000,0.12760000,41654.00000000,BEAMUSDT
2023-01-16 02:45:00,0.12720000,0.12770000,0.12710000,0.12740000,40658.00000000,BEAMUSDT
2023-01-16 03:00:00,0.12730000,0.12760000,0.12590000,0.12660000,108682.00000000,BEAMUSDT
2023-01-16 03:15:00,0.12660000,0.12720000,0.12660000,0.12720000,22282.00000000,BEAMUSDT
2023-01-16 03:30:00,0.12720000,0.12730000,0.12650000,0.12650000,8350.00000000,BEAMUSDT
2023-01-16 03:45:00,0.12640000,0.12770000,0.12640000,0.12710000,52977.00000000,BEAMUSDT
2023-01-16 04:00:00,0.12710000,0.12800000,0.12710000,0.12770000,50905.00000000,BEAMUSDT
2023-01-16 04:15:00,0.12750000,0.12860000,0.12750000,0.12820000,88487.00000000,BEAMUSDT
2023-01-16 04:30:00,0.12800000,0.12840000,0.12800000,0.12830000,34972.00000000,BEAMUSDT
2023-01-16 04:45:00,0.12820000,0.12900000,0.12820000,0.12890000,66256.00000000,BEAMUSDT
2023-01-16 05:00:00,0.12900000,0.13070000,0.12870000,0.13040000,111771.00000000,BEAMUSDT
2023-01-16 05:15:00,0.13060000,0.13060000,0.12950000,0.12970000,62322.00000000,BEAMUSDT
2023-01-16 05:30:00,0.12990000,0.12990000,0.12890000,0.12940000,35020.00000000,BEAMUSDT
2023-01-16 05:45:00,0.12940000,0.13050000,0.12940000,0.12990000,39377.00000000,BEAMUSDT
2023-01-16 06:00:00,0.12990000,0.13080000,0.12980000,0.13010000,80690.00000000,BEAMUSDT
2023-01-16 06:15:00,0.13010000,0.13020000,0.12970000,0.13010000,44559.00000000,BEAMUSDT
2023-01-16 06:30:00,0.12990000,0.13000000,0.12920000,0.12960000,29153.00000000,BEAMUSDT
2023-01-16 06:45:00,0.12940000,0.12970000,0.12830000,0.12830000,127423.00000000,BEAMUSDT
2023-01-16 07:00:00,0.12850000,0.12940000,0.12620000,0.12670000,165193.00000000,BEAMUSDT
2023-01-16 07:15:00,0.12670000,0.12810000,0.12630000,0.12740000,91555.00000000,BEAMUSDT
2023-01-16 07:30:00,0.12740000,0.12740000,0.12670000,0.12690000,23348.00000000,BEAMUSDT
2023-01-16 07:45:00,0.12690000,0.12700000,0.12580000,0.12700000,87899.00000000,BEAMUSDT
2023-01-16 08:00:00,0.12680000,0.12680000,0.12440000,0.12440000,166234.00000000,BEAMUSDT
2023-01-16 08:15:00,0.12450000,0.12460000,0.12240000,0.12380000,400948.00000000,BEAMUSDT
2023-01-16 08:30:00,0.12380000,0.12450000,0.12340000,0.12360000,185500.00000000,BEAMUSDT
2023-01-16 08:45:00,0.12360000,0.12370000,0.12250000,0.12270000,91202.00000000,BEAMUSDT
2023-01-16 09:00:00,0.12300000,0.12370000,0.12250000,0.12370000,78597.00000000,BEAMUSDT
2023-01-16 09:15:00,0.12370000,0.12450000,0.12340000,0.12380000,72740.00000000,BEAMUSDT
2023-01-16 09:30:00,0.12380000,0.12440000,0.12330000,0.12400000,97384.00000000,BEAMUSDT
2023-01-16 09:45:00,0.12370000,0.12420000,0.12370000,0.12420000,21399.00000000,BEAMUSDT
2023-01-16 10:00:00,0.12420000,0.12430000,0.12240000,0.12390000,177410.00000000,BEAMUSDT
2023-01-16 10:15:00,0.12390000,0.12420000,0.12370000,0.12380000,33269.00000000,BEAMUSDT
2023-01-16 10:30:00,0.12410000,0.12410000,0.12250000,0.12320000,72152.00000000,BEAMUSDT
2023-01-16 10:45:00,0.12320000,0.12350000,0.12230000,0.12320000,47917.00000000,BEAMUSDT
2023-01-16 11:00:00,0.12320000,0.12330000,0.12230000,0.12330000,53431.00000000,BEAMUSDT
2023-01-16 11:15:00,0.12330000,0.12350000,0.12270000,0.12320000,41448.00000000,BEAMUSDT
2023-01-16 11:30:00,0.12350000,0.12410000,0.12290000,0.12390000,52937.00000000,BEAMUSDT
2023-01-16 11:45:00,0.12360000,0.12400000,0.12350000,0.12370000,49884.00000000,BEAMUSDT
2023-01-16 12:00:00,0.12400000,0.12440000,0.12360000,0.12400000,26561.00000000,BEAMUSDT
2023-01-16 12:15:00,0.12440000,0.12460000,0.12350000,0.12410000,50292.00000000,BEAMUSDT
2023-01-16 12:30:00,0.12360000,0.12390000,0.12310000,0.12390000,37582.00000000,BEAMUSDT
2023-01-16 12:45:00,0.12380000,0.12400000,0.12280000,0.12340000,49772.00000000,BEAMUSDT
2023-01-16 13:00:00,0.12350000,0.12350000,0.11870000,0.12100000,945708.00000000,BEAMUSDT
2023-01-16 13:15:00,0.12100000,0.12210000,0.12010000,0.12200000,281405.00000000,BEAMUSDT
2023-01-16 13:30:00,0.12200000,0.12250000,0.12100000,0.12150000,80987.00000000,BEAMUSDT
2023-01-16 13:45:00,0.12150000,0.12160000,0.11950000,0.11990000,172552.00000000,BEAMUSDT
2023-01-16 14:00:00,0.12000000,0.12170000,0.11960000,0.12110000,150556.00000000,BEAMUSDT
2023-01-16 14:15:00,0.12130000,0.12190000,0.12000000,0.12160000,185599.00000000,BEAMUSDT
2023-01-16 14:30:00,0.12190000,0.12260000,0.12150000,0.12170000,131840.00000000,BEAMUSDT
2023-01-16 14:45:00,0.12170000,0.12170000,0.11870000,0.12050000,536919.00000000,BEAMUSDT
2023-01-16 15:00:00,0.12050000,0.12090000,0.11960000,0.11960000,143268.00000000,BEAMUSDT
2023-01-16 15:15:00,0.11980000,0.12160000,0.11940000,0.12150000,178878.00000000,BEAMUSDT
2023-01-16 15:30:00,0.12150000,0.12270000,0.12150000,0.12220000,150000.00000000,BEAMUSDT
2023-01-16 15:45:00,0.12230000,0.12290000,0.12160000,0.12260000,134973.00000000,BEAMUSDT
2023-01-16 16:00:00,0.12260000,0.12350000,0.12240000,0.12270000,253188.00000000,BEAMUSDT
2023-01-16 16:15:00,0.12280000,0.12330000,0.12280000,0.12300000,29127.00000000,BEAMUSDT
2023-01-16 16:30:00,0.12300000,0.12340000,0.12210000,0.12260000,91523.00000000,BEAMUSDT
2023-01-16 16:45:00,0.12260000,0.12260000,0.12210000,0.12260000,41358.00000000,BEAMUSDT
2023-01-16 17:00:00,0.12220000,0.12240000,0.12170000,0.12240000,30530.00000000,BEAMUSDT
2023-01-16 17:15:00,0.12220000,0.12350000,0.12210000,0.12340000,70465.00000000,BEAMUSDT
2023-01-16 17:30:00,0.12320000,0.12370000,0.12270000,0.12300000,63883.00000000,BEAMUSDT
2023-01-16 17:45:00,0.12300000,0.12350000,0.12300000,0.12340000,75981.00000000,BEAMUSDT
2023-01-16 18:00:00,0.12330000,0.12350000,0.12310000,0.12330000,32845.00000000,BEAMUSDT
2023-01-16 18:15:00,0.12330000,0.12390000,0.12310000,0.12350000,68083.00000000,BEAMUSDT
2023-01-16 18:30:00,0.12350000,0.12420000,0.12340000,0.12420000,45211.00000000,BEAMUSDT
2023-01-16 18:45:00,0.12410000,0.12520000,0.12410000,0.12470000,123103.00000000,BEAMUSDT
2023-01-16 19:00:00,0.12460000,0.12480000,0.12360000,0.12390000,120135.00000000,BEAMUSDT
2023-01-16 19:15:00,0.12390000,0.12460000,0.12380000,0.12450000,69785.00000000,BEAMUSDT
2023-01-16 19:30:00,0.12420000,0.12440000,0.12310000,0.12340000,127340.00000000,BEAMUSDT
2023-01-16 19:45:00,0.12340000,0.12400000,0.12310000,0.12370000,84145.00000000,BEAMUSDT
2023-01-16 20:00:00,0.12370000,0.12420000,0.12330000,0.12400000,76870.00000000,BEAMUSDT
2023-01-16 20:15:00,0.12380000,0.12390000,0.12320000,0.12320000,75507.00000000,BEAMUSDT
2023-01-16 20:30:00,0.12350000,0.12360000,0.12320000,0.12330000,6878.00000000,BEAMUSDT
2023-01-16 20:45:00,0.12370000,0.12390000,0.12320000,0.12380000,16753.00000000,BEAMUSDT
2023-01-16 21:00:00,0.12380000,0.12450000,0.12380000,0.12440000,43859.00000000,BEAMUSDT
2023-01-16 21:15:00,0.12420000,0.12440000,0.12400000,0.12400000,8616.00000000,BEAMUSDT
2023-01-16 21:30:00,0.12400000,0.12440000,0.12400000,0.12430000,15182.00000000,BEAMUSDT
2023-01-16 21:45:00,0.12410000,0.12440000,0.12390000,0.12400000,17025.00000000,BEAMUSDT
2023-01-16 22:00:00,0.12420000,0.12440000,0.12410000,0.12410000,10936.00000000,BEAMUSDT
2023-01-16 22:15:00,0.12410000,0.12410000,0.12390000,0.12390000,6822.00000000,BEAMUSDT
2023-01-16 22:30:00,0.12390000,0.12390000,0.12340000,0.12360000,33341.00000000,BEAMUSDT
2023-01-16 22:45:00,0.12330000,0.12350000,0.12270000,0.12290000,29280.00000000,BEAMUSDT
2023-01-16 23:00:00,0.12270000,0.12290000,0.12090000,0.12200000,166507.00000000,BEAMUSDT
2023-01-16 23:15:00,0.12180000,0.12200000,0.12000000,0.12200000,328846.00000000,BEAMUSDT
2023-01-16 23:30:00,0.12210000,0.12390000,0.12210000,0.12350000,100869.00000000,BEAMUSDT
2023-01-16 23:45:00,0.12360000,0.12390000,0.12280000,0.12310000,24057.00000000,BEAMUSDT
2023-01-17 00:00:00,0.12290000,0.12310000,0.12150000,0.12230000,226425.00000000,BEAMUSDT
2023-01-17 00:15:00,0.12230000,0.12340000,0.12220000,0.12290000,82654.00000000,BEAMUSDT
2023-01-17 00:30:00,0.12280000,0.12290000,0.12200000,0.12260000,30649.00000000,BEAMUSDT
2023-01-17 00:45:00,0.12280000,0.12280000,0.12050000,0.12160000,58070.00000000,BEAMUSDT
2023-01-17 01:00:00,0.12140000,0.12170000,0.12090000,0.12090000,20623.00000000,BEAMUSDT
2023-01-17 01:15:00,0.12120000,0.12120000,0.12090000,0.12100000,8889.00000000,BEAMUSDT
2023-01-17 01:30:00,0.12100000,0.12130000,0.12070000,0.12110000,9835.00000000,BEAMUSDT
2023-01-17 01:45:00,0.12140000,0.12410000,0.12110000,0.12250000,118316.00000000,BEAMUSDT
2023-01-17 02:00:00,0.12260000,0.12260000,0.12180000,0.12190000,29903.00000000,BEAMUSDT
2023-01-17 02:15:00,0.12200000,0.12220000,0.12150000,0.12160000,83682.00000000,BEAMUSDT
2023-01-17 02:30:00,0.12190000,0.12190000,0.12160000,0.12160000,7611.00000000,BEAMUSDT
2023-01-17 02:45:00,0.12190000,0.12190000,0.12160000,0.12160000,21986.00000000,BEAMUSDT
2023-01-17 03:00:00,0.12180000,0.12180000,0.12180000,0.12180000,1048.00000000,BEAMUSDT
2023-01-17 03:15:00,0.12180000,0.12180000,0.12160000,0.12180000,7205.00000000,BEAMUSDT
2023-01-17 03:30:00,0.12180000,0.12330000,0.12180000,0.12240000,57862.00000000,BEAMUSDT
2023-01-17 03:45:00,0.12220000,0.12240000,0.12200000,0.12200000,20943.00000000,BEAMUSDT
2023-01-17 04:00:00,0.12220000,0.12260000,0.12200000,0.12250000,19318.00000000,BEAMUSDT
2023-01-17 04:15:00,0.12260000,0.12260000,0.12220000,0.12260000,12276.00000000,BEAMUSDT
2023-01-17 04:30:00,0.12260000,0.12310000,0.12250000,0.12290000,10026.00000000,BEAMUSDT
2023-01-17 04:45:00,0.12290000,0.12290000,0.12240000,0.12260000,17088.00000000,BEAMUSDT
2023-01-17 05:00:00,0.12260000,0.12300000,0.12260000,0.12280000,9014.00000000,BEAMUSDT
2023-01-17 05:15:00,0.12300000,0.12300000,0.12220000,0.12220000,32205.00000000,BEAMUSDT
2023-01-17 05:30:00,0.12210000,0.12380000,0.12200000,0.12350000,107930.00000000,BEAMUSDT
2023-01-17 05:45:00,0.12340000,0.12440000,0.12300000,0.12360000,92172.00000000,BEAMUSDT
2023-01-17 06:00:00,0.12350000,0.12370000,0.12310000,0.12330000,12110.00000000,BEAMUSDT
2023-01-17 06:15:00,0.12330000,0.12330000,0.12260000,0.12280000,37737.00000000,BEAMUSDT
2023-01-17 06:30:00,0.12280000,0.12280000,0.12260000,0.12280000,14542.00000000,BEAMUSDT
2023-01-17 06:45:00,0.12280000,0.12300000,0.12220000,0.12240000,37161.00000000,BEAMUSDT
2023-01-17 07:00:00,0.12240000,0.12280000,0.12220000,0.12280000,23858.00000000,BEAMUSDT
2023-01-17 07:15:00,0.12290000,0.12350000,0.12280000,0.12280000,91250.00000000,BEAMUSDT
2023-01-17 07:30:00,0.12280000,0.12340000,0.12220000,0.12280000,72098.00000000,BEAMUSDT
2023-01-17 07:45:00,0.12280000,0.12310000,0.12190000,0.12260000,139391.00000000,BEAMUSDT
2023-01-17 08:00:00,0.12240000,0.12290000,0.12240000,0.12290000,16330.00000000,BEAMUSDT
2023-01-17 08:15:00,0.12300000,0.12350000,0.12300000,0.12330000,34447.00000000,BEAMUSDT
2023-01-17 08:30:00,0.12340000,0.12350000,0.12320000,0.12350000,4196.00000000,BEAMUSDT
2023-01-17 08:45:00,0.12340000,0.12360000,0.12310000,0.12310000,14164.00000000,BEAMUSDT
2023-01-17 09:00:00,0.12320000,0.12390000,0.12290000,0.12390000,103826.00000000,BEAMUSDT
2023-01-17 09:15:00,0.12380000,0.12400000,0.12350000,0.12390000,25207.00000000,BEAMUSDT
2023-01-17 09:30:00,0.12370000,0.12370000,0.12320000,0.12320000,20973.00000000,BEAMUSDT
2023-01-17 09:45:00,0.12330000,0.12370000,0.12330000,0.12350000,10674.00000000,BEAMUSDT
2023-01-17 10:00:00,0.12350000,0.12480000,0.12350000,0.12390000,94756.00000000,BEAMUSDT
2023-01-17 10:15:00,0.12390000,0.12440000,0.12390000,0.12410000,65781.00000000,BEAMUSDT
2023-01-17 10:30:00,0.12400000,0.12450000,0.12380000,0.12390000,15181.00000000,BEAMUSDT
2023-01-17 10:45:00,0.12430000,0.12430000,0.12400000,0.12400000,4377.00000000,BEAMUSDT
2023-01-17 11:00:00,0.12430000,0.12550000,0.12360000,0.12370000,135482.00000000,BEAMUSDT
2023-01-17 11:15:00,0.12410000,0.12450000,0.12370000,0.12450000,36770.00000000,BEAMUSDT
2023-01-17 11:30:00,0.12420000,0.12450000,0.12410000,0.12430000,3985.00000000,BEAMUSDT
2023-01-17 11:45:00,0.12450000,0.12470000,0.12430000,0.12470000,20893.00000000,BEAMUSDT
2023-01-17 12:00:00,0.12470000,0.12550000,0.12420000,0.12470000,114955.00000000,BEAMUSDT
2023-01-17 12:15:00,0.12470000,0.12540000,0.12470000,0.12500000,30464.00000000,BEAMUSDT
2023-01-17 12:30:00,0.12500000,0.12500000,0.12450000,0.12450000,24921.00000000,BEAMUSDT
2023-01-17 12:45:00,0.12440000,0.12460000,0.12440000,0.12460000,24429.00000000,BEAMUSDT
2023-01-17 13:00:00,0.12460000,0.12490000,0.12460000,0.12480000,14570.00000000,BEAMUSDT
2023-01-17 13:15:00,0.12470000,0.12540000,0.12450000,0.12460000,67781.00000000,BEAMUSDT
2023-01-17 13:30:00,0.12480000,0.12480000,0.12420000,0.12460000,122766.00000000,BEAMUSDT
2023-01-17 13:45:00,0.12440000,0.12520000,0.12440000,0.12490000,82311.00000000,BEAMUSDT
2023-01-17 14:00:00,0.12480000,0.12520000,0.12470000,0.12500000,76816.00000000,BEAMUSDT
2023-01-17 14:15:00,0.12500000,0.12520000,0.12400000,0.12400000,137946.00000000,BEAMUSDT
2023-01-17 14:30:00,0.12400000,0.12460000,0.12360000,0.12420000,254461.00000000,BEAMUSDT
2023-01-17 14:45:00,0.12420000,0.12510000,0.12420000,0.12510000,108205.00000000,BEAMUSDT
2023-01-17 15:00:00,0.12500000,0.12610000,0.12480000,0.12480000,300243.00000000,BEAMUSDT
2023-01-17 15:15:00,0.12490000,0.12530000,0.12490000,0.12530000,13844.00000000,BEAMUSDT
2023-01-17 15:30:00,0.12500000,0.12540000,0.12450000,0.12460000,140902.00000000,BEAMUSDT
2023-01-17 15:45:00,0.12480000,0.12500000,0.12460000,0.12500000,44194.00000000,BEAMUSDT
2023-01-17 16:00:00,0.12480000,0.12480000,0.12370000,0.12390000,286971.00000000,BEAMUSDT
2023-01-17 16:15:00,0.12400000,0.12400000,0.12360000,0.12370000,12946.00000000,BEAMUSDT
2023-01-17 16:30:00,0.12370000,0.12390000,0.12270000,0.12320000,140213.00000000,BEAMUSDT
2023-01-17 16:45:00,0.12310000,0.12330000,0.12240000,0.12300000,76920.00000000,BEAMUSDT
2023-01-17 17:00:00,0.12280000,0.12310000,0.12280000,0.12300000,3715.00000000,BEAMUSDT
2023-01-17 17:15:00,0.12280000,0.12300000,0.12250000,0.12260000,31472.00000000,BEAMUSDT
2023-01-17 17:30:00,0.12270000,0.12290000,0.12270000,0.12290000,9911.00000000,BEAMUSDT
2023-01-17 17:45:00,0.12280000,0.12350000,0.12280000,0.12330000,37339.00000000,BEAMUSDT
2023-01-17 18:00:00,0.12330000,0.12350000,0.12280000,0.12280000,43817.00000000,BEAMUSDT
2023-01-17 18:15:00,0.12270000,0.12460000,0.12240000,0.12430000,163065.00000000,BEAMUSDT
2023-01-17 18:30:00,0.12450000,0.12460000,0.12420000,0.12440000,14514.00000000,BEAMUSDT
2023-01-17 18:45:00,0.12450000,0.12450000,0.12350000,0.12360000,134910.00000000,BEAMUSDT
2023-01-17 19:00:00,0.12380000,0.12390000,0.12330000,0.12380000,29420.00000000,BEAMUSDT
2023-01-17 19:15:00,0.12360000,0.12370000,0.12310000,0.12370000,43380.00000000,BEAMUSDT
2023-01-17 19:30:00,0.12370000,0.12400000,0.12310000,0.12340000,72471.00000000,BEAMUSDT
2023-01-17 19:45:00,0.12350000,0.12400000,0.12310000,0.12360000,73600.00000000,BEAMUSDT
2023-01-17 20:00:00,0.12370000,0.12440000,0.12360000,0.12440000,29566.00000000,BEAMUSDT
2023-01-17 20:15:00,0.12440000,0.12470000,0.12410000,0.12430000,38323.00000000,BEAMUSDT
2023-01-17 20:30:00,0.12430000,0.12430000,0.12390000,0.12400000,12507.00000000,BEAMUSDT
2023-01-17 20:45:00,0.12410000,0.12410000,0.12310000,0.12320000,59605.00000000,BEAMUSDT
2023-01-17 21:00:00,0.12350000,0.12350000,0.12310000,0.12340000,23267.00000000,BEAMUSDT
2023-01-17 21:15:00,0.12340000,0.12350000,0.12320000,0.12320000,14677.00000000,BEAMUSDT
2023-01-17 21:30:00,0.12320000,0.12360000,0.12320000,0.12340000,21347.00000000,BEAMUSDT
2023-01-17 21:45:00,0.12340000,0.12370000,0.12340000,0.12370000,19477.00000000,BEAMUSDT
2023-01-17 22:00:00,0.12350000,0.12400000,0.12350000,0.12370000,18869.00000000,BEAMUSDT
2023-01-17 22:15:00,0.12370000,0.12390000,0.12370000,0.12390000,4769.00000000,BEAMUSDT
2023-01-17 22:30:00,0.12370000,0.12390000,0.12370000,0.12370000,3394.00000000,BEAMUSDT
2023-01-17 22:45:00,0.12360000,0.12370000,0.12340000,0.12370000,3303.00000000,BEAMUSDT
2023-01-17 23:00:00,0.12350000,0.12380000,0.12350000,0.12360000,2055.00000000,BEAMUSDT
2023-01-17 23:15:00,0.12350000,0.12350000,0.12350000,0.12350000,624.00000000,BEAMUSDT
2023-01-17 23:30:00,0.12350000,0.12440000,0.12230000,0.12270000,213570.00000000,BEAMUSDT
2023-01-17 23:45:00,0.12300000,0.12320000,0.12250000,0.12270000,11665.00000000,BEAMUSDT
2023-01-18 00:00:00,0.12290000,0.12310000,0.12240000,0.12300000,51082.00000000,BEAMUSDT
2023-01-18 00:15:00,0.12300000,0.12320000,0.12230000,0.12300000,42840.00000000,BEAMUSDT
2023-01-18 00:30:00,0.12300000,0.12340000,0.12300000,0.12320000,15611.00000000,BEAMUSDT
2023-01-18 00:45:00,0.12310000,0.12310000,0.12280000,0.12300000,22680.00000000,BEAMUSDT
2023-01-18 01:00:00,0.12300000,0.12370000,0.12300000,0.12370000,107239.00000000,BEAMUSDT
2023-01-18 01:15:00,0.12330000,0.12330000,0.12240000,0.12240000,61502.00000000,BEAMUSDT
2023-01-18 01:30:00,0.12260000,0.12310000,0.12220000,0.12300000,78686.00000000,BEAMUSDT
2023-01-18 01:45:00,0.12280000,0.12410000,0.12280000,0.12320000,112744.00000000,BEAMUSDT
2023-01-18 02:00:00,0.12320000,0.12320000,0.12270000,0.12290000,21796.00000000,BEAMUSDT
2023-01-18 02:15:00,0.12270000,0.12390000,0.12270000,0.12340000,52266.00000000,BEAMUSDT
2023-01-18 02:30:00,0.12340000,0.12350000,0.12300000,0.12330000,21700.00000000,BEAMUSDT
2023-01-18 02:45:00,0.12330000,0.12390000,0.12330000,0.12340000,42107.00000000,BEAMUSDT
2023-01-18 03:00:00,0.12340000,0.12380000,0.12340000,0.12380000,3217.00000000,BEAMUSDT
2023-01-18 03:15:00,0.12380000,0.12400000,0.12380000,0.12380000,5912.00000000,BEAMUSDT
2023-01-18 03:30:00,0.12380000,0.12380000,0.12320000,0.12330000,22641.00000000,BEAMUSDT
2023-01-18 03:45:00,0.12330000,0.12470000,0.12320000,0.12390000,169269.00000000,BEAMUSDT
2023-01-18 04:00:00,0.12380000,0.12410000,0.12380000,0.12410000,4744.00000000,BEAMUSDT
2023-01-18 04:15:00,0.12390000,0.12410000,0.12380000,0.12400000,15287.00000000,BEAMUSDT
2023-01-18 04:30:00,0.12380000,0.12400000,0.12380000,0.12380000,7848.00000000,BEAMUSDT
2023-01-18 04:45:00,0.12380000,0.12500000,0.12360000,0.12430000,139318.00000000,BEAMUSDT
2023-01-18 05:00:00,0.12430000,0.12450000,0.12410000,0.12450000,13819.00000000,BEAMUSDT
2023-01-18 05:15:00,0.12450000,0.12600000,0.12450000,0.12570000,224539.00000000,BEAMUSDT
2023-01-18 05:30:00,0.12570000,0.12600000,0.12520000,0.12550000,70440.00000000,BEAMUSDT
2023-01-18 05:45:00,0.12560000,0.12560000,0.12520000,0.12540000,22054.00000000,BEAMUSDT
2023-01-18 06:00:00,0.12520000,0.12520000,0.12420000,0.12470000,59258.00000000,BEAMUSDT
2023-01-18 06:15:00,0.12440000,0.12440000,0.12370000,0.12370000,74714.00000000,BEAMUSDT
2023-01-18 06:30:00,0.12400000,0.12450000,0.12380000,0.12450000,34343.00000000,BEAMUSDT
2023-01-18 06:45:00,0.12450000,0.12470000,0.12440000,0.12440000,15332.00000000,BEAMUSDT
2023-01-18 07:00:00,0.12470000,0.12480000,0.12440000,0.12480000,12477.00000000,BEAMUSDT
2023-01-18 07:15:00,0.12490000,0.12500000,0.12450000,0.12450000,11232.00000000,BEAMUSDT
2023-01-18 07:30:00,0.12450000,0.12470000,0.12350000,0.12370000,33071.00000000,BEAMUSDT
2023-01-18 07:45:00,0.12370000,0.12380000,0.12340000,0.12380000,9034.00000000,BEAMUSDT
2023-01-18 08:00:00,0.12370000,0.12410000,0.12330000,0.12350000,43308.00000000,BEAMUSDT
2023-01-18 08:15:00,0.12350000,0.12370000,0.12280000,0.12340000,45467.00000000,BEAMUSDT
2023-01-18 08:30:00,0.12340000,0.12400000,0.12300000,0.12300000,42006.00000000,BEAMUSDT
2023-01-18 08:45:00,0.12320000,0.12330000,0.12300000,0.12300000,2761.00000000,BEAMUSDT
2023-01-18 09:00:00,0.12320000,0.12360000,0.12290000,0.12300000,77063.00000000,BEAMUSDT
2023-01-18 09:15:00,0.12320000,0.12350000,0.12310000,0.12340000,29366.00000000,BEAMUSDT
2023-01-18 09:30:00,0.12340000,0.12340000,0.12070000,0.12180000,281710.00000000,BEAMUSDT
2023-01-18 09:45:00,0.12160000,0.12180000,0.12120000,0.12170000,94634.00000000,BEAMUSDT
2023-01-18 10:00:00,0.12170000,0.12200000,0.12140000,0.12200000,24336.00000000,BEAMUSDT
2023-01-18 10:15:00,0.12190000,0.12230000,0.12190000,0.12200000,6374.00000000,BEAMUSDT
2023-01-18 10:30:00,0.12220000,0.12240000,0.12190000,0.12190000,15569.00000000,BEAMUSDT
2023-01-18 10:45:00,0.12190000,0.12200000,0.12180000,0.12180000,31162.00000000,BEAMUSDT
2023-01-18 11:00:00,0.12190000,0.12200000,0.12170000,0.12200000,50769.00000000,BEAMUSDT
2023-01-18 11:15:00,0.12220000,0.12280000,0.12200000,0.12280000,21713.00000000,BEAMUSDT
2023-01-18 11:30:00,0.12270000,0.12280000,0.12230000,0.12270000,20772.00000000,BEAMUSDT
2023-01-18 11:45:00,0.12260000,0.12290000,0.12250000,0.12250000,24665.00000000,BEAMUSDT
2023-01-18 12:00:00,0.12270000,0.12310000,0.12240000,0.12310000,64188.00000000,BEAMUSDT
2023-01-18 12:15:00,0.12310000,0.12310000,0.12230000,0.12230000,23523.00000000,BEAMUSDT
2023-01-18 12:30:00,0.12250000,0.12280000,0.12230000,0.12270000,27354.00000000,BEAMUSDT
2023-01-18 12:45:00,0.12290000,0.12300000,0.12260000,0.12260000,5028.00000000,BEAMUSDT
2023-01-18 13:00:00,0.12290000,0.12300000,0.12250000,0.12280000,8954.00000000,BEAMUSDT
2023-01-18 13:15:00,0.12280000,0.12300000,0.12270000,0.12300000,20011.00000000,BEAMUSDT
2023-01-18 13:30:00,0.12300000,0.12320000,0.12290000,0.12290000,24523.00000000,BEAMUSDT
2023-01-18 13:45:00,0.12290000,0.12350000,0.12290000,0.12330000,52723.00000000,BEAMUSDT
2023-01-18 14:00:00,0.12330000,0.12460000,0.12320000,0.12420000,195312.00000000,BEAMUSDT
2023-01-18 14:15:00,0.12420000,0.12500000,0.12390000,0.12400000,282074.00000000,BEAMUSDT
2023-01-18 14:30:00,0.12400000,0.12400000,0.12200000,0.12320000,258615.00000000,BEAMUSDT
2023-01-18 14:45:00,0.12320000,0.12350000,0.12320000,0.12350000,21794.00000000,BEAMUSDT
2023-01-18 15:00:00,0.12340000,0.12390000,0.12340000,0.12390000,24770.00000000,BEAMUSDT
2023-01-18 15:15:00,0.12370000,0.12380000,0.12360000,0.12380000,12238.00000000,BEAMUSDT
2023-01-18 15:30:00,0.12370000,0.12400000,0.12340000,0.12340000,66695.00000000,BEAMUSDT
2023-01-18 15:45:00,0.12340000,0.12340000,0.11880000,0.11980000,511853.00000000,BEAMUSDT
2023-01-18 16:00:00,0.11990000,0.11990000,0.11660000,0.11670000,528255.00000000,BEAMUSDT
2023-01-18 16:15:00,0.11720000,0.11980000,0.11530000,0.11660000,418642.00000000,BEAMUSDT
2023-01-18 16:30:00,0.11650000,0.11710000,0.11510000,0.11510000,231425.00000000,BEAMUSDT
2023-01-18 16:45:00,0.11510000,0.11690000,0.11450000,0.11690000,331812.00000000,BEAMUSDT
2023-01-18 17:00:00,0.11690000,0.11850000,0.11630000,0.11840000,248961.00000000,BEAMUSDT
2023-01-18 17:15:00,0.11850000,0.11900000,0.11710000,0.11730000,113233.00000000,BEAMUSDT
2023-01-18 17:30:00,0.11710000,0.11880000,0.11700000,0.11820000,74555.00000000,BEAMUSDT
2023-01-18 17:45:00,0.11830000,0.11870000,0.11800000,0.11840000,38150.00000000,BEAMUSDT
2023-01-18 18:00:00,0.11840000,0.11860000,0.11770000,0.11860000,120175.00000000,BEAMUSDT
2023-01-18 18:15:00,0.11850000,0.11900000,0.11810000,0.11900000,33687.00000000,BEAMUSDT
2023-01-18 18:30:00,0.11870000,0.11910000,0.11840000,0.11840000,29662.00000000,BEAMUSDT
2023-01-18 18:45:00,0.11860000,0.11860000,0.11830000,0.11830000,6436.00000000,BEAMUSDT
2023-01-18 19:00:00,0.11860000,0.11860000,0.11780000,0.11820000,27471.00000000,BEAMUSDT
2023-01-18 19:15:00,0.11790000,0.11800000,0.11760000,0.11770000,39203.00000000,BEAMUSDT
2023-01-18 19:30:00,0.11800000,0.11800000,0.11770000,0.11770000,8027.00000000,BEAMUSDT
2023-01-18 19:45:00,0.11790000,0.11830000,0.11790000,0.11790000,23834.00000000,BEAMUSDT
2023-01-18 20:00:00,0.11780000,0.11820000,0.11760000,0.11790000,21657.00000000,BEAMUSDT
2023-01-18 20:15:00,0.11820000,0.11830000,0.11780000,0.11780000,20328.00000000,BEAMUSDT
2023-01-18 20:30:00,0.11780000,0.11790000,0.11680000,0.11680000,87978.00000000,BEAMUSDT
2023-01-18 20:45:00,0.11680000,0.11680000,0.11620000,0.11630000,17692.00000000,BEAMUSDT
2023-01-18 21:00:00,0.11630000,0.11700000,0.11630000,0.11700000,32137.00000000,BEAMUSDT
2023-01-18 21:15:00,0.11690000,0.11700000,0.11650000,0.11660000,18821.00000000,BEAMUSDT
2023-01-18 21:30:00,0.11670000,0.11710000,0.11670000,0.11700000,11361.00000000,BEAMUSDT
2023-01-18 21:45:00,0.11700000,0.11720000,0.11640000,0.11720000,75543.00000000,BEAMUSDT
2023-01-18 22:00:00,0.11690000,0.11740000,0.11640000,0.11640000,100780.00000000,BEAMUSDT
2023-01-18 22:15:00,0.11640000,0.11670000,0.11630000,0.11670000,1178.00000000,BEAMUSDT
2023-01-18 22:30:00,0.11670000,0.11740000,0.11610000,0.11700000,66332.00000000,BEAMUSDT
2023-01-18 22:45:00,0.11700000,0.11700000,0.11700000,0.11700000,2865.00000000,BEAMUSDT
2023-01-18 23:00:00,0.11680000,0.11710000,0.11680000,0.11690000,9593.00000000,BEAMUSDT
2023-01-18 23:15:00,0.11680000,0.11710000,0.11660000,0.11680000,4489.00000000,BEAMUSDT
2023-01-18 23:30:00,0.11680000,0.11690000,0.11660000,0.11660000,4707.00000000,BEAMUSDT
2023-01-18 23:45:00,0.11680000,0.11680000,0.11630000,0.11630000,20885.00000000,BEAMUSDT
2023-01-19 00:00:00,0.11650000,0.11700000,0.11630000,0.11690000,8908.00000000,BEAMUSDT
2023-01-19 00:15:00,0.11690000,0.11740000,0.11660000,0.11700000,41178.00000000,BEAMUSDT
2023-01-19 00:30:00,0.11700000,0.11770000,0.11700000,0.11740000,28092.00000000,BEAMUSDT
2023-01-19 00:45:00,0.11760000,0.11780000,0.11720000,0.11720000,16785.00000000,BEAMUSDT
2023-01-19 01:00:00,0.11720000,0.11760000,0.11690000,0.11690000,16692.00000000,BEAMUSDT
2023-01-19 01:15:00,0.11690000,0.11740000,0.11690000,0.11740000,11565.00000000,BEAMUSDT
2023-01-19 01:30:00,0.11760000,0.11790000,0.11750000,0.11780000,6883.00000000,BEAMUSDT
2023-01-19 01:45:00,0.11800000,0.11800000,0.11580000,0.11650000,108177.00000000,BEAMUSDT
2023-01-19 02:00:00,0.11690000,0.11710000,0.11670000,0.11670000,6609.00000000,BEAMUSDT
2023-01-19 02:15:00,0.11660000,0.11700000,0.11660000,0.11700000,27550.00000000,BEAMUSDT
2023-01-19 02:30:00,0.11700000,0.11740000,0.11680000,0.11740000,12754.00000000,BEAMUSDT
2023-01-19 02:45:00,0.11730000,0.11740000,0.11720000,0.11720000,1464.00000000,BEAMUSDT
2023-01-19 03:00:00,0.11720000,0.11720000,0.11690000,0.11690000,11996.00000000,BEAMUSDT
2023-01-19 03:15:00,0.11690000,0.11690000,0.11670000,0.11680000,7758.00000000,BEAMUSDT
2023-01-19 03:30:00,0.11670000,0.11680000,0.11650000,0.11650000,13752.00000000,BEAMUSDT
2023-01-19 03:45:00,0.11660000,0.11660000,0.11640000,0.11640000,11925.00000000,BEAMUSDT
2023-01-19 04:00:00,0.11640000,0.11650000,0.10130000,0.10240000,3175068.00000000,BEAMUSDT
2023-01-19 04:15:00,0.10240000,0.10410000,0.06810000,0.08190000,12987813.00000000,BEAMUSDT
2023-01-19 04:30:00,0.08210000,0.09250000,0.08140000,0.08980000,4154629.00000000,BEAMUSDT
2023-01-19 04:45:00,0.09000000,0.09100000,0.07660000,0.08180000,4653590.00000000,BEAMUSDT
2023-01-19 05:00:00,0.08180000,0.08980000,0.08180000,0.08730000,3704247.00000000,BEAMUSDT
2023-01-19 05:15:00,0.08750000,0.08980000,0.07980000,0.08600000,2417214.00000000,BEAMUSDT
2023-01-19 05:30:00,0.08600000,0.08700000,0.08300000,0.08540000,1783693.00000000,BEAMUSDT
2023-01-19 05:45:00,0.08550000,0.09180000,0.08460000,0.08900000,2412597.00000000,BEAMUSDT
2023-01-19 06:00:00,0.08900000,0.09370000,0.08820000,0.09090000,1961955.00000000,BEAMUSDT
2023-01-19 06:15:00,0.09080000,0.09250000,0.08960000,0.09100000,1114431.00000000,BEAMUSDT
2023-01-19 06:30:00,0.09110000,0.09470000,0.09100000,0.09300000,1525651.00000000,BEAMUSDT
2023-01-19 06:45:00,0.09320000,0.09340000,0.09020000,0.09300000,913143.00000000,BEAMUSDT
2023-01-19 07:00:00,0.09270000,0.09610000,0.09130000,0.09530000,1592468.00000000,BEAMUSDT
2023-01-19 07:15:00,0.09500000,0.09700000,0.09300000,0.09430000,1681962.00000000,BEAMUSDT
2023-01-19 07:30:00,0.09440000,0.09530000,0.09170000,0.09420000,1162750.00000000,BEAMUSDT
2023-01-19 07:45:00,0.09410000,0.09410000,0.09150000,0.09220000,737489.00000000,BEAMUSDT
2023-01-19 08:00:00,0.09230000,0.09330000,0.09010000,0.09070000,1409435.00000000,BEAMUSDT
2023-01-19 08:15:00,0.09060000,0.09200000,0.08840000,0.09000000,1119942.00000000,BEAMUSDT
2023-01-19 08:30:00,0.09000000,0.09100000,0.08930000,0.09080000,983603.00000000,BEAMUSDT
2023-01-19 08:45:00,0.09060000,0.09260000,0.08800000,0.08890000,1388979.00000000,BEAMUSDT
2023-01-19 09:00:00,0.08890000,0.09160000,0.08500000,0.08860000,2525672.00000000,BEAMUSDT
2023-01-19 09:15:00,0.08860000,0.08890000,0.08630000,0.08800000,1177476.00000000,BEAMUSDT
2023-01-19 09:30:00,0.08800000,0.08830000,0.08500000,0.08660000,1398257.00000000,BEAMUSDT
2023-01-19 09:45:00,0.08660000,0.08710000,0.08090000,0.08300000,2273713.00000000,BEAMUSDT
2023-01-19 10:00:00,0.08300000,0.08760000,0.08240000,0.08390000,2063021.00000000,BEAMUSDT
2023-01-19 10:15:00,0.08380000,0.08380000,0.08180000,0.08360000,1361201.00000000,BEAMUSDT
2023-01-19 10:30:00,0.08360000,0.08500000,0.08220000,0.08330000,1107289.00000000,BEAMUSDT
2023-01-19 10:45:00,0.08330000,0.08370000,0.08110000,0.08240000,1050512.00000000,BEAMUSDT
2023-01-19 11:00:00,0.08250000,0.08360000,0.08120000,0.08180000,874066.00000000,BEAMUSDT
2023-01-19 11:15:00,0.08180000,0.08990000,0.08000000,0.08400000,2731334.00000000,BEAMUSDT
2023-01-19 11:30:00,0.08380000,0.09130000,0.08380000,0.08660000,2990601.00000000,BEAMUSDT
2023-01-19 11:45:00,0.08660000,0.08750000,0.08530000,0.08530000,604701.00000000,BEAMUSDT
2023-01-19 12:00:00,0.08560000,0.08640000,0.08450000,0.08600000,1029334.00000000,BEAMUSDT
2023-01-19 12:15:00,0.08600000,0.08650000,0.08510000,0.08550000,535760.00000000,BEAMUSDT
2023-01-19 12:30:00,0.08560000,0.08580000,0.08440000,0.08480000,508301.00000000,BEAMUSDT
2023-01-19 12:45:00,0.08490000,0.08490000,0.08180000,0.08370000,1119477.00000000,BEAMUSDT
2023-01-19 13:00:00,0.08370000,0.08400000,0.08300000,0.08330000,481564.00000000,BEAMUSDT
2023-01-19 13:15:00,0.08330000,0.08580000,0.08300000,0.08490000,1101029.00000000,BEAMUSDT
2023-01-19 13:30:00,0.08510000,0.08750000,0.08430000,0.08660000,927645.00000000,BEAMUSDT
2023-01-19 13:45:00,0.08650000,0.08670000,0.08300000,0.08420000,1285237.00000000,BEAMUSDT
2023-01-19 14:00:00,0.08410000,0.08440000,0.08310000,0.08380000,553336.00000000,BEAMUSDT
2023-01-19 14:15:00,0.08380000,0.08390000,0.08100000,0.08260000,1367449.00000000,BEAMUSDT
2023-01-19 14:30:00,0.08250000,0.08330000,0.08220000,0.08270000,557774.00000000,BEAMUSDT
2023-01-19 14:45:00,0.08260000,0.08320000,0.08170000,0.08230000,473439.00000000,BEAMUSDT
2023-01-19 15:00:00,0.08200000,0.08330000,0.08150000,0.08310000,813861.00000000,BEAMUSDT
2023-01-19 15:15:00,0.08310000,0.08390000,0.08280000,0.08380000,431164.00000000,BEAMUSDT
2023-01-19 15:30:00,0.08390000,0.08470000,0.08360000,0.08400000,622155.00000000,BEAMUSDT
2023-01-19 15:45:00,0.08400000,0.08490000,0.08350000,0.08380000,446015.00000000,BEAMUSDT
2023-01-19 16:00:00,0.08380000,0.08640000,0.08360000,0.08630000,1032151.00000000,BEAMUSDT
2023-01-19 16:15:00,0.08630000,0.08630000,0.08410000,0.08520000,698995.00000000,BEAMUSDT
2023-01-19 16:30:00,0.08530000,0.08650000,0.08440000,0.08560000,798350.00000000,BEAMUSDT
2023-01-19 16:45:00,0.08580000,0.08640000,0.08550000,0.08570000,581646.00000000,BEAMUSDT
2023-01-19 17:00:00,0.08570000,0.08730000,0.08560000,0.08570000,764639.00000000,BEAMUSDT
2023-01-19 17:15:00,0.08570000,0.08680000,0.08550000,0.08670000,555276.00000000,BEAMUSDT
2023-01-19 17:30:00,0.08660000,0.08680000,0.08550000,0.08600000,479155.00000000,BEAMUSDT
2023-01-19 17:45:00,0.08600000,0.08610000,0.08450000,0.08470000,888147.00000000,BEAMUSDT
2023-01-19 18:00:00,0.08500000,0.08600000,0.08470000,0.08560000,501258.00000000,BEAMUSDT
2023-01-19 18:15:00,0.08550000,0.08640000,0.08550000,0.08610000,451539.00000000,BEAMUSDT
2023-01-19 18:30:00,0.08630000,0.08700000,0.08600000,0.08700000,574029.00000000,BEAMUSDT
2023-01-19 18:45:00,0.08700000,0.08930000,0.08690000,0.08850000,895391.00000000,BEAMUSDT
2023-01-19 19:00:00,0.08840000,0.08880000,0.08600000,0.08700000,646488.00000000,BEAMUSDT
2023-01-19 19:15:00,0.08710000,0.08870000,0.08690000,0.08850000,534930.00000000,BEAMUSDT
2023-01-19 19:30:00,0.08870000,0.08890000,0.08790000,0.08820000,334963.00000000,BEAMUSDT
2023-01-19 19:45:00,0.08820000,0.09000000,0.08730000,0.08910000,1097288.00000000,BEAMUSDT
2023-01-19 20:00:00,0.08910000,0.08940000,0.08700000,0.08800000,619017.00000000,BEAMUSDT
2023-01-19 20:15:00,0.08810000,0.08910000,0.08800000,0.08850000,674099.00000000,BEAMUSDT
2023-01-19 20:30:00,0.08840000,0.08900000,0.08820000,0.08850000,349457.00000000,BEAMUSDT
2023-01-19 20:45:00,0.08850000,0.09000000,0.08840000,0.08930000,1022742.00000000,BEAMUSDT
2023-01-19 21:00:00,0.08930000,0.08940000,0.08850000,0.08890000,429148.00000000,BEAMUSDT
2023-01-19 21:15:00,0.08880000,0.08900000,0.08700000,0.08870000,511596.00000000,BEAMUSDT
2023-01-19 21:30:00,0.08870000,0.09110000,0.08680000,0.08790000,1330808.00000000,BEAMUSDT
2023-01-19 21:45:00,0.08800000,0.09060000,0.08760000,0.08920000,464355.00000000,BEAMUSDT
2023-01-19 22:00:00,0.08920000,0.09350000,0.08890000,0.09150000,1745360.00000000,BEAMUSDT
2023-01-19 22:15:00,0.09150000,0.09340000,0.09110000,0.09270000,890961.00000000,BEAMUSDT
2023-01-19 22:30:00,0.09250000,0.09430000,0.09130000,0.09430000,925369.00000000,BEAMUSDT
2023-01-19 22:45:00,0.09410000,0.09470000,0.09250000,0.09380000,762638.00000000,BEAMUSDT
2023-01-19 23:00:00,0.09390000,0.09500000,0.09140000,0.09430000,851867.00000000,BEAMUSDT
2023-01-19 23:15:00,0.09430000,0.09440000,0.09300000,0.09320000,353338.00000000,BEAMUSDT
2023-01-19 23:30:00,0.09300000,0.09300000,0.08930000,0.09050000,889259.00000000,BEAMUSDT
2023-01-19 23:45:00,0.09050000,0.09230000,0.09050000,0.09200000,379171.00000000,BEAMUSDT
2023-01-20 00:00:00,0.09170000,0.09170000,0.08930000,0.09010000,683512.00000000,BEAMUSDT
2023-01-20 00:15:00,0.09010000,0.09130000,0.08980000,0.09080000,249322.00000000,BEAMUSDT
2023-01-20 00:30:00,0.09080000,0.09130000,0.09030000,0.09100000,230612.00000000,BEAMUSDT
2023-01-20 00:45:00,0.09100000,0.09100000,0.09060000,0.09060000,83896.00000000,BEAMUSDT
2023-01-20 01:00:00,0.09060000,0.09170000,0.09060000,0.09170000,162051.00000000,BEAMUSDT
2023-01-20 01:15:00,0.09160000,0.09300000,0.09140000,0.09220000,312927.00000000,BEAMUSDT
2023-01-20 01:30:00,0.09230000,0.09230000,0.09090000,0.09160000,188790.00000000,BEAMUSDT
2023-01-20 01:45:00,0.09160000,0.09390000,0.09150000,0.09250000,317265.00000000,BEAMUSDT
2023-01-20 02:00:00,0.09250000,0.09340000,0.09180000,0.09200000,173654.00000000,BEAMUSDT
2023-01-20 02:15:00,0.09200000,0.09330000,0.09170000,0.09180000,272558.00000000,BEAMUSDT
2023-01-20 02:30:00,0.09180000,0.09230000,0.09160000,0.09170000,151257.00000000,BEAMUSDT
2023-01-20 02:45:00,0.09170000,0.09170000,0.09060000,0.09080000,217255.00000000,BEAMUSDT
2023-01-20 03:00:00,0.09060000,0.09240000,0.09030000,0.09140000,375053.00000000,BEAMUSDT
2023-01-20 03:15:00,0.09140000,0.09180000,0.09050000,0.09170000,269148.00000000,BEAMUSDT
2023-01-20 03:30:00,0.09170000,0.09220000,0.09130000,0.09160000,171644.00000000,BEAMUSDT
2023-01-20 03:45:00,0.09150000,0.09150000,0.09080000,0.09110000,233896.00000000,BEAMUSDT
2023-01-20 04:00:00,0.09100000,0.09130000,0.09100000,0.09120000,96752.00000000,BEAMUSDT
2023-01-20 04:15:00,0.09120000,0.09350000,0.09120000,0.09310000,532970.00000000,BEAMUSDT
2023-01-20 04:30:00,0.09310000,0.09310000,0.09100000,0.09100000,448368.00000000,BEAMUSDT
2023-01-20 04:45:00,0.09100000,0.09130000,0.09030000,0.09070000,340857.00000000,BEAMUSDT
2023-01-20 05:00:00,0.09050000,0.09120000,0.09030000,0.09090000,346202.00000000,BEAMUSDT
2023-01-20 05:15:00,0.09090000,0.09100000,0.08910000,0.08940000,373799.00000000,BEAMUSDT
2023-01-20 05:30:00,0.08920000,0.08960000,0.08750000,0.08750000,476010.00000000,BEAMUSDT
2023-01-20 05:45:00,0.08770000,0.08830000,0.08680000,0.08720000,408647.00000000,BEAMUSDT
2023-01-20 06:00:00,0.08720000,0.08750000,0.08550000,0.08580000,511119.00000000,BEAMUSDT
2023-01-20 06:15:00,0.08590000,0.08820000,0.08590000,0.08700000,457468.00000000,BEAMUSDT
2023-01-20 06:30:00,0.08700000,0.08740000,0.08680000,0.08740000,163762.00000000,BEAMUSDT
2023-01-20 06:45:00,0.08720000,0.08810000,0.08660000,0.08660000,226724.00000000,BEAMUSDT
2023-01-20 07:00:00,0.08670000,0.08740000,0.08650000,0.08740000,185567.00000000,BEAMUSDT
2023-01-20 07:15:00,0.08740000,0.08740000,0.08630000,0.08710000,209007.00000000,BEAMUSDT
2023-01-20 07:30:00,0.08710000,0.08710000,0.08580000,0.08660000,257644.00000000,BEAMUSDT
2023-01-20 07:45:00,0.08660000,0.08680000,0.08500000,0.08630000,452667.00000000,BEAMUSDT
2023-01-20 08:00:00,0.08620000,0.08660000,0.08580000,0.08660000,79518.00000000,BEAMUSDT
2023-01-20 08:15:00,0.08660000,0.08680000,0.08370000,0.08540000,714938.00000000,BEAMUSDT
2023-01-20 08:30:00,0.08560000,0.08570000,0.08450000,0.08490000,448137.00000000,BEAMUSDT
2023-01-20 08:45:00,0.08480000,0.08690000,0.08470000,0.08690000,341965.00000000,BEAMUSDT
2023-01-20 09:00:00,0.08690000,0.08690000,0.08610000,0.08660000,79549.00000000,BEAMUSDT
2023-01-20 09:15:00,0.08660000,0.08680000,0.08610000,0.08630000,191561.00000000,BEAMUSDT
2023-01-20 09:30:00,0.08630000,0.08650000,0.08560000,0.08580000,99853.00000000,BEAMUSDT
2023-01-20 09:45:00,0.08600000,0.08610000,0.08540000,0.08590000,155368.00000000,BEAMUSDT
2023-01-20 10:00:00,0.08610000,0.08610000,0.08550000,0.08570000,108332.00000000,BEAMUSDT
2023-01-20 10:15:00,0.08550000,0.08570000,0.08450000,0.08520000,176378.00000000,BEAMUSDT
2023-01-20 10:30:00,0.08510000,0.08570000,0.08500000,0.08500000,91421.00000000,BEAMUSDT
2023-01-20 10:45:00,0.08500000,0.08560000,0.08490000,0.08520000,206857.00000000,BEAMUSDT
2023-01-20 11:00:00,0.08520000,0.08570000,0.08470000,0.08470000,250898.00000000,BEAMUSDT
2023-01-20 11:15:00,0.08470000,0.08540000,0.08440000,0.08490000,159581.00000000,BEAMUSDT
2023-01-20 11:30:00,0.08500000,0.08520000,0.08460000,0.08490000,164580.00000000,BEAMUSDT
2023-01-20 11:45:00,0.08490000,0.08540000,0.08450000,0.08520000,138365.00000000,BEAMUSDT
2023-01-20 12:00:00,0.08540000,0.08610000,0.08510000,0.08580000,121926.00000000,BEAMUSDT
2023-01-20 12:15:00,0.08580000,0.08580000,0.08500000,0.08500000,144097.00000000,BEAMUSDT
2023-01-20 12:30:00,0.08510000,0.08530000,0.08430000,0.08460000,236717.00000000,BEAMUSDT
2023-01-20 12:45:00,0.08460000,0.08510000,0.08360000,0.08440000,252199.00000000,BEAMUSDT
2023-01-20 13:00:00,0.08440000,0.08460000,0.08400000,0.08420000,175868.00000000,BEAMUSDT
2023-01-20 13:15:00,0.08420000,0.08460000,0.08410000,0.08440000,91484.00000000,BEAMUSDT
2023-01-20 13:30:00,0.08450000,0.08450000,0.08370000,0.08400000,149701.00000000,BEAMUSDT
2023-01-20 13:45:00,0.08400000,0.08400000,0.08000000,0.08290000,1778512.00000000,BEAMUSDT
2023-01-20 14:00:00,0.08300000,0.08320000,0.08150000,0.08230000,613178.00000000,BEAMUSDT
2023-01-20 14:15:00,0.08240000,0.08310000,0.08230000,0.08260000,193189.00000000,BEAMUSDT
2023-01-20 14:30:00,0.08260000,0.08290000,0.08150000,0.08240000,345139.00000000,BEAMUSDT
2023-01-20 14:45:00,0.08240000,0.08290000,0.08220000,0.08270000,158118.00000000,BEAMUSDT
2023-01-20 15:00:00,0.08250000,0.08310000,0.08210000,0.08270000,223388.00000000,BEAMUSDT
2023-01-20 15:15:00,0.08270000,0.08290000,0.08220000,0.08250000,150165.00000000,BEAMUSDT
2023-01-20 15:30:00,0.08230000,0.08250000,0.08210000,0.08210000,142434.00000000,BEAMUSDT
2023-01-20 15:45:00,0.08210000,0.08220000,0.08060000,0.08160000,484009.00000000,BEAMUSDT
2023-01-20 16:00:00,0.08160000,0.08350000,0.08150000,0.08270000,633054.00000000,BEAMUSDT
2023-01-20 16:15:00,0.08270000,0.08300000,0.08250000,0.08290000,299349.00000000,BEAMUSDT
2023-01-20 16:30:00,0.08290000,0.08300000,0.08260000,0.08300000,258423.00000000,BEAMUSDT
2023-01-20 16:45:00,0.08300000,0.08320000,0.08210000,0.08280000,504328.00000000,BEAMUSDT
2023-01-20 17:00:00,0.08280000,0.08400000,0.08110000,0.08270000,1092475.00000000,BEAMUSDT
2023-01-20 17:15:00,0.08260000,0.08290000,0.08180000,0.08210000,442724.00000000,BEAMUSDT
2023-01-20 17:30:00,0.08210000,0.08320000,0.08200000,0.08290000,308662.00000000,BEAMUSDT
2023-01-20 17:45:00,0.08300000,0.08380000,0.08280000,0.08350000,283072.00000000,BEAMUSDT
2023-01-20 18:00:00,0.08340000,0.08370000,0.08260000,0.08300000,196722.00000000,BEAMUSDT
2023-01-20 18:15:00,0.08300000,0.08370000,0.08290000,0.08350000,362777.00000000,BEAMUSDT
2023-01-20 18:30:00,0.08360000,0.08500000,0.08340000,0.08420000,541639.00000000,BEAMUSDT
2023-01-20 18:45:00,0.08410000,0.08450000,0.08340000,0.08400000,246105.00000000,BEAMUSDT
2023-01-20 19:00:00,0.08400000,0.08410000,0.08310000,0.08370000,263902.00000000,BEAMUSDT
2023-01-20 19:15:00,0.08370000,0.08420000,0.08370000,0.08420000,242667.00000000,BEAMUSDT
2023-01-20 19:30:00,0.08420000,0.08460000,0.08390000,0.08390000,298995.00000000,BEAMUSDT
2023-01-20 19:45:00,0.08380000,0.08450000,0.08360000,0.08390000,341523.00000000,BEAMUSDT
2023-01-20 20:00:00,0.08390000,0.08490000,0.08380000,0.08470000,513482.00000000,BEAMUSDT
2023-01-20 20:15:00,0.08480000,0.08510000,0.08430000,0.08450000,541107.00000000,BEAMUSDT
2023-01-20 20:30:00,0.08450000,0.08470000,0.08420000,0.08440000,294191.00000000,BEAMUSDT
2023-01-20 20:45:00,0.08430000,0.08570000,0.08410000,0.08560000,1022474.00000000,BEAMUSDT
2023-01-20 21:00:00,0.08550000,0.08620000,0.08500000,0.08530000,680365.00000000,BEAMUSDT
2023-01-20 21:15:00,0.08540000,0.08660000,0.08510000,0.08590000,506581.00000000,BEAMUSDT
2023-01-20 21:30:00,0.08590000,0.08610000,0.08400000,0.08430000,1074254.00000000,BEAMUSDT
2023-01-20 21:45:00,0.08440000,0.08550000,0.08420000,0.08460000,435912.00000000,BEAMUSDT
2023-01-20 22:00:00,0.08460000,0.08480000,0.08340000,0.08400000,869045.00000000,BEAMUSDT
2023-01-20 22:15:00,0.08400000,0.08500000,0.08370000,0.08490000,551898.00000000,BEAMUSDT
2023-01-20 22:30:00,0.08490000,0.08560000,0.08400000,0.08460000,780689.00000000,BEAMUSDT
2023-01-20 22:45:00,0.08460000,0.08650000,0.08430000,0.08590000,859423.00000000,BEAMUSDT
2023-01-20 23:00:00,0.08600000,0.08640000,0.08460000,0.08640000,561431.00000000,BEAMUSDT
2023-01-20 23:15:00,0.08640000,0.08660000,0.08520000,0.08610000,862757.00000000,BEAMUSDT
2023-01-20 23:30:00,0.08610000,0.08620000,0.08490000,0.08590000,483106.00000000,BEAMUSDT
2023-01-20 23:45:00,0.08580000,0.08650000,0.08550000,0.08600000,409519.00000000,BEAMUSDT
2023-01-21 00:00:00,0.08600000,0.08600000,0.08350000,0.08430000,803896.00000000,BEAMUSDT
2023-01-21 00:15:00,0.08450000,0.08450000,0.08350000,0.08430000,321493.00000000,BEAMUSDT
2023-01-21 00:30:00,0.08440000,0.08630000,0.08430000,0.08610000,692469.00000000,BEAMUSDT
2023-01-21 00:45:00,0.08600000,0.08650000,0.08570000,0.08590000,329348.00000000,BEAMUSDT
2023-01-21 01:00:00,0.08590000,0.08630000,0.08530000,0.08540000,256540.00000000,BEAMUSDT
2023-01-21 01:15:00,0.08540000,0.08580000,0.08510000,0.08510000,254555.00000000,BEAMUSDT
2023-01-21 01:30:00,0.08510000,0.08530000,0.08420000,0.08500000,269254.00000000,BEAMUSDT
2023-01-21 01:45:00,0.08510000,0.08530000,0.08430000,0.08530000,229960.00000000,BEAMUSDT
2023-01-21 02:00:00,0.08530000,0.08580000,0.08510000,0.08580000,147320.00000000,BEAMUSDT
2023-01-21 02:15:00,0.08580000,0.08600000,0.08560000,0.08570000,177291.00000000,BEAMUSDT
2023-01-21 02:30:00,0.08590000,0.08590000,0.08480000,0.08500000,202321.00000000,BEAMUSDT
2023-01-21 02:45:00,0.08500000,0.08610000,0.08490000,0.08550000,238305.00000000,BEAMUSDT
2023-01-21 03:00:00,0.08550000,0.08550000,0.08500000,0.08510000,135113.00000000,BEAMUSDT
2023-01-21 03:15:00,0.08510000,0.08550000,0.08500000,0.08550000,122290.00000000,BEAMUSDT
2023-01-21 03:30:00,0.08550000,0.08600000,0.08530000,0.08580000,143256.00000000,BEAMUSDT
2023-01-21 03:45:00,0.08580000,0.08590000,0.08530000,0.08560000,294940.00000000,BEAMUSDT
2023-01-21 04:00:00,0.08560000,0.08620000,0.08510000,0.08570000,240887.00000000,BEAMUSDT
2023-01-21 04:15:00,0.08570000,0.08630000,0.08550000,0.08600000,263156.00000000,BEAMUSDT
2023-01-21 04:30:00,0.08590000,0.08750000,0.08430000,0.08530000,993066.00000000,BEAMUSDT
2023-01-21 04:45:00,0.08530000,0.08620000,0.08510000,0.08600000,373205.00000000,BEAMUSDT
2023-01-21 05:00:00,0.08600000,0.08650000,0.08580000,0.08610000,219197.00000000,BEAMUSDT
2023-01-21 05:15:00,0.08590000,0.08660000,0.08590000,0.08600000,170504.00000000,BEAMUSDT
2023-01-21 05:30:00,0.08610000,0.08630000,0.08590000,0.08600000,106394.00000000,BEAMUSDT
2023-01-21 05:45:00,0.08610000,0.08630000,0.08570000,0.08570000,295716.00000000,BEAMUSDT
2023-01-21 06:00:00,0.08560000,0.08590000,0.08540000,0.08570000,161754.00000000,BEAMUSDT
2023-01-21 06:15:00,0.08570000,0.08670000,0.08570000,0.08660000,268903.00000000,BEAMUSDT
2023-01-21 06:30:00,0.08660000,0.08740000,0.08610000,0.08650000,458039.00000000,BEAMUSDT
2023-01-21 06:45:00,0.08630000,0.08710000,0.08610000,0.08700000,419745.00000000,BEAMUSDT
2023-01-21 07:00:00,0.08710000,0.08800000,0.08670000,0.08730000,593805.00000000,BEAMUSDT
2023-01-21 07:15:00,0.08730000,0.08760000,0.08710000,0.08750000,316011.00000000,BEAMUSDT
2023-01-21 07:30:00,0.08750000,0.08900000,0.08730000,0.08870000,537022.00000000,BEAMUSDT
2023-01-21 07:45:00,0.08860000,0.09000000,0.08720000,0.08760000,1021004.00000000,BEAMUSDT
2023-01-21 08:00:00,0.08770000,0.08870000,0.08720000,0.08740000,370053.00000000,BEAMUSDT
2023-01-21 08:15:00,0.08740000,0.08900000,0.08590000,0.08710000,1195099.00000000,BEAMUSDT
2023-01-21 08:30:00,0.08690000,0.08700000,0.08580000,0.08610000,244773.00000000,BEAMUSDT
2023-01-21 08:45:00,0.08600000,0.08640000,0.08590000,0.08640000,233412.00000000,BEAMUSDT
2023-01-21 09:00:00,0.08640000,0.08730000,0.08610000,0.08670000,261411.00000000,BEAMUSDT
2023-01-21 09:15:00,0.08690000,0.09060000,0.08660000,0.08880000,1850316.00000000,BEAMUSDT
2023-01-21 09:30:00,0.08870000,0.09000000,0.08850000,0.08910000,592760.00000000,BEAMUSDT
2023-01-21 09:45:00,0.08910000,0.08930000,0.08860000,0.08860000,224024.00000000,BEAMUSDT
2023-01-21 10:00:00,0.08860000,0.08880000,0.08680000,0.08820000,507733.00000000,BEAMUSDT
2023-01-21 10:15:00,0.08820000,0.08850000,0.08600000,0.08610000,670098.00000000,BEAMUSDT
2023-01-21 10:30:00,0.08600000,0.08690000,0.08510000,0.08690000,348322.00000000,BEAMUSDT
2023-01-21 10:45:00,0.08700000,0.08710000,0.08550000,0.08580000,319440.00000000,BEAMUSDT
2023-01-21 11:00:00,0.08580000,0.08620000,0.08520000,0.08540000,231811.00000000,BEAMUSDT
2023-01-21 11:15:00,0.08540000,0.08640000,0.08520000,0.08620000,342468.00000000,BEAMUSDT
2023-01-21 11:30:00,0.08610000,0.08750000,0.08590000,0.08730000,310693.00000000,BEAMUSDT
2023-01-21 11:45:00,0.08690000,0.08690000,0.08600000,0.08650000,131337.00000000,BEAMUSDT
2023-01-21 12:00:00,0.08650000,0.08680000,0.08640000,0.08650000,98731.00000000,BEAMUSDT
2023-01-21 12:15:00,0.08650000,0.08760000,0.08620000,0.08670000,98343.00000000,BEAMUSDT
2023-01-21 12:30:00,0.08670000,0.08670000,0.08560000,0.08560000,176226.00000000,BEAMUSDT
2023-01-21 12:45:00,0.08560000,0.08600000,0.08560000,0.08590000,79984.00000000,BEAMUSDT
2023-01-21 13:00:00,0.08580000,0.08700000,0.08540000,0.08610000,341088.00000000,BEAMUSDT
2023-01-21 13:15:00,0.08610000,0.08610000,0.08490000,0.08530000,325401.00000000,BEAMUSDT
2023-01-21 13:30:00,0.08520000,0.08530000,0.08400000,0.08460000,331429.00000000,BEAMUSDT
2023-01-21 13:45:00,0.08460000,0.08530000,0.08460000,0.08510000,58178.00000000,BEAMUSDT
2023-01-21 14:00:00,0.08510000,0.08600000,0.08510000,0.08560000,168668.00000000,BEAMUSDT
2023-01-21 14:15:00,0.08560000,0.08560000,0.08500000,0.08540000,92780.00000000,BEAMUSDT
2023-01-21 14:30:00,0.08530000,0.08550000,0.08500000,0.08550000,71150.00000000,BEAMUSDT
2023-01-21 14:45:00,0.08530000,0.08550000,0.08470000,0.08510000,158898.00000000,BEAMUSDT
2023-01-21 15:00:00,0.08530000,0.08530000,0.08470000,0.08480000,132850.00000000,BEAMUSDT
2023-01-21 15:15:00,0.08490000,0.08520000,0.08380000,0.08470000,407031.00000000,BEAMUSDT
2023-01-21 15:30:00,0.08450000,0.08470000,0.08400000,0.08430000,210484.00000000,BEAMUSDT
2023-01-21 15:45:00,0.08430000,0.08440000,0.08400000,0.08400000,106216.00000000,BEAMUSDT
2023-01-21 16:00:00,0.08400000,0.08530000,0.08400000,0.08490000,175075.00000000,BEAMUSDT
2023-01-21 16:15:00,0.08480000,0.08510000,0.08380000,0.08420000,322611.00000000,BEAMUSDT
2023-01-21 16:30:00,0.08410000,0.08490000,0.08380000,0.08380000,238650.00000000,BEAMUSDT
2023-01-21 16:45:00,0.08380000,0.08480000,0.08360000,0.08390000,794094.00000000,BEAMUSDT
2023-01-21 17:00:00,0.08410000,0.08490000,0.08330000,0.08400000,479557.00000000,BEAMUSDT
2023-01-21 17:15:00,0.08410000,0.08450000,0.08350000,0.08410000,226417.00000000,BEAMUSDT
2023-01-21 17:30:00,0.08400000,0.08400000,0.08350000,0.08370000,152283.00000000,BEAMUSDT
2023-01-21 17:45:00,0.08380000,0.08390000,0.08340000,0.08360000,98631.00000000,BEAMUSDT
2023-01-21 18:00:00,0.08370000,0.08410000,0.08360000,0.08400000,126831.00000000,BEAMUSDT
2023-01-21 18:15:00,0.08400000,0.08400000,0.08290000,0.08310000,409784.00000000,BEAMUSDT
2023-01-21 18:30:00,0.08310000,0.08390000,0.08290000,0.08310000,320019.00000000,BEAMUSDT
2023-01-21 18:45:00,0.08310000,0.08350000,0.08200000,0.08320000,482499.00000000,BEAMUSDT
2023-01-21 19:00:00,0.08320000,0.08400000,0.08300000,0.08390000,192680.00000000,BEAMUSDT
2023-01-21 19:15:00,0.08380000,0.08400000,0.08240000,0.08260000,301943.00000000,BEAMUSDT
2023-01-21 19:30:00,0.08270000,0.08300000,0.08220000,0.08250000,198079.00000000,BEAMUSDT
2023-01-21 19:45:00,0.08240000,0.08330000,0.08240000,0.08270000,224217.00000000,BEAMUSDT
2023-01-21 20:00:00,0.08280000,0.08320000,0.08270000,0.08310000,96613.00000000,BEAMUSDT
2023-01-21 20:15:00,0.08310000,0.08400000,0.08220000,0.08390000,382896.00000000,BEAMUSDT
2023-01-21 20:30:00,0.08390000,0.08470000,0.08390000,0.08470000,407216.00000000,BEAMUSDT
2023-01-21 20:45:00,0.08460000,0.08490000,0.08320000,0.08390000,303934.00000000,BEAMUSDT
2023-01-21 21:00:00,0.08390000,0.08430000,0.08360000,0.08400000,109145.00000000,BEAMUSDT
2023-01-21 21:15:00,0.08400000,0.08410000,0.08340000,0.08360000,90956.00000000,BEAMUSDT
2023-01-21 21:30:00,0.08360000,0.08410000,0.08350000,0.08380000,80833.00000000,BEAMUSDT
2023-01-21 21:45:00,0.08380000,0.08440000,0.08330000,0.08430000,170811.00000000,BEAMUSDT
2023-01-21 22:00:00,0.08410000,0.08410000,0.08350000,0.08350000,48780.00000000,BEAMUSDT
2023-01-21 22:15:00,0.08360000,0.08400000,0.08260000,0.08310000,250675.00000000,BEAMUSDT
2023-01-21 22:30:00,0.08310000,0.08340000,0.08290000,0.08310000,35053.00000000,BEAMUSDT
2023-01-21 22:45:00,0.08320000,0.08380000,0.08300000,0.08310000,53540.00000000,BEAMUSDT
2023-01-21 23:00:00,0.08310000,0.08330000,0.08280000,0.08300000,53363.00000000,BEAMUSDT
2023-01-21 23:15:00,0.08290000,0.08290000,0.08230000,0.08250000,55817.00000000,BEAMUSDT
2023-01-21 23:30:00,0.08230000,0.08260000,0.08120000,0.08140000,212213.00000000,BEAMUSDT
2023-01-21 23:45:00,0.08140000,0.08190000,0.08110000,0.08120000,117731.00000000,BEAMUSDT
2023-01-22 00:00:00,0.08120000,0.08140000,0.08100000,0.08120000,212227.00000000,BEAMUSDT
2023-01-22 00:15:00,0.08120000,0.08150000,0.08100000,0.08120000,149967.00000000,BEAMUSDT
2023-01-22 00:30:00,0.08120000,0.08190000,0.08120000,0.08170000,90636.00000000,BEAMUSDT
2023-01-22 00:45:00,0.08180000,0.08190000,0.08140000,0.08180000,133276.00000000,BEAMUSDT
2023-01-22 01:00:00,0.08160000,0.08200000,0.08160000,0.08170000,129664.00000000,BEAMUSDT
2023-01-22 01:15:00,0.08180000,0.08250000,0.08170000,0.08240000,132063.00000000,BEAMUSDT
2023-01-22 01:30:00,0.08230000,0.08300000,0.08170000,0.08220000,163195.00000000,BEAMUSDT
2023-01-22 01:45:00,0.08210000,0.08210000,0.08120000,0.08180000,238601.00000000,BEAMUSDT
2023-01-22 02:00:00,0.08160000,0.08170000,0.08120000,0.08130000,96716.00000000,BEAMUSDT
2023-01-22 02:15:00,0.08140000,0.08170000,0.08110000,0.08160000,194314.00000000,BEAMUSDT
2023-01-22 02:30:00,0.08160000,0.08160000,0.08120000,0.08120000,66475.00000000,BEAMUSDT
2023-01-22 02:45:00,0.08120000,0.08120000,0.08100000,0.08100000,84935.00000000,BEAMUSDT
2023-01-22 03:00:00,0.08100000,0.08100000,0.07880000,0.07890000,931051.00000000,BEAMUSDT
2023-01-22 03:15:00,0.07890000,0.07960000,0.07850000,0.07850000,322807.00000000,BEAMUSDT
2023-01-22 03:30:00,0.07850000,0.07920000,0.07750000,0.07820000,327773.00000000,BEAMUSDT
2023-01-22 03:45:00,0.07830000,0.07840000,0.07730000,0.07800000,339209.00000000,BEAMUSDT
2023-01-22 04:00:00,0.07800000,0.07920000,0.07780000,0.07860000,237946.00000000,BEAMUSDT
2023-01-22 04:15:00,0.07860000,0.07860000,0.07700000,0.07720000,422886.00000000,BEAMUSDT
2023-01-22 04:30:00,0.07720000,0.07830000,0.07700000,0.07800000,235354.00000000,BEAMUSDT
2023-01-22 04:45:00,0.07810000,0.07830000,0.07800000,0.07830000,98631.00000000,BEAMUSDT
2023-01-22 05:00:00,0.07830000,0.07850000,0.07800000,0.07840000,174944.00000000,BEAMUSDT
2023-01-22 05:15:00,0.07840000,0.07940000,0.07830000,0.07930000,361693.00000000,BEAMUSDT
2023-01-22 05:30:00,0.07930000,0.07970000,0.07900000,0.07960000,188974.00000000,BEAMUSDT
2023-01-22 05:45:00,0.07970000,0.07980000,0.07940000,0.07960000,131783.00000000,BEAMUSDT
2023-01-22 06:00:00,0.07950000,0.08000000,0.07950000,0.07990000,108786.00000000,BEAMUSDT
2023-01-22 06:15:00,0.07990000,0.07990000,0.07950000,0.07960000,137958.00000000,BEAMUSDT
2023-01-22 06:30:00,0.07970000,0.07990000,0.07960000,0.07990000,63890.00000000,BEAMUSDT
2023-01-22 06:45:00,0.07990000,0.07990000,0.07850000,0.07930000,170483.00000000,BEAMUSDT
2023-01-22 07:00:00,0.07940000,0.08010000,0.07860000,0.07960000,371350.00000000,BEAMUSDT
2023-01-22 07:15:00,0.07940000,0.07980000,0.07940000,0.07970000,78068.00000000,BEAMUSDT
2023-01-22 07:30:00,0.07970000,0.07970000,0.07870000,0.07880000,166546.00000000,BEAMUSDT
2023-01-22 07:45:00,0.07880000,0.07900000,0.07840000,0.07870000,263200.00000000,BEAMUSDT
2023-01-22 08:00:00,0.07870000,0.07970000,0.07870000,0.07930000,240900.00000000,BEAMUSDT
2023-01-22 08:15:00,0.07920000,0.08070000,0.07920000,0.08040000,358220.00000000,BEAMUSDT
2023-01-22 08:30:00,0.08040000,0.08060000,0.07950000,0.07980000,208332.00000000,BEAMUSDT
2023-01-22 08:45:00,0.07980000,0.08120000,0.07980000,0.08010000,303052.00000000,BEAMUSDT
2023-01-22 09:00:00,0.08010000,0.08030000,0.07980000,0.07980000,129497.00000000,BEAMUSDT
2023-01-22 09:15:00,0.07980000,0.07980000,0.07910000,0.07960000,157974.00000000,BEAMUSDT
2023-01-22 09:30:00,0.07960000,0.08140000,0.07940000,0.07980000,547712.00000000,BEAMUSDT
2023-01-22 09:45:00,0.07990000,0.08080000,0.07980000,0.08080000,284668.00000000,BEAMUSDT
2023-01-22 10:00:00,0.08070000,0.08070000,0.07970000,0.08010000,150079.00000000,BEAMUSDT
2023-01-22 10:15:00,0.07980000,0.08020000,0.07960000,0.07990000,201191.00000000,BEAMUSDT
2023-01-22 10:30:00,0.07990000,0.08000000,0.07930000,0.07960000,291665.00000000,BEAMUSDT
2023-01-22 10:45:00,0.07960000,0.08020000,0.07900000,0.07910000,349808.00000000,BEAMUSDT
2023-01-22 11:00:00,0.07920000,0.08000000,0.07900000,0.07970000,247035.00000000,BEAMUSDT
2023-01-22 11:15:00,0.07970000,0.08000000,0.07860000,0.07890000,202751.00000000,BEAMUSDT
2023-01-22 11:30:00,0.07870000,0.07990000,0.07850000,0.07920000,292262.00000000,BEAMUSDT
2023-01-22 11:45:00,0.07920000,0.07930000,0.07850000,0.07900000,166009.00000000,BEAMUSDT
2023-01-22 12:00:00,0.07890000,0.07920000,0.07850000,0.07900000,107631.00000000,BEAMUSDT
2023-01-22 12:15:00,0.07900000,0.07900000,0.07870000,0.07890000,81293.00000000,BEAMUSDT
2023-01-22 12:30:00,0.07880000,0.07910000,0.07870000,0.07900000,145745.00000000,BEAMUSDT
2023-01-22 12:45:00,0.07900000,0.07940000,0.07900000,0.07920000,58632.00000000,BEAMUSDT
2023-01-22 13:00:00,0.07920000,0.07930000,0.07860000,0.07900000,171501.00000000,BEAMUSDT
2023-01-22 13:15:00,0.07910000,0.07940000,0.07900000,0.07910000,70721.00000000,BEAMUSDT
2023-01-22 13:30:00,0.07910000,0.07910000,0.07850000,0.07860000,264891.00000000,BEAMUSDT
2023-01-22 13:45:00,0.07870000,0.07900000,0.07850000,0.07900000,216486.00000000,BEAMUSDT
2023-01-22 14:00:00,0.07900000,0.07930000,0.07880000,0.07910000,211374.00000000,BEAMUSDT
2023-01-22 14:15:00,0.07910000,0.07980000,0.07890000,0.07940000,167918.00000000,BEAMUSDT
2023-01-22 14:30:00,0.07960000,0.07980000,0.07910000,0.07980000,106566.00000000,BEAMUSDT
2023-01-22 14:45:00,0.07980000,0.08020000,0.07950000,0.08020000,308656.00000000,BEAMUSDT
2023-01-22 15:00:00,0.08020000,0.08100000,0.07940000,0.08020000,613499.00000000,BEAMUSDT
2023-01-22 15:15:00,0.08030000,0.08110000,0.07990000,0.08000000,455932.00000000,BEAMUSDT
2023-01-22 15:30:00,0.07990000,0.08100000,0.07970000,0.08040000,308981.00000000,BEAMUSDT
2023-01-22 15:45:00,0.08040000,0.08110000,0.08000000,0.08020000,297958.00000000,BEAMUSDT
2023-01-22 16:00:00,0.08020000,0.08060000,0.08000000,0.08030000,260061.00000000,BEAMUSDT
2023-01-22 16:15:00,0.08020000,0.08070000,0.08020000,0.08050000,94245.00000000,BEAMUSDT
2023-01-22 16:30:00,0.08040000,0.08050000,0.08010000,0.08040000,63082.00000000,BEAMUSDT
2023-01-22 16:45:00,0.08040000,0.08080000,0.08030000,0.08030000,203325.00000000,BEAMUSDT
2023-01-22 17:00:00,0.08040000,0.08080000,0.08020000,0.08050000,138258.00000000,BEAMUSDT
2023-01-22 17:15:00,0.08050000,0.08070000,0.08000000,0.08020000,268411.00000000,BEAMUSDT
2023-01-22 17:30:00,0.08020000,0.08110000,0.08010000,0.08070000,270193.00000000,BEAMUSDT
2023-01-22 17:45:00,0.08070000,0.08080000,0.08030000,0.08030000,89181.00000000,BEAMUSDT
2023-01-22 18:00:00,0.08040000,0.08050000,0.08010000,0.08010000,106482.00000000,BEAMUSDT
2023-01-22 18:15:00,0.08010000,0.08080000,0.08000000,0.08060000,312913.00000000,BEAMUSDT
2023-01-22 18:30:00,0.08070000,0.08070000,0.08010000,0.08020000,130451.00000000,BEAMUSDT
2023-01-22 18:45:00,0.08040000,0.08040000,0.07920000,0.07970000,369992.00000000,BEAMUSDT
2023-01-22 19:00:00,0.07970000,0.07980000,0.07920000,0.07940000,127449.00000000,BEAMUSDT
2023-01-22 19:15:00,0.07920000,0.08010000,0.07880000,0.07980000,457986.00000000,BEAMUSDT
2023-01-22 19:30:00,0.07980000,0.08050000,0.07970000,0.08030000,192080.00000000,BEAMUSDT
2023-01-22 19:45:00,0.08030000,0.08030000,0.07970000,0.07970000,130814.00000000,BEAMUSDT
2023-01-22 20:00:00,0.07990000,0.07990000,0.07810000,0.07850000,331132.00000000,BEAMUSDT
2023-01-22 20:15:00,0.07840000,0.07900000,0.07820000,0.07870000,123009.00000000,BEAMUSDT
2023-01-22 20:30:00,0.07850000,0.07870000,0.07700000,0.07760000,430006.00000000,BEAMUSDT
2023-01-22 20:45:00,0.07760000,0.07820000,0.07580000,0.07640000,434768.00000000,BEAMUSDT
2023-01-22 21:00:00,0.07620000,0.07620000,0.07510000,0.07550000,457340.00000000,BEAMUSDT
2023-01-22 21:15:00,0.07550000,0.07690000,0.07500000,0.07610000,295118.00000000,BEAMUSDT
2023-01-22 21:30:00,0.07620000,0.07680000,0.07560000,0.07600000,204726.00000000,BEAMUSDT
2023-01-22 21:45:00,0.07610000,0.07660000,0.07530000,0.07580000,412390.00000000,BEAMUSDT
2023-01-22 22:00:00,0.07580000,0.07590000,0.07500000,0.07550000,216006.00000000,BEAMUSDT
2023-01-22 22:15:00,0.07550000,0.07550000,0.07440000,0.07520000,217470.00000000,BEAMUSDT
2023-01-22 22:30:00,0.07520000,0.07540000,0.07410000,0.07420000,243992.00000000,BEAMUSDT
2023-01-22 22:45:00,0.07420000,0.07550000,0.07410000,0.07510000,365644.00000000,BEAMUSDT
2023-01-22 23:00:00,0.07510000,0.07510000,0.07440000,0.07490000,231189.00000000,BEAMUSDT
2023-01-22 23:15:00,0.07490000,0.07520000,0.07470000,0.07490000,126620.00000000,BEAMUSDT
2023-01-22 23:30:00,0.07470000,0.07520000,0.07460000,0.07520000,115725.00000000,BEAMUSDT
2023-01-22 23:45:00,0.07520000,0.07610000,0.07470000,0.07530000,236622.00000000,BEAMUSDT
2023-01-23 00:00:00,0.07540000,0.07740000,0.07540000,0.07700000,363869.00000000,BEAMUSDT
2023-01-23 00:15:00,0.07720000,0.07890000,0.07720000,0.07830000,511044.00000000,BEAMUSDT
2023-01-23 00:30:00,0.07840000,0.07900000,0.07810000,0.07840000,93101.00000000,BEAMUSDT
2023-01-23 00:45:00,0.07830000,0.07930000,0.07820000,0.07820000,186662.00000000,BEAMUSDT
2023-01-23 01:00:00,0.07820000,0.07850000,0.07820000,0.07850000,150894.00000000,BEAMUSDT
2023-01-23 01:15:00,0.07840000,0.07850000,0.07760000,0.07790000,250914.00000000,BEAMUSDT
2023-01-23 01:30:00,0.07800000,0.07930000,0.07800000,0.07860000,223336.00000000,BEAMUSDT
2023-01-23 01:45:00,0.07860000,0.07860000,0.07750000,0.07820000,120657.00000000,BEAMUSDT
2023-01-23 02:00:00,0.07810000,0.07810000,0.07770000,0.07800000,124384.00000000,BEAMUSDT
2023-01-23 02:15:00,0.07800000,0.07960000,0.07800000,0.07900000,316107.00000000,BEAMUSDT
2023-01-23 02:30:00,0.07900000,0.07900000,0.07830000,0.07850000,159889.00000000,BEAMUSDT
2023-01-23 02:45:00,0.07840000,0.07850000,0.07760000,0.07770000,178019.00000000,BEAMUSDT
2023-01-23 03:00:00,0.07770000,0.07820000,0.07760000,0.07770000,201982.00000000,BEAMUSDT
2023-01-23 03:15:00,0.07760000,0.07830000,0.07760000,0.07780000,71534.00000000,BEAMUSDT
2023-01-23 03:30:00,0.07780000,0.07790000,0.07740000,0.07760000,99503.00000000,BEAMUSDT
2023-01-23 03:45:00,0.07770000,0.07800000,0.07750000,0.07770000,49252.00000000,BEAMUSDT
2023-01-23 04:00:00,0.07770000,0.07810000,0.07750000,0.07810000,277642.00000000,BEAMUSDT
2023-01-23 04:15:00,0.07810000,0.08000000,0.07800000,0.07890000,525918.00000000,BEAMUSDT
2023-01-23 04:30:00,0.07900000,0.07910000,0.07820000,0.07900000,134814.00000000,BEAMUSDT
2023-01-23 04:45:00,0.07910000,0.07930000,0.07840000,0.07860000,110692.00000000,BEAMUSDT
2023-01-23 05:00:00,0.07860000,0.07880000,0.07860000,0.07860000,19638.00000000,BEAMUSDT
2023-01-23 05:15:00,0.07860000,0.07870000,0.07810000,0.07810000,72278.00000000,BEAMUSDT
2023-01-23 05:30:00,0.07810000,0.07900000,0.07810000,0.07860000,98009.00000000,BEAMUSDT
2023-01-23 05:45:00,0.07860000,0.07910000,0.07820000,0.07820000,174269.00000000,BEAMUSDT
2023-01-23 06:00:00,0.07840000,0.07850000,0.07820000,0.07830000,48266.00000000,BEAMUSDT
2023-01-23 06:15:00,0.07820000,0.07850000,0.07800000,0.07840000,75209.00000000,BEAMUSDT
2023-01-23 06:30:00,0.07850000,0.07860000,0.07780000,0.07800000,155626.00000000,BEAMUSDT
2023-01-23 06:45:00,0.07800000,0.07870000,0.07800000,0.07830000,102097.00000000,BEAMUSDT
2023-01-23 07:00:00,0.07820000,0.07830000,0.07790000,0.07820000,43014.00000000,BEAMUSDT
2023-01-23 07:15:00,0.07800000,0.07810000,0.07720000,0.07730000,187329.00000000,BEAMUSDT
2023-01-23 07:30:00,0.07730000,0.07740000,0.07690000,0.07720000,260658.00000000,BEAMUSDT
2023-01-23 07:45:00,0.07730000,0.07760000,0.07720000,0.07740000,137214.00000000,BEAMUSDT
2023-01-23 08:00:00,0.07730000,0.07780000,0.07710000,0.07780000,137386.00000000,BEAMUSDT
2023-01-23 08:15:00,0.07760000,0.07800000,0.07730000,0.07730000,119135.00000000,BEAMUSDT
2023-01-23 08:30:00,0.07730000,0.07750000,0.07700000,0.07720000,222476.00000000,BEAMUSDT
2023-01-23 08:45:00,0.07710000,0.07720000,0.07640000,0.07640000,426129.00000000,BEAMUSDT
2023-01-23 09:00:00,0.07640000,0.07650000,0.07580000,0.07580000,141678.00000000,BEAMUSDT
2023-01-23 09:15:00,0.07580000,0.07680000,0.07570000,0.07670000,290649.00000000,BEAMUSDT
2023-01-23 09:30:00,0.07670000,0.07760000,0.07670000,0.07680000,346388.00000000,BEAMUSDT
2023-01-23 09:45:00,0.07680000,0.07750000,0.07680000,0.07750000,260047.00000000,BEAMUSDT
2023-01-23 10:00:00,0.07750000,0.07760000,0.07730000,0.07750000,58606.00000000,BEAMUSDT
2023-01-23 10:15:00,0.07750000,0.07790000,0.07740000,0.07780000,185610.00000000,BEAMUSDT
2023-01-23 10:30:00,0.07760000,0.07760000,0.07630000,0.07730000,207459.00000000,BEAMUSDT
2023-01-23 10:45:00,0.07730000,0.07750000,0.07710000,0.07710000,57089.00000000,BEAMUSDT
2023-01-23 11:00:00,0.07730000,0.07730000,0.07630000,0.07630000,150103.00000000,BEAMUSDT
2023-01-23 11:15:00,0.07630000,0.07680000,0.07140000,0.07520000,2921894.00000000,BEAMUSDT
2023-01-23 11:30:00,0.07510000,0.07600000,0.07410000,0.07510000,611455.00000000,BEAMUSDT
2023-01-23 11:45:00,0.07510000,0.07530000,0.07400000,0.07490000,376653.00000000,BEAMUSDT
2023-01-23 12:00:00,0.07480000,0.07550000,0.07440000,0.07550000,411907.00000000,BEAMUSDT
2023-01-23 12:15:00,0.07550000,0.07570000,0.07520000,0.07540000,271197.00000000,BEAMUSDT
2023-01-23 12:30:00,0.07550000,0.07560000,0.07520000,0.07560000,121931.00000000,BEAMUSDT
2023-01-23 12:45:00,0.07560000,0.07570000,0.07440000,0.07450000,163258.00000000,BEAMUSDT
2023-01-23 13:00:00,0.07460000,0.07500000,0.07350000,0.07380000,429129.00000000,BEAMUSDT
2023-01-23 13:15:00,0.07380000,0.07450000,0.07330000,0.07430000,334149.00000000,BEAMUSDT
2023-01-23 13:30:00,0.07450000,0.07470000,0.07400000,0.07430000,174048.00000000,BEAMUSDT
2023-01-23 13:45:00,0.07410000,0.07470000,0.07350000,0.07380000,242223.00000000,BEAMUSDT
2023-01-23 14:00:00,0.07390000,0.07420000,0.07350000,0.07390000,363761.00000000,BEAMUSDT
2023-01-23 14:15:00,0.07400000,0.07530000,0.07380000,0.07490000,321744.00000000,BEAMUSDT
2023-01-23 14:30:00,0.07490000,0.07520000,0.07470000,0.07520000,102831.00000000,BEAMUSDT
2023-01-23 14:45:00,0.07510000,0.07610000,0.07440000,0.07480000,417473.00000000,BEAMUSDT
2023-01-23 15:00:00,0.07440000,0.07510000,0.07430000,0.07500000,142546.00000000,BEAMUSDT
2023-01-23 15:15:00,0.07500000,0.07580000,0.07500000,0.07550000,223604.00000000,BEAMUSDT
2023-01-23 15:30:00,0.07550000,0.07590000,0.07510000,0.07530000,166016.00000000,BEAMUSDT
2023-01-23 15:45:00,0.07550000,0.07590000,0.07500000,0.07500000,153739.00000000,BEAMUSDT
2023-01-23 16:00:00,0.07520000,0.07590000,0.07520000,0.07560000,204145.00000000,BEAMUSDT
2023-01-23 16:15:00,0.07560000,0.07940000,0.07550000,0.07700000,1980907.00000000,BEAMUSDT
2023-01-23 16:30:00,0.07700000,0.07800000,0.07610000,0.07740000,302966.00000000,BEAMUSDT
2023-01-23 16:45:00,0.07740000,0.07760000,0.07550000,0.07620000,587277.00000000,BEAMUSDT
2023-01-23 17:00:00,0.07620000,0.07690000,0.07620000,0.07640000,220162.00000000,BEAMUSDT
2023-01-23 17:15:00,0.07640000,0.07680000,0.07630000,0.07670000,137925.00000000,BEAMUSDT
2023-01-23 17:30:00,0.07670000,0.07710000,0.07630000,0.07640000,237073.00000000,BEAMUSDT
2023-01-23 17:45:00,0.07640000,0.07650000,0.07560000,0.07610000,415060.00000000,BEAMUSDT
2023-01-23 18:00:00,0.07610000,0.07620000,0.07510000,0.07550000,306948.00000000,BEAMUSDT
2023-01-23 18:15:00,0.07550000,0.07630000,0.07550000,0.07600000,156155.00000000,BEAMUSDT
2023-01-23 18:30:00,0.07590000,0.07600000,0.07540000,0.07550000,186362.00000000,BEAMUSDT
2023-01-23 18:45:00,0.07560000,0.07560000,0.07510000,0.07510000,162364.00000000,BEAMUSDT
2023-01-23 19:00:00,0.07510000,0.07560000,0.07500000,0.07530000,210360.00000000,BEAMUSDT
2023-01-23 19:15:00,0.07530000,0.07590000,0.07510000,0.07520000,217492.00000000,BEAMUSDT
2023-01-23 19:30:00,0.07530000,0.07540000,0.07510000,0.07510000,79936.00000000,BEAMUSDT
2023-01-23 19:45:00,0.07520000,0.07550000,0.07500000,0.07510000,214559.00000000,BEAMUSDT
2023-01-23 20:00:00,0.07500000,0.07510000,0.07470000,0.07490000,117779.00000000,BEAMUSDT
2023-01-23 20:15:00,0.07500000,0.07530000,0.07500000,0.07530000,61869.00000000,BEAMUSDT
2023-01-23 20:30:00,0.07530000,0.07590000,0.07510000,0.07590000,352333.00000000,BEAMUSDT
2023-01-23 20:45:00,0.07590000,0.07590000,0.07560000,0.07590000,149762.00000000,BEAMUSDT
2023-01-23 21:00:00,0.07580000,0.07610000,0.07500000,0.07590000,355653.00000000,BEAMUSDT
2023-01-23 21:15:00,0.07580000,0.07610000,0.07540000,0.07590000,95790.00000000,BEAMUSDT
2023-01-23 21:30:00,0.07610000,0.07740000,0.07590000,0.07640000,244256.00000000,BEAMUSDT
2023-01-23 21:45:00,0.07640000,0.07680000,0.07630000,0.07660000,127136.00000000,BEAMUSDT
2023-01-23 22:00:00,0.07680000,0.07680000,0.07540000,0.07630000,183230.00000000,BEAMUSDT
2023-01-23 22:15:00,0.07620000,0.07690000,0.07570000,0.07600000,206973.00000000,BEAMUSDT
2023-01-23 22:30:00,0.07580000,0.07610000,0.07580000,0.07610000,38997.00000000,BEAMUSDT
2023-01-23 22:45:00,0.07590000,0.07590000,0.07500000,0.07510000,231145.00000000,BEAMUSDT
2023-01-23 23:00:00,0.07510000,0.07520000,0.07500000,0.07520000,20292.00000000,BEAMUSDT
2023-01-23 23:15:00,0.07520000,0.07520000,0.07450000,0.07500000,122197.00000000,BEAMUSDT
2023-01-23 23:30:00,0.07500000,0.07570000,0.07450000,0.07480000,174299.00000000,BEAMUSDT
2023-01-23 23:45:00,0.07460000,0.07630000,0.07430000,0.07500000,457305.00000000,BEAMUSDT
2023-01-24 00:00:00,0.07520000,0.07650000,0.07520000,0.07570000,684791.00000000,BEAMUSDT
2023-01-24 00:15:00,0.07600000,0.07610000,0.07510000,0.07610000,197002.00000000,BEAMUSDT
2023-01-24 00:30:00,0.07610000,0.07630000,0.07550000,0.07550000,151964.00000000,BEAMUSDT
2023-01-24 00:45:00,0.07540000,0.07540000,0.07470000,0.07520000,149460.00000000,BEAMUSDT
2023-01-24 01:00:00,0.07510000,0.07560000,0.07410000,0.07450000,504150.00000000,BEAMUSDT
2023-01-24 01:15:00,0.07440000,0.07670000,0.07430000,0.07530000,357586.00000000,BEAMUSDT
2023-01-24 01:30:00,0.07530000,0.07580000,0.07520000,0.07570000,82950.00000000,BEAMUSDT
2023-01-24 01:45:00,0.07550000,0.07580000,0.07540000,0.07580000,49270.00000000,BEAMUSDT
2023-01-24 02:00:00,0.07580000,0.07690000,0.07540000,0.07630000,370620.00000000,BEAMUSDT
2023-01-24 02:15:00,0.07620000,0.07640000,0.07590000,0.07590000,37134.00000000,BEAMUSDT
2023-01-24 02:30:00,0.07600000,0.07610000,0.07570000,0.07570000,68168.00000000,BEAMUSDT
2023-01-24 02:45:00,0.07570000,0.07590000,0.07570000,0.07580000,22590.00000000,BEAMUSDT
2023-01-24 03:00:00,0.07580000,0.07580000,0.07500000,0.07500000,180499.00000000,BEAMUSDT
2023-01-24 03:15:00,0.07500000,0.07520000,0.07490000,0.07520000,57153.00000000,BEAMUSDT
2023-01-24 03:30:00,0.07510000,0.07550000,0.07510000,0.07550000,76077.00000000,BEAMUSDT
2023-01-24 03:45:00,0.07550000,0.07560000,0.07540000,0.07550000,30797.00000000,BEAMUSDT
2023-01-24 04:00:00,0.07560000,0.07560000,0.07500000,0.07540000,50559.00000000,BEAMUSDT
2023-01-24 04:15:00,0.07540000,0.07550000,0.07520000,0.07530000,39906.00000000,BEAMUSDT
2023-01-24 04:30:00,0.07540000,0.07550000,0.07520000,0.07540000,48609.00000000,BEAMUSDT
2023-01-24 04:45:00,0.07540000,0.07540000,0.07500000,0.07520000,89569.00000000,BEAMUSDT
2023-01-24 05:00:00,0.07520000,0.07530000,0.07460000,0.07530000,190998.00000000,BEAMUSDT
2023-01-24 05:15:00,0.07530000,0.07540000,0.07470000,0.07520000,95405.00000000,BEAMUSDT
2023-01-24 05:30:00,0.07540000,0.07670000,0.07540000,0.07600000,367991.00000000,BEAMUSDT
2023-01-24 05:45:00,0.07600000,0.07670000,0.07580000,0.07650000,149247.00000000,BEAMUSDT
2023-01-24 06:00:00,0.07650000,0.07700000,0.07580000,0.07580000,320911.00000000,BEAMUSDT
2023-01-24 06:15:00,0.07630000,0.07680000,0.07620000,0.07630000,85371.00000000,BEAMUSDT
2023-01-24 06:30:00,0.07640000,0.07700000,0.07640000,0.07680000,154556.00000000,BEAMUSDT
2023-01-24 06:45:00,0.07680000,0.07750000,0.07660000,0.07660000,181674.00000000,BEAMUSDT
2023-01-24 07:00:00,0.07660000,0.07710000,0.07650000,0.07680000,123361.00000000,BEAMUSDT
2023-01-24 07:15:00,0.07680000,0.07700000,0.07640000,0.07660000,118279.00000000,BEAMUSDT
2023-01-24 07:30:00,0.07660000,0.07680000,0.07640000,0.07640000,37663.00000000,BEAMUSDT
2023-01-24 07:45:00,0.07640000,0.07640000,0.07600000,0.07600000,65736.00000000,BEAMUSDT
2023-01-24 08:00:00,0.07620000,0.07700000,0.07510000,0.07640000,344100.00000000,BEAMUSDT
2023-01-24 08:15:00,0.07650000,0.07730000,0.07630000,0.07670000,181408.00000000,BEAMUSDT
2023-01-24 08:30:00,0.07650000,0.07720000,0.07600000,0.07690000,270171.00000000,BEAMUSDT
2023-01-24 08:45:00,0.07690000,0.07750000,0.07650000,0.07730000,138615.00000000,BEAMUSDT
2023-01-24 09:00:00,0.07720000,0.07740000,0.07620000,0.07630000,181558.00000000,BEAMUSDT
2023-01-24 09:15:00,0.07630000,0.08190000,0.07600000,0.07990000,2075643.00000000,BEAMUSDT
2023-01-24 09:30:00,0.08010000,0.08430000,0.07670000,0.07850000,3116463.00000000,BEAMUSDT
2023-01-24 09:45:00,0.07860000,0.07930000,0.07700000,0.07770000,1070911.00000000,BEAMUSDT
2023-01-24 10:00:00,0.07750000,0.07810000,0.07690000,0.07720000,429018.00000000,BEAMUSDT
2023-01-24 10:15:00,0.07750000,0.07750000,0.07640000,0.07690000,271226.00000000,BEAMUSDT
2023-01-24 10:30:00,0.07690000,0.07730000,0.07680000,0.07700000,77037.00000000,BEAMUSDT
2023-01-24 10:45:00,0.07710000,0.07750000,0.07710000,0.07740000,91331.00000000,BEAMUSDT
2023-01-24 11:00:00,0.07730000,0.07730000,0.07620000,0.07640000,271107.00000000,BEAMUSDT
2023-01-24 11:15:00,0.07630000,0.07650000,0.07560000,0.07600000,182044.00000000,BEAMUSDT
2023-01-24 11:30:00,0.07600000,0.07650000,0.07510000,0.07600000,192162.00000000,BEAMUSDT
2023-01-24 11:45:00,0.07600000,0.07600000,0.07540000,0.07570000,136581.00000000,BEAMUSDT
2023-01-24 12:00:00,0.07560000,0.07610000,0.07550000,0.07590000,148726.00000000,BEAMUSDT
2023-01-24 12:15:00,0.07570000,0.07600000,0.07570000,0.07600000,36714.00000000,BEAMUSDT
2023-01-24 12:30:00,0.07600000,0.07620000,0.07510000,0.07590000,243187.00000000,BEAMUSDT
2023-01-24 12:45:00,0.07590000,0.07590000,0.07530000,0.07570000,109968.00000000,BEAMUSDT
2023-01-24 13:00:00,0.07570000,0.07680000,0.07540000,0.07650000,343098.00000000,BEAMUSDT
2023-01-24 13:15:00,0.07670000,0.07680000,0.07610000,0.07630000,161840.00000000,BEAMUSDT
2023-01-24 13:30:00,0.07630000,0.07630000,0.07540000,0.07540000,200455.00000000,BEAMUSDT
2023-01-24 13:45:00,0.07570000,0.07620000,0.07550000,0.07580000,85636.00000000,BEAMUSDT
2023-01-24 14:00:00,0.07600000,0.07600000,0.07540000,0.07550000,97809.00000000,BEAMUSDT
2023-01-24 14:15:00,0.07550000,0.07590000,0.07540000,0.07590000,102298.00000000,BEAMUSDT
2023-01-24 14:30:00,0.07590000,0.07620000,0.07550000,0.07590000,239395.00000000,BEAMUSDT
2023-01-24 14:45:00,0.07590000,0.07640000,0.07590000,0.07640000,103889.00000000,BEAMUSDT
2023-01-24 15:00:00,0.07620000,0.07650000,0.07600000,0.07610000,131792.00000000,BEAMUSDT
2023-01-24 15:15:00,0.07630000,0.07680000,0.07550000,0.07640000,260696.00000000,BEAMUSDT
2023-01-24 15:30:00,0.07640000,0.07850000,0.07640000,0.07730000,423855.00000000,BEAMUSDT
2023-01-24 15:45:00,0.07730000,0.07780000,0.07720000,0.07730000,152936.00000000,BEAMUSDT
2023-01-24 16:00:00,0.07720000,0.07750000,0.07710000,0.07710000,111958.00000000,BEAMUSDT
2023-01-24 16:15:00,0.07740000,0.07800000,0.07710000,0.07750000,224279.00000000,BEAMUSDT
2023-01-24 16:30:00,0.07730000,0.07770000,0.07700000,0.07730000,98751.00000000,BEAMUSDT
2023-01-24 16:45:00,0.07730000,0.07760000,0.07650000,0.07680000,264450.00000000,BEAMUSDT
2023-01-24 17:00:00,0.07680000,0.07690000,0.07610000,0.07660000,189864.00000000,BEAMUSDT
2023-01-24 17:15:00,0.07660000,0.07720000,0.07650000,0.07720000,63896.00000000,BEAMUSDT
2023-01-24 17:30:00,0.07690000,0.07710000,0.07660000,0.07670000,40502.00000000,BEAMUSDT
2023-01-24 17:45:00,0.07660000,0.07680000,0.07600000,0.07600000,106840.00000000,BEAMUSDT
2023-01-24 18:00:00,0.07610000,0.07660000,0.07600000,0.07640000,67175.00000000,BEAMUSDT
2023-01-24 18:15:00,0.07650000,0.07730000,0.07650000,0.07700000,220435.00000000,BEAMUSDT
2023-01-24 18:30:00,0.07700000,0.07730000,0.07680000,0.07690000,85693.00000000,BEAMUSDT
2023-01-24 18:45:00,0.07670000,0.07730000,0.07660000,0.07720000,44617.00000000,BEAMUSDT
2023-01-24 19:00:00,0.07710000,0.07710000,0.07630000,0.07650000,49396.00000000,BEAMUSDT
2023-01-24 19:15:00,0.07650000,0.07660000,0.07580000,0.07580000,135842.00000000,BEAMUSDT
2023-01-24 19:30:00,0.07590000,0.07600000,0.07560000,0.07590000,79913.00000000,BEAMUSDT
2023-01-24 19:45:00,0.07580000,0.07600000,0.07540000,0.07550000,214266.00000000,BEAMUSDT
2023-01-24 20:00:00,0.07550000,0.07560000,0.07480000,0.07490000,339022.00000000,BEAMUSDT
2023-01-24 20:15:00,0.07490000,0.07670000,0.07460000,0.07540000,271671.00000000,BEAMUSDT
2023-01-24 20:30:00,0.07570000,0.07570000,0.07430000,0.07460000,106625.00000000,BEAMUSDT
2023-01-24 20:45:00,0.07440000,0.07620000,0.07430000,0.07560000,149928.00000000,BEAMUSDT
2023-01-24 21:00:00,0.07530000,0.07530000,0.07480000,0.07490000,43920.00000000,BEAMUSDT
2023-01-24 21:15:00,0.07470000,0.07520000,0.07470000,0.07500000,46707.00000000,BEAMUSDT
2023-01-24 21:30:00,0.07520000,0.07520000,0.07430000,0.07460000,89307.00000000,BEAMUSDT
2023-01-24 21:45:00,0.07480000,0.07480000,0.07410000,0.07420000,138054.00000000,BEAMUSDT
2023-01-24 22:00:00,0.07420000,0.07450000,0.07260000,0.07310000,374557.00000000,BEAMUSDT
2023-01-24 22:15:00,0.07310000,0.07400000,0.07250000,0.07380000,322608.00000000,BEAMUSDT
2023-01-24 22:30:00,0.07350000,0.07380000,0.07340000,0.07370000,59277.00000000,BEAMUSDT
2023-01-24 22:45:00,0.07350000,0.07380000,0.07340000,0.07380000,87353.00000000,BEAMUSDT
2023-01-24 23:00:00,0.07370000,0.07370000,0.07340000,0.07340000,69429.00000000,BEAMUSDT
2023-01-24 23:15:00,0.07340000,0.07340000,0.07200000,0.07220000,216660.00000000,BEAMUSDT
2023-01-24 23:30:00,0.07250000,0.07290000,0.07200000,0.07290000,115708.00000000,BEAMUSDT
2023-01-24 23:45:00,0.07300000,0.07330000,0.07210000,0.07230000,72811.00000000,BEAMUSDT
2023-01-25 00:00:00,0.07230000,0.07270000,0.07220000,0.07250000,39423.00000000,BEAMUSDT
2023-01-25 00:15:00,0.07250000,0.07250000,0.07080000,0.07130000,517302.00000000,BEAMUSDT
2023-01-25 00:30:00,0.07120000,0.07230000,0.07080000,0.07210000,166678.00000000,BEAMUSDT
2023-01-25 00:45:00,0.07220000,0.07240000,0.07100000,0.07120000,176860.00000000,BEAMUSDT
2023-01-25 01:00:00,0.07120000,0.07160000,0.07080000,0.07140000,359143.00000000,BEAMUSDT
2023-01-25 01:15:00,0.07130000,0.07170000,0.07000000,0.07000000,489670.00000000,BEAMUSDT
2023-01-25 01:30:00,0.07010000,0.07060000,0.07000000,0.07010000,126726.00000000,BEAMUSDT
2023-01-25 01:45:00,0.07010000,0.07040000,0.07000000,0.07040000,154609.00000000,BEAMUSDT
2023-01-25 02:00:00,0.07020000,0.07050000,0.07020000,0.07040000,53764.00000000,BEAMUSDT
2023-01-25 02:15:00,0.07050000,0.07090000,0.07040000,0.07090000,41000.00000000,BEAMUSDT
2023-01-25 02:30:00,0.07100000,0.07100000,0.07080000,0.07100000,22544.00000000,BEAMUSDT
2023-01-25 02:45:00,0.07100000,0.07100000,0.07050000,0.07070000,63462.00000000,BEAMUSDT
2023-01-25 03:00:00,0.07050000,0.07090000,0.07050000,0.07090000,28529.00000000,BEAMUSDT
2023-01-25 03:15:00,0.07090000,0.07130000,0.07090000,0.07100000,33683.00000000,BEAMUSDT
2023-01-25 03:30:00,0.07100000,0.07190000,0.07100000,0.07190000,105541.00000000,BEAMUSDT
2023-01-25 03:45:00,0.07190000,0.07190000,0.07130000,0.07140000,57421.00000000,BEAMUSDT
2023-01-25 04:00:00,0.07140000,0.07200000,0.07130000,0.07160000,67828.00000000,BEAMUSDT
2023-01-25 04:15:00,0.07160000,0.07160000,0.07070000,0.07150000,130049.00000000,BEAMUSDT
2023-01-25 04:30:00,0.07150000,0.07240000,0.07120000,0.07180000,116092.00000000,BEAMUSDT
2023-01-25 04:45:00,0.07180000,0.07340000,0.07180000,0.07280000,178007.00000000,BEAMUSDT
2023-01-25 05:00:00,0.07280000,0.07350000,0.07180000,0.07270000,180835.00000000,BEAMUSDT
2023-01-25 05:15:00,0.07270000,0.07370000,0.07270000,0.07350000,147335.00000000,BEAMUSDT
2023-01-25 05:30:00,0.07370000,0.07400000,0.07290000,0.07290000,142915.00000000,BEAMUSDT
2023-01-25 05:45:00,0.07280000,0.07340000,0.07270000,0.07330000,71614.00000000,BEAMUSDT
2023-01-25 06:00:00,0.07320000,0.07320000,0.07220000,0.07230000,157878.00000000,BEAMUSDT
2023-01-25 06:15:00,0.07240000,0.07260000,0.07230000,0.07230000,34899.00000000,BEAMUSDT
2023-01-25 06:30:00,0.07240000,0.07280000,0.07220000,0.07220000,56129.00000000,BEAMUSDT
2023-01-25 06:45:00,0.07220000,0.07300000,0.07210000,0.07290000,79406.00000000,BEAMUSDT
2023-01-25 07:00:00,0.07270000,0.07300000,0.07200000,0.07300000,219709.00000000,BEAMUSDT
2023-01-25 07:15:00,0.07290000,0.07320000,0.07280000,0.07290000,136810.00000000,BEAMUSDT
2023-01-25 07:30:00,0.07300000,0.07310000,0.07290000,0.07310000,5939.00000000,BEAMUSDT
2023-01-25 07:45:00,0.07310000,0.07310000,0.07280000,0.07280000,32779.00000000,BEAMUSDT
2023-01-25 08:00:00,0.07310000,0.07310000,0.07280000,0.07280000,73890.00000000,BEAMUSDT
2023-01-25 08:15:00,0.07280000,0.07340000,0.07280000,0.07320000,95281.00000000,BEAMUSDT
2023-01-25 08:30:00,0.07320000,0.07440000,0.07320000,0.07360000,147475.00000000,BEAMUSDT
2023-01-25 08:45:00,0.07380000,0.07390000,0.07280000,0.07300000,146352.00000000,BEAMUSDT
2023-01-25 09:00:00,0.07300000,0.07300000,0.07160000,0.07180000,388361.00000000,BEAMUSDT
2023-01-25 09:15:00,0.07200000,0.07230000,0.07160000,0.07180000,100731.00000000,BEAMUSDT
2023-01-25 09:30:00,0.07200000,0.07250000,0.07170000,0.07180000,150311.00000000,BEAMUSDT
2023-01-25 09:45:00,0.07180000,0.07180000,0.07000000,0.07150000,400052.00000000,BEAMUSDT
2023-01-25 10:00:00,0.07160000,0.07160000,0.07050000,0.07090000,151509.00000000,BEAMUSDT
2023-01-25 10:15:00,0.07070000,0.07080000,0.07000000,0.07080000,154546.00000000,BEAMUSDT
2023-01-25 10:30:00,0.07080000,0.07120000,0.07060000,0.07060000,178962.00000000,BEAMUSDT
2023-01-25 10:45:00,0.07060000,0.07080000,0.07020000,0.07050000,184271.00000000,BEAMUSDT
2023-01-25 11:00:00,0.07060000,0.07080000,0.07050000,0.07060000,70821.00000000,BEAMUSDT
2023-01-25 11:15:00,0.07080000,0.07120000,0.07060000,0.07110000,199039.00000000,BEAMUSDT
2023-01-25 11:30:00,0.07100000,0.07100000,0.07020000,0.07090000,175539.00000000,BEAMUSDT
2023-01-25 11:45:00,0.07080000,0.07090000,0.07060000,0.07090000,30271.00000000,BEAMUSDT
2023-01-25 12:00:00,0.07070000,0.07100000,0.07040000,0.07100000,144236.00000000,BEAMUSDT
2023-01-25 12:15:00,0.07100000,0.07110000,0.07030000,0.07090000,131047.00000000,BEAMUSDT
2023-01-25 12:30:00,0.07070000,0.07150000,0.07050000,0.07130000,204160.00000000,BEAMUSDT
2023-01-25 12:45:00,0.07120000,0.07120000,0.07090000,0.07110000,56263.00000000,BEAMUSDT
2023-01-25 13:00:00,0.07100000,0.07130000,0.07050000,0.07110000,203047.00000000,BEAMUSDT
2023-01-25 13:15:00,0.07110000,0.07110000,0.07080000,0.07080000,65142.00000000,BEAMUSDT
2023-01-25 13:30:00,0.07080000,0.07110000,0.07050000,0.07050000,106998.00000000,BEAMUSDT
2023-01-25 13:45:00,0.07060000,0.07070000,0.06870000,0.06920000,911985.00000000,BEAMUSDT
2023-01-25 14:00:00,0.06890000,0.06900000,0.06550000,0.06770000,1962931.00000000,BEAMUSDT
2023-01-25 14:15:00,0.06770000,0.06790000,0.06610000,0.06670000,979132.00000000,BEAMUSDT
2023-01-25 14:30:00,0.06670000,0.06740000,0.06600000,0.06630000,528795.00000000,BEAMUSDT
2023-01-25 14:45:00,0.06640000,0.06820000,0.06230000,0.06720000,3288469.00000000,BEAMUSDT
2023-01-25 15:00:00,0.06710000,0.06740000,0.06610000,0.06680000,629002.00000000,BEAMUSDT
2023-01-25 15:15:00,0.06660000,0.06700000,0.06600000,0.06680000,493482.00000000,BEAMUSDT
2023-01-25 15:30:00,0.06680000,0.06710000,0.06530000,0.06640000,447535.00000000,BEAMUSDT
2023-01-25 15:45:00,0.06650000,0.06800000,0.06600000,0.06680000,452586.00000000,BEAMUSDT
2023-01-25 16:00:00,0.06670000,0.06670000,0.06500000,0.06580000,717599.00000000,BEAMUSDT
2023-01-25 16:15:00,0.06590000,0.06680000,0.06570000,0.06650000,391842.00000000,BEAMUSDT
2023-01-25 16:30:00,0.06650000,0.06670000,0.06480000,0.06620000,395523.00000000,BEAMUSDT
2023-01-25 16:45:00,0.06610000,0.06630000,0.06510000,0.06600000,217076.00000000,BEAMUSDT
2023-01-25 17:00:00,0.06590000,0.06650000,0.06550000,0.06620000,188328.00000000,BEAMUSDT
2023-01-25 17:15:00,0.06610000,0.06620000,0.06460000,0.06500000,244727.00000000,BEAMUSDT
2023-01-25 17:30:00,0.06500000,0.06600000,0.06450000,0.06580000,285505.00000000,BEAMUSDT
2023-01-25 17:45:00,0.06600000,0.06640000,0.06520000,0.06520000,304910.00000000,BEAMUSDT
2023-01-25 18:00:00,0.06540000,0.07200000,0.06500000,0.06920000,1600418.00000000,BEAMUSDT
2023-01-25 18:15:00,0.06900000,0.06920000,0.06660000,0.06710000,761191.00000000,BEAMUSDT
2023-01-25 18:30:00,0.06730000,0.06740000,0.06600000,0.06650000,468558.00000000,BEAMUSDT
2023-01-25 18:45:00,0.06640000,0.06680000,0.06500000,0.06640000,375885.00000000,BEAMUSDT
2023-01-25 19:00:00,0.06650000,0.06670000,0.06620000,0.06630000,149627.00000000,BEAMUSDT
2023-01-25 19:15:00,0.06620000,0.06630000,0.06500000,0.06600000,473198.00000000,BEAMUSDT
2023-01-25 19:30:00,0.06600000,0.06780000,0.06600000,0.06730000,366685.00000000,BEAMUSDT
2023-01-25 19:45:00,0.06730000,0.06800000,0.06700000,0.06740000,287798.00000000,BEAMUSDT
2023-01-25 20:00:00,0.06740000,0.06740000,0.06630000,0.06660000,335231.00000000,BEAMUSDT
2023-01-25 20:15:00,0.06660000,0.06710000,0.06580000,0.06610000,259211.00000000,BEAMUSDT
2023-01-25 20:30:00,0.06640000,0.06650000,0.06560000,0.06630000,230968.00000000,BEAMUSDT
2023-01-25 20:45:00,0.06650000,0.06670000,0.06540000,0.06540000,601012.00000000,BEAMUSDT
2023-01-25 21:00:00,0.06560000,0.06650000,0.06290000,0.06550000,978485.00000000,BEAMUSDT
2023-01-25 21:15:00,0.06550000,0.06630000,0.06530000,0.06540000,304607.00000000,BEAMUSDT
2023-01-25 21:30:00,0.06530000,0.06670000,0.06350000,0.06600000,507006.00000000,BEAMUSDT
2023-01-25 21:45:00,0.06600000,0.06660000,0.06540000,0.06560000,364779.00000000,BEAMUSDT
2023-01-25 22:00:00,0.06560000,0.07040000,0.06510000,0.06800000,1033913.00000000,BEAMUSDT
2023-01-25 22:15:00,0.06810000,0.07000000,0.06690000,0.06690000,867869.00000000,BEAMUSDT
2023-01-25 22:30:00,0.06690000,0.06820000,0.06660000,0.06790000,516555.00000000,BEAMUSDT
2023-01-25 22:45:00,0.06760000,0.06790000,0.06270000,0.06540000,1090025.00000000,BEAMUSDT
2023-01-25 23:00:00,0.06530000,0.06610000,0.06510000,0.06550000,358415.00000000,BEAMUSDT
2023-01-25 23:15:00,0.06550000,0.06710000,0.06540000,0.06570000,618706.00000000,BEAMUSDT
2023-01-25 23:30:00,0.06580000,0.06630000,0.06510000,0.06610000,182356.00000000,BEAMUSDT
2023-01-25 23:45:00,0.06610000,0.06640000,0.06560000,0.06580000,225467.00000000,BEAMUSDT
2023-01-26 00:00:00,0.06580000,0.06580000,0.06340000,0.06430000,930558.00000000,BEAMUSDT
2023-01-26 00:15:00,0.06430000,0.06490000,0.06410000,0.06480000,326013.00000000,BEAMUSDT
2023-01-26 00:30:00,0.06450000,0.06520000,0.06420000,0.06480000,1148708.00000000,BEAMUSDT
2023-01-26 00:45:00,0.06480000,0.06510000,0.06450000,0.06500000,166416.00000000,BEAMUSDT
2023-01-26 01:00:00,0.06500000,0.06510000,0.06410000,0.06440000,226665.00000000,BEAMUSDT
2023-01-26 01:15:00,0.06430000,0.06480000,0.06410000,0.06460000,151712.00000000,BEAMUSDT
2023-01-26 01:30:00,0.06480000,0.06550000,0.06480000,0.06520000,533550.00000000,BEAMUSDT
2023-01-26 01:45:00,0.06520000,0.06570000,0.06460000,0.06480000,313618.00000000,BEAMUSDT
2023-01-26 02:00:00,0.06500000,0.06570000,0.06490000,0.06570000,105923.00000000,BEAMUSDT
2023-01-26 02:15:00,0.06560000,0.06800000,0.06560000,0.06570000,299589.00000000,BEAMUSDT
2023-01-26 02:30:00,0.06560000,0.06610000,0.06560000,0.06610000,98639.00000000,BEAMUSDT
2023-01-26 02:45:00,0.06600000,0.06620000,0.06570000,0.06590000,102858.00000000,BEAMUSDT
2023-01-26 03:00:00,0.06600000,0.06800000,0.06570000,0.06580000,423287.00000000,BEAMUSDT
2023-01-26 03:15:00,0.06580000,0.06600000,0.06400000,0.06550000,361064.00000000,BEAMUSDT
2023-01-26 03:30:00,0.06550000,0.06740000,0.06550000,0.06700000,560224.00000000,BEAMUSDT
2023-01-26 03:45:00,0.06700000,0.06720000,0.06670000,0.06680000,83414.00000000,BEAMUSDT
2023-01-26 04:00:00,0.06670000,0.06730000,0.06660000,0.06700000,207371.00000000,BEAMUSDT
2023-01-26 04:15:00,0.06690000,0.06720000,0.06560000,0.06610000,318095.00000000,BEAMUSDT
2023-01-26 04:30:00,0.06620000,0.06660000,0.06570000,0.06630000,129416.00000000,BEAMUSDT
2023-01-26 04:45:00,0.06600000,0.06620000,0.06370000,0.06570000,1490609.00000000,BEAMUSDT
2023-01-26 05:00:00,0.06560000,0.06600000,0.06150000,0.06330000,2767207.00000000,BEAMUSDT
2023-01-26 05:15:00,0.06330000,0.06500000,0.06270000,0.06500000,1111470.00000000,BEAMUSDT
2023-01-26 05:30:00,0.06510000,0.06530000,0.06440000,0.06480000,602896.00000000,BEAMUSDT
2023-01-26 05:45:00,0.06480000,0.06500000,0.06450000,0.06460000,329425.00000000,BEAMUSDT
2023-01-26 06:00:00,0.06460000,0.06780000,0.06400000,0.06750000,1183467.00000000,BEAMUSDT
2023-01-26 06:15:00,0.06750000,0.06800000,0.06700000,0.06700000,871093.00000000,BEAMUSDT
2023-01-26 06:30:00,0.06700000,0.06800000,0.06700000,0.06730000,326957.00000000,BEAMUSDT
2023-01-26 06:45:00,0.06720000,0.06730000,0.06500000,0.06540000,1443688.00000000,BEAMUSDT
2023-01-26 07:00:00,0.06530000,0.06690000,0.06510000,0.06680000,292338.00000000,BEAMUSDT
2023-01-26 07:15:00,0.06680000,0.06770000,0.06640000,0.06750000,616112.00000000,BEAMUSDT
2023-01-26 07:30:00,0.06760000,0.06770000,0.06570000,0.06630000,507782.00000000,BEAMUSDT
2023-01-26 07:45:00,0.06630000,0.06640000,0.06550000,0.06560000,477858.00000000,BEAMUSDT
2023-01-26 08:00:00,0.06550000,0.06670000,0.06510000,0.06670000,868542.00000000,BEAMUSDT
2023-01-26 08:15:00,0.06670000,0.06740000,0.06670000,0.06700000,1158176.00000000,BEAMUSDT
2023-01-26 08:30:00,0.06700000,0.06710000,0.06460000,0.06500000,541393.00000000,BEAMUSDT
2023-01-26 08:45:00,0.06500000,0.06660000,0.06470000,0.06520000,1012682.00000000,BEAMUSDT
