date,open,high,low,close,volume,ticker
2022-02-25 04:00:00,0.11680000,0.12670000,0.09820000,0.10920000,24155595.00000000,TUSDT
2022-02-25 05:00:00,0.10920000,0.12000000,0.10200000,0.11390000,12661669.70000000,TUSDT
2022-02-25 06:00:00,0.11380000,0.11670000,0.10610000,0.10860000,6699874.50000000,TUSDT
2022-02-25 07:00:00,0.10850000,0.11040000,0.10400000,0.10400000,8303883.90000000,TUSDT
2022-02-25 08:00:00,0.10410000,0.10730000,0.10230000,0.10300000,6666729.10000000,TUSDT
2022-02-25 09:00:00,0.10260000,0.10760000,0.09980000,0.10520000,11875443.60000000,TUSDT
2022-02-25 10:00:00,0.10520000,0.11040000,0.10510000,0.10760000,4487586.20000000,TUSDT
2022-02-25 11:00:00,0.10760000,0.10780000,0.10290000,0.10390000,4775267.50000000,TUSDT
2022-02-25 12:00:00,0.10410000,0.10720000,0.10350000,0.10600000,2564782.80000000,TUSDT
2022-02-25 13:00:00,0.10600000,0.11770000,0.10500000,0.11310000,13411254.70000000,TUSDT
2022-02-25 14:00:00,0.11310000,0.11600000,0.11030000,0.11150000,4715187.90000000,TUSDT
2022-02-25 15:00:00,0.11150000,0.12390000,0.11010000,0.11870000,17517149.60000000,TUSDT
2022-02-25 16:00:00,0.11870000,0.12200000,0.11610000,0.11890000,6247023.60000000,TUSDT
2022-02-25 17:00:00,0.11900000,0.11940000,0.11440000,0.11570000,4615502.10000000,TUSDT
2022-02-25 18:00:00,0.11530000,0.11780000,0.11500000,0.11590000,1466995.40000000,TUSDT
2022-02-25 19:00:00,0.11590000,0.11700000,0.11250000,0.11470000,1709854.90000000,TUSDT
2022-02-25 20:00:00,0.11460000,0.11610000,0.11300000,0.11520000,679666.80000000,TUSDT
2022-02-25 21:00:00,0.11520000,0.11970000,0.11380000,0.11620000,1471123.20000000,TUSDT
2022-02-25 22:00:00,0.11600000,0.11890000,0.11390000,0.11850000,2392054.10000000,TUSDT
2022-02-25 23:00:00,0.11890000,0.12560000,0.11740000,0.12500000,5198509.10000000,TUSDT
2022-02-26 00:00:00,0.12510000,0.12600000,0.11530000,0.12130000,10171461.10000000,TUSDT
2022-02-26 01:00:00,0.12050000,0.13000000,0.11920000,0.12360000,6494612.40000000,TUSDT
2022-02-26 02:00:00,0.12360000,0.12570000,0.11960000,0.12040000,4822474.40000000,TUSDT
2022-02-26 03:00:00,0.12010000,0.12330000,0.12000000,0.12090000,1461840.50000000,TUSDT
2022-02-26 04:00:00,0.12060000,0.12320000,0.11970000,0.12140000,2635009.50000000,TUSDT
2022-02-26 05:00:00,0.12150000,0.12360000,0.11850000,0.11910000,2993291.90000000,TUSDT
2022-02-26 06:00:00,0.11910000,0.12130000,0.11810000,0.12070000,1884467.00000000,TUSDT
2022-02-26 07:00:00,0.12020000,0.12090000,0.11930000,0.11970000,743711.90000000,TUSDT
2022-02-26 08:00:00,0.11970000,0.12300000,0.11760000,0.11800000,2591045.60000000,TUSDT
2022-02-26 09:00:00,0.11790000,0.12240000,0.11790000,0.12130000,3797563.10000000,TUSDT
2022-02-26 10:00:00,0.12150000,0.12210000,0.11960000,0.11980000,1824811.70000000,TUSDT
2022-02-26 11:00:00,0.12000000,0.12220000,0.11790000,0.12160000,5179414.20000000,TUSDT
2022-02-26 12:00:00,0.12180000,0.13800000,0.12150000,0.13320000,27821672.30000000,TUSDT
2022-02-26 13:00:00,0.13320000,0.14200000,0.12890000,0.13640000,37121639.30000000,TUSDT
2022-02-26 14:00:00,0.13630000,0.14140000,0.13120000,0.13940000,20891009.10000000,TUSDT
2022-02-26 15:00:00,0.13950000,0.14020000,0.13400000,0.13700000,14457313.10000000,TUSDT
2022-02-26 16:00:00,0.13700000,0.13700000,0.13200000,0.13400000,4483187.60000000,TUSDT
2022-02-26 17:00:00,0.13390000,0.13650000,0.13220000,0.13590000,2383548.10000000,TUSDT
2022-02-26 18:00:00,0.13580000,0.13870000,0.13480000,0.13610000,5204408.10000000,TUSDT
2022-02-26 19:00:00,0.13600000,0.13950000,0.13420000,0.13560000,3221578.70000000,TUSDT
2022-02-26 20:00:00,0.13560000,0.13770000,0.13410000,0.13500000,1598383.20000000,TUSDT
2022-02-26 21:00:00,0.13490000,0.13900000,0.13300000,0.13730000,4562856.90000000,TUSDT
2022-02-26 22:00:00,0.13730000,0.14070000,0.13630000,0.13650000,3792448.30000000,TUSDT
2022-02-26 23:00:00,0.13650000,0.14000000,0.13300000,0.13980000,4555348.20000000,TUSDT
2022-02-27 00:00:00,0.13960000,0.14270000,0.13400000,0.13450000,9213617.80000000,TUSDT
2022-02-27 01:00:00,0.13450000,0.13510000,0.12510000,0.12510000,11930967.80000000,TUSDT
2022-02-27 02:00:00,0.12530000,0.13000000,0.12410000,0.12840000,5905712.00000000,TUSDT
2022-02-27 03:00:00,0.12840000,0.12840000,0.12600000,0.12670000,2624242.50000000,TUSDT
2022-02-27 04:00:00,0.12670000,0.12770000,0.12600000,0.12640000,1628929.90000000,TUSDT
2022-02-27 05:00:00,0.12610000,0.12980000,0.12490000,0.12680000,2799170.70000000,TUSDT
2022-02-27 06:00:00,0.12700000,0.13190000,0.12600000,0.12930000,2916006.80000000,TUSDT
2022-02-27 07:00:00,0.12930000,0.13050000,0.12630000,0.12800000,2381499.80000000,TUSDT
2022-02-27 08:00:00,0.12820000,0.14500000,0.12800000,0.13960000,32933407.20000000,TUSDT
2022-02-27 09:00:00,0.13950000,0.15300000,0.13820000,0.14880000,27587210.80000000,TUSDT
2022-02-27 10:00:00,0.14890000,0.15390000,0.14630000,0.14900000,22040188.40000000,TUSDT
2022-02-27 11:00:00,0.14910000,0.15010000,0.14180000,0.14190000,16038848.70000000,TUSDT
2022-02-27 12:00:00,0.14210000,0.15210000,0.14010000,0.14700000,22555265.90000000,TUSDT
2022-02-27 13:00:00,0.14700000,0.15220000,0.14350000,0.14700000,16531949.50000000,TUSDT
2022-02-27 14:00:00,0.14700000,0.16530000,0.14680000,0.15770000,50995151.70000000,TUSDT
2022-02-27 15:00:00,0.15760000,0.17740000,0.15100000,0.16800000,46657056.40000000,TUSDT
2022-02-27 16:00:00,0.16800000,0.17940000,0.16400000,0.17190000,40025178.00000000,TUSDT
2022-02-27 17:00:00,0.17200000,0.17800000,0.16670000,0.17800000,21337717.60000000,TUSDT
2022-02-27 18:00:00,0.17800000,0.18910000,0.17430000,0.18280000,41395081.30000000,TUSDT
2022-02-27 19:00:00,0.18270000,0.18720000,0.16350000,0.16580000,42835829.10000000,TUSDT
2022-02-27 20:00:00,0.16580000,0.17890000,0.15790000,0.17050000,47015012.40000000,TUSDT
2022-02-27 21:00:00,0.17050000,0.17180000,0.16060000,0.16530000,17507291.50000000,TUSDT
2022-02-27 22:00:00,0.16530000,0.18080000,0.16440000,0.16970000,15988812.60000000,TUSDT
2022-02-27 23:00:00,0.16980000,0.17420000,0.16560000,0.17110000,11475500.00000000,TUSDT
2022-02-28 00:00:00,0.17110000,0.17750000,0.16730000,0.16920000,17700597.10000000,TUSDT
2022-02-28 01:00:00,0.16920000,0.17180000,0.16100000,0.16780000,16910659.90000000,TUSDT
2022-02-28 02:00:00,0.16780000,0.17120000,0.16270000,0.16330000,6522347.40000000,TUSDT
2022-02-28 03:00:00,0.16330000,0.16430000,0.16060000,0.16230000,7557643.50000000,TUSDT
2022-02-28 04:00:00,0.16230000,0.16350000,0.16000000,0.16090000,9341433.50000000,TUSDT
2022-02-28 05:00:00,0.16070000,0.16310000,0.15640000,0.15800000,7603915.20000000,TUSDT
2022-02-28 06:00:00,0.15800000,0.16050000,0.15560000,0.15650000,7728951.10000000,TUSDT
2022-02-28 07:00:00,0.15680000,0.16250000,0.15650000,0.16210000,8145108.80000000,TUSDT
2022-02-28 08:00:00,0.16210000,0.17090000,0.15800000,0.16750000,19701485.50000000,TUSDT
2022-02-28 09:00:00,0.16780000,0.17900000,0.16510000,0.17610000,19123642.60000000,TUSDT
2022-02-28 10:00:00,0.17610000,0.17990000,0.17210000,0.17340000,11199834.40000000,TUSDT
2022-02-28 11:00:00,0.17310000,0.17380000,0.16810000,0.17290000,9888669.40000000,TUSDT
2022-02-28 12:00:00,0.17310000,0.17310000,0.16600000,0.16660000,7360535.30000000,TUSDT
2022-02-28 13:00:00,0.16660000,0.17120000,0.16510000,0.16610000,7385973.20000000,TUSDT
2022-02-28 14:00:00,0.16620000,0.17470000,0.16520000,0.17440000,9161201.20000000,TUSDT
2022-02-28 15:00:00,0.17440000,0.18200000,0.17290000,0.17690000,22374909.10000000,TUSDT
2022-02-28 16:00:00,0.17720000,0.17980000,0.16690000,0.16800000,13464570.60000000,TUSDT
2022-02-28 17:00:00,0.16770000,0.17070000,0.16080000,0.16500000,12204158.50000000,TUSDT
2022-02-28 18:00:00,0.16500000,0.17330000,0.16480000,0.17100000,8385004.70000000,TUSDT
2022-02-28 19:00:00,0.17110000,0.17470000,0.16820000,0.17140000,4823155.90000000,TUSDT
2022-02-28 20:00:00,0.17140000,0.17270000,0.16900000,0.16970000,3315327.90000000,TUSDT
2022-02-28 21:00:00,0.16980000,0.17200000,0.16900000,0.16910000,2821876.30000000,TUSDT
2022-02-28 22:00:00,0.16910000,0.17190000,0.16900000,0.17070000,3810175.00000000,TUSDT
2022-02-28 23:00:00,0.17080000,0.17800000,0.17000000,0.17330000,8695974.40000000,TUSDT
2022-03-01 00:00:00,0.17360000,0.18100000,0.17020000,0.17870000,12483161.10000000,TUSDT
2022-03-01 01:00:00,0.17870000,0.17990000,0.17440000,0.17510000,3885666.10000000,TUSDT
2022-03-01 02:00:00,0.17510000,0.17780000,0.17030000,0.17410000,4004667.00000000,TUSDT
2022-03-01 03:00:00,0.17410000,0.17420000,0.16590000,0.17140000,8022000.90000000,TUSDT
2022-03-01 04:00:00,0.17150000,0.17800000,0.17120000,0.17580000,9946952.00000000,TUSDT
2022-03-01 05:00:00,0.17580000,0.18800000,0.17550000,0.18100000,12207793.10000000,TUSDT
2022-03-01 06:00:00,0.18090000,0.18200000,0.17620000,0.17740000,6997762.30000000,TUSDT
2022-03-01 07:00:00,0.17740000,0.18490000,0.17660000,0.18310000,5013014.80000000,TUSDT
2022-03-01 08:00:00,0.18310000,0.19200000,0.18120000,0.18580000,14273701.20000000,TUSDT
2022-03-01 09:00:00,0.18570000,0.18760000,0.18140000,0.18400000,3582258.20000000,TUSDT
2022-03-01 10:00:00,0.18400000,0.18600000,0.17800000,0.18600000,3613183.50000000,TUSDT
2022-03-01 11:00:00,0.18570000,0.18630000,0.17950000,0.18090000,3937172.90000000,TUSDT
2022-03-01 12:00:00,0.18120000,0.18880000,0.17900000,0.18650000,7724448.60000000,TUSDT
2022-03-01 13:00:00,0.18670000,0.18850000,0.18340000,0.18660000,6035287.50000000,TUSDT
2022-03-01 14:00:00,0.18660000,0.19390000,0.18450000,0.18480000,13515114.50000000,TUSDT
2022-03-01 15:00:00,0.18480000,0.19080000,0.18190000,0.18300000,11952865.80000000,TUSDT
2022-03-01 16:00:00,0.18300000,0.18480000,0.17850000,0.17960000,3569463.40000000,TUSDT
2022-03-01 17:00:00,0.17940000,0.18280000,0.17620000,0.17970000,3514056.10000000,TUSDT
2022-03-01 18:00:00,0.17970000,0.18870000,0.17840000,0.18530000,7624234.90000000,TUSDT
2022-03-01 19:00:00,0.18540000,0.18670000,0.18170000,0.18330000,4843350.10000000,TUSDT
2022-03-01 20:00:00,0.18330000,0.18480000,0.18240000,0.18460000,979618.20000000,TUSDT
2022-03-01 21:00:00,0.18460000,0.18690000,0.18190000,0.18230000,2345827.70000000,TUSDT
2022-03-01 22:00:00,0.18250000,0.18480000,0.18030000,0.18350000,1078496.40000000,TUSDT
2022-03-01 23:00:00,0.18350000,0.18500000,0.18160000,0.18160000,957507.90000000,TUSDT
2022-03-02 00:00:00,0.18160000,0.18430000,0.17850000,0.18380000,3177645.60000000,TUSDT
2022-03-02 01:00:00,0.18380000,0.18990000,0.18350000,0.18720000,5249892.50000000,TUSDT
2022-03-02 02:00:00,0.18660000,0.18720000,0.18370000,0.18400000,1074627.10000000,TUSDT
2022-03-02 03:00:00,0.18400000,0.23270000,0.18290000,0.20940000,125109155.70000000,TUSDT
2022-03-02 04:00:00,0.20930000,0.21190000,0.19150000,0.19770000,89763946.40000000,TUSDT
2022-03-02 05:00:00,0.19810000,0.20000000,0.19630000,0.19960000,20215981.30000000,TUSDT
2022-03-02 06:00:00,0.19960000,0.21500000,0.19650000,0.20250000,26933141.10000000,TUSDT
2022-03-02 07:00:00,0.20250000,0.22800000,0.20150000,0.20630000,63705376.70000000,TUSDT
2022-03-02 08:00:00,0.20670000,0.23150000,0.20230000,0.21370000,202174725.20000000,TUSDT
2022-03-02 09:00:00,0.21370000,0.21400000,0.19690000,0.19930000,33050480.20000000,TUSDT
2022-03-02 10:00:00,0.19910000,0.20580000,0.19370000,0.19520000,16995391.30000000,TUSDT
2022-03-02 11:00:00,0.19540000,0.19550000,0.18660000,0.18870000,16528583.70000000,TUSDT
2022-03-02 12:00:00,0.18870000,0.19370000,0.18520000,0.19320000,10758194.00000000,TUSDT
2022-03-02 13:00:00,0.19320000,0.19350000,0.18540000,0.18730000,8846808.40000000,TUSDT
2022-03-02 14:00:00,0.18740000,0.19230000,0.18610000,0.19090000,8264628.10000000,TUSDT
2022-03-02 15:00:00,0.19090000,0.19350000,0.18580000,0.18850000,5205557.20000000,TUSDT
2022-03-02 16:00:00,0.18850000,0.19190000,0.18700000,0.18970000,4946509.60000000,TUSDT
2022-03-02 17:00:00,0.18980000,0.19100000,0.17960000,0.18260000,8565767.80000000,TUSDT
2022-03-02 18:00:00,0.18260000,0.18520000,0.18010000,0.18160000,3689530.10000000,TUSDT
2022-03-02 19:00:00,0.18160000,0.18530000,0.18040000,0.18380000,2817614.00000000,TUSDT
2022-03-02 20:00:00,0.18380000,0.18630000,0.18000000,0.18480000,3369881.70000000,TUSDT
2022-03-02 21:00:00,0.18490000,0.18800000,0.18420000,0.18800000,1896016.20000000,TUSDT
2022-03-02 22:00:00,0.18800000,0.19000000,0.18560000,0.18990000,2746501.60000000,TUSDT
2022-03-02 23:00:00,0.18990000,0.19020000,0.18610000,0.18980000,1985072.20000000,TUSDT
2022-03-03 00:00:00,0.18970000,0.18970000,0.17590000,0.17750000,11393818.70000000,TUSDT
2022-03-03 01:00:00,0.17740000,0.17820000,0.17440000,0.17610000,4198194.20000000,TUSDT
2022-03-03 02:00:00,0.17630000,0.17700000,0.17450000,0.17570000,1471111.10000000,TUSDT
2022-03-03 03:00:00,0.17570000,0.17600000,0.17060000,0.17230000,3674268.50000000,TUSDT
2022-03-03 04:00:00,0.17230000,0.17400000,0.16860000,0.17300000,8027232.40000000,TUSDT
2022-03-03 05:00:00,0.17310000,0.17470000,0.17170000,0.17270000,1946989.60000000,TUSDT
2022-03-03 06:00:00,0.17290000,0.17670000,0.17030000,0.17650000,4577741.80000000,TUSDT
2022-03-03 07:00:00,0.17640000,0.17950000,0.17450000,0.17580000,6510731.90000000,TUSDT
2022-03-03 08:00:00,0.17550000,0.17650000,0.17320000,0.17590000,3271189.70000000,TUSDT
2022-03-03 09:00:00,0.17560000,0.17570000,0.17190000,0.17190000,2217985.20000000,TUSDT
2022-03-03 10:00:00,0.17190000,0.17500000,0.16960000,0.17400000,3103291.30000000,TUSDT
2022-03-03 11:00:00,0.17420000,0.17470000,0.17120000,0.17350000,2510102.10000000,TUSDT
2022-03-03 12:00:00,0.17350000,0.17400000,0.17170000,0.17230000,2727283.00000000,TUSDT
2022-03-03 13:00:00,0.17230000,0.17380000,0.16960000,0.17360000,4102591.70000000,TUSDT
2022-03-03 14:00:00,0.17380000,0.17520000,0.17100000,0.17190000,3617224.70000000,TUSDT
2022-03-03 15:00:00,0.17180000,0.17250000,0.16540000,0.16650000,5016193.70000000,TUSDT
2022-03-03 16:00:00,0.16650000,0.16760000,0.16460000,0.16630000,3319861.90000000,TUSDT
2022-03-03 17:00:00,0.16630000,0.16660000,0.16320000,0.16500000,2779991.90000000,TUSDT
2022-03-03 18:00:00,0.16530000,0.16610000,0.16410000,0.16530000,1594010.40000000,TUSDT
2022-03-03 19:00:00,0.16550000,0.16750000,0.16440000,0.16480000,1293304.90000000,TUSDT
2022-03-03 20:00:00,0.16480000,0.16640000,0.16360000,0.16480000,1144982.90000000,TUSDT
2022-03-03 21:00:00,0.16490000,0.16800000,0.16400000,0.16630000,2640158.20000000,TUSDT
2022-03-03 22:00:00,0.16630000,0.16990000,0.16620000,0.16870000,3019025.30000000,TUSDT
2022-03-03 23:00:00,0.16840000,0.17170000,0.16820000,0.16920000,2081113.10000000,TUSDT
2022-03-04 00:00:00,0.16920000,0.16940000,0.15770000,0.15900000,6641445.00000000,TUSDT
2022-03-04 01:00:00,0.15870000,0.15960000,0.15580000,0.15760000,2302593.30000000,TUSDT
2022-03-04 02:00:00,0.15750000,0.15840000,0.15600000,0.15730000,1243954.50000000,TUSDT
2022-03-04 03:00:00,0.15730000,0.15800000,0.15610000,0.15710000,712945.60000000,TUSDT
2022-03-04 04:00:00,0.15720000,0.15760000,0.15310000,0.15370000,5280334.00000000,TUSDT
2022-03-04 05:00:00,0.15370000,0.15530000,0.15240000,0.15370000,1669917.40000000,TUSDT
2022-03-04 06:00:00,0.15370000,0.15730000,0.15340000,0.15510000,2954461.10000000,TUSDT
2022-03-04 07:00:00,0.15510000,0.15680000,0.15330000,0.15620000,2543992.40000000,TUSDT
2022-03-04 08:00:00,0.15600000,0.15720000,0.15260000,0.15490000,4397220.10000000,TUSDT
2022-03-04 09:00:00,0.15520000,0.16000000,0.15390000,0.15620000,6592084.00000000,TUSDT
2022-03-04 10:00:00,0.15610000,0.15770000,0.15540000,0.15600000,1827767.30000000,TUSDT
2022-03-04 11:00:00,0.15600000,0.16840000,0.15580000,0.16250000,13833500.80000000,TUSDT
2022-03-04 12:00:00,0.16250000,0.16500000,0.15980000,0.16110000,11325127.70000000,TUSDT
2022-03-04 13:00:00,0.16110000,0.16210000,0.16000000,0.16070000,1269157.10000000,TUSDT
2022-03-04 14:00:00,0.16070000,0.16230000,0.15600000,0.15770000,3868089.60000000,TUSDT
2022-03-04 15:00:00,0.15790000,0.15910000,0.15600000,0.15700000,1227654.90000000,TUSDT
2022-03-04 16:00:00,0.15670000,0.15910000,0.15500000,0.15650000,1736398.40000000,TUSDT
2022-03-04 17:00:00,0.15660000,0.16000000,0.15630000,0.15850000,2651450.80000000,TUSDT
2022-03-04 18:00:00,0.15830000,0.16000000,0.15740000,0.15820000,1218460.80000000,TUSDT
2022-03-04 19:00:00,0.15810000,0.15890000,0.15430000,0.15480000,1123073.00000000,TUSDT
2022-03-04 20:00:00,0.15450000,0.15570000,0.15130000,0.15400000,3600493.80000000,TUSDT
2022-03-04 21:00:00,0.15370000,0.15530000,0.15320000,0.15500000,1072766.00000000,TUSDT
2022-03-04 22:00:00,0.15420000,0.15540000,0.15200000,0.15380000,1071060.10000000,TUSDT
2022-03-04 23:00:00,0.15370000,0.15620000,0.15330000,0.15540000,574306.80000000,TUSDT
2022-03-05 00:00:00,0.15550000,0.16410000,0.15270000,0.15500000,6935506.10000000,TUSDT
2022-03-05 01:00:00,0.15490000,0.15860000,0.15450000,0.15600000,2095160.90000000,TUSDT
2022-03-05 02:00:00,0.15600000,0.16300000,0.15580000,0.16010000,6525868.80000000,TUSDT
2022-03-05 03:00:00,0.16000000,0.16180000,0.15790000,0.15970000,3223410.40000000,TUSDT
2022-03-05 04:00:00,0.15990000,0.16090000,0.15810000,0.15910000,1870673.10000000,TUSDT
2022-03-05 05:00:00,0.15940000,0.16120000,0.15770000,0.15900000,1972623.40000000,TUSDT
2022-03-05 06:00:00,0.15900000,0.16190000,0.15760000,0.16090000,5439779.40000000,TUSDT
2022-03-05 07:00:00,0.16100000,0.16180000,0.15820000,0.15860000,1458221.70000000,TUSDT
2022-03-05 08:00:00,0.15880000,0.16100000,0.15760000,0.15910000,3628260.80000000,TUSDT
2022-03-05 09:00:00,0.15940000,0.15980000,0.15810000,0.15970000,1239259.90000000,TUSDT
2022-03-05 10:00:00,0.15980000,0.16070000,0.15800000,0.15920000,1073912.40000000,TUSDT
2022-03-05 11:00:00,0.15920000,0.15940000,0.15510000,0.15650000,2549612.10000000,TUSDT
2022-03-05 12:00:00,0.15650000,0.15750000,0.15630000,0.15640000,725785.60000000,TUSDT
2022-03-05 13:00:00,0.15650000,0.15650000,0.15500000,0.15510000,1370394.00000000,TUSDT
2022-03-05 14:00:00,0.15510000,0.15650000,0.15440000,0.15590000,817430.30000000,TUSDT
2022-03-05 15:00:00,0.15580000,0.15660000,0.15390000,0.15600000,708617.90000000,TUSDT
2022-03-05 16:00:00,0.15610000,0.15860000,0.15450000,0.15650000,1438079.90000000,TUSDT
2022-03-05 17:00:00,0.15650000,0.15870000,0.15610000,0.15610000,824311.80000000,TUSDT
2022-03-05 18:00:00,0.15610000,0.15820000,0.15600000,0.15640000,941120.60000000,TUSDT
2022-03-05 19:00:00,0.15650000,0.15820000,0.15640000,0.15720000,571379.20000000,TUSDT
2022-03-05 20:00:00,0.15720000,0.15910000,0.15700000,0.15740000,643455.90000000,TUSDT
2022-03-05 21:00:00,0.15740000,0.15790000,0.15670000,0.15700000,385938.20000000,TUSDT
2022-03-05 22:00:00,0.15700000,0.15750000,0.15540000,0.15710000,838075.80000000,TUSDT
2022-03-05 23:00:00,0.15720000,0.15720000,0.15570000,0.15720000,810682.60000000,TUSDT
2022-03-06 00:00:00,0.15720000,0.15750000,0.15560000,0.15650000,406486.80000000,TUSDT
2022-03-06 01:00:00,0.15660000,0.15690000,0.15440000,0.15460000,694426.90000000,TUSDT
2022-03-06 02:00:00,0.15460000,0.15490000,0.15380000,0.15440000,912962.90000000,TUSDT
2022-03-06 03:00:00,0.15440000,0.15570000,0.15270000,0.15330000,892905.60000000,TUSDT
2022-03-06 04:00:00,0.15330000,0.15340000,0.15050000,0.15270000,757922.80000000,TUSDT
2022-03-06 05:00:00,0.15260000,0.15340000,0.15180000,0.15240000,710874.10000000,TUSDT
2022-03-06 06:00:00,0.15210000,0.15330000,0.15150000,0.15220000,624805.20000000,TUSDT
2022-03-06 07:00:00,0.15240000,0.15270000,0.15130000,0.15210000,478090.30000000,TUSDT
2022-03-06 08:00:00,0.15190000,0.15210000,0.15110000,0.15140000,421168.70000000,TUSDT
2022-03-06 09:00:00,0.15120000,0.15130000,0.14750000,0.14820000,4178741.00000000,TUSDT
2022-03-06 10:00:00,0.14830000,0.14870000,0.14690000,0.14700000,2377690.40000000,TUSDT
2022-03-06 11:00:00,0.14700000,0.14990000,0.14630000,0.14820000,1717203.00000000,TUSDT
2022-03-06 12:00:00,0.14810000,0.14950000,0.14700000,0.14830000,772173.00000000,TUSDT
2022-03-06 13:00:00,0.14830000,0.14990000,0.14770000,0.14900000,1059662.60000000,TUSDT
2022-03-06 14:00:00,0.14900000,0.14940000,0.14760000,0.14800000,782710.10000000,TUSDT
2022-03-06 15:00:00,0.14790000,0.14840000,0.14450000,0.14710000,2147502.20000000,TUSDT
2022-03-06 16:00:00,0.14710000,0.14940000,0.14680000,0.14800000,618628.70000000,TUSDT
2022-03-06 17:00:00,0.14820000,0.14880000,0.14800000,0.14810000,513565.00000000,TUSDT
2022-03-06 18:00:00,0.14810000,0.14880000,0.14660000,0.14750000,1347471.70000000,TUSDT
2022-03-06 19:00:00,0.14720000,0.14720000,0.14490000,0.14590000,5040928.10000000,TUSDT
2022-03-06 20:00:00,0.14580000,0.14690000,0.14520000,0.14650000,266565.80000000,TUSDT
2022-03-06 21:00:00,0.14650000,0.14780000,0.14640000,0.14710000,198553.50000000,TUSDT
2022-03-06 22:00:00,0.14720000,0.14780000,0.14660000,0.14690000,331460.70000000,TUSDT
2022-03-06 23:00:00,0.14690000,0.14830000,0.14360000,0.14500000,873459.40000000,TUSDT
2022-03-07 00:00:00,0.14480000,0.14490000,0.13690000,0.13870000,4642455.80000000,TUSDT
2022-03-07 01:00:00,0.13880000,0.14010000,0.13750000,0.13790000,926334.80000000,TUSDT
2022-03-07 02:00:00,0.13760000,0.13870000,0.13520000,0.13570000,4074504.40000000,TUSDT
2022-03-07 03:00:00,0.13570000,0.13630000,0.13470000,0.13570000,1338252.60000000,TUSDT
2022-03-07 04:00:00,0.13600000,0.13760000,0.13480000,0.13640000,1401283.30000000,TUSDT
2022-03-07 05:00:00,0.13650000,0.13690000,0.13520000,0.13600000,889629.50000000,TUSDT
2022-03-07 06:00:00,0.13600000,0.13740000,0.13550000,0.13650000,487307.00000000,TUSDT
2022-03-07 07:00:00,0.13660000,0.13720000,0.13440000,0.13460000,733724.80000000,TUSDT
2022-03-07 08:00:00,0.13450000,0.13810000,0.13420000,0.13620000,955297.40000000,TUSDT
2022-03-07 09:00:00,0.13620000,0.13670000,0.13490000,0.13550000,342538.90000000,TUSDT
2022-03-07 10:00:00,0.13550000,0.13790000,0.13520000,0.13600000,814058.00000000,TUSDT
2022-03-07 11:00:00,0.13600000,0.13780000,0.13540000,0.13740000,355089.90000000,TUSDT
2022-03-07 12:00:00,0.13740000,0.14040000,0.13740000,0.13930000,1688896.80000000,TUSDT
2022-03-07 13:00:00,0.13880000,0.14130000,0.13870000,0.13900000,1577718.00000000,TUSDT
2022-03-07 14:00:00,0.13910000,0.14190000,0.13870000,0.13960000,3807466.50000000,TUSDT
2022-03-07 15:00:00,0.13970000,0.14000000,0.13830000,0.13910000,1297258.20000000,TUSDT
2022-03-07 16:00:00,0.13870000,0.14200000,0.13830000,0.13910000,2224837.00000000,TUSDT
2022-03-07 17:00:00,0.13880000,0.14030000,0.13770000,0.13900000,800961.50000000,TUSDT
2022-03-07 18:00:00,0.13910000,0.13910000,0.13630000,0.13760000,790389.60000000,TUSDT
2022-03-07 19:00:00,0.13750000,0.13870000,0.13450000,0.13520000,2340083.50000000,TUSDT
2022-03-07 20:00:00,0.13530000,0.13660000,0.13410000,0.13600000,613006.00000000,TUSDT
2022-03-07 21:00:00,0.13600000,0.13760000,0.13510000,0.13580000,2057681.70000000,TUSDT
2022-03-07 22:00:00,0.13570000,0.13800000,0.13570000,0.13710000,258988.10000000,TUSDT
2022-03-07 23:00:00,0.13700000,0.13780000,0.13600000,0.13720000,1277097.00000000,TUSDT
2022-03-08 00:00:00,0.13720000,0.14150000,0.13610000,0.13800000,3166984.50000000,TUSDT
2022-03-08 01:00:00,0.13820000,0.13950000,0.13690000,0.13840000,2223848.60000000,TUSDT
2022-03-08 02:00:00,0.13830000,0.13950000,0.13750000,0.13800000,687981.90000000,TUSDT
2022-03-08 03:00:00,0.13820000,0.13850000,0.13750000,0.13830000,539826.70000000,TUSDT
2022-03-08 04:00:00,0.13800000,0.13890000,0.13720000,0.13730000,453245.40000000,TUSDT
2022-03-08 05:00:00,0.13730000,0.13730000,0.13520000,0.13650000,1285759.10000000,TUSDT
2022-03-08 06:00:00,0.13650000,0.13800000,0.13490000,0.13600000,855085.30000000,TUSDT
2022-03-08 07:00:00,0.13570000,0.13710000,0.13510000,0.13590000,653985.30000000,TUSDT
2022-03-08 08:00:00,0.13590000,0.13780000,0.13560000,0.13630000,1034598.10000000,TUSDT
2022-03-08 09:00:00,0.13660000,0.13670000,0.13560000,0.13660000,1601569.10000000,TUSDT
2022-03-08 10:00:00,0.13660000,0.13750000,0.13540000,0.13710000,462166.40000000,TUSDT
2022-03-08 11:00:00,0.13710000,0.13710000,0.13520000,0.13620000,1142771.30000000,TUSDT
2022-03-08 12:00:00,0.13640000,0.13790000,0.13540000,0.13550000,767230.90000000,TUSDT
2022-03-08 13:00:00,0.13600000,0.13800000,0.13490000,0.13690000,877138.60000000,TUSDT
2022-03-08 14:00:00,0.13660000,0.13730000,0.13550000,0.13600000,723156.10000000,TUSDT
2022-03-08 15:00:00,0.13590000,0.13640000,0.13450000,0.13490000,302256.70000000,TUSDT
2022-03-08 16:00:00,0.13510000,0.13630000,0.13310000,0.13490000,649204.90000000,TUSDT
2022-03-08 17:00:00,0.13450000,0.13600000,0.13450000,0.13600000,684133.70000000,TUSDT
2022-03-08 18:00:00,0.13610000,0.13740000,0.13570000,0.13570000,281013.60000000,TUSDT
2022-03-08 19:00:00,0.13580000,0.13640000,0.13520000,0.13570000,267826.90000000,TUSDT
2022-03-08 20:00:00,0.13590000,0.13590000,0.13510000,0.13560000,441943.30000000,TUSDT
2022-03-08 21:00:00,0.13550000,0.13620000,0.13490000,0.13530000,527472.40000000,TUSDT
2022-03-08 22:00:00,0.13540000,0.13620000,0.13470000,0.13580000,146293.50000000,TUSDT
2022-03-08 23:00:00,0.13610000,0.13760000,0.13580000,0.13640000,251436.30000000,TUSDT
2022-03-09 00:00:00,0.13630000,0.13640000,0.13390000,0.13450000,770809.90000000,TUSDT
2022-03-09 01:00:00,0.13450000,0.13560000,0.13390000,0.13540000,943489.10000000,TUSDT
2022-03-09 02:00:00,0.13550000,0.13590000,0.13420000,0.13500000,911945.40000000,TUSDT
2022-03-09 03:00:00,0.13500000,0.13820000,0.13450000,0.13690000,2525306.70000000,TUSDT
2022-03-09 04:00:00,0.13700000,0.13920000,0.13690000,0.13760000,2171051.10000000,TUSDT
2022-03-09 05:00:00,0.13750000,0.13840000,0.13620000,0.13680000,1793885.90000000,TUSDT
2022-03-09 06:00:00,0.13680000,0.14070000,0.13670000,0.13920000,2288540.70000000,TUSDT
2022-03-09 07:00:00,0.13920000,0.14160000,0.13880000,0.14080000,1595094.40000000,TUSDT
2022-03-09 08:00:00,0.14030000,0.14090000,0.13770000,0.13910000,1933612.20000000,TUSDT
2022-03-09 09:00:00,0.13900000,0.14040000,0.13800000,0.13880000,869973.00000000,TUSDT
2022-03-09 10:00:00,0.13890000,0.13930000,0.13770000,0.13900000,1060288.50000000,TUSDT
2022-03-09 11:00:00,0.13900000,0.13960000,0.13810000,0.13910000,803164.90000000,TUSDT
2022-03-09 12:00:00,0.13890000,0.14070000,0.13780000,0.13820000,1529350.30000000,TUSDT
2022-03-09 13:00:00,0.13840000,0.13940000,0.13710000,0.13750000,724099.90000000,TUSDT
2022-03-09 14:00:00,0.13750000,0.13980000,0.13750000,0.13840000,733719.90000000,TUSDT
2022-03-09 15:00:00,0.13840000,0.13950000,0.13790000,0.13930000,524724.60000000,TUSDT
2022-03-09 16:00:00,0.13930000,0.13960000,0.13830000,0.13840000,477045.70000000,TUSDT
2022-03-09 17:00:00,0.13840000,0.13880000,0.13810000,0.13870000,393224.90000000,TUSDT
2022-03-09 18:00:00,0.13830000,0.13870000,0.13800000,0.13800000,261834.70000000,TUSDT
2022-03-09 19:00:00,0.13800000,0.13830000,0.13760000,0.13830000,349254.00000000,TUSDT
2022-03-09 20:00:00,0.13830000,0.13940000,0.13710000,0.13810000,314780.90000000,TUSDT
2022-03-09 21:00:00,0.13770000,0.13880000,0.13720000,0.13820000,419019.00000000,TUSDT
2022-03-09 22:00:00,0.13830000,0.13890000,0.13740000,0.13770000,188687.50000000,TUSDT
2022-03-09 23:00:00,0.13780000,0.13880000,0.13740000,0.13870000,223452.30000000,TUSDT
2022-03-10 00:00:00,0.13870000,0.13900000,0.13600000,0.13670000,679253.30000000,TUSDT
2022-03-10 01:00:00,0.13690000,0.13750000,0.13390000,0.13400000,490367.50000000,TUSDT
2022-03-10 02:00:00,0.13410000,0.13470000,0.13370000,0.13380000,683258.50000000,TUSDT
2022-03-10 03:00:00,0.13380000,0.13420000,0.13320000,0.13340000,1346824.50000000,TUSDT
2022-03-10 04:00:00,0.13340000,0.13370000,0.12940000,0.13030000,1559975.80000000,TUSDT
2022-03-10 05:00:00,0.13030000,0.13030000,0.12850000,0.12930000,1200873.10000000,TUSDT
2022-03-10 06:00:00,0.12910000,0.12980000,0.12870000,0.12950000,1144201.00000000,TUSDT
2022-03-10 07:00:00,0.12950000,0.13110000,0.12780000,0.12940000,1597124.50000000,TUSDT
2022-03-10 08:00:00,0.12940000,0.12980000,0.12830000,0.12940000,378451.70000000,TUSDT
2022-03-10 09:00:00,0.12940000,0.12980000,0.12850000,0.12920000,485033.50000000,TUSDT
2022-03-10 10:00:00,0.12890000,0.12960000,0.12800000,0.12820000,676165.60000000,TUSDT
2022-03-10 11:00:00,0.12820000,0.12990000,0.12810000,0.12880000,692068.30000000,TUSDT
2022-03-10 12:00:00,0.12880000,0.12950000,0.12810000,0.12950000,723626.10000000,TUSDT
2022-03-10 13:00:00,0.12930000,0.13100000,0.12700000,0.12810000,1843086.20000000,TUSDT
2022-03-10 14:00:00,0.12790000,0.12950000,0.12620000,0.12850000,1123727.10000000,TUSDT
2022-03-10 15:00:00,0.12850000,0.12990000,0.12820000,0.12860000,411668.70000000,TUSDT
2022-03-10 16:00:00,0.12870000,0.12950000,0.12780000,0.12840000,468679.60000000,TUSDT
2022-03-10 17:00:00,0.12820000,0.13010000,0.12810000,0.12830000,596936.30000000,TUSDT
2022-03-10 18:00:00,0.12840000,0.12940000,0.12810000,0.12890000,167909.30000000,TUSDT
2022-03-10 19:00:00,0.12900000,0.12990000,0.12830000,0.12990000,194946.90000000,TUSDT
2022-03-10 20:00:00,0.12980000,0.13160000,0.12880000,0.12970000,1001869.10000000,TUSDT
2022-03-10 21:00:00,0.12970000,0.12990000,0.12890000,0.12930000,272906.00000000,TUSDT
2022-03-10 22:00:00,0.12910000,0.12970000,0.12900000,0.12940000,94300.00000000,TUSDT
2022-03-10 23:00:00,0.12940000,0.13060000,0.12940000,0.13000000,114179.70000000,TUSDT
2022-03-11 00:00:00,0.13000000,0.13060000,0.12770000,0.12790000,477551.60000000,TUSDT
2022-03-11 01:00:00,0.12790000,0.12790000,0.12370000,0.12450000,1991487.40000000,TUSDT
2022-03-11 02:00:00,0.12450000,0.12470000,0.12310000,0.12360000,679239.90000000,TUSDT
2022-03-11 03:00:00,0.12330000,0.12370000,0.12300000,0.12350000,373437.00000000,TUSDT
2022-03-11 04:00:00,0.12330000,0.12420000,0.12250000,0.12400000,914942.90000000,TUSDT
2022-03-11 05:00:00,0.12400000,0.12460000,0.12330000,0.12460000,289955.40000000,TUSDT
2022-03-11 06:00:00,0.12460000,0.12530000,0.12410000,0.12470000,648903.50000000,TUSDT
2022-03-11 07:00:00,0.12460000,0.12680000,0.12460000,0.12610000,1285950.90000000,TUSDT
2022-03-11 08:00:00,0.12580000,0.12650000,0.12500000,0.12510000,382848.90000000,TUSDT
2022-03-11 09:00:00,0.12510000,0.12550000,0.12400000,0.12400000,654489.40000000,TUSDT
2022-03-11 10:00:00,0.12410000,0.12490000,0.12410000,0.12450000,878759.30000000,TUSDT
2022-03-11 11:00:00,0.12450000,0.12750000,0.12370000,0.12570000,2856267.00000000,TUSDT
2022-03-11 12:00:00,0.12560000,0.12700000,0.12560000,0.12580000,505914.70000000,TUSDT
2022-03-11 13:00:00,0.12580000,0.12590000,0.12500000,0.12540000,430083.40000000,TUSDT
2022-03-11 14:00:00,0.12550000,0.12750000,0.12510000,0.12610000,1269085.50000000,TUSDT
2022-03-11 15:00:00,0.12640000,0.12660000,0.12460000,0.12480000,451101.50000000,TUSDT
2022-03-11 16:00:00,0.12480000,0.12500000,0.12400000,0.12440000,329348.60000000,TUSDT
2022-03-11 17:00:00,0.12460000,0.12500000,0.12360000,0.12360000,364952.60000000,TUSDT
2022-03-11 18:00:00,0.12360000,0.12410000,0.12330000,0.12360000,242145.10000000,TUSDT
2022-03-11 19:00:00,0.12360000,0.12490000,0.12330000,0.12460000,352035.00000000,TUSDT
2022-03-11 20:00:00,0.12440000,0.12440000,0.12290000,0.12310000,583921.00000000,TUSDT
2022-03-11 21:00:00,0.12310000,0.12390000,0.12280000,0.12370000,204261.00000000,TUSDT
2022-03-11 22:00:00,0.12370000,0.12420000,0.12330000,0.12400000,304153.40000000,TUSDT
2022-03-11 23:00:00,0.12410000,0.12510000,0.12300000,0.12440000,788867.30000000,TUSDT
2022-03-12 00:00:00,0.12410000,0.12420000,0.12320000,0.12390000,139544.00000000,TUSDT
2022-03-12 01:00:00,0.12390000,0.12450000,0.12370000,0.12400000,158596.80000000,TUSDT
2022-03-12 02:00:00,0.12400000,0.12480000,0.12390000,0.12400000,307840.50000000,TUSDT
2022-03-12 03:00:00,0.12400000,0.12430000,0.12340000,0.12350000,259133.90000000,TUSDT
2022-03-12 04:00:00,0.12370000,0.12470000,0.12350000,0.12460000,162536.30000000,TUSDT
2022-03-12 05:00:00,0.12450000,0.12460000,0.12370000,0.12460000,115337.90000000,TUSDT
2022-03-12 06:00:00,0.12460000,0.12550000,0.12390000,0.12430000,492486.10000000,TUSDT
2022-03-12 07:00:00,0.12440000,0.12470000,0.12370000,0.12410000,369329.70000000,TUSDT
2022-03-12 08:00:00,0.12420000,0.12450000,0.12290000,0.12360000,1546642.10000000,TUSDT
2022-03-12 09:00:00,0.12350000,0.12410000,0.12290000,0.12360000,694608.70000000,TUSDT
2022-03-12 10:00:00,0.12350000,0.12500000,0.12350000,0.12410000,1728629.10000000,TUSDT
2022-03-12 11:00:00,0.12410000,0.12450000,0.12340000,0.12340000,209690.60000000,TUSDT
2022-03-12 12:00:00,0.12350000,0.12420000,0.12340000,0.12410000,176203.10000000,TUSDT
2022-03-12 13:00:00,0.12380000,0.12480000,0.12350000,0.12400000,450406.70000000,TUSDT
2022-03-12 14:00:00,0.12360000,0.12400000,0.12240000,0.12280000,1099242.80000000,TUSDT
2022-03-12 15:00:00,0.12270000,0.12510000,0.12260000,0.12430000,2196768.90000000,TUSDT
2022-03-12 16:00:00,0.12390000,0.12600000,0.12360000,0.12420000,1403791.10000000,TUSDT
2022-03-12 17:00:00,0.12490000,0.12510000,0.12300000,0.12320000,768165.40000000,TUSDT
2022-03-12 18:00:00,0.12320000,0.12370000,0.12320000,0.12370000,212494.00000000,TUSDT
2022-03-12 19:00:00,0.12370000,0.12450000,0.12340000,0.12370000,380873.30000000,TUSDT
2022-03-12 20:00:00,0.12370000,0.12390000,0.12310000,0.12340000,131241.70000000,TUSDT
2022-03-12 21:00:00,0.12360000,0.12450000,0.12310000,0.12350000,255937.50000000,TUSDT
2022-03-12 22:00:00,0.12340000,0.12460000,0.12340000,0.12360000,423314.20000000,TUSDT
2022-03-12 23:00:00,0.12390000,0.12400000,0.12250000,0.12250000,273673.40000000,TUSDT
2022-03-13 00:00:00,0.12250000,0.12310000,0.12130000,0.12170000,682862.20000000,TUSDT
2022-03-13 01:00:00,0.12150000,0.12290000,0.12140000,0.12190000,407824.20000000,TUSDT
2022-03-13 02:00:00,0.12190000,0.12350000,0.12190000,0.12270000,690132.10000000,TUSDT
2022-03-13 03:00:00,0.12280000,0.12300000,0.12150000,0.12230000,382648.30000000,TUSDT
2022-03-13 04:00:00,0.12200000,0.12270000,0.12180000,0.12200000,101667.60000000,TUSDT
2022-03-13 05:00:00,0.12190000,0.12330000,0.12150000,0.12300000,491917.70000000,TUSDT
2022-03-13 06:00:00,0.12280000,0.12330000,0.12180000,0.12210000,494278.00000000,TUSDT
2022-03-13 07:00:00,0.12200000,0.12250000,0.12150000,0.12150000,174472.20000000,TUSDT
2022-03-13 08:00:00,0.12150000,0.12230000,0.12030000,0.12170000,967646.00000000,TUSDT
2022-03-13 09:00:00,0.12170000,0.12230000,0.11970000,0.12140000,824387.10000000,TUSDT
2022-03-13 10:00:00,0.12080000,0.12130000,0.12020000,0.12110000,605306.20000000,TUSDT
2022-03-13 11:00:00,0.12110000,0.12150000,0.11980000,0.12040000,811772.00000000,TUSDT
2022-03-13 12:00:00,0.12030000,0.12070000,0.11800000,0.11830000,1465525.50000000,TUSDT
2022-03-13 13:00:00,0.11830000,0.12000000,0.11810000,0.11880000,969422.00000000,TUSDT
2022-03-13 14:00:00,0.11860000,0.11980000,0.11820000,0.11890000,1258708.30000000,TUSDT
2022-03-13 15:00:00,0.11890000,0.12030000,0.11890000,0.11910000,938749.10000000,TUSDT
2022-03-13 16:00:00,0.11910000,0.12000000,0.11900000,0.11990000,727570.40000000,TUSDT
2022-03-13 17:00:00,0.12000000,0.12100000,0.11940000,0.11950000,1361238.00000000,TUSDT
2022-03-13 18:00:00,0.11960000,0.12160000,0.11930000,0.11990000,1191479.50000000,TUSDT
2022-03-13 19:00:00,0.11990000,0.12050000,0.11890000,0.11940000,217359.50000000,TUSDT
2022-03-13 20:00:00,0.11900000,0.11980000,0.11820000,0.11890000,579056.70000000,TUSDT
2022-03-13 21:00:00,0.11890000,0.12060000,0.11810000,0.11970000,1511403.60000000,TUSDT
2022-03-13 22:00:00,0.11960000,0.11990000,0.11570000,0.11650000,1024468.40000000,TUSDT
2022-03-13 23:00:00,0.11680000,0.11770000,0.11560000,0.11620000,979221.20000000,TUSDT
2022-03-14 00:00:00,0.11590000,0.12200000,0.11490000,0.11880000,2194318.90000000,TUSDT
2022-03-14 01:00:00,0.11870000,0.12620000,0.11870000,0.12410000,7507896.70000000,TUSDT
2022-03-14 02:00:00,0.12430000,0.13380000,0.12380000,0.12680000,11817613.30000000,TUSDT
2022-03-14 03:00:00,0.12710000,0.13450000,0.12450000,0.13180000,7857217.60000000,TUSDT
2022-03-14 04:00:00,0.13180000,0.13530000,0.12730000,0.12800000,10169571.80000000,TUSDT
2022-03-14 05:00:00,0.12790000,0.12840000,0.12510000,0.12520000,4202006.30000000,TUSDT
2022-03-14 06:00:00,0.12510000,0.12910000,0.12470000,0.12880000,3408766.40000000,TUSDT
2022-03-14 07:00:00,0.12890000,0.12970000,0.12500000,0.12580000,3791934.30000000,TUSDT
2022-03-14 08:00:00,0.12580000,0.12690000,0.12370000,0.12640000,4349650.00000000,TUSDT
2022-03-14 09:00:00,0.12610000,0.12610000,0.12340000,0.12390000,1575778.40000000,TUSDT
2022-03-14 10:00:00,0.12410000,0.12450000,0.12260000,0.12340000,1362654.60000000,TUSDT
2022-03-14 11:00:00,0.12350000,0.12560000,0.12280000,0.12520000,2227715.30000000,TUSDT
2022-03-14 12:00:00,0.12510000,0.12520000,0.12190000,0.12320000,2084506.20000000,TUSDT
2022-03-14 13:00:00,0.12300000,0.12420000,0.12200000,0.12380000,1352953.70000000,TUSDT
2022-03-14 14:00:00,0.12400000,0.12450000,0.12280000,0.12280000,1663507.10000000,TUSDT
2022-03-14 15:00:00,0.12290000,0.12330000,0.12220000,0.12230000,904638.40000000,TUSDT
2022-03-14 16:00:00,0.12250000,0.12260000,0.12150000,0.12190000,1449107.90000000,TUSDT
2022-03-14 17:00:00,0.12190000,0.12230000,0.12150000,0.12150000,611980.20000000,TUSDT
2022-03-14 18:00:00,0.12150000,0.12180000,0.11990000,0.12090000,811096.80000000,TUSDT
2022-03-14 19:00:00,0.12100000,0.12210000,0.12070000,0.12200000,595422.10000000,TUSDT
2022-03-14 20:00:00,0.12170000,0.12330000,0.12040000,0.12080000,1950130.20000000,TUSDT
2022-03-14 21:00:00,0.12080000,0.12140000,0.12050000,0.12060000,781521.40000000,TUSDT
2022-03-14 22:00:00,0.12080000,0.12290000,0.12080000,0.12250000,594265.10000000,TUSDT
2022-03-14 23:00:00,0.12220000,0.12400000,0.12220000,0.12400000,1668440.40000000,TUSDT
2022-03-15 00:00:00,0.12360000,0.12410000,0.12130000,0.12210000,1285826.40000000,TUSDT
2022-03-15 01:00:00,0.12170000,0.12210000,0.11920000,0.11930000,825786.30000000,TUSDT
2022-03-15 02:00:00,0.11930000,0.12070000,0.11900000,0.11990000,607354.80000000,TUSDT
2022-03-15 03:00:00,0.12000000,0.12030000,0.11920000,0.11950000,505972.00000000,TUSDT
2022-03-15 04:00:00,0.11950000,0.12160000,0.11950000,0.12100000,614084.50000000,TUSDT
2022-03-15 05:00:00,0.12070000,0.12090000,0.11940000,0.12000000,218166.20000000,TUSDT
2022-03-15 06:00:00,0.12030000,0.12180000,0.12030000,0.12110000,257136.10000000,TUSDT
2022-03-15 07:00:00,0.12090000,0.12090000,0.11790000,0.11900000,1449710.10000000,TUSDT
2022-03-15 08:00:00,0.11900000,0.11940000,0.11700000,0.11740000,757284.00000000,TUSDT
2022-03-15 09:00:00,0.11730000,0.11910000,0.11710000,0.11770000,1350201.80000000,TUSDT
2022-03-15 10:00:00,0.11770000,0.11880000,0.11730000,0.11770000,778618.80000000,TUSDT
2022-03-15 11:00:00,0.11760000,0.11840000,0.11730000,0.11780000,418403.60000000,TUSDT
2022-03-15 12:00:00,0.11780000,0.11890000,0.11780000,0.11810000,533019.80000000,TUSDT
2022-03-15 13:00:00,0.11840000,0.11870000,0.11730000,0.11780000,332175.10000000,TUSDT
2022-03-15 14:00:00,0.11780000,0.11990000,0.11760000,0.11960000,781456.30000000,TUSDT
2022-03-15 15:00:00,0.11960000,0.12050000,0.11880000,0.11900000,648016.60000000,TUSDT
2022-03-15 16:00:00,0.11940000,0.12040000,0.11900000,0.12000000,224523.70000000,TUSDT
2022-03-15 17:00:00,0.12000000,0.12050000,0.11930000,0.11960000,280414.90000000,TUSDT
2022-03-15 18:00:00,0.11970000,0.12080000,0.11940000,0.12050000,599337.40000000,TUSDT
2022-03-15 19:00:00,0.12060000,0.12200000,0.12050000,0.12130000,987335.30000000,TUSDT
2022-03-15 20:00:00,0.12150000,0.12190000,0.12040000,0.12150000,463045.20000000,TUSDT
2022-03-15 21:00:00,0.12120000,0.12140000,0.12030000,0.12050000,80175.90000000,TUSDT
2022-03-15 22:00:00,0.12050000,0.12150000,0.12050000,0.12090000,182362.80000000,TUSDT
2022-03-15 23:00:00,0.12090000,0.12120000,0.12020000,0.12030000,89917.70000000,TUSDT
2022-03-16 00:00:00,0.12030000,0.12030000,0.11870000,0.11900000,447558.40000000,TUSDT
2022-03-16 01:00:00,0.11890000,0.11970000,0.11860000,0.11950000,283481.50000000,TUSDT
2022-03-16 02:00:00,0.11950000,0.12250000,0.11730000,0.12030000,3656320.00000000,TUSDT
2022-03-16 03:00:00,0.12050000,0.12050000,0.11770000,0.11770000,1166861.90000000,TUSDT
2022-03-16 04:00:00,0.11790000,0.11800000,0.11650000,0.11730000,731698.40000000,TUSDT
2022-03-16 05:00:00,0.11730000,0.11790000,0.11660000,0.11730000,527892.00000000,TUSDT
2022-03-16 06:00:00,0.11740000,0.11820000,0.11720000,0.11820000,402945.50000000,TUSDT
2022-03-16 07:00:00,0.11830000,0.11850000,0.11750000,0.11830000,323947.90000000,TUSDT
2022-03-16 08:00:00,0.11820000,0.11950000,0.11810000,0.11890000,611113.20000000,TUSDT
2022-03-16 09:00:00,0.11900000,0.11990000,0.11850000,0.11970000,497716.10000000,TUSDT
2022-03-16 10:00:00,0.11980000,0.12040000,0.11880000,0.11910000,1299547.80000000,TUSDT
2022-03-16 11:00:00,0.11910000,0.11960000,0.11820000,0.11900000,759199.50000000,TUSDT
2022-03-16 12:00:00,0.11900000,0.11950000,0.11830000,0.11840000,356167.60000000,TUSDT
2022-03-16 13:00:00,0.11830000,0.11910000,0.11790000,0.11880000,438456.20000000,TUSDT
2022-03-16 14:00:00,0.11880000,0.12120000,0.11840000,0.12120000,555516.50000000,TUSDT
2022-03-16 15:00:00,0.12110000,0.12130000,0.11900000,0.11920000,623071.90000000,TUSDT
2022-03-16 16:00:00,0.11920000,0.11980000,0.11770000,0.11850000,1028909.20000000,TUSDT
2022-03-16 17:00:00,0.11850000,0.12010000,0.11780000,0.11990000,903730.60000000,TUSDT
2022-03-16 18:00:00,0.11980000,0.12060000,0.11790000,0.11890000,369910.30000000,TUSDT
2022-03-16 19:00:00,0.11920000,0.12100000,0.11910000,0.12100000,463118.30000000,TUSDT
2022-03-16 20:00:00,0.12100000,0.12300000,0.12040000,0.12240000,1632002.40000000,TUSDT
2022-03-16 21:00:00,0.12230000,0.12300000,0.12090000,0.12140000,697123.10000000,TUSDT
2022-03-16 22:00:00,0.12120000,0.12170000,0.12090000,0.12170000,249479.10000000,TUSDT
2022-03-16 23:00:00,0.12170000,0.12360000,0.12110000,0.12260000,621869.40000000,TUSDT
2022-03-17 00:00:00,0.12270000,0.12280000,0.12080000,0.12130000,625176.40000000,TUSDT
2022-03-17 01:00:00,0.12160000,0.12270000,0.12080000,0.12270000,759522.20000000,TUSDT
2022-03-17 02:00:00,0.12280000,0.12280000,0.12060000,0.12120000,522265.10000000,TUSDT
2022-03-17 03:00:00,0.12110000,0.12230000,0.12060000,0.12150000,990715.50000000,TUSDT
2022-03-17 04:00:00,0.12150000,0.12150000,0.12030000,0.12120000,369326.20000000,TUSDT
2022-03-17 05:00:00,0.12110000,0.12560000,0.12050000,0.12340000,3913951.50000000,TUSDT
2022-03-17 06:00:00,0.12330000,0.13300000,0.12310000,0.12880000,8166473.20000000,TUSDT
2022-03-17 07:00:00,0.12880000,0.13680000,0.12560000,0.12970000,19879808.60000000,TUSDT
2022-03-17 08:00:00,0.12990000,0.13250000,0.12750000,0.12790000,6435805.30000000,TUSDT
2022-03-17 09:00:00,0.12790000,0.13000000,0.12640000,0.12720000,2237750.40000000,TUSDT
2022-03-17 10:00:00,0.12680000,0.12690000,0.12470000,0.12500000,2559429.00000000,TUSDT
2022-03-17 11:00:00,0.12500000,0.12510000,0.12390000,0.12410000,1263912.70000000,TUSDT
2022-03-17 12:00:00,0.12400000,0.12590000,0.12390000,0.12570000,849023.30000000,TUSDT
2022-03-17 13:00:00,0.12560000,0.12650000,0.12450000,0.12540000,1681850.30000000,TUSDT
2022-03-17 14:00:00,0.12540000,0.12710000,0.12410000,0.12580000,2288048.50000000,TUSDT
2022-03-17 15:00:00,0.12580000,0.12600000,0.12450000,0.12500000,671095.70000000,TUSDT
2022-03-17 16:00:00,0.12500000,0.12560000,0.12460000,0.12480000,712755.20000000,TUSDT
2022-03-17 17:00:00,0.12500000,0.12540000,0.12420000,0.12470000,353729.00000000,TUSDT
2022-03-17 18:00:00,0.12470000,0.12520000,0.12470000,0.12510000,273892.10000000,TUSDT
2022-03-17 19:00:00,0.12510000,0.12580000,0.12470000,0.12500000,586854.50000000,TUSDT
2022-03-17 20:00:00,0.12530000,0.12570000,0.12450000,0.12490000,404204.20000000,TUSDT
2022-03-17 21:00:00,0.12480000,0.12740000,0.12450000,0.12690000,1464288.10000000,TUSDT
2022-03-17 22:00:00,0.12690000,0.12770000,0.12550000,0.12600000,1258914.70000000,TUSDT
2022-03-17 23:00:00,0.12570000,0.12680000,0.12560000,0.12570000,517258.40000000,TUSDT
2022-03-18 00:00:00,0.12600000,0.12620000,0.12370000,0.12420000,670663.40000000,TUSDT
2022-03-18 01:00:00,0.12380000,0.12740000,0.12300000,0.12730000,1412257.50000000,TUSDT
2022-03-18 02:00:00,0.12700000,0.13170000,0.12470000,0.13060000,4804929.70000000,TUSDT
2022-03-18 03:00:00,0.13060000,0.13500000,0.12580000,0.12870000,10099113.70000000,TUSDT
2022-03-18 04:00:00,0.12860000,0.12910000,0.12720000,0.12740000,1428286.10000000,TUSDT
2022-03-18 05:00:00,0.12730000,0.13020000,0.12690000,0.12920000,2898911.80000000,TUSDT
2022-03-18 06:00:00,0.12950000,0.12960000,0.12720000,0.12770000,2321772.60000000,TUSDT
2022-03-18 07:00:00,0.12740000,0.12850000,0.12650000,0.12730000,767337.90000000,TUSDT
2022-03-18 08:00:00,0.12730000,0.12880000,0.12640000,0.12740000,1320186.70000000,TUSDT
2022-03-18 09:00:00,0.12740000,0.12740000,0.12610000,0.12660000,892686.70000000,TUSDT
2022-03-18 10:00:00,0.12660000,0.12880000,0.12610000,0.12830000,1412924.50000000,TUSDT
2022-03-18 11:00:00,0.12810000,0.12840000,0.12630000,0.12720000,554820.40000000,TUSDT
2022-03-18 12:00:00,0.12720000,0.12820000,0.12640000,0.12660000,1419809.90000000,TUSDT
2022-03-18 13:00:00,0.12660000,0.12700000,0.12530000,0.12680000,1263362.90000000,TUSDT
2022-03-18 14:00:00,0.12690000,0.12850000,0.12620000,0.12700000,2001518.40000000,TUSDT
2022-03-18 15:00:00,0.12700000,0.12790000,0.12610000,0.12620000,2606902.80000000,TUSDT
2022-03-18 16:00:00,0.12670000,0.13000000,0.12580000,0.12920000,1478015.20000000,TUSDT
2022-03-18 17:00:00,0.12920000,0.13200000,0.12800000,0.12850000,2384606.50000000,TUSDT
2022-03-18 18:00:00,0.12840000,0.13000000,0.12750000,0.12880000,1205615.20000000,TUSDT
2022-03-18 19:00:00,0.12880000,0.13200000,0.12850000,0.13100000,2926753.10000000,TUSDT
2022-03-18 20:00:00,0.13100000,0.13200000,0.12950000,0.12960000,1026643.10000000,TUSDT
2022-03-18 21:00:00,0.12950000,0.13170000,0.12930000,0.13060000,1001550.90000000,TUSDT
2022-03-18 22:00:00,0.13040000,0.13120000,0.12960000,0.13000000,669796.50000000,TUSDT
2022-03-18 23:00:00,0.13000000,0.13090000,0.12920000,0.12950000,593459.70000000,TUSDT
2022-03-19 00:00:00,0.12950000,0.12950000,0.12780000,0.12860000,1620770.60000000,TUSDT
2022-03-19 01:00:00,0.12880000,0.13020000,0.12860000,0.12860000,840231.00000000,TUSDT
2022-03-19 02:00:00,0.12860000,0.12910000,0.12740000,0.12880000,738096.00000000,TUSDT
2022-03-19 03:00:00,0.12870000,0.12910000,0.12740000,0.12840000,674355.80000000,TUSDT
2022-03-19 04:00:00,0.12820000,0.12850000,0.12770000,0.12800000,548751.90000000,TUSDT
2022-03-19 05:00:00,0.12820000,0.12880000,0.12750000,0.12790000,844670.20000000,TUSDT
2022-03-19 06:00:00,0.12810000,0.12880000,0.12750000,0.12840000,824560.40000000,TUSDT
2022-03-19 07:00:00,0.12840000,0.12920000,0.12720000,0.12840000,656845.60000000,TUSDT
2022-03-19 08:00:00,0.12830000,0.12860000,0.12690000,0.12860000,839002.70000000,TUSDT
2022-03-19 09:00:00,0.12860000,0.12900000,0.12700000,0.12820000,821971.50000000,TUSDT
2022-03-19 10:00:00,0.12820000,0.12850000,0.12760000,0.12800000,637407.60000000,TUSDT
2022-03-19 11:00:00,0.12800000,0.13060000,0.12760000,0.12940000,2039204.10000000,TUSDT
2022-03-19 12:00:00,0.12910000,0.13000000,0.12850000,0.12930000,1753781.30000000,TUSDT
2022-03-19 13:00:00,0.12930000,0.13020000,0.12770000,0.12830000,1486237.80000000,TUSDT
2022-03-19 14:00:00,0.12830000,0.12990000,0.12750000,0.12950000,1002780.20000000,TUSDT
2022-03-19 15:00:00,0.12950000,0.13110000,0.12870000,0.13040000,1273729.60000000,TUSDT
2022-03-19 16:00:00,0.13040000,0.13070000,0.12950000,0.12970000,716182.30000000,TUSDT
2022-03-19 17:00:00,0.12990000,0.12990000,0.12860000,0.12900000,835645.80000000,TUSDT
2022-03-19 18:00:00,0.12910000,0.12990000,0.12870000,0.12990000,269994.60000000,TUSDT
2022-03-19 19:00:00,0.12990000,0.13000000,0.12800000,0.12950000,374284.20000000,TUSDT
2022-03-19 20:00:00,0.12930000,0.13050000,0.12890000,0.13050000,279883.20000000,TUSDT
2022-03-19 21:00:00,0.13040000,0.13070000,0.12910000,0.12940000,336385.30000000,TUSDT
2022-03-19 22:00:00,0.12940000,0.12940000,0.12770000,0.12810000,665611.10000000,TUSDT
2022-03-19 23:00:00,0.12810000,0.12940000,0.12810000,0.12910000,254489.30000000,TUSDT
2022-03-20 00:00:00,0.12920000,0.12920000,0.12650000,0.12760000,1813143.80000000,TUSDT
2022-03-20 01:00:00,0.12750000,0.13000000,0.12750000,0.12990000,1149044.40000000,TUSDT
2022-03-20 02:00:00,0.12980000,0.13070000,0.12890000,0.12930000,327728.30000000,TUSDT
2022-03-20 03:00:00,0.12930000,0.13010000,0.12830000,0.12850000,337775.50000000,TUSDT
2022-03-20 04:00:00,0.12870000,0.12900000,0.12810000,0.12860000,558572.00000000,TUSDT
2022-03-20 05:00:00,0.12860000,0.12890000,0.12750000,0.12890000,1548316.20000000,TUSDT
2022-03-20 06:00:00,0.12890000,0.12940000,0.12830000,0.12830000,157787.30000000,TUSDT
2022-03-20 07:00:00,0.12830000,0.12910000,0.12790000,0.12800000,499613.70000000,TUSDT
2022-03-20 08:00:00,0.12800000,0.12860000,0.12800000,0.12850000,138268.90000000,TUSDT
2022-03-20 09:00:00,0.12830000,0.12930000,0.12730000,0.12790000,1129163.30000000,TUSDT
2022-03-20 10:00:00,0.12800000,0.12880000,0.12650000,0.12680000,930732.40000000,TUSDT
2022-03-20 11:00:00,0.12680000,0.12730000,0.12620000,0.12620000,398470.20000000,TUSDT
2022-03-20 12:00:00,0.12620000,0.12630000,0.12470000,0.12590000,953029.50000000,TUSDT
2022-03-20 13:00:00,0.12560000,0.12600000,0.12500000,0.12550000,778676.10000000,TUSDT
2022-03-20 14:00:00,0.12570000,0.12590000,0.12470000,0.12470000,307645.40000000,TUSDT
2022-03-20 15:00:00,0.12470000,0.12520000,0.12330000,0.12400000,914080.20000000,TUSDT
2022-03-20 16:00:00,0.12390000,0.12500000,0.12390000,0.12430000,197886.00000000,TUSDT
2022-03-20 17:00:00,0.12440000,0.12450000,0.12290000,0.12380000,396263.40000000,TUSDT
2022-03-20 18:00:00,0.12360000,0.12510000,0.12350000,0.12410000,932583.30000000,TUSDT
2022-03-20 19:00:00,0.12420000,0.12550000,0.12400000,0.12510000,255302.00000000,TUSDT
2022-03-20 20:00:00,0.12520000,0.12650000,0.12510000,0.12510000,495951.80000000,TUSDT
2022-03-20 21:00:00,0.12510000,0.12680000,0.12480000,0.12620000,388009.10000000,TUSDT
2022-03-20 22:00:00,0.12620000,0.12680000,0.12580000,0.12680000,127014.80000000,TUSDT
2022-03-20 23:00:00,0.12660000,0.12700000,0.12560000,0.12590000,636623.90000000,TUSDT
2022-03-21 00:00:00,0.12590000,0.12620000,0.12460000,0.12480000,284257.70000000,TUSDT
2022-03-21 01:00:00,0.12480000,0.12510000,0.12360000,0.12370000,450401.20000000,TUSDT
2022-03-21 02:00:00,0.12360000,0.12410000,0.12230000,0.12330000,681549.10000000,TUSDT
2022-03-21 03:00:00,0.12320000,0.12360000,0.12300000,0.12320000,267420.20000000,TUSDT
2022-03-21 04:00:00,0.12330000,0.12330000,0.12240000,0.12240000,382621.90000000,TUSDT
2022-03-21 05:00:00,0.12250000,0.12340000,0.12230000,0.12340000,388156.90000000,TUSDT
2022-03-21 06:00:00,0.12340000,0.12400000,0.12220000,0.12230000,952570.30000000,TUSDT
2022-03-21 07:00:00,0.12230000,0.12370000,0.12180000,0.12350000,1281822.40000000,TUSDT
2022-03-21 08:00:00,0.12350000,0.12410000,0.12270000,0.12310000,705869.20000000,TUSDT
2022-03-21 09:00:00,0.12330000,0.12390000,0.12270000,0.12360000,570273.80000000,TUSDT
2022-03-21 10:00:00,0.12380000,0.12430000,0.12310000,0.12350000,961969.00000000,TUSDT
2022-03-21 11:00:00,0.12340000,0.12390000,0.12280000,0.12330000,708305.90000000,TUSDT
2022-03-21 12:00:00,0.12320000,0.12330000,0.12250000,0.12290000,302892.10000000,TUSDT
2022-03-21 13:00:00,0.12300000,0.12470000,0.12290000,0.12400000,1336372.60000000,TUSDT
2022-03-21 14:00:00,0.12400000,0.12550000,0.12370000,0.12460000,810842.90000000,TUSDT
2022-03-21 15:00:00,0.12480000,0.12700000,0.12470000,0.12640000,738280.60000000,TUSDT
2022-03-21 16:00:00,0.12640000,0.12800000,0.12620000,0.12650000,1319873.10000000,TUSDT
2022-03-21 17:00:00,0.12650000,0.12880000,0.12440000,0.12490000,1580773.80000000,TUSDT
2022-03-21 18:00:00,0.12490000,0.12520000,0.12400000,0.12510000,786362.10000000,TUSDT
2022-03-21 19:00:00,0.12490000,0.12590000,0.12320000,0.12380000,663389.60000000,TUSDT
2022-03-21 20:00:00,0.12370000,0.12500000,0.12370000,0.12460000,460334.70000000,TUSDT
2022-03-21 21:00:00,0.12420000,0.12470000,0.12380000,0.12440000,324613.90000000,TUSDT
2022-03-21 22:00:00,0.12440000,0.12480000,0.12300000,0.12360000,554080.60000000,TUSDT
2022-03-21 23:00:00,0.12350000,0.12380000,0.12320000,0.12380000,156461.20000000,TUSDT
2022-03-22 00:00:00,0.12350000,0.12350000,0.12280000,0.12330000,103986.70000000,TUSDT
2022-03-22 01:00:00,0.12330000,0.12360000,0.12280000,0.12300000,175984.80000000,TUSDT
2022-03-22 02:00:00,0.12310000,0.12520000,0.12310000,0.12460000,1661373.10000000,TUSDT
2022-03-22 03:00:00,0.12470000,0.12580000,0.12470000,0.12520000,473902.30000000,TUSDT
2022-03-22 04:00:00,0.12520000,0.12610000,0.12520000,0.12540000,495963.50000000,TUSDT
2022-03-22 05:00:00,0.12540000,0.12580000,0.12530000,0.12530000,197662.90000000,TUSDT
2022-03-22 06:00:00,0.12530000,0.12590000,0.12420000,0.12430000,735336.00000000,TUSDT
2022-03-22 07:00:00,0.12430000,0.12470000,0.12390000,0.12420000,310547.40000000,TUSDT
2022-03-22 08:00:00,0.12410000,0.12510000,0.12390000,0.12470000,455577.20000000,TUSDT
2022-03-22 09:00:00,0.12490000,0.12510000,0.12470000,0.12470000,275565.00000000,TUSDT
2022-03-22 10:00:00,0.12500000,0.12610000,0.12470000,0.12580000,924632.60000000,TUSDT
2022-03-22 11:00:00,0.12590000,0.12690000,0.12550000,0.12630000,838479.40000000,TUSDT
2022-03-22 12:00:00,0.12610000,0.12640000,0.12500000,0.12530000,467586.80000000,TUSDT
2022-03-22 13:00:00,0.12540000,0.12570000,0.12500000,0.12560000,406007.90000000,TUSDT
2022-03-22 14:00:00,0.12560000,0.12650000,0.12560000,0.12600000,357199.00000000,TUSDT
2022-03-22 15:00:00,0.12600000,0.12660000,0.12530000,0.12580000,1027417.30000000,TUSDT
2022-03-22 16:00:00,0.12580000,0.12590000,0.12490000,0.12490000,282974.50000000,TUSDT
2022-03-22 17:00:00,0.12490000,0.12580000,0.12480000,0.12550000,244140.00000000,TUSDT
2022-03-22 18:00:00,0.12550000,0.12550000,0.12440000,0.12460000,480761.70000000,TUSDT
2022-03-22 19:00:00,0.12470000,0.12530000,0.12460000,0.12490000,204345.20000000,TUSDT
2022-03-22 20:00:00,0.12480000,0.12510000,0.12430000,0.12460000,276356.00000000,TUSDT
2022-03-22 21:00:00,0.12470000,0.12550000,0.12450000,0.12450000,258228.50000000,TUSDT
2022-03-22 22:00:00,0.12450000,0.12580000,0.12400000,0.12510000,835504.70000000,TUSDT
2022-03-22 23:00:00,0.12520000,0.12570000,0.12390000,0.12450000,448768.00000000,TUSDT
2022-03-23 00:00:00,0.12450000,0.12470000,0.12370000,0.12380000,264882.50000000,TUSDT
2022-03-23 01:00:00,0.12370000,0.12380000,0.12250000,0.12370000,1590022.60000000,TUSDT
2022-03-23 02:00:00,0.12370000,0.12410000,0.12300000,0.12360000,769483.70000000,TUSDT
2022-03-23 03:00:00,0.12360000,0.12410000,0.12320000,0.12350000,208121.50000000,TUSDT
2022-03-23 04:00:00,0.12350000,0.12360000,0.12280000,0.12290000,247740.80000000,TUSDT
2022-03-23 05:00:00,0.12300000,0.12330000,0.12270000,0.12290000,354836.70000000,TUSDT
2022-03-23 06:00:00,0.12280000,0.12430000,0.12280000,0.12400000,314797.10000000,TUSDT
2022-03-23 07:00:00,0.12370000,0.12390000,0.12300000,0.12340000,167582.20000000,TUSDT
2022-03-23 08:00:00,0.12320000,0.12370000,0.12290000,0.12300000,315149.20000000,TUSDT
2022-03-23 09:00:00,0.12310000,0.12340000,0.12200000,0.12220000,1492428.40000000,TUSDT
2022-03-23 10:00:00,0.12220000,0.12360000,0.12200000,0.12320000,620309.30000000,TUSDT
2022-03-23 11:00:00,0.12330000,0.12350000,0.12200000,0.12250000,1597015.90000000,TUSDT
2022-03-23 12:00:00,0.12250000,0.12370000,0.12250000,0.12350000,291142.10000000,TUSDT
2022-03-23 13:00:00,0.12350000,0.12410000,0.12340000,0.12340000,311905.60000000,TUSDT
2022-03-23 14:00:00,0.12340000,0.12380000,0.12330000,0.12380000,540863.40000000,TUSDT
2022-03-23 15:00:00,0.12370000,0.12490000,0.12350000,0.12460000,1366463.30000000,TUSDT
2022-03-23 16:00:00,0.12460000,0.12480000,0.12360000,0.12430000,966491.90000000,TUSDT
2022-03-23 17:00:00,0.12430000,0.12440000,0.12390000,0.12390000,362234.20000000,TUSDT
2022-03-23 18:00:00,0.12390000,0.12410000,0.12380000,0.12400000,155367.60000000,TUSDT
2022-03-23 19:00:00,0.12390000,0.12410000,0.12360000,0.12390000,306507.60000000,TUSDT
2022-03-23 20:00:00,0.12380000,0.12490000,0.12370000,0.12470000,632326.20000000,TUSDT
2022-03-23 21:00:00,0.12460000,0.12480000,0.12390000,0.12400000,247168.90000000,TUSDT
2022-03-23 22:00:00,0.12410000,0.12530000,0.12350000,0.12480000,599267.50000000,TUSDT
2022-03-23 23:00:00,0.12480000,0.12550000,0.12460000,0.12550000,274433.10000000,TUSDT
2022-03-24 00:00:00,0.12530000,0.12600000,0.12450000,0.12500000,962262.00000000,TUSDT
2022-03-24 01:00:00,0.12500000,0.12520000,0.12390000,0.12430000,542017.60000000,TUSDT
2022-03-24 02:00:00,0.12410000,0.12470000,0.12380000,0.12420000,408097.30000000,TUSDT
2022-03-24 03:00:00,0.12430000,0.12470000,0.12400000,0.12400000,439953.20000000,TUSDT
2022-03-24 04:00:00,0.12420000,0.12740000,0.12410000,0.12640000,2759609.10000000,TUSDT
2022-03-24 05:00:00,0.12610000,0.12660000,0.12550000,0.12580000,695405.20000000,TUSDT
2022-03-24 06:00:00,0.12590000,0.12620000,0.12530000,0.12590000,599924.40000000,TUSDT
2022-03-24 07:00:00,0.12580000,0.12590000,0.12470000,0.12530000,1069112.40000000,TUSDT
2022-03-24 08:00:00,0.12550000,0.12590000,0.12470000,0.12540000,316279.90000000,TUSDT
2022-03-24 09:00:00,0.12540000,0.12610000,0.12530000,0.12590000,986079.70000000,TUSDT
2022-03-24 10:00:00,0.12600000,0.12610000,0.12570000,0.12600000,772751.10000000,TUSDT
2022-03-24 11:00:00,0.12590000,0.12810000,0.12580000,0.12680000,2511236.20000000,TUSDT
2022-03-24 12:00:00,0.12680000,0.12730000,0.12510000,0.12540000,2651231.40000000,TUSDT
2022-03-24 13:00:00,0.12520000,0.12550000,0.12440000,0.12500000,1440463.20000000,TUSDT
2022-03-24 14:00:00,0.12480000,0.12650000,0.12440000,0.12640000,1180853.10000000,TUSDT
2022-03-24 15:00:00,0.12630000,0.12680000,0.12570000,0.12640000,2000274.90000000,TUSDT
2022-03-24 16:00:00,0.12630000,0.12730000,0.12620000,0.12690000,1362313.80000000,TUSDT
2022-03-24 17:00:00,0.12690000,0.12750000,0.12680000,0.12700000,1404452.60000000,TUSDT
2022-03-24 18:00:00,0.12690000,0.12780000,0.12680000,0.12740000,1166062.60000000,TUSDT
2022-03-24 19:00:00,0.12730000,0.12760000,0.12700000,0.12700000,651497.80000000,TUSDT
2022-03-24 20:00:00,0.12710000,0.12710000,0.12650000,0.12670000,392015.20000000,TUSDT
2022-03-24 21:00:00,0.12670000,0.12740000,0.12640000,0.12690000,583126.40000000,TUSDT
2022-03-24 22:00:00,0.12690000,0.12700000,0.12650000,0.12680000,340090.10000000,TUSDT
2022-03-24 23:00:00,0.12680000,0.12710000,0.12640000,0.12680000,470117.60000000,TUSDT
2022-03-25 00:00:00,0.12690000,0.12750000,0.12670000,0.12680000,771404.80000000,TUSDT
2022-03-25 01:00:00,0.12680000,0.12820000,0.12670000,0.12810000,788247.00000000,TUSDT
2022-03-25 02:00:00,0.12820000,0.12850000,0.12740000,0.12780000,1368554.00000000,TUSDT
2022-03-25 03:00:00,0.12790000,0.12820000,0.12700000,0.12770000,597814.10000000,TUSDT
2022-03-25 04:00:00,0.12770000,0.12800000,0.12720000,0.12740000,698861.10000000,TUSDT
2022-03-25 05:00:00,0.12730000,0.12730000,0.12640000,0.12640000,244724.40000000,TUSDT
2022-03-25 06:00:00,0.12670000,0.12730000,0.12560000,0.12670000,1430322.30000000,TUSDT
2022-03-25 07:00:00,0.12630000,0.12640000,0.12520000,0.12560000,1263956.30000000,TUSDT
2022-03-25 08:00:00,0.12550000,0.12610000,0.12480000,0.12580000,507712.40000000,TUSDT
2022-03-25 09:00:00,0.12600000,0.12650000,0.12550000,0.12650000,761264.30000000,TUSDT
2022-03-25 10:00:00,0.12650000,0.12690000,0.12590000,0.12620000,475172.50000000,TUSDT
2022-03-25 11:00:00,0.12610000,0.12660000,0.12590000,0.12610000,735698.20000000,TUSDT
2022-03-25 12:00:00,0.12640000,0.12660000,0.12580000,0.12580000,496245.40000000,TUSDT
2022-03-25 13:00:00,0.12580000,0.12650000,0.12580000,0.12640000,856348.30000000,TUSDT
2022-03-25 14:00:00,0.12640000,0.12740000,0.12620000,0.12710000,801344.60000000,TUSDT
2022-03-25 15:00:00,0.12710000,0.12730000,0.12560000,0.12580000,911611.50000000,TUSDT
2022-03-25 16:00:00,0.12580000,0.12580000,0.12520000,0.12520000,331690.40000000,TUSDT
2022-03-25 17:00:00,0.12520000,0.12550000,0.12400000,0.12420000,1054017.40000000,TUSDT
2022-03-25 18:00:00,0.12430000,0.12480000,0.12420000,0.12450000,455608.90000000,TUSDT
2022-03-25 19:00:00,0.12470000,0.12470000,0.12430000,0.12450000,104012.70000000,TUSDT
2022-03-25 20:00:00,0.12460000,0.12490000,0.12440000,0.12470000,249209.20000000,TUSDT
2022-03-25 21:00:00,0.12460000,0.12560000,0.12410000,0.12440000,439756.10000000,TUSDT
2022-03-25 22:00:00,0.12450000,0.12550000,0.12440000,0.12500000,194301.40000000,TUSDT
2022-03-25 23:00:00,0.12500000,0.12540000,0.12390000,0.12460000,393390.10000000,TUSDT
2022-03-26 00:00:00,0.12450000,0.12510000,0.12420000,0.12440000,132327.40000000,TUSDT
2022-03-26 01:00:00,0.12440000,0.12470000,0.12370000,0.12400000,346337.10000000,TUSDT
2022-03-26 02:00:00,0.12410000,0.12410000,0.12350000,0.12370000,127258.30000000,TUSDT
2022-03-26 03:00:00,0.12390000,0.12420000,0.12370000,0.12410000,84379.40000000,TUSDT
2022-03-26 04:00:00,0.12400000,0.12440000,0.12310000,0.12370000,328095.10000000,TUSDT
2022-03-26 05:00:00,0.12370000,0.12410000,0.12340000,0.12400000,516196.20000000,TUSDT
2022-03-26 06:00:00,0.12390000,0.12590000,0.12320000,0.12430000,1085121.40000000,TUSDT
2022-03-26 07:00:00,0.12410000,0.12470000,0.12380000,0.12460000,176809.70000000,TUSDT
2022-03-26 08:00:00,0.12470000,0.12520000,0.12460000,0.12470000,173220.00000000,TUSDT
2022-03-26 09:00:00,0.12480000,0.12510000,0.12450000,0.12470000,212585.50000000,TUSDT
2022-03-26 10:00:00,0.12480000,0.12510000,0.12390000,0.12410000,269122.30000000,TUSDT
2022-03-26 11:00:00,0.12420000,0.12440000,0.12390000,0.12390000,256182.60000000,TUSDT
2022-03-26 12:00:00,0.12390000,0.12430000,0.12330000,0.12390000,351683.40000000,TUSDT
2022-03-26 13:00:00,0.12390000,0.12510000,0.12390000,0.12420000,284213.70000000,TUSDT
2022-03-26 14:00:00,0.12440000,0.12460000,0.12410000,0.12430000,100873.40000000,TUSDT
2022-03-26 15:00:00,0.12420000,0.12460000,0.12400000,0.12420000,332289.10000000,TUSDT
2022-03-26 16:00:00,0.12410000,0.12460000,0.12400000,0.12420000,225899.20000000,TUSDT
2022-03-26 17:00:00,0.12440000,0.12450000,0.12340000,0.12440000,896181.10000000,TUSDT
2022-03-26 18:00:00,0.12420000,0.12470000,0.12390000,0.12450000,165612.10000000,TUSDT
2022-03-26 19:00:00,0.12440000,0.12470000,0.12400000,0.12420000,274335.20000000,TUSDT
2022-03-26 20:00:00,0.12420000,0.13150000,0.12410000,0.12680000,11827276.60000000,TUSDT
2022-03-26 21:00:00,0.12690000,0.12810000,0.12630000,0.12670000,1347034.80000000,TUSDT
2022-03-26 22:00:00,0.12670000,0.12850000,0.12500000,0.12770000,2968074.40000000,TUSDT
2022-03-26 23:00:00,0.12740000,0.12790000,0.12680000,0.12710000,450433.60000000,TUSDT
2022-03-27 00:00:00,0.12710000,0.13010000,0.12690000,0.13010000,1033753.50000000,TUSDT
2022-03-27 01:00:00,0.13000000,0.13030000,0.12850000,0.13020000,1608484.70000000,TUSDT
2022-03-27 02:00:00,0.13030000,0.13160000,0.12900000,0.12910000,1480786.50000000,TUSDT
2022-03-27 03:00:00,0.12900000,0.12970000,0.12850000,0.12870000,859689.20000000,TUSDT
2022-03-27 04:00:00,0.12880000,0.12920000,0.12860000,0.12880000,272834.10000000,TUSDT
2022-03-27 05:00:00,0.12880000,0.13040000,0.12880000,0.12960000,946832.90000000,TUSDT
2022-03-27 06:00:00,0.12960000,0.12980000,0.12870000,0.12890000,491703.40000000,TUSDT
2022-03-27 07:00:00,0.12880000,0.12920000,0.12870000,0.12910000,589761.30000000,TUSDT
2022-03-27 08:00:00,0.12900000,0.12960000,0.12880000,0.12900000,628040.50000000,TUSDT
2022-03-27 09:00:00,0.12890000,0.12920000,0.12830000,0.12900000,527101.90000000,TUSDT
2022-03-27 10:00:00,0.12910000,0.12970000,0.12860000,0.12910000,539564.10000000,TUSDT
2022-03-27 11:00:00,0.12920000,0.13080000,0.12880000,0.13060000,1460318.60000000,TUSDT
2022-03-27 12:00:00,0.13060000,0.13110000,0.12810000,0.12810000,2041707.20000000,TUSDT
2022-03-27 13:00:00,0.12810000,0.13500000,0.12750000,0.13010000,5140319.90000000,TUSDT
2022-03-27 14:00:00,0.13010000,0.13090000,0.12960000,0.12960000,549486.90000000,TUSDT
2022-03-27 15:00:00,0.12960000,0.13180000,0.12880000,0.13140000,854400.30000000,TUSDT
2022-03-27 16:00:00,0.13130000,0.13150000,0.13000000,0.13110000,536085.60000000,TUSDT
2022-03-27 17:00:00,0.13100000,0.13150000,0.13050000,0.13080000,510424.20000000,TUSDT
2022-03-27 18:00:00,0.13090000,0.13100000,0.13020000,0.13030000,411557.80000000,TUSDT
2022-03-27 19:00:00,0.13040000,0.13090000,0.13010000,0.13040000,520630.30000000,TUSDT
2022-03-27 20:00:00,0.13040000,0.13120000,0.12940000,0.13120000,1012195.60000000,TUSDT
2022-03-27 21:00:00,0.13110000,0.13290000,0.13080000,0.13220000,1057301.90000000,TUSDT
2022-03-27 22:00:00,0.13230000,0.13240000,0.13150000,0.13210000,523308.70000000,TUSDT
2022-03-27 23:00:00,0.13210000,0.13280000,0.13200000,0.13250000,788132.40000000,TUSDT
2022-03-28 00:00:00,0.13250000,0.13270000,0.13090000,0.13150000,1440265.00000000,TUSDT
2022-03-28 01:00:00,0.13170000,0.13210000,0.13120000,0.13150000,565741.80000000,TUSDT
2022-03-28 02:00:00,0.13160000,0.13180000,0.13110000,0.13150000,254146.60000000,TUSDT
2022-03-28 03:00:00,0.13170000,0.13250000,0.13110000,0.13200000,1144001.30000000,TUSDT
2022-03-28 04:00:00,0.13200000,0.13230000,0.13160000,0.13210000,428162.70000000,TUSDT
2022-03-28 05:00:00,0.13220000,0.13270000,0.13170000,0.13240000,929666.40000000,TUSDT
2022-03-28 06:00:00,0.13250000,0.13290000,0.13110000,0.13200000,1303411.00000000,TUSDT
2022-03-28 07:00:00,0.13200000,0.13260000,0.13180000,0.13210000,343911.70000000,TUSDT
2022-03-28 08:00:00,0.13210000,0.13510000,0.13200000,0.13460000,3247650.10000000,TUSDT
2022-03-28 09:00:00,0.13460000,0.13480000,0.13300000,0.13310000,1787536.90000000,TUSDT
2022-03-28 10:00:00,0.13310000,0.13390000,0.13310000,0.13390000,488084.90000000,TUSDT
2022-03-28 11:00:00,0.13390000,0.13590000,0.13330000,0.13420000,2115158.70000000,TUSDT
2022-03-28 12:00:00,0.13440000,0.13450000,0.13190000,0.13260000,1829900.90000000,TUSDT
2022-03-28 13:00:00,0.13260000,0.13390000,0.13240000,0.13360000,1132752.80000000,TUSDT
2022-03-28 14:00:00,0.13360000,0.13410000,0.13310000,0.13390000,1007969.00000000,TUSDT
2022-03-28 15:00:00,0.13390000,0.13470000,0.13350000,0.13380000,1086330.10000000,TUSDT
2022-03-28 16:00:00,0.13380000,0.13430000,0.13230000,0.13290000,1051829.40000000,TUSDT
2022-03-28 17:00:00,0.13300000,0.13370000,0.13250000,0.13370000,763516.50000000,TUSDT
2022-03-28 18:00:00,0.13370000,0.13480000,0.13370000,0.13470000,1228798.40000000,TUSDT
2022-03-28 19:00:00,0.13470000,0.13470000,0.13440000,0.13450000,527521.80000000,TUSDT
2022-03-28 20:00:00,0.13440000,0.13470000,0.13440000,0.13470000,413110.30000000,TUSDT
2022-03-28 21:00:00,0.13470000,0.13470000,0.13090000,0.13230000,1467756.10000000,TUSDT
2022-03-28 22:00:00,0.13210000,0.13250000,0.13150000,0.13160000,214276.80000000,TUSDT
2022-03-28 23:00:00,0.13160000,0.13170000,0.13000000,0.13030000,1381452.40000000,TUSDT
2022-03-29 00:00:00,0.13030000,0.13200000,0.13020000,0.13130000,566660.70000000,TUSDT
2022-03-29 01:00:00,0.13140000,0.13210000,0.13130000,0.13210000,247837.20000000,TUSDT
2022-03-29 02:00:00,0.13200000,0.13260000,0.13180000,0.13200000,253282.60000000,TUSDT
2022-03-29 03:00:00,0.13210000,0.13210000,0.13110000,0.13140000,521296.20000000,TUSDT
2022-03-29 04:00:00,0.13130000,0.13280000,0.13130000,0.13270000,775186.30000000,TUSDT
2022-03-29 05:00:00,0.13270000,0.13490000,0.13250000,0.13310000,1061658.20000000,TUSDT
2022-03-29 06:00:00,0.13320000,0.13500000,0.13320000,0.13350000,1685412.10000000,TUSDT
2022-03-29 07:00:00,0.13350000,0.13360000,0.13200000,0.13220000,650044.90000000,TUSDT
2022-03-29 08:00:00,0.13230000,0.13240000,0.13160000,0.13210000,865043.30000000,TUSDT
2022-03-29 09:00:00,0.13190000,0.13280000,0.13180000,0.13230000,941691.90000000,TUSDT
2022-03-29 10:00:00,0.13230000,0.13260000,0.13210000,0.13230000,350204.20000000,TUSDT
2022-03-29 11:00:00,0.13240000,0.13310000,0.13210000,0.13290000,615090.30000000,TUSDT
2022-03-29 12:00:00,0.13280000,0.14130000,0.13250000,0.13830000,6779161.50000000,TUSDT
2022-03-29 13:00:00,0.13800000,0.13860000,0.13520000,0.13590000,3557411.40000000,TUSDT
2022-03-29 14:00:00,0.13590000,0.13670000,0.13480000,0.13550000,1816404.50000000,TUSDT
2022-03-29 15:00:00,0.13560000,0.13600000,0.13210000,0.13230000,1234609.50000000,TUSDT
2022-03-29 16:00:00,0.13230000,0.13260000,0.12920000,0.13140000,2013828.90000000,TUSDT
2022-03-29 17:00:00,0.13140000,0.13140000,0.13010000,0.13080000,632177.60000000,TUSDT
2022-03-29 18:00:00,0.13100000,0.13230000,0.13090000,0.13160000,696516.20000000,TUSDT
2022-03-29 19:00:00,0.13140000,0.13230000,0.13140000,0.13190000,350659.30000000,TUSDT
2022-03-29 20:00:00,0.13190000,0.13200000,0.13040000,0.13070000,1091665.00000000,TUSDT
2022-03-29 21:00:00,0.13070000,0.13190000,0.13070000,0.13080000,627924.30000000,TUSDT
2022-03-29 22:00:00,0.13080000,0.13110000,0.13000000,0.13100000,215872.00000000,TUSDT
2022-03-29 23:00:00,0.13050000,0.13150000,0.13030000,0.13140000,299614.10000000,TUSDT
2022-03-30 00:00:00,0.13140000,0.13680000,0.13140000,0.13400000,2710953.00000000,TUSDT
2022-03-30 01:00:00,0.13400000,0.13500000,0.13180000,0.13220000,809077.90000000,TUSDT
2022-03-30 02:00:00,0.13220000,0.13330000,0.13210000,0.13270000,1195344.90000000,TUSDT
2022-03-30 03:00:00,0.13270000,0.13320000,0.13270000,0.13310000,1120464.80000000,TUSDT
2022-03-30 04:00:00,0.13320000,0.13400000,0.13310000,0.13350000,3024810.80000000,TUSDT
2022-03-30 05:00:00,0.13340000,0.13450000,0.13340000,0.13430000,2574479.20000000,TUSDT
2022-03-30 06:00:00,0.13430000,0.13520000,0.13380000,0.13390000,3086738.40000000,TUSDT
2022-03-30 07:00:00,0.13390000,0.13400000,0.13330000,0.13330000,2016804.00000000,TUSDT
2022-03-30 08:00:00,0.13340000,0.13350000,0.13280000,0.13310000,2027579.90000000,TUSDT
2022-03-30 09:00:00,0.13320000,0.13360000,0.13180000,0.13280000,2344489.80000000,TUSDT
2022-03-30 10:00:00,0.13280000,0.13800000,0.13250000,0.13540000,4906180.00000000,TUSDT
2022-03-30 11:00:00,0.13550000,0.13650000,0.13340000,0.13550000,2631558.80000000,TUSDT
2022-03-30 12:00:00,0.13550000,0.13550000,0.13280000,0.13460000,2231645.30000000,TUSDT
2022-03-30 13:00:00,0.13460000,0.13480000,0.13170000,0.13270000,1684551.30000000,TUSDT
2022-03-30 14:00:00,0.13270000,0.13330000,0.13170000,0.13310000,1597650.50000000,TUSDT
2022-03-30 15:00:00,0.13310000,0.13360000,0.13230000,0.13350000,623746.80000000,TUSDT
2022-03-30 16:00:00,0.13360000,0.13420000,0.13340000,0.13370000,449450.80000000,TUSDT
2022-03-30 17:00:00,0.13360000,0.13580000,0.13360000,0.13510000,918475.40000000,TUSDT
2022-03-30 18:00:00,0.13520000,0.13550000,0.13360000,0.13370000,600727.40000000,TUSDT
2022-03-30 19:00:00,0.13360000,0.13390000,0.13230000,0.13330000,525887.00000000,TUSDT
2022-03-30 20:00:00,0.13330000,0.13380000,0.13290000,0.13360000,536453.70000000,TUSDT
2022-03-30 21:00:00,0.13380000,0.13390000,0.13220000,0.13280000,454205.70000000,TUSDT
2022-03-30 22:00:00,0.13280000,0.13500000,0.13230000,0.13310000,1453810.10000000,TUSDT
2022-03-30 23:00:00,0.13340000,0.13490000,0.13280000,0.13410000,690658.30000000,TUSDT
2022-03-31 00:00:00,0.13420000,0.13550000,0.13250000,0.13470000,1320224.70000000,TUSDT
2022-03-31 01:00:00,0.13470000,0.13480000,0.13240000,0.13340000,1749354.60000000,TUSDT
2022-03-31 02:00:00,0.13370000,0.13550000,0.13300000,0.13380000,1596267.10000000,TUSDT
2022-03-31 03:00:00,0.13380000,0.13750000,0.13370000,0.13500000,4961895.00000000,TUSDT
2022-03-31 04:00:00,0.13520000,0.13680000,0.13470000,0.13630000,4584256.30000000,TUSDT
2022-03-31 05:00:00,0.13620000,0.13780000,0.13510000,0.13780000,3746114.20000000,TUSDT
2022-03-31 06:00:00,0.13790000,0.13890000,0.13500000,0.13760000,8128689.00000000,TUSDT
2022-03-31 07:00:00,0.13780000,0.14680000,0.13600000,0.13710000,18431893.50000000,TUSDT
2022-03-31 08:00:00,0.13710000,0.13740000,0.13500000,0.13590000,5023260.00000000,TUSDT
2022-03-31 09:00:00,0.13590000,0.13800000,0.13500000,0.13710000,5305558.00000000,TUSDT
2022-03-31 10:00:00,0.13710000,0.13800000,0.13670000,0.13770000,3543847.10000000,TUSDT
2022-03-31 11:00:00,0.13770000,0.13800000,0.13660000,0.13700000,2606326.30000000,TUSDT
2022-03-31 12:00:00,0.13690000,0.14170000,0.13680000,0.13930000,5786108.20000000,TUSDT
2022-03-31 13:00:00,0.13940000,0.14150000,0.13750000,0.13950000,7903505.60000000,TUSDT
2022-03-31 14:00:00,0.13960000,0.14010000,0.13030000,0.13480000,12342345.30000000,TUSDT
2022-03-31 15:00:00,0.13480000,0.13540000,0.13270000,0.13370000,1870890.20000000,TUSDT
2022-03-31 16:00:00,0.13370000,0.13720000,0.13220000,0.13270000,6191507.20000000,TUSDT
2022-03-31 17:00:00,0.13240000,0.13390000,0.13230000,0.13330000,1408576.80000000,TUSDT
2022-03-31 18:00:00,0.13340000,0.14440000,0.13160000,0.13430000,7785558.80000000,TUSDT
2022-03-31 19:00:00,0.13440000,0.13490000,0.13360000,0.13390000,1401315.50000000,TUSDT
2022-03-31 20:00:00,0.13390000,0.13390000,0.13300000,0.13370000,712141.40000000,TUSDT
2022-03-31 21:00:00,0.13370000,0.13570000,0.13350000,0.13560000,702068.60000000,TUSDT
2022-03-31 22:00:00,0.13550000,0.13580000,0.13310000,0.13360000,1956951.00000000,TUSDT
2022-03-31 23:00:00,0.13370000,0.13530000,0.13300000,0.13330000,1284764.10000000,TUSDT
2022-04-01 00:00:00,0.13340000,0.13390000,0.13240000,0.13330000,1408731.10000000,TUSDT
2022-04-01 01:00:00,0.13340000,0.13480000,0.13070000,0.13080000,4051775.80000000,TUSDT
2022-04-01 02:00:00,0.13080000,0.13160000,0.12810000,0.12890000,3362427.40000000,TUSDT
2022-04-01 03:00:00,0.12900000,0.13050000,0.12820000,0.12960000,1687430.90000000,TUSDT
2022-04-01 04:00:00,0.12960000,0.13050000,0.12950000,0.13000000,1229161.80000000,TUSDT
2022-04-01 05:00:00,0.13020000,0.13060000,0.12930000,0.12970000,3034995.70000000,TUSDT
2022-04-01 06:00:00,0.12940000,0.13020000,0.12880000,0.13020000,1268018.80000000,TUSDT
2022-04-01 07:00:00,0.13020000,0.13120000,0.13010000,0.13020000,1191521.30000000,TUSDT
2022-04-01 08:00:00,0.13030000,0.13150000,0.13010000,0.13110000,1549216.90000000,TUSDT
2022-04-01 09:00:00,0.13100000,0.13120000,0.12950000,0.13040000,2491838.20000000,TUSDT
2022-04-01 10:00:00,0.13050000,0.13130000,0.12970000,0.13010000,1813062.90000000,TUSDT
2022-04-01 11:00:00,0.13010000,0.13140000,0.12970000,0.13130000,2286465.40000000,TUSDT
2022-04-01 12:00:00,0.13110000,0.13120000,0.12970000,0.13100000,1605197.30000000,TUSDT
2022-04-01 13:00:00,0.13120000,0.13330000,0.13100000,0.13170000,1745690.70000000,TUSDT
2022-04-01 14:00:00,0.13180000,0.13250000,0.13150000,0.13240000,1114226.20000000,TUSDT
2022-04-01 15:00:00,0.13240000,0.13300000,0.13220000,0.13240000,4030649.40000000,TUSDT
2022-04-01 16:00:00,0.13250000,0.13300000,0.13200000,0.13200000,1411126.20000000,TUSDT
2022-04-01 17:00:00,0.13210000,0.13300000,0.13190000,0.13270000,1272427.60000000,TUSDT
2022-04-01 18:00:00,0.13280000,0.13370000,0.13270000,0.13290000,1627249.00000000,TUSDT
2022-04-01 19:00:00,0.13290000,0.13320000,0.13260000,0.13280000,689260.60000000,TUSDT
2022-04-01 20:00:00,0.13280000,0.13300000,0.13240000,0.13250000,980975.50000000,TUSDT
2022-04-01 21:00:00,0.13250000,0.13330000,0.13220000,0.13270000,591362.60000000,TUSDT
2022-04-01 22:00:00,0.13290000,0.13400000,0.13260000,0.13360000,749420.40000000,TUSDT
2022-04-01 23:00:00,0.13360000,0.13660000,0.13330000,0.13370000,2555413.40000000,TUSDT
2022-04-02 00:00:00,0.13370000,0.13580000,0.13280000,0.13530000,2618951.60000000,TUSDT
2022-04-02 01:00:00,0.13520000,0.13570000,0.13430000,0.13500000,1385279.50000000,TUSDT
2022-04-02 02:00:00,0.13520000,0.13650000,0.13440000,0.13490000,2247413.70000000,TUSDT
2022-04-02 03:00:00,0.13490000,0.13580000,0.13380000,0.13560000,1642254.20000000,TUSDT
2022-04-02 04:00:00,0.13560000,0.13580000,0.13500000,0.13520000,1165898.40000000,TUSDT
2022-04-02 05:00:00,0.13530000,0.13660000,0.13530000,0.13580000,1309339.80000000,TUSDT
2022-04-02 06:00:00,0.13570000,0.13770000,0.13570000,0.13640000,2365877.50000000,TUSDT
2022-04-02 07:00:00,0.13670000,0.13920000,0.13640000,0.13700000,3180292.90000000,TUSDT
2022-04-02 08:00:00,0.13700000,0.13820000,0.13560000,0.13650000,2922738.30000000,TUSDT
2022-04-02 09:00:00,0.13640000,0.13690000,0.13560000,0.13660000,2319423.80000000,TUSDT
2022-04-02 10:00:00,0.13680000,0.13700000,0.13590000,0.13700000,1625183.40000000,TUSDT
2022-04-02 11:00:00,0.13670000,0.13730000,0.13490000,0.13640000,2772607.00000000,TUSDT
2022-04-02 12:00:00,0.13620000,0.13800000,0.13480000,0.13670000,2945618.40000000,TUSDT
2022-04-02 13:00:00,0.13700000,0.13920000,0.13660000,0.13780000,4408947.80000000,TUSDT
2022-04-02 14:00:00,0.13780000,0.13830000,0.13660000,0.13700000,2174966.00000000,TUSDT
2022-04-02 15:00:00,0.13690000,0.13700000,0.13190000,0.13380000,6770366.30000000,TUSDT
2022-04-02 16:00:00,0.13380000,0.13690000,0.13300000,0.13660000,2280795.70000000,TUSDT
2022-04-02 17:00:00,0.13660000,0.13730000,0.13600000,0.13700000,1290268.50000000,TUSDT
2022-04-02 18:00:00,0.13710000,0.13710000,0.13500000,0.13500000,1325121.10000000,TUSDT
2022-04-02 19:00:00,0.13520000,0.13610000,0.13500000,0.13530000,489582.10000000,TUSDT
2022-04-02 20:00:00,0.13530000,0.13590000,0.13500000,0.13550000,469936.60000000,TUSDT
2022-04-02 21:00:00,0.13550000,0.13600000,0.13400000,0.13570000,508220.40000000,TUSDT
2022-04-02 22:00:00,0.13560000,0.13610000,0.13430000,0.13470000,583428.10000000,TUSDT
2022-04-02 23:00:00,0.13470000,0.13610000,0.13390000,0.13420000,943114.20000000,TUSDT
2022-04-03 00:00:00,0.13410000,0.14030000,0.13380000,0.13600000,5119864.80000000,TUSDT
2022-04-03 01:00:00,0.13600000,0.16420000,0.13530000,0.14130000,64789096.50000000,TUSDT
2022-04-03 02:00:00,0.14110000,0.14800000,0.13850000,0.14210000,18336222.90000000,TUSDT
2022-04-03 03:00:00,0.14220000,0.14540000,0.14050000,0.14420000,9608618.70000000,TUSDT
2022-04-03 04:00:00,0.14400000,0.14400000,0.14060000,0.14370000,5943959.40000000,TUSDT
2022-04-03 05:00:00,0.14360000,0.15290000,0.14190000,0.14530000,17752400.80000000,TUSDT
2022-04-03 06:00:00,0.14530000,0.15000000,0.14460000,0.14800000,10363068.90000000,TUSDT
2022-04-03 07:00:00,0.14800000,0.14860000,0.14340000,0.14620000,6737649.80000000,TUSDT
2022-04-03 08:00:00,0.14630000,0.15280000,0.14610000,0.14870000,19563233.50000000,TUSDT
2022-04-03 09:00:00,0.14870000,0.15600000,0.14730000,0.15180000,34143596.40000000,TUSDT
2022-04-03 10:00:00,0.15180000,0.15950000,0.14800000,0.15780000,34249802.30000000,TUSDT
2022-04-03 11:00:00,0.15800000,0.16180000,0.15250000,0.15320000,33753431.50000000,TUSDT
2022-04-03 12:00:00,0.15320000,0.15420000,0.15030000,0.15240000,15756979.00000000,TUSDT
2022-04-03 13:00:00,0.15240000,0.15240000,0.14720000,0.14890000,18160189.10000000,TUSDT
2022-04-03 14:00:00,0.14870000,0.14910000,0.14420000,0.14860000,11425642.60000000,TUSDT
2022-04-03 15:00:00,0.14870000,0.15710000,0.14710000,0.15090000,28281397.50000000,TUSDT
2022-04-03 16:00:00,0.15050000,0.15050000,0.14740000,0.14820000,8088337.60000000,TUSDT
2022-04-03 17:00:00,0.14800000,0.14970000,0.14720000,0.14830000,4057760.90000000,TUSDT
2022-04-03 18:00:00,0.14830000,0.15160000,0.14760000,0.14940000,4479749.00000000,TUSDT
2022-04-03 19:00:00,0.14940000,0.15310000,0.14740000,0.14770000,5350871.50000000,TUSDT
2022-04-03 20:00:00,0.14770000,0.14900000,0.14600000,0.14680000,4097437.00000000,TUSDT
2022-04-03 21:00:00,0.14680000,0.14780000,0.14510000,0.14570000,3821059.40000000,TUSDT
2022-04-03 22:00:00,0.14580000,0.15080000,0.14550000,0.14680000,3799090.40000000,TUSDT
2022-04-03 23:00:00,0.14680000,0.14730000,0.14450000,0.14540000,3144780.70000000,TUSDT
2022-04-04 00:00:00,0.14550000,0.14990000,0.14250000,0.14350000,10986303.50000000,TUSDT
2022-04-04 01:00:00,0.14350000,0.14750000,0.14320000,0.14460000,5193463.10000000,TUSDT
2022-04-04 02:00:00,0.14480000,0.14690000,0.14360000,0.14630000,3228322.00000000,TUSDT
2022-04-04 03:00:00,0.14630000,0.14980000,0.14600000,0.14760000,5762002.50000000,TUSDT
2022-04-04 04:00:00,0.14740000,0.14900000,0.14610000,0.14870000,3091512.60000000,TUSDT
2022-04-04 05:00:00,0.14890000,0.15180000,0.14780000,0.14870000,6808904.40000000,TUSDT
2022-04-04 06:00:00,0.14850000,0.15030000,0.14760000,0.14840000,3435847.90000000,TUSDT
2022-04-04 07:00:00,0.14860000,0.15240000,0.14800000,0.14880000,9861382.70000000,TUSDT
2022-04-04 08:00:00,0.14890000,0.15110000,0.14810000,0.15000000,5586193.90000000,TUSDT
2022-04-04 09:00:00,0.14990000,0.15000000,0.14640000,0.14690000,5881122.80000000,TUSDT
2022-04-04 10:00:00,0.14690000,0.14760000,0.14330000,0.14410000,9388885.20000000,TUSDT
2022-04-04 11:00:00,0.14440000,0.14580000,0.14250000,0.14540000,5728149.50000000,TUSDT
2022-04-04 12:00:00,0.14550000,0.14560000,0.14290000,0.14370000,4142716.00000000,TUSDT
2022-04-04 13:00:00,0.14370000,0.14510000,0.14250000,0.14330000,7209784.90000000,TUSDT
2022-04-04 14:00:00,0.14330000,0.14440000,0.14240000,0.14240000,2456035.90000000,TUSDT
2022-04-04 15:00:00,0.14240000,0.14260000,0.13820000,0.13820000,7932804.00000000,TUSDT
2022-04-04 16:00:00,0.13820000,0.13950000,0.13680000,0.13890000,3840645.10000000,TUSDT
2022-04-04 17:00:00,0.13890000,0.13890000,0.13410000,0.13600000,6835647.20000000,TUSDT
2022-04-04 18:00:00,0.13610000,0.13690000,0.13410000,0.13650000,3539879.70000000,TUSDT
2022-04-04 19:00:00,0.13660000,0.13820000,0.13610000,0.13660000,2734088.30000000,TUSDT
2022-04-04 20:00:00,0.13650000,0.13960000,0.13650000,0.13880000,1259601.50000000,TUSDT
2022-04-04 21:00:00,0.13900000,0.13970000,0.13800000,0.13820000,1018836.00000000,TUSDT
2022-04-04 22:00:00,0.13810000,0.14010000,0.13760000,0.13920000,1859240.30000000,TUSDT
2022-04-04 23:00:00,0.13920000,0.14290000,0.13870000,0.14050000,4062013.80000000,TUSDT
2022-04-05 00:00:00,0.14040000,0.14960000,0.14020000,0.14600000,11003664.90000000,TUSDT
2022-04-05 01:00:00,0.14590000,0.14820000,0.14190000,0.14380000,8257763.20000000,TUSDT
2022-04-05 02:00:00,0.14380000,0.14500000,0.14230000,0.14320000,3050056.90000000,TUSDT
2022-04-05 03:00:00,0.14310000,0.14490000,0.14280000,0.14350000,1874777.70000000,TUSDT
2022-04-05 04:00:00,0.14350000,0.14460000,0.14260000,0.14350000,1979949.50000000,TUSDT
2022-04-05 05:00:00,0.14350000,0.14580000,0.14330000,0.14540000,1520027.80000000,TUSDT
2022-04-05 06:00:00,0.14540000,0.14580000,0.14200000,0.14200000,2233248.80000000,TUSDT
2022-04-05 07:00:00,0.14230000,0.14340000,0.14120000,0.14260000,2584672.60000000,TUSDT
2022-04-05 08:00:00,0.14260000,0.14340000,0.14160000,0.14320000,1764823.20000000,TUSDT
2022-04-05 09:00:00,0.14290000,0.14350000,0.14080000,0.14080000,1761933.90000000,TUSDT
2022-04-05 10:00:00,0.14090000,0.14220000,0.13980000,0.14160000,1655439.50000000,TUSDT
2022-04-05 11:00:00,0.14170000,0.14180000,0.14070000,0.14100000,1333287.80000000,TUSDT
2022-04-05 12:00:00,0.14100000,0.14300000,0.13990000,0.14110000,3612118.20000000,TUSDT
2022-04-05 13:00:00,0.14120000,0.14140000,0.13760000,0.13930000,3643485.00000000,TUSDT
2022-04-05 14:00:00,0.13930000,0.13970000,0.13710000,0.13740000,3744630.90000000,TUSDT
2022-04-05 15:00:00,0.13750000,0.13880000,0.13730000,0.13810000,1244009.00000000,TUSDT
2022-04-05 16:00:00,0.13810000,0.13930000,0.13690000,0.13790000,1607952.60000000,TUSDT
2022-04-05 17:00:00,0.13790000,0.13980000,0.13750000,0.13820000,1296362.80000000,TUSDT
2022-04-05 18:00:00,0.13810000,0.13930000,0.13780000,0.13840000,786548.60000000,TUSDT
2022-04-05 19:00:00,0.13840000,0.13920000,0.13780000,0.13860000,968479.60000000,TUSDT
2022-04-05 20:00:00,0.13850000,0.14030000,0.13630000,0.13780000,2710429.50000000,TUSDT
2022-04-05 21:00:00,0.13780000,0.13930000,0.13750000,0.13830000,834812.40000000,TUSDT
2022-04-05 22:00:00,0.13830000,0.13930000,0.13790000,0.13790000,1026029.40000000,TUSDT
2022-04-05 23:00:00,0.13820000,0.13880000,0.13640000,0.13680000,1585011.50000000,TUSDT
2022-04-06 00:00:00,0.13680000,0.13700000,0.12610000,0.13150000,8967183.00000000,TUSDT
2022-04-06 01:00:00,0.13130000,0.13310000,0.12970000,0.13070000,3989913.20000000,TUSDT
2022-04-06 02:00:00,0.13060000,0.13210000,0.13000000,0.13070000,3409569.50000000,TUSDT
2022-04-06 03:00:00,0.13070000,0.13190000,0.12980000,0.13060000,3249610.10000000,TUSDT
2022-04-06 04:00:00,0.13060000,0.13110000,0.12990000,0.13070000,1131798.50000000,TUSDT
2022-04-06 05:00:00,0.13090000,0.13210000,0.13080000,0.13140000,1807518.10000000,TUSDT
2022-04-06 06:00:00,0.13170000,0.13190000,0.13020000,0.13160000,1950951.90000000,TUSDT
2022-04-06 07:00:00,0.13190000,0.13210000,0.13000000,0.13020000,2892328.60000000,TUSDT
2022-04-06 08:00:00,0.13000000,0.13070000,0.12910000,0.13050000,2178127.10000000,TUSDT
2022-04-06 09:00:00,0.13060000,0.13070000,0.12850000,0.12850000,1975289.30000000,TUSDT
2022-04-06 10:00:00,0.12850000,0.12990000,0.12780000,0.12820000,2973818.60000000,TUSDT
2022-04-06 11:00:00,0.12820000,0.12830000,0.12540000,0.12630000,5873795.80000000,TUSDT
2022-04-06 12:00:00,0.12650000,0.12720000,0.12560000,0.12620000,1971805.80000000,TUSDT
2022-04-06 13:00:00,0.12620000,0.12730000,0.12440000,0.12490000,2938056.00000000,TUSDT
2022-04-06 14:00:00,0.12490000,0.12560000,0.12290000,0.12510000,3671506.40000000,TUSDT
2022-04-06 15:00:00,0.12490000,0.12510000,0.12090000,0.12360000,4345495.00000000,TUSDT
2022-04-06 16:00:00,0.12380000,0.12520000,0.12200000,0.12440000,1554290.80000000,TUSDT
2022-04-06 17:00:00,0.12430000,0.12480000,0.12240000,0.12420000,643402.10000000,TUSDT
2022-04-06 18:00:00,0.12440000,0.12560000,0.12220000,0.12530000,713633.70000000,TUSDT
2022-04-06 19:00:00,0.12530000,0.12560000,0.12340000,0.12480000,549572.00000000,TUSDT
2022-04-06 20:00:00,0.12490000,0.12570000,0.12480000,0.12510000,546550.00000000,TUSDT
2022-04-06 21:00:00,0.12500000,0.12500000,0.12350000,0.12470000,729886.30000000,TUSDT
2022-04-06 22:00:00,0.12470000,0.12470000,0.12260000,0.12260000,300284.10000000,TUSDT
2022-04-06 23:00:00,0.12290000,0.12370000,0.12200000,0.12230000,653415.30000000,TUSDT
2022-04-07 00:00:00,0.12230000,0.12520000,0.12130000,0.12180000,982027.60000000,TUSDT
2022-04-07 01:00:00,0.12180000,0.12350000,0.12140000,0.12280000,676305.50000000,TUSDT
2022-04-07 02:00:00,0.12290000,0.12380000,0.12270000,0.12380000,717933.90000000,TUSDT
2022-04-07 03:00:00,0.12380000,0.12480000,0.12350000,0.12480000,826603.90000000,TUSDT
2022-04-07 04:00:00,0.12470000,0.12520000,0.12420000,0.12500000,361255.90000000,TUSDT
2022-04-07 05:00:00,0.12500000,0.12500000,0.12290000,0.12350000,1305784.60000000,TUSDT
2022-04-07 06:00:00,0.12360000,0.12540000,0.12360000,0.12480000,735401.50000000,TUSDT
2022-04-07 07:00:00,0.12470000,0.12550000,0.12420000,0.12480000,876412.40000000,TUSDT
2022-04-07 08:00:00,0.12480000,0.12850000,0.12430000,0.12670000,1413179.50000000,TUSDT
2022-04-07 09:00:00,0.12660000,0.12770000,0.12400000,0.12590000,3161314.30000000,TUSDT
2022-04-07 10:00:00,0.12570000,0.12590000,0.12450000,0.12460000,841012.70000000,TUSDT
2022-04-07 11:00:00,0.12460000,0.12620000,0.12420000,0.12580000,898090.40000000,TUSDT
2022-04-07 12:00:00,0.12600000,0.12710000,0.12540000,0.12670000,1649766.30000000,TUSDT
2022-04-07 13:00:00,0.12670000,0.12710000,0.12470000,0.12540000,1055141.70000000,TUSDT
2022-04-07 14:00:00,0.12550000,0.12690000,0.12510000,0.12600000,2194551.20000000,TUSDT
2022-04-07 15:00:00,0.12590000,0.12640000,0.12240000,0.12400000,1844001.20000000,TUSDT
2022-04-07 16:00:00,0.12420000,0.12570000,0.12390000,0.12490000,1465145.00000000,TUSDT
2022-04-07 17:00:00,0.12490000,0.12630000,0.12490000,0.12620000,798963.40000000,TUSDT
2022-04-07 18:00:00,0.12620000,0.12640000,0.12610000,0.12620000,201899.50000000,TUSDT
2022-04-07 19:00:00,0.12630000,0.12650000,0.12560000,0.12590000,705417.00000000,TUSDT
2022-04-07 20:00:00,0.12590000,0.12600000,0.12520000,0.12540000,418789.40000000,TUSDT
2022-04-07 21:00:00,0.12540000,0.12540000,0.12430000,0.12520000,324293.80000000,TUSDT
2022-04-07 22:00:00,0.12490000,0.12570000,0.12470000,0.12560000,312934.50000000,TUSDT
2022-04-07 23:00:00,0.12550000,0.12640000,0.12540000,0.12590000,500398.60000000,TUSDT
2022-04-08 00:00:00,0.12590000,0.13000000,0.12510000,0.13000000,3066136.50000000,TUSDT
2022-04-08 01:00:00,0.13000000,0.13110000,0.12700000,0.12960000,2669932.60000000,TUSDT
2022-04-08 02:00:00,0.12960000,0.12990000,0.12790000,0.12830000,1373551.00000000,TUSDT
2022-04-08 03:00:00,0.12840000,0.12930000,0.12820000,0.12890000,663267.40000000,TUSDT
2022-04-08 04:00:00,0.12900000,0.12900000,0.12740000,0.12800000,1298765.90000000,TUSDT
2022-04-08 05:00:00,0.12800000,0.12840000,0.12760000,0.12820000,683855.70000000,TUSDT
2022-04-08 06:00:00,0.12820000,0.12850000,0.12760000,0.12790000,692715.50000000,TUSDT
2022-04-08 07:00:00,0.12780000,0.12820000,0.12650000,0.12790000,775906.00000000,TUSDT
2022-04-08 08:00:00,0.12800000,0.12830000,0.12500000,0.12720000,2213223.00000000,TUSDT
2022-04-08 09:00:00,0.12720000,0.12800000,0.12710000,0.12730000,983799.50000000,TUSDT
2022-04-08 10:00:00,0.12740000,0.12750000,0.12580000,0.12660000,1361872.30000000,TUSDT
2022-04-08 11:00:00,0.12660000,0.12700000,0.12500000,0.12500000,1686027.80000000,TUSDT
2022-04-08 12:00:00,0.12510000,0.12640000,0.12420000,0.12420000,1539736.30000000,TUSDT
2022-04-08 13:00:00,0.12420000,0.12490000,0.12160000,0.12410000,2755353.60000000,TUSDT
2022-04-08 14:00:00,0.12410000,0.12650000,0.12360000,0.12630000,1074955.00000000,TUSDT
2022-04-08 15:00:00,0.12620000,0.12710000,0.12580000,0.12610000,532826.00000000,TUSDT
2022-04-08 16:00:00,0.12590000,0.12670000,0.12500000,0.12500000,577598.30000000,TUSDT
2022-04-08 17:00:00,0.12510000,0.12540000,0.12360000,0.12520000,670789.50000000,TUSDT
2022-04-08 18:00:00,0.12530000,0.12540000,0.12220000,0.12370000,1175614.90000000,TUSDT
2022-04-08 19:00:00,0.12370000,0.12790000,0.12360000,0.12510000,2351019.20000000,TUSDT
2022-04-08 20:00:00,0.12500000,0.12640000,0.12400000,0.12470000,1327871.80000000,TUSDT
2022-04-08 21:00:00,0.12460000,0.12530000,0.12330000,0.12350000,343611.20000000,TUSDT
2022-04-08 22:00:00,0.12370000,0.12470000,0.12300000,0.12320000,1044739.80000000,TUSDT
2022-04-08 23:00:00,0.12300000,0.12420000,0.12140000,0.12290000,1831436.10000000,TUSDT
2022-04-09 00:00:00,0.12290000,0.12400000,0.12250000,0.12400000,536276.20000000,TUSDT
2022-04-09 01:00:00,0.12400000,0.12480000,0.12320000,0.12400000,302616.10000000,TUSDT
2022-04-09 02:00:00,0.12400000,0.12420000,0.12160000,0.12200000,958312.80000000,TUSDT
2022-04-09 03:00:00,0.12190000,0.12330000,0.12160000,0.12310000,1001835.20000000,TUSDT
2022-04-09 04:00:00,0.12310000,0.12350000,0.12280000,0.12300000,375727.30000000,TUSDT
2022-04-09 05:00:00,0.12290000,0.12350000,0.12270000,0.12350000,239286.20000000,TUSDT
2022-04-09 06:00:00,0.12350000,0.12350000,0.12230000,0.12290000,820894.50000000,TUSDT
2022-04-09 07:00:00,0.12290000,0.12370000,0.12250000,0.12340000,690358.80000000,TUSDT
2022-04-09 08:00:00,0.12330000,0.12330000,0.12130000,0.12290000,1482714.80000000,TUSDT
2022-04-09 09:00:00,0.12290000,0.12370000,0.12290000,0.12330000,427560.00000000,TUSDT
2022-04-09 10:00:00,0.12340000,0.12340000,0.12210000,0.12310000,875429.60000000,TUSDT
2022-04-09 11:00:00,0.12310000,0.12350000,0.12280000,0.12330000,934757.70000000,TUSDT
2022-04-09 12:00:00,0.12310000,0.12390000,0.12290000,0.12360000,1064327.90000000,TUSDT
2022-04-09 13:00:00,0.12350000,0.12400000,0.12330000,0.12360000,432017.70000000,TUSDT
2022-04-09 14:00:00,0.12350000,0.12370000,0.12330000,0.12330000,261457.20000000,TUSDT
2022-04-09 15:00:00,0.12340000,0.12350000,0.12200000,0.12210000,495745.60000000,TUSDT
2022-04-09 16:00:00,0.12210000,0.12340000,0.12210000,0.12330000,246135.90000000,TUSDT
2022-04-09 17:00:00,0.12350000,0.12460000,0.12290000,0.12360000,453341.90000000,TUSDT
2022-04-09 18:00:00,0.12340000,0.12420000,0.12270000,0.12320000,304395.10000000,TUSDT
2022-04-09 19:00:00,0.12330000,0.12560000,0.12320000,0.12490000,1899298.00000000,TUSDT
2022-04-09 20:00:00,0.12470000,0.12490000,0.12410000,0.12410000,104392.60000000,TUSDT
2022-04-09 21:00:00,0.12400000,0.12490000,0.12390000,0.12430000,69929.70000000,TUSDT
2022-04-09 22:00:00,0.12430000,0.12520000,0.12420000,0.12420000,294727.60000000,TUSDT
2022-04-09 23:00:00,0.12420000,0.12600000,0.12410000,0.12500000,799202.60000000,TUSDT
2022-04-10 00:00:00,0.12490000,0.12830000,0.12480000,0.12530000,2252177.60000000,TUSDT
2022-04-10 01:00:00,0.12530000,0.12600000,0.12500000,0.12520000,284730.30000000,TUSDT
2022-04-10 02:00:00,0.12500000,0.12570000,0.12500000,0.12530000,186209.00000000,TUSDT
2022-04-10 03:00:00,0.12530000,0.12580000,0.12510000,0.12520000,253614.80000000,TUSDT
2022-04-10 04:00:00,0.12510000,0.12510000,0.12420000,0.12440000,745095.10000000,TUSDT
2022-04-10 05:00:00,0.12440000,0.12470000,0.12430000,0.12450000,94773.00000000,TUSDT
2022-04-10 06:00:00,0.12440000,0.12480000,0.12400000,0.12450000,549539.50000000,TUSDT
2022-04-10 07:00:00,0.12460000,0.12460000,0.12390000,0.12420000,215402.70000000,TUSDT
2022-04-10 08:00:00,0.12400000,0.12420000,0.12300000,0.12380000,494844.10000000,TUSDT
2022-04-10 09:00:00,0.12390000,0.12400000,0.12290000,0.12340000,474636.70000000,TUSDT
2022-04-10 10:00:00,0.12340000,0.12380000,0.12300000,0.12330000,823903.50000000,TUSDT
2022-04-10 11:00:00,0.12340000,0.12390000,0.12330000,0.12370000,138162.30000000,TUSDT
2022-04-10 12:00:00,0.12360000,0.12390000,0.12170000,0.12270000,2587854.00000000,TUSDT
2022-04-10 13:00:00,0.12270000,0.12290000,0.12230000,0.12240000,336636.30000000,TUSDT
2022-04-10 14:00:00,0.12250000,0.12290000,0.12220000,0.12270000,621157.90000000,TUSDT
2022-04-10 15:00:00,0.12270000,0.12310000,0.12250000,0.12310000,554922.10000000,TUSDT
2022-04-10 16:00:00,0.12300000,0.12370000,0.12300000,0.12360000,571208.50000000,TUSDT
2022-04-10 17:00:00,0.12360000,0.12530000,0.12360000,0.12400000,713802.30000000,TUSDT
2022-04-10 18:00:00,0.12390000,0.12490000,0.12390000,0.12470000,421455.00000000,TUSDT
2022-04-10 19:00:00,0.12480000,0.12510000,0.12470000,0.12480000,317499.70000000,TUSDT
2022-04-10 20:00:00,0.12470000,0.12540000,0.12470000,0.12470000,324245.40000000,TUSDT
2022-04-10 21:00:00,0.12470000,0.12470000,0.12290000,0.12320000,2222039.50000000,TUSDT
2022-04-10 22:00:00,0.12330000,0.12330000,0.12120000,0.12160000,858674.60000000,TUSDT
2022-04-10 23:00:00,0.12160000,0.12210000,0.12030000,0.12080000,759089.20000000,TUSDT
2022-04-11 00:00:00,0.12080000,0.12220000,0.12030000,0.12150000,939790.90000000,TUSDT
2022-04-11 01:00:00,0.12140000,0.12170000,0.11990000,0.12110000,908119.20000000,TUSDT
2022-04-11 02:00:00,0.12070000,0.12070000,0.11720000,0.11780000,2992841.10000000,TUSDT
2022-04-11 03:00:00,0.11800000,0.11820000,0.11710000,0.11790000,801859.30000000,TUSDT
2022-04-11 04:00:00,0.11770000,0.11880000,0.11750000,0.11850000,1073908.40000000,TUSDT
2022-04-11 05:00:00,0.11860000,0.11900000,0.11810000,0.11880000,914364.90000000,TUSDT
2022-04-11 06:00:00,0.11860000,0.11910000,0.11810000,0.11860000,443763.40000000,TUSDT
2022-04-11 07:00:00,0.11890000,0.11960000,0.11850000,0.11860000,220916.10000000,TUSDT
2022-04-11 08:00:00,0.11870000,0.11900000,0.11750000,0.11770000,396785.10000000,TUSDT
2022-04-11 09:00:00,0.11770000,0.11770000,0.11350000,0.11350000,2770344.30000000,TUSDT
2022-04-11 10:00:00,0.11350000,0.11610000,0.11270000,0.11570000,1895382.90000000,TUSDT
2022-04-11 11:00:00,0.11570000,0.11570000,0.11220000,0.11310000,1407123.50000000,TUSDT
2022-04-11 12:00:00,0.11310000,0.11450000,0.11240000,0.11350000,543507.70000000,TUSDT
2022-04-11 13:00:00,0.11370000,0.11420000,0.11170000,0.11390000,1088806.60000000,TUSDT
2022-04-11 14:00:00,0.11390000,0.11420000,0.11160000,0.11210000,1276100.80000000,TUSDT
2022-04-11 15:00:00,0.11210000,0.11500000,0.11200000,0.11210000,1383133.10000000,TUSDT
2022-04-11 16:00:00,0.11210000,0.11370000,0.11190000,0.11320000,1093627.60000000,TUSDT
2022-04-11 17:00:00,0.11350000,0.11420000,0.11230000,0.11290000,488299.10000000,TUSDT
2022-04-11 18:00:00,0.11290000,0.11320000,0.11250000,0.11320000,138787.30000000,TUSDT
2022-04-11 19:00:00,0.11300000,0.11340000,0.11130000,0.11240000,688799.00000000,TUSDT
2022-04-11 20:00:00,0.11240000,0.11280000,0.11110000,0.11250000,743111.60000000,TUSDT
2022-04-11 21:00:00,0.11270000,0.11300000,0.11070000,0.11070000,1607656.10000000,TUSDT
2022-04-11 22:00:00,0.11070000,0.11300000,0.11020000,0.11250000,975989.40000000,TUSDT
2022-04-11 23:00:00,0.11230000,0.11310000,0.11120000,0.11210000,1236226.60000000,TUSDT
2022-04-12 00:00:00,0.11230000,0.11310000,0.11160000,0.11190000,765803.00000000,TUSDT
2022-04-12 01:00:00,0.11180000,0.11220000,0.11100000,0.11100000,734502.30000000,TUSDT
2022-04-12 02:00:00,0.11120000,0.11160000,0.11000000,0.11000000,3883083.90000000,TUSDT
2022-04-12 03:00:00,0.11010000,0.11100000,0.11000000,0.11100000,771326.60000000,TUSDT
2022-04-12 04:00:00,0.11110000,0.11130000,0.11050000,0.11120000,501940.60000000,TUSDT
2022-04-12 05:00:00,0.11120000,0.11280000,0.11100000,0.11280000,338097.40000000,TUSDT
2022-04-12 06:00:00,0.11290000,0.11340000,0.11200000,0.11220000,1343018.10000000,TUSDT
2022-04-12 07:00:00,0.11230000,0.11360000,0.11210000,0.11340000,869292.70000000,TUSDT
2022-04-12 08:00:00,0.11350000,0.11400000,0.11290000,0.11320000,854022.60000000,TUSDT
2022-04-12 09:00:00,0.11310000,0.11340000,0.11260000,0.11340000,633855.60000000,TUSDT
2022-04-12 10:00:00,0.11360000,0.11420000,0.11240000,0.11370000,790614.50000000,TUSDT
2022-04-12 11:00:00,0.11360000,0.11520000,0.11360000,0.11460000,1298465.30000000,TUSDT
2022-04-12 12:00:00,0.11460000,0.11540000,0.11420000,0.11520000,905825.30000000,TUSDT
2022-04-12 13:00:00,0.11510000,0.11580000,0.11420000,0.11480000,1716343.90000000,TUSDT
2022-04-12 14:00:00,0.11470000,0.11480000,0.11250000,0.11330000,1109679.60000000,TUSDT
2022-04-12 15:00:00,0.11320000,0.11410000,0.11280000,0.11310000,2106131.50000000,TUSDT
2022-04-12 16:00:00,0.11290000,0.11440000,0.11280000,0.11360000,772835.70000000,TUSDT
2022-04-12 17:00:00,0.11360000,0.11380000,0.11350000,0.11380000,138535.50000000,TUSDT
2022-04-12 18:00:00,0.11380000,0.11390000,0.11220000,0.11290000,934448.30000000,TUSDT
2022-04-12 19:00:00,0.11250000,0.11250000,0.11010000,0.11010000,1033893.10000000,TUSDT
2022-04-12 20:00:00,0.11020000,0.11170000,0.11010000,0.11120000,949695.40000000,TUSDT
2022-04-12 21:00:00,0.11120000,0.11280000,0.11110000,0.11280000,275353.10000000,TUSDT
2022-04-12 22:00:00,0.11260000,0.11340000,0.11180000,0.11290000,621122.50000000,TUSDT
2022-04-12 23:00:00,0.11300000,0.11410000,0.11280000,0.11360000,873607.90000000,TUSDT
2022-04-13 00:00:00,0.11370000,0.11410000,0.11250000,0.11290000,419924.80000000,TUSDT
2022-04-13 01:00:00,0.11290000,0.11650000,0.11180000,0.11400000,3681937.40000000,TUSDT
2022-04-13 02:00:00,0.11390000,0.11420000,0.11270000,0.11420000,540626.60000000,TUSDT
2022-04-13 03:00:00,0.11420000,0.11480000,0.11390000,0.11420000,664746.60000000,TUSDT
2022-04-13 04:00:00,0.11420000,0.11460000,0.11360000,0.11450000,717623.50000000,TUSDT
2022-04-13 05:00:00,0.11440000,0.11590000,0.11430000,0.11540000,684170.50000000,TUSDT
2022-04-13 06:00:00,0.11530000,0.11550000,0.11360000,0.11400000,389839.80000000,TUSDT
2022-04-13 07:00:00,0.11390000,0.11470000,0.11330000,0.11460000,436013.10000000,TUSDT
2022-04-13 08:00:00,0.11460000,0.11490000,0.11420000,0.11430000,145344.50000000,TUSDT
2022-04-13 09:00:00,0.11440000,0.11510000,0.11420000,0.11490000,440798.60000000,TUSDT
2022-04-13 10:00:00,0.11490000,0.11570000,0.11400000,0.11400000,1480951.00000000,TUSDT
2022-04-13 11:00:00,0.11400000,0.11510000,0.11370000,0.11390000,498214.40000000,TUSDT
2022-04-13 12:00:00,0.11380000,0.11450000,0.11310000,0.11330000,471537.90000000,TUSDT
2022-04-13 13:00:00,0.11330000,0.11510000,0.11280000,0.11480000,1936786.90000000,TUSDT
2022-04-13 14:00:00,0.11490000,0.11570000,0.11410000,0.11540000,1049204.30000000,TUSDT
2022-04-13 15:00:00,0.11530000,0.11680000,0.11520000,0.11610000,1028992.40000000,TUSDT
2022-04-13 16:00:00,0.11610000,0.11730000,0.11610000,0.11670000,758226.80000000,TUSDT
2022-04-13 17:00:00,0.11660000,0.11680000,0.11600000,0.11640000,224693.90000000,TUSDT
2022-04-13 18:00:00,0.11640000,0.11860000,0.11640000,0.11760000,1830266.70000000,TUSDT
2022-04-13 19:00:00,0.11770000,0.11800000,0.11570000,0.11710000,1878461.00000000,TUSDT
2022-04-13 20:00:00,0.11700000,0.11720000,0.11620000,0.11700000,637586.40000000,TUSDT
2022-04-13 21:00:00,0.11700000,0.11700000,0.11650000,0.11660000,122484.20000000,TUSDT
2022-04-13 22:00:00,0.11660000,0.11700000,0.11650000,0.11690000,217736.30000000,TUSDT
2022-04-13 23:00:00,0.11690000,0.11700000,0.11620000,0.11640000,235660.00000000,TUSDT
2022-04-14 00:00:00,0.11610000,0.11670000,0.11540000,0.11610000,508738.90000000,TUSDT
2022-04-14 01:00:00,0.11620000,0.11760000,0.11600000,0.11740000,753198.10000000,TUSDT
2022-04-14 02:00:00,0.11730000,0.11750000,0.11640000,0.11670000,1051947.20000000,TUSDT
2022-04-14 03:00:00,0.11670000,0.11680000,0.11570000,0.11610000,702072.70000000,TUSDT
2022-04-14 04:00:00,0.11610000,0.11710000,0.11610000,0.11640000,345211.80000000,TUSDT
2022-04-14 05:00:00,0.11640000,0.11670000,0.11610000,0.11620000,258959.20000000,TUSDT
2022-04-14 06:00:00,0.11610000,0.11630000,0.11570000,0.11580000,471828.80000000,TUSDT
2022-04-14 07:00:00,0.11570000,0.11630000,0.11550000,0.11600000,235447.10000000,TUSDT
2022-04-14 08:00:00,0.11600000,0.11620000,0.11530000,0.11540000,252477.50000000,TUSDT
2022-04-14 09:00:00,0.11540000,0.11810000,0.11510000,0.11680000,5796075.70000000,TUSDT
2022-04-14 10:00:00,0.11650000,0.11800000,0.11480000,0.11490000,2061778.90000000,TUSDT
2022-04-14 11:00:00,0.11490000,0.11590000,0.11490000,0.11550000,1193009.70000000,TUSDT
2022-04-14 12:00:00,0.11550000,0.11700000,0.11500000,0.11610000,1736132.50000000,TUSDT
2022-04-14 13:00:00,0.11600000,0.11690000,0.11480000,0.11490000,1106572.30000000,TUSDT
2022-04-14 14:00:00,0.11490000,0.11520000,0.11390000,0.11480000,533847.10000000,TUSDT
2022-04-14 15:00:00,0.11480000,0.11490000,0.11290000,0.11310000,740724.70000000,TUSDT
2022-04-14 16:00:00,0.11320000,0.11370000,0.11180000,0.11260000,1907706.00000000,TUSDT
2022-04-14 17:00:00,0.11250000,0.11350000,0.11230000,0.11300000,520814.80000000,TUSDT
2022-04-14 18:00:00,0.11290000,0.11310000,0.11220000,0.11240000,349855.70000000,TUSDT
2022-04-14 19:00:00,0.11240000,0.11300000,0.11210000,0.11250000,238531.20000000,TUSDT
2022-04-14 20:00:00,0.11260000,0.11320000,0.11230000,0.11310000,146242.40000000,TUSDT
2022-04-14 21:00:00,0.11320000,0.11360000,0.11300000,0.11330000,292994.40000000,TUSDT
2022-04-14 22:00:00,0.11340000,0.11350000,0.11170000,0.11260000,1363411.40000000,TUSDT
2022-04-14 23:00:00,0.11270000,0.11390000,0.11260000,0.11340000,633944.80000000,TUSDT
2022-04-15 00:00:00,0.11340000,0.11500000,0.11240000,0.11300000,1941879.80000000,TUSDT
2022-04-15 01:00:00,0.11300000,0.11340000,0.11190000,0.11310000,1351951.50000000,TUSDT
2022-04-15 02:00:00,0.11310000,0.11350000,0.11260000,0.11300000,607805.50000000,TUSDT
2022-04-15 03:00:00,0.11280000,0.11380000,0.11270000,0.11350000,588203.20000000,TUSDT
2022-04-15 04:00:00,0.11340000,0.11410000,0.11330000,0.11340000,743912.50000000,TUSDT
2022-04-15 05:00:00,0.11340000,0.11390000,0.11330000,0.11360000,562296.00000000,TUSDT
2022-04-15 06:00:00,0.11360000,0.11410000,0.11290000,0.11330000,457175.70000000,TUSDT
2022-04-15 07:00:00,0.11330000,0.11510000,0.11320000,0.11390000,3394335.10000000,TUSDT
2022-04-15 08:00:00,0.11390000,0.11460000,0.11320000,0.11350000,1771609.40000000,TUSDT
2022-04-15 09:00:00,0.11360000,0.11390000,0.11240000,0.11320000,2813204.70000000,TUSDT
2022-04-15 10:00:00,0.11310000,0.11380000,0.11280000,0.11320000,757065.10000000,TUSDT
2022-04-15 11:00:00,0.11320000,0.11390000,0.11290000,0.11330000,1292169.60000000,TUSDT
2022-04-15 12:00:00,0.11330000,0.11340000,0.11270000,0.11280000,1396086.80000000,TUSDT
2022-04-15 13:00:00,0.11290000,0.11360000,0.11200000,0.11230000,1078589.50000000,TUSDT
2022-04-15 14:00:00,0.11220000,0.11390000,0.11200000,0.11310000,1431085.10000000,TUSDT
2022-04-15 15:00:00,0.11330000,0.11370000,0.11300000,0.11320000,197318.70000000,TUSDT
2022-04-15 16:00:00,0.11330000,0.11430000,0.11290000,0.11370000,282882.90000000,TUSDT
2022-04-15 17:00:00,0.11360000,0.11410000,0.11310000,0.11340000,385356.80000000,TUSDT
2022-04-15 18:00:00,0.11350000,0.11350000,0.11290000,0.11330000,310328.50000000,TUSDT
2022-04-15 19:00:00,0.11330000,0.11330000,0.11300000,0.11320000,87217.90000000,TUSDT
2022-04-15 20:00:00,0.11310000,0.11340000,0.11290000,0.11340000,115188.00000000,TUSDT
2022-04-15 21:00:00,0.11340000,0.11340000,0.11270000,0.11310000,175107.40000000,TUSDT
2022-04-15 22:00:00,0.11300000,0.11430000,0.11280000,0.11400000,837243.10000000,TUSDT
2022-04-15 23:00:00,0.11400000,0.11460000,0.11360000,0.11400000,303018.00000000,TUSDT
2022-04-16 00:00:00,0.11400000,0.11430000,0.11330000,0.11420000,746607.70000000,TUSDT
2022-04-16 01:00:00,0.11410000,0.11480000,0.11400000,0.11410000,616699.50000000,TUSDT
2022-04-16 02:00:00,0.11410000,0.11470000,0.11390000,0.11410000,463002.20000000,TUSDT
2022-04-16 03:00:00,0.11410000,0.11410000,0.11350000,0.11360000,210181.60000000,TUSDT
2022-04-16 04:00:00,0.11360000,0.11370000,0.11350000,0.11370000,53276.40000000,TUSDT
2022-04-16 05:00:00,0.11360000,0.11360000,0.11320000,0.11350000,185529.30000000,TUSDT
2022-04-16 06:00:00,0.11340000,0.11350000,0.11300000,0.11350000,283056.00000000,TUSDT
2022-04-16 07:00:00,0.11360000,0.11390000,0.11300000,0.11330000,456877.20000000,TUSDT
2022-04-16 08:00:00,0.11330000,0.11350000,0.11300000,0.11320000,328285.00000000,TUSDT
2022-04-16 09:00:00,0.11330000,0.11340000,0.11300000,0.11310000,87970.40000000,TUSDT
2022-04-16 10:00:00,0.11320000,0.11380000,0.11310000,0.11350000,117969.10000000,TUSDT
2022-04-16 11:00:00,0.11350000,0.11350000,0.11310000,0.11320000,151744.50000000,TUSDT
2022-04-16 12:00:00,0.11310000,0.11370000,0.11300000,0.11360000,207105.00000000,TUSDT
2022-04-16 13:00:00,0.11350000,0.11350000,0.11300000,0.11310000,263746.40000000,TUSDT
2022-04-16 14:00:00,0.11310000,0.11340000,0.11280000,0.11320000,309874.40000000,TUSDT
2022-04-16 15:00:00,0.11330000,0.11390000,0.11210000,0.11210000,766756.00000000,TUSDT
2022-04-16 16:00:00,0.11210000,0.11280000,0.11190000,0.11250000,406056.60000000,TUSDT
2022-04-16 17:00:00,0.11240000,0.11290000,0.11240000,0.11250000,129359.30000000,TUSDT
2022-04-16 18:00:00,0.11250000,0.11300000,0.11220000,0.11260000,299859.10000000,TUSDT
2022-04-16 19:00:00,0.11250000,0.11270000,0.11240000,0.11240000,49250.70000000,TUSDT
2022-04-16 20:00:00,0.11240000,0.11300000,0.11230000,0.11260000,80644.90000000,TUSDT
2022-04-16 21:00:00,0.11260000,0.11330000,0.11250000,0.11330000,607640.40000000,TUSDT
2022-04-16 22:00:00,0.11340000,0.11360000,0.11290000,0.11320000,604443.30000000,TUSDT
2022-04-16 23:00:00,0.11340000,0.11340000,0.11280000,0.11330000,567636.30000000,TUSDT
2022-04-17 00:00:00,0.11340000,0.11340000,0.11260000,0.11340000,632561.90000000,TUSDT
2022-04-17 01:00:00,0.11330000,0.11340000,0.11280000,0.11310000,154245.20000000,TUSDT
2022-04-17 02:00:00,0.11310000,0.11310000,0.11230000,0.11260000,114704.50000000,TUSDT
2022-04-17 03:00:00,0.11260000,0.11290000,0.11220000,0.11270000,236553.80000000,TUSDT
2022-04-17 04:00:00,0.11270000,0.11340000,0.11240000,0.11310000,320804.80000000,TUSDT
2022-04-17 05:00:00,0.11300000,0.11320000,0.11280000,0.11320000,114687.60000000,TUSDT
2022-04-17 06:00:00,0.11310000,0.11350000,0.11290000,0.11330000,168545.20000000,TUSDT
2022-04-17 07:00:00,0.11300000,0.11320000,0.11260000,0.11270000,168557.20000000,TUSDT
2022-04-17 08:00:00,0.11270000,0.11310000,0.11240000,0.11310000,667061.20000000,TUSDT
2022-04-17 09:00:00,0.11310000,0.11350000,0.11270000,0.11330000,372334.70000000,TUSDT
2022-04-17 10:00:00,0.11340000,0.11390000,0.11280000,0.11290000,491896.50000000,TUSDT
2022-04-17 11:00:00,0.11300000,0.11370000,0.11300000,0.11360000,608108.50000000,TUSDT
2022-04-17 12:00:00,0.11360000,0.11380000,0.11300000,0.11320000,871282.50000000,TUSDT
2022-04-17 13:00:00,0.11310000,0.11390000,0.11280000,0.11320000,1152336.60000000,TUSDT
2022-04-17 14:00:00,0.11320000,0.11370000,0.11300000,0.11330000,681287.50000000,TUSDT
2022-04-17 15:00:00,0.11330000,0.11390000,0.11290000,0.11370000,618165.90000000,TUSDT
2022-04-17 16:00:00,0.11380000,0.11380000,0.11320000,0.11340000,287298.40000000,TUSDT
2022-04-17 17:00:00,0.11340000,0.11360000,0.11250000,0.11290000,323023.30000000,TUSDT
2022-04-17 18:00:00,0.11300000,0.11340000,0.11230000,0.11320000,279750.90000000,TUSDT
2022-04-17 19:00:00,0.11320000,0.11320000,0.11250000,0.11320000,136934.10000000,TUSDT
2022-04-17 20:00:00,0.11320000,0.11320000,0.11270000,0.11270000,117475.20000000,TUSDT
2022-04-17 21:00:00,0.11280000,0.11350000,0.11270000,0.11280000,173559.10000000,TUSDT
2022-04-17 22:00:00,0.11280000,0.11320000,0.11210000,0.11230000,277013.40000000,TUSDT
2022-04-17 23:00:00,0.11230000,0.11250000,0.11010000,0.11050000,766918.20000000,TUSDT
2022-04-18 00:00:00,0.11040000,0.11530000,0.11000000,0.11060000,4516339.10000000,TUSDT
2022-04-18 01:00:00,0.11060000,0.11140000,0.11030000,0.11070000,834606.50000000,TUSDT
2022-04-18 02:00:00,0.11070000,0.11140000,0.11050000,0.11140000,937053.80000000,TUSDT
2022-04-18 03:00:00,0.11150000,0.11190000,0.11080000,0.11080000,420950.00000000,TUSDT
2022-04-18 04:00:00,0.11080000,0.11150000,0.10480000,0.10510000,3875682.50000000,TUSDT
2022-04-18 05:00:00,0.10510000,0.10670000,0.10490000,0.10580000,3079327.70000000,TUSDT
2022-04-18 06:00:00,0.10580000,0.10710000,0.10580000,0.10670000,1246432.00000000,TUSDT
2022-04-18 07:00:00,0.10670000,0.10670000,0.10530000,0.10600000,817520.50000000,TUSDT
2022-04-18 08:00:00,0.10610000,0.10690000,0.10550000,0.10550000,762753.80000000,TUSDT
2022-04-18 09:00:00,0.10550000,0.10640000,0.10520000,0.10620000,365889.90000000,TUSDT
2022-04-18 10:00:00,0.10620000,0.10650000,0.10570000,0.10580000,351518.00000000,TUSDT
2022-04-18 11:00:00,0.10570000,0.10690000,0.10570000,0.10640000,395871.20000000,TUSDT
2022-04-18 12:00:00,0.10650000,0.10790000,0.10640000,0.10730000,922932.50000000,TUSDT
2022-04-18 13:00:00,0.10730000,0.10790000,0.10620000,0.10650000,3627952.90000000,TUSDT
2022-04-18 14:00:00,0.10670000,0.10780000,0.10660000,0.10680000,1365903.50000000,TUSDT
2022-04-18 15:00:00,0.10690000,0.10740000,0.10660000,0.10710000,1080235.30000000,TUSDT
2022-04-18 16:00:00,0.10720000,0.10830000,0.10650000,0.10730000,686180.30000000,TUSDT
2022-04-18 17:00:00,0.10740000,0.10920000,0.10730000,0.10840000,1105684.70000000,TUSDT
2022-04-18 18:00:00,0.10840000,0.11060000,0.10840000,0.10920000,1342731.40000000,TUSDT
2022-04-18 19:00:00,0.10930000,0.10980000,0.10880000,0.10890000,628509.10000000,TUSDT
2022-04-18 20:00:00,0.10890000,0.10970000,0.10870000,0.10920000,1113777.60000000,TUSDT
2022-04-18 21:00:00,0.10940000,0.11030000,0.10940000,0.11000000,288825.30000000,TUSDT
2022-04-18 22:00:00,0.10980000,0.11080000,0.10960000,0.11040000,987253.50000000,TUSDT
2022-04-18 23:00:00,0.11060000,0.11080000,0.11010000,0.11070000,406352.40000000,TUSDT
2022-04-19 00:00:00,0.11080000,0.11200000,0.11030000,0.11070000,1144120.50000000,TUSDT
2022-04-19 01:00:00,0.11070000,0.11100000,0.10960000,0.10980000,1033229.70000000,TUSDT
2022-04-19 02:00:00,0.10980000,0.11010000,0.10930000,0.10930000,259160.30000000,TUSDT
2022-04-19 03:00:00,0.10940000,0.10970000,0.10930000,0.10940000,254276.40000000,TUSDT
2022-04-19 04:00:00,0.10940000,0.11040000,0.10940000,0.11010000,237033.20000000,TUSDT
2022-04-19 05:00:00,0.11010000,0.11100000,0.10970000,0.11000000,837867.40000000,TUSDT
2022-04-19 06:00:00,0.11000000,0.11040000,0.10970000,0.10970000,350566.00000000,TUSDT
2022-04-19 07:00:00,0.10970000,0.10980000,0.10910000,0.10930000,544541.90000000,TUSDT
2022-04-19 08:00:00,0.10930000,0.11020000,0.10930000,0.10980000,222930.40000000,TUSDT
2022-04-19 09:00:00,0.10980000,0.11030000,0.10930000,0.10980000,550811.40000000,TUSDT
2022-04-19 10:00:00,0.10980000,0.11030000,0.10960000,0.11020000,169774.70000000,TUSDT
2022-04-19 11:00:00,0.11020000,0.11140000,0.10990000,0.10990000,1210102.00000000,TUSDT
2022-04-19 12:00:00,0.11000000,0.11160000,0.11000000,0.11100000,438977.40000000,TUSDT
2022-04-19 13:00:00,0.11090000,0.11280000,0.11020000,0.11210000,966418.50000000,TUSDT
2022-04-19 14:00:00,0.11220000,0.11250000,0.11170000,0.11230000,660156.30000000,TUSDT
2022-04-19 15:00:00,0.11230000,0.11270000,0.11130000,0.11170000,1519557.80000000,TUSDT
2022-04-19 16:00:00,0.11190000,0.11250000,0.11130000,0.11200000,732239.10000000,TUSDT
2022-04-19 17:00:00,0.11190000,0.11210000,0.11100000,0.11170000,523217.00000000,TUSDT
2022-04-19 18:00:00,0.11170000,0.11220000,0.11130000,0.11180000,788137.90000000,TUSDT
2022-04-19 19:00:00,0.11190000,0.11210000,0.11140000,0.11170000,775887.00000000,TUSDT
2022-04-19 20:00:00,0.11200000,0.11200000,0.11070000,0.11100000,592844.60000000,TUSDT
2022-04-19 21:00:00,0.11110000,0.11200000,0.11110000,0.11190000,977805.60000000,TUSDT
2022-04-19 22:00:00,0.11190000,0.11240000,0.11170000,0.11230000,130333.40000000,TUSDT
2022-04-19 23:00:00,0.11210000,0.11250000,0.11210000,0.11240000,186344.30000000,TUSDT
2022-04-20 00:00:00,0.11230000,0.11240000,0.11070000,0.11150000,874531.80000000,TUSDT
2022-04-20 01:00:00,0.11150000,0.11200000,0.11090000,0.11180000,516802.90000000,TUSDT
2022-04-20 02:00:00,0.11180000,0.11210000,0.11150000,0.11190000,475657.90000000,TUSDT
2022-04-20 03:00:00,0.11190000,0.11190000,0.11150000,0.11160000,92490.40000000,TUSDT
2022-04-20 04:00:00,0.11160000,0.11170000,0.11110000,0.11130000,122467.20000000,TUSDT
2022-04-20 05:00:00,0.11130000,0.11170000,0.11110000,0.11150000,199669.20000000,TUSDT
2022-04-20 06:00:00,0.11170000,0.11210000,0.11160000,0.11180000,247513.90000000,TUSDT
2022-04-20 07:00:00,0.11180000,0.11230000,0.11100000,0.11100000,543581.70000000,TUSDT
2022-04-20 08:00:00,0.11120000,0.11180000,0.11100000,0.11150000,1028092.80000000,TUSDT
2022-04-20 09:00:00,0.11140000,0.11190000,0.11120000,0.11170000,937870.70000000,TUSDT
2022-04-20 10:00:00,0.11170000,0.11220000,0.11110000,0.11210000,697851.70000000,TUSDT
2022-04-20 11:00:00,0.11190000,0.11260000,0.11150000,0.11210000,1031884.90000000,TUSDT
2022-04-20 12:00:00,0.11210000,0.11360000,0.11200000,0.11300000,3464120.30000000,TUSDT
2022-04-20 13:00:00,0.11300000,0.11340000,0.11140000,0.11140000,2237503.30000000,TUSDT
2022-04-20 14:00:00,0.11130000,0.11150000,0.11060000,0.11080000,1050035.90000000,TUSDT
2022-04-20 15:00:00,0.11090000,0.11090000,0.10710000,0.10940000,3195755.00000000,TUSDT
2022-04-20 16:00:00,0.10950000,0.10960000,0.10790000,0.10950000,1291459.60000000,TUSDT
2022-04-20 17:00:00,0.10950000,0.10970000,0.10910000,0.10930000,375876.60000000,TUSDT
2022-04-20 18:00:00,0.10940000,0.10940000,0.10810000,0.10880000,575384.70000000,TUSDT
2022-04-20 19:00:00,0.10880000,0.10950000,0.10880000,0.10890000,395808.20000000,TUSDT
2022-04-20 20:00:00,0.10890000,0.11050000,0.10890000,0.11030000,573000.00000000,TUSDT
2022-04-20 21:00:00,0.11020000,0.11020000,0.10950000,0.10980000,656873.60000000,TUSDT
2022-04-20 22:00:00,0.10980000,0.11080000,0.10980000,0.11030000,389265.00000000,TUSDT
2022-04-20 23:00:00,0.11030000,0.11030000,0.10980000,0.11020000,84850.30000000,TUSDT
2022-04-21 00:00:00,0.11010000,0.11070000,0.10960000,0.11050000,659636.20000000,TUSDT
2022-04-21 01:00:00,0.11050000,0.11110000,0.11000000,0.11080000,628800.20000000,TUSDT
2022-04-21 02:00:00,0.11070000,0.11090000,0.11020000,0.11040000,261701.60000000,TUSDT
2022-04-21 03:00:00,0.11030000,0.11120000,0.11010000,0.11120000,501847.00000000,TUSDT
2022-04-21 04:00:00,0.11120000,0.11140000,0.11070000,0.11110000,608382.30000000,TUSDT
2022-04-21 05:00:00,0.11110000,0.11120000,0.11040000,0.11040000,293611.90000000,TUSDT
2022-04-21 06:00:00,0.11040000,0.11060000,0.10910000,0.10920000,632956.70000000,TUSDT
2022-04-21 07:00:00,0.10930000,0.11020000,0.10900000,0.10980000,918450.90000000,TUSDT
2022-04-21 08:00:00,0.10980000,0.11030000,0.10930000,0.11000000,644465.50000000,TUSDT
2022-04-21 09:00:00,0.11010000,0.11030000,0.10910000,0.11000000,960965.40000000,TUSDT
2022-04-21 10:00:00,0.11010000,0.11190000,0.10930000,0.11100000,2085980.10000000,TUSDT
2022-04-21 11:00:00,0.11100000,0.11320000,0.11090000,0.11180000,1488441.20000000,TUSDT
2022-04-21 12:00:00,0.11200000,0.11240000,0.11140000,0.11230000,633672.60000000,TUSDT
2022-04-21 13:00:00,0.11230000,0.11300000,0.11170000,0.11240000,1328402.90000000,TUSDT
2022-04-21 14:00:00,0.11230000,0.11280000,0.11150000,0.11170000,474321.80000000,TUSDT
2022-04-21 15:00:00,0.11180000,0.11180000,0.11100000,0.11100000,301696.40000000,TUSDT
2022-04-21 16:00:00,0.11110000,0.11140000,0.11010000,0.11130000,1562088.20000000,TUSDT
2022-04-21 17:00:00,0.11130000,0.11190000,0.11040000,0.11090000,735100.70000000,TUSDT
2022-04-21 18:00:00,0.11070000,0.11150000,0.11030000,0.11070000,588782.00000000,TUSDT
2022-04-21 19:00:00,0.11070000,0.11070000,0.10930000,0.11000000,966640.10000000,TUSDT
2022-04-21 20:00:00,0.10980000,0.11060000,0.10880000,0.10900000,720463.60000000,TUSDT
2022-04-21 21:00:00,0.10920000,0.10960000,0.10810000,0.10810000,829991.90000000,TUSDT
2022-04-21 22:00:00,0.10820000,0.10870000,0.10680000,0.10760000,1689600.30000000,TUSDT
2022-04-21 23:00:00,0.10760000,0.10840000,0.10740000,0.10820000,257922.10000000,TUSDT
2022-04-22 00:00:00,0.10840000,0.10850000,0.10740000,0.10810000,1059179.90000000,TUSDT
2022-04-22 01:00:00,0.10790000,0.10840000,0.10740000,0.10770000,695490.70000000,TUSDT
2022-04-22 02:00:00,0.10770000,0.10820000,0.10730000,0.10760000,618762.50000000,TUSDT
2022-04-22 03:00:00,0.10770000,0.10850000,0.10760000,0.10810000,652791.20000000,TUSDT
2022-04-22 04:00:00,0.10800000,0.10900000,0.10790000,0.10870000,313471.00000000,TUSDT
2022-04-22 05:00:00,0.10870000,0.10920000,0.10870000,0.10890000,147725.00000000,TUSDT
2022-04-22 06:00:00,0.10900000,0.10930000,0.10850000,0.10850000,194569.20000000,TUSDT
2022-04-22 07:00:00,0.10850000,0.10950000,0.10780000,0.10880000,954863.40000000,TUSDT
2022-04-22 08:00:00,0.10890000,0.10940000,0.10850000,0.10880000,613949.90000000,TUSDT
2022-04-22 09:00:00,0.10890000,0.10900000,0.10780000,0.10790000,426909.90000000,TUSDT
2022-04-22 10:00:00,0.10800000,0.10920000,0.10750000,0.10870000,1053936.40000000,TUSDT
2022-04-22 11:00:00,0.10870000,0.11020000,0.10850000,0.10970000,2037415.50000000,TUSDT
2022-04-22 12:00:00,0.10960000,0.10980000,0.10910000,0.10910000,703664.40000000,TUSDT
2022-04-22 13:00:00,0.10910000,0.10980000,0.10840000,0.10850000,932783.30000000,TUSDT
2022-04-22 14:00:00,0.10840000,0.10910000,0.10700000,0.10740000,1033734.70000000,TUSDT
2022-04-22 15:00:00,0.10730000,0.10770000,0.10600000,0.10630000,966223.60000000,TUSDT
2022-04-22 16:00:00,0.10640000,0.10790000,0.10600000,0.10700000,595394.60000000,TUSDT
2022-04-22 17:00:00,0.10690000,0.10760000,0.10670000,0.10700000,238528.10000000,TUSDT
2022-04-22 18:00:00,0.10690000,0.10760000,0.10680000,0.10710000,1204101.60000000,TUSDT
2022-04-22 19:00:00,0.10710000,0.10790000,0.10700000,0.10740000,890700.40000000,TUSDT
2022-04-22 20:00:00,0.10750000,0.10770000,0.10730000,0.10770000,128880.40000000,TUSDT
2022-04-22 21:00:00,0.10760000,0.11090000,0.10730000,0.10880000,5206483.70000000,TUSDT
2022-04-22 22:00:00,0.10880000,0.10920000,0.10830000,0.10840000,369597.90000000,TUSDT
2022-04-22 23:00:00,0.10820000,0.10850000,0.10810000,0.10810000,154684.10000000,TUSDT
2022-04-23 00:00:00,0.10820000,0.10940000,0.10750000,0.10810000,2331132.80000000,TUSDT
2022-04-23 01:00:00,0.10800000,0.10950000,0.10740000,0.10800000,712643.80000000,TUSDT
2022-04-23 02:00:00,0.10810000,0.10840000,0.10710000,0.10720000,851536.60000000,TUSDT
2022-04-23 03:00:00,0.10720000,0.10770000,0.10660000,0.10760000,502525.60000000,TUSDT
2022-04-23 04:00:00,0.10750000,0.10790000,0.10660000,0.10760000,419769.40000000,TUSDT
2022-04-23 05:00:00,0.10770000,0.10780000,0.10740000,0.10750000,67871.00000000,TUSDT
2022-04-23 06:00:00,0.10760000,0.10800000,0.10680000,0.10730000,747074.40000000,TUSDT
2022-04-23 07:00:00,0.10710000,0.10720000,0.10680000,0.10710000,131461.40000000,TUSDT
2022-04-23 08:00:00,0.10710000,0.10750000,0.10660000,0.10730000,447353.10000000,TUSDT
2022-04-23 09:00:00,0.10740000,0.10750000,0.10680000,0.10700000,297796.90000000,TUSDT
2022-04-23 10:00:00,0.10700000,0.10750000,0.10670000,0.10720000,442249.60000000,TUSDT
2022-04-23 11:00:00,0.10730000,0.10760000,0.10720000,0.10730000,140819.80000000,TUSDT
2022-04-23 12:00:00,0.10730000,0.10780000,0.10710000,0.10740000,396938.10000000,TUSDT
2022-04-23 13:00:00,0.10750000,0.10830000,0.10730000,0.10770000,464275.20000000,TUSDT
2022-04-23 14:00:00,0.10770000,0.10780000,0.10740000,0.10770000,139574.80000000,TUSDT
2022-04-23 15:00:00,0.10770000,0.10810000,0.10750000,0.10790000,201914.30000000,TUSDT
2022-04-23 16:00:00,0.10790000,0.10860000,0.10780000,0.10810000,224086.10000000,TUSDT
2022-04-23 17:00:00,0.10790000,0.10820000,0.10750000,0.10790000,199624.00000000,TUSDT
2022-04-23 18:00:00,0.10780000,0.10780000,0.10730000,0.10740000,150312.50000000,TUSDT
2022-04-23 19:00:00,0.10730000,0.10750000,0.10720000,0.10730000,72743.30000000,TUSDT
2022-04-23 20:00:00,0.10740000,0.10820000,0.10720000,0.10780000,295020.50000000,TUSDT
2022-04-23 21:00:00,0.10790000,0.10850000,0.10770000,0.10820000,803839.20000000,TUSDT
2022-04-23 22:00:00,0.10830000,0.11030000,0.10820000,0.10820000,1838081.90000000,TUSDT
2022-04-23 23:00:00,0.10820000,0.10830000,0.10710000,0.10760000,409355.10000000,TUSDT
2022-04-24 00:00:00,0.10770000,0.10840000,0.10760000,0.10770000,227856.40000000,TUSDT
2022-04-24 01:00:00,0.10770000,0.10780000,0.10700000,0.10700000,112315.00000000,TUSDT
2022-04-24 02:00:00,0.10700000,0.10770000,0.10670000,0.10700000,579926.50000000,TUSDT
2022-04-24 03:00:00,0.10690000,0.10760000,0.10690000,0.10730000,616418.90000000,TUSDT
2022-04-24 04:00:00,0.10730000,0.10740000,0.10680000,0.10690000,280936.60000000,TUSDT
2022-04-24 05:00:00,0.10680000,0.10730000,0.10640000,0.10690000,601445.30000000,TUSDT
2022-04-24 06:00:00,0.10710000,0.10760000,0.10680000,0.10730000,222330.70000000,TUSDT
2022-04-24 07:00:00,0.10720000,0.10750000,0.10700000,0.10700000,265882.50000000,TUSDT
2022-04-24 08:00:00,0.10720000,0.11300000,0.10720000,0.10830000,7360111.00000000,TUSDT
2022-04-24 09:00:00,0.10820000,0.11040000,0.10810000,0.10920000,1792548.90000000,TUSDT
2022-04-24 10:00:00,0.10920000,0.11240000,0.10880000,0.11240000,2417232.20000000,TUSDT
2022-04-24 11:00:00,0.11230000,0.11260000,0.10850000,0.10890000,3493638.60000000,TUSDT
2022-04-24 12:00:00,0.10880000,0.11020000,0.10820000,0.10910000,1546809.40000000,TUSDT
2022-04-24 13:00:00,0.10900000,0.11020000,0.10750000,0.10980000,3126690.10000000,TUSDT
2022-04-24 14:00:00,0.10990000,0.10990000,0.10800000,0.10870000,2392687.10000000,TUSDT
2022-04-24 15:00:00,0.10870000,0.10970000,0.10820000,0.10880000,917754.70000000,TUSDT
2022-04-24 16:00:00,0.10900000,0.10910000,0.10730000,0.10800000,1195273.40000000,TUSDT
2022-04-24 17:00:00,0.10800000,0.10800000,0.10680000,0.10710000,1048985.40000000,TUSDT
2022-04-24 18:00:00,0.10710000,0.10830000,0.10680000,0.10830000,410586.30000000,TUSDT
2022-04-24 19:00:00,0.10830000,0.10880000,0.10800000,0.10830000,342931.70000000,TUSDT
2022-04-24 20:00:00,0.10830000,0.10870000,0.10740000,0.10760000,521389.80000000,TUSDT
2022-04-24 21:00:00,0.10760000,0.10850000,0.10740000,0.10790000,309052.50000000,TUSDT
2022-04-24 22:00:00,0.10810000,0.10840000,0.10770000,0.10800000,397081.20000000,TUSDT
2022-04-24 23:00:00,0.10790000,0.10800000,0.10730000,0.10760000,402762.80000000,TUSDT
2022-04-25 00:00:00,0.10770000,0.10790000,0.10410000,0.10430000,1507591.40000000,TUSDT
2022-04-25 01:00:00,0.10420000,0.10600000,0.10380000,0.10510000,2595592.80000000,TUSDT
2022-04-25 02:00:00,0.10530000,0.10560000,0.10400000,0.10450000,1469477.30000000,TUSDT
2022-04-25 03:00:00,0.10450000,0.10520000,0.10430000,0.10440000,403208.50000000,TUSDT
2022-04-25 04:00:00,0.10450000,0.10450000,0.10350000,0.10370000,1198613.40000000,TUSDT
2022-04-25 05:00:00,0.10370000,0.10410000,0.10290000,0.10320000,669833.90000000,TUSDT
2022-04-25 06:00:00,0.10280000,0.10310000,0.10080000,0.10100000,1938964.80000000,TUSDT
2022-04-25 07:00:00,0.10100000,0.10120000,0.09970000,0.10060000,1844943.20000000,TUSDT
2022-04-25 08:00:00,0.10060000,0.10110000,0.09970000,0.09990000,1311892.30000000,TUSDT
2022-04-25 09:00:00,0.09980000,0.10050000,0.09880000,0.10020000,3928766.90000000,TUSDT
2022-04-25 10:00:00,0.10010000,0.10030000,0.09900000,0.09930000,2007560.80000000,TUSDT
2022-04-25 11:00:00,0.09920000,0.10200000,0.09910000,0.10130000,2826753.90000000,TUSDT
2022-04-25 12:00:00,0.10130000,0.10230000,0.10100000,0.10130000,2300888.40000000,TUSDT
2022-04-25 13:00:00,0.10140000,0.10290000,0.10090000,0.10120000,1807297.40000000,TUSDT
2022-04-25 14:00:00,0.10120000,0.10260000,0.10100000,0.10190000,1173134.10000000,TUSDT
2022-04-25 15:00:00,0.10190000,0.10280000,0.10190000,0.10200000,452057.60000000,TUSDT
2022-04-25 16:00:00,0.10190000,0.10350000,0.10190000,0.10300000,790617.20000000,TUSDT
2022-04-25 17:00:00,0.10300000,0.10340000,0.10280000,0.10310000,657650.40000000,TUSDT
2022-04-25 18:00:00,0.10300000,0.10440000,0.10300000,0.10380000,580208.90000000,TUSDT
2022-04-25 19:00:00,0.10380000,0.10470000,0.10320000,0.10440000,1808531.70000000,TUSDT
2022-04-25 20:00:00,0.10450000,0.10500000,0.10410000,0.10440000,897541.90000000,TUSDT
2022-04-25 21:00:00,0.10460000,0.10470000,0.10430000,0.10450000,131847.40000000,TUSDT
2022-04-25 22:00:00,0.10450000,0.10500000,0.10420000,0.10460000,331004.80000000,TUSDT
2022-04-25 23:00:00,0.10460000,0.10530000,0.10430000,0.10440000,784969.40000000,TUSDT
2022-04-26 00:00:00,0.10440000,0.10550000,0.10410000,0.10470000,691455.70000000,TUSDT
2022-04-26 01:00:00,0.10470000,0.10480000,0.10410000,0.10440000,662999.20000000,TUSDT
2022-04-26 02:00:00,0.10440000,0.10460000,0.10400000,0.10410000,350447.40000000,TUSDT
2022-04-26 03:00:00,0.10420000,0.10450000,0.10380000,0.10400000,467297.20000000,TUSDT
2022-04-26 04:00:00,0.10400000,0.10420000,0.10360000,0.10420000,1071183.00000000,TUSDT
2022-04-26 05:00:00,0.10410000,0.10430000,0.10370000,0.10400000,324148.70000000,TUSDT
2022-04-26 06:00:00,0.10390000,0.10390000,0.10300000,0.10340000,608818.30000000,TUSDT
2022-04-26 07:00:00,0.10340000,0.10370000,0.10280000,0.10340000,1103794.30000000,TUSDT
2022-04-26 08:00:00,0.10340000,0.10370000,0.10340000,0.10340000,210924.90000000,TUSDT
2022-04-26 09:00:00,0.10340000,0.10350000,0.10240000,0.10270000,1534858.50000000,TUSDT
2022-04-26 10:00:00,0.10270000,0.10310000,0.10240000,0.10280000,326144.40000000,TUSDT
2022-04-26 11:00:00,0.10280000,0.10280000,0.10230000,0.10260000,666321.90000000,TUSDT
2022-04-26 12:00:00,0.10260000,0.10280000,0.10150000,0.10150000,1434184.30000000,TUSDT
2022-04-26 13:00:00,0.10170000,0.10200000,0.10030000,0.10040000,1484063.30000000,TUSDT
2022-04-26 14:00:00,0.10030000,0.10050000,0.09940000,0.09940000,453355.00000000,TUSDT
2022-04-26 15:00:00,0.09940000,0.09960000,0.09780000,0.09780000,4150203.10000000,TUSDT
2022-04-26 16:00:00,0.09780000,0.09930000,0.09770000,0.09870000,791583.00000000,TUSDT
2022-04-26 17:00:00,0.09850000,0.09850000,0.09720000,0.09770000,971091.70000000,TUSDT
2022-04-26 18:00:00,0.09760000,0.09820000,0.09730000,0.09800000,387299.30000000,TUSDT
2022-04-26 19:00:00,0.09800000,0.09830000,0.09580000,0.09730000,1800564.00000000,TUSDT
2022-04-26 20:00:00,0.09700000,0.09730000,0.09560000,0.09610000,767636.20000000,TUSDT
2022-04-26 21:00:00,0.09610000,0.09730000,0.09570000,0.09710000,420108.20000000,TUSDT
2022-04-26 22:00:00,0.09720000,0.09800000,0.09670000,0.09690000,245428.20000000,TUSDT
2022-04-26 23:00:00,0.09690000,0.09780000,0.09500000,0.09610000,768703.70000000,TUSDT
2022-04-27 00:00:00,0.09620000,0.09640000,0.09520000,0.09570000,822337.10000000,TUSDT
2022-04-27 01:00:00,0.09560000,0.09610000,0.09490000,0.09590000,1347042.50000000,TUSDT
2022-04-27 02:00:00,0.09620000,0.09650000,0.09570000,0.09650000,244336.50000000,TUSDT
2022-04-27 03:00:00,0.09650000,0.09660000,0.09600000,0.09610000,213247.30000000,TUSDT
2022-04-27 04:00:00,0.09610000,0.09700000,0.09600000,0.09630000,654351.20000000,TUSDT
2022-04-27 05:00:00,0.09630000,0.09710000,0.09610000,0.09680000,315006.30000000,TUSDT
2022-04-27 06:00:00,0.09680000,0.09700000,0.09660000,0.09690000,248344.10000000,TUSDT
2022-04-27 07:00:00,0.09700000,0.09790000,0.09700000,0.09780000,785991.50000000,TUSDT
2022-04-27 08:00:00,0.09780000,0.09830000,0.09700000,0.09730000,743090.20000000,TUSDT
2022-04-27 09:00:00,0.09750000,0.09790000,0.09710000,0.09790000,682206.70000000,TUSDT
2022-04-27 10:00:00,0.09800000,0.09800000,0.09590000,0.09730000,4447217.20000000,TUSDT
2022-04-27 11:00:00,0.09730000,0.09730000,0.09570000,0.09680000,490348.80000000,TUSDT
2022-04-27 12:00:00,0.09680000,0.09720000,0.09660000,0.09660000,121950.50000000,TUSDT
2022-04-27 13:00:00,0.09660000,0.09810000,0.09610000,0.09760000,1094897.80000000,TUSDT
2022-04-27 14:00:00,0.09780000,0.09820000,0.09540000,0.09590000,909829.30000000,TUSDT
2022-04-27 15:00:00,0.09600000,0.09690000,0.09590000,0.09680000,549298.80000000,TUSDT
2022-04-27 16:00:00,0.09680000,0.09760000,0.09680000,0.09690000,351170.60000000,TUSDT
2022-04-27 17:00:00,0.09680000,0.09690000,0.09620000,0.09680000,548855.90000000,TUSDT
2022-04-27 18:00:00,0.09680000,0.09680000,0.09650000,0.09650000,111442.20000000,TUSDT
2022-04-27 19:00:00,0.09650000,0.09650000,0.09580000,0.09600000,247801.40000000,TUSDT
2022-04-27 20:00:00,0.09600000,0.09680000,0.09590000,0.09650000,680824.00000000,TUSDT
2022-04-27 21:00:00,0.09660000,0.09730000,0.09660000,0.09720000,302753.90000000,TUSDT
2022-04-27 22:00:00,0.09720000,0.09750000,0.09690000,0.09720000,268784.30000000,TUSDT
2022-04-27 23:00:00,0.09720000,0.09750000,0.09680000,0.09740000,164938.40000000,TUSDT
2022-04-28 00:00:00,0.09730000,0.09760000,0.09630000,0.09650000,636634.70000000,TUSDT
2022-04-28 01:00:00,0.09660000,0.09710000,0.09600000,0.09600000,621890.90000000,TUSDT
2022-04-28 02:00:00,0.09600000,0.09620000,0.09560000,0.09600000,197330.40000000,TUSDT
2022-04-28 03:00:00,0.09600000,0.09600000,0.09490000,0.09550000,3065767.80000000,TUSDT
2022-04-28 04:00:00,0.09550000,0.09560000,0.09500000,0.09550000,736964.70000000,TUSDT
2022-04-28 05:00:00,0.09560000,0.09570000,0.09520000,0.09550000,185445.10000000,TUSDT
2022-04-28 06:00:00,0.09550000,0.10580000,0.09530000,0.10460000,8006668.40000000,TUSDT
2022-04-28 07:00:00,0.10470000,0.10760000,0.10100000,0.10310000,24634400.60000000,TUSDT
2022-04-28 08:00:00,0.10310000,0.10860000,0.10170000,0.10340000,10900210.30000000,TUSDT
2022-04-28 09:00:00,0.10350000,0.10400000,0.10170000,0.10180000,3808070.90000000,TUSDT
2022-04-28 10:00:00,0.10190000,0.10200000,0.09970000,0.10100000,4072193.70000000,TUSDT
2022-04-28 11:00:00,0.10100000,0.10140000,0.10060000,0.10100000,2508658.30000000,TUSDT
2022-04-28 12:00:00,0.10080000,0.10570000,0.10000000,0.10180000,6964920.00000000,TUSDT
2022-04-28 13:00:00,0.10180000,0.10280000,0.09990000,0.10060000,3721593.70000000,TUSDT
2022-04-28 14:00:00,0.10040000,0.10220000,0.09870000,0.10030000,6244212.00000000,TUSDT
2022-04-28 15:00:00,0.10030000,0.10200000,0.10010000,0.10050000,2529748.90000000,TUSDT
2022-04-28 16:00:00,0.10060000,0.10120000,0.10010000,0.10110000,746242.00000000,TUSDT
2022-04-28 17:00:00,0.10110000,0.10250000,0.10100000,0.10210000,2113611.40000000,TUSDT
2022-04-28 18:00:00,0.10220000,0.10330000,0.10190000,0.10250000,1740905.40000000,TUSDT
2022-04-28 19:00:00,0.10250000,0.10350000,0.10220000,0.10340000,1794425.30000000,TUSDT
2022-04-28 20:00:00,0.10340000,0.10340000,0.10190000,0.10230000,1009402.00000000,TUSDT
2022-04-28 21:00:00,0.10250000,0.10260000,0.09940000,0.10060000,4149332.80000000,TUSDT
2022-04-28 22:00:00,0.10070000,0.10110000,0.10050000,0.10100000,375283.60000000,TUSDT
2022-04-28 23:00:00,0.10090000,0.10150000,0.10090000,0.10140000,349293.10000000,TUSDT
2022-04-29 00:00:00,0.10120000,0.10400000,0.10010000,0.10090000,3694454.30000000,TUSDT
2022-04-29 01:00:00,0.10090000,0.10300000,0.10080000,0.10170000,2313849.40000000,TUSDT
2022-04-29 02:00:00,0.10170000,0.10170000,0.09920000,0.09920000,1101966.90000000,TUSDT
2022-04-29 03:00:00,0.09920000,0.10000000,0.09920000,0.09960000,599437.60000000,TUSDT
2022-04-29 04:00:00,0.09960000,0.09980000,0.09860000,0.09940000,1272160.50000000,TUSDT
2022-04-29 05:00:00,0.09950000,0.09970000,0.09910000,0.09910000,198972.70000000,TUSDT
2022-04-29 06:00:00,0.09920000,0.10080000,0.09830000,0.09970000,2332477.60000000,TUSDT
2022-04-29 07:00:00,0.09980000,0.10020000,0.09950000,0.10000000,621741.10000000,TUSDT
2022-04-29 08:00:00,0.10000000,0.10010000,0.09850000,0.09850000,1261812.60000000,TUSDT
2022-04-29 09:00:00,0.09840000,0.09860000,0.09700000,0.09710000,801837.10000000,TUSDT
2022-04-29 10:00:00,0.09700000,0.09740000,0.09530000,0.09610000,1949814.90000000,TUSDT
2022-04-29 11:00:00,0.09610000,0.09670000,0.09560000,0.09650000,653818.80000000,TUSDT
2022-04-29 12:00:00,0.09650000,0.09710000,0.09630000,0.09680000,883585.50000000,TUSDT
2022-04-29 13:00:00,0.09670000,0.09710000,0.09620000,0.09710000,1333894.90000000,TUSDT
2022-04-29 14:00:00,0.09700000,0.09740000,0.09630000,0.09650000,443435.60000000,TUSDT
2022-04-29 15:00:00,0.09660000,0.09690000,0.09550000,0.09580000,537628.60000000,TUSDT
2022-04-29 16:00:00,0.09580000,0.09610000,0.09510000,0.09520000,450861.30000000,TUSDT
2022-04-29 17:00:00,0.09520000,0.09560000,0.09510000,0.09540000,134792.90000000,TUSDT
2022-04-29 18:00:00,0.09530000,0.09580000,0.09510000,0.09540000,224924.80000000,TUSDT
2022-04-29 19:00:00,0.09530000,0.09530000,0.09500000,0.09510000,527418.10000000,TUSDT
2022-04-29 20:00:00,0.09520000,0.09530000,0.09500000,0.09510000,482029.70000000,TUSDT
2022-04-29 21:00:00,0.09500000,0.09540000,0.09500000,0.09510000,355667.70000000,TUSDT
2022-04-29 22:00:00,0.09500000,0.09550000,0.09500000,0.09500000,648765.40000000,TUSDT
2022-04-29 23:00:00,0.09500000,0.09570000,0.09500000,0.09520000,535826.40000000,TUSDT
2022-04-30 00:00:00,0.09520000,0.09660000,0.09510000,0.09580000,3319898.30000000,TUSDT
2022-04-30 01:00:00,0.09590000,0.09720000,0.09570000,0.09580000,1507478.30000000,TUSDT
2022-04-30 02:00:00,0.09580000,0.09590000,0.09510000,0.09550000,808474.00000000,TUSDT
2022-04-30 03:00:00,0.09550000,0.09720000,0.09510000,0.09720000,817127.00000000,TUSDT
2022-04-30 04:00:00,0.09720000,0.09730000,0.09550000,0.09570000,989974.70000000,TUSDT
2022-04-30 05:00:00,0.09570000,0.09610000,0.09570000,0.09570000,243179.50000000,TUSDT
2022-04-30 06:00:00,0.09570000,0.09570000,0.09540000,0.09550000,108863.50000000,TUSDT
2022-04-30 07:00:00,0.09550000,0.09720000,0.09520000,0.09610000,924747.20000000,TUSDT
2022-04-30 08:00:00,0.09600000,0.09610000,0.09500000,0.09530000,1018966.60000000,TUSDT
2022-04-30 09:00:00,0.09530000,0.09530000,0.09500000,0.09510000,910679.70000000,TUSDT
2022-04-30 10:00:00,0.09510000,0.09540000,0.09480000,0.09480000,1788452.20000000,TUSDT
2022-04-30 11:00:00,0.09480000,0.09510000,0.09450000,0.09470000,527123.30000000,TUSDT
2022-04-30 12:00:00,0.09460000,0.09500000,0.09440000,0.09450000,279719.70000000,TUSDT
2022-04-30 13:00:00,0.09450000,0.09470000,0.09400000,0.09420000,555932.80000000,TUSDT
2022-04-30 14:00:00,0.09420000,0.09450000,0.09210000,0.09220000,2444622.80000000,TUSDT
2022-04-30 15:00:00,0.09230000,0.09290000,0.09150000,0.09240000,1204830.00000000,TUSDT
2022-04-30 16:00:00,0.09250000,0.09270000,0.09220000,0.09220000,374222.70000000,TUSDT
2022-04-30 17:00:00,0.09190000,0.09260000,0.09130000,0.09150000,1469999.60000000,TUSDT
2022-04-30 18:00:00,0.09140000,0.09160000,0.09080000,0.09130000,278363.10000000,TUSDT
2022-04-30 19:00:00,0.09130000,0.09170000,0.09100000,0.09160000,395926.40000000,TUSDT
2022-04-30 20:00:00,0.09160000,0.09170000,0.09140000,0.09140000,93479.80000000,TUSDT
2022-04-30 21:00:00,0.09150000,0.09170000,0.09080000,0.09100000,399495.30000000,TUSDT
2022-04-30 22:00:00,0.09090000,0.09090000,0.09000000,0.09010000,490072.50000000,TUSDT
2022-04-30 23:00:00,0.09000000,0.09010000,0.08570000,0.08680000,4344361.60000000,TUSDT
2022-05-01 00:00:00,0.08680000,0.08870000,0.08500000,0.08560000,1843280.10000000,TUSDT
2022-05-01 01:00:00,0.08560000,0.08560000,0.08130000,0.08440000,7199296.40000000,TUSDT
2022-05-01 02:00:00,0.08440000,0.08530000,0.08340000,0.08390000,2278276.30000000,TUSDT
2022-05-01 03:00:00,0.08400000,0.08480000,0.08390000,0.08440000,649917.40000000,TUSDT
2022-05-01 04:00:00,0.08440000,0.08530000,0.08350000,0.08430000,1287797.00000000,TUSDT
2022-05-01 05:00:00,0.08430000,0.08550000,0.08420000,0.08520000,502454.10000000,TUSDT
2022-05-01 06:00:00,0.08530000,0.08620000,0.08520000,0.08580000,627297.10000000,TUSDT
2022-05-01 07:00:00,0.08570000,0.08610000,0.08530000,0.08540000,403922.10000000,TUSDT
2022-05-01 08:00:00,0.08540000,0.08600000,0.08530000,0.08590000,307225.60000000,TUSDT
2022-05-01 09:00:00,0.08600000,0.08610000,0.08520000,0.08540000,368581.60000000,TUSDT
2022-05-01 10:00:00,0.08530000,0.08540000,0.08520000,0.08530000,371961.10000000,TUSDT
2022-05-01 11:00:00,0.08520000,0.08530000,0.08450000,0.08450000,246717.10000000,TUSDT
2022-05-01 12:00:00,0.08440000,0.08470000,0.08350000,0.08450000,1604322.90000000,TUSDT
2022-05-01 13:00:00,0.08450000,0.08480000,0.08440000,0.08480000,89998.50000000,TUSDT
2022-05-01 14:00:00,0.08460000,0.08470000,0.08440000,0.08460000,275370.50000000,TUSDT
2022-05-01 15:00:00,0.08460000,0.08660000,0.08450000,0.08650000,837011.30000000,TUSDT
2022-05-01 16:00:00,0.08660000,0.08750000,0.08650000,0.08710000,617890.10000000,TUSDT
2022-05-01 17:00:00,0.08720000,0.08740000,0.08590000,0.08620000,1206209.80000000,TUSDT
2022-05-01 18:00:00,0.08620000,0.08620000,0.08500000,0.08510000,1269107.40000000,TUSDT
2022-05-01 19:00:00,0.08500000,0.08550000,0.08400000,0.08420000,809975.30000000,TUSDT
2022-05-01 20:00:00,0.08420000,0.08520000,0.08410000,0.08510000,429193.60000000,TUSDT
2022-05-01 21:00:00,0.08530000,0.08560000,0.08490000,0.08560000,772327.00000000,TUSDT
2022-05-01 22:00:00,0.08560000,0.08580000,0.08530000,0.08560000,109271.80000000,TUSDT
2022-05-01 23:00:00,0.08560000,0.08700000,0.08560000,0.08700000,566460.20000000,TUSDT
2022-05-02 00:00:00,0.08700000,0.08740000,0.08640000,0.08710000,1031902.60000000,TUSDT
2022-05-02 01:00:00,0.08710000,0.08720000,0.08650000,0.08660000,358167.40000000,TUSDT
2022-05-02 02:00:00,0.08650000,0.08650000,0.08570000,0.08600000,247004.40000000,TUSDT
2022-05-02 03:00:00,0.08610000,0.08630000,0.08610000,0.08630000,45775.20000000,TUSDT
2022-05-02 04:00:00,0.08620000,0.08680000,0.08570000,0.08680000,497026.10000000,TUSDT
2022-05-02 05:00:00,0.08680000,0.08700000,0.08680000,0.08690000,35602.30000000,TUSDT
2022-05-02 06:00:00,0.08690000,0.08740000,0.08690000,0.08710000,225836.80000000,TUSDT
2022-05-02 07:00:00,0.08700000,0.08710000,0.08660000,0.08660000,323102.50000000,TUSDT
2022-05-02 08:00:00,0.08660000,0.08660000,0.08580000,0.08580000,197236.80000000,TUSDT
2022-05-02 09:00:00,0.08580000,0.08620000,0.08560000,0.08570000,492997.00000000,TUSDT
2022-05-02 10:00:00,0.08570000,0.08830000,0.08400000,0.08460000,9989639.20000000,TUSDT
2022-05-02 11:00:00,0.08470000,0.08510000,0.08370000,0.08370000,3006590.40000000,TUSDT
2022-05-02 12:00:00,0.08380000,0.08480000,0.08380000,0.08420000,614993.70000000,TUSDT
2022-05-02 13:00:00,0.08430000,0.08600000,0.08430000,0.08530000,1248436.90000000,TUSDT
2022-05-02 14:00:00,0.08530000,0.08600000,0.08480000,0.08580000,605218.00000000,TUSDT
2022-05-02 15:00:00,0.08580000,0.08590000,0.08510000,0.08540000,204926.70000000,TUSDT
2022-05-02 16:00:00,0.08540000,0.08560000,0.08490000,0.08490000,148799.70000000,TUSDT
2022-05-02 17:00:00,0.08490000,0.08500000,0.08390000,0.08400000,275103.10000000,TUSDT
2022-05-02 18:00:00,0.08390000,0.08420000,0.08330000,0.08400000,656547.80000000,TUSDT
2022-05-02 19:00:00,0.08390000,0.08530000,0.08390000,0.08530000,1220063.20000000,TUSDT
2022-05-02 20:00:00,0.08520000,0.08530000,0.08490000,0.08490000,185833.80000000,TUSDT
2022-05-02 21:00:00,0.08490000,0.08550000,0.08490000,0.08510000,199712.10000000,TUSDT
2022-05-02 22:00:00,0.08520000,0.08560000,0.08430000,0.08530000,1717012.50000000,TUSDT
2022-05-02 23:00:00,0.08540000,0.08550000,0.08520000,0.08520000,81285.80000000,TUSDT
2022-05-03 00:00:00,0.08520000,0.08520000,0.08460000,0.08470000,142093.20000000,TUSDT
2022-05-03 01:00:00,0.08470000,0.08500000,0.08440000,0.08490000,137601.80000000,TUSDT
2022-05-03 02:00:00,0.08500000,0.08510000,0.08450000,0.08490000,640772.70000000,TUSDT
2022-05-03 03:00:00,0.08480000,0.08510000,0.08460000,0.08500000,726063.70000000,TUSDT
2022-05-03 04:00:00,0.08510000,0.08510000,0.08440000,0.08500000,810428.70000000,TUSDT
2022-05-03 05:00:00,0.08510000,0.08510000,0.08440000,0.08510000,909419.00000000,TUSDT
2022-05-03 06:00:00,0.08510000,0.08510000,0.08450000,0.08510000,812980.00000000,TUSDT
2022-05-03 07:00:00,0.08500000,0.08510000,0.08470000,0.08500000,82908.40000000,TUSDT
2022-05-03 08:00:00,0.08490000,0.08590000,0.08490000,0.08510000,486999.30000000,TUSDT
2022-05-03 09:00:00,0.08510000,0.08530000,0.08480000,0.08520000,238746.70000000,TUSDT
2022-05-03 10:00:00,0.08520000,0.08530000,0.08490000,0.08490000,70862.60000000,TUSDT
2022-05-03 11:00:00,0.08490000,0.08620000,0.08480000,0.08590000,2462701.30000000,TUSDT
2022-05-03 12:00:00,0.08580000,0.08620000,0.08550000,0.08550000,662400.70000000,TUSDT
2022-05-03 13:00:00,0.08550000,0.08570000,0.08480000,0.08490000,393459.20000000,TUSDT
2022-05-03 14:00:00,0.08510000,0.08570000,0.08480000,0.08530000,1772802.10000000,TUSDT
2022-05-03 15:00:00,0.08510000,0.08530000,0.08500000,0.08530000,204849.30000000,TUSDT
2022-05-03 16:00:00,0.08530000,0.08590000,0.08500000,0.08510000,1564078.40000000,TUSDT
2022-05-03 17:00:00,0.08500000,0.08510000,0.08470000,0.08490000,92243.10000000,TUSDT
2022-05-03 18:00:00,0.08490000,0.08490000,0.08330000,0.08350000,1268207.20000000,TUSDT
2022-05-03 19:00:00,0.08350000,0.08360000,0.08290000,0.08350000,492581.60000000,TUSDT
2022-05-03 20:00:00,0.08340000,0.08350000,0.08320000,0.08340000,42266.40000000,TUSDT
2022-05-03 21:00:00,0.08350000,0.08380000,0.08320000,0.08350000,535200.80000000,TUSDT
2022-05-03 22:00:00,0.08360000,0.08470000,0.08350000,0.08400000,995573.10000000,TUSDT
2022-05-03 23:00:00,0.08380000,0.08470000,0.08380000,0.08430000,820470.80000000,TUSDT
2022-05-04 00:00:00,0.08430000,0.08750000,0.08420000,0.08690000,3379664.80000000,TUSDT
2022-05-04 01:00:00,0.08690000,0.08950000,0.08620000,0.08690000,2146628.20000000,TUSDT
2022-05-04 02:00:00,0.08680000,0.08680000,0.08520000,0.08530000,1892183.60000000,TUSDT
2022-05-04 03:00:00,0.08520000,0.08660000,0.08520000,0.08520000,1148323.00000000,TUSDT
2022-05-04 04:00:00,0.08530000,0.08560000,0.08500000,0.08520000,818748.30000000,TUSDT
2022-05-04 05:00:00,0.08520000,0.08530000,0.08500000,0.08500000,93864.90000000,TUSDT
2022-05-04 06:00:00,0.08510000,0.08570000,0.08500000,0.08510000,375916.00000000,TUSDT
2022-05-04 07:00:00,0.08510000,0.08590000,0.08480000,0.08590000,832224.00000000,TUSDT
2022-05-04 08:00:00,0.08580000,0.08650000,0.08570000,0.08640000,289840.20000000,TUSDT
2022-05-04 09:00:00,0.08650000,0.08710000,0.08620000,0.08640000,727657.10000000,TUSDT
2022-05-04 10:00:00,0.08650000,0.08690000,0.08650000,0.08670000,235785.20000000,TUSDT
2022-05-04 11:00:00,0.08670000,0.08680000,0.08640000,0.08670000,756818.80000000,TUSDT
2022-05-04 12:00:00,0.08670000,0.08690000,0.08650000,0.08650000,324176.10000000,TUSDT
2022-05-04 13:00:00,0.08660000,0.08670000,0.08640000,0.08640000,165522.90000000,TUSDT
2022-05-04 14:00:00,0.08640000,0.08640000,0.08540000,0.08550000,687603.10000000,TUSDT
2022-05-04 15:00:00,0.08540000,0.08590000,0.08510000,0.08580000,382921.70000000,TUSDT
2022-05-04 16:00:00,0.08580000,0.08640000,0.08550000,0.08620000,352550.90000000,TUSDT
2022-05-04 17:00:00,0.08630000,0.08630000,0.08550000,0.08600000,401110.30000000,TUSDT
2022-05-04 18:00:00,0.08610000,0.08860000,0.08550000,0.08820000,1575010.50000000,TUSDT
2022-05-04 19:00:00,0.08830000,0.08880000,0.08810000,0.08840000,1174061.60000000,TUSDT
2022-05-04 20:00:00,0.08860000,0.08930000,0.08820000,0.08910000,890446.70000000,TUSDT
2022-05-04 21:00:00,0.08910000,0.08960000,0.08880000,0.08880000,224282.40000000,TUSDT
2022-05-04 22:00:00,0.08880000,0.08940000,0.08880000,0.08920000,1020176.30000000,TUSDT
2022-05-04 23:00:00,0.08920000,0.09110000,0.08900000,0.08950000,1336771.30000000,TUSDT
2022-05-05 00:00:00,0.08950000,0.09050000,0.08880000,0.09050000,1523420.20000000,TUSDT
2022-05-05 01:00:00,0.09040000,0.09100000,0.08970000,0.08980000,450396.40000000,TUSDT
2022-05-05 02:00:00,0.09000000,0.09040000,0.08950000,0.09030000,1109486.60000000,TUSDT
2022-05-05 03:00:00,0.09020000,0.09110000,0.09010000,0.09060000,1298647.60000000,TUSDT
2022-05-05 04:00:00,0.09060000,0.09060000,0.08990000,0.09010000,214975.70000000,TUSDT
2022-05-05 05:00:00,0.09010000,0.09010000,0.08900000,0.08900000,502256.20000000,TUSDT
2022-05-05 06:00:00,0.08890000,0.08930000,0.08890000,0.08910000,527156.50000000,TUSDT
2022-05-05 07:00:00,0.08900000,0.08940000,0.08880000,0.08890000,427075.90000000,TUSDT
2022-05-05 08:00:00,0.08880000,0.08880000,0.08820000,0.08820000,243642.00000000,TUSDT
2022-05-05 09:00:00,0.08830000,0.08860000,0.08810000,0.08830000,224517.90000000,TUSDT
2022-05-05 10:00:00,0.08840000,0.08910000,0.08820000,0.08890000,211475.60000000,TUSDT
2022-05-05 11:00:00,0.08890000,0.08940000,0.08880000,0.08900000,333985.00000000,TUSDT
2022-05-05 12:00:00,0.08890000,0.08920000,0.08860000,0.08900000,329434.10000000,TUSDT
2022-05-05 13:00:00,0.08890000,0.08930000,0.08750000,0.08800000,1264366.10000000,TUSDT
2022-05-05 14:00:00,0.08800000,0.08800000,0.08520000,0.08550000,759289.30000000,TUSDT
2022-05-05 15:00:00,0.08550000,0.08570000,0.08130000,0.08230000,3088051.90000000,TUSDT
2022-05-05 16:00:00,0.08240000,0.08320000,0.08190000,0.08250000,1468294.60000000,TUSDT
2022-05-05 17:00:00,0.08250000,0.08250000,0.08160000,0.08190000,164800.20000000,TUSDT
2022-05-05 18:00:00,0.08170000,0.08180000,0.08100000,0.08130000,769717.60000000,TUSDT
2022-05-05 19:00:00,0.08140000,0.08140000,0.08040000,0.08100000,1699888.60000000,TUSDT
2022-05-05 20:00:00,0.08100000,0.08200000,0.08060000,0.08200000,456799.60000000,TUSDT
2022-05-05 21:00:00,0.08190000,0.08200000,0.08160000,0.08200000,237601.30000000,TUSDT
2022-05-05 22:00:00,0.08210000,0.08210000,0.08080000,0.08080000,359302.20000000,TUSDT
2022-05-05 23:00:00,0.08090000,0.08260000,0.08090000,0.08160000,901087.40000000,TUSDT
2022-05-06 00:00:00,0.08160000,0.08180000,0.07930000,0.07970000,1127626.20000000,TUSDT
2022-05-06 01:00:00,0.07980000,0.08090000,0.07980000,0.08090000,2338969.50000000,TUSDT
2022-05-06 02:00:00,0.08090000,0.08120000,0.08090000,0.08090000,141313.60000000,TUSDT
2022-05-06 03:00:00,0.08090000,0.08120000,0.08070000,0.08110000,419044.90000000,TUSDT
2022-05-06 04:00:00,0.08110000,0.08110000,0.08070000,0.08090000,289240.60000000,TUSDT
2022-05-06 05:00:00,0.08100000,0.08130000,0.08050000,0.08080000,778336.80000000,TUSDT
2022-05-06 06:00:00,0.08080000,0.08130000,0.08080000,0.08110000,346852.50000000,TUSDT
2022-05-06 07:00:00,0.08100000,0.08130000,0.07980000,0.08060000,1120451.10000000,TUSDT
2022-05-06 08:00:00,0.08060000,0.08070000,0.07990000,0.08020000,497448.10000000,TUSDT
2022-05-06 09:00:00,0.08020000,0.08050000,0.08000000,0.08030000,159778.70000000,TUSDT
2022-05-06 10:00:00,0.08040000,0.08040000,0.07920000,0.07940000,758855.60000000,TUSDT
2022-05-06 11:00:00,0.07930000,0.07960000,0.07880000,0.07900000,1347888.60000000,TUSDT
2022-05-06 12:00:00,0.07900000,0.08020000,0.07880000,0.07920000,552214.60000000,TUSDT
2022-05-06 13:00:00,0.07910000,0.07970000,0.07840000,0.07870000,1470372.30000000,TUSDT
2022-05-06 14:00:00,0.07870000,0.07980000,0.07860000,0.07940000,547259.00000000,TUSDT
2022-05-06 15:00:00,0.07960000,0.08120000,0.07960000,0.07990000,663963.10000000,TUSDT
2022-05-06 16:00:00,0.08000000,0.08040000,0.07980000,0.08010000,350717.60000000,TUSDT
2022-05-06 17:00:00,0.08010000,0.08050000,0.08000000,0.08010000,236515.80000000,TUSDT
2022-05-06 18:00:00,0.08010000,0.08060000,0.08000000,0.08060000,113578.10000000,TUSDT
2022-05-06 19:00:00,0.08060000,0.08110000,0.08040000,0.08090000,195039.20000000,TUSDT
2022-05-06 20:00:00,0.08080000,0.08100000,0.08040000,0.08100000,297507.50000000,TUSDT
2022-05-06 21:00:00,0.08100000,0.08100000,0.08040000,0.08040000,287604.90000000,TUSDT
2022-05-06 22:00:00,0.08040000,0.08080000,0.08010000,0.08070000,981483.10000000,TUSDT
2022-05-06 23:00:00,0.08070000,0.08080000,0.08030000,0.08030000,137626.30000000,TUSDT
2022-05-07 00:00:00,0.08040000,0.08230000,0.08010000,0.08040000,2742944.40000000,TUSDT
2022-05-07 01:00:00,0.08030000,0.08030000,0.07960000,0.08000000,374299.40000000,TUSDT
2022-05-07 02:00:00,0.08000000,0.08000000,0.07930000,0.07950000,515053.70000000,TUSDT
2022-05-07 03:00:00,0.07950000,0.07950000,0.07910000,0.07930000,359884.40000000,TUSDT
2022-05-07 04:00:00,0.07920000,0.08000000,0.07890000,0.07920000,1151698.20000000,TUSDT
2022-05-07 05:00:00,0.07910000,0.07940000,0.07910000,0.07920000,193679.80000000,TUSDT
2022-05-07 06:00:00,0.07930000,0.07950000,0.07880000,0.07890000,319123.30000000,TUSDT
2022-05-07 07:00:00,0.07880000,0.07990000,0.07880000,0.07980000,466180.60000000,TUSDT
2022-05-07 08:00:00,0.07980000,0.08000000,0.07940000,0.07990000,358039.60000000,TUSDT
2022-05-07 09:00:00,0.07980000,0.08000000,0.07980000,0.07990000,80769.50000000,TUSDT
2022-05-07 10:00:00,0.07990000,0.08040000,0.07970000,0.08040000,373245.40000000,TUSDT
2022-05-07 11:00:00,0.08050000,0.08050000,0.08000000,0.08010000,238328.70000000,TUSDT
2022-05-07 12:00:00,0.08020000,0.08020000,0.07960000,0.07980000,183158.40000000,TUSDT
2022-05-07 13:00:00,0.07980000,0.08000000,0.07960000,0.07990000,251920.60000000,TUSDT
2022-05-07 14:00:00,0.07980000,0.08000000,0.07950000,0.08000000,188065.40000000,TUSDT
2022-05-07 15:00:00,0.07990000,0.08040000,0.07980000,0.08000000,221952.40000000,TUSDT
2022-05-07 16:00:00,0.08000000,0.08000000,0.07960000,0.07970000,37016.00000000,TUSDT
2022-05-07 17:00:00,0.07970000,0.08000000,0.07950000,0.07980000,156051.00000000,TUSDT
2022-05-07 18:00:00,0.07990000,0.08010000,0.07970000,0.07970000,150023.30000000,TUSDT
2022-05-07 19:00:00,0.07980000,0.07990000,0.07970000,0.07970000,40010.80000000,TUSDT
2022-05-07 20:00:00,0.07970000,0.08000000,0.07930000,0.07970000,240740.60000000,TUSDT
2022-05-07 21:00:00,0.07970000,0.07970000,0.07820000,0.07820000,502007.80000000,TUSDT
2022-05-07 22:00:00,0.07830000,0.07850000,0.07650000,0.07710000,1117531.80000000,TUSDT
2022-05-07 23:00:00,0.07720000,0.07900000,0.07720000,0.07820000,662245.20000000,TUSDT
2022-05-08 00:00:00,0.07840000,0.07850000,0.07730000,0.07750000,472899.10000000,TUSDT
2022-05-08 01:00:00,0.07750000,0.07770000,0.07640000,0.07650000,1107128.40000000,TUSDT
2022-05-08 02:00:00,0.07640000,0.07660000,0.07580000,0.07630000,878527.30000000,TUSDT
2022-05-08 03:00:00,0.07630000,0.07630000,0.07500000,0.07560000,624405.10000000,TUSDT
2022-05-08 04:00:00,0.07570000,0.07630000,0.07560000,0.07590000,201088.90000000,TUSDT
2022-05-08 05:00:00,0.07590000,0.07590000,0.07530000,0.07560000,207352.70000000,TUSDT
2022-05-08 06:00:00,0.07560000,0.07630000,0.07560000,0.07630000,120270.80000000,TUSDT
2022-05-08 07:00:00,0.07630000,0.07640000,0.07590000,0.07600000,202660.50000000,TUSDT
2022-05-08 08:00:00,0.07600000,0.07630000,0.07580000,0.07610000,154032.20000000,TUSDT
2022-05-08 09:00:00,0.07610000,0.07620000,0.07590000,0.07590000,147466.30000000,TUSDT
2022-05-08 10:00:00,0.07590000,0.07690000,0.07580000,0.07650000,414952.70000000,TUSDT
2022-05-08 11:00:00,0.07650000,0.07700000,0.07640000,0.07670000,258326.00000000,TUSDT
2022-05-08 12:00:00,0.07680000,0.07700000,0.07630000,0.07650000,160091.40000000,TUSDT
2022-05-08 13:00:00,0.07650000,0.07650000,0.07540000,0.07560000,454099.10000000,TUSDT
2022-05-08 14:00:00,0.07550000,0.07590000,0.07480000,0.07520000,2450387.50000000,TUSDT
2022-05-08 15:00:00,0.07520000,0.07550000,0.07490000,0.07520000,2447554.70000000,TUSDT
2022-05-08 16:00:00,0.07520000,0.07530000,0.07500000,0.07510000,1553192.70000000,TUSDT
2022-05-08 17:00:00,0.07510000,0.07510000,0.07370000,0.07430000,886113.40000000,TUSDT
2022-05-08 18:00:00,0.07440000,0.07530000,0.07400000,0.07510000,642106.10000000,TUSDT
2022-05-08 19:00:00,0.07520000,0.07560000,0.07510000,0.07560000,669831.60000000,TUSDT
2022-05-08 20:00:00,0.07550000,0.07550000,0.07490000,0.07510000,454444.90000000,TUSDT
2022-05-08 21:00:00,0.07510000,0.07600000,0.07510000,0.07590000,706432.00000000,TUSDT
2022-05-08 22:00:00,0.07590000,0.07590000,0.07480000,0.07530000,375316.60000000,TUSDT
2022-05-08 23:00:00,0.07520000,0.07530000,0.07440000,0.07480000,158171.90000000,TUSDT
2022-05-09 00:00:00,0.07500000,0.07510000,0.07450000,0.07510000,222891.40000000,TUSDT
2022-05-09 01:00:00,0.07510000,0.07550000,0.07440000,0.07440000,448823.70000000,TUSDT
2022-05-09 02:00:00,0.07420000,0.07420000,0.07200000,0.07200000,1455632.20000000,TUSDT
2022-05-09 03:00:00,0.07220000,0.07290000,0.07200000,0.07280000,454300.90000000,TUSDT
2022-05-09 04:00:00,0.07280000,0.07280000,0.07240000,0.07240000,193371.60000000,TUSDT
2022-05-09 05:00:00,0.07250000,0.07270000,0.07210000,0.07210000,262494.70000000,TUSDT
2022-05-09 06:00:00,0.07220000,0.07220000,0.07140000,0.07180000,641978.30000000,TUSDT
2022-05-09 07:00:00,0.07200000,0.07260000,0.07190000,0.07220000,336770.20000000,TUSDT
2022-05-09 08:00:00,0.07230000,0.07230000,0.07050000,0.07180000,1498381.10000000,TUSDT
2022-05-09 09:00:00,0.07180000,0.07180000,0.07120000,0.07120000,258525.50000000,TUSDT
2022-05-09 10:00:00,0.07130000,0.07130000,0.06820000,0.06840000,1536401.90000000,TUSDT
2022-05-09 11:00:00,0.06840000,0.06930000,0.06830000,0.06920000,966309.00000000,TUSDT
2022-05-09 12:00:00,0.06930000,0.06930000,0.06850000,0.06850000,487963.00000000,TUSDT
2022-05-09 13:00:00,0.06860000,0.06960000,0.06850000,0.06920000,1732668.30000000,TUSDT
2022-05-09 14:00:00,0.06910000,0.06930000,0.06800000,0.06840000,817106.60000000,TUSDT
2022-05-09 15:00:00,0.06810000,0.06840000,0.06720000,0.06770000,1198818.40000000,TUSDT
2022-05-09 16:00:00,0.06760000,0.06790000,0.06600000,0.06620000,1040359.70000000,TUSDT
2022-05-09 17:00:00,0.06620000,0.06630000,0.06310000,0.06560000,3931572.50000000,TUSDT
2022-05-09 18:00:00,0.06550000,0.06560000,0.06190000,0.06390000,4118776.90000000,TUSDT
2022-05-09 19:00:00,0.06380000,0.06380000,0.06260000,0.06360000,1154552.70000000,TUSDT
2022-05-09 20:00:00,0.06370000,0.06530000,0.06350000,0.06420000,737818.00000000,TUSDT
2022-05-09 21:00:00,0.06440000,0.06490000,0.06380000,0.06410000,494746.80000000,TUSDT
2022-05-09 22:00:00,0.06410000,0.06460000,0.06360000,0.06420000,389440.50000000,TUSDT
2022-05-09 23:00:00,0.06420000,0.06420000,0.06090000,0.06190000,2249632.50000000,TUSDT
2022-05-10 00:00:00,0.06190000,0.06200000,0.05780000,0.06190000,4950894.10000000,TUSDT
2022-05-10 01:00:00,0.06180000,0.06290000,0.06150000,0.06200000,1268639.40000000,TUSDT
2022-05-10 02:00:00,0.06190000,0.06330000,0.06140000,0.06240000,966989.00000000,TUSDT
2022-05-10 03:00:00,0.06230000,0.06260000,0.06070000,0.06070000,1086456.30000000,TUSDT
2022-05-10 04:00:00,0.06070000,0.06260000,0.06020000,0.06260000,834310.20000000,TUSDT
2022-05-10 05:00:00,0.06270000,0.06590000,0.06270000,0.06590000,1463972.80000000,TUSDT
2022-05-10 06:00:00,0.06600000,0.06730000,0.06520000,0.06560000,4124134.10000000,TUSDT
2022-05-10 07:00:00,0.06560000,0.06570000,0.06450000,0.06460000,724090.20000000,TUSDT
2022-05-10 08:00:00,0.06460000,0.06640000,0.06460000,0.06550000,1760824.80000000,TUSDT
2022-05-10 09:00:00,0.06540000,0.06600000,0.06420000,0.06440000,584793.20000000,TUSDT
2022-05-10 10:00:00,0.06420000,0.06480000,0.06400000,0.06420000,503223.90000000,TUSDT
2022-05-10 11:00:00,0.06420000,0.06570000,0.06420000,0.06570000,712213.60000000,TUSDT
2022-05-10 12:00:00,0.06570000,0.06700000,0.06540000,0.06680000,1126676.20000000,TUSDT
2022-05-10 13:00:00,0.06680000,0.06760000,0.06580000,0.06620000,513765.20000000,TUSDT
2022-05-10 14:00:00,0.06620000,0.06690000,0.06330000,0.06420000,615334.10000000,TUSDT
2022-05-10 15:00:00,0.06410000,0.06440000,0.06260000,0.06410000,894583.10000000,TUSDT
2022-05-10 16:00:00,0.06410000,0.06460000,0.06340000,0.06400000,290493.50000000,TUSDT
2022-05-10 17:00:00,0.06400000,0.06550000,0.06400000,0.06540000,480855.10000000,TUSDT
2022-05-10 18:00:00,0.06530000,0.06540000,0.06430000,0.06480000,220419.70000000,TUSDT
2022-05-10 19:00:00,0.06490000,0.06490000,0.06450000,0.06470000,360749.40000000,TUSDT
2022-05-10 20:00:00,0.06460000,0.06490000,0.06430000,0.06430000,435171.20000000,TUSDT
2022-05-10 21:00:00,0.06430000,0.06440000,0.06080000,0.06100000,604708.00000000,TUSDT
2022-05-10 22:00:00,0.06100000,0.06220000,0.06070000,0.06190000,464358.60000000,TUSDT
2022-05-10 23:00:00,0.06200000,0.06330000,0.06190000,0.06270000,549288.40000000,TUSDT
2022-05-11 00:00:00,0.06260000,0.06320000,0.06190000,0.06290000,625448.20000000,TUSDT
2022-05-11 01:00:00,0.06280000,0.06280000,0.06150000,0.06160000,340446.80000000,TUSDT
2022-05-11 02:00:00,0.06140000,0.06280000,0.06120000,0.06270000,305060.80000000,TUSDT
2022-05-11 03:00:00,0.06270000,0.06290000,0.06170000,0.06210000,287701.20000000,TUSDT
2022-05-11 04:00:00,0.06210000,0.06210000,0.06120000,0.06140000,797648.90000000,TUSDT
2022-05-11 05:00:00,0.06140000,0.06230000,0.06130000,0.06150000,1254881.40000000,TUSDT
2022-05-11 06:00:00,0.06150000,0.06150000,0.05710000,0.05820000,2168721.70000000,TUSDT
2022-05-11 07:00:00,0.05810000,0.05930000,0.05590000,0.05670000,3317507.90000000,TUSDT
2022-05-11 08:00:00,0.05670000,0.05900000,0.05670000,0.05900000,1205385.80000000,TUSDT
2022-05-11 09:00:00,0.05890000,0.06050000,0.05790000,0.06010000,1600158.90000000,TUSDT
2022-05-11 10:00:00,0.06010000,0.06060000,0.05920000,0.05940000,906154.10000000,TUSDT
2022-05-11 11:00:00,0.05930000,0.05960000,0.05740000,0.05740000,1882060.90000000,TUSDT
2022-05-11 12:00:00,0.05730000,0.05880000,0.04900000,0.04930000,2471116.40000000,TUSDT
2022-05-11 13:00:00,0.04930000,0.05500000,0.04910000,0.05350000,3057526.90000000,TUSDT
2022-05-11 14:00:00,0.05340000,0.05450000,0.05130000,0.05290000,3154643.60000000,TUSDT
2022-05-11 15:00:00,0.05290000,0.05290000,0.05090000,0.05170000,2102185.40000000,TUSDT
2022-05-11 16:00:00,0.05120000,0.05160000,0.04940000,0.04960000,1597483.20000000,TUSDT
2022-05-11 17:00:00,0.04940000,0.05050000,0.04820000,0.04870000,910842.20000000,TUSDT
2022-05-11 18:00:00,0.04860000,0.05060000,0.04840000,0.05020000,1140080.30000000,TUSDT
2022-05-11 19:00:00,0.05020000,0.05030000,0.04780000,0.04860000,1077650.20000000,TUSDT
2022-05-11 20:00:00,0.04870000,0.04890000,0.04580000,0.04590000,737007.80000000,TUSDT
2022-05-11 21:00:00,0.04600000,0.04750000,0.04500000,0.04650000,2157835.80000000,TUSDT
2022-05-11 22:00:00,0.04660000,0.04820000,0.04630000,0.04750000,1213897.30000000,TUSDT
2022-05-11 23:00:00,0.04760000,0.04920000,0.04730000,0.04750000,696163.60000000,TUSDT
2022-05-12 00:00:00,0.04770000,0.04930000,0.04760000,0.04910000,1439740.10000000,TUSDT
2022-05-12 01:00:00,0.04910000,0.04940000,0.04750000,0.04750000,911542.70000000,TUSDT
2022-05-12 02:00:00,0.04760000,0.04770000,0.04540000,0.04540000,2524984.60000000,TUSDT
2022-05-12 03:00:00,0.04540000,0.04540000,0.04170000,0.04180000,3230599.70000000,TUSDT
2022-05-12 04:00:00,0.04180000,0.04250000,0.03860000,0.03980000,5083777.70000000,TUSDT
2022-05-12 05:00:00,0.04000000,0.04000000,0.03700000,0.03800000,4199475.20000000,TUSDT
2022-05-12 06:00:00,0.03800000,0.03990000,0.03800000,0.03870000,2179157.80000000,TUSDT
2022-05-12 07:00:00,0.03870000,0.04010000,0.03700000,0.03960000,2293789.80000000,TUSDT
2022-05-12 08:00:00,0.03960000,0.03990000,0.03870000,0.03930000,1017001.10000000,TUSDT
2022-05-12 09:00:00,0.03930000,0.03960000,0.03850000,0.03910000,1317159.30000000,TUSDT
2022-05-12 10:00:00,0.03900000,0.04100000,0.03850000,0.04080000,1734594.70000000,TUSDT
2022-05-12 11:00:00,0.04080000,0.04140000,0.03770000,0.03990000,3704356.00000000,TUSDT
2022-05-12 12:00:00,0.03970000,0.04000000,0.03870000,0.03990000,921924.40000000,TUSDT
2022-05-12 13:00:00,0.04000000,0.04030000,0.03810000,0.03910000,2511062.00000000,TUSDT
2022-05-12 14:00:00,0.03880000,0.04100000,0.03860000,0.04080000,1102166.40000000,TUSDT
2022-05-12 15:00:00,0.04080000,0.04210000,0.04070000,0.04070000,1140927.50000000,TUSDT
2022-05-12 16:00:00,0.04070000,0.04270000,0.04040000,0.04250000,943387.10000000,TUSDT
2022-05-12 17:00:00,0.04250000,0.04280000,0.04180000,0.04180000,391762.60000000,TUSDT
2022-05-12 18:00:00,0.04170000,0.04220000,0.04010000,0.04070000,295409.70000000,TUSDT
2022-05-12 19:00:00,0.04090000,0.04140000,0.04050000,0.04090000,292734.10000000,TUSDT
2022-05-12 20:00:00,0.04090000,0.04090000,0.04030000,0.04040000,561320.10000000,TUSDT
2022-05-12 21:00:00,0.04040000,0.04040000,0.03870000,0.03940000,2008685.00000000,TUSDT
2022-05-12 22:00:00,0.03920000,0.03960000,0.03880000,0.03950000,499155.20000000,TUSDT
2022-05-12 23:00:00,0.03960000,0.04140000,0.03950000,0.04050000,1500744.90000000,TUSDT
2022-05-13 00:00:00,0.04050000,0.04140000,0.04000000,0.04140000,810922.50000000,TUSDT
2022-05-13 01:00:00,0.04140000,0.04210000,0.04100000,0.04120000,644067.00000000,TUSDT
2022-05-13 02:00:00,0.04120000,0.04270000,0.04120000,0.04270000,1028004.10000000,TUSDT
2022-05-13 03:00:00,0.04270000,0.06900000,0.04260000,0.04500000,8314228.00000000,TUSDT
2022-05-13 04:00:00,0.04500000,0.04500000,0.04420000,0.04430000,1988970.80000000,TUSDT
2022-05-13 05:00:00,0.04440000,0.04660000,0.04430000,0.04580000,3461112.10000000,TUSDT
2022-05-13 06:00:00,0.04570000,0.04590000,0.04520000,0.04540000,2052765.30000000,TUSDT
2022-05-13 07:00:00,0.04540000,0.04560000,0.04430000,0.04440000,2486410.80000000,TUSDT
2022-05-13 08:00:00,0.04430000,0.04500000,0.04410000,0.04480000,1631658.20000000,TUSDT
2022-05-13 09:00:00,0.04490000,0.04580000,0.04480000,0.04530000,1427753.50000000,TUSDT
2022-05-13 10:00:00,0.04530000,0.04550000,0.04460000,0.04550000,875976.00000000,TUSDT
2022-05-13 11:00:00,0.04560000,0.04630000,0.04540000,0.04630000,827941.70000000,TUSDT
2022-05-13 12:00:00,0.04620000,0.04690000,0.04620000,0.04640000,796799.50000000,TUSDT
2022-05-13 13:00:00,0.04650000,0.04670000,0.04530000,0.04670000,945475.20000000,TUSDT
2022-05-13 14:00:00,0.04670000,0.04720000,0.04610000,0.04680000,1365789.90000000,TUSDT
2022-05-13 15:00:00,0.04670000,0.04690000,0.04520000,0.04550000,1884640.80000000,TUSDT
2022-05-13 16:00:00,0.04550000,0.04600000,0.04400000,0.04460000,1011402.10000000,TUSDT
2022-05-13 17:00:00,0.04460000,0.04540000,0.04440000,0.04520000,321816.00000000,TUSDT
2022-05-13 18:00:00,0.04520000,0.04520000,0.04450000,0.04500000,115002.40000000,TUSDT
2022-05-13 19:00:00,0.04510000,0.04550000,0.04500000,0.04520000,58112.20000000,TUSDT
2022-05-13 20:00:00,0.04530000,0.04530000,0.04480000,0.04520000,349861.00000000,TUSDT
2022-05-13 21:00:00,0.04510000,0.04560000,0.04460000,0.04520000,651975.20000000,TUSDT
2022-05-13 22:00:00,0.04520000,0.04610000,0.04500000,0.04550000,1014071.90000000,TUSDT
2022-05-13 23:00:00,0.04550000,0.04610000,0.04470000,0.04470000,636786.70000000,TUSDT
2022-05-14 00:00:00,0.04470000,0.04830000,0.04440000,0.04620000,12531489.20000000,TUSDT
2022-05-14 01:00:00,0.04600000,0.04760000,0.04590000,0.04710000,823494.60000000,TUSDT
2022-05-14 02:00:00,0.04720000,0.04770000,0.04680000,0.04690000,1598613.50000000,TUSDT
2022-05-14 03:00:00,0.04690000,0.04710000,0.04660000,0.04690000,1149377.40000000,TUSDT
2022-05-14 04:00:00,0.04670000,0.04690000,0.04530000,0.04530000,1169978.00000000,TUSDT
2022-05-14 05:00:00,0.04550000,0.04640000,0.04540000,0.04620000,1278590.90000000,TUSDT
2022-05-14 06:00:00,0.04620000,0.04650000,0.04600000,0.04650000,169357.80000000,TUSDT
2022-05-14 07:00:00,0.04650000,0.04720000,0.04640000,0.04690000,405514.90000000,TUSDT
2022-05-14 08:00:00,0.04690000,0.04690000,0.04640000,0.04660000,219878.10000000,TUSDT
2022-05-14 09:00:00,0.04660000,0.04690000,0.04590000,0.04610000,406415.80000000,TUSDT
2022-05-14 10:00:00,0.04610000,0.04610000,0.04390000,0.04470000,5647212.20000000,TUSDT
2022-05-14 11:00:00,0.04480000,0.04510000,0.04360000,0.04400000,2637277.70000000,TUSDT
2022-05-14 12:00:00,0.04400000,0.04490000,0.04400000,0.04450000,820080.60000000,TUSDT
2022-05-14 13:00:00,0.04450000,0.04450000,0.04350000,0.04360000,834713.60000000,TUSDT
2022-05-14 14:00:00,0.04350000,0.04390000,0.04280000,0.04360000,1719483.80000000,TUSDT
2022-05-14 15:00:00,0.04360000,0.04390000,0.04350000,0.04360000,515085.80000000,TUSDT
2022-05-14 16:00:00,0.04350000,0.04450000,0.04340000,0.04450000,430587.10000000,TUSDT
2022-05-14 17:00:00,0.04440000,0.04510000,0.04440000,0.04500000,676495.20000000,TUSDT
2022-05-14 18:00:00,0.04510000,0.04550000,0.04500000,0.04510000,301011.50000000,TUSDT
2022-05-14 19:00:00,0.04510000,0.04510000,0.04470000,0.04480000,399590.40000000,TUSDT
2022-05-14 20:00:00,0.04480000,0.04540000,0.04470000,0.04490000,616961.10000000,TUSDT
2022-05-14 21:00:00,0.04500000,0.04580000,0.04490000,0.04540000,1572417.20000000,TUSDT
2022-05-14 22:00:00,0.04550000,0.04660000,0.04540000,0.04660000,843873.20000000,TUSDT
2022-05-14 23:00:00,0.04660000,0.04680000,0.04610000,0.04670000,775106.80000000,TUSDT
2022-05-15 00:00:00,0.04660000,0.04730000,0.04610000,0.04630000,1685770.80000000,TUSDT
2022-05-15 01:00:00,0.04630000,0.04640000,0.04590000,0.04630000,933305.20000000,TUSDT
2022-05-15 02:00:00,0.04640000,0.04660000,0.04570000,0.04570000,443779.10000000,TUSDT
2022-05-15 03:00:00,0.04570000,0.04600000,0.04550000,0.04580000,1538581.50000000,TUSDT
2022-05-15 04:00:00,0.04570000,0.04610000,0.04570000,0.04590000,388577.20000000,TUSDT
2022-05-15 05:00:00,0.04590000,0.04660000,0.04560000,0.04620000,3250503.20000000,TUSDT
2022-05-15 06:00:00,0.04620000,0.04680000,0.04610000,0.04670000,566902.30000000,TUSDT
2022-05-15 07:00:00,0.04680000,0.04710000,0.04600000,0.04610000,2093860.10000000,TUSDT
2022-05-15 08:00:00,0.04610000,0.05530000,0.04540000,0.04600000,6221533.80000000,TUSDT
2022-05-15 09:00:00,0.04580000,0.04740000,0.04530000,0.04670000,3648783.80000000,TUSDT
2022-05-15 10:00:00,0.04680000,0.04680000,0.04640000,0.04670000,245545.60000000,TUSDT
2022-05-15 11:00:00,0.04700000,0.04810000,0.04700000,0.04770000,2488558.00000000,TUSDT
2022-05-15 12:00:00,0.04770000,0.04800000,0.04720000,0.04720000,1870134.40000000,TUSDT
2022-05-15 13:00:00,0.04730000,0.04780000,0.04700000,0.04700000,1084407.90000000,TUSDT
2022-05-15 14:00:00,0.04710000,0.04710000,0.04630000,0.04690000,906449.00000000,TUSDT
2022-05-15 15:00:00,0.04690000,0.04750000,0.04690000,0.04690000,749050.00000000,TUSDT
2022-05-15 16:00:00,0.04700000,0.04760000,0.04700000,0.04750000,606992.80000000,TUSDT
2022-05-15 17:00:00,0.04760000,0.04890000,0.04750000,0.04820000,2911685.20000000,TUSDT
2022-05-15 18:00:00,0.04830000,0.04830000,0.04690000,0.04700000,2965084.60000000,TUSDT
2022-05-15 19:00:00,0.04700000,0.04730000,0.04700000,0.04720000,691019.30000000,TUSDT
2022-05-15 20:00:00,0.04720000,0.04810000,0.04700000,0.04810000,801903.30000000,TUSDT
2022-05-15 21:00:00,0.04810000,0.04870000,0.04800000,0.04870000,397609.00000000,TUSDT
2022-05-15 22:00:00,0.04870000,0.04920000,0.04850000,0.04880000,472339.10000000,TUSDT
2022-05-15 23:00:00,0.04870000,0.04940000,0.04870000,0.04910000,1165972.50000000,TUSDT
2022-05-16 00:00:00,0.04920000,0.05380000,0.04880000,0.04900000,4647986.80000000,TUSDT
2022-05-16 01:00:00,0.04900000,0.04900000,0.04800000,0.04830000,368323.30000000,TUSDT
2022-05-16 02:00:00,0.04830000,0.04830000,0.04760000,0.04790000,121500.10000000,TUSDT
2022-05-16 03:00:00,0.04800000,0.04800000,0.04750000,0.04770000,188319.20000000,TUSDT
2022-05-16 04:00:00,0.04750000,0.05080000,0.04740000,0.04990000,4990205.60000000,TUSDT
2022-05-16 05:00:00,0.04970000,0.05040000,0.04900000,0.04900000,2701735.20000000,TUSDT
2022-05-16 06:00:00,0.04900000,0.04910000,0.04660000,0.04700000,1621278.90000000,TUSDT
2022-05-16 07:00:00,0.04700000,0.04760000,0.04660000,0.04750000,1444362.80000000,TUSDT
2022-05-16 08:00:00,0.04740000,0.04800000,0.04730000,0.04770000,608618.20000000,TUSDT
2022-05-16 09:00:00,0.04770000,0.04770000,0.04640000,0.04660000,1035609.50000000,TUSDT
2022-05-16 10:00:00,0.04650000,0.04770000,0.04630000,0.04750000,597029.40000000,TUSDT
2022-05-16 11:00:00,0.04760000,0.04760000,0.04700000,0.04710000,139323.00000000,TUSDT
2022-05-16 12:00:00,0.04710000,0.04750000,0.04660000,0.04710000,501238.00000000,TUSDT
2022-05-16 13:00:00,0.04710000,0.04740000,0.04630000,0.04650000,697626.80000000,TUSDT
2022-05-16 14:00:00,0.04640000,0.04680000,0.04610000,0.04610000,615908.00000000,TUSDT
2022-05-16 15:00:00,0.04610000,0.04660000,0.04590000,0.04640000,504940.20000000,TUSDT
2022-05-16 16:00:00,0.04640000,0.04640000,0.04610000,0.04620000,185281.20000000,TUSDT
2022-05-16 17:00:00,0.04620000,0.04670000,0.04620000,0.04650000,297450.90000000,TUSDT
2022-05-16 18:00:00,0.04670000,0.04710000,0.04670000,0.04700000,543446.70000000,TUSDT
2022-05-16 19:00:00,0.04700000,0.04710000,0.04690000,0.04710000,396211.70000000,TUSDT
2022-05-16 20:00:00,0.04700000,0.04890000,0.04700000,0.04880000,1359963.40000000,TUSDT
2022-05-16 21:00:00,0.04850000,0.05050000,0.04790000,0.04980000,1792416.70000000,TUSDT
2022-05-16 22:00:00,0.04970000,0.05050000,0.04780000,0.04860000,1821323.00000000,TUSDT
2022-05-16 23:00:00,0.04860000,0.04960000,0.04830000,0.04870000,1581695.20000000,TUSDT
2022-05-17 00:00:00,0.04870000,0.04920000,0.04860000,0.04900000,1266021.30000000,TUSDT
2022-05-17 01:00:00,0.04900000,0.04920000,0.04850000,0.04900000,1407944.30000000,TUSDT
2022-05-17 02:00:00,0.04910000,0.04960000,0.04900000,0.04930000,1070566.10000000,TUSDT
2022-05-17 03:00:00,0.04930000,0.04980000,0.04910000,0.04980000,601227.90000000,TUSDT
2022-05-17 04:00:00,0.04980000,0.04980000,0.04950000,0.04970000,378984.50000000,TUSDT
2022-05-17 05:00:00,0.04960000,0.04970000,0.04920000,0.04970000,336836.40000000,TUSDT
2022-05-17 06:00:00,0.04960000,0.04980000,0.04940000,0.04980000,186437.90000000,TUSDT
2022-05-17 07:00:00,0.04980000,0.04980000,0.04910000,0.04910000,837829.00000000,TUSDT
2022-05-17 08:00:00,0.04930000,0.05020000,0.04920000,0.05010000,1121594.00000000,TUSDT
2022-05-17 09:00:00,0.04990000,0.05000000,0.04980000,0.04980000,525849.70000000,TUSDT
2022-05-17 10:00:00,0.04980000,0.04990000,0.04970000,0.04970000,208292.40000000,TUSDT
2022-05-17 11:00:00,0.04970000,0.04980000,0.04930000,0.04940000,332649.40000000,TUSDT
2022-05-17 12:00:00,0.04940000,0.05020000,0.04920000,0.05010000,611293.80000000,TUSDT
2022-05-17 13:00:00,0.05020000,0.05030000,0.05000000,0.05030000,452763.30000000,TUSDT
2022-05-17 14:00:00,0.05030000,0.05030000,0.04840000,0.04850000,1018738.50000000,TUSDT
2022-05-17 15:00:00,0.04840000,0.04890000,0.04790000,0.04880000,1098358.00000000,TUSDT
2022-05-17 16:00:00,0.04880000,0.04930000,0.04860000,0.04930000,676300.70000000,TUSDT
2022-05-17 17:00:00,0.04930000,0.04980000,0.04930000,0.04970000,537229.80000000,TUSDT
2022-05-17 18:00:00,0.04960000,0.04970000,0.04840000,0.04890000,1169901.40000000,TUSDT
2022-05-17 19:00:00,0.04900000,0.05000000,0.04900000,0.04980000,308939.50000000,TUSDT
2022-05-17 20:00:00,0.04980000,0.04980000,0.04970000,0.04970000,58981.40000000,TUSDT
2022-05-17 21:00:00,0.04950000,0.05020000,0.04950000,0.05020000,254012.50000000,TUSDT
2022-05-17 22:00:00,0.05020000,0.05040000,0.05010000,0.05020000,241366.80000000,TUSDT
2022-05-17 23:00:00,0.05030000,0.05060000,0.05020000,0.05020000,306084.30000000,TUSDT
2022-05-18 00:00:00,0.05020000,0.05060000,0.05020000,0.05040000,393375.30000000,TUSDT
2022-05-18 01:00:00,0.05040000,0.05200000,0.05020000,0.05030000,1777229.00000000,TUSDT
2022-05-18 02:00:00,0.05030000,0.05050000,0.04990000,0.05000000,562778.50000000,TUSDT
2022-05-18 03:00:00,0.05000000,0.05000000,0.04860000,0.04870000,453523.90000000,TUSDT
2022-05-18 04:00:00,0.04870000,0.04890000,0.04860000,0.04870000,390980.20000000,TUSDT
2022-05-18 05:00:00,0.04880000,0.04920000,0.04880000,0.04920000,141331.10000000,TUSDT
2022-05-18 06:00:00,0.04920000,0.04930000,0.04870000,0.04870000,169136.40000000,TUSDT
2022-05-18 07:00:00,0.04880000,0.04880000,0.04840000,0.04860000,475389.10000000,TUSDT
2022-05-18 08:00:00,0.04870000,0.04880000,0.04840000,0.04850000,540607.20000000,TUSDT
2022-05-18 09:00:00,0.04860000,0.04880000,0.04830000,0.04880000,374257.10000000,TUSDT
2022-05-18 10:00:00,0.04880000,0.04890000,0.04870000,0.04870000,219298.80000000,TUSDT
2022-05-18 11:00:00,0.04870000,0.04870000,0.04850000,0.04850000,115512.90000000,TUSDT
2022-05-18 12:00:00,0.04860000,0.04870000,0.04800000,0.04800000,441522.30000000,TUSDT
2022-05-18 13:00:00,0.04810000,0.04820000,0.04720000,0.04740000,1294877.90000000,TUSDT
2022-05-18 14:00:00,0.04740000,0.04800000,0.04700000,0.04720000,699597.30000000,TUSDT
2022-05-18 15:00:00,0.04720000,0.04780000,0.04690000,0.04750000,1053309.10000000,TUSDT
2022-05-18 16:00:00,0.04750000,0.04800000,0.04720000,0.04790000,603889.30000000,TUSDT
2022-05-18 17:00:00,0.04800000,0.04840000,0.04780000,0.04830000,819217.30000000,TUSDT
2022-05-18 18:00:00,0.04820000,0.04820000,0.04790000,0.04810000,262016.20000000,TUSDT
2022-05-18 19:00:00,0.04810000,0.04850000,0.04810000,0.04840000,407524.20000000,TUSDT
2022-05-18 20:00:00,0.04840000,0.04850000,0.04800000,0.04810000,87994.80000000,TUSDT
2022-05-18 21:00:00,0.04810000,0.04830000,0.04790000,0.04810000,166703.10000000,TUSDT
2022-05-18 22:00:00,0.04820000,0.04850000,0.04800000,0.04810000,737052.10000000,TUSDT
2022-05-18 23:00:00,0.04810000,0.04830000,0.04660000,0.04660000,301167.00000000,TUSDT
2022-05-19 00:00:00,0.04670000,0.05280000,0.04670000,0.04840000,14931973.00000000,TUSDT
2022-05-19 01:00:00,0.04840000,0.04840000,0.04640000,0.04640000,2305930.50000000,TUSDT
2022-05-19 02:00:00,0.04650000,0.04800000,0.04640000,0.04750000,1939407.40000000,TUSDT
2022-05-19 03:00:00,0.04750000,0.04830000,0.04750000,0.04820000,383459.30000000,TUSDT
2022-05-19 04:00:00,0.04820000,0.04820000,0.04780000,0.04780000,423619.60000000,TUSDT
2022-05-19 05:00:00,0.04780000,0.04780000,0.04750000,0.04760000,142291.80000000,TUSDT
2022-05-19 06:00:00,0.04760000,0.04800000,0.04750000,0.04780000,365262.60000000,TUSDT
2022-05-19 07:00:00,0.04780000,0.04800000,0.04750000,0.04750000,724264.00000000,TUSDT
2022-05-19 08:00:00,0.04760000,0.04770000,0.04740000,0.04760000,315663.60000000,TUSDT
2022-05-19 09:00:00,0.04740000,0.06670000,0.04730000,0.05570000,116877571.20000000,TUSDT
2022-05-19 10:00:00,0.05570000,0.05750000,0.04950000,0.05090000,39476600.30000000,TUSDT
2022-05-19 11:00:00,0.05100000,0.05330000,0.05050000,0.05170000,29020114.80000000,TUSDT
2022-05-19 12:00:00,0.05170000,0.05240000,0.05150000,0.05190000,7904418.30000000,TUSDT
2022-05-19 13:00:00,0.05190000,0.05220000,0.05050000,0.05110000,6811120.90000000,TUSDT
2022-05-19 14:00:00,0.05120000,0.05180000,0.05070000,0.05120000,7028841.30000000,TUSDT
2022-05-19 15:00:00,0.05120000,0.05170000,0.05080000,0.05110000,4170575.30000000,TUSDT
2022-05-19 16:00:00,0.05110000,0.05140000,0.05090000,0.05110000,1288494.90000000,TUSDT
2022-05-19 17:00:00,0.05120000,0.05140000,0.05090000,0.05120000,1219566.00000000,TUSDT
2022-05-19 18:00:00,0.05120000,0.05150000,0.05090000,0.05110000,956367.50000000,TUSDT
2022-05-19 19:00:00,0.05130000,0.05150000,0.05090000,0.05110000,1139207.70000000,TUSDT
2022-05-19 20:00:00,0.05110000,0.05140000,0.05090000,0.05130000,579473.10000000,TUSDT
2022-05-19 21:00:00,0.05130000,0.05150000,0.05080000,0.05080000,1382440.40000000,TUSDT
2022-05-19 22:00:00,0.05100000,0.05140000,0.05050000,0.05130000,1658916.90000000,TUSDT
2022-05-19 23:00:00,0.05130000,0.05160000,0.05100000,0.05130000,4095097.00000000,TUSDT
2022-05-20 00:00:00,0.05140000,0.05460000,0.05120000,0.05270000,8235405.00000000,TUSDT
2022-05-20 01:00:00,0.05280000,0.05420000,0.05280000,0.05370000,7100524.90000000,TUSDT
2022-05-20 02:00:00,0.05380000,0.05440000,0.05270000,0.05300000,2994088.30000000,TUSDT
2022-05-20 03:00:00,0.05300000,0.05310000,0.05210000,0.05240000,1431611.00000000,TUSDT
2022-05-20 04:00:00,0.05250000,0.05250000,0.05200000,0.05200000,1219665.30000000,TUSDT
2022-05-20 05:00:00,0.05200000,0.05210000,0.05090000,0.05140000,2021269.40000000,TUSDT
2022-05-20 06:00:00,0.05150000,0.05170000,0.04950000,0.05040000,3887334.80000000,TUSDT
2022-05-20 07:00:00,0.05030000,0.05120000,0.05030000,0.05110000,1357744.70000000,TUSDT
2022-05-20 08:00:00,0.05110000,0.05140000,0.05060000,0.05080000,1167007.20000000,TUSDT
2022-05-20 09:00:00,0.05070000,0.05160000,0.05060000,0.05140000,1301521.80000000,TUSDT
2022-05-20 10:00:00,0.05140000,0.05210000,0.05110000,0.05170000,968268.60000000,TUSDT
2022-05-20 11:00:00,0.05180000,0.05220000,0.05140000,0.05170000,1035843.10000000,TUSDT
2022-05-20 12:00:00,0.05170000,0.05180000,0.05060000,0.05080000,1397731.40000000,TUSDT
2022-05-20 13:00:00,0.05090000,0.05110000,0.05070000,0.05100000,669316.50000000,TUSDT
2022-05-20 14:00:00,0.05090000,0.05100000,0.04900000,0.04900000,2346930.40000000,TUSDT
2022-05-20 15:00:00,0.04900000,0.04900000,0.04830000,0.04850000,896301.70000000,TUSDT
2022-05-20 16:00:00,0.04850000,0.04860000,0.04790000,0.04800000,577541.90000000,TUSDT
2022-05-20 17:00:00,0.04800000,0.04830000,0.04760000,0.04830000,1005597.80000000,TUSDT
2022-05-20 18:00:00,0.04810000,0.04850000,0.04800000,0.04840000,428776.20000000,TUSDT
2022-05-20 19:00:00,0.04840000,0.04910000,0.04840000,0.04910000,150142.60000000,TUSDT
2022-05-20 20:00:00,0.04910000,0.04910000,0.04880000,0.04890000,531940.40000000,TUSDT
2022-05-20 21:00:00,0.04890000,0.04920000,0.04890000,0.04900000,358461.10000000,TUSDT
2022-05-20 22:00:00,0.04910000,0.04960000,0.04880000,0.04940000,764541.10000000,TUSDT
2022-05-20 23:00:00,0.04940000,0.05030000,0.04940000,0.04960000,997639.50000000,TUSDT
2022-05-21 00:00:00,0.04960000,0.04960000,0.04820000,0.04830000,1342297.00000000,TUSDT
2022-05-21 01:00:00,0.04840000,0.04840000,0.04750000,0.04790000,760977.90000000,TUSDT
2022-05-21 02:00:00,0.04790000,0.04870000,0.04760000,0.04830000,717102.10000000,TUSDT
2022-05-21 03:00:00,0.04840000,0.04860000,0.04820000,0.04860000,262131.60000000,TUSDT
2022-05-21 04:00:00,0.04860000,0.04880000,0.04850000,0.04860000,289315.20000000,TUSDT
2022-05-21 05:00:00,0.04860000,0.04860000,0.04830000,0.04840000,315629.60000000,TUSDT
2022-05-21 06:00:00,0.04840000,0.04850000,0.04830000,0.04830000,197759.70000000,TUSDT
2022-05-21 07:00:00,0.04830000,0.04880000,0.04820000,0.04880000,124005.80000000,TUSDT
2022-05-21 08:00:00,0.04880000,0.04880000,0.04850000,0.04850000,72561.00000000,TUSDT
2022-05-21 09:00:00,0.04840000,0.04840000,0.04810000,0.04830000,238346.10000000,TUSDT
2022-05-21 10:00:00,0.04840000,0.04860000,0.04810000,0.04830000,252818.70000000,TUSDT
2022-05-21 11:00:00,0.04820000,0.04830000,0.04790000,0.04820000,167618.70000000,TUSDT
2022-05-21 12:00:00,0.04830000,0.04840000,0.04800000,0.04820000,158043.20000000,TUSDT
2022-05-21 13:00:00,0.04820000,0.04840000,0.04810000,0.04830000,113080.00000000,TUSDT
2022-05-21 14:00:00,0.04830000,0.04860000,0.04810000,0.04850000,910870.50000000,TUSDT
2022-05-21 15:00:00,0.04850000,0.04880000,0.04830000,0.04860000,1337616.10000000,TUSDT
2022-05-21 16:00:00,0.04870000,0.04870000,0.04850000,0.04850000,2040273.20000000,TUSDT
2022-05-21 17:00:00,0.04860000,0.04860000,0.04830000,0.04850000,1150156.60000000,TUSDT
2022-05-21 18:00:00,0.04850000,0.04870000,0.04850000,0.04860000,255979.10000000,TUSDT
2022-05-21 19:00:00,0.04860000,0.04870000,0.04850000,0.04850000,1197660.80000000,TUSDT
2022-05-21 20:00:00,0.04850000,0.04860000,0.04840000,0.04860000,274349.40000000,TUSDT
2022-05-21 21:00:00,0.04850000,0.04860000,0.04830000,0.04850000,195367.00000000,TUSDT
2022-05-21 22:00:00,0.04840000,0.04860000,0.04830000,0.04860000,568334.40000000,TUSDT
2022-05-21 23:00:00,0.04860000,0.04880000,0.04850000,0.04860000,5806443.20000000,TUSDT
2022-05-22 00:00:00,0.04870000,0.04890000,0.04820000,0.04850000,2684735.50000000,TUSDT
2022-05-22 01:00:00,0.04860000,0.04880000,0.04850000,0.04880000,473451.50000000,TUSDT
2022-05-22 02:00:00,0.04890000,0.04930000,0.04850000,0.04860000,1025188.90000000,TUSDT
2022-05-22 03:00:00,0.04850000,0.04900000,0.04850000,0.04870000,643018.90000000,TUSDT
2022-05-22 04:00:00,0.04870000,0.04880000,0.04820000,0.04820000,872839.70000000,TUSDT
2022-05-22 05:00:00,0.04810000,0.04870000,0.04810000,0.04860000,102438.90000000,TUSDT
2022-05-22 06:00:00,0.04850000,0.04900000,0.04850000,0.04880000,1410945.80000000,TUSDT
2022-05-22 07:00:00,0.04890000,0.04890000,0.04870000,0.04890000,185021.80000000,TUSDT
2022-05-22 08:00:00,0.04880000,0.04910000,0.04880000,0.04910000,463107.60000000,TUSDT
2022-05-22 09:00:00,0.04910000,0.04990000,0.04900000,0.04990000,513882.40000000,TUSDT
2022-05-22 10:00:00,0.04980000,0.05120000,0.04970000,0.05110000,2537786.90000000,TUSDT
2022-05-22 11:00:00,0.05110000,0.05110000,0.04930000,0.04980000,1986172.90000000,TUSDT
2022-05-22 12:00:00,0.04980000,0.05050000,0.04980000,0.05010000,579292.10000000,TUSDT
2022-05-22 13:00:00,0.05020000,0.05030000,0.04970000,0.04970000,604564.00000000,TUSDT
2022-05-22 14:00:00,0.04970000,0.05000000,0.04960000,0.04980000,842125.00000000,TUSDT
2022-05-22 15:00:00,0.04980000,0.04980000,0.04910000,0.04920000,227723.30000000,TUSDT
2022-05-22 16:00:00,0.04920000,0.04940000,0.04900000,0.04930000,544098.70000000,TUSDT
2022-05-22 17:00:00,0.04940000,0.04970000,0.04930000,0.04940000,1119968.30000000,TUSDT
2022-05-22 18:00:00,0.04940000,0.04950000,0.04920000,0.04940000,190369.10000000,TUSDT
2022-05-22 19:00:00,0.04950000,0.04960000,0.04920000,0.04920000,150932.10000000,TUSDT
2022-05-22 20:00:00,0.04930000,0.04960000,0.04930000,0.04940000,138999.80000000,TUSDT
2022-05-22 21:00:00,0.04940000,0.04980000,0.04940000,0.04940000,656796.30000000,TUSDT
2022-05-22 22:00:00,0.04960000,0.05020000,0.04960000,0.05000000,488453.80000000,TUSDT
2022-05-22 23:00:00,0.05000000,0.05040000,0.04990000,0.05010000,502992.00000000,TUSDT
2022-05-23 00:00:00,0.05010000,0.05020000,0.04980000,0.05010000,1236921.40000000,TUSDT
2022-05-23 01:00:00,0.05010000,0.05040000,0.04980000,0.04980000,879063.90000000,TUSDT
2022-05-23 02:00:00,0.04980000,0.04980000,0.04910000,0.04910000,1020169.00000000,TUSDT
2022-05-23 03:00:00,0.04920000,0.04940000,0.04920000,0.04930000,149801.50000000,TUSDT
2022-05-23 04:00:00,0.04930000,0.04980000,0.04930000,0.04950000,823492.50000000,TUSDT
2022-05-23 05:00:00,0.04940000,0.05010000,0.04920000,0.05000000,1347044.00000000,TUSDT
2022-05-23 06:00:00,0.05000000,0.05040000,0.04990000,0.05030000,367825.10000000,TUSDT
2022-05-23 07:00:00,0.05030000,0.05060000,0.04990000,0.05000000,1277455.20000000,TUSDT
2022-05-23 08:00:00,0.05010000,0.05030000,0.04960000,0.04980000,1224249.90000000,TUSDT
2022-05-23 09:00:00,0.04980000,0.05070000,0.04970000,0.05010000,996436.70000000,TUSDT
2022-05-23 10:00:00,0.05010000,0.05030000,0.05000000,0.05030000,401782.80000000,TUSDT
2022-05-23 11:00:00,0.05020000,0.05050000,0.04990000,0.05000000,602245.10000000,TUSDT
2022-05-23 12:00:00,0.05010000,0.05050000,0.05010000,0.05010000,354375.50000000,TUSDT
2022-05-23 13:00:00,0.05010000,0.05140000,0.04960000,0.05050000,3140916.10000000,TUSDT
2022-05-23 14:00:00,0.05040000,0.05040000,0.04970000,0.04990000,293109.50000000,TUSDT
2022-05-23 15:00:00,0.05000000,0.05070000,0.05000000,0.05070000,453638.20000000,TUSDT
2022-05-23 16:00:00,0.05070000,0.05090000,0.05060000,0.05060000,367457.40000000,TUSDT
2022-05-23 17:00:00,0.05060000,0.05060000,0.04970000,0.04970000,575496.40000000,TUSDT
2022-05-23 18:00:00,0.04970000,0.04970000,0.04850000,0.04930000,4910254.10000000,TUSDT
2022-05-23 19:00:00,0.04930000,0.05000000,0.04790000,0.04800000,3795021.20000000,TUSDT
2022-05-23 20:00:00,0.04790000,0.04840000,0.04770000,0.04830000,1484090.00000000,TUSDT
2022-05-23 21:00:00,0.04830000,0.04840000,0.04820000,0.04840000,170488.40000000,TUSDT
2022-05-23 22:00:00,0.04840000,0.04840000,0.04650000,0.04710000,2008031.50000000,TUSDT
2022-05-23 23:00:00,0.04710000,0.04730000,0.04660000,0.04720000,332688.10000000,TUSDT
2022-05-24 00:00:00,0.04710000,0.04820000,0.04710000,0.04710000,853648.50000000,TUSDT
2022-05-24 01:00:00,0.04720000,0.04740000,0.04710000,0.04730000,493428.00000000,TUSDT
2022-05-24 02:00:00,0.04740000,0.04790000,0.04730000,0.04790000,474907.10000000,TUSDT
2022-05-24 03:00:00,0.04790000,0.04800000,0.04770000,0.04800000,443526.10000000,TUSDT
2022-05-24 04:00:00,0.04790000,0.04800000,0.04790000,0.04790000,73921.20000000,TUSDT
2022-05-24 05:00:00,0.04800000,0.04810000,0.04780000,0.04780000,276535.10000000,TUSDT
2022-05-24 06:00:00,0.04780000,0.04810000,0.04730000,0.04750000,764056.10000000,TUSDT
2022-05-24 07:00:00,0.04750000,0.04790000,0.04730000,0.04760000,731786.70000000,TUSDT
2022-05-24 08:00:00,0.04750000,0.04760000,0.04580000,0.04600000,1905533.90000000,TUSDT
2022-05-24 09:00:00,0.04600000,0.04640000,0.04560000,0.04610000,1180626.20000000,TUSDT
2022-05-24 10:00:00,0.04620000,0.04640000,0.04600000,0.04630000,740118.70000000,TUSDT
2022-05-24 11:00:00,0.04640000,0.04660000,0.04590000,0.04600000,489853.50000000,TUSDT
2022-05-24 12:00:00,0.04610000,0.04620000,0.04580000,0.04620000,431172.70000000,TUSDT
2022-05-24 13:00:00,0.04610000,0.04610000,0.04450000,0.04480000,1401741.40000000,TUSDT
2022-05-24 14:00:00,0.04480000,0.04480000,0.04400000,0.04420000,2739189.30000000,TUSDT
2022-05-24 15:00:00,0.04420000,0.04590000,0.04410000,0.04570000,5167211.40000000,TUSDT
2022-05-24 16:00:00,0.04570000,0.04590000,0.04560000,0.04560000,387777.60000000,TUSDT
2022-05-24 17:00:00,0.04560000,0.04570000,0.04520000,0.04550000,997129.60000000,TUSDT
2022-05-24 18:00:00,0.04550000,0.04580000,0.04550000,0.04560000,615889.80000000,TUSDT
2022-05-24 19:00:00,0.04560000,0.04590000,0.04560000,0.04590000,55273.80000000,TUSDT
2022-05-24 20:00:00,0.04590000,0.04620000,0.04580000,0.04620000,486808.30000000,TUSDT
2022-05-24 21:00:00,0.04630000,0.04670000,0.04620000,0.04670000,212620.40000000,TUSDT
2022-05-24 22:00:00,0.04680000,0.04700000,0.04660000,0.04690000,648691.00000000,TUSDT
2022-05-24 23:00:00,0.04690000,0.04710000,0.04660000,0.04670000,428114.30000000,TUSDT
2022-05-25 00:00:00,0.04660000,0.04860000,0.04650000,0.04670000,5698159.30000000,TUSDT
2022-05-25 01:00:00,0.04670000,0.04670000,0.04620000,0.04650000,417538.20000000,TUSDT
2022-05-25 02:00:00,0.04650000,0.04750000,0.04650000,0.04750000,1009135.50000000,TUSDT
2022-05-25 03:00:00,0.04750000,0.04770000,0.04720000,0.04770000,1285734.00000000,TUSDT
2022-05-25 04:00:00,0.04750000,0.04780000,0.04750000,0.04780000,371662.90000000,TUSDT
2022-05-25 05:00:00,0.04780000,0.04810000,0.04640000,0.04640000,1384995.60000000,TUSDT
2022-05-25 06:00:00,0.04640000,0.04690000,0.04640000,0.04680000,775270.40000000,TUSDT
2022-05-25 07:00:00,0.04690000,0.04690000,0.04640000,0.04650000,432356.90000000,TUSDT
2022-05-25 08:00:00,0.04650000,0.04780000,0.04640000,0.04690000,2529089.30000000,TUSDT
2022-05-25 09:00:00,0.04690000,0.04700000,0.04660000,0.04700000,626422.60000000,TUSDT
2022-05-25 10:00:00,0.04690000,0.04810000,0.04660000,0.04720000,996684.10000000,TUSDT
2022-05-25 11:00:00,0.04730000,0.04780000,0.04630000,0.04650000,2671149.90000000,TUSDT
2022-05-25 12:00:00,0.04650000,0.04680000,0.04640000,0.04680000,458185.40000000,TUSDT
2022-05-25 13:00:00,0.04670000,0.04700000,0.04650000,0.04670000,525087.60000000,TUSDT
2022-05-25 14:00:00,0.04680000,0.04720000,0.04670000,0.04690000,376351.70000000,TUSDT
2022-05-25 15:00:00,0.04680000,0.04710000,0.04670000,0.04690000,559240.90000000,TUSDT
2022-05-25 16:00:00,0.04700000,0.04700000,0.04670000,0.04670000,351670.80000000,TUSDT
2022-05-25 17:00:00,0.04670000,0.04720000,0.04670000,0.04710000,384985.40000000,TUSDT
2022-05-25 18:00:00,0.04720000,0.04730000,0.04690000,0.04700000,404670.00000000,TUSDT
2022-05-25 19:00:00,0.04710000,0.04730000,0.04710000,0.04710000,156543.90000000,TUSDT
2022-05-25 20:00:00,0.04710000,0.04720000,0.04700000,0.04710000,305767.40000000,TUSDT
2022-05-25 21:00:00,0.04710000,0.04720000,0.04710000,0.04710000,135339.50000000,TUSDT
2022-05-25 22:00:00,0.04710000,0.04740000,0.04710000,0.04730000,52995.80000000,TUSDT
2022-05-25 23:00:00,0.04730000,0.04760000,0.04700000,0.04710000,311999.60000000,TUSDT
2022-05-26 00:00:00,0.04700000,0.04740000,0.04700000,0.04720000,645419.60000000,TUSDT
2022-05-26 01:00:00,0.04720000,0.04720000,0.04660000,0.04680000,396421.80000000,TUSDT
2022-05-26 02:00:00,0.04680000,0.04690000,0.04670000,0.04690000,211149.70000000,TUSDT
2022-05-26 03:00:00,0.04690000,0.04690000,0.04660000,0.04670000,388491.00000000,TUSDT
2022-05-26 04:00:00,0.04670000,0.04680000,0.04660000,0.04660000,212496.50000000,TUSDT
2022-05-26 05:00:00,0.04670000,0.04690000,0.04620000,0.04620000,481483.50000000,TUSDT
2022-05-26 06:00:00,0.04610000,0.04620000,0.04530000,0.04560000,887734.70000000,TUSDT
2022-05-26 07:00:00,0.04570000,0.04590000,0.04550000,0.04590000,208628.30000000,TUSDT
2022-05-26 08:00:00,0.04590000,0.04590000,0.04330000,0.04330000,1829023.20000000,TUSDT
2022-05-26 09:00:00,0.04330000,0.04390000,0.04310000,0.04380000,727629.90000000,TUSDT
2022-05-26 10:00:00,0.04380000,0.04390000,0.04340000,0.04340000,338015.30000000,TUSDT
2022-05-26 11:00:00,0.04340000,0.04340000,0.04280000,0.04320000,582454.40000000,TUSDT
2022-05-26 12:00:00,0.04330000,0.04340000,0.04300000,0.04320000,488247.90000000,TUSDT
2022-05-26 13:00:00,0.04320000,0.04330000,0.04200000,0.04310000,1914676.70000000,TUSDT
2022-05-26 14:00:00,0.04320000,0.04410000,0.04320000,0.04400000,594572.80000000,TUSDT
2022-05-26 15:00:00,0.04410000,0.04430000,0.04410000,0.04410000,556682.50000000,TUSDT
2022-05-26 16:00:00,0.04420000,0.04480000,0.04420000,0.04460000,536016.40000000,TUSDT
2022-05-26 17:00:00,0.04450000,0.04470000,0.04430000,0.04470000,751707.40000000,TUSDT
2022-05-26 18:00:00,0.04470000,0.04470000,0.04400000,0.04430000,414650.20000000,TUSDT
2022-05-26 19:00:00,0.04420000,0.04440000,0.04400000,0.04420000,209015.70000000,TUSDT
2022-05-26 20:00:00,0.04430000,0.04430000,0.04360000,0.04380000,838221.90000000,TUSDT
2022-05-26 21:00:00,0.04390000,0.04400000,0.04390000,0.04400000,160694.10000000,TUSDT
2022-05-26 22:00:00,0.04390000,0.04450000,0.04370000,0.04390000,528013.90000000,TUSDT
2022-05-26 23:00:00,0.04380000,0.04400000,0.04300000,0.04320000,357661.20000000,TUSDT
2022-05-27 00:00:00,0.04320000,0.04340000,0.04280000,0.04290000,945211.10000000,TUSDT
2022-05-27 01:00:00,0.04300000,0.04510000,0.04220000,0.04270000,7590698.40000000,TUSDT
2022-05-27 02:00:00,0.04260000,0.04260000,0.04190000,0.04190000,1245554.70000000,TUSDT
2022-05-27 03:00:00,0.04200000,0.04270000,0.04190000,0.04270000,596472.10000000,TUSDT
2022-05-27 04:00:00,0.04260000,0.04270000,0.04210000,0.04210000,475704.10000000,TUSDT
2022-05-27 05:00:00,0.04220000,0.04240000,0.04180000,0.04200000,1072608.50000000,TUSDT
2022-05-27 06:00:00,0.04210000,0.04240000,0.04170000,0.04240000,528492.90000000,TUSDT
2022-05-27 07:00:00,0.04240000,0.04320000,0.04230000,0.04290000,1080504.80000000,TUSDT
2022-05-27 08:00:00,0.04280000,0.04290000,0.04250000,0.04270000,390979.90000000,TUSDT
2022-05-27 09:00:00,0.04260000,0.04270000,0.04240000,0.04260000,484369.10000000,TUSDT
2022-05-27 10:00:00,0.04260000,0.04280000,0.04240000,0.04250000,359162.80000000,TUSDT
2022-05-27 11:00:00,0.04230000,0.04280000,0.04220000,0.04260000,525286.20000000,TUSDT
2022-05-27 12:00:00,0.04260000,0.04350000,0.04250000,0.04320000,711335.70000000,TUSDT
2022-05-27 13:00:00,0.04330000,0.04340000,0.04300000,0.04330000,537652.30000000,TUSDT
2022-05-27 14:00:00,0.04330000,0.04330000,0.04230000,0.04240000,875004.70000000,TUSDT
2022-05-27 15:00:00,0.04230000,0.04300000,0.04230000,0.04260000,577369.00000000,TUSDT
2022-05-27 16:00:00,0.04260000,0.04280000,0.04240000,0.04250000,625937.50000000,TUSDT
2022-05-27 17:00:00,0.04260000,0.04310000,0.04190000,0.04210000,2726940.60000000,TUSDT
2022-05-27 18:00:00,0.04210000,0.04220000,0.04190000,0.04200000,303880.00000000,TUSDT
2022-05-27 19:00:00,0.04190000,0.04240000,0.04190000,0.04240000,162011.10000000,TUSDT
2022-05-27 20:00:00,0.04250000,0.04260000,0.04250000,0.04250000,74841.30000000,TUSDT
2022-05-27 21:00:00,0.04250000,0.04260000,0.04230000,0.04230000,146252.40000000,TUSDT
2022-05-27 22:00:00,0.04240000,0.04240000,0.04200000,0.04200000,409134.80000000,TUSDT
2022-05-27 23:00:00,0.04190000,0.04200000,0.04170000,0.04180000,477860.30000000,TUSDT
2022-05-28 00:00:00,0.04190000,0.04750000,0.04180000,0.04300000,13846383.00000000,TUSDT
2022-05-28 01:00:00,0.04300000,0.04310000,0.04220000,0.04240000,1219180.90000000,TUSDT
2022-05-28 02:00:00,0.04240000,0.04310000,0.04240000,0.04270000,1085984.50000000,TUSDT
2022-05-28 03:00:00,0.04270000,0.04300000,0.04240000,0.04280000,686297.40000000,TUSDT
2022-05-28 04:00:00,0.04280000,0.04300000,0.04270000,0.04300000,446482.00000000,TUSDT
2022-05-28 05:00:00,0.04290000,0.04320000,0.04280000,0.04310000,780295.60000000,TUSDT
2022-05-28 06:00:00,0.04320000,0.04320000,0.04300000,0.04300000,617502.30000000,TUSDT
2022-05-28 07:00:00,0.04300000,0.04310000,0.04260000,0.04270000,254382.30000000,TUSDT
2022-05-28 08:00:00,0.04280000,0.04310000,0.04280000,0.04290000,528679.30000000,TUSDT
2022-05-28 09:00:00,0.04290000,0.04290000,0.04260000,0.04270000,477114.50000000,TUSDT
2022-05-28 10:00:00,0.04270000,0.04280000,0.04260000,0.04270000,239781.30000000,TUSDT
2022-05-28 11:00:00,0.04260000,0.04290000,0.04260000,0.04290000,166994.00000000,TUSDT
2022-05-28 12:00:00,0.04280000,0.04310000,0.04260000,0.04300000,577718.40000000,TUSDT
2022-05-28 13:00:00,0.04300000,0.04330000,0.04300000,0.04310000,792728.40000000,TUSDT
2022-05-28 14:00:00,0.04310000,0.04310000,0.04280000,0.04280000,339681.50000000,TUSDT
2022-05-28 15:00:00,0.04280000,0.04330000,0.04280000,0.04320000,196590.60000000,TUSDT
2022-05-28 16:00:00,0.04320000,0.04320000,0.04310000,0.04320000,36822.90000000,TUSDT
2022-05-28 17:00:00,0.04320000,0.04330000,0.04280000,0.04290000,442684.40000000,TUSDT
2022-05-28 18:00:00,0.04310000,0.04330000,0.04310000,0.04320000,127977.10000000,TUSDT
2022-05-28 19:00:00,0.04320000,0.04340000,0.04320000,0.04330000,149267.30000000,TUSDT
2022-05-28 20:00:00,0.04330000,0.04340000,0.04320000,0.04330000,198598.30000000,TUSDT
2022-05-28 21:00:00,0.04330000,0.04340000,0.04300000,0.04300000,29023.80000000,TUSDT
2022-05-28 22:00:00,0.04300000,0.04310000,0.04300000,0.04310000,29580.30000000,TUSDT
2022-05-28 23:00:00,0.04300000,0.04340000,0.04300000,0.04310000,169077.00000000,TUSDT
2022-05-29 00:00:00,0.04310000,0.04390000,0.04290000,0.04350000,1486911.40000000,TUSDT
2022-05-29 01:00:00,0.04340000,0.04340000,0.04240000,0.04260000,1522309.50000000,TUSDT
2022-05-29 02:00:00,0.04260000,0.04260000,0.04240000,0.04260000,157824.10000000,TUSDT
2022-05-29 03:00:00,0.04270000,0.04270000,0.04260000,0.04270000,220016.70000000,TUSDT
2022-05-29 04:00:00,0.04270000,0.04280000,0.04260000,0.04280000,135857.80000000,TUSDT
2022-05-29 05:00:00,0.04260000,0.04280000,0.04260000,0.04280000,58270.20000000,TUSDT
2022-05-29 06:00:00,0.04280000,0.04280000,0.04270000,0.04270000,45680.00000000,TUSDT
2022-05-29 07:00:00,0.04280000,0.04300000,0.04270000,0.04290000,90450.40000000,TUSDT
2022-05-29 08:00:00,0.04280000,0.04300000,0.04280000,0.04290000,112253.80000000,TUSDT
2022-05-29 09:00:00,0.04290000,0.04290000,0.04260000,0.04270000,175026.50000000,TUSDT
2022-05-29 10:00:00,0.04270000,0.04300000,0.04270000,0.04280000,166876.70000000,TUSDT
2022-05-29 11:00:00,0.04300000,0.04310000,0.04290000,0.04290000,165665.00000000,TUSDT
2022-05-29 12:00:00,0.04300000,0.04350000,0.04290000,0.04330000,426144.10000000,TUSDT
2022-05-29 13:00:00,0.04320000,0.04340000,0.04320000,0.04320000,107071.80000000,TUSDT
2022-05-29 14:00:00,0.04310000,0.04330000,0.04310000,0.04320000,136377.40000000,TUSDT
2022-05-29 15:00:00,0.04320000,0.04320000,0.04280000,0.04290000,214280.40000000,TUSDT
2022-05-29 16:00:00,0.04300000,0.04320000,0.04300000,0.04320000,119074.70000000,TUSDT
2022-05-29 17:00:00,0.04330000,0.04330000,0.04310000,0.04320000,97157.00000000,TUSDT
2022-05-29 18:00:00,0.04330000,0.04330000,0.04320000,0.04320000,106592.00000000,TUSDT
2022-05-29 19:00:00,0.04320000,0.04330000,0.04310000,0.04330000,143556.40000000,TUSDT
2022-05-29 20:00:00,0.04330000,0.04330000,0.04320000,0.04330000,117627.50000000,TUSDT
2022-05-29 21:00:00,0.04330000,0.04340000,0.04310000,0.04340000,92238.40000000,TUSDT
2022-05-29 22:00:00,0.04340000,0.04370000,0.04330000,0.04350000,229604.00000000,TUSDT
2022-05-29 23:00:00,0.04340000,0.04380000,0.04340000,0.04370000,231312.70000000,TUSDT
2022-05-30 00:00:00,0.04380000,0.04660000,0.04350000,0.04430000,8470962.90000000,TUSDT
2022-05-30 01:00:00,0.04430000,0.04510000,0.04410000,0.04480000,1078500.80000000,TUSDT
2022-05-30 02:00:00,0.04480000,0.04530000,0.04480000,0.04530000,575394.40000000,TUSDT
2022-05-30 03:00:00,0.04530000,0.04540000,0.04510000,0.04530000,255090.80000000,TUSDT
2022-05-30 04:00:00,0.04530000,0.04540000,0.04510000,0.04510000,458516.80000000,TUSDT
2022-05-30 05:00:00,0.04500000,0.04570000,0.04500000,0.04560000,434828.80000000,TUSDT
2022-05-30 06:00:00,0.04560000,0.04630000,0.04560000,0.04630000,762342.70000000,TUSDT
2022-05-30 07:00:00,0.04630000,0.04630000,0.04590000,0.04620000,773042.40000000,TUSDT
2022-05-30 08:00:00,0.04610000,0.04770000,0.04550000,0.04630000,9207928.30000000,TUSDT
2022-05-30 09:00:00,0.04620000,0.04620000,0.04580000,0.04610000,688760.90000000,TUSDT
2022-05-30 10:00:00,0.04610000,0.04630000,0.04540000,0.04560000,1079478.20000000,TUSDT
2022-05-30 11:00:00,0.04560000,0.04570000,0.04550000,0.04560000,48187.40000000,TUSDT
2022-05-30 12:00:00,0.04570000,0.04580000,0.04520000,0.04550000,885396.50000000,TUSDT
2022-05-30 13:00:00,0.04540000,0.04550000,0.04510000,0.04550000,183455.20000000,TUSDT
2022-05-30 14:00:00,0.04540000,0.04590000,0.04540000,0.04580000,402357.20000000,TUSDT
2022-05-30 15:00:00,0.04580000,0.04640000,0.04560000,0.04620000,1680851.50000000,TUSDT
2022-05-30 16:00:00,0.04630000,0.04650000,0.04620000,0.04630000,496489.40000000,TUSDT
2022-05-30 17:00:00,0.04640000,0.04700000,0.04630000,0.04700000,353686.50000000,TUSDT
2022-05-30 18:00:00,0.04690000,0.04700000,0.04680000,0.04690000,675507.60000000,TUSDT
2022-05-30 19:00:00,0.04690000,0.04700000,0.04680000,0.04690000,404213.70000000,TUSDT
2022-05-30 20:00:00,0.04680000,0.04710000,0.04670000,0.04710000,191655.70000000,TUSDT
2022-05-30 21:00:00,0.04700000,0.04800000,0.04660000,0.04750000,2449822.10000000,TUSDT
2022-05-30 22:00:00,0.04750000,0.04760000,0.04720000,0.04760000,502959.30000000,TUSDT
2022-05-30 23:00:00,0.04760000,0.04800000,0.04660000,0.04760000,3021493.90000000,TUSDT
2022-05-31 00:00:00,0.04760000,0.04970000,0.04750000,0.04810000,7097214.50000000,TUSDT
2022-05-31 01:00:00,0.04810000,0.04900000,0.04750000,0.04760000,1024446.20000000,TUSDT
2022-05-31 02:00:00,0.04770000,0.04810000,0.04760000,0.04810000,168603.30000000,TUSDT
2022-05-31 03:00:00,0.04810000,0.04880000,0.04810000,0.04860000,1065074.70000000,TUSDT
2022-05-31 04:00:00,0.04860000,0.04870000,0.04820000,0.04820000,988818.80000000,TUSDT
2022-05-31 05:00:00,0.04820000,0.04830000,0.04760000,0.04770000,598425.50000000,TUSDT
2022-05-31 06:00:00,0.04780000,0.04780000,0.04670000,0.04690000,880078.80000000,TUSDT
2022-05-31 07:00:00,0.04690000,0.04720000,0.04680000,0.04720000,142079.80000000,TUSDT
2022-05-31 08:00:00,0.04730000,0.04740000,0.04720000,0.04730000,152115.20000000,TUSDT
2022-05-31 09:00:00,0.04740000,0.04740000,0.04700000,0.04700000,247603.00000000,TUSDT
2022-05-31 10:00:00,0.04710000,0.04780000,0.04700000,0.04740000,719215.70000000,TUSDT
2022-05-31 11:00:00,0.04740000,0.04900000,0.04730000,0.04830000,1294215.70000000,TUSDT
2022-05-31 12:00:00,0.04830000,0.04830000,0.04660000,0.04680000,1621330.30000000,TUSDT
2022-05-31 13:00:00,0.04680000,0.04730000,0.04620000,0.04630000,1530937.20000000,TUSDT
2022-05-31 14:00:00,0.04630000,0.04670000,0.04590000,0.04670000,1287492.00000000,TUSDT
2022-05-31 15:00:00,0.04660000,0.04750000,0.04660000,0.04740000,660909.70000000,TUSDT
2022-05-31 16:00:00,0.04750000,0.04800000,0.04740000,0.04760000,864223.00000000,TUSDT
2022-05-31 17:00:00,0.04750000,0.04770000,0.04700000,0.04730000,223307.00000000,TUSDT
2022-05-31 18:00:00,0.04730000,0.04740000,0.04700000,0.04710000,171075.80000000,TUSDT
2022-05-31 19:00:00,0.04710000,0.04720000,0.04710000,0.04710000,233689.30000000,TUSDT
2022-05-31 20:00:00,0.04710000,0.04720000,0.04690000,0.04710000,284030.00000000,TUSDT
2022-05-31 21:00:00,0.04710000,0.04720000,0.04700000,0.04720000,75775.90000000,TUSDT
2022-05-31 22:00:00,0.04710000,0.04740000,0.04710000,0.04740000,272865.70000000,TUSDT
2022-05-31 23:00:00,0.04750000,0.04780000,0.04730000,0.04740000,878489.90000000,TUSDT
2022-06-01 00:00:00,0.04750000,0.06300000,0.04750000,0.05810000,62425157.10000000,TUSDT
2022-06-01 01:00:00,0.05810000,0.06380000,0.05730000,0.05870000,49785668.70000000,TUSDT
2022-06-01 02:00:00,0.05870000,0.06240000,0.05760000,0.06070000,34367898.10000000,TUSDT
2022-06-01 03:00:00,0.06060000,0.07490000,0.06050000,0.07190000,117933847.60000000,TUSDT
2022-06-01 04:00:00,0.07190000,0.08100000,0.06510000,0.06700000,107495508.30000000,TUSDT
2022-06-01 05:00:00,0.06690000,0.07530000,0.06630000,0.07130000,60943584.90000000,TUSDT
2022-06-01 06:00:00,0.07120000,0.07190000,0.06590000,0.06840000,29171777.60000000,TUSDT
2022-06-01 07:00:00,0.06850000,0.07120000,0.06710000,0.06820000,30201601.40000000,TUSDT
2022-06-01 08:00:00,0.06820000,0.06820000,0.06370000,0.06470000,25843692.10000000,TUSDT
2022-06-01 09:00:00,0.06480000,0.06560000,0.06350000,0.06490000,13384813.80000000,TUSDT
2022-06-01 10:00:00,0.06490000,0.06560000,0.06230000,0.06270000,16916490.20000000,TUSDT
2022-06-01 11:00:00,0.06280000,0.06370000,0.06220000,0.06310000,7121401.80000000,TUSDT
2022-06-01 12:00:00,0.06320000,0.06350000,0.05830000,0.05860000,18088533.90000000,TUSDT
2022-06-01 13:00:00,0.05850000,0.05860000,0.05650000,0.05710000,13136419.70000000,TUSDT
2022-06-01 14:00:00,0.05710000,0.05730000,0.05400000,0.05510000,16059914.60000000,TUSDT
2022-06-01 15:00:00,0.05500000,0.06180000,0.05440000,0.05510000,48679604.90000000,TUSDT
2022-06-01 16:00:00,0.05500000,0.05550000,0.05250000,0.05440000,14297107.50000000,TUSDT
2022-06-01 17:00:00,0.05440000,0.05580000,0.05300000,0.05440000,14000329.20000000,TUSDT
2022-06-01 18:00:00,0.05440000,0.05530000,0.05370000,0.05410000,9992720.00000000,TUSDT
2022-06-01 19:00:00,0.05400000,0.05560000,0.05360000,0.05550000,6301912.80000000,TUSDT
2022-06-01 20:00:00,0.05560000,0.05570000,0.05290000,0.05390000,8605402.80000000,TUSDT
2022-06-01 21:00:00,0.05380000,0.05700000,0.05370000,0.05460000,11226961.00000000,TUSDT
2022-06-01 22:00:00,0.05450000,0.05570000,0.05350000,0.05480000,8519715.90000000,TUSDT
2022-06-01 23:00:00,0.05480000,0.05640000,0.05370000,0.05390000,7710008.60000000,TUSDT
2022-06-02 00:00:00,0.05390000,0.05500000,0.04980000,0.05020000,21584426.20000000,TUSDT
2022-06-02 01:00:00,0.05020000,0.05400000,0.05000000,0.05090000,16153611.30000000,TUSDT
2022-06-02 02:00:00,0.05090000,0.05140000,0.05050000,0.05060000,2522761.30000000,TUSDT
2022-06-02 03:00:00,0.05070000,0.05070000,0.04940000,0.04960000,3395769.10000000,TUSDT
2022-06-02 04:00:00,0.04950000,0.05010000,0.04940000,0.04990000,2793837.50000000,TUSDT
2022-06-02 05:00:00,0.05000000,0.05070000,0.04970000,0.05050000,4063984.70000000,TUSDT
2022-06-02 06:00:00,0.05040000,0.05070000,0.05010000,0.05030000,3167692.10000000,TUSDT
2022-06-02 07:00:00,0.05030000,0.05080000,0.04990000,0.05060000,4400167.70000000,TUSDT
2022-06-02 08:00:00,0.05070000,0.05090000,0.04910000,0.04940000,6689633.40000000,TUSDT
2022-06-02 09:00:00,0.04930000,0.04990000,0.04870000,0.04960000,5537188.40000000,TUSDT
2022-06-02 10:00:00,0.04980000,0.04990000,0.04920000,0.04960000,3599645.30000000,TUSDT
2022-06-02 11:00:00,0.04950000,0.05030000,0.04940000,0.05010000,2155523.70000000,TUSDT
2022-06-02 12:00:00,0.05010000,0.05010000,0.04950000,0.04960000,2020179.60000000,TUSDT
2022-06-02 13:00:00,0.04960000,0.04960000,0.04840000,0.04900000,3743289.30000000,TUSDT
2022-06-02 14:00:00,0.04900000,0.04930000,0.04870000,0.04910000,1292099.10000000,TUSDT
2022-06-02 15:00:00,0.04920000,0.04990000,0.04920000,0.04930000,2811606.90000000,TUSDT
2022-06-02 16:00:00,0.04940000,0.04970000,0.04910000,0.04920000,2645914.00000000,TUSDT
2022-06-02 17:00:00,0.04920000,0.04960000,0.04910000,0.04930000,1792420.80000000,TUSDT
2022-06-02 18:00:00,0.04930000,0.04970000,0.04910000,0.04920000,1761217.20000000,TUSDT
2022-06-02 19:00:00,0.04920000,0.04920000,0.04850000,0.04920000,2432467.10000000,TUSDT
2022-06-02 20:00:00,0.04910000,0.04970000,0.04910000,0.04960000,2221731.00000000,TUSDT
2022-06-02 21:00:00,0.04950000,0.05040000,0.04940000,0.05020000,2246992.80000000,TUSDT
2022-06-02 22:00:00,0.05000000,0.05110000,0.05000000,0.05090000,3547646.20000000,TUSDT
2022-06-02 23:00:00,0.05100000,0.05100000,0.05020000,0.05040000,3024292.40000000,TUSDT
2022-06-03 00:00:00,0.05030000,0.05880000,0.05010000,0.05570000,31676138.30000000,TUSDT
2022-06-03 01:00:00,0.05590000,0.05840000,0.05520000,0.05580000,16068150.80000000,TUSDT
2022-06-03 02:00:00,0.05590000,0.05600000,0.05340000,0.05420000,4740363.40000000,TUSDT
2022-06-03 03:00:00,0.05420000,0.05430000,0.05310000,0.05340000,2741015.30000000,TUSDT
2022-06-03 04:00:00,0.05350000,0.05490000,0.05300000,0.05330000,4545443.80000000,TUSDT
2022-06-03 05:00:00,0.05340000,0.05460000,0.05310000,0.05360000,2040528.10000000,TUSDT
2022-06-03 06:00:00,0.05360000,0.05390000,0.05280000,0.05360000,2217631.70000000,TUSDT
2022-06-03 07:00:00,0.05350000,0.05420000,0.05310000,0.05360000,3395932.30000000,TUSDT
2022-06-03 08:00:00,0.05360000,0.05370000,0.05290000,0.05290000,4459877.50000000,TUSDT
2022-06-03 09:00:00,0.05290000,0.05320000,0.05130000,0.05150000,4208452.30000000,TUSDT
2022-06-03 10:00:00,0.05150000,0.05200000,0.05020000,0.05030000,4106880.40000000,TUSDT
2022-06-03 11:00:00,0.05030000,0.05150000,0.05000000,0.05130000,3501489.00000000,TUSDT
2022-06-03 12:00:00,0.05130000,0.05160000,0.04980000,0.05000000,4521042.50000000,TUSDT
2022-06-03 13:00:00,0.05000000,0.05140000,0.05000000,0.05120000,7032717.00000000,TUSDT
2022-06-03 14:00:00,0.05120000,0.05130000,0.05050000,0.05080000,1795446.50000000,TUSDT
2022-06-03 15:00:00,0.05080000,0.05150000,0.05070000,0.05080000,2858060.00000000,TUSDT
2022-06-03 16:00:00,0.05100000,0.05260000,0.05080000,0.05240000,4210276.50000000,TUSDT
2022-06-03 17:00:00,0.05230000,0.05260000,0.05170000,0.05190000,2542730.40000000,TUSDT
2022-06-03 18:00:00,0.05180000,0.05190000,0.05130000,0.05130000,1360196.20000000,TUSDT
2022-06-03 19:00:00,0.05130000,0.05160000,0.05090000,0.05150000,3048341.30000000,TUSDT
2022-06-03 20:00:00,0.05140000,0.05260000,0.05140000,0.05250000,1272492.30000000,TUSDT
2022-06-03 21:00:00,0.05250000,0.05380000,0.05180000,0.05230000,6286682.80000000,TUSDT
2022-06-03 22:00:00,0.05230000,0.05270000,0.05190000,0.05220000,1179323.80000000,TUSDT
2022-06-03 23:00:00,0.05230000,0.05330000,0.05210000,0.05240000,6555197.90000000,TUSDT
2022-06-04 00:00:00,0.05240000,0.05360000,0.05140000,0.05220000,7790702.70000000,TUSDT
2022-06-04 01:00:00,0.05220000,0.05230000,0.05080000,0.05080000,2248631.90000000,TUSDT
2022-06-04 02:00:00,0.05070000,0.05080000,0.04980000,0.05060000,2982331.20000000,TUSDT
2022-06-04 03:00:00,0.05060000,0.05070000,0.05020000,0.05030000,1079036.20000000,TUSDT
2022-06-04 04:00:00,0.05030000,0.05080000,0.05020000,0.05060000,1414163.20000000,TUSDT
2022-06-04 05:00:00,0.05050000,0.05050000,0.05000000,0.05030000,2468133.10000000,TUSDT
2022-06-04 06:00:00,0.05030000,0.05040000,0.05010000,0.05010000,649873.20000000,TUSDT
2022-06-04 07:00:00,0.05020000,0.05040000,0.05000000,0.05030000,724505.60000000,TUSDT
2022-06-04 08:00:00,0.05040000,0.05060000,0.05020000,0.05060000,755169.20000000,TUSDT
2022-06-04 09:00:00,0.05060000,0.05120000,0.05050000,0.05050000,1484018.60000000,TUSDT
2022-06-04 10:00:00,0.05070000,0.05070000,0.05030000,0.05050000,1270472.80000000,TUSDT
2022-06-04 11:00:00,0.05050000,0.05060000,0.05020000,0.05040000,1085255.50000000,TUSDT
2022-06-04 12:00:00,0.05020000,0.05040000,0.04890000,0.04910000,3135606.00000000,TUSDT
2022-06-04 13:00:00,0.04900000,0.04950000,0.04900000,0.04940000,752357.90000000,TUSDT
2022-06-04 14:00:00,0.04950000,0.04990000,0.04920000,0.04970000,1345853.00000000,TUSDT
2022-06-04 15:00:00,0.04970000,0.04990000,0.04960000,0.04970000,457195.50000000,TUSDT
2022-06-04 16:00:00,0.04970000,0.05040000,0.04950000,0.05010000,1935529.60000000,TUSDT
2022-06-04 17:00:00,0.05010000,0.05020000,0.04990000,0.05010000,945491.40000000,TUSDT
2022-06-04 18:00:00,0.05010000,0.05040000,0.05000000,0.05020000,1191299.10000000,TUSDT
2022-06-04 19:00:00,0.05020000,0.05030000,0.04980000,0.04990000,1046716.70000000,TUSDT
2022-06-04 20:00:00,0.04990000,0.05000000,0.04970000,0.04970000,1160648.00000000,TUSDT
2022-06-04 21:00:00,0.04970000,0.05000000,0.04960000,0.05000000,1475113.00000000,TUSDT
2022-06-04 22:00:00,0.05000000,0.05050000,0.04980000,0.05000000,1285775.50000000,TUSDT
2022-06-04 23:00:00,0.05010000,0.05050000,0.04990000,0.05050000,1553502.70000000,TUSDT
2022-06-05 00:00:00,0.05050000,0.06380000,0.05050000,0.05950000,63573807.70000000,TUSDT
2022-06-05 01:00:00,0.05950000,0.05960000,0.05490000,0.05540000,13078099.00000000,TUSDT
2022-06-05 02:00:00,0.05530000,0.05640000,0.05300000,0.05400000,12774745.70000000,TUSDT
2022-06-05 03:00:00,0.05400000,0.05430000,0.05300000,0.05380000,4082088.30000000,TUSDT
2022-06-05 04:00:00,0.05370000,0.05430000,0.05240000,0.05320000,8640532.10000000,TUSDT
2022-06-05 05:00:00,0.05320000,0.05370000,0.05290000,0.05320000,2280213.20000000,TUSDT
2022-06-05 06:00:00,0.05320000,0.05340000,0.05280000,0.05280000,1772640.50000000,TUSDT
2022-06-05 07:00:00,0.05280000,0.05310000,0.05220000,0.05290000,3364398.80000000,TUSDT
2022-06-05 08:00:00,0.05290000,0.05310000,0.05260000,0.05280000,2940492.10000000,TUSDT
2022-06-05 09:00:00,0.05270000,0.05320000,0.05210000,0.05300000,2922382.00000000,TUSDT
2022-06-05 10:00:00,0.05300000,0.05570000,0.05250000,0.05350000,12690899.40000000,TUSDT
2022-06-05 11:00:00,0.05350000,0.05410000,0.05270000,0.05350000,7302795.40000000,TUSDT
2022-06-05 12:00:00,0.05350000,0.05420000,0.05290000,0.05350000,6373223.00000000,TUSDT
2022-06-05 13:00:00,0.05340000,0.05340000,0.05250000,0.05280000,3089303.40000000,TUSDT
2022-06-05 14:00:00,0.05280000,0.05310000,0.05260000,0.05290000,1501462.70000000,TUSDT
2022-06-05 15:00:00,0.05300000,0.05410000,0.05290000,0.05330000,5187283.90000000,TUSDT
2022-06-05 16:00:00,0.05330000,0.05390000,0.05320000,0.05330000,1989364.50000000,TUSDT
2022-06-05 17:00:00,0.05320000,0.05430000,0.05320000,0.05420000,2393940.40000000,TUSDT
2022-06-05 18:00:00,0.05400000,0.05430000,0.05340000,0.05350000,1616734.20000000,TUSDT
2022-06-05 19:00:00,0.05350000,0.05350000,0.05310000,0.05340000,1337792.40000000,TUSDT
2022-06-05 20:00:00,0.05320000,0.05340000,0.05300000,0.05310000,1863428.30000000,TUSDT
2022-06-05 21:00:00,0.05310000,0.05330000,0.05290000,0.05320000,1965026.70000000,TUSDT
2022-06-05 22:00:00,0.05330000,0.05340000,0.05290000,0.05300000,2440448.60000000,TUSDT
2022-06-05 23:00:00,0.05320000,0.05380000,0.05310000,0.05340000,2628269.30000000,TUSDT
2022-06-06 00:00:00,0.05330000,0.05330000,0.05070000,0.05130000,8378202.30000000,TUSDT
2022-06-06 01:00:00,0.05120000,0.05230000,0.05120000,0.05220000,3299070.70000000,TUSDT
2022-06-06 02:00:00,0.05220000,0.05290000,0.05210000,0.05210000,1623537.40000000,TUSDT
2022-06-06 03:00:00,0.05210000,0.05250000,0.05180000,0.05250000,1090943.00000000,TUSDT
2022-06-06 04:00:00,0.05240000,0.05260000,0.05210000,0.05240000,1209525.70000000,TUSDT
2022-06-06 05:00:00,0.05240000,0.05240000,0.05210000,0.05220000,2589717.40000000,TUSDT
2022-06-06 06:00:00,0.05210000,0.05280000,0.05210000,0.05260000,959756.00000000,TUSDT
2022-06-06 07:00:00,0.05270000,0.05300000,0.05260000,0.05290000,1373496.70000000,TUSDT
2022-06-06 08:00:00,0.05270000,0.05490000,0.05270000,0.05400000,6571881.10000000,TUSDT
2022-06-06 09:00:00,0.05400000,0.05640000,0.05360000,0.05510000,9563011.90000000,TUSDT
2022-06-06 10:00:00,0.05500000,0.05510000,0.05420000,0.05420000,2340456.60000000,TUSDT
2022-06-06 11:00:00,0.05420000,0.05460000,0.05350000,0.05380000,3246073.60000000,TUSDT
2022-06-06 12:00:00,0.05380000,0.05420000,0.05370000,0.05410000,808888.00000000,TUSDT
2022-06-06 13:00:00,0.05420000,0.05430000,0.05370000,0.05380000,3020027.10000000,TUSDT
2022-06-06 14:00:00,0.05380000,0.05450000,0.05380000,0.05390000,1567306.20000000,TUSDT
2022-06-06 15:00:00,0.05380000,0.05400000,0.05310000,0.05390000,2582493.40000000,TUSDT
2022-06-06 16:00:00,0.05400000,0.05400000,0.05290000,0.05290000,1908128.20000000,TUSDT
2022-06-06 17:00:00,0.05290000,0.05360000,0.05170000,0.05280000,8907651.50000000,TUSDT
2022-06-06 18:00:00,0.05270000,0.05340000,0.05270000,0.05320000,2445413.80000000,TUSDT
2022-06-06 19:00:00,0.05310000,0.05320000,0.05280000,0.05310000,1483871.60000000,TUSDT
2022-06-06 20:00:00,0.05310000,0.05330000,0.05290000,0.05330000,486734.00000000,TUSDT
2022-06-06 21:00:00,0.05330000,0.05460000,0.05320000,0.05420000,5279256.00000000,TUSDT
2022-06-06 22:00:00,0.05420000,0.05440000,0.05380000,0.05400000,1545346.00000000,TUSDT
2022-06-06 23:00:00,0.05400000,0.05410000,0.05360000,0.05410000,2672976.60000000,TUSDT
2022-06-07 00:00:00,0.05410000,0.05410000,0.05090000,0.05110000,7368274.20000000,TUSDT
2022-06-07 01:00:00,0.05090000,0.05130000,0.04960000,0.04990000,7202365.70000000,TUSDT
2022-06-07 02:00:00,0.04980000,0.05030000,0.04960000,0.05030000,2246711.70000000,TUSDT
2022-06-07 03:00:00,0.05010000,0.05080000,0.05010000,0.05060000,1252706.70000000,TUSDT
2022-06-07 04:00:00,0.05060000,0.05060000,0.04990000,0.05050000,2547919.10000000,TUSDT
2022-06-07 05:00:00,0.05050000,0.05060000,0.05010000,0.05040000,973003.70000000,TUSDT
2022-06-07 06:00:00,0.05030000,0.05050000,0.05010000,0.05040000,1512296.10000000,TUSDT
2022-06-07 07:00:00,0.05040000,0.05050000,0.05030000,0.05040000,1030390.50000000,TUSDT
2022-06-07 08:00:00,0.05030000,0.05080000,0.05030000,0.05070000,1349056.70000000,TUSDT
2022-06-07 09:00:00,0.05070000,0.05070000,0.05000000,0.05020000,2908028.10000000,TUSDT
2022-06-07 10:00:00,0.05010000,0.05020000,0.04970000,0.05020000,872327.00000000,TUSDT
2022-06-07 11:00:00,0.05010000,0.05010000,0.04830000,0.04920000,3797299.10000000,TUSDT
2022-06-07 12:00:00,0.04920000,0.04920000,0.04820000,0.04870000,1866105.00000000,TUSDT
2022-06-07 13:00:00,0.04870000,0.04960000,0.04870000,0.04940000,799147.30000000,TUSDT
2022-06-07 14:00:00,0.04960000,0.05020000,0.04940000,0.05000000,611829.60000000,TUSDT
2022-06-07 15:00:00,0.05000000,0.05010000,0.04960000,0.04990000,1205403.50000000,TUSDT
2022-06-07 16:00:00,0.04990000,0.05000000,0.04940000,0.04970000,1439771.70000000,TUSDT
2022-06-07 17:00:00,0.04970000,0.05030000,0.04950000,0.05010000,1728000.80000000,TUSDT
2022-06-07 18:00:00,0.05010000,0.05090000,0.05010000,0.05060000,586995.80000000,TUSDT
2022-06-07 19:00:00,0.05060000,0.05150000,0.05060000,0.05090000,2514806.40000000,TUSDT
2022-06-07 20:00:00,0.05100000,0.05200000,0.05100000,0.05160000,2853291.80000000,TUSDT
2022-06-07 21:00:00,0.05160000,0.05230000,0.05130000,0.05200000,4406349.40000000,TUSDT
2022-06-07 22:00:00,0.05200000,0.05220000,0.04980000,0.05080000,3164826.70000000,TUSDT
2022-06-07 23:00:00,0.05080000,0.05150000,0.05050000,0.05110000,2078492.50000000,TUSDT
2022-06-08 00:00:00,0.05100000,0.06000000,0.05100000,0.05450000,30485906.50000000,TUSDT
2022-06-08 01:00:00,0.05450000,0.05670000,0.05420000,0.05490000,8355809.80000000,TUSDT
2022-06-08 02:00:00,0.05480000,0.05590000,0.05470000,0.05530000,2369606.30000000,TUSDT
2022-06-08 03:00:00,0.05540000,0.05540000,0.05290000,0.05400000,4894896.10000000,TUSDT
2022-06-08 04:00:00,0.05400000,0.05450000,0.05360000,0.05440000,1593378.40000000,TUSDT
2022-06-08 05:00:00,0.05450000,0.05500000,0.05420000,0.05440000,3066802.00000000,TUSDT
2022-06-08 06:00:00,0.05430000,0.05500000,0.05430000,0.05460000,1289879.00000000,TUSDT
2022-06-08 07:00:00,0.05460000,0.05460000,0.05300000,0.05320000,4126563.70000000,TUSDT
2022-06-08 08:00:00,0.05320000,0.05360000,0.05270000,0.05280000,1275355.40000000,TUSDT
2022-06-08 09:00:00,0.05280000,0.05320000,0.05260000,0.05310000,1348413.10000000,TUSDT
2022-06-08 10:00:00,0.05320000,0.05350000,0.05300000,0.05330000,902349.00000000,TUSDT
2022-06-08 11:00:00,0.05320000,0.05380000,0.05310000,0.05310000,2328536.90000000,TUSDT
2022-06-08 12:00:00,0.05300000,0.05320000,0.05250000,0.05280000,1306081.70000000,TUSDT
2022-06-08 13:00:00,0.05270000,0.05350000,0.05230000,0.05340000,2723058.10000000,TUSDT
2022-06-08 14:00:00,0.05320000,0.05330000,0.05270000,0.05290000,1889031.90000000,TUSDT
2022-06-08 15:00:00,0.05290000,0.05320000,0.05280000,0.05310000,916266.90000000,TUSDT
2022-06-08 16:00:00,0.05310000,0.05320000,0.05270000,0.05290000,1461031.10000000,TUSDT
2022-06-08 17:00:00,0.05280000,0.05300000,0.05280000,0.05290000,731212.60000000,TUSDT
2022-06-08 18:00:00,0.05290000,0.05290000,0.05220000,0.05260000,1770829.10000000,TUSDT
2022-06-08 19:00:00,0.05260000,0.05270000,0.05240000,0.05270000,678247.80000000,TUSDT
2022-06-08 20:00:00,0.05270000,0.05280000,0.05230000,0.05240000,836253.10000000,TUSDT
2022-06-08 21:00:00,0.05240000,0.05310000,0.05230000,0.05290000,1547661.70000000,TUSDT
2022-06-08 22:00:00,0.05280000,0.05360000,0.05260000,0.05330000,1826943.70000000,TUSDT
2022-06-08 23:00:00,0.05330000,0.05340000,0.05280000,0.05310000,759083.90000000,TUSDT
2022-06-09 00:00:00,0.05310000,0.05320000,0.05080000,0.05130000,4226134.70000000,TUSDT
2022-06-09 01:00:00,0.05130000,0.05180000,0.05100000,0.05100000,1737474.20000000,TUSDT
2022-06-09 02:00:00,0.05110000,0.05110000,0.05080000,0.05110000,634168.10000000,TUSDT
2022-06-09 03:00:00,0.05110000,0.05150000,0.05080000,0.05150000,618852.30000000,TUSDT
2022-06-09 04:00:00,0.05140000,0.05140000,0.05090000,0.05090000,984035.30000000,TUSDT
2022-06-09 05:00:00,0.05100000,0.05130000,0.05100000,0.05120000,1324723.30000000,TUSDT
2022-06-09 06:00:00,0.05120000,0.05150000,0.05110000,0.05140000,562381.50000000,TUSDT
2022-06-09 07:00:00,0.05140000,0.05180000,0.05130000,0.05170000,1031353.20000000,TUSDT
2022-06-09 08:00:00,0.05170000,0.05190000,0.05160000,0.05180000,1038621.70000000,TUSDT
2022-06-09 09:00:00,0.05180000,0.05210000,0.05170000,0.05190000,1176323.80000000,TUSDT
2022-06-09 10:00:00,0.05180000,0.05220000,0.05180000,0.05190000,1384332.90000000,TUSDT
2022-06-09 11:00:00,0.05190000,0.05220000,0.05130000,0.05160000,681258.80000000,TUSDT
2022-06-09 12:00:00,0.05170000,0.05190000,0.05120000,0.05120000,377421.40000000,TUSDT
2022-06-09 13:00:00,0.05140000,0.05140000,0.05100000,0.05120000,571095.10000000,TUSDT
2022-06-09 14:00:00,0.05130000,0.05160000,0.05120000,0.05130000,798049.00000000,TUSDT
2022-06-09 15:00:00,0.05140000,0.05150000,0.05100000,0.05140000,1908554.00000000,TUSDT
2022-06-09 16:00:00,0.05150000,0.05170000,0.05130000,0.05150000,349808.20000000,TUSDT
2022-06-09 17:00:00,0.05150000,0.05240000,0.05150000,0.05170000,1285052.30000000,TUSDT
2022-06-09 18:00:00,0.05180000,0.05190000,0.05150000,0.05160000,858777.30000000,TUSDT
2022-06-09 19:00:00,0.05160000,0.05190000,0.05150000,0.05160000,660294.80000000,TUSDT
2022-06-09 20:00:00,0.05160000,0.05200000,0.05150000,0.05180000,1544781.20000000,TUSDT
2022-06-09 21:00:00,0.05170000,0.05180000,0.05160000,0.05160000,156779.50000000,TUSDT
2022-06-09 22:00:00,0.05180000,0.05220000,0.05140000,0.05160000,864076.70000000,TUSDT
2022-06-09 23:00:00,0.05150000,0.05230000,0.05130000,0.05210000,1679028.20000000,TUSDT
2022-06-10 00:00:00,0.05210000,0.05210000,0.05020000,0.05030000,2040733.60000000,TUSDT
2022-06-10 01:00:00,0.05040000,0.05040000,0.04970000,0.05030000,1940693.70000000,TUSDT
2022-06-10 02:00:00,0.05020000,0.05090000,0.05010000,0.05080000,1484637.10000000,TUSDT
2022-06-10 03:00:00,0.05090000,0.05140000,0.05090000,0.05100000,645168.80000000,TUSDT
2022-06-10 04:00:00,0.05100000,0.05120000,0.05090000,0.05120000,477262.70000000,TUSDT
2022-06-10 05:00:00,0.05120000,0.05140000,0.05090000,0.05090000,983537.00000000,TUSDT
2022-06-10 06:00:00,0.05090000,0.05100000,0.05060000,0.05060000,330659.00000000,TUSDT
2022-06-10 07:00:00,0.05060000,0.05070000,0.05020000,0.05030000,647655.60000000,TUSDT
2022-06-10 08:00:00,0.05040000,0.05040000,0.05000000,0.05010000,1088592.30000000,TUSDT
2022-06-10 09:00:00,0.05000000,0.05000000,0.04970000,0.04980000,578465.60000000,TUSDT
2022-06-10 10:00:00,0.04980000,0.05010000,0.04970000,0.04980000,763317.30000000,TUSDT
2022-06-10 11:00:00,0.04990000,0.05040000,0.04980000,0.05020000,1120838.70000000,TUSDT
2022-06-10 12:00:00,0.05030000,0.05030000,0.04840000,0.04860000,4097301.60000000,TUSDT
2022-06-10 13:00:00,0.04860000,0.04870000,0.04710000,0.04760000,4438491.20000000,TUSDT
2022-06-10 14:00:00,0.04760000,0.04870000,0.04730000,0.04850000,1699909.30000000,TUSDT
2022-06-10 15:00:00,0.04840000,0.04850000,0.04820000,0.04830000,330954.80000000,TUSDT
2022-06-10 16:00:00,0.04830000,0.04840000,0.04710000,0.04770000,1231452.90000000,TUSDT
2022-06-10 17:00:00,0.04760000,0.04780000,0.04730000,0.04780000,589555.30000000,TUSDT
2022-06-10 18:00:00,0.04770000,0.04820000,0.04750000,0.04760000,2412222.70000000,TUSDT
2022-06-10 19:00:00,0.04760000,0.04800000,0.04750000,0.04750000,1217204.00000000,TUSDT
2022-06-10 20:00:00,0.04760000,0.04800000,0.04750000,0.04770000,1776225.90000000,TUSDT
2022-06-10 21:00:00,0.04780000,0.04830000,0.04760000,0.04820000,1047830.20000000,TUSDT
2022-06-10 22:00:00,0.04820000,0.04820000,0.04790000,0.04810000,1431319.30000000,TUSDT
2022-06-10 23:00:00,0.04810000,0.04870000,0.04770000,0.04860000,839865.10000000,TUSDT
2022-06-11 00:00:00,0.04870000,0.04890000,0.04750000,0.04820000,1811904.00000000,TUSDT
2022-06-11 01:00:00,0.04820000,0.04840000,0.04760000,0.04790000,4258076.00000000,TUSDT
2022-06-11 02:00:00,0.04790000,0.04790000,0.04770000,0.04790000,468919.10000000,TUSDT
2022-06-11 03:00:00,0.04790000,0.04810000,0.04790000,0.04800000,660802.60000000,TUSDT
2022-06-11 04:00:00,0.04800000,0.04800000,0.04780000,0.04800000,2011545.00000000,TUSDT
2022-06-11 05:00:00,0.04790000,0.05030000,0.04780000,0.04820000,4225317.80000000,TUSDT
2022-06-11 06:00:00,0.04810000,0.04840000,0.04810000,0.04820000,483617.80000000,TUSDT
2022-06-11 07:00:00,0.04820000,0.04850000,0.04800000,0.04840000,786080.50000000,TUSDT
2022-06-11 08:00:00,0.04840000,0.04860000,0.04680000,0.04680000,3159025.80000000,TUSDT
2022-06-11 09:00:00,0.04670000,0.04710000,0.04620000,0.04690000,1304591.60000000,TUSDT
2022-06-11 10:00:00,0.04690000,0.04700000,0.04650000,0.04660000,2757311.50000000,TUSDT
2022-06-11 11:00:00,0.04660000,0.04660000,0.04570000,0.04600000,1726613.50000000,TUSDT
2022-06-11 12:00:00,0.04600000,0.04640000,0.04540000,0.04540000,2121097.70000000,TUSDT
2022-06-11 13:00:00,0.04550000,0.04550000,0.04440000,0.04510000,3147158.50000000,TUSDT
2022-06-11 14:00:00,0.04510000,0.04520000,0.04400000,0.04400000,1290518.80000000,TUSDT
2022-06-11 15:00:00,0.04390000,0.04430000,0.04270000,0.04340000,2986178.00000000,TUSDT
2022-06-11 16:00:00,0.04340000,0.04410000,0.04300000,0.04400000,1174550.10000000,TUSDT
2022-06-11 17:00:00,0.04410000,0.04480000,0.04400000,0.04440000,1074334.20000000,TUSDT
2022-06-11 18:00:00,0.04430000,0.04510000,0.04430000,0.04510000,365738.80000000,TUSDT
2022-06-11 19:00:00,0.04500000,0.04510000,0.04450000,0.04460000,1065076.30000000,TUSDT
2022-06-11 20:00:00,0.04460000,0.04470000,0.04360000,0.04370000,1959484.50000000,TUSDT
2022-06-11 21:00:00,0.04370000,0.04440000,0.04360000,0.04430000,2515891.20000000,TUSDT
2022-06-11 22:00:00,0.04430000,0.04470000,0.04410000,0.04470000,2532390.50000000,TUSDT
2022-06-11 23:00:00,0.04470000,0.04500000,0.04380000,0.04500000,3323907.10000000,TUSDT
2022-06-12 00:00:00,0.04500000,0.05360000,0.04500000,0.04710000,36214445.00000000,TUSDT
2022-06-12 01:00:00,0.04710000,0.04770000,0.04520000,0.04610000,9181988.10000000,TUSDT
2022-06-12 02:00:00,0.04610000,0.04650000,0.04310000,0.04470000,12171634.40000000,TUSDT
2022-06-12 03:00:00,0.04470000,0.04620000,0.04470000,0.04590000,5641059.00000000,TUSDT
2022-06-12 04:00:00,0.04580000,0.04760000,0.04520000,0.04560000,4612781.80000000,TUSDT
2022-06-12 05:00:00,0.04560000,0.04600000,0.04450000,0.04530000,4498255.30000000,TUSDT
2022-06-12 06:00:00,0.04520000,0.04640000,0.04520000,0.04610000,3129721.80000000,TUSDT
2022-06-12 07:00:00,0.04610000,0.04660000,0.04560000,0.04640000,2121616.10000000,TUSDT
2022-06-12 08:00:00,0.04630000,0.04640000,0.04570000,0.04570000,2750751.30000000,TUSDT
2022-06-12 09:00:00,0.04570000,0.04580000,0.04520000,0.04550000,2420446.40000000,TUSDT
2022-06-12 10:00:00,0.04550000,0.04560000,0.04490000,0.04500000,1802438.00000000,TUSDT
2022-06-12 11:00:00,0.04500000,0.04530000,0.04470000,0.04500000,1848551.50000000,TUSDT
2022-06-12 12:00:00,0.04500000,0.04560000,0.04490000,0.04530000,2579715.90000000,TUSDT
2022-06-12 13:00:00,0.04530000,0.04540000,0.04400000,0.04420000,2462701.60000000,TUSDT
2022-06-12 14:00:00,0.04430000,0.04600000,0.04320000,0.04550000,6053083.40000000,TUSDT
2022-06-12 15:00:00,0.04550000,0.04620000,0.04540000,0.04560000,2307030.00000000,TUSDT
2022-06-12 16:00:00,0.04560000,0.04600000,0.04500000,0.04510000,1628283.00000000,TUSDT
2022-06-12 17:00:00,0.04510000,0.04650000,0.04510000,0.04590000,7239660.10000000,TUSDT
2022-06-12 18:00:00,0.04590000,0.04610000,0.04550000,0.04550000,943123.00000000,TUSDT
2022-06-12 19:00:00,0.04550000,0.04560000,0.04480000,0.04490000,3620851.30000000,TUSDT
2022-06-12 20:00:00,0.04480000,0.04520000,0.04450000,0.04480000,2575325.40000000,TUSDT
2022-06-12 21:00:00,0.04470000,0.04550000,0.04460000,0.04460000,1669432.10000000,TUSDT
2022-06-12 22:00:00,0.04470000,0.04470000,0.04390000,0.04400000,1357511.40000000,TUSDT
2022-06-12 23:00:00,0.04390000,0.04440000,0.04300000,0.04300000,1094248.10000000,TUSDT
2022-06-13 00:00:00,0.04310000,0.04360000,0.04000000,0.04000000,9309558.00000000,TUSDT
2022-06-13 01:00:00,0.04000000,0.04070000,0.03810000,0.03880000,7784012.80000000,TUSDT
2022-06-13 02:00:00,0.03880000,0.03950000,0.03850000,0.03870000,4025795.30000000,TUSDT
2022-06-13 03:00:00,0.03860000,0.03970000,0.03790000,0.03910000,4741140.50000000,TUSDT
2022-06-13 04:00:00,0.03900000,0.04030000,0.03890000,0.03890000,2479871.60000000,TUSDT
2022-06-13 05:00:00,0.03890000,0.03950000,0.03830000,0.03880000,2867916.90000000,TUSDT
2022-06-13 06:00:00,0.03880000,0.03930000,0.03820000,0.03870000,6006642.30000000,TUSDT
2022-06-13 07:00:00,0.03880000,0.03890000,0.03640000,0.03690000,5016507.70000000,TUSDT
2022-06-13 08:00:00,0.03700000,0.03750000,0.03560000,0.03560000,5267434.00000000,TUSDT
2022-06-13 09:00:00,0.03560000,0.03660000,0.03450000,0.03560000,9228773.90000000,TUSDT
2022-06-13 10:00:00,0.03560000,0.03630000,0.03530000,0.03570000,4528375.90000000,TUSDT
2022-06-13 11:00:00,0.03570000,0.03590000,0.03460000,0.03550000,6301695.30000000,TUSDT
2022-06-13 12:00:00,0.03550000,0.03640000,0.03540000,0.03560000,4406696.50000000,TUSDT
2022-06-13 13:00:00,0.03550000,0.03610000,0.03470000,0.03590000,2994828.10000000,TUSDT
2022-06-13 14:00:00,0.03590000,0.03600000,0.03440000,0.03530000,1619202.10000000,TUSDT
2022-06-13 15:00:00,0.03520000,0.03620000,0.03470000,0.03600000,2916041.70000000,TUSDT
2022-06-13 16:00:00,0.03590000,0.03720000,0.03570000,0.03640000,5655013.20000000,TUSDT
2022-06-13 17:00:00,0.03650000,0.03670000,0.03610000,0.03660000,1632274.60000000,TUSDT
2022-06-13 18:00:00,0.03640000,0.03700000,0.03640000,0.03690000,872901.60000000,TUSDT
2022-06-13 19:00:00,0.03690000,0.03710000,0.03610000,0.03650000,2967009.50000000,TUSDT
2022-06-13 20:00:00,0.03650000,0.03730000,0.03630000,0.03640000,2859914.60000000,TUSDT
2022-06-13 21:00:00,0.03650000,0.03670000,0.03620000,0.03620000,551594.90000000,TUSDT
2022-06-13 22:00:00,0.03630000,0.03630000,0.03510000,0.03510000,725743.30000000,TUSDT
2022-06-13 23:00:00,0.03500000,0.03660000,0.03460000,0.03630000,4673683.10000000,TUSDT
2022-06-14 00:00:00,0.03670000,0.03910000,0.03380000,0.03380000,13041111.40000000,TUSDT
2022-06-14 01:00:00,0.03390000,0.03420000,0.03130000,0.03140000,8275958.80000000,TUSDT
2022-06-14 02:00:00,0.03140000,0.03300000,0.03130000,0.03270000,9326901.90000000,TUSDT
2022-06-14 03:00:00,0.03280000,0.03450000,0.03260000,0.03420000,7699006.50000000,TUSDT
2022-06-14 04:00:00,0.03430000,0.03520000,0.03370000,0.03420000,5195916.80000000,TUSDT
2022-06-14 05:00:00,0.03420000,0.03650000,0.03420000,0.03610000,2995683.40000000,TUSDT
2022-06-14 06:00:00,0.03600000,0.03640000,0.03510000,0.03590000,2813486.20000000,TUSDT
2022-06-14 07:00:00,0.03590000,0.03640000,0.03510000,0.03620000,5288371.70000000,TUSDT
2022-06-14 08:00:00,0.03620000,0.03630000,0.03520000,0.03550000,2581337.90000000,TUSDT
2022-06-14 09:00:00,0.03550000,0.03570000,0.03480000,0.03480000,1999292.70000000,TUSDT
2022-06-14 10:00:00,0.03480000,0.03530000,0.03460000,0.03470000,1697115.60000000,TUSDT
2022-06-14 11:00:00,0.03470000,0.03480000,0.03410000,0.03470000,1227825.90000000,TUSDT
2022-06-14 12:00:00,0.03460000,0.03500000,0.03410000,0.03460000,3188706.40000000,TUSDT
2022-06-14 13:00:00,0.03460000,0.03550000,0.03440000,0.03520000,3617416.10000000,TUSDT
2022-06-14 14:00:00,0.03530000,0.03530000,0.03440000,0.03490000,2745149.00000000,TUSDT
2022-06-14 15:00:00,0.03490000,0.03620000,0.03480000,0.03610000,3546988.60000000,TUSDT
2022-06-14 16:00:00,0.03610000,0.03630000,0.03500000,0.03500000,5381977.10000000,TUSDT
2022-06-14 17:00:00,0.03500000,0.03530000,0.03470000,0.03470000,2466376.30000000,TUSDT
2022-06-14 18:00:00,0.03480000,0.03520000,0.03430000,0.03440000,4066991.30000000,TUSDT
2022-06-14 19:00:00,0.03440000,0.03480000,0.03420000,0.03460000,768172.60000000,TUSDT
2022-06-14 20:00:00,0.03460000,0.03480000,0.03410000,0.03440000,1450631.90000000,TUSDT
2022-06-14 21:00:00,0.03440000,0.03460000,0.03390000,0.03420000,1869320.60000000,TUSDT
2022-06-14 22:00:00,0.03420000,0.03470000,0.03410000,0.03460000,1220667.80000000,TUSDT
2022-06-14 23:00:00,0.03450000,0.03660000,0.03450000,0.03640000,6793725.20000000,TUSDT
2022-06-15 00:00:00,0.03630000,0.03660000,0.03490000,0.03490000,4417618.00000000,TUSDT
2022-06-15 01:00:00,0.03500000,0.03590000,0.03500000,0.03560000,818352.70000000,TUSDT
2022-06-15 02:00:00,0.03560000,0.03560000,0.03500000,0.03510000,768838.20000000,TUSDT
2022-06-15 03:00:00,0.03510000,0.03520000,0.03420000,0.03420000,943622.70000000,TUSDT
2022-06-15 04:00:00,0.03420000,0.03420000,0.03330000,0.03360000,1859505.30000000,TUSDT
2022-06-15 05:00:00,0.03370000,0.03390000,0.03260000,0.03310000,2307595.50000000,TUSDT
2022-06-15 06:00:00,0.03320000,0.03350000,0.03270000,0.03340000,2229412.60000000,TUSDT
2022-06-15 07:00:00,0.03340000,0.03350000,0.03220000,0.03240000,1478230.60000000,TUSDT
2022-06-15 08:00:00,0.03240000,0.03240000,0.03110000,0.03120000,5162433.90000000,TUSDT
2022-06-15 09:00:00,0.03130000,0.03180000,0.03110000,0.03140000,1694961.20000000,TUSDT
2022-06-15 10:00:00,0.03150000,0.03260000,0.03130000,0.03210000,2866799.50000000,TUSDT
2022-06-15 11:00:00,0.03210000,0.03320000,0.03170000,0.03300000,2699997.80000000,TUSDT
2022-06-15 12:00:00,0.03300000,0.03350000,0.03280000,0.03310000,1427069.40000000,TUSDT
2022-06-15 13:00:00,0.03310000,0.03410000,0.03290000,0.03370000,1863289.90000000,TUSDT
2022-06-15 14:00:00,0.03370000,0.03420000,0.03260000,0.03280000,2168163.80000000,TUSDT
2022-06-15 15:00:00,0.03300000,0.03330000,0.03280000,0.03330000,446516.10000000,TUSDT
2022-06-15 16:00:00,0.03330000,0.03350000,0.03240000,0.03250000,804626.10000000,TUSDT
2022-06-15 17:00:00,0.03260000,0.03390000,0.03210000,0.03370000,3126578.70000000,TUSDT
2022-06-15 18:00:00,0.03360000,0.03480000,0.03170000,0.03440000,5108705.80000000,TUSDT
2022-06-15 19:00:00,0.03430000,0.03570000,0.03430000,0.03500000,2248691.30000000,TUSDT
2022-06-15 20:00:00,0.03500000,0.03550000,0.03460000,0.03520000,1435083.30000000,TUSDT
2022-06-15 21:00:00,0.03520000,0.03660000,0.03510000,0.03650000,861596.60000000,TUSDT
2022-06-15 22:00:00,0.03650000,0.03720000,0.03640000,0.03680000,2406305.30000000,TUSDT
2022-06-15 23:00:00,0.03670000,0.03830000,0.03660000,0.03810000,3599257.50000000,TUSDT
2022-06-16 00:00:00,0.03810000,0.03820000,0.03690000,0.03730000,4936177.60000000,TUSDT
2022-06-16 01:00:00,0.03720000,0.03770000,0.03650000,0.03660000,1392899.20000000,TUSDT
2022-06-16 02:00:00,0.03650000,0.03680000,0.03620000,0.03650000,627146.30000000,TUSDT
2022-06-16 03:00:00,0.03660000,0.03670000,0.03610000,0.03620000,576065.40000000,TUSDT
2022-06-16 04:00:00,0.03620000,0.03680000,0.03610000,0.03640000,1386000.70000000,TUSDT
2022-06-16 05:00:00,0.03650000,0.03650000,0.03610000,0.03620000,2256242.70000000,TUSDT
2022-06-16 06:00:00,0.03620000,0.03670000,0.03610000,0.03630000,2108086.80000000,TUSDT
2022-06-16 07:00:00,0.03640000,0.03660000,0.03560000,0.03580000,1156675.10000000,TUSDT
2022-06-16 08:00:00,0.03580000,0.03660000,0.03550000,0.03640000,2093431.80000000,TUSDT
2022-06-16 09:00:00,0.03640000,0.03870000,0.03500000,0.03530000,8870838.40000000,TUSDT
2022-06-16 10:00:00,0.03530000,0.03550000,0.03380000,0.03480000,3432985.60000000,TUSDT
2022-06-16 11:00:00,0.03480000,0.03520000,0.03440000,0.03500000,1500445.00000000,TUSDT
2022-06-16 12:00:00,0.03510000,0.03520000,0.03450000,0.03470000,1370640.30000000,TUSDT
2022-06-16 13:00:00,0.03460000,0.03500000,0.03430000,0.03440000,4879977.20000000,TUSDT
2022-06-16 14:00:00,0.03440000,0.03480000,0.03380000,0.03440000,3149675.20000000,TUSDT
2022-06-16 15:00:00,0.03440000,0.03500000,0.03440000,0.03470000,538917.60000000,TUSDT
2022-06-16 16:00:00,0.03460000,0.03520000,0.03440000,0.03510000,1895287.20000000,TUSDT
2022-06-16 17:00:00,0.03500000,0.03540000,0.03480000,0.03490000,476237.50000000,TUSDT
2022-06-16 18:00:00,0.03490000,0.03510000,0.03480000,0.03500000,400251.80000000,TUSDT
2022-06-16 19:00:00,0.03510000,0.03530000,0.03490000,0.03490000,219535.50000000,TUSDT
2022-06-16 20:00:00,0.03500000,0.03530000,0.03460000,0.03480000,304504.50000000,TUSDT
2022-06-16 21:00:00,0.03470000,0.03550000,0.03470000,0.03490000,203849.00000000,TUSDT
2022-06-16 22:00:00,0.03480000,0.03480000,0.03430000,0.03430000,793651.00000000,TUSDT
2022-06-16 23:00:00,0.03440000,0.03510000,0.03370000,0.03480000,1102129.80000000,TUSDT
2022-06-17 00:00:00,0.03490000,0.03690000,0.03350000,0.03420000,6692396.00000000,TUSDT
2022-06-17 01:00:00,0.03420000,0.03520000,0.03400000,0.03520000,1658574.90000000,TUSDT
2022-06-17 02:00:00,0.03520000,0.03540000,0.03440000,0.03440000,1989381.50000000,TUSDT
2022-06-17 03:00:00,0.03440000,0.03460000,0.03410000,0.03410000,643819.20000000,TUSDT
2022-06-17 04:00:00,0.03420000,0.03470000,0.03410000,0.03460000,636305.80000000,TUSDT
2022-06-17 05:00:00,0.03460000,0.03520000,0.03450000,0.03510000,580111.70000000,TUSDT
2022-06-17 06:00:00,0.03510000,0.03590000,0.03490000,0.03550000,787904.60000000,TUSDT
2022-06-17 07:00:00,0.03540000,0.03600000,0.03530000,0.03570000,1333463.10000000,TUSDT
2022-06-17 08:00:00,0.03570000,0.03610000,0.03550000,0.03550000,735189.90000000,TUSDT
2022-06-17 09:00:00,0.03550000,0.03560000,0.03510000,0.03520000,697659.60000000,TUSDT
2022-06-17 10:00:00,0.03520000,0.03570000,0.03490000,0.03570000,1764892.20000000,TUSDT
2022-06-17 11:00:00,0.03570000,0.03580000,0.03540000,0.03540000,579040.70000000,TUSDT
2022-06-17 12:00:00,0.03540000,0.03550000,0.03490000,0.03500000,693000.90000000,TUSDT
2022-06-17 13:00:00,0.03500000,0.03550000,0.03480000,0.03540000,1075760.10000000,TUSDT
2022-06-17 14:00:00,0.03530000,0.03530000,0.03470000,0.03500000,1134171.70000000,TUSDT
2022-06-17 15:00:00,0.03510000,0.03530000,0.03500000,0.03530000,519489.90000000,TUSDT
2022-06-17 16:00:00,0.03520000,0.03550000,0.03510000,0.03520000,513051.60000000,TUSDT
2022-06-17 17:00:00,0.03520000,0.03560000,0.03520000,0.03530000,1049185.00000000,TUSDT
2022-06-17 18:00:00,0.03530000,0.03550000,0.03520000,0.03530000,1012266.10000000,TUSDT
2022-06-17 19:00:00,0.03530000,0.03560000,0.03520000,0.03550000,163349.00000000,TUSDT
2022-06-17 20:00:00,0.03550000,0.03600000,0.03550000,0.03570000,977816.30000000,TUSDT
2022-06-17 21:00:00,0.03580000,0.03610000,0.03570000,0.03580000,507385.60000000,TUSDT
2022-06-17 22:00:00,0.03580000,0.03590000,0.03550000,0.03560000,272278.40000000,TUSDT
2022-06-17 23:00:00,0.03570000,0.03650000,0.03570000,0.03640000,914369.80000000,TUSDT
2022-06-18 00:00:00,0.03640000,0.03730000,0.03570000,0.03590000,6053196.40000000,TUSDT
2022-06-18 01:00:00,0.03590000,0.03610000,0.03530000,0.03540000,917747.60000000,TUSDT
2022-06-18 02:00:00,0.03530000,0.03560000,0.03500000,0.03530000,821618.30000000,TUSDT
2022-06-18 03:00:00,0.03530000,0.03560000,0.03520000,0.03550000,218830.10000000,TUSDT
2022-06-18 04:00:00,0.03550000,0.03570000,0.03530000,0.03540000,364973.10000000,TUSDT
2022-06-18 05:00:00,0.03550000,0.03570000,0.03530000,0.03530000,532535.30000000,TUSDT
2022-06-18 06:00:00,0.03530000,0.03570000,0.03320000,0.03360000,2212632.70000000,TUSDT
2022-06-18 07:00:00,0.03370000,0.03380000,0.03280000,0.03310000,2627538.80000000,TUSDT
2022-06-18 08:00:00,0.03310000,0.03340000,0.03230000,0.03280000,1996705.10000000,TUSDT
2022-06-18 09:00:00,0.03280000,0.03320000,0.03270000,0.03320000,1195538.10000000,TUSDT
2022-06-18 10:00:00,0.03310000,0.03390000,0.03310000,0.03350000,1379211.20000000,TUSDT
2022-06-18 11:00:00,0.03350000,0.03380000,0.03340000,0.03340000,536508.00000000,TUSDT
2022-06-18 12:00:00,0.03340000,0.03350000,0.03320000,0.03320000,690011.80000000,TUSDT
2022-06-18 13:00:00,0.03320000,0.03330000,0.03300000,0.03320000,336168.40000000,TUSDT
2022-06-18 14:00:00,0.03320000,0.03330000,0.03280000,0.03300000,5877726.60000000,TUSDT
2022-06-18 15:00:00,0.03290000,0.03300000,0.03260000,0.03270000,2589962.10000000,TUSDT
2022-06-18 16:00:00,0.03270000,0.03310000,0.03260000,0.03260000,1522573.60000000,TUSDT
2022-06-18 17:00:00,0.03260000,0.03300000,0.03240000,0.03240000,827456.40000000,TUSDT
2022-06-18 18:00:00,0.03240000,0.03260000,0.03200000,0.03230000,1238305.70000000,TUSDT
2022-06-18 19:00:00,0.03230000,0.03240000,0.03170000,0.03180000,2673245.60000000,TUSDT
2022-06-18 20:00:00,0.03180000,0.03180000,0.03080000,0.03120000,4895180.50000000,TUSDT
2022-06-18 21:00:00,0.03130000,0.03280000,0.03120000,0.03250000,1405963.90000000,TUSDT
2022-06-18 22:00:00,0.03260000,0.03410000,0.03240000,0.03350000,3144550.40000000,TUSDT
2022-06-18 23:00:00,0.03350000,0.03410000,0.03330000,0.03400000,1167681.80000000,TUSDT
2022-06-19 00:00:00,0.03400000,0.03410000,0.03270000,0.03270000,3718624.70000000,TUSDT
2022-06-19 01:00:00,0.03270000,0.03290000,0.03160000,0.03170000,1717472.00000000,TUSDT
2022-06-19 02:00:00,0.03170000,0.03200000,0.03150000,0.03190000,2067429.90000000,TUSDT
2022-06-19 03:00:00,0.03190000,0.03250000,0.03150000,0.03150000,2293776.60000000,TUSDT
2022-06-19 04:00:00,0.03160000,0.03210000,0.03150000,0.03180000,854824.30000000,TUSDT
2022-06-19 05:00:00,0.03180000,0.03200000,0.03130000,0.03160000,1355080.10000000,TUSDT
2022-06-19 06:00:00,0.03160000,0.03190000,0.03140000,0.03160000,1086968.40000000,TUSDT
2022-06-19 07:00:00,0.03160000,0.03210000,0.03160000,0.03170000,831097.10000000,TUSDT
2022-06-19 08:00:00,0.03160000,0.03200000,0.03150000,0.03200000,669552.40000000,TUSDT
2022-06-19 09:00:00,0.03210000,0.03330000,0.03190000,0.03250000,2843646.80000000,TUSDT
2022-06-19 10:00:00,0.03250000,0.03380000,0.03240000,0.03370000,3296132.10000000,TUSDT
2022-06-19 11:00:00,0.03370000,0.03380000,0.03340000,0.03340000,1197539.40000000,TUSDT
2022-06-19 12:00:00,0.03340000,0.03380000,0.03280000,0.03300000,1631928.00000000,TUSDT
2022-06-19 13:00:00,0.03310000,0.03330000,0.03270000,0.03280000,515106.50000000,TUSDT
2022-06-19 14:00:00,0.03280000,0.03350000,0.03280000,0.03330000,1226597.50000000,TUSDT
2022-06-19 15:00:00,0.03340000,0.03390000,0.03310000,0.03360000,1582444.60000000,TUSDT
2022-06-19 16:00:00,0.03370000,0.03380000,0.03310000,0.03320000,1395139.40000000,TUSDT
2022-06-19 17:00:00,0.03330000,0.03350000,0.03310000,0.03340000,214152.10000000,TUSDT
2022-06-19 18:00:00,0.03340000,0.03420000,0.03340000,0.03420000,864816.90000000,TUSDT
2022-06-19 19:00:00,0.03410000,0.03470000,0.03410000,0.03430000,1470774.30000000,TUSDT
2022-06-19 20:00:00,0.03450000,0.03550000,0.03430000,0.03510000,1582761.20000000,TUSDT
2022-06-19 21:00:00,0.03510000,0.03530000,0.03470000,0.03500000,359836.00000000,TUSDT
2022-06-19 22:00:00,0.03510000,0.03520000,0.03480000,0.03520000,217581.80000000,TUSDT
2022-06-19 23:00:00,0.03520000,0.03570000,0.03480000,0.03570000,2057828.20000000,TUSDT
2022-06-20 00:00:00,0.03560000,0.03560000,0.03400000,0.03420000,2474186.80000000,TUSDT
2022-06-20 01:00:00,0.03410000,0.03440000,0.03350000,0.03380000,1732808.00000000,TUSDT
2022-06-20 02:00:00,0.03370000,0.03430000,0.03340000,0.03380000,2308040.90000000,TUSDT
2022-06-20 03:00:00,0.03380000,0.03450000,0.03370000,0.03420000,1142930.00000000,TUSDT
2022-06-20 04:00:00,0.03420000,0.03430000,0.03350000,0.03350000,1562483.10000000,TUSDT
2022-06-20 05:00:00,0.03350000,0.03420000,0.03350000,0.03410000,1519755.50000000,TUSDT
2022-06-20 06:00:00,0.03420000,0.03450000,0.03390000,0.03420000,688140.60000000,TUSDT
2022-06-20 07:00:00,0.03420000,0.03420000,0.03380000,0.03410000,681032.60000000,TUSDT
2022-06-20 08:00:00,0.03410000,0.03490000,0.03410000,0.03480000,1287927.70000000,TUSDT
2022-06-20 09:00:00,0.03470000,0.03520000,0.03460000,0.03470000,1169390.50000000,TUSDT
2022-06-20 10:00:00,0.03470000,0.03530000,0.03440000,0.03520000,926764.50000000,TUSDT
2022-06-20 11:00:00,0.03520000,0.03570000,0.03510000,0.03550000,844578.20000000,TUSDT
2022-06-20 12:00:00,0.03540000,0.03540000,0.03470000,0.03500000,1444880.10000000,TUSDT
2022-06-20 13:00:00,0.03500000,0.03530000,0.03480000,0.03500000,854699.90000000,TUSDT
2022-06-20 14:00:00,0.03500000,0.03570000,0.03490000,0.03560000,1388251.00000000,TUSDT
2022-06-20 15:00:00,0.03560000,0.03570000,0.03500000,0.03530000,652164.80000000,TUSDT
2022-06-20 16:00:00,0.03520000,0.03520000,0.03480000,0.03490000,1119648.10000000,TUSDT
2022-06-20 17:00:00,0.03500000,0.03530000,0.03480000,0.03500000,742880.10000000,TUSDT
2022-06-20 18:00:00,0.03500000,0.03510000,0.03450000,0.03490000,2560797.20000000,TUSDT
2022-06-20 19:00:00,0.03480000,0.03550000,0.03460000,0.03510000,1350580.90000000,TUSDT
2022-06-20 20:00:00,0.03510000,0.03540000,0.03490000,0.03530000,1069297.30000000,TUSDT
2022-06-20 21:00:00,0.03530000,0.03560000,0.03510000,0.03510000,292857.30000000,TUSDT
2022-06-20 22:00:00,0.03510000,0.03540000,0.03500000,0.03530000,608390.40000000,TUSDT
2022-06-20 23:00:00,0.03530000,0.03610000,0.03520000,0.03580000,1438106.30000000,TUSDT
2022-06-21 00:00:00,0.03570000,0.03570000,0.03490000,0.03520000,2100389.50000000,TUSDT
2022-06-21 01:00:00,0.03520000,0.03560000,0.03520000,0.03550000,1012421.20000000,TUSDT
2022-06-21 02:00:00,0.03540000,0.03560000,0.03510000,0.03510000,709593.00000000,TUSDT
2022-06-21 03:00:00,0.03520000,0.03570000,0.03500000,0.03560000,868886.80000000,TUSDT
2022-06-21 04:00:00,0.03550000,0.03560000,0.03530000,0.03540000,415087.90000000,TUSDT
2022-06-21 05:00:00,0.03540000,0.03620000,0.03540000,0.03600000,1132212.70000000,TUSDT
2022-06-21 06:00:00,0.03600000,0.03710000,0.03600000,0.03670000,3516249.40000000,TUSDT
2022-06-21 07:00:00,0.03680000,0.03680000,0.03620000,0.03640000,1936844.20000000,TUSDT
2022-06-21 08:00:00,0.03630000,0.03700000,0.03620000,0.03690000,1389000.20000000,TUSDT
2022-06-21 09:00:00,0.03680000,0.03700000,0.03620000,0.03630000,2147601.50000000,TUSDT
2022-06-21 10:00:00,0.03620000,0.03700000,0.03620000,0.03680000,1067456.80000000,TUSDT
2022-06-21 11:00:00,0.03690000,0.03700000,0.03610000,0.03610000,1057698.80000000,TUSDT
2022-06-21 12:00:00,0.03630000,0.03660000,0.03610000,0.03650000,2768896.80000000,TUSDT
2022-06-21 13:00:00,0.03640000,0.03720000,0.03640000,0.03690000,3104364.50000000,TUSDT
2022-06-21 14:00:00,0.03690000,0.03760000,0.03690000,0.03740000,2506767.50000000,TUSDT
2022-06-21 15:00:00,0.03740000,0.03750000,0.03700000,0.03710000,1017824.10000000,TUSDT
2022-06-21 16:00:00,0.03730000,0.03740000,0.03700000,0.03730000,721415.00000000,TUSDT
2022-06-21 17:00:00,0.03720000,0.03750000,0.03720000,0.03720000,778828.70000000,TUSDT
2022-06-21 18:00:00,0.03710000,0.03750000,0.03670000,0.03710000,2509034.30000000,TUSDT
2022-06-21 19:00:00,0.03710000,0.03770000,0.03640000,0.03670000,2007351.40000000,TUSDT
2022-06-21 20:00:00,0.03670000,0.03680000,0.03630000,0.03680000,2185368.70000000,TUSDT
2022-06-21 21:00:00,0.03670000,0.03690000,0.03660000,0.03680000,493117.10000000,TUSDT
2022-06-21 22:00:00,0.03680000,0.03700000,0.03660000,0.03680000,478497.60000000,TUSDT
2022-06-21 23:00:00,0.03680000,0.03720000,0.03660000,0.03700000,556153.60000000,TUSDT
2022-06-22 00:00:00,0.03710000,0.03980000,0.03630000,0.03680000,11843959.80000000,TUSDT
2022-06-22 01:00:00,0.03670000,0.03700000,0.03620000,0.03630000,1167203.50000000,TUSDT
2022-06-22 02:00:00,0.03620000,0.03620000,0.03580000,0.03600000,1208147.00000000,TUSDT
2022-06-22 03:00:00,0.03600000,0.03640000,0.03560000,0.03560000,1171685.20000000,TUSDT
2022-06-22 04:00:00,0.03570000,0.03580000,0.03520000,0.03530000,11585220.20000000,TUSDT
2022-06-22 05:00:00,0.03530000,0.03580000,0.03520000,0.03540000,4155456.80000000,TUSDT
2022-06-22 06:00:00,0.03540000,0.03550000,0.03480000,0.03500000,2437323.90000000,TUSDT
2022-06-22 07:00:00,0.03520000,0.03520000,0.03470000,0.03490000,1263313.80000000,TUSDT
2022-06-22 08:00:00,0.03490000,0.03520000,0.03490000,0.03520000,656482.90000000,TUSDT
2022-06-22 09:00:00,0.03520000,0.03550000,0.03520000,0.03520000,1091512.90000000,TUSDT
2022-06-22 10:00:00,0.03520000,0.03550000,0.03520000,0.03530000,532811.90000000,TUSDT
2022-06-22 11:00:00,0.03520000,0.03570000,0.03520000,0.03550000,2754440.20000000,TUSDT
2022-06-22 12:00:00,0.03550000,0.03600000,0.03480000,0.03510000,9353322.70000000,TUSDT
2022-06-22 13:00:00,0.03510000,0.03580000,0.03490000,0.03580000,4554535.60000000,TUSDT
2022-06-22 14:00:00,0.03580000,0.03610000,0.03570000,0.03580000,2503646.20000000,TUSDT
2022-06-22 15:00:00,0.03580000,0.03580000,0.03520000,0.03530000,2586015.80000000,TUSDT
2022-06-22 16:00:00,0.03530000,0.03550000,0.03500000,0.03540000,2444497.80000000,TUSDT
2022-06-22 17:00:00,0.03540000,0.03540000,0.03520000,0.03530000,2194025.60000000,TUSDT
2022-06-22 18:00:00,0.03530000,0.03540000,0.03530000,0.03530000,817472.30000000,TUSDT
2022-06-22 19:00:00,0.03530000,0.03530000,0.03500000,0.03510000,1649958.40000000,TUSDT
2022-06-22 20:00:00,0.03530000,0.03540000,0.03490000,0.03500000,1388214.80000000,TUSDT
2022-06-22 21:00:00,0.03500000,0.03530000,0.03490000,0.03520000,1092923.10000000,TUSDT
2022-06-22 22:00:00,0.03510000,0.03520000,0.03510000,0.03520000,4205178.30000000,TUSDT
2022-06-22 23:00:00,0.03520000,0.03550000,0.03510000,0.03530000,1983696.60000000,TUSDT
2022-06-23 00:00:00,0.03520000,0.03540000,0.03490000,0.03530000,2033722.80000000,TUSDT
2022-06-23 01:00:00,0.03530000,0.03560000,0.03520000,0.03560000,3616694.00000000,TUSDT
2022-06-23 02:00:00,0.03540000,0.03550000,0.03530000,0.03540000,190008.10000000,TUSDT
2022-06-23 03:00:00,0.03540000,0.03540000,0.03520000,0.03520000,269261.10000000,TUSDT
2022-06-23 04:00:00,0.03520000,0.03550000,0.03510000,0.03540000,314913.20000000,TUSDT
2022-06-23 05:00:00,0.03540000,0.03570000,0.03540000,0.03550000,1216972.80000000,TUSDT
2022-06-23 06:00:00,0.03550000,0.03560000,0.03530000,0.03560000,5647938.90000000,TUSDT
2022-06-23 07:00:00,0.03550000,0.03560000,0.03550000,0.03550000,808273.90000000,TUSDT
2022-06-23 08:00:00,0.03550000,0.03560000,0.03520000,0.03530000,772571.30000000,TUSDT
2022-06-23 09:00:00,0.03520000,0.03540000,0.03510000,0.03540000,833206.90000000,TUSDT
2022-06-23 10:00:00,0.03540000,0.03560000,0.03530000,0.03550000,3981420.70000000,TUSDT
2022-06-23 11:00:00,0.03550000,0.03560000,0.03550000,0.03560000,650987.80000000,TUSDT
2022-06-23 12:00:00,0.03560000,0.03560000,0.03540000,0.03550000,1507672.80000000,TUSDT
2022-06-23 13:00:00,0.03540000,0.03550000,0.03530000,0.03530000,245715.90000000,TUSDT
2022-06-23 14:00:00,0.03530000,0.03530000,0.03470000,0.03500000,5701170.40000000,TUSDT
2022-06-23 15:00:00,0.03490000,0.03500000,0.03430000,0.03470000,1984157.80000000,TUSDT
2022-06-23 16:00:00,0.03470000,0.03470000,0.03420000,0.03430000,958369.00000000,TUSDT
2022-06-23 17:00:00,0.03430000,0.03450000,0.03420000,0.03450000,1386450.80000000,TUSDT
2022-06-23 18:00:00,0.03450000,0.03490000,0.03440000,0.03470000,1441063.80000000,TUSDT
2022-06-23 19:00:00,0.03470000,0.03510000,0.03460000,0.03500000,1271555.10000000,TUSDT
2022-06-23 20:00:00,0.03500000,0.03510000,0.03500000,0.03500000,2275620.60000000,TUSDT
2022-06-23 21:00:00,0.03500000,0.03510000,0.03470000,0.03490000,669594.10000000,TUSDT
2022-06-23 22:00:00,0.03490000,0.03530000,0.03480000,0.03510000,1926146.90000000,TUSDT
2022-06-23 23:00:00,0.03510000,0.03540000,0.03500000,0.03530000,2183527.10000000,TUSDT
2022-06-24 00:00:00,0.03530000,0.03540000,0.03500000,0.03520000,1440364.80000000,TUSDT
2022-06-24 01:00:00,0.03520000,0.03550000,0.03520000,0.03530000,2808322.70000000,TUSDT
2022-06-24 02:00:00,0.03530000,0.03570000,0.03530000,0.03560000,1265434.10000000,TUSDT
2022-06-24 03:00:00,0.03550000,0.03570000,0.03540000,0.03540000,468540.20000000,TUSDT
2022-06-24 04:00:00,0.03540000,0.03560000,0.03520000,0.03530000,1066563.40000000,TUSDT
2022-06-24 05:00:00,0.03520000,0.03610000,0.03520000,0.03570000,2968915.90000000,TUSDT
2022-06-24 06:00:00,0.03570000,0.03620000,0.03560000,0.03600000,2848051.10000000,TUSDT
2022-06-24 07:00:00,0.03600000,0.03620000,0.03580000,0.03610000,4642881.60000000,TUSDT
2022-06-24 08:00:00,0.03610000,0.03680000,0.03600000,0.03670000,2592706.10000000,TUSDT
2022-06-24 09:00:00,0.03680000,0.03690000,0.03630000,0.03650000,1501014.90000000,TUSDT
2022-06-24 10:00:00,0.03640000,0.03670000,0.03630000,0.03660000,803573.60000000,TUSDT
2022-06-24 11:00:00,0.03660000,0.03720000,0.03650000,0.03690000,960382.70000000,TUSDT
2022-06-24 12:00:00,0.03680000,0.03720000,0.03670000,0.03710000,1736972.50000000,TUSDT
2022-06-24 13:00:00,0.03710000,0.03720000,0.03690000,0.03700000,755134.40000000,TUSDT
2022-06-24 14:00:00,0.03700000,0.03710000,0.03650000,0.03670000,1275924.80000000,TUSDT
2022-06-24 15:00:00,0.03670000,0.03680000,0.03630000,0.03660000,3656604.30000000,TUSDT
2022-06-24 16:00:00,0.03660000,0.03690000,0.03640000,0.03690000,1732732.20000000,TUSDT
2022-06-24 17:00:00,0.03680000,0.03690000,0.03660000,0.03680000,3205238.30000000,TUSDT
2022-06-24 18:00:00,0.03680000,0.03690000,0.03660000,0.03690000,572228.70000000,TUSDT
2022-06-24 19:00:00,0.03680000,0.03700000,0.03680000,0.03700000,2336197.60000000,TUSDT
2022-06-24 20:00:00,0.03700000,0.03760000,0.03680000,0.03720000,3840383.80000000,TUSDT
2022-06-24 21:00:00,0.03720000,0.03730000,0.03700000,0.03710000,558001.90000000,TUSDT
2022-06-24 22:00:00,0.03710000,0.03770000,0.03710000,0.03740000,1179703.70000000,TUSDT
2022-06-24 23:00:00,0.03730000,0.03780000,0.03710000,0.03750000,1637980.60000000,TUSDT
2022-06-25 00:00:00,0.03750000,0.03750000,0.03690000,0.03710000,1308775.20000000,TUSDT
2022-06-25 01:00:00,0.03710000,0.03770000,0.03710000,0.03730000,827799.40000000,TUSDT
2022-06-25 02:00:00,0.03730000,0.03750000,0.03670000,0.03690000,1067500.70000000,TUSDT
2022-06-25 03:00:00,0.03670000,0.03720000,0.03670000,0.03710000,639290.00000000,TUSDT
2022-06-25 04:00:00,0.03710000,0.03720000,0.03690000,0.03690000,252391.40000000,TUSDT
2022-06-25 05:00:00,0.03690000,0.03730000,0.03690000,0.03700000,758943.20000000,TUSDT
2022-06-25 06:00:00,0.03700000,0.03710000,0.03690000,0.03700000,552401.30000000,TUSDT
2022-06-25 07:00:00,0.03700000,0.03740000,0.03700000,0.03720000,652916.80000000,TUSDT
2022-06-25 08:00:00,0.03720000,0.03750000,0.03720000,0.03730000,461695.50000000,TUSDT
2022-06-25 09:00:00,0.03720000,0.03750000,0.03720000,0.03740000,1016217.80000000,TUSDT
2022-06-25 10:00:00,0.03750000,0.03760000,0.03730000,0.03730000,617620.90000000,TUSDT
2022-06-25 11:00:00,0.03730000,0.03750000,0.03710000,0.03710000,1047423.80000000,TUSDT
2022-06-25 12:00:00,0.03710000,0.03720000,0.03610000,0.03620000,2294919.20000000,TUSDT
2022-06-25 13:00:00,0.03630000,0.03650000,0.03610000,0.03630000,990694.80000000,TUSDT
2022-06-25 14:00:00,0.03620000,0.03640000,0.03600000,0.03620000,657707.40000000,TUSDT
2022-06-25 15:00:00,0.03630000,0.03660000,0.03600000,0.03600000,920951.90000000,TUSDT
2022-06-25 16:00:00,0.03600000,0.03620000,0.03590000,0.03610000,397505.00000000,TUSDT
2022-06-25 17:00:00,0.03610000,0.03650000,0.03610000,0.03640000,298185.50000000,TUSDT
2022-06-25 18:00:00,0.03640000,0.03690000,0.03640000,0.03670000,979256.00000000,TUSDT
2022-06-25 19:00:00,0.03670000,0.03690000,0.03670000,0.03680000,240930.30000000,TUSDT
2022-06-25 20:00:00,0.03680000,0.03700000,0.03680000,0.03690000,360541.00000000,TUSDT
2022-06-25 21:00:00,0.03700000,0.03770000,0.03690000,0.03760000,1626973.80000000,TUSDT
2022-06-25 22:00:00,0.03760000,0.03770000,0.03730000,0.03750000,2610065.30000000,TUSDT
2022-06-25 23:00:00,0.03750000,0.03820000,0.03750000,0.03820000,1857924.20000000,TUSDT
2022-06-26 00:00:00,0.03820000,0.03980000,0.03760000,0.03800000,9606694.20000000,TUSDT
2022-06-26 01:00:00,0.03800000,0.03820000,0.03740000,0.03760000,1145808.80000000,TUSDT
2022-06-26 02:00:00,0.03770000,0.03780000,0.03750000,0.03770000,717128.50000000,TUSDT
2022-06-26 03:00:00,0.03760000,0.03800000,0.03760000,0.03780000,395260.30000000,TUSDT
2022-06-26 04:00:00,0.03780000,0.03800000,0.03750000,0.03770000,743313.70000000,TUSDT
2022-06-26 05:00:00,0.03770000,0.03800000,0.03770000,0.03790000,384620.70000000,TUSDT
2022-06-26 06:00:00,0.03790000,0.03820000,0.03780000,0.03820000,532921.10000000,TUSDT
2022-06-26 07:00:00,0.03810000,0.03840000,0.03800000,0.03810000,708813.90000000,TUSDT
2022-06-26 08:00:00,0.03800000,0.03810000,0.03790000,0.03800000,680727.00000000,TUSDT
2022-06-26 09:00:00,0.03800000,0.03810000,0.03780000,0.03790000,1583116.90000000,TUSDT
2022-06-26 10:00:00,0.03790000,0.03830000,0.03790000,0.03830000,348271.70000000,TUSDT
2022-06-26 11:00:00,0.03820000,0.03870000,0.03810000,0.03860000,2139722.20000000,TUSDT
2022-06-26 12:00:00,0.03860000,0.03880000,0.03800000,0.03810000,2645819.00000000,TUSDT
2022-06-26 13:00:00,0.03800000,0.03810000,0.03770000,0.03790000,930469.50000000,TUSDT
2022-06-26 14:00:00,0.03790000,0.03840000,0.03780000,0.03810000,1526256.90000000,TUSDT
2022-06-26 15:00:00,0.03810000,0.03860000,0.03760000,0.03830000,2546615.00000000,TUSDT
2022-06-26 16:00:00,0.03830000,0.03890000,0.03810000,0.03840000,1841186.40000000,TUSDT
2022-06-26 17:00:00,0.03840000,0.03850000,0.03810000,0.03820000,1239368.90000000,TUSDT
2022-06-26 18:00:00,0.03820000,0.03840000,0.03790000,0.03810000,652064.50000000,TUSDT
2022-06-26 19:00:00,0.03810000,0.03940000,0.03810000,0.03930000,2147458.50000000,TUSDT
2022-06-26 20:00:00,0.03920000,0.03930000,0.03870000,0.03930000,1550276.00000000,TUSDT
2022-06-26 21:00:00,0.03930000,0.03960000,0.03850000,0.03940000,1367531.80000000,TUSDT
2022-06-26 22:00:00,0.03940000,0.04070000,0.03820000,0.03880000,9438066.00000000,TUSDT
2022-06-26 23:00:00,0.03880000,0.04230000,0.03880000,0.04060000,26315676.90000000,TUSDT
2022-06-27 00:00:00,0.04060000,0.04070000,0.03860000,0.03910000,12192087.80000000,TUSDT
2022-06-27 01:00:00,0.03910000,0.03910000,0.03830000,0.03880000,3805270.90000000,TUSDT
2022-06-27 02:00:00,0.03870000,0.03910000,0.03850000,0.03900000,1345216.50000000,TUSDT
2022-06-27 03:00:00,0.03900000,0.03960000,0.03900000,0.03950000,5509379.70000000,TUSDT
2022-06-27 04:00:00,0.03960000,0.03980000,0.03930000,0.03940000,1843049.50000000,TUSDT
2022-06-27 05:00:00,0.03940000,0.03950000,0.03890000,0.03900000,1562425.80000000,TUSDT
2022-06-27 06:00:00,0.03900000,0.03910000,0.03890000,0.03900000,1241351.30000000,TUSDT
2022-06-27 07:00:00,0.03900000,0.03940000,0.03900000,0.03920000,846115.20000000,TUSDT
2022-06-27 08:00:00,0.03910000,0.03980000,0.03910000,0.03980000,5232601.40000000,TUSDT
2022-06-27 09:00:00,0.03980000,0.03990000,0.03950000,0.03970000,1655940.80000000,TUSDT
2022-06-27 10:00:00,0.03970000,0.04020000,0.03960000,0.03980000,2261352.10000000,TUSDT
2022-06-27 11:00:00,0.03980000,0.04000000,0.03920000,0.03930000,2511995.30000000,TUSDT
2022-06-27 12:00:00,0.03930000,0.03940000,0.03910000,0.03920000,815799.40000000,TUSDT
2022-06-27 13:00:00,0.03910000,0.03990000,0.03880000,0.03890000,4882729.10000000,TUSDT
2022-06-27 14:00:00,0.03890000,0.03940000,0.03870000,0.03940000,2963653.50000000,TUSDT
2022-06-27 15:00:00,0.03940000,0.03990000,0.03910000,0.03950000,2768784.80000000,TUSDT
2022-06-27 16:00:00,0.03940000,0.03990000,0.03940000,0.03980000,3051709.90000000,TUSDT
2022-06-27 17:00:00,0.03970000,0.04040000,0.03970000,0.04000000,5680006.80000000,TUSDT
2022-06-27 18:00:00,0.04000000,0.04110000,0.03970000,0.04020000,5983178.90000000,TUSDT
2022-06-27 19:00:00,0.04040000,0.04040000,0.03970000,0.03980000,1175305.50000000,TUSDT
2022-06-27 20:00:00,0.03980000,0.04020000,0.03970000,0.03990000,1054566.60000000,TUSDT
2022-06-27 21:00:00,0.03990000,0.03990000,0.03960000,0.03970000,1293263.70000000,TUSDT
2022-06-27 22:00:00,0.03960000,0.04070000,0.03950000,0.04040000,3802561.60000000,TUSDT
2022-06-27 23:00:00,0.04050000,0.04070000,0.04000000,0.04020000,2225253.30000000,TUSDT
2022-06-28 00:00:00,0.04020000,0.04230000,0.03890000,0.03930000,11881599.00000000,TUSDT
2022-06-28 01:00:00,0.03930000,0.03940000,0.03840000,0.03850000,3048219.60000000,TUSDT
2022-06-28 02:00:00,0.03850000,0.03880000,0.03840000,0.03880000,1234202.40000000,TUSDT
2022-06-28 03:00:00,0.03870000,0.03900000,0.03870000,0.03900000,370117.60000000,TUSDT
2022-06-28 04:00:00,0.03900000,0.03970000,0.03900000,0.03940000,882014.00000000,TUSDT
2022-06-28 05:00:00,0.03940000,0.03950000,0.03920000,0.03930000,680420.00000000,TUSDT
2022-06-28 06:00:00,0.03930000,0.03970000,0.03930000,0.03950000,260773.20000000,TUSDT
2022-06-28 07:00:00,0.03950000,0.04000000,0.03950000,0.03980000,1158735.90000000,TUSDT
2022-06-28 08:00:00,0.03980000,0.04020000,0.03970000,0.04020000,1559773.50000000,TUSDT
2022-06-28 09:00:00,0.04030000,0.04040000,0.03980000,0.03990000,1395839.90000000,TUSDT
2022-06-28 10:00:00,0.03990000,0.03990000,0.03970000,0.03970000,548180.00000000,TUSDT
2022-06-28 11:00:00,0.03970000,0.04000000,0.03970000,0.03980000,509697.30000000,TUSDT
2022-06-28 12:00:00,0.03970000,0.03990000,0.03960000,0.03970000,667321.60000000,TUSDT
2022-06-28 13:00:00,0.03970000,0.03990000,0.03950000,0.03990000,644484.30000000,TUSDT
2022-06-28 14:00:00,0.03980000,0.03990000,0.03920000,0.03950000,1336964.10000000,TUSDT
2022-06-28 15:00:00,0.03950000,0.03950000,0.03890000,0.03890000,606419.80000000,TUSDT
2022-06-28 16:00:00,0.03900000,0.03900000,0.03880000,0.03890000,517065.80000000,TUSDT
2022-06-28 17:00:00,0.03890000,0.03910000,0.03870000,0.03900000,472170.30000000,TUSDT
2022-06-28 18:00:00,0.03910000,0.03910000,0.03850000,0.03850000,1432784.00000000,TUSDT
2022-06-28 19:00:00,0.03850000,0.03860000,0.03830000,0.03830000,414411.60000000,TUSDT
2022-06-28 20:00:00,0.03830000,0.03860000,0.03820000,0.03850000,515069.30000000,TUSDT
2022-06-28 21:00:00,0.03840000,0.03870000,0.03840000,0.03850000,107780.80000000,TUSDT
2022-06-28 22:00:00,0.03860000,0.03870000,0.03820000,0.03830000,132816.50000000,TUSDT
2022-06-28 23:00:00,0.03830000,0.03830000,0.03780000,0.03790000,2884513.90000000,TUSDT
2022-06-29 00:00:00,0.03800000,0.03830000,0.03700000,0.03730000,3928347.40000000,TUSDT
2022-06-29 01:00:00,0.03730000,0.03780000,0.03730000,0.03760000,490792.90000000,TUSDT
2022-06-29 02:00:00,0.03760000,0.03780000,0.03760000,0.03780000,202320.30000000,TUSDT
2022-06-29 03:00:00,0.03770000,0.03790000,0.03740000,0.03750000,805250.50000000,TUSDT
2022-06-29 04:00:00,0.03750000,0.03780000,0.03750000,0.03750000,188565.00000000,TUSDT
2022-06-29 05:00:00,0.03750000,0.03760000,0.03680000,0.03710000,1175114.50000000,TUSDT
2022-06-29 06:00:00,0.03710000,0.03710000,0.03630000,0.03640000,814329.40000000,TUSDT
2022-06-29 07:00:00,0.03640000,0.03690000,0.03620000,0.03670000,607101.00000000,TUSDT
2022-06-29 08:00:00,0.03680000,0.03700000,0.03640000,0.03650000,716213.70000000,TUSDT
2022-06-29 09:00:00,0.03660000,0.03690000,0.03650000,0.03660000,579813.20000000,TUSDT
2022-06-29 10:00:00,0.03660000,0.03660000,0.03550000,0.03600000,10958777.90000000,TUSDT
2022-06-29 11:00:00,0.03610000,0.03610000,0.03560000,0.03590000,2364016.30000000,TUSDT
2022-06-29 12:00:00,0.03600000,0.03620000,0.03580000,0.03580000,791800.10000000,TUSDT
2022-06-29 13:00:00,0.03580000,0.03600000,0.03550000,0.03590000,1034109.80000000,TUSDT
2022-06-29 14:00:00,0.03590000,0.03620000,0.03590000,0.03610000,375139.40000000,TUSDT
2022-06-29 15:00:00,0.03610000,0.03620000,0.03570000,0.03570000,1468291.90000000,TUSDT
2022-06-29 16:00:00,0.03570000,0.03580000,0.03530000,0.03540000,677870.30000000,TUSDT
2022-06-29 17:00:00,0.03550000,0.03570000,0.03520000,0.03560000,787562.00000000,TUSDT
2022-06-29 18:00:00,0.03570000,0.03600000,0.03560000,0.03580000,100629.50000000,TUSDT
2022-06-29 19:00:00,0.03580000,0.03590000,0.03560000,0.03590000,501415.50000000,TUSDT
2022-06-29 20:00:00,0.03600000,0.03620000,0.03590000,0.03610000,286858.00000000,TUSDT
2022-06-29 21:00:00,0.03610000,0.03670000,0.03610000,0.03610000,914220.80000000,TUSDT
2022-06-29 22:00:00,0.03620000,0.03630000,0.03590000,0.03590000,386503.50000000,TUSDT
2022-06-29 23:00:00,0.03590000,0.03590000,0.03560000,0.03570000,309107.10000000,TUSDT
2022-06-30 00:00:00,0.03570000,0.03570000,0.03500000,0.03500000,355488.90000000,TUSDT
2022-06-30 01:00:00,0.03500000,0.03510000,0.03450000,0.03460000,1645004.40000000,TUSDT
2022-06-30 02:00:00,0.03460000,0.03520000,0.03450000,0.03500000,1067904.40000000,TUSDT
2022-06-30 03:00:00,0.03510000,0.03540000,0.03500000,0.03540000,498703.80000000,TUSDT
2022-06-30 04:00:00,0.03540000,0.03560000,0.03530000,0.03530000,1333278.70000000,TUSDT
2022-06-30 05:00:00,0.03540000,0.03540000,0.03500000,0.03500000,414232.60000000,TUSDT
2022-06-30 06:00:00,0.03500000,0.03510000,0.03300000,0.03310000,3898092.80000000,TUSDT
2022-06-30 07:00:00,0.03310000,0.03350000,0.03300000,0.03330000,1313851.70000000,TUSDT
2022-06-30 08:00:00,0.03320000,0.03330000,0.03250000,0.03260000,1112229.70000000,TUSDT
2022-06-30 09:00:00,0.03270000,0.03290000,0.03220000,0.03280000,1982560.80000000,TUSDT
2022-06-30 10:00:00,0.03280000,0.03290000,0.03240000,0.03280000,1862621.80000000,TUSDT
2022-06-30 11:00:00,0.03270000,0.03310000,0.03270000,0.03290000,1475009.00000000,TUSDT
2022-06-30 12:00:00,0.03290000,0.03330000,0.03280000,0.03330000,744162.50000000,TUSDT
2022-06-30 13:00:00,0.03330000,0.03340000,0.03230000,0.03240000,3917117.10000000,TUSDT
2022-06-30 14:00:00,0.03250000,0.03300000,0.03240000,0.03300000,699960.70000000,TUSDT
2022-06-30 15:00:00,0.03300000,0.03340000,0.03300000,0.03320000,961044.00000000,TUSDT
2022-06-30 16:00:00,0.03330000,0.03330000,0.03310000,0.03320000,632980.80000000,TUSDT
2022-06-30 17:00:00,0.03320000,0.03330000,0.03320000,0.03320000,117917.40000000,TUSDT
2022-06-30 18:00:00,0.03320000,0.03330000,0.03290000,0.03290000,695017.20000000,TUSDT
2022-06-30 19:00:00,0.03290000,0.03300000,0.03270000,0.03280000,1209280.10000000,TUSDT
2022-06-30 20:00:00,0.03290000,0.03290000,0.03240000,0.03250000,1051989.00000000,TUSDT
2022-06-30 21:00:00,0.03250000,0.03300000,0.03250000,0.03260000,1001064.30000000,TUSDT
2022-06-30 22:00:00,0.03260000,0.03300000,0.03250000,0.03290000,510223.40000000,TUSDT
2022-06-30 23:00:00,0.03290000,0.03400000,0.03290000,0.03390000,602887.90000000,TUSDT
2022-07-01 00:00:00,0.03400000,0.03540000,0.03360000,0.03470000,3476338.10000000,TUSDT
2022-07-01 01:00:00,0.03480000,0.03520000,0.03460000,0.03500000,737850.40000000,TUSDT
2022-07-01 02:00:00,0.03500000,0.03500000,0.03460000,0.03460000,352688.10000000,TUSDT
2022-07-01 03:00:00,0.03460000,0.03460000,0.03360000,0.03360000,931383.50000000,TUSDT
2022-07-01 04:00:00,0.03370000,0.03430000,0.03330000,0.03400000,4027347.20000000,TUSDT
2022-07-01 05:00:00,0.03410000,0.03430000,0.03360000,0.03380000,1612418.70000000,TUSDT
2022-07-01 06:00:00,0.03380000,0.03380000,0.03360000,0.03380000,463569.50000000,TUSDT
2022-07-01 07:00:00,0.03390000,0.03410000,0.03370000,0.03410000,1035416.50000000,TUSDT
2022-07-01 08:00:00,0.03410000,0.03450000,0.03390000,0.03430000,1726629.40000000,TUSDT
2022-07-01 09:00:00,0.03430000,0.03440000,0.03400000,0.03410000,722202.10000000,TUSDT
2022-07-01 10:00:00,0.03410000,0.03430000,0.03360000,0.03370000,1758936.60000000,TUSDT
2022-07-01 11:00:00,0.03360000,0.03400000,0.03350000,0.03370000,541431.70000000,TUSDT
2022-07-01 12:00:00,0.03370000,0.03400000,0.03370000,0.03370000,706999.10000000,TUSDT
2022-07-01 13:00:00,0.03370000,0.03430000,0.03370000,0.03400000,1145983.20000000,TUSDT
2022-07-01 14:00:00,0.03400000,0.03400000,0.03350000,0.03370000,596300.80000000,TUSDT
2022-07-01 15:00:00,0.03370000,0.03390000,0.03360000,0.03370000,392359.10000000,TUSDT
2022-07-01 16:00:00,0.03370000,0.03390000,0.03360000,0.03370000,728248.00000000,TUSDT
2022-07-01 17:00:00,0.03380000,0.03400000,0.03370000,0.03390000,620609.50000000,TUSDT
2022-07-01 18:00:00,0.03390000,0.03420000,0.03390000,0.03400000,536873.20000000,TUSDT
2022-07-01 19:00:00,0.03400000,0.03410000,0.03380000,0.03410000,695894.20000000,TUSDT
2022-07-01 20:00:00,0.03420000,0.03500000,0.03420000,0.03430000,2224751.40000000,TUSDT
2022-07-01 21:00:00,0.03440000,0.03480000,0.03440000,0.03440000,856686.80000000,TUSDT
2022-07-01 22:00:00,0.03450000,0.03460000,0.03440000,0.03440000,218764.10000000,TUSDT
2022-07-01 23:00:00,0.03440000,0.03500000,0.03430000,0.03480000,748891.90000000,TUSDT
2022-07-02 00:00:00,0.03480000,0.03480000,0.03410000,0.03410000,985057.30000000,TUSDT
2022-07-02 01:00:00,0.03420000,0.03460000,0.03410000,0.03450000,329480.20000000,TUSDT
2022-07-02 02:00:00,0.03450000,0.03460000,0.03390000,0.03390000,1898136.80000000,TUSDT
2022-07-02 03:00:00,0.03400000,0.03420000,0.03390000,0.03410000,579326.90000000,TUSDT
2022-07-02 04:00:00,0.03400000,0.03440000,0.03400000,0.03410000,874123.50000000,TUSDT
2022-07-02 05:00:00,0.03420000,0.03450000,0.03410000,0.03440000,620313.80000000,TUSDT
2022-07-02 06:00:00,0.03440000,0.03440000,0.03420000,0.03430000,271685.10000000,TUSDT
2022-07-02 07:00:00,0.03420000,0.03440000,0.03400000,0.03400000,724219.10000000,TUSDT
2022-07-02 08:00:00,0.03390000,0.03400000,0.03350000,0.03360000,3358447.30000000,TUSDT
2022-07-02 09:00:00,0.03360000,0.03390000,0.03330000,0.03380000,1752411.30000000,TUSDT
2022-07-02 10:00:00,0.03380000,0.03410000,0.03380000,0.03400000,235343.80000000,TUSDT
2022-07-02 11:00:00,0.03400000,0.03440000,0.03400000,0.03430000,653910.60000000,TUSDT
2022-07-02 12:00:00,0.03430000,0.03460000,0.03420000,0.03440000,464868.90000000,TUSDT
2022-07-02 13:00:00,0.03440000,0.03460000,0.03430000,0.03450000,677112.10000000,TUSDT
2022-07-02 14:00:00,0.03450000,0.03460000,0.03450000,0.03450000,848980.20000000,TUSDT
2022-07-02 15:00:00,0.03450000,0.03450000,0.03410000,0.03420000,710484.00000000,TUSDT
2022-07-02 16:00:00,0.03430000,0.03500000,0.03420000,0.03470000,1458670.00000000,TUSDT
2022-07-02 17:00:00,0.03470000,0.03490000,0.03470000,0.03480000,600861.30000000,TUSDT
2022-07-02 18:00:00,0.03480000,0.03500000,0.03470000,0.03470000,642463.30000000,TUSDT
2022-07-02 19:00:00,0.03470000,0.03530000,0.03470000,0.03480000,1915809.90000000,TUSDT
2022-07-02 20:00:00,0.03490000,0.03500000,0.03480000,0.03490000,171695.10000000,TUSDT
2022-07-02 21:00:00,0.03490000,0.03520000,0.03490000,0.03510000,215965.60000000,TUSDT
2022-07-02 22:00:00,0.03510000,0.03530000,0.03490000,0.03520000,716345.70000000,TUSDT
2022-07-02 23:00:00,0.03500000,0.03520000,0.03470000,0.03480000,811384.00000000,TUSDT
2022-07-03 00:00:00,0.03480000,0.03480000,0.03450000,0.03470000,602443.00000000,TUSDT
2022-07-03 01:00:00,0.03470000,0.03470000,0.03440000,0.03440000,164586.00000000,TUSDT
2022-07-03 02:00:00,0.03440000,0.03460000,0.03430000,0.03450000,207038.70000000,TUSDT
2022-07-03 03:00:00,0.03450000,0.03460000,0.03450000,0.03450000,74747.50000000,TUSDT
2022-07-03 04:00:00,0.03450000,0.03460000,0.03380000,0.03440000,1132756.10000000,TUSDT
2022-07-03 05:00:00,0.03450000,0.03470000,0.03400000,0.03410000,2298501.00000000,TUSDT
2022-07-03 06:00:00,0.03410000,0.03420000,0.03400000,0.03410000,490130.20000000,TUSDT
2022-07-03 07:00:00,0.03410000,0.03420000,0.03400000,0.03410000,193103.90000000,TUSDT
2022-07-03 08:00:00,0.03410000,0.03430000,0.03400000,0.03420000,740455.20000000,TUSDT
2022-07-03 09:00:00,0.03420000,0.03420000,0.03400000,0.03410000,542497.90000000,TUSDT
2022-07-03 10:00:00,0.03410000,0.03430000,0.03410000,0.03420000,241289.50000000,TUSDT
2022-07-03 11:00:00,0.03420000,0.03430000,0.03420000,0.03420000,139277.40000000,TUSDT
2022-07-03 12:00:00,0.03420000,0.03430000,0.03400000,0.03410000,346008.10000000,TUSDT
2022-07-03 13:00:00,0.03410000,0.03420000,0.03390000,0.03400000,425708.40000000,TUSDT
2022-07-03 14:00:00,0.03400000,0.03410000,0.03390000,0.03400000,372887.60000000,TUSDT
2022-07-03 15:00:00,0.03410000,0.03410000,0.03400000,0.03400000,28544.00000000,TUSDT
2022-07-03 16:00:00,0.03400000,0.03420000,0.03400000,0.03420000,176432.70000000,TUSDT
2022-07-03 17:00:00,0.03420000,0.03440000,0.03420000,0.03440000,207140.90000000,TUSDT
2022-07-03 18:00:00,0.03440000,0.03480000,0.03440000,0.03450000,1404269.60000000,TUSDT
2022-07-03 19:00:00,0.03440000,0.03490000,0.03440000,0.03470000,196230.80000000,TUSDT
2022-07-03 20:00:00,0.03470000,0.03480000,0.03460000,0.03470000,291773.40000000,TUSDT
2022-07-03 21:00:00,0.03470000,0.03480000,0.03440000,0.03440000,532042.50000000,TUSDT
2022-07-03 22:00:00,0.03450000,0.03460000,0.03440000,0.03440000,105503.50000000,TUSDT
2022-07-03 23:00:00,0.03440000,0.03480000,0.03440000,0.03480000,857051.20000000,TUSDT
2022-07-04 00:00:00,0.03470000,0.03480000,0.03430000,0.03440000,329280.30000000,TUSDT
2022-07-04 01:00:00,0.03440000,0.03440000,0.03420000,0.03430000,272232.20000000,TUSDT
2022-07-04 02:00:00,0.03430000,0.03440000,0.03390000,0.03390000,409994.10000000,TUSDT
2022-07-04 03:00:00,0.03390000,0.03390000,0.03380000,0.03380000,107841.50000000,TUSDT
2022-07-04 04:00:00,0.03380000,0.03390000,0.03380000,0.03380000,36034.30000000,TUSDT
2022-07-04 05:00:00,0.03380000,0.03400000,0.03380000,0.03380000,140384.10000000,TUSDT
2022-07-04 06:00:00,0.03390000,0.03410000,0.03370000,0.03370000,417820.90000000,TUSDT
2022-07-04 07:00:00,0.03370000,0.03390000,0.03370000,0.03380000,221650.50000000,TUSDT
2022-07-04 08:00:00,0.03390000,0.03390000,0.03370000,0.03380000,289136.20000000,TUSDT
2022-07-04 09:00:00,0.03380000,0.03430000,0.03380000,0.03420000,713874.10000000,TUSDT
2022-07-04 10:00:00,0.03420000,0.03450000,0.03410000,0.03430000,754738.30000000,TUSDT
2022-07-04 11:00:00,0.03430000,0.03490000,0.03430000,0.03470000,628273.00000000,TUSDT
2022-07-04 12:00:00,0.03480000,0.03490000,0.03450000,0.03460000,800671.70000000,TUSDT
2022-07-04 13:00:00,0.03460000,0.03480000,0.03430000,0.03430000,297786.70000000,TUSDT
2022-07-04 14:00:00,0.03450000,0.03450000,0.03430000,0.03430000,527308.40000000,TUSDT
2022-07-04 15:00:00,0.03440000,0.03510000,0.03440000,0.03470000,1041240.40000000,TUSDT
2022-07-04 16:00:00,0.03470000,0.03480000,0.03460000,0.03470000,466479.80000000,TUSDT
2022-07-04 17:00:00,0.03480000,0.03520000,0.03470000,0.03500000,1305638.70000000,TUSDT
2022-07-04 18:00:00,0.03500000,0.03530000,0.03490000,0.03520000,520429.10000000,TUSDT
2022-07-04 19:00:00,0.03520000,0.03520000,0.03490000,0.03490000,301835.70000000,TUSDT
2022-07-04 20:00:00,0.03500000,0.03520000,0.03490000,0.03510000,636033.00000000,TUSDT
2022-07-04 21:00:00,0.03510000,0.03550000,0.03510000,0.03530000,501336.00000000,TUSDT
2022-07-04 22:00:00,0.03540000,0.03570000,0.03530000,0.03550000,1595400.80000000,TUSDT
2022-07-04 23:00:00,0.03550000,0.03590000,0.03550000,0.03590000,796512.70000000,TUSDT
2022-07-05 00:00:00,0.03600000,0.03700000,0.03560000,0.03570000,3719956.50000000,TUSDT
2022-07-05 01:00:00,0.03570000,0.03570000,0.03530000,0.03550000,502190.30000000,TUSDT
2022-07-05 02:00:00,0.03550000,0.03550000,0.03520000,0.03520000,258162.20000000,TUSDT
2022-07-05 03:00:00,0.03520000,0.03530000,0.03520000,0.03530000,201926.60000000,TUSDT
2022-07-05 04:00:00,0.03530000,0.03540000,0.03520000,0.03520000,116223.90000000,TUSDT
2022-07-05 05:00:00,0.03520000,0.03570000,0.03520000,0.03530000,592820.10000000,TUSDT
2022-07-05 06:00:00,0.03530000,0.03560000,0.03530000,0.03550000,122118.40000000,TUSDT
2022-07-05 07:00:00,0.03560000,0.03560000,0.03520000,0.03520000,306810.80000000,TUSDT
2022-07-05 08:00:00,0.03520000,0.03520000,0.03450000,0.03460000,1407022.00000000,TUSDT
2022-07-05 09:00:00,0.03460000,0.03470000,0.03430000,0.03450000,535029.20000000,TUSDT
2022-07-05 10:00:00,0.03440000,0.03470000,0.03440000,0.03450000,361306.60000000,TUSDT
2022-07-05 11:00:00,0.03450000,0.03460000,0.03410000,0.03430000,353019.50000000,TUSDT
2022-07-05 12:00:00,0.03420000,0.03430000,0.03410000,0.03410000,863802.20000000,TUSDT
2022-07-05 13:00:00,0.03420000,0.03440000,0.03410000,0.03410000,443024.30000000,TUSDT
2022-07-05 14:00:00,0.03410000,0.03460000,0.03410000,0.03420000,622397.70000000,TUSDT
2022-07-05 15:00:00,0.03420000,0.03430000,0.03400000,0.03420000,333332.40000000,TUSDT
2022-07-05 16:00:00,0.03420000,0.03450000,0.03420000,0.03430000,121956.30000000,TUSDT
2022-07-05 17:00:00,0.03430000,0.03460000,0.03430000,0.03450000,183169.10000000,TUSDT
2022-07-05 18:00:00,0.03460000,0.03500000,0.03450000,0.03500000,454737.30000000,TUSDT
2022-07-05 19:00:00,0.03490000,0.03560000,0.03480000,0.03540000,455651.20000000,TUSDT
2022-07-05 20:00:00,0.03540000,0.03570000,0.03530000,0.03540000,505923.80000000,TUSDT
2022-07-05 21:00:00,0.03540000,0.03560000,0.03520000,0.03530000,515415.30000000,TUSDT
2022-07-05 22:00:00,0.03530000,0.03600000,0.03510000,0.03570000,6506467.20000000,TUSDT
2022-07-05 23:00:00,0.03570000,0.03570000,0.03530000,0.03530000,1181980.90000000,TUSDT
2022-07-06 00:00:00,0.03540000,0.03570000,0.03490000,0.03510000,1897773.20000000,TUSDT
2022-07-06 01:00:00,0.03510000,0.03510000,0.03440000,0.03450000,439223.00000000,TUSDT
2022-07-06 02:00:00,0.03450000,0.03470000,0.03440000,0.03440000,259051.20000000,TUSDT
2022-07-06 03:00:00,0.03450000,0.03490000,0.03440000,0.03470000,517422.70000000,TUSDT
2022-07-06 04:00:00,0.03470000,0.03500000,0.03470000,0.03470000,560966.70000000,TUSDT
2022-07-06 05:00:00,0.03480000,0.03490000,0.03450000,0.03460000,492539.30000000,TUSDT
2022-07-06 06:00:00,0.03460000,0.03480000,0.03450000,0.03470000,248534.50000000,TUSDT
2022-07-06 07:00:00,0.03470000,0.03490000,0.03470000,0.03480000,229872.00000000,TUSDT
2022-07-06 08:00:00,0.03480000,0.03490000,0.03460000,0.03470000,894661.70000000,TUSDT
2022-07-06 09:00:00,0.03470000,0.03510000,0.03470000,0.03480000,515855.30000000,TUSDT
2022-07-06 10:00:00,0.03490000,0.03490000,0.03470000,0.03470000,785065.40000000,TUSDT
2022-07-06 11:00:00,0.03470000,0.03470000,0.03450000,0.03460000,172380.50000000,TUSDT
2022-07-06 12:00:00,0.03460000,0.03490000,0.03450000,0.03470000,350083.80000000,TUSDT
2022-07-06 13:00:00,0.03480000,0.03500000,0.03460000,0.03470000,563078.60000000,TUSDT
2022-07-06 14:00:00,0.03480000,0.03490000,0.03470000,0.03470000,692126.20000000,TUSDT
2022-07-06 15:00:00,0.03470000,0.03480000,0.03460000,0.03470000,756192.80000000,TUSDT
2022-07-06 16:00:00,0.03480000,0.03500000,0.03470000,0.03490000,262503.10000000,TUSDT
2022-07-06 17:00:00,0.03500000,0.03520000,0.03490000,0.03500000,404166.30000000,TUSDT
2022-07-06 18:00:00,0.03500000,0.03540000,0.03490000,0.03520000,612800.00000000,TUSDT
2022-07-06 19:00:00,0.03520000,0.03540000,0.03510000,0.03510000,262549.40000000,TUSDT
2022-07-06 20:00:00,0.03510000,0.03530000,0.03510000,0.03530000,379894.30000000,TUSDT
2022-07-06 21:00:00,0.03540000,0.03540000,0.03510000,0.03510000,215504.60000000,TUSDT
2022-07-06 22:00:00,0.03520000,0.03570000,0.03510000,0.03560000,784692.20000000,TUSDT
2022-07-06 23:00:00,0.03560000,0.03580000,0.03540000,0.03540000,338244.30000000,TUSDT
2022-07-07 00:00:00,0.03540000,0.03550000,0.03500000,0.03510000,919222.40000000,TUSDT
2022-07-07 01:00:00,0.03520000,0.03520000,0.03500000,0.03510000,344922.10000000,TUSDT
2022-07-07 02:00:00,0.03510000,0.03520000,0.03480000,0.03480000,317844.50000000,TUSDT
2022-07-07 03:00:00,0.03480000,0.03500000,0.03480000,0.03490000,187408.30000000,TUSDT
2022-07-07 04:00:00,0.03490000,0.03500000,0.03480000,0.03490000,240652.10000000,TUSDT
2022-07-07 05:00:00,0.03500000,0.03510000,0.03490000,0.03500000,495795.30000000,TUSDT
2022-07-07 06:00:00,0.03490000,0.03500000,0.03490000,0.03500000,108640.70000000,TUSDT
2022-07-07 07:00:00,0.03500000,0.03520000,0.03490000,0.03500000,292034.10000000,TUSDT
2022-07-07 08:00:00,0.03500000,0.03520000,0.03500000,0.03510000,306439.30000000,TUSDT
2022-07-07 09:00:00,0.03510000,0.03550000,0.03510000,0.03540000,246656.90000000,TUSDT
2022-07-07 10:00:00,0.03540000,0.03540000,0.03520000,0.03530000,474357.60000000,TUSDT
2022-07-07 11:00:00,0.03530000,0.03540000,0.03520000,0.03520000,383466.30000000,TUSDT
2022-07-07 12:00:00,0.03520000,0.03530000,0.03510000,0.03510000,203335.20000000,TUSDT
2022-07-07 13:00:00,0.03510000,0.03550000,0.03510000,0.03550000,818964.20000000,TUSDT
2022-07-07 14:00:00,0.03560000,0.03600000,0.03540000,0.03570000,1848900.80000000,TUSDT
2022-07-07 15:00:00,0.03580000,0.03580000,0.03540000,0.03560000,1172340.60000000,TUSDT
2022-07-07 16:00:00,0.03560000,0.03600000,0.03560000,0.03580000,742849.50000000,TUSDT
2022-07-07 17:00:00,0.03590000,0.03610000,0.03570000,0.03590000,856642.50000000,TUSDT
2022-07-07 18:00:00,0.03590000,0.03630000,0.03590000,0.03620000,1380340.60000000,TUSDT
2022-07-07 19:00:00,0.03620000,0.03680000,0.03620000,0.03670000,2556824.50000000,TUSDT
2022-07-07 20:00:00,0.03670000,0.03720000,0.03650000,0.03660000,7535274.90000000,TUSDT
2022-07-07 21:00:00,0.03670000,0.03680000,0.03650000,0.03650000,1170669.90000000,TUSDT
2022-07-07 22:00:00,0.03660000,0.03670000,0.03630000,0.03630000,761393.90000000,TUSDT
2022-07-07 23:00:00,0.03640000,0.03670000,0.03630000,0.03660000,560361.40000000,TUSDT
2022-07-08 00:00:00,0.03650000,0.03680000,0.03630000,0.03640000,1245188.90000000,TUSDT
2022-07-08 01:00:00,0.03640000,0.03700000,0.03640000,0.03660000,1491266.90000000,TUSDT
2022-07-08 02:00:00,0.03670000,0.03670000,0.03620000,0.03640000,1391189.20000000,TUSDT
2022-07-08 03:00:00,0.03640000,0.03670000,0.03630000,0.03650000,662418.10000000,TUSDT
2022-07-08 04:00:00,0.03660000,0.03680000,0.03650000,0.03650000,1366609.00000000,TUSDT
2022-07-08 05:00:00,0.03650000,0.03650000,0.03600000,0.03620000,8762414.60000000,TUSDT
2022-07-08 06:00:00,0.03610000,0.03670000,0.03610000,0.03650000,732944.30000000,TUSDT
2022-07-08 07:00:00,0.03660000,0.03670000,0.03630000,0.03660000,899510.30000000,TUSDT
2022-07-08 08:00:00,0.03660000,0.03700000,0.03610000,0.03610000,2058858.30000000,TUSDT
2022-07-08 09:00:00,0.03610000,0.03630000,0.03580000,0.03610000,2195472.50000000,TUSDT
2022-07-08 10:00:00,0.03620000,0.03670000,0.03620000,0.03630000,2077532.70000000,TUSDT
2022-07-08 11:00:00,0.03630000,0.03650000,0.03610000,0.03630000,739051.50000000,TUSDT
2022-07-08 12:00:00,0.03640000,0.03660000,0.03600000,0.03600000,766368.10000000,TUSDT
2022-07-08 13:00:00,0.03600000,0.03630000,0.03590000,0.03590000,918397.60000000,TUSDT
2022-07-08 14:00:00,0.03590000,0.03690000,0.03590000,0.03670000,1623942.20000000,TUSDT
2022-07-08 15:00:00,0.03670000,0.03700000,0.03670000,0.03670000,2337620.80000000,TUSDT
2022-07-08 16:00:00,0.03670000,0.03690000,0.03650000,0.03670000,1310581.70000000,TUSDT
2022-07-08 17:00:00,0.03670000,0.03730000,0.03660000,0.03730000,3636853.20000000,TUSDT
2022-07-08 18:00:00,0.03730000,0.03740000,0.03690000,0.03710000,2037805.70000000,TUSDT
2022-07-08 19:00:00,0.03720000,0.03740000,0.03710000,0.03730000,633948.50000000,TUSDT
2022-07-08 20:00:00,0.03730000,0.03740000,0.03710000,0.03730000,656202.30000000,TUSDT
2022-07-08 21:00:00,0.03710000,0.03740000,0.03700000,0.03700000,885144.30000000,TUSDT
2022-07-08 22:00:00,0.03700000,0.03740000,0.03700000,0.03730000,378236.60000000,TUSDT
2022-07-08 23:00:00,0.03730000,0.03760000,0.03710000,0.03740000,1200933.80000000,TUSDT
2022-07-09 00:00:00,0.03740000,0.04010000,0.03700000,0.03710000,29022060.40000000,TUSDT
2022-07-09 01:00:00,0.03710000,0.03750000,0.03690000,0.03690000,2603082.40000000,TUSDT
2022-07-09 02:00:00,0.03690000,0.03730000,0.03690000,0.03710000,398180.60000000,TUSDT
2022-07-09 03:00:00,0.03710000,0.03710000,0.03690000,0.03710000,297279.00000000,TUSDT
2022-07-09 04:00:00,0.03710000,0.03720000,0.03700000,0.03710000,725245.60000000,TUSDT
2022-07-09 05:00:00,0.03710000,0.03730000,0.03700000,0.03710000,471258.30000000,TUSDT
2022-07-09 06:00:00,0.03710000,0.03720000,0.03680000,0.03700000,3909054.00000000,TUSDT
2022-07-09 07:00:00,0.03700000,0.03740000,0.03700000,0.03720000,492456.90000000,TUSDT
2022-07-09 08:00:00,0.03720000,0.03780000,0.03720000,0.03760000,1417507.00000000,TUSDT
2022-07-09 09:00:00,0.03770000,0.03780000,0.03750000,0.03750000,1423053.20000000,TUSDT
2022-07-09 10:00:00,0.03750000,0.03770000,0.03750000,0.03760000,378331.30000000,TUSDT
2022-07-09 11:00:00,0.03770000,0.03790000,0.03730000,0.03740000,1608344.90000000,TUSDT
2022-07-09 12:00:00,0.03740000,0.03760000,0.03730000,0.03740000,371722.80000000,TUSDT
2022-07-09 13:00:00,0.03740000,0.03770000,0.03740000,0.03750000,458439.30000000,TUSDT
2022-07-09 14:00:00,0.03750000,0.03780000,0.03750000,0.03750000,562124.90000000,TUSDT
2022-07-09 15:00:00,0.03770000,0.03770000,0.03750000,0.03760000,209616.50000000,TUSDT
2022-07-09 16:00:00,0.03760000,0.03780000,0.03760000,0.03770000,275843.60000000,TUSDT
2022-07-09 17:00:00,0.03780000,0.03810000,0.03770000,0.03780000,691454.20000000,TUSDT
2022-07-09 18:00:00,0.03780000,0.03790000,0.03770000,0.03770000,362719.40000000,TUSDT
2022-07-09 19:00:00,0.03770000,0.03780000,0.03750000,0.03770000,578835.90000000,TUSDT
2022-07-09 20:00:00,0.03770000,0.03780000,0.03760000,0.03770000,220726.50000000,TUSDT
2022-07-09 21:00:00,0.03780000,0.03800000,0.03770000,0.03780000,166532.40000000,TUSDT
2022-07-09 22:00:00,0.03790000,0.03810000,0.03770000,0.03770000,311534.40000000,TUSDT
2022-07-09 23:00:00,0.03770000,0.03790000,0.03760000,0.03760000,370985.20000000,TUSDT
2022-07-10 00:00:00,0.03770000,0.03790000,0.03730000,0.03730000,817695.60000000,TUSDT
2022-07-10 01:00:00,0.03730000,0.03760000,0.03710000,0.03720000,1135333.50000000,TUSDT
2022-07-10 02:00:00,0.03720000,0.03730000,0.03670000,0.03680000,1222431.90000000,TUSDT
2022-07-10 03:00:00,0.03680000,0.03690000,0.03660000,0.03680000,306886.50000000,TUSDT
2022-07-10 04:00:00,0.03680000,0.03680000,0.03620000,0.03650000,777061.10000000,TUSDT
2022-07-10 05:00:00,0.03650000,0.03710000,0.03650000,0.03700000,762455.90000000,TUSDT
2022-07-10 06:00:00,0.03700000,0.03700000,0.03670000,0.03680000,501891.20000000,TUSDT
2022-07-10 07:00:00,0.03680000,0.03680000,0.03660000,0.03680000,426399.70000000,TUSDT
2022-07-10 08:00:00,0.03670000,0.03690000,0.03670000,0.03670000,296343.40000000,TUSDT
2022-07-10 09:00:00,0.03680000,0.03690000,0.03640000,0.03650000,7654456.50000000,TUSDT
2022-07-10 10:00:00,0.03660000,0.03680000,0.03650000,0.03650000,285583.30000000,TUSDT
2022-07-10 11:00:00,0.03650000,0.03660000,0.03640000,0.03650000,319992.10000000,TUSDT
2022-07-10 12:00:00,0.03650000,0.03660000,0.03640000,0.03650000,478110.10000000,TUSDT
2022-07-10 13:00:00,0.03650000,0.03650000,0.03610000,0.03620000,324283.60000000,TUSDT
2022-07-10 14:00:00,0.03630000,0.03630000,0.03550000,0.03560000,1820405.70000000,TUSDT
2022-07-10 15:00:00,0.03570000,0.03590000,0.03560000,0.03560000,1044326.60000000,TUSDT
2022-07-10 16:00:00,0.03560000,0.03580000,0.03550000,0.03570000,235535.70000000,TUSDT
2022-07-10 17:00:00,0.03570000,0.03600000,0.03570000,0.03590000,389412.50000000,TUSDT
2022-07-10 18:00:00,0.03590000,0.03600000,0.03580000,0.03580000,155395.00000000,TUSDT
2022-07-10 19:00:00,0.03580000,0.03590000,0.03570000,0.03590000,71646.20000000,TUSDT
2022-07-10 20:00:00,0.03590000,0.03610000,0.03590000,0.03600000,106978.50000000,TUSDT
2022-07-10 21:00:00,0.03600000,0.03620000,0.03600000,0.03600000,262637.10000000,TUSDT
2022-07-10 22:00:00,0.03600000,0.03600000,0.03560000,0.03580000,243169.10000000,TUSDT
2022-07-10 23:00:00,0.03580000,0.03600000,0.03570000,0.03600000,321741.40000000,TUSDT
2022-07-11 00:00:00,0.03590000,0.03600000,0.03520000,0.03570000,1088735.00000000,TUSDT
2022-07-11 01:00:00,0.03580000,0.03600000,0.03470000,0.03490000,2419484.20000000,TUSDT
2022-07-11 02:00:00,0.03490000,0.03510000,0.03470000,0.03490000,312636.70000000,TUSDT
2022-07-11 03:00:00,0.03490000,0.03530000,0.03470000,0.03510000,569128.40000000,TUSDT
2022-07-11 04:00:00,0.03510000,0.03520000,0.03490000,0.03500000,198355.20000000,TUSDT
2022-07-11 05:00:00,0.03500000,0.03590000,0.03500000,0.03570000,936298.70000000,TUSDT
2022-07-11 06:00:00,0.03560000,0.03560000,0.03460000,0.03470000,834638.80000000,TUSDT
2022-07-11 07:00:00,0.03470000,0.03490000,0.03460000,0.03480000,217453.90000000,TUSDT
2022-07-11 08:00:00,0.03480000,0.03490000,0.03470000,0.03480000,164605.20000000,TUSDT
2022-07-11 09:00:00,0.03480000,0.03500000,0.03480000,0.03490000,199723.40000000,TUSDT
2022-07-11 10:00:00,0.03500000,0.03510000,0.03490000,0.03490000,112943.90000000,TUSDT
2022-07-11 11:00:00,0.03490000,0.03580000,0.03490000,0.03560000,1886355.30000000,TUSDT
2022-07-11 12:00:00,0.03570000,0.03640000,0.03530000,0.03530000,3048778.10000000,TUSDT
2022-07-11 13:00:00,0.03530000,0.03550000,0.03490000,0.03500000,3233985.30000000,TUSDT
2022-07-11 14:00:00,0.03500000,0.03510000,0.03490000,0.03500000,252118.00000000,TUSDT
2022-07-11 15:00:00,0.03500000,0.03500000,0.03490000,0.03500000,71187.10000000,TUSDT
2022-07-11 16:00:00,0.03500000,0.03510000,0.03500000,0.03500000,92788.90000000,TUSDT
2022-07-11 17:00:00,0.03500000,0.03530000,0.03500000,0.03530000,61841.00000000,TUSDT
2022-07-11 18:00:00,0.03530000,0.03550000,0.03520000,0.03530000,195853.30000000,TUSDT
2022-07-11 19:00:00,0.03540000,0.03540000,0.03510000,0.03520000,94864.70000000,TUSDT
2022-07-11 20:00:00,0.03520000,0.03530000,0.03520000,0.03520000,97384.80000000,TUSDT
2022-07-11 21:00:00,0.03520000,0.03520000,0.03490000,0.03500000,220516.50000000,TUSDT
2022-07-11 22:00:00,0.03500000,0.03500000,0.03430000,0.03440000,1146247.20000000,TUSDT
2022-07-11 23:00:00,0.03440000,0.03440000,0.03410000,0.03420000,342881.20000000,TUSDT
2022-07-12 00:00:00,0.03420000,0.03420000,0.03350000,0.03380000,1943983.80000000,TUSDT
2022-07-12 01:00:00,0.03380000,0.03390000,0.03370000,0.03380000,644590.30000000,TUSDT
2022-07-12 02:00:00,0.03390000,0.03400000,0.03380000,0.03380000,164127.30000000,TUSDT
2022-07-12 03:00:00,0.03380000,0.03380000,0.03370000,0.03370000,90176.20000000,TUSDT
2022-07-12 04:00:00,0.03380000,0.03400000,0.03370000,0.03390000,149731.30000000,TUSDT
2022-07-12 05:00:00,0.03380000,0.03420000,0.03380000,0.03410000,299146.30000000,TUSDT
2022-07-12 06:00:00,0.03400000,0.03400000,0.03370000,0.03370000,598999.30000000,TUSDT
2022-07-12 07:00:00,0.03370000,0.03380000,0.03320000,0.03350000,338041.30000000,TUSDT
2022-07-12 08:00:00,0.03350000,0.03360000,0.03340000,0.03350000,370355.30000000,TUSDT
2022-07-12 09:00:00,0.03350000,0.03350000,0.03310000,0.03310000,236575.10000000,TUSDT
2022-07-12 10:00:00,0.03320000,0.03340000,0.03310000,0.03310000,488405.50000000,TUSDT
2022-07-12 11:00:00,0.03330000,0.03360000,0.03320000,0.03340000,409409.60000000,TUSDT
2022-07-12 12:00:00,0.03340000,0.03380000,0.03340000,0.03370000,431973.60000000,TUSDT
2022-07-12 13:00:00,0.03370000,0.03380000,0.03360000,0.03370000,333334.10000000,TUSDT
2022-07-12 14:00:00,0.03380000,0.03380000,0.03350000,0.03370000,472416.00000000,TUSDT
2022-07-12 15:00:00,0.03380000,0.03390000,0.03380000,0.03380000,122641.70000000,TUSDT
2022-07-12 16:00:00,0.03380000,0.03400000,0.03380000,0.03380000,109671.00000000,TUSDT
2022-07-12 17:00:00,0.03380000,0.03390000,0.03380000,0.03390000,152993.80000000,TUSDT
2022-07-12 18:00:00,0.03400000,0.03410000,0.03380000,0.03390000,435246.60000000,TUSDT
2022-07-12 19:00:00,0.03390000,0.03390000,0.03340000,0.03340000,820474.80000000,TUSDT
2022-07-12 20:00:00,0.03340000,0.03340000,0.03330000,0.03340000,188908.20000000,TUSDT
2022-07-12 21:00:00,0.03340000,0.03350000,0.03330000,0.03330000,135324.60000000,TUSDT
2022-07-12 22:00:00,0.03330000,0.03350000,0.03320000,0.03340000,144828.90000000,TUSDT
2022-07-12 23:00:00,0.03340000,0.03350000,0.03320000,0.03340000,246278.20000000,TUSDT
2022-07-13 00:00:00,0.03340000,0.03420000,0.03330000,0.03340000,1546757.10000000,TUSDT
2022-07-13 01:00:00,0.03340000,0.03360000,0.03330000,0.03340000,122871.00000000,TUSDT
2022-07-13 02:00:00,0.03340000,0.03360000,0.03340000,0.03340000,76498.70000000,TUSDT
2022-07-13 03:00:00,0.03350000,0.03360000,0.03340000,0.03350000,171215.00000000,TUSDT
2022-07-13 04:00:00,0.03350000,0.03350000,0.03330000,0.03340000,303361.40000000,TUSDT
2022-07-13 05:00:00,0.03340000,0.03360000,0.03330000,0.03340000,175081.60000000,TUSDT
2022-07-13 06:00:00,0.03340000,0.03350000,0.03330000,0.03340000,689159.60000000,TUSDT
2022-07-13 07:00:00,0.03340000,0.03410000,0.03340000,0.03380000,1407916.20000000,TUSDT
2022-07-13 08:00:00,0.03390000,0.03400000,0.03370000,0.03390000,472167.00000000,TUSDT
2022-07-13 09:00:00,0.03400000,0.03400000,0.03380000,0.03380000,167810.20000000,TUSDT
2022-07-13 10:00:00,0.03380000,0.03390000,0.03370000,0.03380000,638875.60000000,TUSDT
2022-07-13 11:00:00,0.03380000,0.03410000,0.03380000,0.03390000,389056.50000000,TUSDT
2022-07-13 12:00:00,0.03400000,0.03430000,0.03130000,0.03200000,6767188.80000000,TUSDT
2022-07-13 13:00:00,0.03210000,0.03260000,0.03180000,0.03240000,1308746.50000000,TUSDT
2022-07-13 14:00:00,0.03250000,0.03300000,0.03240000,0.03300000,1271619.70000000,TUSDT
2022-07-13 15:00:00,0.03290000,0.03370000,0.03290000,0.03350000,5948508.30000000,TUSDT
2022-07-13 16:00:00,0.03350000,0.03360000,0.03310000,0.03360000,1403028.60000000,TUSDT
2022-07-13 17:00:00,0.03370000,0.03400000,0.03360000,0.03390000,1640185.90000000,TUSDT
2022-07-13 18:00:00,0.03390000,0.03410000,0.03370000,0.03400000,903804.60000000,TUSDT
2022-07-13 19:00:00,0.03400000,0.03410000,0.03390000,0.03390000,227973.70000000,TUSDT
2022-07-13 20:00:00,0.03400000,0.03400000,0.03370000,0.03370000,220435.90000000,TUSDT
2022-07-13 21:00:00,0.03370000,0.03390000,0.03360000,0.03370000,378202.30000000,TUSDT
2022-07-13 22:00:00,0.03390000,0.03440000,0.03390000,0.03390000,1009541.40000000,TUSDT
2022-07-13 23:00:00,0.03400000,0.03460000,0.03400000,0.03440000,664042.30000000,TUSDT
2022-07-14 00:00:00,0.03440000,0.03450000,0.03400000,0.03420000,444771.00000000,TUSDT
2022-07-14 01:00:00,0.03420000,0.03430000,0.03410000,0.03410000,545719.90000000,TUSDT
2022-07-14 02:00:00,0.03410000,0.03420000,0.03390000,0.03390000,219297.20000000,TUSDT
2022-07-14 03:00:00,0.03390000,0.03430000,0.03390000,0.03400000,612990.50000000,TUSDT
2022-07-14 04:00:00,0.03410000,0.03410000,0.03370000,0.03370000,701018.20000000,TUSDT
2022-07-14 05:00:00,0.03370000,0.03390000,0.03370000,0.03370000,93679.70000000,TUSDT
2022-07-14 06:00:00,0.03370000,0.03380000,0.03340000,0.03360000,612162.50000000,TUSDT
2022-07-14 07:00:00,0.03360000,0.03370000,0.03310000,0.03340000,5767116.50000000,TUSDT
2022-07-14 08:00:00,0.03340000,0.03350000,0.03310000,0.03310000,520788.00000000,TUSDT
2022-07-14 09:00:00,0.03310000,0.03320000,0.03290000,0.03300000,521518.70000000,TUSDT
2022-07-14 10:00:00,0.03310000,0.03320000,0.03300000,0.03300000,703357.30000000,TUSDT
2022-07-14 11:00:00,0.03310000,0.03310000,0.03280000,0.03300000,480933.00000000,TUSDT
2022-07-14 12:00:00,0.03310000,0.03340000,0.03300000,0.03330000,1073118.90000000,TUSDT
2022-07-14 13:00:00,0.03340000,0.03340000,0.03310000,0.03330000,608748.50000000,TUSDT
2022-07-14 14:00:00,0.03330000,0.03350000,0.03330000,0.03350000,1102310.10000000,TUSDT
2022-07-14 15:00:00,0.03360000,0.03460000,0.03350000,0.03440000,6271173.00000000,TUSDT
2022-07-14 16:00:00,0.03450000,0.03450000,0.03380000,0.03390000,998159.00000000,TUSDT
2022-07-14 17:00:00,0.03390000,0.03480000,0.03390000,0.03480000,2109213.00000000,TUSDT
2022-07-14 18:00:00,0.03480000,0.03500000,0.03470000,0.03480000,1005532.60000000,TUSDT
2022-07-14 19:00:00,0.03490000,0.03510000,0.03460000,0.03470000,429882.50000000,TUSDT
2022-07-14 20:00:00,0.03470000,0.03490000,0.03460000,0.03460000,626141.10000000,TUSDT
2022-07-14 21:00:00,0.03470000,0.03480000,0.03430000,0.03440000,208365.20000000,TUSDT
2022-07-14 22:00:00,0.03440000,0.03460000,0.03430000,0.03450000,99064.50000000,TUSDT
2022-07-14 23:00:00,0.03460000,0.03480000,0.03450000,0.03470000,307492.10000000,TUSDT
2022-07-15 00:00:00,0.03470000,0.03470000,0.03410000,0.03410000,636745.90000000,TUSDT
2022-07-15 01:00:00,0.03410000,0.03470000,0.03410000,0.03470000,328745.40000000,TUSDT
2022-07-15 02:00:00,0.03470000,0.03490000,0.03420000,0.03430000,420692.30000000,TUSDT
2022-07-15 03:00:00,0.03430000,0.03500000,0.03430000,0.03500000,1079942.80000000,TUSDT
2022-07-15 04:00:00,0.03510000,0.03520000,0.03470000,0.03470000,820401.90000000,TUSDT
2022-07-15 05:00:00,0.03470000,0.03510000,0.03470000,0.03500000,310204.30000000,TUSDT
2022-07-15 06:00:00,0.03500000,0.03530000,0.03480000,0.03500000,329501.70000000,TUSDT
2022-07-15 07:00:00,0.03500000,0.03510000,0.03480000,0.03490000,340198.70000000,TUSDT
2022-07-15 08:00:00,0.03490000,0.03510000,0.03480000,0.03490000,721308.60000000,TUSDT
2022-07-15 09:00:00,0.03490000,0.03520000,0.03490000,0.03500000,442765.90000000,TUSDT
2022-07-15 10:00:00,0.03500000,0.03500000,0.03480000,0.03480000,632888.50000000,TUSDT
2022-07-15 11:00:00,0.03480000,0.03500000,0.03460000,0.03460000,387650.60000000,TUSDT
2022-07-15 12:00:00,0.03470000,0.03510000,0.03460000,0.03500000,835550.20000000,TUSDT
2022-07-15 13:00:00,0.03500000,0.03510000,0.03470000,0.03480000,560875.60000000,TUSDT
2022-07-15 14:00:00,0.03480000,0.03530000,0.03480000,0.03500000,1608410.20000000,TUSDT
2022-07-15 15:00:00,0.03510000,0.03520000,0.03500000,0.03500000,500257.40000000,TUSDT
2022-07-15 16:00:00,0.03500000,0.03520000,0.03480000,0.03480000,519379.10000000,TUSDT
2022-07-15 17:00:00,0.03480000,0.03550000,0.03480000,0.03520000,737857.70000000,TUSDT
2022-07-15 18:00:00,0.03520000,0.03570000,0.03520000,0.03550000,243233.50000000,TUSDT
2022-07-15 19:00:00,0.03560000,0.03600000,0.03560000,0.03590000,629829.60000000,TUSDT
2022-07-15 20:00:00,0.03600000,0.03620000,0.03530000,0.03530000,644791.70000000,TUSDT
2022-07-15 21:00:00,0.03540000,0.03570000,0.03520000,0.03560000,308762.70000000,TUSDT
2022-07-15 22:00:00,0.03560000,0.03590000,0.03540000,0.03550000,553035.70000000,TUSDT
2022-07-15 23:00:00,0.03550000,0.03570000,0.03510000,0.03520000,441236.10000000,TUSDT
2022-07-16 00:00:00,0.03520000,0.03520000,0.03460000,0.03470000,1599992.00000000,TUSDT
2022-07-16 01:00:00,0.03470000,0.03500000,0.03470000,0.03480000,320347.70000000,TUSDT
2022-07-16 02:00:00,0.03480000,0.03490000,0.03470000,0.03480000,131131.10000000,TUSDT
2022-07-16 03:00:00,0.03480000,0.03500000,0.03480000,0.03480000,355186.50000000,TUSDT
2022-07-16 04:00:00,0.03480000,0.03490000,0.03470000,0.03480000,629044.80000000,TUSDT
2022-07-16 05:00:00,0.03480000,0.03490000,0.03460000,0.03460000,394267.30000000,TUSDT
2022-07-16 06:00:00,0.03460000,0.03460000,0.03420000,0.03440000,949400.10000000,TUSDT
2022-07-16 07:00:00,0.03440000,0.03460000,0.03440000,0.03440000,289792.30000000,TUSDT
2022-07-16 08:00:00,0.03450000,0.03460000,0.03440000,0.03450000,112821.90000000,TUSDT
2022-07-16 09:00:00,0.03460000,0.03470000,0.03450000,0.03460000,182620.20000000,TUSDT
2022-07-16 10:00:00,0.03460000,0.03480000,0.03440000,0.03470000,245599.40000000,TUSDT
2022-07-16 11:00:00,0.03470000,0.03480000,0.03460000,0.03470000,165289.50000000,TUSDT
2022-07-16 12:00:00,0.03480000,0.03500000,0.03470000,0.03490000,365012.40000000,TUSDT
2022-07-16 13:00:00,0.03490000,0.03530000,0.03490000,0.03500000,487201.30000000,TUSDT
2022-07-16 14:00:00,0.03510000,0.03520000,0.03500000,0.03510000,235873.30000000,TUSDT
2022-07-16 15:00:00,0.03520000,0.03550000,0.03510000,0.03540000,282203.70000000,TUSDT
2022-07-16 16:00:00,0.03560000,0.03700000,0.03550000,0.03600000,8510773.60000000,TUSDT
2022-07-16 17:00:00,0.03610000,0.03630000,0.03600000,0.03600000,1382469.20000000,TUSDT
2022-07-16 18:00:00,0.03600000,0.03620000,0.03590000,0.03600000,556876.40000000,TUSDT
2022-07-16 19:00:00,0.03610000,0.03620000,0.03580000,0.03580000,485656.40000000,TUSDT
2022-07-16 20:00:00,0.03580000,0.03590000,0.03540000,0.03570000,468420.60000000,TUSDT
2022-07-16 21:00:00,0.03570000,0.03590000,0.03560000,0.03560000,176115.20000000,TUSDT
2022-07-16 22:00:00,0.03560000,0.03600000,0.03550000,0.03590000,502094.70000000,TUSDT
2022-07-16 23:00:00,0.03590000,0.03600000,0.03570000,0.03600000,545831.10000000,TUSDT
2022-07-17 00:00:00,0.03600000,0.03630000,0.03580000,0.03590000,873935.60000000,TUSDT
2022-07-17 01:00:00,0.03600000,0.03600000,0.03550000,0.03550000,486180.30000000,TUSDT
2022-07-17 02:00:00,0.03550000,0.03570000,0.03550000,0.03560000,299180.00000000,TUSDT
2022-07-17 03:00:00,0.03570000,0.03600000,0.03560000,0.03560000,430586.90000000,TUSDT
2022-07-17 04:00:00,0.03560000,0.03580000,0.03550000,0.03560000,303236.00000000,TUSDT
2022-07-17 05:00:00,0.03570000,0.03590000,0.03550000,0.03570000,422344.20000000,TUSDT
2022-07-17 06:00:00,0.03580000,0.03620000,0.03570000,0.03610000,611214.40000000,TUSDT
2022-07-17 07:00:00,0.03610000,0.03630000,0.03600000,0.03600000,1082745.70000000,TUSDT
2022-07-17 08:00:00,0.03600000,0.03600000,0.03560000,0.03590000,698969.60000000,TUSDT
2022-07-17 09:00:00,0.03600000,0.03610000,0.03580000,0.03580000,856563.20000000,TUSDT
2022-07-17 10:00:00,0.03580000,0.03590000,0.03560000,0.03590000,246881.40000000,TUSDT
2022-07-17 11:00:00,0.03590000,0.03590000,0.03560000,0.03570000,328628.60000000,TUSDT
2022-07-17 12:00:00,0.03570000,0.03600000,0.03570000,0.03570000,912366.40000000,TUSDT
2022-07-17 13:00:00,0.03580000,0.03590000,0.03550000,0.03570000,771119.10000000,TUSDT
2022-07-17 14:00:00,0.03570000,0.03600000,0.03560000,0.03570000,981547.60000000,TUSDT
2022-07-17 15:00:00,0.03570000,0.03600000,0.03570000,0.03580000,739923.60000000,TUSDT
2022-07-17 16:00:00,0.03590000,0.03610000,0.03560000,0.03580000,701007.70000000,TUSDT
2022-07-17 17:00:00,0.03580000,0.03610000,0.03550000,0.03560000,1138066.00000000,TUSDT
2022-07-17 18:00:00,0.03560000,0.03590000,0.03560000,0.03570000,545923.00000000,TUSDT
2022-07-17 19:00:00,0.03570000,0.03590000,0.03560000,0.03580000,212713.60000000,TUSDT
2022-07-17 20:00:00,0.03580000,0.03590000,0.03580000,0.03580000,54589.20000000,TUSDT
2022-07-17 21:00:00,0.03580000,0.03590000,0.03570000,0.03580000,69339.00000000,TUSDT
2022-07-17 22:00:00,0.03590000,0.03590000,0.03560000,0.03580000,174217.10000000,TUSDT
2022-07-17 23:00:00,0.03580000,0.03580000,0.03550000,0.03570000,139921.20000000,TUSDT
2022-07-18 00:00:00,0.03550000,0.03580000,0.03530000,0.03540000,422503.40000000,TUSDT
2022-07-18 01:00:00,0.03540000,0.03580000,0.03530000,0.03580000,412221.80000000,TUSDT
2022-07-18 02:00:00,0.03570000,0.03630000,0.03570000,0.03630000,423672.00000000,TUSDT
2022-07-18 03:00:00,0.03630000,0.03640000,0.03590000,0.03600000,530928.10000000,TUSDT
2022-07-18 04:00:00,0.03610000,0.03630000,0.03590000,0.03620000,1217295.70000000,TUSDT
2022-07-18 05:00:00,0.03630000,0.03690000,0.03610000,0.03670000,3875116.50000000,TUSDT
2022-07-18 06:00:00,0.03680000,0.03700000,0.03640000,0.03670000,2705719.00000000,TUSDT
2022-07-18 07:00:00,0.03670000,0.03700000,0.03660000,0.03700000,1894486.10000000,TUSDT
2022-07-18 08:00:00,0.03700000,0.03730000,0.03680000,0.03710000,4999371.10000000,TUSDT
2022-07-18 09:00:00,0.03710000,0.03720000,0.03680000,0.03690000,3394002.30000000,TUSDT
2022-07-18 10:00:00,0.03680000,0.03710000,0.03660000,0.03690000,3860615.20000000,TUSDT
2022-07-18 11:00:00,0.03680000,0.03720000,0.03650000,0.03680000,1597691.70000000,TUSDT
2022-07-18 12:00:00,0.03680000,0.03710000,0.03660000,0.03710000,1355044.70000000,TUSDT
2022-07-18 13:00:00,0.03710000,0.03730000,0.03690000,0.03710000,1496830.90000000,TUSDT
2022-07-18 14:00:00,0.03710000,0.03720000,0.03680000,0.03690000,2925444.30000000,TUSDT
2022-07-18 15:00:00,0.03690000,0.03770000,0.03690000,0.03760000,2703605.10000000,TUSDT
2022-07-18 16:00:00,0.03760000,0.03760000,0.03700000,0.03720000,2284506.70000000,TUSDT
2022-07-18 17:00:00,0.03710000,0.03710000,0.03670000,0.03680000,3143318.20000000,TUSDT
2022-07-18 18:00:00,0.03680000,0.03690000,0.03670000,0.03690000,527997.90000000,TUSDT
2022-07-18 19:00:00,0.03690000,0.03690000,0.03640000,0.03660000,1475125.60000000,TUSDT
2022-07-18 20:00:00,0.03660000,0.03680000,0.03640000,0.03660000,278938.10000000,TUSDT
2022-07-18 21:00:00,0.03660000,0.03680000,0.03600000,0.03660000,2973025.30000000,TUSDT
2022-07-18 22:00:00,0.03680000,0.03710000,0.03670000,0.03710000,224891.50000000,TUSDT
2022-07-18 23:00:00,0.03710000,0.03770000,0.03700000,0.03750000,2873517.00000000,TUSDT
2022-07-19 00:00:00,0.03750000,0.03960000,0.03750000,0.03810000,11252052.00000000,TUSDT
2022-07-19 01:00:00,0.03810000,0.03850000,0.03780000,0.03830000,1791866.10000000,TUSDT
2022-07-19 02:00:00,0.03840000,0.03920000,0.03790000,0.03840000,5245388.40000000,TUSDT
2022-07-19 03:00:00,0.03840000,0.03850000,0.03790000,0.03810000,1657648.10000000,TUSDT
2022-07-19 04:00:00,0.03800000,0.03810000,0.03750000,0.03760000,3955928.90000000,TUSDT
2022-07-19 05:00:00,0.03770000,0.03820000,0.03760000,0.03800000,1975189.40000000,TUSDT
2022-07-19 06:00:00,0.03810000,0.03830000,0.03720000,0.03790000,3068089.20000000,TUSDT
2022-07-19 07:00:00,0.03780000,0.03840000,0.03780000,0.03800000,1849707.60000000,TUSDT
2022-07-19 08:00:00,0.03800000,0.03840000,0.03800000,0.03830000,1174366.60000000,TUSDT
2022-07-19 09:00:00,0.03830000,0.04030000,0.03820000,0.03830000,12311585.00000000,TUSDT
2022-07-19 10:00:00,0.03830000,0.03860000,0.03800000,0.03840000,2685204.30000000,TUSDT
2022-07-19 11:00:00,0.03840000,0.03880000,0.03830000,0.03850000,1990215.60000000,TUSDT
2022-07-19 12:00:00,0.03860000,0.03870000,0.03840000,0.03850000,2653511.20000000,TUSDT
2022-07-19 13:00:00,0.03850000,0.03870000,0.03830000,0.03850000,1700878.90000000,TUSDT
2022-07-19 14:00:00,0.03850000,0.03850000,0.03790000,0.03850000,3767227.80000000,TUSDT
2022-07-19 15:00:00,0.03850000,0.03860000,0.03800000,0.03850000,2194876.60000000,TUSDT
2022-07-19 16:00:00,0.03840000,0.03890000,0.03840000,0.03860000,1962292.20000000,TUSDT
2022-07-19 17:00:00,0.03860000,0.03920000,0.03860000,0.03910000,762363.90000000,TUSDT
2022-07-19 18:00:00,0.03910000,0.03930000,0.03840000,0.03870000,1636965.60000000,TUSDT
2022-07-19 19:00:00,0.03870000,0.03890000,0.03850000,0.03870000,753022.20000000,TUSDT
2022-07-19 20:00:00,0.03870000,0.03890000,0.03860000,0.03880000,1148357.70000000,TUSDT
2022-07-19 21:00:00,0.03890000,0.04100000,0.03880000,0.03940000,12449882.10000000,TUSDT
2022-07-19 22:00:00,0.03940000,0.03950000,0.03910000,0.03950000,680870.40000000,TUSDT
2022-07-19 23:00:00,0.03940000,0.03950000,0.03900000,0.03900000,774213.90000000,TUSDT
2022-07-20 00:00:00,0.03900000,0.03970000,0.03870000,0.03920000,6665340.60000000,TUSDT
2022-07-20 01:00:00,0.03910000,0.03950000,0.03890000,0.03930000,992845.00000000,TUSDT
2022-07-20 02:00:00,0.03940000,0.03950000,0.03930000,0.03940000,717365.80000000,TUSDT
2022-07-20 03:00:00,0.03930000,0.04110000,0.03920000,0.04070000,4296703.10000000,TUSDT
2022-07-20 04:00:00,0.04070000,0.04340000,0.04040000,0.04210000,9753717.30000000,TUSDT
2022-07-20 05:00:00,0.04210000,0.04240000,0.04070000,0.04080000,2680524.10000000,TUSDT
2022-07-20 06:00:00,0.04080000,0.04130000,0.04070000,0.04110000,3189796.10000000,TUSDT
2022-07-20 07:00:00,0.04100000,0.04100000,0.03920000,0.03940000,17382753.90000000,TUSDT
2022-07-20 08:00:00,0.03940000,0.03950000,0.03880000,0.03890000,5252871.50000000,TUSDT
2022-07-20 09:00:00,0.03890000,0.03930000,0.03870000,0.03910000,1120691.10000000,TUSDT
2022-07-20 10:00:00,0.03910000,0.03980000,0.03900000,0.03940000,2531003.60000000,TUSDT
2022-07-20 11:00:00,0.03940000,0.03950000,0.03910000,0.03910000,2073112.80000000,TUSDT
2022-07-20 12:00:00,0.03920000,0.03940000,0.03890000,0.03910000,2734217.50000000,TUSDT
2022-07-20 13:00:00,0.03920000,0.03940000,0.03900000,0.03900000,2111261.30000000,TUSDT
2022-07-20 14:00:00,0.03890000,0.03930000,0.03880000,0.03930000,925535.40000000,TUSDT
2022-07-20 15:00:00,0.03940000,0.03950000,0.03920000,0.03930000,1408955.50000000,TUSDT
2022-07-20 16:00:00,0.03940000,0.03940000,0.03850000,0.03860000,4794114.00000000,TUSDT
2022-07-20 17:00:00,0.03860000,0.03880000,0.03850000,0.03850000,1433367.10000000,TUSDT
2022-07-20 18:00:00,0.03850000,0.03880000,0.03850000,0.03880000,653987.00000000,TUSDT
2022-07-20 19:00:00,0.03880000,0.03900000,0.03870000,0.03880000,674632.90000000,TUSDT
2022-07-20 20:00:00,0.03880000,0.03890000,0.03680000,0.03770000,5805156.00000000,TUSDT
2022-07-20 21:00:00,0.03760000,0.03830000,0.03730000,0.03810000,853686.50000000,TUSDT
2022-07-20 22:00:00,0.03810000,0.03810000,0.03720000,0.03730000,668084.50000000,TUSDT
2022-07-20 23:00:00,0.03720000,0.03730000,0.03670000,0.03710000,2175786.20000000,TUSDT
2022-07-21 00:00:00,0.03700000,0.03740000,0.03670000,0.03690000,1228821.20000000,TUSDT
2022-07-21 01:00:00,0.03700000,0.03730000,0.03690000,0.03700000,614910.00000000,TUSDT
2022-07-21 02:00:00,0.03700000,0.03710000,0.03570000,0.03570000,2021800.60000000,TUSDT
2022-07-21 03:00:00,0.03580000,0.03620000,0.03570000,0.03600000,1990418.30000000,TUSDT
2022-07-21 04:00:00,0.03600000,0.03630000,0.03570000,0.03610000,1396905.70000000,TUSDT
2022-07-21 05:00:00,0.03610000,0.03640000,0.03600000,0.03610000,694162.00000000,TUSDT
2022-07-21 06:00:00,0.03610000,0.03610000,0.03590000,0.03600000,425377.50000000,TUSDT
2022-07-21 07:00:00,0.03600000,0.03650000,0.03590000,0.03620000,719856.40000000,TUSDT
2022-07-21 08:00:00,0.03620000,0.03630000,0.03610000,0.03620000,529039.80000000,TUSDT
2022-07-21 09:00:00,0.03620000,0.03640000,0.03620000,0.03630000,359634.00000000,TUSDT
2022-07-21 10:00:00,0.03630000,0.03640000,0.03610000,0.03610000,437331.50000000,TUSDT
2022-07-21 11:00:00,0.03620000,0.03620000,0.03560000,0.03580000,942770.90000000,TUSDT
2022-07-21 12:00:00,0.03570000,0.03610000,0.03560000,0.03600000,857355.70000000,TUSDT
2022-07-21 13:00:00,0.03600000,0.03600000,0.03580000,0.03590000,473826.80000000,TUSDT
2022-07-21 14:00:00,0.03590000,0.03600000,0.03560000,0.03580000,734139.50000000,TUSDT
2022-07-21 15:00:00,0.03590000,0.03600000,0.03580000,0.03600000,365303.50000000,TUSDT
2022-07-21 16:00:00,0.03600000,0.03680000,0.03600000,0.03660000,1191802.60000000,TUSDT
2022-07-21 17:00:00,0.03660000,0.03680000,0.03640000,0.03650000,881174.10000000,TUSDT
2022-07-21 18:00:00,0.03650000,0.03670000,0.03630000,0.03630000,439450.10000000,TUSDT
2022-07-21 19:00:00,0.03640000,0.03680000,0.03640000,0.03680000,308350.50000000,TUSDT
2022-07-21 20:00:00,0.03690000,0.03730000,0.03670000,0.03700000,1575034.10000000,TUSDT
2022-07-21 21:00:00,0.03700000,0.03740000,0.03700000,0.03720000,2430305.40000000,TUSDT
2022-07-21 22:00:00,0.03720000,0.03740000,0.03690000,0.03690000,1511183.30000000,TUSDT
2022-07-21 23:00:00,0.03690000,0.03710000,0.03690000,0.03710000,233833.20000000,TUSDT
2022-07-22 00:00:00,0.03710000,0.03720000,0.03680000,0.03710000,608582.20000000,TUSDT
2022-07-22 01:00:00,0.03710000,0.03720000,0.03690000,0.03690000,535431.90000000,TUSDT
2022-07-22 02:00:00,0.03690000,0.03700000,0.03660000,0.03670000,216277.00000000,TUSDT
2022-07-22 03:00:00,0.03660000,0.03670000,0.03650000,0.03650000,298157.50000000,TUSDT
2022-07-22 04:00:00,0.03650000,0.03680000,0.03650000,0.03670000,465821.90000000,TUSDT
2022-07-22 05:00:00,0.03670000,0.03690000,0.03670000,0.03690000,109314.40000000,TUSDT
2022-07-22 06:00:00,0.03690000,0.03710000,0.03690000,0.03700000,580259.10000000,TUSDT
2022-07-22 07:00:00,0.03700000,0.03710000,0.03690000,0.03700000,412053.00000000,TUSDT
2022-07-22 08:00:00,0.03700000,0.03730000,0.03690000,0.03720000,632911.50000000,TUSDT
2022-07-22 09:00:00,0.03720000,0.03770000,0.03710000,0.03740000,2013628.60000000,TUSDT
2022-07-22 10:00:00,0.03740000,0.03750000,0.03710000,0.03710000,563867.80000000,TUSDT
2022-07-22 11:00:00,0.03710000,0.03780000,0.03710000,0.03770000,2149558.70000000,TUSDT
2022-07-22 12:00:00,0.03770000,0.03790000,0.03750000,0.03750000,1609049.70000000,TUSDT
2022-07-22 13:00:00,0.03750000,0.03770000,0.03720000,0.03740000,1062214.80000000,TUSDT
2022-07-22 14:00:00,0.03740000,0.03740000,0.03670000,0.03690000,9439404.70000000,TUSDT
2022-07-22 15:00:00,0.03690000,0.03710000,0.03670000,0.03670000,1501479.20000000,TUSDT
2022-07-22 16:00:00,0.03670000,0.03680000,0.03630000,0.03650000,929967.20000000,TUSDT
2022-07-22 17:00:00,0.03650000,0.03680000,0.03650000,0.03660000,861680.00000000,TUSDT
2022-07-22 18:00:00,0.03660000,0.03670000,0.03650000,0.03660000,87912.40000000,TUSDT
2022-07-22 19:00:00,0.03660000,0.03670000,0.03600000,0.03610000,1236869.00000000,TUSDT
2022-07-22 20:00:00,0.03610000,0.03630000,0.03570000,0.03580000,3806144.60000000,TUSDT
2022-07-22 21:00:00,0.03580000,0.03610000,0.03580000,0.03600000,361150.00000000,TUSDT
2022-07-22 22:00:00,0.03600000,0.03630000,0.03600000,0.03610000,136013.20000000,TUSDT
2022-07-22 23:00:00,0.03610000,0.03630000,0.03590000,0.03630000,189360.40000000,TUSDT
2022-07-23 00:00:00,0.03620000,0.03690000,0.03600000,0.03660000,2443975.00000000,TUSDT
2022-07-23 01:00:00,0.03660000,0.03660000,0.03650000,0.03650000,281506.70000000,TUSDT
2022-07-23 02:00:00,0.03650000,0.03690000,0.03650000,0.03680000,1664665.50000000,TUSDT
2022-07-23 03:00:00,0.03680000,0.03690000,0.03670000,0.03680000,282508.00000000,TUSDT
2022-07-23 04:00:00,0.03670000,0.03710000,0.03670000,0.03700000,174159.00000000,TUSDT
2022-07-23 05:00:00,0.03700000,0.03720000,0.03700000,0.03700000,211176.50000000,TUSDT
2022-07-23 06:00:00,0.03700000,0.03720000,0.03700000,0.03710000,144648.80000000,TUSDT
2022-07-23 07:00:00,0.03710000,0.03710000,0.03680000,0.03680000,649451.40000000,TUSDT
2022-07-23 08:00:00,0.03680000,0.03710000,0.03670000,0.03670000,422142.10000000,TUSDT
2022-07-23 09:00:00,0.03670000,0.03670000,0.03650000,0.03650000,196372.30000000,TUSDT
2022-07-23 10:00:00,0.03650000,0.03670000,0.03630000,0.03640000,246882.10000000,TUSDT
2022-07-23 11:00:00,0.03630000,0.03640000,0.03570000,0.03580000,1609735.20000000,TUSDT
2022-07-23 12:00:00,0.03570000,0.03610000,0.03560000,0.03590000,1990534.70000000,TUSDT
2022-07-23 13:00:00,0.03590000,0.03610000,0.03590000,0.03600000,397178.60000000,TUSDT
2022-07-23 14:00:00,0.03600000,0.03610000,0.03580000,0.03580000,319974.30000000,TUSDT
2022-07-23 15:00:00,0.03580000,0.03610000,0.03580000,0.03590000,271752.00000000,TUSDT
2022-07-23 16:00:00,0.03590000,0.03610000,0.03580000,0.03580000,1096936.10000000,TUSDT
2022-07-23 17:00:00,0.03580000,0.03610000,0.03580000,0.03580000,287852.60000000,TUSDT
2022-07-23 18:00:00,0.03580000,0.03580000,0.03560000,0.03570000,280761.60000000,TUSDT
2022-07-23 19:00:00,0.03570000,0.03590000,0.03570000,0.03590000,97769.30000000,TUSDT
2022-07-23 20:00:00,0.03580000,0.03600000,0.03580000,0.03590000,52927.30000000,TUSDT
2022-07-23 21:00:00,0.03590000,0.03620000,0.03590000,0.03590000,209273.80000000,TUSDT
2022-07-23 22:00:00,0.03590000,0.03660000,0.03590000,0.03640000,158381.30000000,TUSDT
2022-07-23 23:00:00,0.03650000,0.03680000,0.03650000,0.03650000,344838.90000000,TUSDT
2022-07-24 00:00:00,0.03670000,0.04000000,0.03660000,0.03730000,12303215.30000000,TUSDT
2022-07-24 01:00:00,0.03740000,0.03740000,0.03690000,0.03710000,1287048.20000000,TUSDT
2022-07-24 02:00:00,0.03700000,0.03740000,0.03690000,0.03720000,865541.20000000,TUSDT
2022-07-24 03:00:00,0.03720000,0.03740000,0.03710000,0.03720000,1307344.40000000,TUSDT
2022-07-24 04:00:00,0.03720000,0.03730000,0.03700000,0.03730000,686447.50000000,TUSDT
2022-07-24 05:00:00,0.03730000,0.03780000,0.03720000,0.03760000,1719229.60000000,TUSDT
2022-07-24 06:00:00,0.03760000,0.03790000,0.03760000,0.03760000,290212.90000000,TUSDT
2022-07-24 07:00:00,0.03760000,0.03820000,0.03760000,0.03790000,440757.40000000,TUSDT
2022-07-24 08:00:00,0.03780000,0.03790000,0.03760000,0.03760000,968934.50000000,TUSDT
2022-07-24 09:00:00,0.03750000,0.03780000,0.03750000,0.03750000,569477.30000000,TUSDT
2022-07-24 10:00:00,0.03750000,0.03770000,0.03720000,0.03720000,403338.00000000,TUSDT
2022-07-24 11:00:00,0.03720000,0.03760000,0.03720000,0.03740000,484519.40000000,TUSDT
2022-07-24 12:00:00,0.03740000,0.03740000,0.03700000,0.03700000,710200.80000000,TUSDT
2022-07-24 13:00:00,0.03700000,0.03730000,0.03690000,0.03700000,1000887.00000000,TUSDT
2022-07-24 14:00:00,0.03700000,0.03730000,0.03700000,0.03720000,139411.00000000,TUSDT
2022-07-24 15:00:00,0.03720000,0.03750000,0.03720000,0.03740000,794548.60000000,TUSDT
2022-07-24 16:00:00,0.03740000,0.03740000,0.03710000,0.03710000,566424.40000000,TUSDT
2022-07-24 17:00:00,0.03710000,0.03730000,0.03710000,0.03720000,356344.00000000,TUSDT
2022-07-24 18:00:00,0.03720000,0.03740000,0.03710000,0.03720000,313360.20000000,TUSDT
2022-07-24 19:00:00,0.03720000,0.03740000,0.03720000,0.03730000,62351.70000000,TUSDT
2022-07-24 20:00:00,0.03730000,0.03740000,0.03720000,0.03730000,257112.30000000,TUSDT
2022-07-24 21:00:00,0.03730000,0.03740000,0.03720000,0.03730000,214966.90000000,TUSDT
2022-07-24 22:00:00,0.03730000,0.03800000,0.03730000,0.03730000,687138.00000000,TUSDT
2022-07-24 23:00:00,0.03730000,0.03740000,0.03700000,0.03700000,275552.30000000,TUSDT
2022-07-25 00:00:00,0.03700000,0.03700000,0.03580000,0.03600000,1926012.50000000,TUSDT
2022-07-25 01:00:00,0.03590000,0.03610000,0.03570000,0.03590000,844251.00000000,TUSDT
2022-07-25 02:00:00,0.03590000,0.03600000,0.03560000,0.03560000,370593.20000000,TUSDT
2022-07-25 03:00:00,0.03560000,0.03570000,0.03560000,0.03570000,473238.00000000,TUSDT
2022-07-25 04:00:00,0.03570000,0.03580000,0.03550000,0.03560000,173336.30000000,TUSDT
2022-07-25 05:00:00,0.03560000,0.03570000,0.03550000,0.03570000,430212.40000000,TUSDT
2022-07-25 06:00:00,0.03570000,0.03580000,0.03560000,0.03560000,485310.70000000,TUSDT
2022-07-25 07:00:00,0.03560000,0.03570000,0.03550000,0.03560000,177859.20000000,TUSDT
2022-07-25 08:00:00,0.03560000,0.03570000,0.03560000,0.03560000,175285.10000000,TUSDT
2022-07-25 09:00:00,0.03560000,0.03590000,0.03560000,0.03570000,932990.90000000,TUSDT
2022-07-25 10:00:00,0.03570000,0.03590000,0.03570000,0.03570000,156274.10000000,TUSDT
2022-07-25 11:00:00,0.03580000,0.03590000,0.03560000,0.03560000,112554.80000000,TUSDT
2022-07-25 12:00:00,0.03560000,0.03580000,0.03550000,0.03560000,170677.30000000,TUSDT
2022-07-25 13:00:00,0.03560000,0.03580000,0.03560000,0.03560000,94902.70000000,TUSDT
2022-07-25 14:00:00,0.03560000,0.03590000,0.03530000,0.03540000,579267.70000000,TUSDT
2022-07-25 15:00:00,0.03540000,0.03550000,0.03530000,0.03540000,104078.30000000,TUSDT
2022-07-25 16:00:00,0.03540000,0.03560000,0.03540000,0.03560000,143682.30000000,TUSDT
2022-07-25 17:00:00,0.03550000,0.03590000,0.03550000,0.03560000,615545.70000000,TUSDT
2022-07-25 18:00:00,0.03560000,0.03590000,0.03560000,0.03570000,216190.00000000,TUSDT
2022-07-25 19:00:00,0.03570000,0.03570000,0.03510000,0.03520000,739001.80000000,TUSDT
2022-07-25 20:00:00,0.03520000,0.03600000,0.03520000,0.03580000,748014.10000000,TUSDT
2022-07-25 21:00:00,0.03580000,0.03580000,0.03530000,0.03530000,739206.40000000,TUSDT
2022-07-25 22:00:00,0.03530000,0.03550000,0.03510000,0.03540000,680289.80000000,TUSDT
2022-07-25 23:00:00,0.03540000,0.03560000,0.03480000,0.03480000,516565.10000000,TUSDT
2022-07-26 00:00:00,0.03480000,0.03490000,0.03390000,0.03400000,1122757.10000000,TUSDT
2022-07-26 01:00:00,0.03400000,0.03430000,0.03400000,0.03410000,1057734.80000000,TUSDT
2022-07-26 02:00:00,0.03420000,0.03440000,0.03410000,0.03420000,760653.40000000,TUSDT
2022-07-26 03:00:00,0.03420000,0.03450000,0.03410000,0.03430000,272400.30000000,TUSDT
2022-07-26 04:00:00,0.03430000,0.03450000,0.03430000,0.03440000,229506.00000000,TUSDT
2022-07-26 05:00:00,0.03440000,0.03450000,0.03430000,0.03430000,58188.60000000,TUSDT
2022-07-26 06:00:00,0.03430000,0.03440000,0.03410000,0.03410000,133849.70000000,TUSDT
2022-07-26 07:00:00,0.03410000,0.03440000,0.03400000,0.03440000,3225071.70000000,TUSDT
2022-07-26 08:00:00,0.03430000,0.03440000,0.03430000,0.03430000,817886.10000000,TUSDT
2022-07-26 09:00:00,0.03430000,0.03440000,0.03430000,0.03430000,79996.70000000,TUSDT
2022-07-26 10:00:00,0.03430000,0.03440000,0.03430000,0.03430000,168049.30000000,TUSDT
2022-07-26 11:00:00,0.03430000,0.03440000,0.03430000,0.03430000,542993.90000000,TUSDT
2022-07-26 12:00:00,0.03430000,0.03440000,0.03420000,0.03420000,314723.10000000,TUSDT
2022-07-26 13:00:00,0.03420000,0.03430000,0.03400000,0.03410000,321537.70000000,TUSDT
2022-07-26 14:00:00,0.03410000,0.03420000,0.03400000,0.03400000,103471.50000000,TUSDT
2022-07-26 15:00:00,0.03400000,0.03410000,0.03380000,0.03380000,177602.20000000,TUSDT
2022-07-26 16:00:00,0.03380000,0.03400000,0.03370000,0.03390000,1155100.90000000,TUSDT
2022-07-26 17:00:00,0.03390000,0.03420000,0.03390000,0.03410000,545393.40000000,TUSDT
2022-07-26 18:00:00,0.03410000,0.03410000,0.03400000,0.03400000,107291.50000000,TUSDT
2022-07-26 19:00:00,0.03400000,0.03400000,0.03380000,0.03380000,379308.00000000,TUSDT
2022-07-26 20:00:00,0.03380000,0.03410000,0.03380000,0.03400000,207808.10000000,TUSDT
2022-07-26 21:00:00,0.03400000,0.03420000,0.03400000,0.03410000,105915.20000000,TUSDT
2022-07-26 22:00:00,0.03410000,0.03480000,0.03410000,0.03450000,295410.40000000,TUSDT
2022-07-26 23:00:00,0.03450000,0.03500000,0.03440000,0.03500000,786255.90000000,TUSDT
2022-07-27 00:00:00,0.03490000,0.03580000,0.03450000,0.03460000,2669540.40000000,TUSDT
2022-07-27 01:00:00,0.03460000,0.03500000,0.03460000,0.03480000,620612.60000000,TUSDT
2022-07-27 02:00:00,0.03480000,0.03500000,0.03460000,0.03460000,176954.80000000,TUSDT
2022-07-27 03:00:00,0.03460000,0.03490000,0.03440000,0.03450000,384900.60000000,TUSDT
2022-07-27 04:00:00,0.03450000,0.03460000,0.03450000,0.03450000,61842.70000000,TUSDT
2022-07-27 05:00:00,0.03450000,0.03480000,0.03450000,0.03470000,413981.40000000,TUSDT
2022-07-27 06:00:00,0.03470000,0.03480000,0.03460000,0.03460000,316547.70000000,TUSDT
2022-07-27 07:00:00,0.03460000,0.03490000,0.03460000,0.03470000,223858.70000000,TUSDT
2022-07-27 08:00:00,0.03490000,0.03490000,0.03460000,0.03460000,89298.10000000,TUSDT
2022-07-27 09:00:00,0.03460000,0.03490000,0.03460000,0.03460000,447648.70000000,TUSDT
2022-07-27 10:00:00,0.03460000,0.03470000,0.03450000,0.03450000,103966.60000000,TUSDT
2022-07-27 11:00:00,0.03450000,0.03460000,0.03440000,0.03450000,301813.50000000,TUSDT
2022-07-27 12:00:00,0.03440000,0.03480000,0.03440000,0.03470000,386605.20000000,TUSDT
2022-07-27 13:00:00,0.03470000,0.03490000,0.03460000,0.03480000,286518.60000000,TUSDT
2022-07-27 14:00:00,0.03490000,0.03500000,0.03470000,0.03480000,715734.50000000,TUSDT
2022-07-27 15:00:00,0.03480000,0.03500000,0.03480000,0.03490000,225260.90000000,TUSDT
2022-07-27 16:00:00,0.03480000,0.03520000,0.03470000,0.03480000,350963.40000000,TUSDT
2022-07-27 17:00:00,0.03480000,0.03500000,0.03470000,0.03490000,252787.20000000,TUSDT
2022-07-27 18:00:00,0.03500000,0.03600000,0.03500000,0.03590000,2838221.90000000,TUSDT
2022-07-27 19:00:00,0.03590000,0.03640000,0.03580000,0.03600000,1178802.80000000,TUSDT
2022-07-27 20:00:00,0.03600000,0.03640000,0.03590000,0.03620000,679260.00000000,TUSDT
2022-07-27 21:00:00,0.03620000,0.03630000,0.03610000,0.03620000,184925.80000000,TUSDT
2022-07-27 22:00:00,0.03620000,0.03660000,0.03620000,0.03650000,817494.60000000,TUSDT
2022-07-27 23:00:00,0.03650000,0.03670000,0.03640000,0.03670000,654629.20000000,TUSDT
2022-07-28 00:00:00,0.03660000,0.03670000,0.03610000,0.03630000,1692139.20000000,TUSDT
2022-07-28 01:00:00,0.03620000,0.03620000,0.03590000,0.03590000,1095215.00000000,TUSDT
2022-07-28 02:00:00,0.03590000,0.03690000,0.03590000,0.03660000,1173162.50000000,TUSDT
2022-07-28 03:00:00,0.03660000,0.03660000,0.03630000,0.03630000,349803.20000000,TUSDT
2022-07-28 04:00:00,0.03630000,0.03640000,0.03610000,0.03630000,535755.50000000,TUSDT
2022-07-28 05:00:00,0.03630000,0.03640000,0.03610000,0.03630000,539623.60000000,TUSDT
2022-07-28 06:00:00,0.03630000,0.03650000,0.03610000,0.03620000,681398.80000000,TUSDT
2022-07-28 07:00:00,0.03610000,0.03620000,0.03590000,0.03590000,1123230.20000000,TUSDT
2022-07-28 08:00:00,0.03590000,0.03610000,0.03590000,0.03600000,195651.60000000,TUSDT
2022-07-28 09:00:00,0.03610000,0.03610000,0.03590000,0.03600000,180262.30000000,TUSDT
2022-07-28 10:00:00,0.03600000,0.03620000,0.03600000,0.03610000,375044.50000000,TUSDT
2022-07-28 11:00:00,0.03610000,0.03660000,0.03610000,0.03630000,608800.80000000,TUSDT
2022-07-28 12:00:00,0.03630000,0.03640000,0.03580000,0.03630000,895847.10000000,TUSDT
2022-07-28 13:00:00,0.03630000,0.03670000,0.03620000,0.03620000,756719.20000000,TUSDT
2022-07-28 14:00:00,0.03620000,0.03670000,0.03610000,0.03660000,456348.50000000,TUSDT
2022-07-28 15:00:00,0.03660000,0.03760000,0.03660000,0.03740000,2706868.70000000,TUSDT
2022-07-28 16:00:00,0.03720000,0.03750000,0.03720000,0.03750000,1332845.60000000,TUSDT
2022-07-28 17:00:00,0.03740000,0.03810000,0.03730000,0.03790000,4525101.90000000,TUSDT
2022-07-28 18:00:00,0.03800000,0.03800000,0.03730000,0.03740000,573539.10000000,TUSDT
2022-07-28 19:00:00,0.03740000,0.03760000,0.03740000,0.03760000,576492.80000000,TUSDT
2022-07-28 20:00:00,0.03750000,0.03820000,0.03750000,0.03790000,1384761.20000000,TUSDT
2022-07-28 21:00:00,0.03790000,0.03800000,0.03760000,0.03760000,501631.30000000,TUSDT
2022-07-28 22:00:00,0.03770000,0.03800000,0.03750000,0.03770000,131280.90000000,TUSDT
2022-07-28 23:00:00,0.03780000,0.03810000,0.03720000,0.03770000,1177926.80000000,TUSDT
2022-07-29 00:00:00,0.03780000,0.03830000,0.03700000,0.03750000,3235161.50000000,TUSDT
2022-07-29 01:00:00,0.03750000,0.03760000,0.03730000,0.03740000,1472659.20000000,TUSDT
2022-07-29 02:00:00,0.03740000,0.03770000,0.03730000,0.03730000,391108.20000000,TUSDT
2022-07-29 03:00:00,0.03730000,0.03800000,0.03730000,0.03800000,2007890.20000000,TUSDT
2022-07-29 04:00:00,0.03800000,0.03850000,0.03800000,0.03830000,4186256.40000000,TUSDT
2022-07-29 05:00:00,0.03820000,0.03830000,0.03790000,0.03790000,1076373.60000000,TUSDT
2022-07-29 06:00:00,0.03790000,0.03820000,0.03760000,0.03760000,1107768.50000000,TUSDT
2022-07-29 07:00:00,0.03770000,0.03770000,0.03740000,0.03740000,428302.90000000,TUSDT
2022-07-29 08:00:00,0.03740000,0.03780000,0.03730000,0.03760000,787947.80000000,TUSDT
2022-07-29 09:00:00,0.03760000,0.03790000,0.03750000,0.03790000,2742408.40000000,TUSDT
2022-07-29 10:00:00,0.03790000,0.03800000,0.03770000,0.03790000,859542.20000000,TUSDT
2022-07-29 11:00:00,0.03790000,0.03810000,0.03700000,0.03700000,3931647.40000000,TUSDT
2022-07-29 12:00:00,0.03720000,0.03720000,0.03670000,0.03680000,1842130.40000000,TUSDT
2022-07-29 13:00:00,0.03670000,0.03730000,0.03670000,0.03720000,2409629.90000000,TUSDT
2022-07-29 14:00:00,0.03720000,0.03770000,0.03720000,0.03750000,4004309.30000000,TUSDT
2022-07-29 15:00:00,0.03750000,0.03770000,0.03730000,0.03740000,1176489.00000000,TUSDT
2022-07-29 16:00:00,0.03740000,0.03740000,0.03700000,0.03710000,1371661.10000000,TUSDT
2022-07-29 17:00:00,0.03710000,0.03740000,0.03700000,0.03730000,477328.40000000,TUSDT
2022-07-29 18:00:00,0.03740000,0.03760000,0.03720000,0.03750000,800529.70000000,TUSDT
2022-07-29 19:00:00,0.03740000,0.03750000,0.03730000,0.03730000,170806.60000000,TUSDT
2022-07-29 20:00:00,0.03730000,0.03750000,0.03730000,0.03740000,111974.20000000,TUSDT
2022-07-29 21:00:00,0.03740000,0.03770000,0.03740000,0.03740000,211202.60000000,TUSDT
2022-07-29 22:00:00,0.03740000,0.03780000,0.03730000,0.03760000,96388.50000000,TUSDT
2022-07-29 23:00:00,0.03760000,0.03800000,0.03750000,0.03770000,566381.90000000,TUSDT
2022-07-30 00:00:00,0.03770000,0.03770000,0.03730000,0.03760000,775602.70000000,TUSDT
2022-07-30 01:00:00,0.03750000,0.03770000,0.03740000,0.03760000,795110.60000000,TUSDT
2022-07-30 02:00:00,0.03770000,0.03800000,0.03760000,0.03770000,888346.90000000,TUSDT
2022-07-30 03:00:00,0.03770000,0.03770000,0.03740000,0.03740000,608740.20000000,TUSDT
2022-07-30 04:00:00,0.03740000,0.03750000,0.03710000,0.03720000,836315.00000000,TUSDT
2022-07-30 05:00:00,0.03730000,0.03760000,0.03720000,0.03750000,262050.20000000,TUSDT
2022-07-30 06:00:00,0.03750000,0.03780000,0.03750000,0.03760000,550668.60000000,TUSDT
2022-07-30 07:00:00,0.03760000,0.03800000,0.03760000,0.03790000,694834.00000000,TUSDT
2022-07-30 08:00:00,0.03790000,0.03800000,0.03790000,0.03790000,364558.50000000,TUSDT
2022-07-30 09:00:00,0.03800000,0.03820000,0.03790000,0.03790000,1738239.60000000,TUSDT
2022-07-30 10:00:00,0.03800000,0.03800000,0.03740000,0.03770000,1129593.30000000,TUSDT
2022-07-30 11:00:00,0.03760000,0.03790000,0.03750000,0.03790000,777912.10000000,TUSDT
2022-07-30 12:00:00,0.03780000,0.03810000,0.03770000,0.03800000,1224981.20000000,TUSDT
2022-07-30 13:00:00,0.03800000,0.03840000,0.03790000,0.03820000,1603439.70000000,TUSDT
2022-07-30 14:00:00,0.03820000,0.03840000,0.03800000,0.03800000,805450.60000000,TUSDT
2022-07-30 15:00:00,0.03810000,0.03870000,0.03800000,0.03840000,1388403.10000000,TUSDT
2022-07-30 16:00:00,0.03860000,0.03880000,0.03840000,0.03870000,528659.60000000,TUSDT
2022-07-30 17:00:00,0.03870000,0.03900000,0.03860000,0.03880000,1359721.20000000,TUSDT
2022-07-30 18:00:00,0.03880000,0.03940000,0.03880000,0.03890000,2426917.40000000,TUSDT
2022-07-30 19:00:00,0.03900000,0.03900000,0.03820000,0.03820000,1366812.50000000,TUSDT
2022-07-30 20:00:00,0.03820000,0.03840000,0.03810000,0.03820000,645354.50000000,TUSDT
2022-07-30 21:00:00,0.03820000,0.03820000,0.03800000,0.03800000,161422.90000000,TUSDT
2022-07-30 22:00:00,0.03800000,0.03800000,0.03750000,0.03780000,1131942.10000000,TUSDT
2022-07-30 23:00:00,0.03780000,0.03800000,0.03730000,0.03760000,344009.10000000,TUSDT
2022-07-31 00:00:00,0.03760000,0.03800000,0.03740000,0.03790000,710735.80000000,TUSDT
2022-07-31 01:00:00,0.03780000,0.03800000,0.03770000,0.03770000,368394.00000000,TUSDT
2022-07-31 02:00:00,0.03770000,0.03790000,0.03770000,0.03770000,129068.10000000,TUSDT
2022-07-31 03:00:00,0.03790000,0.03800000,0.03770000,0.03770000,195096.90000000,TUSDT
2022-07-31 04:00:00,0.03790000,0.03810000,0.03770000,0.03800000,273426.30000000,TUSDT
2022-07-31 05:00:00,0.03800000,0.03830000,0.03790000,0.03810000,1319931.60000000,TUSDT
2022-07-31 06:00:00,0.03810000,0.03820000,0.03800000,0.03810000,567950.00000000,TUSDT
2022-07-31 07:00:00,0.03820000,0.03820000,0.03800000,0.03800000,530999.30000000,TUSDT
2022-07-31 08:00:00,0.03800000,0.03810000,0.03750000,0.03750000,896437.90000000,TUSDT
2022-07-31 09:00:00,0.03750000,0.03800000,0.03750000,0.03790000,435115.70000000,TUSDT
2022-07-31 10:00:00,0.03800000,0.03860000,0.03800000,0.03820000,1033847.10000000,TUSDT
2022-07-31 11:00:00,0.03820000,0.03840000,0.03820000,0.03830000,678412.40000000,TUSDT
2022-07-31 12:00:00,0.03830000,0.03930000,0.03830000,0.03910000,5693500.40000000,TUSDT
2022-07-31 13:00:00,0.03920000,0.04010000,0.03860000,0.04000000,12095222.50000000,TUSDT
2022-07-31 14:00:00,0.04000000,0.04340000,0.03870000,0.03890000,45653196.10000000,TUSDT
2022-07-31 15:00:00,0.03890000,0.04030000,0.03890000,0.03940000,11422660.00000000,TUSDT
2022-07-31 16:00:00,0.03940000,0.03980000,0.03910000,0.03920000,2538371.80000000,TUSDT
2022-07-31 17:00:00,0.03930000,0.03950000,0.03920000,0.03940000,1429201.40000000,TUSDT
2022-07-31 18:00:00,0.03940000,0.03980000,0.03870000,0.03900000,4799014.50000000,TUSDT
2022-07-31 19:00:00,0.03900000,0.03930000,0.03900000,0.03900000,583905.00000000,TUSDT
2022-07-31 20:00:00,0.03910000,0.03910000,0.03890000,0.03900000,620091.90000000,TUSDT
2022-07-31 21:00:00,0.03900000,0.03910000,0.03870000,0.03880000,487390.50000000,TUSDT
2022-07-31 22:00:00,0.03880000,0.03900000,0.03830000,0.03840000,1033998.50000000,TUSDT
2022-07-31 23:00:00,0.03830000,0.03860000,0.03820000,0.03840000,1000521.30000000,TUSDT
2022-08-01 00:00:00,0.03850000,0.03930000,0.03830000,0.03900000,4662800.80000000,TUSDT
2022-08-01 01:00:00,0.03900000,0.03940000,0.03880000,0.03910000,2320655.30000000,TUSDT
2022-08-01 02:00:00,0.03910000,0.03950000,0.03910000,0.03930000,1360531.40000000,TUSDT
2022-08-01 03:00:00,0.03930000,0.03950000,0.03900000,0.03930000,2643839.10000000,TUSDT
2022-08-01 04:00:00,0.03930000,0.03990000,0.03930000,0.03970000,1074608.10000000,TUSDT
2022-08-01 05:00:00,0.03970000,0.03990000,0.03940000,0.03950000,1510207.30000000,TUSDT
2022-08-01 06:00:00,0.03950000,0.03960000,0.03890000,0.03910000,1729266.10000000,TUSDT
2022-08-01 07:00:00,0.03910000,0.03920000,0.03880000,0.03910000,1268889.40000000,TUSDT
2022-08-01 08:00:00,0.03910000,0.03950000,0.03900000,0.03900000,1264538.30000000,TUSDT
2022-08-01 09:00:00,0.03900000,0.03940000,0.03900000,0.03930000,1271119.00000000,TUSDT
2022-08-01 10:00:00,0.03920000,0.04000000,0.03910000,0.04000000,3216710.40000000,TUSDT
2022-08-01 11:00:00,0.04000000,0.04040000,0.03940000,0.03970000,6901357.10000000,TUSDT
2022-08-01 12:00:00,0.03960000,0.04050000,0.03940000,0.03960000,4234622.00000000,TUSDT
2022-08-01 13:00:00,0.03960000,0.04010000,0.03910000,0.03990000,2728979.50000000,TUSDT
2022-08-01 14:00:00,0.04000000,0.04020000,0.03960000,0.04000000,2951753.20000000,TUSDT
2022-08-01 15:00:00,0.04000000,0.04010000,0.03970000,0.03980000,2209931.20000000,TUSDT
2022-08-01 16:00:00,0.03990000,0.03990000,0.03960000,0.03960000,437228.00000000,TUSDT
2022-08-01 17:00:00,0.03960000,0.03960000,0.03910000,0.03930000,1797545.20000000,TUSDT
2022-08-01 18:00:00,0.03930000,0.03930000,0.03900000,0.03910000,523253.10000000,TUSDT
2022-08-01 19:00:00,0.03910000,0.03980000,0.03910000,0.03950000,1579158.80000000,TUSDT
2022-08-01 20:00:00,0.03950000,0.03960000,0.03940000,0.03960000,693706.30000000,TUSDT
2022-08-01 21:00:00,0.03960000,0.03980000,0.03950000,0.03950000,1078234.40000000,TUSDT
2022-08-01 22:00:00,0.03960000,0.03990000,0.03960000,0.03980000,255754.80000000,TUSDT
2022-08-01 23:00:00,0.03970000,0.04010000,0.03970000,0.04000000,442156.60000000,TUSDT
2022-08-02 00:00:00,0.04000000,0.04050000,0.03970000,0.03990000,2637106.40000000,TUSDT
2022-08-02 01:00:00,0.03990000,0.04030000,0.03940000,0.03950000,1940715.50000000,TUSDT
2022-08-02 02:00:00,0.03950000,0.03950000,0.03850000,0.03850000,1368850.20000000,TUSDT
2022-08-02 03:00:00,0.03850000,0.03850000,0.03740000,0.03800000,3881388.90000000,TUSDT
2022-08-02 04:00:00,0.03800000,0.03820000,0.03770000,0.03780000,884754.00000000,TUSDT
2022-08-02 05:00:00,0.03780000,0.03830000,0.03780000,0.03820000,353544.60000000,TUSDT
2022-08-02 06:00:00,0.03820000,0.03820000,0.03750000,0.03750000,7623287.30000000,TUSDT
2022-08-02 07:00:00,0.03750000,0.03780000,0.03730000,0.03770000,2057078.20000000,TUSDT
2022-08-02 08:00:00,0.03780000,0.03780000,0.03760000,0.03760000,766124.30000000,TUSDT
2022-08-02 09:00:00,0.03770000,0.03770000,0.03700000,0.03710000,1603570.90000000,TUSDT
2022-08-02 10:00:00,0.03700000,0.03750000,0.03700000,0.03730000,1902417.60000000,TUSDT
2022-08-02 11:00:00,0.03740000,0.03780000,0.03730000,0.03750000,2007214.00000000,TUSDT
2022-08-02 12:00:00,0.03750000,0.03770000,0.03720000,0.03720000,1058416.30000000,TUSDT
2022-08-02 13:00:00,0.03720000,0.03760000,0.03720000,0.03740000,753118.40000000,TUSDT
2022-08-02 14:00:00,0.03740000,0.03830000,0.03720000,0.03820000,1797391.60000000,TUSDT
2022-08-02 15:00:00,0.03820000,0.03830000,0.03780000,0.03810000,1056198.70000000,TUSDT
2022-08-02 16:00:00,0.03810000,0.03910000,0.03810000,0.03880000,2298741.50000000,TUSDT
2022-08-02 17:00:00,0.03880000,0.03890000,0.03840000,0.03850000,379739.50000000,TUSDT
2022-08-02 18:00:00,0.03850000,0.03860000,0.03830000,0.03830000,303613.60000000,TUSDT
2022-08-02 19:00:00,0.03840000,0.03840000,0.03810000,0.03830000,1000166.70000000,TUSDT
2022-08-02 20:00:00,0.03830000,0.03830000,0.03810000,0.03830000,156832.40000000,TUSDT
2022-08-02 21:00:00,0.03830000,0.03840000,0.03800000,0.03830000,190865.40000000,TUSDT
2022-08-02 22:00:00,0.03830000,0.03840000,0.03800000,0.03810000,495191.60000000,TUSDT
2022-08-02 23:00:00,0.03810000,0.03820000,0.03800000,0.03800000,225686.30000000,TUSDT
2022-08-03 00:00:00,0.03800000,0.03810000,0.03690000,0.03710000,2268832.30000000,TUSDT
2022-08-03 01:00:00,0.03710000,0.03750000,0.03700000,0.03740000,421225.60000000,TUSDT
2022-08-03 02:00:00,0.03740000,0.03740000,0.03720000,0.03730000,872936.70000000,TUSDT
2022-08-03 03:00:00,0.03740000,0.03760000,0.03720000,0.03740000,646940.70000000,TUSDT
2022-08-03 04:00:00,0.03740000,0.03760000,0.03740000,0.03750000,367056.90000000,TUSDT
2022-08-03 05:00:00,0.03750000,0.03790000,0.03750000,0.03770000,536971.30000000,TUSDT
2022-08-03 06:00:00,0.03790000,0.03800000,0.03770000,0.03780000,326549.30000000,TUSDT
2022-08-03 07:00:00,0.03790000,0.03790000,0.03760000,0.03760000,797867.40000000,TUSDT
2022-08-03 08:00:00,0.03770000,0.03800000,0.03760000,0.03790000,403676.60000000,TUSDT
2022-08-03 09:00:00,0.03800000,0.03820000,0.03790000,0.03810000,484353.80000000,TUSDT
2022-08-03 10:00:00,0.03810000,0.03820000,0.03800000,0.03810000,41870.80000000,TUSDT
2022-08-03 11:00:00,0.03810000,0.03880000,0.03810000,0.03870000,7265522.90000000,TUSDT
2022-08-03 12:00:00,0.03860000,0.03900000,0.03850000,0.03850000,1113449.10000000,TUSDT
2022-08-03 13:00:00,0.03850000,0.03880000,0.03850000,0.03870000,181783.40000000,TUSDT
2022-08-03 14:00:00,0.03870000,0.03910000,0.03850000,0.03850000,1007252.00000000,TUSDT
2022-08-03 15:00:00,0.03850000,0.03870000,0.03850000,0.03850000,180063.90000000,TUSDT
2022-08-03 16:00:00,0.03870000,0.03870000,0.03850000,0.03860000,663114.20000000,TUSDT
2022-08-03 17:00:00,0.03860000,0.03890000,0.03850000,0.03870000,1629593.70000000,TUSDT
2022-08-03 18:00:00,0.03890000,0.03890000,0.03870000,0.03880000,652971.50000000,TUSDT
2022-08-03 19:00:00,0.03880000,0.03900000,0.03880000,0.03890000,727438.30000000,TUSDT
2022-08-03 20:00:00,0.03890000,0.03890000,0.03860000,0.03870000,1968769.30000000,TUSDT
2022-08-03 21:00:00,0.03870000,0.03880000,0.03850000,0.03870000,278400.20000000,TUSDT
2022-08-03 22:00:00,0.03870000,0.03870000,0.03790000,0.03800000,481317.30000000,TUSDT
2022-08-03 23:00:00,0.03800000,0.03830000,0.03780000,0.03820000,608978.80000000,TUSDT
2022-08-04 00:00:00,0.03830000,0.03890000,0.03780000,0.03810000,3551165.30000000,TUSDT
2022-08-04 01:00:00,0.03810000,0.03860000,0.03810000,0.03840000,360311.40000000,TUSDT
2022-08-04 02:00:00,0.03840000,0.03840000,0.03820000,0.03830000,365208.00000000,TUSDT
2022-08-04 03:00:00,0.03830000,0.03850000,0.03820000,0.03830000,603510.30000000,TUSDT
2022-08-04 04:00:00,0.03830000,0.03900000,0.03830000,0.03870000,597199.00000000,TUSDT
2022-08-04 05:00:00,0.03870000,0.03890000,0.03870000,0.03880000,212737.70000000,TUSDT
2022-08-04 06:00:00,0.03870000,0.03880000,0.03810000,0.03830000,967569.80000000,TUSDT
2022-08-04 07:00:00,0.03830000,0.03850000,0.03820000,0.03830000,368858.10000000,TUSDT
2022-08-04 08:00:00,0.03830000,0.03830000,0.03800000,0.03800000,302683.00000000,TUSDT
2022-08-04 09:00:00,0.03800000,0.03820000,0.03790000,0.03810000,627832.90000000,TUSDT
2022-08-04 10:00:00,0.03810000,0.03830000,0.03810000,0.03820000,224844.70000000,TUSDT
2022-08-04 11:00:00,0.03820000,0.03830000,0.03800000,0.03810000,528720.80000000,TUSDT
2022-08-04 12:00:00,0.03810000,0.03830000,0.03800000,0.03810000,306473.30000000,TUSDT
2022-08-04 13:00:00,0.03810000,0.03860000,0.03810000,0.03840000,650289.80000000,TUSDT
2022-08-04 14:00:00,0.03840000,0.03870000,0.03790000,0.03850000,2037744.60000000,TUSDT
2022-08-04 15:00:00,0.03840000,0.03880000,0.03820000,0.03880000,1543443.30000000,TUSDT
2022-08-04 16:00:00,0.03880000,0.04850000,0.03860000,0.04190000,88236774.40000000,TUSDT
2022-08-04 17:00:00,0.04200000,0.04260000,0.03890000,0.03890000,35712123.10000000,TUSDT
2022-08-04 18:00:00,0.03890000,0.03900000,0.03840000,0.03870000,7553461.10000000,TUSDT
2022-08-04 19:00:00,0.03870000,0.03910000,0.03860000,0.03880000,2267592.60000000,TUSDT
2022-08-04 20:00:00,0.03880000,0.03890000,0.03850000,0.03870000,2411329.00000000,TUSDT
2022-08-04 21:00:00,0.03870000,0.03880000,0.03840000,0.03880000,3269067.30000000,TUSDT
2022-08-04 22:00:00,0.03890000,0.03940000,0.03860000,0.03920000,1274208.10000000,TUSDT
2022-08-04 23:00:00,0.03940000,0.03940000,0.03900000,0.03920000,929927.60000000,TUSDT
2022-08-05 00:00:00,0.03920000,0.03930000,0.03870000,0.03880000,5012990.40000000,TUSDT
2022-08-05 01:00:00,0.03890000,0.03960000,0.03870000,0.03940000,2307080.00000000,TUSDT
2022-08-05 02:00:00,0.03940000,0.03990000,0.03940000,0.03960000,2103147.90000000,TUSDT
2022-08-05 03:00:00,0.03960000,0.03980000,0.03930000,0.03970000,1701283.70000000,TUSDT
2022-08-05 04:00:00,0.03970000,0.04000000,0.03950000,0.03960000,3296316.10000000,TUSDT
2022-08-05 05:00:00,0.03960000,0.03980000,0.03940000,0.03960000,2071911.60000000,TUSDT
2022-08-05 06:00:00,0.03960000,0.04000000,0.03960000,0.03990000,1267836.60000000,TUSDT
2022-08-05 07:00:00,0.03980000,0.04020000,0.03980000,0.04020000,1687225.60000000,TUSDT
2022-08-05 08:00:00,0.04010000,0.04020000,0.03980000,0.03980000,1976652.70000000,TUSDT
2022-08-05 09:00:00,0.03990000,0.04010000,0.03970000,0.03990000,1068921.30000000,TUSDT
2022-08-05 10:00:00,0.03990000,0.04010000,0.03980000,0.03990000,991779.00000000,TUSDT
2022-08-05 11:00:00,0.03990000,0.04070000,0.03990000,0.04050000,2585418.00000000,TUSDT
2022-08-05 12:00:00,0.04060000,0.04060000,0.03970000,0.03980000,1295299.90000000,TUSDT
2022-08-05 13:00:00,0.03980000,0.04000000,0.03970000,0.03980000,709336.00000000,TUSDT
2022-08-05 14:00:00,0.03980000,0.04020000,0.03980000,0.04000000,880411.10000000,TUSDT
2022-08-05 15:00:00,0.04000000,0.04010000,0.03970000,0.03980000,834089.60000000,TUSDT
2022-08-05 16:00:00,0.03970000,0.03990000,0.03950000,0.03990000,1459141.80000000,TUSDT
2022-08-05 17:00:00,0.03990000,0.03990000,0.03960000,0.03960000,758807.80000000,TUSDT
2022-08-05 18:00:00,0.03960000,0.03990000,0.03940000,0.03940000,1264471.90000000,TUSDT
2022-08-05 19:00:00,0.03950000,0.03970000,0.03940000,0.03950000,600761.80000000,TUSDT
2022-08-05 20:00:00,0.03950000,0.03980000,0.03950000,0.03960000,719421.20000000,TUSDT
2022-08-05 21:00:00,0.03990000,0.04000000,0.03970000,0.03990000,404156.50000000,TUSDT
2022-08-05 22:00:00,0.03990000,0.04030000,0.03990000,0.04030000,267341.50000000,TUSDT
2022-08-05 23:00:00,0.04020000,0.04050000,0.04010000,0.04050000,534729.50000000,TUSDT
2022-08-06 00:00:00,0.04050000,0.04370000,0.04030000,0.04100000,9381008.50000000,TUSDT
2022-08-06 01:00:00,0.04110000,0.04120000,0.04030000,0.04060000,17513536.00000000,TUSDT
2022-08-06 02:00:00,0.04070000,0.04100000,0.04060000,0.04080000,504059.90000000,TUSDT
2022-08-06 03:00:00,0.04080000,0.04100000,0.04050000,0.04060000,959558.50000000,TUSDT
2022-08-06 04:00:00,0.04060000,0.04080000,0.04050000,0.04060000,411382.70000000,TUSDT
2022-08-06 05:00:00,0.04060000,0.04100000,0.04060000,0.04080000,1760948.10000000,TUSDT
2022-08-06 06:00:00,0.04090000,0.04100000,0.04070000,0.04080000,730955.60000000,TUSDT
2022-08-06 07:00:00,0.04080000,0.04180000,0.04070000,0.04140000,7237673.90000000,TUSDT
2022-08-06 08:00:00,0.04150000,0.04220000,0.04100000,0.04110000,16894816.20000000,TUSDT
2022-08-06 09:00:00,0.04110000,0.04110000,0.04080000,0.04090000,1439605.60000000,TUSDT
2022-08-06 10:00:00,0.04100000,0.04150000,0.04090000,0.04140000,1839967.50000000,TUSDT
2022-08-06 11:00:00,0.04130000,0.04130000,0.04090000,0.04090000,1410296.20000000,TUSDT
2022-08-06 12:00:00,0.04090000,0.04120000,0.04090000,0.04110000,1023261.60000000,TUSDT
2022-08-06 13:00:00,0.04110000,0.04130000,0.04110000,0.04110000,1324924.60000000,TUSDT
2022-08-06 14:00:00,0.04120000,0.04120000,0.04090000,0.04100000,2594315.70000000,TUSDT
2022-08-06 15:00:00,0.04100000,0.04110000,0.04070000,0.04080000,2173870.40000000,TUSDT
2022-08-06 16:00:00,0.04080000,0.04100000,0.04070000,0.04080000,956209.20000000,TUSDT
2022-08-06 17:00:00,0.04070000,0.04080000,0.04030000,0.04060000,2299224.40000000,TUSDT
2022-08-06 18:00:00,0.04060000,0.04070000,0.04040000,0.04050000,971506.70000000,TUSDT
2022-08-06 19:00:00,0.04060000,0.04060000,0.04050000,0.04060000,316738.60000000,TUSDT
2022-08-06 20:00:00,0.04060000,0.04060000,0.04040000,0.04060000,1132651.80000000,TUSDT
2022-08-06 21:00:00,0.04050000,0.04060000,0.04040000,0.04050000,1759262.60000000,TUSDT
2022-08-06 22:00:00,0.04050000,0.04080000,0.04040000,0.04070000,3092433.30000000,TUSDT
2022-08-06 23:00:00,0.04070000,0.04080000,0.04040000,0.04060000,505357.50000000,TUSDT
2022-08-07 00:00:00,0.04050000,0.04110000,0.04030000,0.04040000,1414470.60000000,TUSDT
2022-08-07 01:00:00,0.04030000,0.04030000,0.04000000,0.04000000,704160.60000000,TUSDT
2022-08-07 02:00:00,0.04010000,0.04020000,0.04010000,0.04020000,148162.50000000,TUSDT
2022-08-07 03:00:00,0.04020000,0.04030000,0.04010000,0.04010000,141556.90000000,TUSDT
2022-08-07 04:00:00,0.04010000,0.04020000,0.04000000,0.04000000,220423.90000000,TUSDT
2022-08-07 05:00:00,0.04000000,0.04020000,0.03990000,0.03990000,672204.70000000,TUSDT
2022-08-07 06:00:00,0.04000000,0.04020000,0.03990000,0.04020000,1820413.30000000,TUSDT
2022-08-07 07:00:00,0.04020000,0.04020000,0.04000000,0.04010000,1178245.30000000,TUSDT
2022-08-07 08:00:00,0.04010000,0.04020000,0.03990000,0.03990000,1492573.70000000,TUSDT
2022-08-07 09:00:00,0.03990000,0.04000000,0.03970000,0.03990000,955776.70000000,TUSDT
2022-08-07 10:00:00,0.03980000,0.04000000,0.03980000,0.03980000,531624.00000000,TUSDT
2022-08-07 11:00:00,0.03990000,0.04000000,0.03980000,0.03990000,423702.10000000,TUSDT
2022-08-07 12:00:00,0.03990000,0.04030000,0.03990000,0.04010000,990807.80000000,TUSDT
2022-08-07 13:00:00,0.04020000,0.04040000,0.04010000,0.04020000,707423.20000000,TUSDT
2022-08-07 14:00:00,0.04030000,0.04030000,0.04010000,0.04030000,661348.40000000,TUSDT
2022-08-07 15:00:00,0.04030000,0.04040000,0.04010000,0.04030000,774422.90000000,TUSDT
2022-08-07 16:00:00,0.04020000,0.04040000,0.04020000,0.04030000,212315.30000000,TUSDT
2022-08-07 17:00:00,0.04030000,0.04060000,0.04030000,0.04040000,484312.80000000,TUSDT
2022-08-07 18:00:00,0.04040000,0.04060000,0.04040000,0.04040000,430491.50000000,TUSDT
2022-08-07 19:00:00,0.04040000,0.04050000,0.04040000,0.04040000,80749.30000000,TUSDT
2022-08-07 20:00:00,0.04040000,0.04060000,0.04040000,0.04060000,171360.60000000,TUSDT
2022-08-07 21:00:00,0.04070000,0.04070000,0.04040000,0.04040000,123571.90000000,TUSDT
2022-08-07 22:00:00,0.04040000,0.04060000,0.04040000,0.04040000,91490.70000000,TUSDT
2022-08-07 23:00:00,0.04040000,0.04050000,0.04030000,0.04040000,488997.70000000,TUSDT
2022-08-08 00:00:00,0.04030000,0.04060000,0.04020000,0.04020000,517944.00000000,TUSDT
2022-08-08 01:00:00,0.04020000,0.04040000,0.04020000,0.04020000,186742.80000000,TUSDT
2022-08-08 02:00:00,0.04020000,0.04050000,0.04020000,0.04040000,619745.90000000,TUSDT
2022-08-08 03:00:00,0.04040000,0.04050000,0.04030000,0.04040000,265627.00000000,TUSDT
2022-08-08 04:00:00,0.04040000,0.04050000,0.04030000,0.04050000,250834.00000000,TUSDT
2022-08-08 05:00:00,0.04050000,0.04050000,0.04040000,0.04050000,160426.90000000,TUSDT
2022-08-08 06:00:00,0.04050000,0.04090000,0.04050000,0.04070000,954898.70000000,TUSDT
2022-08-08 07:00:00,0.04070000,0.04080000,0.04060000,0.04080000,519819.70000000,TUSDT
2022-08-08 08:00:00,0.04080000,0.04130000,0.04070000,0.04120000,950189.30000000,TUSDT
2022-08-08 09:00:00,0.04130000,0.04140000,0.04100000,0.04120000,1301207.90000000,TUSDT
2022-08-08 10:00:00,0.04110000,0.04130000,0.04100000,0.04120000,1032647.90000000,TUSDT
2022-08-08 11:00:00,0.04120000,0.04140000,0.04120000,0.04130000,664736.60000000,TUSDT
2022-08-08 12:00:00,0.04130000,0.04150000,0.04110000,0.04120000,1739489.60000000,TUSDT
2022-08-08 13:00:00,0.04120000,0.04130000,0.04080000,0.04110000,1491894.00000000,TUSDT
2022-08-08 14:00:00,0.04110000,0.04120000,0.04100000,0.04100000,299265.40000000,TUSDT
2022-08-08 15:00:00,0.04100000,0.04120000,0.04090000,0.04090000,682249.10000000,TUSDT
2022-08-08 16:00:00,0.04090000,0.04090000,0.04050000,0.04060000,1544349.10000000,TUSDT
2022-08-08 17:00:00,0.04070000,0.04100000,0.04070000,0.04090000,697354.60000000,TUSDT
2022-08-08 18:00:00,0.04090000,0.04090000,0.04070000,0.04080000,619314.10000000,TUSDT
2022-08-08 19:00:00,0.04070000,0.04110000,0.04070000,0.04090000,1282364.10000000,TUSDT
2022-08-08 20:00:00,0.04090000,0.04100000,0.04090000,0.04100000,172579.60000000,TUSDT
2022-08-08 21:00:00,0.04100000,0.04100000,0.04070000,0.04070000,259654.10000000,TUSDT
2022-08-08 22:00:00,0.04070000,0.04090000,0.04070000,0.04070000,129592.90000000,TUSDT
2022-08-08 23:00:00,0.04070000,0.04120000,0.04070000,0.04080000,1497441.60000000,TUSDT
2022-08-09 00:00:00,0.04080000,0.04080000,0.04050000,0.04060000,266936.00000000,TUSDT
2022-08-09 01:00:00,0.04060000,0.04070000,0.04050000,0.04050000,163060.10000000,TUSDT
2022-08-09 02:00:00,0.04050000,0.04050000,0.04020000,0.04040000,1075735.50000000,TUSDT
2022-08-09 03:00:00,0.04040000,0.04060000,0.04030000,0.04050000,664793.20000000,TUSDT
2022-08-09 04:00:00,0.04050000,0.04080000,0.04040000,0.04060000,671116.70000000,TUSDT
2022-08-09 05:00:00,0.04060000,0.04080000,0.04060000,0.04070000,100348.30000000,TUSDT
2022-08-09 06:00:00,0.04070000,0.04080000,0.04060000,0.04060000,274743.00000000,TUSDT
2022-08-09 07:00:00,0.04060000,0.04070000,0.04060000,0.04060000,144159.00000000,TUSDT
2022-08-09 08:00:00,0.04060000,0.04070000,0.04020000,0.04030000,749978.30000000,TUSDT
2022-08-09 09:00:00,0.04030000,0.04040000,0.03950000,0.03970000,879229.00000000,TUSDT
2022-08-09 10:00:00,0.03960000,0.03960000,0.03930000,0.03940000,1252262.20000000,TUSDT
2022-08-09 11:00:00,0.03940000,0.03960000,0.03910000,0.03910000,773331.50000000,TUSDT
2022-08-09 12:00:00,0.03910000,0.03930000,0.03900000,0.03920000,149141.40000000,TUSDT
2022-08-09 13:00:00,0.03920000,0.03950000,0.03910000,0.03920000,1543270.70000000,TUSDT
2022-08-09 14:00:00,0.03900000,0.03900000,0.03830000,0.03850000,7680808.10000000,TUSDT
2022-08-09 15:00:00,0.03850000,0.03860000,0.03780000,0.03830000,2413351.10000000,TUSDT
2022-08-09 16:00:00,0.03830000,0.03850000,0.03820000,0.03840000,743931.90000000,TUSDT
2022-08-09 17:00:00,0.03840000,0.03870000,0.03840000,0.03850000,439774.40000000,TUSDT
2022-08-09 18:00:00,0.03860000,0.03880000,0.03840000,0.03840000,481373.10000000,TUSDT
2022-08-09 19:00:00,0.03860000,0.03860000,0.03840000,0.03840000,66211.60000000,TUSDT
2022-08-09 20:00:00,0.03840000,0.03870000,0.03840000,0.03870000,125882.00000000,TUSDT
2022-08-09 21:00:00,0.03880000,0.03890000,0.03860000,0.03890000,81391.20000000,TUSDT
2022-08-09 22:00:00,0.03870000,0.03910000,0.03870000,0.03880000,2204203.10000000,TUSDT
2022-08-09 23:00:00,0.03880000,0.03890000,0.03880000,0.03880000,867229.90000000,TUSDT
2022-08-10 00:00:00,0.03880000,0.03880000,0.03760000,0.03800000,1637929.00000000,TUSDT
2022-08-10 01:00:00,0.03790000,0.03840000,0.03790000,0.03840000,350594.50000000,TUSDT
2022-08-10 02:00:00,0.03830000,0.03830000,0.03800000,0.03820000,394467.90000000,TUSDT
2022-08-10 03:00:00,0.03820000,0.03840000,0.03820000,0.03820000,47588.00000000,TUSDT
2022-08-10 04:00:00,0.03830000,0.03850000,0.03830000,0.03850000,62945.20000000,TUSDT
2022-08-10 05:00:00,0.03850000,0.03870000,0.03850000,0.03860000,116844.70000000,TUSDT
2022-08-10 06:00:00,0.03870000,0.03940000,0.03860000,0.03940000,1401856.70000000,TUSDT
2022-08-10 07:00:00,0.03930000,0.03960000,0.03930000,0.03930000,422474.70000000,TUSDT
2022-08-10 08:00:00,0.03930000,0.03940000,0.03920000,0.03940000,303245.60000000,TUSDT
2022-08-10 09:00:00,0.03950000,0.03970000,0.03930000,0.03970000,1011956.50000000,TUSDT
2022-08-10 10:00:00,0.03970000,0.04010000,0.03940000,0.03960000,1448561.30000000,TUSDT
2022-08-10 11:00:00,0.03960000,0.03970000,0.03940000,0.03950000,1199081.20000000,TUSDT
2022-08-10 12:00:00,0.03960000,0.04110000,0.03930000,0.04060000,13481361.70000000,TUSDT
2022-08-10 13:00:00,0.04060000,0.04060000,0.04010000,0.04030000,3353758.50000000,TUSDT
2022-08-10 14:00:00,0.04040000,0.04050000,0.04020000,0.04050000,1085625.40000000,TUSDT
2022-08-10 15:00:00,0.04050000,0.04060000,0.04030000,0.04050000,451652.10000000,TUSDT
2022-08-10 16:00:00,0.04050000,0.04070000,0.04030000,0.04040000,388670.40000000,TUSDT
2022-08-10 17:00:00,0.04050000,0.04060000,0.04040000,0.04060000,426480.30000000,TUSDT
2022-08-10 18:00:00,0.04050000,0.04060000,0.03990000,0.04010000,958274.50000000,TUSDT
2022-08-10 19:00:00,0.04000000,0.04020000,0.04000000,0.04010000,62250.30000000,TUSDT
2022-08-10 20:00:00,0.04010000,0.04040000,0.04010000,0.04030000,744135.80000000,TUSDT
2022-08-10 21:00:00,0.04040000,0.04100000,0.04020000,0.04060000,1408076.90000000,TUSDT
2022-08-10 22:00:00,0.04060000,0.04080000,0.04030000,0.04050000,1064489.90000000,TUSDT
2022-08-10 23:00:00,0.04040000,0.04060000,0.04040000,0.04050000,435307.10000000,TUSDT
2022-08-11 00:00:00,0.04060000,0.04380000,0.04060000,0.04240000,8220785.40000000,TUSDT
2022-08-11 01:00:00,0.04240000,0.04260000,0.04170000,0.04190000,2318007.40000000,TUSDT
2022-08-11 02:00:00,0.04180000,0.04200000,0.04110000,0.04130000,4101720.20000000,TUSDT
2022-08-11 03:00:00,0.04130000,0.04160000,0.04130000,0.04150000,1005467.00000000,TUSDT
2022-08-11 04:00:00,0.04150000,0.04160000,0.04140000,0.04160000,422428.50000000,TUSDT
2022-08-11 05:00:00,0.04160000,0.04180000,0.04150000,0.04150000,1022540.00000000,TUSDT
2022-08-11 06:00:00,0.04160000,0.04210000,0.04140000,0.04170000,730724.20000000,TUSDT
2022-08-11 07:00:00,0.04180000,0.04180000,0.04120000,0.04130000,1139035.20000000,TUSDT
2022-08-11 08:00:00,0.04140000,0.04200000,0.04140000,0.04190000,1034722.70000000,TUSDT
2022-08-11 09:00:00,0.04190000,0.04200000,0.04170000,0.04200000,1171105.00000000,TUSDT
2022-08-11 10:00:00,0.04180000,0.04190000,0.04150000,0.04190000,614240.50000000,TUSDT
2022-08-11 11:00:00,0.04170000,0.04230000,0.04160000,0.04190000,1845161.70000000,TUSDT
2022-08-11 12:00:00,0.04180000,0.04220000,0.04170000,0.04170000,763716.70000000,TUSDT
2022-08-11 13:00:00,0.04190000,0.04190000,0.04130000,0.04170000,790803.10000000,TUSDT
2022-08-11 14:00:00,0.04160000,0.04700000,0.04160000,0.04200000,27204009.10000000,TUSDT
2022-08-11 15:00:00,0.04200000,0.04270000,0.04150000,0.04150000,7690521.50000000,TUSDT
2022-08-11 16:00:00,0.04150000,0.04190000,0.04140000,0.04170000,2300007.50000000,TUSDT
2022-08-11 17:00:00,0.04170000,0.04240000,0.04170000,0.04210000,643803.10000000,TUSDT
2022-08-11 18:00:00,0.04200000,0.04230000,0.04190000,0.04210000,678443.00000000,TUSDT
2022-08-11 19:00:00,0.04210000,0.04210000,0.04180000,0.04190000,504546.60000000,TUSDT
2022-08-11 20:00:00,0.04190000,0.04210000,0.04180000,0.04190000,400191.30000000,TUSDT
2022-08-11 21:00:00,0.04190000,0.04230000,0.04180000,0.04180000,586883.00000000,TUSDT
2022-08-11 22:00:00,0.04180000,0.04190000,0.04150000,0.04160000,469265.60000000,TUSDT
2022-08-11 23:00:00,0.04160000,0.04180000,0.04130000,0.04150000,495553.10000000,TUSDT
2022-08-12 00:00:00,0.04150000,0.04290000,0.04130000,0.04180000,2570544.30000000,TUSDT
2022-08-12 01:00:00,0.04190000,0.04280000,0.04190000,0.04240000,2875483.50000000,TUSDT
2022-08-12 02:00:00,0.04250000,0.04250000,0.04210000,0.04240000,1336299.70000000,TUSDT
2022-08-12 03:00:00,0.04250000,0.04290000,0.04230000,0.04280000,227717.10000000,TUSDT
2022-08-12 04:00:00,0.04270000,0.04270000,0.04230000,0.04240000,438780.80000000,TUSDT
2022-08-12 05:00:00,0.04240000,0.04420000,0.04240000,0.04340000,1855418.70000000,TUSDT
2022-08-12 06:00:00,0.04330000,0.04620000,0.04280000,0.04340000,21073399.50000000,TUSDT
2022-08-12 07:00:00,0.04340000,0.04390000,0.04300000,0.04350000,7011623.10000000,TUSDT
2022-08-12 08:00:00,0.04350000,0.04390000,0.04310000,0.04310000,3493799.00000000,TUSDT
2022-08-12 09:00:00,0.04310000,0.04340000,0.04290000,0.04320000,1765741.90000000,TUSDT
2022-08-12 10:00:00,0.04320000,0.04320000,0.04270000,0.04270000,1464091.50000000,TUSDT
2022-08-12 11:00:00,0.04270000,0.04280000,0.04180000,0.04190000,3817612.30000000,TUSDT
2022-08-12 12:00:00,0.04190000,0.04230000,0.04190000,0.04210000,848969.00000000,TUSDT
2022-08-12 13:00:00,0.04220000,0.04240000,0.04200000,0.04200000,1351603.60000000,TUSDT
2022-08-12 14:00:00,0.04200000,0.04260000,0.04200000,0.04260000,2457165.60000000,TUSDT
2022-08-12 15:00:00,0.04260000,0.04290000,0.04250000,0.04270000,648945.30000000,TUSDT
2022-08-12 16:00:00,0.04270000,0.04290000,0.04250000,0.04260000,1078361.60000000,TUSDT
2022-08-12 17:00:00,0.04270000,0.04290000,0.04250000,0.04290000,1315863.50000000,TUSDT
2022-08-12 18:00:00,0.04290000,0.04300000,0.04270000,0.04280000,239972.20000000,TUSDT
2022-08-12 19:00:00,0.04280000,0.04310000,0.04280000,0.04290000,467320.30000000,TUSDT
2022-08-12 20:00:00,0.04290000,0.04300000,0.04280000,0.04300000,319273.40000000,TUSDT
2022-08-12 21:00:00,0.04300000,0.04330000,0.04290000,0.04320000,694977.00000000,TUSDT
2022-08-12 22:00:00,0.04330000,0.04340000,0.04300000,0.04310000,458083.20000000,TUSDT
2022-08-12 23:00:00,0.04310000,0.04380000,0.04310000,0.04360000,1098685.90000000,TUSDT
2022-08-13 00:00:00,0.04370000,0.04400000,0.04330000,0.04340000,1152427.70000000,TUSDT
2022-08-13 01:00:00,0.04350000,0.04370000,0.04330000,0.04340000,680584.10000000,TUSDT
2022-08-13 02:00:00,0.04340000,0.04400000,0.04330000,0.04370000,772481.80000000,TUSDT
2022-08-13 03:00:00,0.04380000,0.04420000,0.04370000,0.04380000,855613.30000000,TUSDT
2022-08-13 04:00:00,0.04380000,0.04400000,0.04360000,0.04360000,375039.40000000,TUSDT
2022-08-13 05:00:00,0.04360000,0.04370000,0.04350000,0.04360000,471256.30000000,TUSDT
2022-08-13 06:00:00,0.04370000,0.04400000,0.04350000,0.04350000,991887.90000000,TUSDT
2022-08-13 07:00:00,0.04370000,0.04370000,0.04330000,0.04330000,2134357.10000000,TUSDT
2022-08-13 08:00:00,0.04330000,0.04340000,0.04270000,0.04290000,532444.70000000,TUSDT
2022-08-13 09:00:00,0.04300000,0.04310000,0.04290000,0.04300000,121363.60000000,TUSDT
2022-08-13 10:00:00,0.04310000,0.04330000,0.04300000,0.04310000,654936.30000000,TUSDT
2022-08-13 11:00:00,0.04310000,0.04320000,0.04270000,0.04300000,373084.10000000,TUSDT
2022-08-13 12:00:00,0.04300000,0.04320000,0.04290000,0.04300000,82514.80000000,TUSDT
2022-08-13 13:00:00,0.04300000,0.04320000,0.04290000,0.04300000,241429.40000000,TUSDT
2022-08-13 14:00:00,0.04300000,0.04330000,0.04300000,0.04300000,274579.50000000,TUSDT
2022-08-13 15:00:00,0.04310000,0.04320000,0.04300000,0.04310000,146537.70000000,TUSDT
2022-08-13 16:00:00,0.04310000,0.04330000,0.04310000,0.04320000,322302.10000000,TUSDT
2022-08-13 17:00:00,0.04320000,0.04340000,0.04320000,0.04330000,134776.70000000,TUSDT
2022-08-13 18:00:00,0.04330000,0.04340000,0.04330000,0.04330000,39653.50000000,TUSDT
2022-08-13 19:00:00,0.04330000,0.04340000,0.04320000,0.04320000,113025.50000000,TUSDT
2022-08-13 20:00:00,0.04320000,0.04330000,0.04300000,0.04310000,384783.70000000,TUSDT
2022-08-13 21:00:00,0.04310000,0.04330000,0.04310000,0.04310000,120730.70000000,TUSDT
2022-08-13 22:00:00,0.04310000,0.04340000,0.04300000,0.04300000,360466.90000000,TUSDT
2022-08-13 23:00:00,0.04300000,0.04330000,0.04300000,0.04320000,171678.30000000,TUSDT
2022-08-14 00:00:00,0.04320000,0.04520000,0.04310000,0.04340000,3198135.10000000,TUSDT
2022-08-14 01:00:00,0.04350000,0.04350000,0.04310000,0.04330000,182160.20000000,TUSDT
2022-08-14 02:00:00,0.04330000,0.04350000,0.04320000,0.04330000,126662.00000000,TUSDT
2022-08-14 03:00:00,0.04330000,0.04350000,0.04320000,0.04330000,551037.30000000,TUSDT
2022-08-14 04:00:00,0.04340000,0.04350000,0.04330000,0.04330000,205730.80000000,TUSDT
2022-08-14 05:00:00,0.04330000,0.04350000,0.04320000,0.04340000,354063.10000000,TUSDT
2022-08-14 06:00:00,0.04340000,0.04360000,0.04340000,0.04350000,120730.20000000,TUSDT
2022-08-14 07:00:00,0.04360000,0.04390000,0.04350000,0.04370000,465457.00000000,TUSDT
2022-08-14 08:00:00,0.04370000,0.04380000,0.04360000,0.04360000,496139.70000000,TUSDT
2022-08-14 09:00:00,0.04370000,0.04390000,0.04360000,0.04370000,239833.00000000,TUSDT
2022-08-14 10:00:00,0.04370000,0.04380000,0.04360000,0.04360000,75725.30000000,TUSDT
2022-08-14 11:00:00,0.04360000,0.04370000,0.04340000,0.04340000,194643.60000000,TUSDT
2022-08-14 12:00:00,0.04340000,0.04350000,0.04300000,0.04330000,1679422.10000000,TUSDT
2022-08-14 13:00:00,0.04330000,0.04340000,0.04280000,0.04290000,830568.70000000,TUSDT
2022-08-14 14:00:00,0.04300000,0.04370000,0.04290000,0.04330000,1555644.80000000,TUSDT
2022-08-14 15:00:00,0.04340000,0.04350000,0.04320000,0.04330000,454793.40000000,TUSDT
2022-08-14 16:00:00,0.04330000,0.04350000,0.04260000,0.04260000,1115578.90000000,TUSDT
2022-08-14 17:00:00,0.04270000,0.04270000,0.04230000,0.04240000,1728116.90000000,TUSDT
2022-08-14 18:00:00,0.04250000,0.04270000,0.04230000,0.04250000,942934.40000000,TUSDT
2022-08-14 19:00:00,0.04260000,0.04270000,0.04240000,0.04250000,107946.30000000,TUSDT
2022-08-14 20:00:00,0.04250000,0.04280000,0.04250000,0.04270000,186739.30000000,TUSDT
2022-08-14 21:00:00,0.04270000,0.04290000,0.04260000,0.04260000,49850.30000000,TUSDT
2022-08-14 22:00:00,0.04260000,0.04270000,0.04240000,0.04250000,75287.80000000,TUSDT
2022-08-14 23:00:00,0.04250000,0.04290000,0.04250000,0.04280000,223198.30000000,TUSDT
2022-08-15 00:00:00,0.04280000,0.04280000,0.04210000,0.04240000,1555416.50000000,TUSDT
2022-08-15 01:00:00,0.04240000,0.04280000,0.04230000,0.04270000,1890357.50000000,TUSDT
2022-08-15 02:00:00,0.04270000,0.04310000,0.04270000,0.04310000,547282.30000000,TUSDT
2022-08-15 03:00:00,0.04320000,0.04360000,0.04310000,0.04320000,892325.80000000,TUSDT
2022-08-15 04:00:00,0.04320000,0.04320000,0.04310000,0.04320000,48738.70000000,TUSDT
2022-08-15 05:00:00,0.04320000,0.04330000,0.04300000,0.04300000,219282.90000000,TUSDT
2022-08-15 06:00:00,0.04300000,0.04310000,0.04190000,0.04210000,1680917.60000000,TUSDT
2022-08-15 07:00:00,0.04210000,0.04220000,0.04160000,0.04180000,1642456.30000000,TUSDT
2022-08-15 08:00:00,0.04190000,0.04200000,0.04160000,0.04190000,888947.20000000,TUSDT
2022-08-15 09:00:00,0.04190000,0.04200000,0.04170000,0.04190000,659428.30000000,TUSDT
2022-08-15 10:00:00,0.04190000,0.04210000,0.04180000,0.04200000,460986.80000000,TUSDT
2022-08-15 11:00:00,0.04200000,0.04220000,0.04170000,0.04170000,200713.50000000,TUSDT
2022-08-15 12:00:00,0.04180000,0.04200000,0.04160000,0.04160000,307677.20000000,TUSDT
2022-08-15 13:00:00,0.04160000,0.04200000,0.04150000,0.04190000,315049.30000000,TUSDT
2022-08-15 14:00:00,0.04190000,0.04220000,0.04180000,0.04180000,1042524.90000000,TUSDT
2022-08-15 15:00:00,0.04180000,0.04210000,0.04180000,0.04200000,270602.30000000,TUSDT
2022-08-15 16:00:00,0.04200000,0.04230000,0.04200000,0.04230000,364365.40000000,TUSDT
2022-08-15 17:00:00,0.04230000,0.04240000,0.04210000,0.04230000,118559.10000000,TUSDT
2022-08-15 18:00:00,0.04230000,0.04240000,0.04190000,0.04190000,291810.80000000,TUSDT
2022-08-15 19:00:00,0.04190000,0.04200000,0.04180000,0.04180000,272539.50000000,TUSDT
2022-08-15 20:00:00,0.04190000,0.04210000,0.04180000,0.04200000,217487.30000000,TUSDT
2022-08-15 21:00:00,0.04210000,0.04230000,0.04200000,0.04200000,388571.10000000,TUSDT
2022-08-15 22:00:00,0.04200000,0.04230000,0.04200000,0.04210000,135260.00000000,TUSDT
2022-08-15 23:00:00,0.04200000,0.04210000,0.04160000,0.04200000,629733.80000000,TUSDT
2022-08-16 00:00:00,0.04200000,0.04320000,0.04160000,0.04170000,3081694.30000000,TUSDT
2022-08-16 01:00:00,0.04180000,0.04210000,0.04170000,0.04170000,507910.50000000,TUSDT
2022-08-16 02:00:00,0.04180000,0.04180000,0.04150000,0.04150000,311619.70000000,TUSDT
2022-08-16 03:00:00,0.04150000,0.04150000,0.04110000,0.04130000,891037.10000000,TUSDT
2022-08-16 04:00:00,0.04130000,0.04140000,0.04110000,0.04130000,513825.40000000,TUSDT
2022-08-16 05:00:00,0.04130000,0.04130000,0.04060000,0.04090000,2074562.60000000,TUSDT
2022-08-16 06:00:00,0.04090000,0.04120000,0.04090000,0.04110000,360854.50000000,TUSDT
2022-08-16 07:00:00,0.04120000,0.04120000,0.04100000,0.04100000,353694.40000000,TUSDT
2022-08-16 08:00:00,0.04100000,0.04120000,0.04100000,0.04110000,298405.10000000,TUSDT
2022-08-16 09:00:00,0.04110000,0.04160000,0.04110000,0.04140000,743015.60000000,TUSDT
2022-08-16 10:00:00,0.04140000,0.04150000,0.04140000,0.04140000,58319.60000000,TUSDT
2022-08-16 11:00:00,0.04140000,0.04160000,0.04140000,0.04140000,71391.80000000,TUSDT
2022-08-16 12:00:00,0.04140000,0.04170000,0.04130000,0.04130000,188399.30000000,TUSDT
2022-08-16 13:00:00,0.04130000,0.04130000,0.04110000,0.04120000,505416.10000000,TUSDT
2022-08-16 14:00:00,0.04110000,0.04130000,0.04090000,0.04090000,498073.60000000,TUSDT
2022-08-16 15:00:00,0.04090000,0.04110000,0.04080000,0.04100000,333230.40000000,TUSDT
2022-08-16 16:00:00,0.04100000,0.04120000,0.04090000,0.04090000,149422.40000000,TUSDT
2022-08-16 17:00:00,0.04100000,0.04110000,0.04090000,0.04100000,112202.70000000,TUSDT
2022-08-16 18:00:00,0.04100000,0.04130000,0.04070000,0.04080000,184645.60000000,TUSDT
2022-08-16 19:00:00,0.04080000,0.04100000,0.04080000,0.04090000,151222.60000000,TUSDT
2022-08-16 20:00:00,0.04090000,0.04120000,0.04090000,0.04120000,55102.70000000,TUSDT
2022-08-16 21:00:00,0.04120000,0.04120000,0.04100000,0.04100000,226280.10000000,TUSDT
2022-08-16 22:00:00,0.04100000,0.04110000,0.04090000,0.04100000,81683.50000000,TUSDT
2022-08-16 23:00:00,0.04100000,0.04110000,0.04090000,0.04100000,51659.60000000,TUSDT
2022-08-17 00:00:00,0.04100000,0.04210000,0.04100000,0.04130000,687040.60000000,TUSDT
2022-08-17 01:00:00,0.04130000,0.04140000,0.04100000,0.04100000,348919.60000000,TUSDT
2022-08-17 02:00:00,0.04100000,0.04120000,0.04080000,0.04110000,111464.70000000,TUSDT
2022-08-17 03:00:00,0.04110000,0.04130000,0.04100000,0.04110000,139385.70000000,TUSDT
2022-08-17 04:00:00,0.04110000,0.04140000,0.04110000,0.04130000,79504.40000000,TUSDT
2022-08-17 05:00:00,0.04140000,0.04180000,0.04130000,0.04160000,342119.40000000,TUSDT
2022-08-17 06:00:00,0.04180000,0.04200000,0.04170000,0.04180000,299664.10000000,TUSDT
2022-08-17 07:00:00,0.04190000,0.04190000,0.04100000,0.04100000,960461.00000000,TUSDT
2022-08-17 08:00:00,0.04100000,0.04120000,0.04100000,0.04100000,123922.20000000,TUSDT
2022-08-17 09:00:00,0.04100000,0.04110000,0.04100000,0.04100000,127485.50000000,TUSDT
2022-08-17 10:00:00,0.04100000,0.04100000,0.04080000,0.04080000,727946.40000000,TUSDT
2022-08-17 11:00:00,0.04090000,0.04100000,0.04050000,0.04050000,577424.80000000,TUSDT
2022-08-17 12:00:00,0.04050000,0.04060000,0.03950000,0.03990000,2052964.70000000,TUSDT
2022-08-17 13:00:00,0.04000000,0.04010000,0.03910000,0.03940000,945199.30000000,TUSDT
2022-08-17 14:00:00,0.03950000,0.03960000,0.03920000,0.03920000,472746.10000000,TUSDT
2022-08-17 15:00:00,0.03920000,0.03940000,0.03900000,0.03910000,832788.20000000,TUSDT
2022-08-17 16:00:00,0.03910000,0.03940000,0.03900000,0.03920000,294012.40000000,TUSDT
2022-08-17 17:00:00,0.03920000,0.03960000,0.03920000,0.03950000,220758.10000000,TUSDT
2022-08-17 18:00:00,0.03960000,0.03980000,0.03950000,0.03970000,214147.60000000,TUSDT
2022-08-17 19:00:00,0.03970000,0.03970000,0.03940000,0.03950000,173930.90000000,TUSDT
2022-08-17 20:00:00,0.03950000,0.03970000,0.03940000,0.03950000,249665.40000000,TUSDT
2022-08-17 21:00:00,0.03950000,0.03970000,0.03950000,0.03950000,52395.10000000,TUSDT
2022-08-17 22:00:00,0.03950000,0.03960000,0.03920000,0.03930000,221646.40000000,TUSDT
2022-08-17 23:00:00,0.03930000,0.03940000,0.03930000,0.03940000,88720.00000000,TUSDT
2022-08-18 00:00:00,0.03940000,0.03960000,0.03900000,0.03930000,244097.50000000,TUSDT
2022-08-18 01:00:00,0.03930000,0.03950000,0.03930000,0.03950000,124310.70000000,TUSDT
2022-08-18 02:00:00,0.03950000,0.03970000,0.03940000,0.03970000,110442.50000000,TUSDT
2022-08-18 03:00:00,0.03960000,0.03970000,0.03940000,0.03950000,388575.50000000,TUSDT
2022-08-18 04:00:00,0.03950000,0.03960000,0.03930000,0.03930000,300912.50000000,TUSDT
2022-08-18 05:00:00,0.03930000,0.03980000,0.03930000,0.03950000,392196.50000000,TUSDT
2022-08-18 06:00:00,0.03950000,0.03960000,0.03940000,0.03940000,95535.70000000,TUSDT
2022-08-18 07:00:00,0.03940000,0.03950000,0.03920000,0.03930000,226318.20000000,TUSDT
2022-08-18 08:00:00,0.03930000,0.03950000,0.03930000,0.03940000,160231.40000000,TUSDT
2022-08-18 09:00:00,0.03940000,0.03970000,0.03940000,0.03970000,251717.40000000,TUSDT
2022-08-18 10:00:00,0.03970000,0.04010000,0.03960000,0.04000000,518024.10000000,TUSDT
2022-08-18 11:00:00,0.03990000,0.04040000,0.03970000,0.04020000,953636.10000000,TUSDT
2022-08-18 12:00:00,0.04030000,0.04050000,0.04010000,0.04010000,518126.00000000,TUSDT
2022-08-18 13:00:00,0.04010000,0.04020000,0.03990000,0.04000000,119984.30000000,TUSDT
2022-08-18 14:00:00,0.03990000,0.04010000,0.03980000,0.04010000,1048900.30000000,TUSDT
2022-08-18 15:00:00,0.04000000,0.04020000,0.03970000,0.04020000,355158.80000000,TUSDT
2022-08-18 16:00:00,0.04010000,0.04030000,0.03990000,0.03990000,767018.90000000,TUSDT
2022-08-18 17:00:00,0.03990000,0.04020000,0.03990000,0.04010000,433816.20000000,TUSDT
2022-08-18 18:00:00,0.04010000,0.04020000,0.03980000,0.03990000,717201.90000000,TUSDT
2022-08-18 19:00:00,0.03990000,0.04000000,0.03990000,0.03990000,54243.80000000,TUSDT
2022-08-18 20:00:00,0.03990000,0.04000000,0.03980000,0.03990000,113724.70000000,TUSDT
2022-08-18 21:00:00,0.03990000,0.04000000,0.03980000,0.03990000,395817.40000000,TUSDT
2022-08-18 22:00:00,0.03990000,0.04030000,0.03990000,0.03990000,273082.20000000,TUSDT
2022-08-18 23:00:00,0.03990000,0.03990000,0.03900000,0.03920000,741153.90000000,TUSDT
2022-08-19 00:00:00,0.03920000,0.03920000,0.03770000,0.03790000,1355489.60000000,TUSDT
2022-08-19 01:00:00,0.03780000,0.03790000,0.03700000,0.03710000,1302348.40000000,TUSDT
2022-08-19 02:00:00,0.03710000,0.03740000,0.03710000,0.03720000,417654.40000000,TUSDT
2022-08-19 03:00:00,0.03720000,0.03760000,0.03710000,0.03740000,423819.30000000,TUSDT
2022-08-19 04:00:00,0.03740000,0.03750000,0.03730000,0.03740000,112535.70000000,TUSDT
2022-08-19 05:00:00,0.03740000,0.03750000,0.03740000,0.03740000,56679.90000000,TUSDT
2022-08-19 06:00:00,0.03740000,0.03750000,0.03550000,0.03550000,2300491.10000000,TUSDT
2022-08-19 07:00:00,0.03550000,0.03600000,0.03490000,0.03520000,2645420.50000000,TUSDT
2022-08-19 08:00:00,0.03520000,0.03540000,0.03490000,0.03520000,1917839.50000000,TUSDT
2022-08-19 09:00:00,0.03520000,0.03580000,0.03520000,0.03570000,1926591.90000000,TUSDT
2022-08-19 10:00:00,0.03570000,0.03580000,0.03510000,0.03510000,669676.80000000,TUSDT
2022-08-19 11:00:00,0.03510000,0.03510000,0.03470000,0.03510000,1526431.30000000,TUSDT
2022-08-19 12:00:00,0.03510000,0.03540000,0.03470000,0.03530000,956692.90000000,TUSDT
2022-08-19 13:00:00,0.03530000,0.03540000,0.03500000,0.03500000,741087.10000000,TUSDT
2022-08-19 14:00:00,0.03500000,0.03520000,0.03410000,0.03430000,1637309.30000000,TUSDT
2022-08-19 15:00:00,0.03430000,0.03490000,0.03420000,0.03470000,1889121.20000000,TUSDT
2022-08-19 16:00:00,0.03470000,0.03550000,0.03470000,0.03530000,1112956.60000000,TUSDT
2022-08-19 17:00:00,0.03530000,0.03540000,0.03490000,0.03490000,1206189.70000000,TUSDT
2022-08-19 18:00:00,0.03500000,0.03510000,0.03480000,0.03490000,254268.70000000,TUSDT
2022-08-19 19:00:00,0.03490000,0.03500000,0.03460000,0.03500000,563894.00000000,TUSDT
2022-08-19 20:00:00,0.03500000,0.03510000,0.03460000,0.03470000,577074.90000000,TUSDT
2022-08-19 21:00:00,0.03470000,0.03500000,0.03400000,0.03410000,600765.40000000,TUSDT
2022-08-19 22:00:00,0.03410000,0.03440000,0.03410000,0.03410000,708815.60000000,TUSDT
2022-08-19 23:00:00,0.03410000,0.03430000,0.03390000,0.03430000,1471787.00000000,TUSDT
2022-08-20 00:00:00,0.03410000,0.03510000,0.03400000,0.03410000,2308717.90000000,TUSDT
2022-08-20 01:00:00,0.03410000,0.03450000,0.03410000,0.03430000,435145.20000000,TUSDT
2022-08-20 02:00:00,0.03430000,0.03460000,0.03420000,0.03450000,227188.10000000,TUSDT
2022-08-20 03:00:00,0.03450000,0.03460000,0.03430000,0.03450000,466776.90000000,TUSDT
2022-08-20 04:00:00,0.03440000,0.03450000,0.03430000,0.03450000,236147.60000000,TUSDT
2022-08-20 05:00:00,0.03450000,0.03470000,0.03440000,0.03450000,243944.60000000,TUSDT
2022-08-20 06:00:00,0.03450000,0.03470000,0.03440000,0.03460000,47513.10000000,TUSDT
2022-08-20 07:00:00,0.03460000,0.03510000,0.03460000,0.03480000,2506504.00000000,TUSDT
2022-08-20 08:00:00,0.03490000,0.03490000,0.03460000,0.03460000,586065.60000000,TUSDT
2022-08-20 09:00:00,0.03460000,0.03470000,0.03460000,0.03470000,258949.90000000,TUSDT
2022-08-20 10:00:00,0.03460000,0.03470000,0.03440000,0.03450000,385818.10000000,TUSDT
2022-08-20 11:00:00,0.03450000,0.03500000,0.03450000,0.03490000,504520.20000000,TUSDT
2022-08-20 12:00:00,0.03480000,0.03500000,0.03460000,0.03490000,829970.40000000,TUSDT
2022-08-20 13:00:00,0.03490000,0.03490000,0.03470000,0.03470000,331584.90000000,TUSDT
2022-08-20 14:00:00,0.03470000,0.03480000,0.03460000,0.03460000,542664.00000000,TUSDT
2022-08-20 15:00:00,0.03460000,0.03470000,0.03440000,0.03450000,402261.20000000,TUSDT
2022-08-20 16:00:00,0.03450000,0.03470000,0.03450000,0.03450000,97162.20000000,TUSDT
2022-08-20 17:00:00,0.03450000,0.03450000,0.03420000,0.03420000,253125.90000000,TUSDT
2022-08-20 18:00:00,0.03420000,0.03440000,0.03400000,0.03400000,291218.50000000,TUSDT
2022-08-20 19:00:00,0.03400000,0.03400000,0.03330000,0.03380000,3126511.30000000,TUSDT
2022-08-20 20:00:00,0.03380000,0.03430000,0.03370000,0.03370000,307080.20000000,TUSDT
2022-08-20 21:00:00,0.03370000,0.03390000,0.03340000,0.03380000,1855164.60000000,TUSDT
2022-08-20 22:00:00,0.03380000,0.03400000,0.03370000,0.03400000,577817.70000000,TUSDT
2022-08-20 23:00:00,0.03390000,0.03420000,0.03380000,0.03410000,907119.60000000,TUSDT
2022-08-21 00:00:00,0.03410000,0.03470000,0.03410000,0.03430000,1412689.70000000,TUSDT
2022-08-21 01:00:00,0.03420000,0.03470000,0.03410000,0.03440000,348797.10000000,TUSDT
2022-08-21 02:00:00,0.03450000,0.03450000,0.03430000,0.03430000,263926.70000000,TUSDT
2022-08-21 03:00:00,0.03430000,0.03500000,0.03420000,0.03470000,475199.30000000,TUSDT
2022-08-21 04:00:00,0.03470000,0.03470000,0.03410000,0.03420000,221765.60000000,TUSDT
2022-08-21 05:00:00,0.03430000,0.03440000,0.03420000,0.03440000,129892.00000000,TUSDT
2022-08-21 06:00:00,0.03440000,0.03440000,0.03420000,0.03420000,146428.90000000,TUSDT
2022-08-21 07:00:00,0.03420000,0.03440000,0.03400000,0.03440000,161819.90000000,TUSDT
2022-08-21 08:00:00,0.03440000,0.03500000,0.03440000,0.03460000,451741.60000000,TUSDT
2022-08-21 09:00:00,0.03460000,0.03510000,0.03460000,0.03490000,497413.70000000,TUSDT
2022-08-21 10:00:00,0.03490000,0.03500000,0.03480000,0.03490000,179649.10000000,TUSDT
2022-08-21 11:00:00,0.03500000,0.03510000,0.03470000,0.03500000,223925.00000000,TUSDT
2022-08-21 12:00:00,0.03500000,0.03520000,0.03500000,0.03500000,102335.10000000,TUSDT
2022-08-21 13:00:00,0.03500000,0.03510000,0.03450000,0.03460000,1326292.60000000,TUSDT
2022-08-21 14:00:00,0.03470000,0.03480000,0.03440000,0.03480000,1564942.60000000,TUSDT
2022-08-21 15:00:00,0.03480000,0.03480000,0.03460000,0.03460000,562165.70000000,TUSDT
2022-08-21 16:00:00,0.03460000,0.03490000,0.03450000,0.03470000,1737058.40000000,TUSDT
2022-08-21 17:00:00,0.03470000,0.03490000,0.03470000,0.03470000,97901.20000000,TUSDT
2022-08-21 18:00:00,0.03470000,0.03490000,0.03470000,0.03490000,166402.60000000,TUSDT
2022-08-21 19:00:00,0.03480000,0.03500000,0.03480000,0.03490000,372404.90000000,TUSDT
2022-08-21 20:00:00,0.03490000,0.03530000,0.03490000,0.03510000,257337.80000000,TUSDT
2022-08-21 21:00:00,0.03510000,0.03530000,0.03500000,0.03510000,248020.70000000,TUSDT
2022-08-21 22:00:00,0.03510000,0.03510000,0.03450000,0.03510000,678176.40000000,TUSDT
2022-08-21 23:00:00,0.03510000,0.03520000,0.03490000,0.03510000,254029.90000000,TUSDT
2022-08-22 00:00:00,0.03500000,0.03500000,0.03470000,0.03470000,133447.10000000,TUSDT
2022-08-22 01:00:00,0.03470000,0.03470000,0.03460000,0.03460000,91915.70000000,TUSDT
2022-08-22 02:00:00,0.03460000,0.03470000,0.03450000,0.03460000,189479.90000000,TUSDT
2022-08-22 03:00:00,0.03460000,0.03470000,0.03450000,0.03450000,27056.30000000,TUSDT
2022-08-22 04:00:00,0.03450000,0.03460000,0.03420000,0.03440000,1457973.30000000,TUSDT
2022-08-22 05:00:00,0.03440000,0.03460000,0.03440000,0.03450000,1002627.30000000,TUSDT
2022-08-22 06:00:00,0.03450000,0.03450000,0.03400000,0.03400000,534826.50000000,TUSDT
2022-08-22 07:00:00,0.03400000,0.03410000,0.03310000,0.03320000,2375697.50000000,TUSDT
2022-08-22 08:00:00,0.03310000,0.03310000,0.03260000,0.03300000,1047391.90000000,TUSDT
2022-08-22 09:00:00,0.03310000,0.03310000,0.03280000,0.03300000,1393994.30000000,TUSDT
2022-08-22 10:00:00,0.03300000,0.03330000,0.03300000,0.03330000,315341.10000000,TUSDT
2022-08-22 11:00:00,0.03320000,0.03330000,0.03310000,0.03310000,201199.90000000,TUSDT
2022-08-22 12:00:00,0.03310000,0.03340000,0.03310000,0.03320000,556315.40000000,TUSDT
2022-08-22 13:00:00,0.03320000,0.03330000,0.03310000,0.03330000,244530.70000000,TUSDT
2022-08-22 14:00:00,0.03330000,0.03330000,0.03310000,0.03320000,436365.50000000,TUSDT
2022-08-22 15:00:00,0.03320000,0.03430000,0.03320000,0.03380000,2382551.70000000,TUSDT
2022-08-22 16:00:00,0.03390000,0.03400000,0.03370000,0.03370000,773524.90000000,TUSDT
2022-08-22 17:00:00,0.03380000,0.03380000,0.03370000,0.03370000,194540.90000000,TUSDT
2022-08-22 18:00:00,0.03370000,0.03380000,0.03330000,0.03330000,730762.40000000,TUSDT
2022-08-22 19:00:00,0.03340000,0.03350000,0.03330000,0.03340000,44570.30000000,TUSDT
2022-08-22 20:00:00,0.03340000,0.03380000,0.03340000,0.03360000,135478.90000000,TUSDT
2022-08-22 21:00:00,0.03360000,0.03380000,0.03330000,0.03370000,356872.30000000,TUSDT
2022-08-22 22:00:00,0.03370000,0.03390000,0.03360000,0.03370000,99090.20000000,TUSDT
2022-08-22 23:00:00,0.03370000,0.03420000,0.03370000,0.03420000,151663.70000000,TUSDT
2022-08-23 00:00:00,0.03420000,0.03430000,0.03380000,0.03390000,417865.10000000,TUSDT
2022-08-23 01:00:00,0.03390000,0.03420000,0.03380000,0.03390000,335920.30000000,TUSDT
2022-08-23 02:00:00,0.03400000,0.03400000,0.03390000,0.03400000,27529.10000000,TUSDT
2022-08-23 03:00:00,0.03400000,0.03430000,0.03400000,0.03400000,333096.80000000,TUSDT
2022-08-23 04:00:00,0.03400000,0.03400000,0.03390000,0.03390000,91093.90000000,TUSDT
2022-08-23 05:00:00,0.03390000,0.03390000,0.03310000,0.03310000,808679.90000000,TUSDT
2022-08-23 06:00:00,0.03310000,0.03330000,0.03310000,0.03330000,191422.50000000,TUSDT
2022-08-23 07:00:00,0.03330000,0.03360000,0.03330000,0.03360000,179434.80000000,TUSDT
2022-08-23 08:00:00,0.03360000,0.03400000,0.03340000,0.03380000,1824188.30000000,TUSDT
2022-08-23 09:00:00,0.03370000,0.03380000,0.03350000,0.03380000,1039444.50000000,TUSDT
2022-08-23 10:00:00,0.03380000,0.03390000,0.03360000,0.03370000,312921.50000000,TUSDT
2022-08-23 11:00:00,0.03370000,0.03400000,0.03370000,0.03390000,369084.90000000,TUSDT
2022-08-23 12:00:00,0.03390000,0.03410000,0.03390000,0.03390000,237491.50000000,TUSDT
2022-08-23 13:00:00,0.03390000,0.03410000,0.03390000,0.03400000,121523.90000000,TUSDT
2022-08-23 14:00:00,0.03410000,0.03440000,0.03410000,0.03420000,378322.80000000,TUSDT
2022-08-23 15:00:00,0.03420000,0.03430000,0.03410000,0.03420000,380771.10000000,TUSDT
2022-08-23 16:00:00,0.03420000,0.03430000,0.03420000,0.03420000,111419.30000000,TUSDT
2022-08-23 17:00:00,0.03420000,0.03430000,0.03410000,0.03410000,70599.40000000,TUSDT
2022-08-23 18:00:00,0.03410000,0.03450000,0.03400000,0.03420000,484678.90000000,TUSDT
2022-08-23 19:00:00,0.03420000,0.03420000,0.03400000,0.03410000,369267.10000000,TUSDT
2022-08-23 20:00:00,0.03420000,0.03430000,0.03400000,0.03410000,390861.70000000,TUSDT
2022-08-23 21:00:00,0.03420000,0.03430000,0.03390000,0.03400000,213802.40000000,TUSDT
2022-08-23 22:00:00,0.03400000,0.03430000,0.03400000,0.03420000,296203.90000000,TUSDT
2022-08-23 23:00:00,0.03430000,0.03460000,0.03420000,0.03450000,477885.70000000,TUSDT
2022-08-24 00:00:00,0.03450000,0.03570000,0.03430000,0.03430000,1603397.20000000,TUSDT
2022-08-24 01:00:00,0.03430000,0.03450000,0.03380000,0.03390000,156774.40000000,TUSDT
2022-08-24 02:00:00,0.03390000,0.03420000,0.03380000,0.03380000,115249.50000000,TUSDT
2022-08-24 03:00:00,0.03380000,0.03400000,0.03380000,0.03400000,93981.20000000,TUSDT
2022-08-24 04:00:00,0.03400000,0.03410000,0.03380000,0.03390000,155084.20000000,TUSDT
2022-08-24 05:00:00,0.03390000,0.03440000,0.03390000,0.03420000,129195.80000000,TUSDT
2022-08-24 06:00:00,0.03420000,0.03440000,0.03410000,0.03420000,52973.80000000,TUSDT
2022-08-24 07:00:00,0.03420000,0.03420000,0.03410000,0.03410000,331850.40000000,TUSDT
2022-08-24 08:00:00,0.03410000,0.03420000,0.03410000,0.03410000,201884.60000000,TUSDT
2022-08-24 09:00:00,0.03410000,0.03430000,0.03410000,0.03420000,90302.90000000,TUSDT
2022-08-24 10:00:00,0.03420000,0.03430000,0.03410000,0.03410000,70694.20000000,TUSDT
2022-08-24 11:00:00,0.03410000,0.03460000,0.03410000,0.03440000,498218.00000000,TUSDT
2022-08-24 12:00:00,0.03440000,0.03640000,0.03430000,0.03450000,12693615.00000000,TUSDT
2022-08-24 13:00:00,0.03450000,0.03490000,0.03450000,0.03460000,1013425.60000000,TUSDT
2022-08-24 14:00:00,0.03460000,0.03480000,0.03450000,0.03470000,568598.40000000,TUSDT
2022-08-24 15:00:00,0.03470000,0.03520000,0.03470000,0.03510000,455589.90000000,TUSDT
2022-08-24 16:00:00,0.03510000,0.03530000,0.03480000,0.03490000,739791.40000000,TUSDT
2022-08-24 17:00:00,0.03490000,0.03500000,0.03490000,0.03490000,71550.00000000,TUSDT
2022-08-24 18:00:00,0.03490000,0.03500000,0.03490000,0.03490000,22523.40000000,TUSDT
2022-08-24 19:00:00,0.03490000,0.03500000,0.03490000,0.03490000,172702.60000000,TUSDT
2022-08-24 20:00:00,0.03490000,0.03510000,0.03490000,0.03500000,57050.50000000,TUSDT
2022-08-24 21:00:00,0.03500000,0.03500000,0.03490000,0.03490000,251941.60000000,TUSDT
2022-08-24 22:00:00,0.03490000,0.03510000,0.03470000,0.03470000,408621.90000000,TUSDT
2022-08-24 23:00:00,0.03470000,0.03490000,0.03460000,0.03460000,36770.00000000,TUSDT
2022-08-25 00:00:00,0.03460000,0.03490000,0.03460000,0.03480000,38420.10000000,TUSDT
2022-08-25 01:00:00,0.03480000,0.03510000,0.03480000,0.03500000,36009.20000000,TUSDT
2022-08-25 02:00:00,0.03510000,0.03520000,0.03480000,0.03520000,524771.60000000,TUSDT
2022-08-25 03:00:00,0.03510000,0.03520000,0.03490000,0.03510000,396090.00000000,TUSDT
2022-08-25 04:00:00,0.03490000,0.03510000,0.03490000,0.03510000,130456.70000000,TUSDT
2022-08-25 05:00:00,0.03510000,0.03510000,0.03500000,0.03500000,57318.50000000,TUSDT
2022-08-25 06:00:00,0.03500000,0.03540000,0.03500000,0.03530000,139017.80000000,TUSDT
2022-08-25 07:00:00,0.03540000,0.03550000,0.03530000,0.03540000,96624.10000000,TUSDT
2022-08-25 08:00:00,0.03540000,0.03570000,0.03530000,0.03550000,537720.30000000,TUSDT
2022-08-25 09:00:00,0.03570000,0.03660000,0.03550000,0.03580000,3672583.70000000,TUSDT
2022-08-25 10:00:00,0.03590000,0.03620000,0.03570000,0.03580000,908911.00000000,TUSDT
2022-08-25 11:00:00,0.03580000,0.03600000,0.03580000,0.03580000,140138.10000000,TUSDT
2022-08-25 12:00:00,0.03580000,0.03610000,0.03560000,0.03560000,377691.30000000,TUSDT
2022-08-25 13:00:00,0.03560000,0.03570000,0.03550000,0.03550000,244836.10000000,TUSDT
2022-08-25 14:00:00,0.03550000,0.03580000,0.03550000,0.03550000,410977.50000000,TUSDT
2022-08-25 15:00:00,0.03540000,0.03550000,0.03500000,0.03540000,439658.70000000,TUSDT
2022-08-25 16:00:00,0.03540000,0.03540000,0.03510000,0.03520000,215031.80000000,TUSDT
2022-08-25 17:00:00,0.03530000,0.03540000,0.03530000,0.03530000,42308.40000000,TUSDT
2022-08-25 18:00:00,0.03530000,0.03540000,0.03520000,0.03530000,44679.80000000,TUSDT
2022-08-25 19:00:00,0.03530000,0.03550000,0.03530000,0.03540000,131865.30000000,TUSDT
2022-08-25 20:00:00,0.03540000,0.03560000,0.03530000,0.03550000,218710.50000000,TUSDT
2022-08-25 21:00:00,0.03550000,0.03570000,0.03530000,0.03540000,563950.50000000,TUSDT
2022-08-25 22:00:00,0.03540000,0.03560000,0.03540000,0.03550000,71587.20000000,TUSDT
2022-08-25 23:00:00,0.03550000,0.03570000,0.03540000,0.03550000,209449.70000000,TUSDT
2022-08-26 00:00:00,0.03550000,0.03550000,0.03530000,0.03540000,138620.00000000,TUSDT
2022-08-26 01:00:00,0.03540000,0.03580000,0.03530000,0.03560000,227361.30000000,TUSDT
2022-08-26 02:00:00,0.03560000,0.03560000,0.03550000,0.03550000,64910.00000000,TUSDT
2022-08-26 03:00:00,0.03550000,0.03570000,0.03550000,0.03550000,127995.20000000,TUSDT
2022-08-26 04:00:00,0.03550000,0.03570000,0.03540000,0.03550000,76449.60000000,TUSDT
2022-08-26 05:00:00,0.03550000,0.03560000,0.03470000,0.03470000,598448.30000000,TUSDT
2022-08-26 06:00:00,0.03470000,0.03500000,0.03470000,0.03490000,526279.30000000,TUSDT
2022-08-26 07:00:00,0.03480000,0.03490000,0.03460000,0.03460000,110664.70000000,TUSDT
2022-08-26 08:00:00,0.03470000,0.03510000,0.03470000,0.03500000,299963.70000000,TUSDT
2022-08-26 09:00:00,0.03490000,0.03520000,0.03490000,0.03510000,194748.40000000,TUSDT
2022-08-26 10:00:00,0.03500000,0.03500000,0.03470000,0.03470000,413929.30000000,TUSDT
2022-08-26 11:00:00,0.03470000,0.03480000,0.03400000,0.03410000,770233.40000000,TUSDT
2022-08-26 12:00:00,0.03410000,0.03500000,0.03410000,0.03490000,1028260.70000000,TUSDT
2022-08-26 13:00:00,0.03500000,0.03530000,0.03470000,0.03500000,418740.40000000,TUSDT
2022-08-26 14:00:00,0.03500000,0.03510000,0.03420000,0.03420000,1834667.40000000,TUSDT
2022-08-26 15:00:00,0.03420000,0.03420000,0.03320000,0.03340000,1398660.20000000,TUSDT
2022-08-26 16:00:00,0.03340000,0.03370000,0.03310000,0.03330000,772543.30000000,TUSDT
2022-08-26 17:00:00,0.03330000,0.03350000,0.03320000,0.03320000,358834.10000000,TUSDT
2022-08-26 18:00:00,0.03320000,0.03320000,0.03280000,0.03290000,1699790.40000000,TUSDT
2022-08-26 19:00:00,0.03290000,0.03310000,0.03280000,0.03300000,475705.10000000,TUSDT
2022-08-26 20:00:00,0.03300000,0.03310000,0.03210000,0.03220000,3995483.30000000,TUSDT
2022-08-26 21:00:00,0.03220000,0.03250000,0.03210000,0.03240000,543998.00000000,TUSDT
2022-08-26 22:00:00,0.03250000,0.03270000,0.03230000,0.03240000,1139015.00000000,TUSDT
2022-08-26 23:00:00,0.03240000,0.03250000,0.03170000,0.03210000,2561395.20000000,TUSDT
2022-08-27 00:00:00,0.03200000,0.03230000,0.03190000,0.03200000,323644.20000000,TUSDT
2022-08-27 01:00:00,0.03200000,0.03220000,0.03180000,0.03190000,614788.20000000,TUSDT
2022-08-27 02:00:00,0.03190000,0.03210000,0.03190000,0.03190000,824323.30000000,TUSDT
2022-08-27 03:00:00,0.03190000,0.03230000,0.03180000,0.03200000,1060680.90000000,TUSDT
2022-08-27 04:00:00,0.03200000,0.03230000,0.03190000,0.03210000,480150.40000000,TUSDT
2022-08-27 05:00:00,0.03220000,0.03220000,0.03160000,0.03180000,491447.70000000,TUSDT
2022-08-27 06:00:00,0.03180000,0.03200000,0.03170000,0.03200000,284648.40000000,TUSDT
2022-08-27 07:00:00,0.03210000,0.03210000,0.03190000,0.03200000,129712.50000000,TUSDT
2022-08-27 08:00:00,0.03210000,0.03210000,0.03200000,0.03200000,119224.60000000,TUSDT
2022-08-27 09:00:00,0.03200000,0.03220000,0.03190000,0.03200000,342887.70000000,TUSDT
2022-08-27 10:00:00,0.03200000,0.03220000,0.03200000,0.03200000,244234.90000000,TUSDT
2022-08-27 11:00:00,0.03200000,0.03210000,0.03200000,0.03200000,43592.60000000,TUSDT
2022-08-27 12:00:00,0.03200000,0.03220000,0.03200000,0.03220000,112836.90000000,TUSDT
2022-08-27 13:00:00,0.03210000,0.03220000,0.03190000,0.03220000,421607.40000000,TUSDT
2022-08-27 14:00:00,0.03210000,0.03210000,0.03180000,0.03190000,119856.00000000,TUSDT
2022-08-27 15:00:00,0.03190000,0.03190000,0.03150000,0.03170000,424779.70000000,TUSDT
2022-08-27 16:00:00,0.03170000,0.03180000,0.03150000,0.03170000,153665.20000000,TUSDT
2022-08-27 17:00:00,0.03170000,0.03210000,0.03170000,0.03200000,777907.80000000,TUSDT
2022-08-27 18:00:00,0.03200000,0.03200000,0.03180000,0.03180000,695974.50000000,TUSDT
2022-08-27 19:00:00,0.03180000,0.03180000,0.03170000,0.03180000,212621.70000000,TUSDT
2022-08-27 20:00:00,0.03170000,0.03180000,0.03170000,0.03170000,71880.60000000,TUSDT
2022-08-27 21:00:00,0.03170000,0.03180000,0.03160000,0.03160000,29584.20000000,TUSDT
2022-08-27 22:00:00,0.03160000,0.03200000,0.03160000,0.03190000,522315.50000000,TUSDT
2022-08-27 23:00:00,0.03190000,0.03230000,0.03190000,0.03220000,218645.90000000,TUSDT
2022-08-28 00:00:00,0.03220000,0.03220000,0.03190000,0.03190000,400538.40000000,TUSDT
2022-08-28 01:00:00,0.03190000,0.03220000,0.03190000,0.03210000,77784.00000000,TUSDT
2022-08-28 02:00:00,0.03210000,0.03230000,0.03210000,0.03220000,86522.50000000,TUSDT
2022-08-28 03:00:00,0.03210000,0.03210000,0.03200000,0.03200000,27722.20000000,TUSDT
2022-08-28 04:00:00,0.03200000,0.03200000,0.03180000,0.03200000,81676.00000000,TUSDT
2022-08-28 05:00:00,0.03200000,0.03210000,0.03190000,0.03190000,44746.20000000,TUSDT
2022-08-28 06:00:00,0.03190000,0.03220000,0.03190000,0.03210000,46090.40000000,TUSDT
2022-08-28 07:00:00,0.03210000,0.03220000,0.03210000,0.03220000,29108.70000000,TUSDT
2022-08-28 08:00:00,0.03220000,0.03240000,0.03200000,0.03220000,961095.30000000,TUSDT
2022-08-28 09:00:00,0.03220000,0.03240000,0.03220000,0.03220000,782028.80000000,TUSDT
2022-08-28 10:00:00,0.03220000,0.03280000,0.03200000,0.03280000,759250.40000000,TUSDT
2022-08-28 11:00:00,0.03280000,0.03290000,0.03250000,0.03260000,683922.40000000,TUSDT
2022-08-28 12:00:00,0.03260000,0.03370000,0.03230000,0.03240000,3248865.40000000,TUSDT
2022-08-28 13:00:00,0.03240000,0.03250000,0.03210000,0.03220000,369274.60000000,TUSDT
2022-08-28 14:00:00,0.03220000,0.03230000,0.03200000,0.03220000,430365.80000000,TUSDT
2022-08-28 15:00:00,0.03220000,0.03250000,0.03220000,0.03240000,294511.10000000,TUSDT
2022-08-28 16:00:00,0.03240000,0.03270000,0.03230000,0.03230000,400543.20000000,TUSDT
2022-08-28 17:00:00,0.03230000,0.03250000,0.03220000,0.03240000,79826.40000000,TUSDT
2022-08-28 18:00:00,0.03240000,0.03240000,0.03230000,0.03240000,34628.30000000,TUSDT
2022-08-28 19:00:00,0.03240000,0.03250000,0.03240000,0.03240000,17050.20000000,TUSDT
2022-08-28 20:00:00,0.03240000,0.03250000,0.03230000,0.03240000,56151.00000000,TUSDT
2022-08-28 21:00:00,0.03240000,0.03250000,0.03220000,0.03220000,140659.90000000,TUSDT
2022-08-28 22:00:00,0.03240000,0.03240000,0.03210000,0.03210000,204817.30000000,TUSDT
2022-08-28 23:00:00,0.03210000,0.03210000,0.03130000,0.03130000,1187127.80000000,TUSDT
2022-08-29 00:00:00,0.03140000,0.03160000,0.03120000,0.03120000,730673.30000000,TUSDT
2022-08-29 01:00:00,0.03120000,0.03150000,0.03120000,0.03120000,295101.30000000,TUSDT
2022-08-29 02:00:00,0.03120000,0.03170000,0.03120000,0.03150000,287849.50000000,TUSDT
2022-08-29 03:00:00,0.03150000,0.03180000,0.03150000,0.03170000,98086.80000000,TUSDT
2022-08-29 04:00:00,0.03180000,0.03190000,0.03180000,0.03190000,81439.70000000,TUSDT
2022-08-29 05:00:00,0.03190000,0.03200000,0.03160000,0.03160000,124263.50000000,TUSDT
2022-08-29 06:00:00,0.03160000,0.03190000,0.03160000,0.03180000,517132.40000000,TUSDT
2022-08-29 07:00:00,0.03190000,0.03200000,0.03160000,0.03180000,449962.80000000,TUSDT
2022-08-29 08:00:00,0.03170000,0.03180000,0.03160000,0.03160000,189337.70000000,TUSDT
2022-08-29 09:00:00,0.03160000,0.03180000,0.03160000,0.03170000,222283.40000000,TUSDT
2022-08-29 10:00:00,0.03170000,0.03250000,0.03170000,0.03200000,699069.80000000,TUSDT
2022-08-29 11:00:00,0.03190000,0.03190000,0.03170000,0.03170000,191157.40000000,TUSDT
2022-08-29 12:00:00,0.03170000,0.03260000,0.03170000,0.03210000,3581068.80000000,TUSDT
2022-08-29 13:00:00,0.03210000,0.03270000,0.03210000,0.03240000,1068478.50000000,TUSDT
2022-08-29 14:00:00,0.03240000,0.03290000,0.03240000,0.03250000,499666.50000000,TUSDT
2022-08-29 15:00:00,0.03250000,0.03270000,0.03240000,0.03250000,617586.90000000,TUSDT
2022-08-29 16:00:00,0.03250000,0.03280000,0.03240000,0.03260000,238081.90000000,TUSDT
2022-08-29 17:00:00,0.03260000,0.03280000,0.03250000,0.03260000,198971.30000000,TUSDT
2022-08-29 18:00:00,0.03260000,0.03260000,0.03240000,0.03240000,478992.00000000,TUSDT
2022-08-29 19:00:00,0.03240000,0.03250000,0.03240000,0.03240000,26356.00000000,TUSDT
2022-08-29 20:00:00,0.03240000,0.03270000,0.03240000,0.03250000,164725.80000000,TUSDT
2022-08-29 21:00:00,0.03250000,0.03270000,0.03240000,0.03240000,217965.10000000,TUSDT
2022-08-29 22:00:00,0.03250000,0.03270000,0.03250000,0.03250000,111737.90000000,TUSDT
2022-08-29 23:00:00,0.03250000,0.03280000,0.03240000,0.03270000,453397.00000000,TUSDT
2022-08-30 00:00:00,0.03270000,0.03320000,0.03250000,0.03260000,998139.70000000,TUSDT
2022-08-30 01:00:00,0.03260000,0.03280000,0.03230000,0.03240000,331445.10000000,TUSDT
2022-08-30 02:00:00,0.03240000,0.03250000,0.03230000,0.03240000,115835.80000000,TUSDT
2022-08-30 03:00:00,0.03240000,0.03270000,0.03240000,0.03260000,156995.40000000,TUSDT
2022-08-30 04:00:00,0.03260000,0.03300000,0.03260000,0.03290000,495180.00000000,TUSDT
2022-08-30 05:00:00,0.03290000,0.03320000,0.03270000,0.03320000,1356387.60000000,TUSDT
2022-08-30 06:00:00,0.03320000,0.03330000,0.03300000,0.03310000,303007.50000000,TUSDT
2022-08-30 07:00:00,0.03310000,0.03370000,0.03310000,0.03350000,756689.20000000,TUSDT
2022-08-30 08:00:00,0.03340000,0.03390000,0.03330000,0.03360000,922153.70000000,TUSDT
2022-08-30 09:00:00,0.03350000,0.03370000,0.03340000,0.03360000,674420.20000000,TUSDT
2022-08-30 10:00:00,0.03350000,0.03400000,0.03340000,0.03350000,2965970.50000000,TUSDT
2022-08-30 11:00:00,0.03350000,0.03360000,0.03340000,0.03350000,150784.40000000,TUSDT
2022-08-30 12:00:00,0.03350000,0.03370000,0.03320000,0.03330000,752147.20000000,TUSDT
2022-08-30 13:00:00,0.03330000,0.03360000,0.03310000,0.03310000,1193416.40000000,TUSDT
2022-08-30 14:00:00,0.03320000,0.03330000,0.03190000,0.03210000,3851138.00000000,TUSDT
2022-08-30 15:00:00,0.03220000,0.03250000,0.03210000,0.03240000,1504436.30000000,TUSDT
2022-08-30 16:00:00,0.03230000,0.03260000,0.03190000,0.03190000,1791183.80000000,TUSDT
2022-08-30 17:00:00,0.03190000,0.03210000,0.03170000,0.03190000,639431.10000000,TUSDT
2022-08-30 18:00:00,0.03200000,0.03220000,0.03200000,0.03210000,155549.70000000,TUSDT
2022-08-30 19:00:00,0.03200000,0.03290000,0.03200000,0.03260000,1397121.00000000,TUSDT
2022-08-30 20:00:00,0.03260000,0.03280000,0.03250000,0.03260000,497116.10000000,TUSDT
2022-08-30 21:00:00,0.03260000,0.03280000,0.03250000,0.03280000,205378.80000000,TUSDT
2022-08-30 22:00:00,0.03270000,0.03300000,0.03230000,0.03280000,687638.60000000,TUSDT
2022-08-30 23:00:00,0.03290000,0.03290000,0.03250000,0.03270000,217309.60000000,TUSDT
2022-08-31 00:00:00,0.03260000,0.03320000,0.03260000,0.03280000,713649.80000000,TUSDT
2022-08-31 01:00:00,0.03280000,0.03330000,0.03280000,0.03320000,69160.60000000,TUSDT
2022-08-31 02:00:00,0.03320000,0.03340000,0.03320000,0.03330000,566708.40000000,TUSDT
2022-08-31 03:00:00,0.03330000,0.03360000,0.03320000,0.03350000,107224.80000000,TUSDT
2022-08-31 04:00:00,0.03350000,0.03370000,0.03330000,0.03360000,327222.00000000,TUSDT
2022-08-31 05:00:00,0.03360000,0.03360000,0.03340000,0.03340000,1225089.30000000,TUSDT
2022-08-31 06:00:00,0.03350000,0.03360000,0.03320000,0.03330000,488859.50000000,TUSDT
2022-08-31 07:00:00,0.03330000,0.03340000,0.03320000,0.03330000,220576.90000000,TUSDT
2022-08-31 08:00:00,0.03330000,0.03330000,0.03290000,0.03300000,539825.30000000,TUSDT
2022-08-31 09:00:00,0.03300000,0.03320000,0.03280000,0.03310000,469250.90000000,TUSDT
2022-08-31 10:00:00,0.03310000,0.03340000,0.03310000,0.03330000,157820.90000000,TUSDT
2022-08-31 11:00:00,0.03330000,0.03340000,0.03320000,0.03330000,141359.40000000,TUSDT
2022-08-31 12:00:00,0.03330000,0.03340000,0.03310000,0.03330000,230184.90000000,TUSDT
2022-08-31 13:00:00,0.03340000,0.03340000,0.03320000,0.03330000,237851.60000000,TUSDT
2022-08-31 14:00:00,0.03330000,0.03330000,0.03290000,0.03300000,1342939.40000000,TUSDT
2022-08-31 15:00:00,0.03300000,0.03300000,0.03250000,0.03270000,644077.70000000,TUSDT
2022-08-31 16:00:00,0.03270000,0.03290000,0.03270000,0.03270000,628950.60000000,TUSDT
2022-08-31 17:00:00,0.03270000,0.03280000,0.03250000,0.03250000,446024.10000000,TUSDT
2022-08-31 18:00:00,0.03260000,0.03290000,0.03250000,0.03270000,1042194.90000000,TUSDT
2022-08-31 19:00:00,0.03270000,0.03320000,0.03260000,0.03300000,949444.80000000,TUSDT
2022-08-31 20:00:00,0.03300000,0.03300000,0.03280000,0.03290000,660871.00000000,TUSDT
2022-08-31 21:00:00,0.03290000,0.03310000,0.03290000,0.03290000,161334.00000000,TUSDT
2022-08-31 22:00:00,0.03290000,0.03310000,0.03290000,0.03290000,192141.60000000,TUSDT
2022-08-31 23:00:00,0.03290000,0.03300000,0.03260000,0.03280000,205552.10000000,TUSDT
2022-09-01 00:00:00,0.03280000,0.03300000,0.03240000,0.03250000,248227.70000000,TUSDT
2022-09-01 01:00:00,0.03260000,0.03270000,0.03240000,0.03260000,133812.40000000,TUSDT
2022-09-01 02:00:00,0.03260000,0.03280000,0.03240000,0.03240000,111212.60000000,TUSDT
2022-09-01 03:00:00,0.03240000,0.03260000,0.03220000,0.03230000,159857.20000000,TUSDT
2022-09-01 04:00:00,0.03230000,0.03240000,0.03220000,0.03230000,140357.10000000,TUSDT
2022-09-01 05:00:00,0.03230000,0.03260000,0.03230000,0.03240000,136147.80000000,TUSDT
2022-09-01 06:00:00,0.03240000,0.03250000,0.03210000,0.03210000,270114.30000000,TUSDT
2022-09-01 07:00:00,0.03210000,0.03210000,0.03180000,0.03190000,750950.80000000,TUSDT
2022-09-01 08:00:00,0.03200000,0.03210000,0.03180000,0.03190000,292445.50000000,TUSDT
2022-09-01 09:00:00,0.03190000,0.03210000,0.03190000,0.03210000,295292.20000000,TUSDT
2022-09-01 10:00:00,0.03210000,0.03240000,0.03200000,0.03230000,430533.50000000,TUSDT
2022-09-01 11:00:00,0.03230000,0.03240000,0.03220000,0.03230000,107649.00000000,TUSDT
2022-09-01 12:00:00,0.03230000,0.03240000,0.03220000,0.03230000,378920.40000000,TUSDT
2022-09-01 13:00:00,0.03230000,0.03230000,0.03220000,0.03220000,211701.90000000,TUSDT
2022-09-01 14:00:00,0.03230000,0.03230000,0.03170000,0.03180000,445327.40000000,TUSDT
2022-09-01 15:00:00,0.03180000,0.03210000,0.03160000,0.03180000,633423.40000000,TUSDT
2022-09-01 16:00:00,0.03180000,0.03200000,0.03180000,0.03190000,334258.20000000,TUSDT
2022-09-01 17:00:00,0.03190000,0.03230000,0.03190000,0.03210000,152791.40000000,TUSDT
2022-09-01 18:00:00,0.03210000,0.03220000,0.03200000,0.03220000,225780.10000000,TUSDT
2022-09-01 19:00:00,0.03220000,0.03230000,0.03210000,0.03230000,80522.90000000,TUSDT
2022-09-01 20:00:00,0.03220000,0.03250000,0.03220000,0.03240000,416583.20000000,TUSDT
2022-09-01 21:00:00,0.03240000,0.03260000,0.03240000,0.03250000,100518.10000000,TUSDT
2022-09-01 22:00:00,0.03260000,0.03290000,0.03250000,0.03260000,158854.60000000,TUSDT
2022-09-01 23:00:00,0.03260000,0.03270000,0.03250000,0.03260000,75468.80000000,TUSDT
2022-09-02 00:00:00,0.03260000,0.03260000,0.03250000,0.03250000,86583.60000000,TUSDT
2022-09-02 01:00:00,0.03250000,0.03270000,0.03240000,0.03260000,124959.30000000,TUSDT
2022-09-02 02:00:00,0.03260000,0.03270000,0.03230000,0.03230000,395239.90000000,TUSDT
2022-09-02 03:00:00,0.03240000,0.03280000,0.03240000,0.03270000,80893.50000000,TUSDT
2022-09-02 04:00:00,0.03270000,0.03290000,0.03270000,0.03270000,286878.90000000,TUSDT
2022-09-02 05:00:00,0.03270000,0.03270000,0.03250000,0.03260000,93119.30000000,TUSDT
2022-09-02 06:00:00,0.03260000,0.03260000,0.03250000,0.03250000,71976.00000000,TUSDT
2022-09-02 07:00:00,0.03250000,0.03270000,0.03250000,0.03260000,134731.70000000,TUSDT
2022-09-02 08:00:00,0.03260000,0.03280000,0.03250000,0.03250000,411781.60000000,TUSDT
2022-09-02 09:00:00,0.03250000,0.03280000,0.03250000,0.03270000,142667.90000000,TUSDT
2022-09-02 10:00:00,0.03270000,0.03280000,0.03250000,0.03260000,142138.30000000,TUSDT
2022-09-02 11:00:00,0.03260000,0.03270000,0.03250000,0.03250000,75940.00000000,TUSDT
2022-09-02 12:00:00,0.03250000,0.03300000,0.03250000,0.03270000,630391.10000000,TUSDT
2022-09-02 13:00:00,0.03270000,0.03300000,0.03270000,0.03270000,226387.10000000,TUSDT
2022-09-02 14:00:00,0.03280000,0.03340000,0.03280000,0.03330000,1151757.00000000,TUSDT
2022-09-02 15:00:00,0.03340000,0.03510000,0.03290000,0.03310000,9431201.00000000,TUSDT
2022-09-02 16:00:00,0.03310000,0.03320000,0.03270000,0.03270000,595706.60000000,TUSDT
2022-09-02 17:00:00,0.03270000,0.03270000,0.03230000,0.03230000,725853.60000000,TUSDT
2022-09-02 18:00:00,0.03230000,0.03250000,0.03220000,0.03230000,510152.80000000,TUSDT
2022-09-02 19:00:00,0.03230000,0.03240000,0.03190000,0.03200000,638811.20000000,TUSDT
2022-09-02 20:00:00,0.03210000,0.03230000,0.03190000,0.03230000,504370.70000000,TUSDT
2022-09-02 21:00:00,0.03220000,0.03240000,0.03210000,0.03220000,138035.80000000,TUSDT
2022-09-02 22:00:00,0.03220000,0.03240000,0.03220000,0.03230000,195867.80000000,TUSDT
2022-09-02 23:00:00,0.03230000,0.03240000,0.03210000,0.03230000,378813.00000000,TUSDT
2022-09-03 00:00:00,0.03230000,0.03250000,0.03220000,0.03240000,212076.10000000,TUSDT
2022-09-03 01:00:00,0.03250000,0.03250000,0.03230000,0.03240000,162099.80000000,TUSDT
2022-09-03 02:00:00,0.03240000,0.03250000,0.03230000,0.03230000,63028.80000000,TUSDT
2022-09-03 03:00:00,0.03230000,0.03240000,0.03210000,0.03220000,294085.00000000,TUSDT
2022-09-03 04:00:00,0.03220000,0.03250000,0.03220000,0.03240000,453024.50000000,TUSDT
2022-09-03 05:00:00,0.03240000,0.03260000,0.03230000,0.03240000,318031.10000000,TUSDT
2022-09-03 06:00:00,0.03250000,0.03250000,0.03230000,0.03250000,55958.50000000,TUSDT
2022-09-03 07:00:00,0.03240000,0.03240000,0.03200000,0.03200000,358204.60000000,TUSDT
2022-09-03 08:00:00,0.03210000,0.03220000,0.03200000,0.03210000,98067.30000000,TUSDT
2022-09-03 09:00:00,0.03210000,0.03220000,0.03210000,0.03210000,68119.90000000,TUSDT
2022-09-03 10:00:00,0.03210000,0.03220000,0.03210000,0.03210000,87502.30000000,TUSDT
2022-09-03 11:00:00,0.03210000,0.03220000,0.03210000,0.03210000,45906.10000000,TUSDT
2022-09-03 12:00:00,0.03210000,0.03220000,0.03210000,0.03220000,95228.70000000,TUSDT
2022-09-03 13:00:00,0.03220000,0.03240000,0.03210000,0.03230000,135984.00000000,TUSDT
2022-09-03 14:00:00,0.03230000,0.03240000,0.03210000,0.03210000,183807.30000000,TUSDT
2022-09-03 15:00:00,0.03210000,0.03230000,0.03210000,0.03220000,77313.70000000,TUSDT
2022-09-03 16:00:00,0.03220000,0.03230000,0.03220000,0.03220000,85399.80000000,TUSDT
2022-09-03 17:00:00,0.03220000,0.03250000,0.03220000,0.03220000,445747.60000000,TUSDT
2022-09-03 18:00:00,0.03220000,0.03240000,0.03220000,0.03220000,34999.00000000,TUSDT
2022-09-03 19:00:00,0.03220000,0.03230000,0.03200000,0.03220000,83107.70000000,TUSDT
2022-09-03 20:00:00,0.03220000,0.03230000,0.03210000,0.03230000,184502.40000000,TUSDT
2022-09-03 21:00:00,0.03220000,0.03240000,0.03210000,0.03210000,62485.70000000,TUSDT
2022-09-03 22:00:00,0.03210000,0.03240000,0.03210000,0.03230000,46035.50000000,TUSDT
2022-09-03 23:00:00,0.03230000,0.03240000,0.03220000,0.03230000,55750.40000000,TUSDT
2022-09-04 00:00:00,0.03230000,0.03240000,0.03210000,0.03220000,173309.10000000,TUSDT
2022-09-04 01:00:00,0.03210000,0.03230000,0.03210000,0.03220000,146724.90000000,TUSDT
2022-09-04 02:00:00,0.03230000,0.03240000,0.03220000,0.03230000,74093.00000000,TUSDT
2022-09-04 03:00:00,0.03230000,0.03240000,0.03230000,0.03230000,230112.40000000,TUSDT
2022-09-04 04:00:00,0.03240000,0.03240000,0.03220000,0.03230000,80502.50000000,TUSDT
2022-09-04 05:00:00,0.03230000,0.03240000,0.03230000,0.03230000,48005.40000000,TUSDT
2022-09-04 06:00:00,0.03230000,0.03240000,0.03220000,0.03220000,173026.30000000,TUSDT
2022-09-04 07:00:00,0.03220000,0.03230000,0.03200000,0.03200000,240905.90000000,TUSDT
2022-09-04 08:00:00,0.03200000,0.03220000,0.03200000,0.03200000,433365.20000000,TUSDT
2022-09-04 09:00:00,0.03210000,0.03230000,0.03200000,0.03220000,282221.40000000,TUSDT
2022-09-04 10:00:00,0.03220000,0.03230000,0.03210000,0.03220000,358130.80000000,TUSDT
2022-09-04 11:00:00,0.03220000,0.03230000,0.03210000,0.03220000,102244.10000000,TUSDT
2022-09-04 12:00:00,0.03230000,0.03250000,0.03220000,0.03230000,445000.50000000,TUSDT
2022-09-04 13:00:00,0.03230000,0.03240000,0.03210000,0.03210000,121719.70000000,TUSDT
2022-09-04 14:00:00,0.03210000,0.03230000,0.03210000,0.03220000,70598.00000000,TUSDT
2022-09-04 15:00:00,0.03220000,0.03230000,0.03210000,0.03220000,114760.20000000,TUSDT
2022-09-04 16:00:00,0.03230000,0.03260000,0.03210000,0.03240000,746387.00000000,TUSDT
2022-09-04 17:00:00,0.03240000,0.03250000,0.03230000,0.03230000,171636.90000000,TUSDT
2022-09-04 18:00:00,0.03230000,0.03240000,0.03230000,0.03230000,205460.60000000,TUSDT
2022-09-04 19:00:00,0.03230000,0.03250000,0.03230000,0.03240000,37767.70000000,TUSDT
2022-09-04 20:00:00,0.03250000,0.03250000,0.03230000,0.03240000,119453.80000000,TUSDT
2022-09-04 21:00:00,0.03250000,0.03250000,0.03240000,0.03240000,71025.20000000,TUSDT
2022-09-04 22:00:00,0.03240000,0.03250000,0.03230000,0.03230000,43143.50000000,TUSDT
2022-09-04 23:00:00,0.03230000,0.03260000,0.03230000,0.03250000,71019.80000000,TUSDT
2022-09-05 00:00:00,0.03250000,0.03260000,0.03230000,0.03230000,425988.60000000,TUSDT
2022-09-05 01:00:00,0.03240000,0.03250000,0.03220000,0.03220000,136552.20000000,TUSDT
2022-09-05 02:00:00,0.03220000,0.03230000,0.03220000,0.03220000,73755.70000000,TUSDT
2022-09-05 03:00:00,0.03220000,0.03230000,0.03220000,0.03230000,56394.30000000,TUSDT
2022-09-05 04:00:00,0.03240000,0.03240000,0.03230000,0.03230000,97713.70000000,TUSDT
2022-09-05 05:00:00,0.03230000,0.03230000,0.03200000,0.03200000,110406.10000000,TUSDT
2022-09-05 06:00:00,0.03200000,0.03210000,0.03200000,0.03200000,249785.40000000,TUSDT
2022-09-05 07:00:00,0.03200000,0.03220000,0.03200000,0.03200000,299259.40000000,TUSDT
2022-09-05 08:00:00,0.03200000,0.03200000,0.03200000,0.03200000,59446.00000000,TUSDT
2022-09-05 09:00:00,0.03200000,0.03210000,0.03200000,0.03210000,180670.10000000,TUSDT
2022-09-05 10:00:00,0.03210000,0.03220000,0.03200000,0.03200000,250847.50000000,TUSDT
2022-09-05 11:00:00,0.03200000,0.03210000,0.03180000,0.03190000,319644.60000000,TUSDT
2022-09-05 12:00:00,0.03190000,0.03200000,0.03180000,0.03200000,249209.90000000,TUSDT
2022-09-05 13:00:00,0.03210000,0.03210000,0.03170000,0.03200000,899614.70000000,TUSDT
2022-09-05 14:00:00,0.03200000,0.03220000,0.03200000,0.03210000,404853.20000000,TUSDT
2022-09-05 15:00:00,0.03210000,0.03230000,0.03210000,0.03220000,65699.00000000,TUSDT
2022-09-05 16:00:00,0.03220000,0.03240000,0.03220000,0.03220000,147688.90000000,TUSDT
2022-09-05 17:00:00,0.03220000,0.03230000,0.03210000,0.03220000,263806.60000000,TUSDT
2022-09-05 18:00:00,0.03220000,0.03230000,0.03210000,0.03220000,90922.20000000,TUSDT
2022-09-05 19:00:00,0.03220000,0.03220000,0.03210000,0.03210000,27228.50000000,TUSDT
2022-09-05 20:00:00,0.03220000,0.03220000,0.03210000,0.03210000,61746.50000000,TUSDT
2022-09-05 21:00:00,0.03210000,0.03240000,0.03210000,0.03210000,64852.90000000,TUSDT
2022-09-05 22:00:00,0.03210000,0.03230000,0.03210000,0.03230000,57695.00000000,TUSDT
2022-09-05 23:00:00,0.03230000,0.03260000,0.03220000,0.03230000,120836.30000000,TUSDT
2022-09-06 00:00:00,0.03240000,0.03300000,0.03240000,0.03280000,866427.30000000,TUSDT
2022-09-06 01:00:00,0.03280000,0.03290000,0.03250000,0.03250000,490123.20000000,TUSDT
2022-09-06 02:00:00,0.03240000,0.03240000,0.03200000,0.03240000,493543.80000000,TUSDT
2022-09-06 03:00:00,0.03240000,0.03240000,0.03220000,0.03220000,182232.40000000,TUSDT
2022-09-06 04:00:00,0.03230000,0.03250000,0.03230000,0.03230000,80412.20000000,TUSDT
2022-09-06 05:00:00,0.03230000,0.03250000,0.03230000,0.03240000,39612.80000000,TUSDT
2022-09-06 06:00:00,0.03240000,0.03260000,0.03240000,0.03250000,177023.10000000,TUSDT
2022-09-06 07:00:00,0.03250000,0.03260000,0.03250000,0.03250000,93046.30000000,TUSDT
2022-09-06 08:00:00,0.03260000,0.03260000,0.03250000,0.03250000,58033.00000000,TUSDT
2022-09-06 09:00:00,0.03260000,0.03270000,0.03250000,0.03250000,195194.30000000,TUSDT
2022-09-06 10:00:00,0.03250000,0.03270000,0.03250000,0.03260000,92292.60000000,TUSDT
2022-09-06 11:00:00,0.03270000,0.03270000,0.03250000,0.03260000,142931.70000000,TUSDT
2022-09-06 12:00:00,0.03270000,0.03280000,0.03250000,0.03250000,433587.00000000,TUSDT
2022-09-06 13:00:00,0.03250000,0.03260000,0.03220000,0.03220000,588647.10000000,TUSDT
2022-09-06 14:00:00,0.03240000,0.03240000,0.03200000,0.03230000,397198.90000000,TUSDT
2022-09-06 15:00:00,0.03230000,0.03240000,0.03220000,0.03230000,216574.60000000,TUSDT
2022-09-06 16:00:00,0.03230000,0.03240000,0.03220000,0.03230000,325166.30000000,TUSDT
2022-09-06 17:00:00,0.03230000,0.03230000,0.03090000,0.03130000,2866314.30000000,TUSDT
2022-09-06 18:00:00,0.03130000,0.03130000,0.03060000,0.03080000,1159377.20000000,TUSDT
2022-09-06 19:00:00,0.03090000,0.03100000,0.03060000,0.03060000,610265.30000000,TUSDT
2022-09-06 20:00:00,0.03050000,0.03090000,0.03050000,0.03080000,608701.00000000,TUSDT
2022-09-06 21:00:00,0.03090000,0.03090000,0.03070000,0.03090000,130869.80000000,TUSDT
2022-09-06 22:00:00,0.03080000,0.03100000,0.03070000,0.03080000,393119.40000000,TUSDT
2022-09-06 23:00:00,0.03080000,0.03080000,0.03050000,0.03050000,424390.60000000,TUSDT
2022-09-07 00:00:00,0.03050000,0.03090000,0.03000000,0.03040000,907564.20000000,TUSDT
2022-09-07 01:00:00,0.03040000,0.03060000,0.03030000,0.03030000,550392.00000000,TUSDT
2022-09-07 02:00:00,0.03040000,0.03040000,0.03010000,0.03010000,650271.70000000,TUSDT
2022-09-07 03:00:00,0.03010000,0.03030000,0.03010000,0.03020000,72068.40000000,TUSDT
2022-09-07 04:00:00,0.03020000,0.03030000,0.03010000,0.03020000,67227.50000000,TUSDT
2022-09-07 05:00:00,0.03030000,0.03040000,0.03020000,0.03030000,57717.70000000,TUSDT
2022-09-07 06:00:00,0.03030000,0.03050000,0.03030000,0.03050000,103212.90000000,TUSDT
2022-09-07 07:00:00,0.03040000,0.03060000,0.03030000,0.03050000,117489.90000000,TUSDT
2022-09-07 08:00:00,0.03050000,0.03060000,0.03040000,0.03050000,613925.50000000,TUSDT
2022-09-07 09:00:00,0.03050000,0.03050000,0.03030000,0.03030000,712011.40000000,TUSDT
2022-09-07 10:00:00,0.03030000,0.03040000,0.03010000,0.03030000,771030.20000000,TUSDT
2022-09-07 11:00:00,0.03030000,0.03040000,0.03030000,0.03030000,248780.00000000,TUSDT
2022-09-07 12:00:00,0.03030000,0.03070000,0.03030000,0.03050000,1956689.80000000,TUSDT
2022-09-07 13:00:00,0.03050000,0.03070000,0.03040000,0.03050000,1245504.30000000,TUSDT
2022-09-07 14:00:00,0.03050000,0.03090000,0.03050000,0.03070000,533103.90000000,TUSDT
2022-09-07 15:00:00,0.03070000,0.03090000,0.03070000,0.03080000,134176.20000000,TUSDT
2022-09-07 16:00:00,0.03080000,0.03090000,0.03070000,0.03080000,302664.60000000,TUSDT
2022-09-07 17:00:00,0.03090000,0.03100000,0.03080000,0.03100000,72628.80000000,TUSDT
2022-09-07 18:00:00,0.03100000,0.03110000,0.03090000,0.03100000,136314.90000000,TUSDT
2022-09-07 19:00:00,0.03110000,0.03110000,0.03100000,0.03110000,13077.20000000,TUSDT
2022-09-07 20:00:00,0.03100000,0.03190000,0.03100000,0.03170000,2341095.90000000,TUSDT
2022-09-07 21:00:00,0.03180000,0.03190000,0.03140000,0.03160000,698354.20000000,TUSDT
2022-09-07 22:00:00,0.03160000,0.03180000,0.03140000,0.03140000,673778.10000000,TUSDT
2022-09-07 23:00:00,0.03160000,0.03170000,0.03160000,0.03160000,135513.80000000,TUSDT
2022-09-08 00:00:00,0.03160000,0.03190000,0.03150000,0.03170000,1945069.20000000,TUSDT
2022-09-08 01:00:00,0.03170000,0.03260000,0.03170000,0.03170000,1218809.90000000,TUSDT
2022-09-08 02:00:00,0.03180000,0.03210000,0.03180000,0.03190000,130863.10000000,TUSDT
2022-09-08 03:00:00,0.03190000,0.03190000,0.03170000,0.03180000,176445.70000000,TUSDT
2022-09-08 04:00:00,0.03180000,0.03200000,0.03180000,0.03200000,323941.60000000,TUSDT
2022-09-08 05:00:00,0.03200000,0.03200000,0.03180000,0.03200000,103165.30000000,TUSDT
2022-09-08 06:00:00,0.03200000,0.03230000,0.03190000,0.03190000,356302.10000000,TUSDT
2022-09-08 07:00:00,0.03190000,0.03190000,0.03140000,0.03170000,1302232.90000000,TUSDT
2022-09-08 08:00:00,0.03170000,0.03210000,0.03170000,0.03190000,777728.70000000,TUSDT
2022-09-08 09:00:00,0.03190000,0.03200000,0.03160000,0.03160000,501162.20000000,TUSDT
2022-09-08 10:00:00,0.03170000,0.03200000,0.03170000,0.03190000,119764.30000000,TUSDT
2022-09-08 11:00:00,0.03200000,0.03200000,0.03180000,0.03190000,219114.60000000,TUSDT
2022-09-08 12:00:00,0.03200000,0.03200000,0.03150000,0.03150000,683702.60000000,TUSDT
2022-09-08 13:00:00,0.03150000,0.03180000,0.03130000,0.03180000,1137638.30000000,TUSDT
2022-09-08 14:00:00,0.03170000,0.03180000,0.03160000,0.03180000,824302.50000000,TUSDT
2022-09-08 15:00:00,0.03170000,0.03180000,0.03170000,0.03170000,336295.80000000,TUSDT
2022-09-08 16:00:00,0.03170000,0.03240000,0.03100000,0.03210000,7143931.00000000,TUSDT
2022-09-08 17:00:00,0.03220000,0.03250000,0.03160000,0.03230000,3346013.30000000,TUSDT
2022-09-08 18:00:00,0.03230000,0.04120000,0.03200000,0.03210000,76206912.40000000,TUSDT
2022-09-08 19:00:00,0.03210000,0.03220000,0.03180000,0.03190000,1677935.90000000,TUSDT
2022-09-08 20:00:00,0.03180000,0.03210000,0.03160000,0.03180000,1951105.60000000,TUSDT
2022-09-08 21:00:00,0.03180000,0.03210000,0.03170000,0.03210000,804314.00000000,TUSDT
2022-09-08 22:00:00,0.03200000,0.03210000,0.03180000,0.03200000,1530318.00000000,TUSDT
2022-09-08 23:00:00,0.03200000,0.03230000,0.03200000,0.03210000,684223.50000000,TUSDT
2022-09-09 00:00:00,0.03210000,0.03250000,0.03200000,0.03250000,1609003.00000000,TUSDT
2022-09-09 01:00:00,0.03250000,0.03250000,0.03220000,0.03230000,929118.40000000,TUSDT
2022-09-09 02:00:00,0.03230000,0.03230000,0.03220000,0.03230000,546489.20000000,TUSDT
2022-09-09 03:00:00,0.03230000,0.03260000,0.03220000,0.03250000,776195.90000000,TUSDT
2022-09-09 04:00:00,0.03260000,0.03320000,0.03260000,0.03290000,2407056.10000000,TUSDT
2022-09-09 05:00:00,0.03300000,0.03360000,0.03290000,0.03340000,2044666.50000000,TUSDT
2022-09-09 06:00:00,0.03340000,0.03340000,0.03300000,0.03320000,1036058.30000000,TUSDT
2022-09-09 07:00:00,0.03320000,0.03320000,0.03270000,0.03300000,919953.60000000,TUSDT
2022-09-09 08:00:00,0.03310000,0.03340000,0.03300000,0.03330000,1437965.20000000,TUSDT
2022-09-09 09:00:00,0.03320000,0.03320000,0.03290000,0.03310000,536499.50000000,TUSDT
2022-09-09 10:00:00,0.03320000,0.03340000,0.03300000,0.03330000,944847.00000000,TUSDT
2022-09-09 11:00:00,0.03330000,0.03350000,0.03320000,0.03330000,1269088.90000000,TUSDT
2022-09-09 12:00:00,0.03320000,0.03370000,0.03320000,0.03350000,1476214.40000000,TUSDT
2022-09-09 13:00:00,0.03350000,0.03360000,0.03320000,0.03340000,1923256.40000000,TUSDT
2022-09-09 14:00:00,0.03340000,0.03350000,0.03330000,0.03350000,829410.00000000,TUSDT
2022-09-09 15:00:00,0.03350000,0.03360000,0.03330000,0.03340000,1000942.80000000,TUSDT
2022-09-09 16:00:00,0.03340000,0.03350000,0.03320000,0.03350000,437266.70000000,TUSDT
2022-09-09 17:00:00,0.03340000,0.03350000,0.03320000,0.03350000,594479.20000000,TUSDT
2022-09-09 18:00:00,0.03340000,0.03350000,0.03330000,0.03340000,916636.80000000,TUSDT
2022-09-09 19:00:00,0.03330000,0.03340000,0.03320000,0.03330000,514126.90000000,TUSDT
2022-09-09 20:00:00,0.03340000,0.03350000,0.03330000,0.03340000,246548.60000000,TUSDT
2022-09-09 21:00:00,0.03340000,0.03350000,0.03330000,0.03340000,806247.60000000,TUSDT
2022-09-09 22:00:00,0.03350000,0.03360000,0.03330000,0.03340000,212360.90000000,TUSDT
2022-09-09 23:00:00,0.03350000,0.03380000,0.03340000,0.03370000,794812.70000000,TUSDT
2022-09-10 00:00:00,0.03370000,0.03460000,0.03350000,0.03360000,2379452.50000000,TUSDT
2022-09-10 01:00:00,0.03370000,0.03380000,0.03350000,0.03350000,625160.90000000,TUSDT
2022-09-10 02:00:00,0.03350000,0.03360000,0.03350000,0.03350000,105674.80000000,TUSDT
2022-09-10 03:00:00,0.03350000,0.03360000,0.03340000,0.03350000,217387.30000000,TUSDT
2022-09-10 04:00:00,0.03350000,0.03360000,0.03340000,0.03340000,565852.50000000,TUSDT
2022-09-10 05:00:00,0.03340000,0.03360000,0.03320000,0.03360000,1235737.60000000,TUSDT
2022-09-10 06:00:00,0.03360000,0.03540000,0.03360000,0.03500000,5178270.90000000,TUSDT
2022-09-10 07:00:00,0.03510000,0.03510000,0.03360000,0.03360000,5160463.70000000,TUSDT
2022-09-10 08:00:00,0.03370000,0.03440000,0.03360000,0.03400000,1621795.70000000,TUSDT
2022-09-10 09:00:00,0.03400000,0.03420000,0.03390000,0.03390000,307560.90000000,TUSDT
2022-09-10 10:00:00,0.03390000,0.03410000,0.03370000,0.03400000,1196144.50000000,TUSDT
2022-09-10 11:00:00,0.03380000,0.03390000,0.03370000,0.03380000,673675.30000000,TUSDT
2022-09-10 12:00:00,0.03390000,0.03390000,0.03360000,0.03380000,867730.30000000,TUSDT
2022-09-10 13:00:00,0.03370000,0.03380000,0.03340000,0.03360000,908831.70000000,TUSDT
2022-09-10 14:00:00,0.03360000,0.03460000,0.03350000,0.03390000,4165557.40000000,TUSDT
2022-09-10 15:00:00,0.03410000,0.03780000,0.03410000,0.03540000,64337399.60000000,TUSDT
2022-09-10 16:00:00,0.03540000,0.03560000,0.03430000,0.03440000,10198255.40000000,TUSDT
2022-09-10 17:00:00,0.03450000,0.03450000,0.03400000,0.03430000,3310678.00000000,TUSDT
2022-09-10 18:00:00,0.03420000,0.03460000,0.03420000,0.03440000,1133564.40000000,TUSDT
2022-09-10 19:00:00,0.03440000,0.03450000,0.03430000,0.03440000,695888.80000000,TUSDT
2022-09-10 20:00:00,0.03430000,0.03460000,0.03430000,0.03450000,1075939.90000000,TUSDT
2022-09-10 21:00:00,0.03440000,0.03480000,0.03430000,0.03450000,1030004.30000000,TUSDT
2022-09-10 22:00:00,0.03460000,0.03490000,0.03430000,0.03480000,2317766.60000000,TUSDT
2022-09-10 23:00:00,0.03480000,0.03490000,0.03470000,0.03470000,871124.10000000,TUSDT
2022-09-11 00:00:00,0.03470000,0.03480000,0.03400000,0.03420000,2353045.50000000,TUSDT
2022-09-11 01:00:00,0.03420000,0.03760000,0.03420000,0.03570000,21902265.60000000,TUSDT
2022-09-11 02:00:00,0.03570000,0.03590000,0.03500000,0.03510000,7207217.90000000,TUSDT
2022-09-11 03:00:00,0.03510000,0.03590000,0.03480000,0.03580000,4651671.50000000,TUSDT
2022-09-11 04:00:00,0.03580000,0.03650000,0.03530000,0.03540000,7125246.00000000,TUSDT
2022-09-11 05:00:00,0.03530000,0.03600000,0.03530000,0.03560000,3702393.70000000,TUSDT
2022-09-11 06:00:00,0.03560000,0.03590000,0.03480000,0.03540000,9064087.40000000,TUSDT
2022-09-11 07:00:00,0.03530000,0.03560000,0.03510000,0.03540000,1937674.50000000,TUSDT
2022-09-11 08:00:00,0.03530000,0.03550000,0.03520000,0.03550000,906140.50000000,TUSDT
2022-09-11 09:00:00,0.03540000,0.03600000,0.03530000,0.03570000,3865000.20000000,TUSDT
2022-09-11 10:00:00,0.03560000,0.03990000,0.03560000,0.03730000,46516812.80000000,TUSDT
2022-09-11 11:00:00,0.03720000,0.03810000,0.03670000,0.03690000,4703673.40000000,TUSDT
2022-09-11 12:00:00,0.03700000,0.03700000,0.03630000,0.03660000,4991146.70000000,TUSDT
2022-09-11 13:00:00,0.03660000,0.03690000,0.03630000,0.03650000,2398217.60000000,TUSDT
2022-09-11 14:00:00,0.03650000,0.03650000,0.03600000,0.03600000,1936600.30000000,TUSDT
2022-09-11 15:00:00,0.03610000,0.03740000,0.03610000,0.03690000,3628500.70000000,TUSDT
2022-09-11 16:00:00,0.03700000,0.03700000,0.03650000,0.03670000,1271188.50000000,TUSDT
2022-09-11 17:00:00,0.03670000,0.03670000,0.03590000,0.03620000,3343479.40000000,TUSDT
2022-09-11 18:00:00,0.03610000,0.03710000,0.03610000,0.03610000,1315895.80000000,TUSDT
2022-09-11 19:00:00,0.03610000,0.03680000,0.03610000,0.03650000,1760258.50000000,TUSDT
2022-09-11 20:00:00,0.03650000,0.03660000,0.03610000,0.03630000,774770.70000000,TUSDT
2022-09-11 21:00:00,0.03630000,0.03640000,0.03560000,0.03560000,837021.50000000,TUSDT
2022-09-11 22:00:00,0.03570000,0.03640000,0.03560000,0.03620000,498511.90000000,TUSDT
2022-09-11 23:00:00,0.03630000,0.03650000,0.03570000,0.03650000,865861.90000000,TUSDT
2022-09-12 00:00:00,0.03640000,0.03670000,0.03550000,0.03560000,3644680.90000000,TUSDT
2022-09-12 01:00:00,0.03560000,0.03660000,0.03490000,0.03640000,10110448.70000000,TUSDT
2022-09-12 02:00:00,0.03640000,0.03650000,0.03570000,0.03580000,921347.30000000,TUSDT
2022-09-12 03:00:00,0.03590000,0.03600000,0.03530000,0.03550000,639301.20000000,TUSDT
2022-09-12 04:00:00,0.03550000,0.03560000,0.03490000,0.03520000,1957401.60000000,TUSDT
2022-09-12 05:00:00,0.03520000,0.03520000,0.03500000,0.03510000,367534.70000000,TUSDT
2022-09-12 06:00:00,0.03510000,0.03510000,0.03490000,0.03500000,521750.10000000,TUSDT
2022-09-12 07:00:00,0.03510000,0.03550000,0.03510000,0.03550000,802546.20000000,TUSDT
2022-09-12 08:00:00,0.03550000,0.03560000,0.03540000,0.03560000,1515824.50000000,TUSDT
2022-09-12 09:00:00,0.03560000,0.03580000,0.03530000,0.03530000,1264008.70000000,TUSDT
2022-09-12 10:00:00,0.03540000,0.03550000,0.03510000,0.03540000,1333375.60000000,TUSDT
2022-09-12 11:00:00,0.03540000,0.03550000,0.03520000,0.03530000,635584.70000000,TUSDT
2022-09-12 12:00:00,0.03530000,0.03540000,0.03520000,0.03530000,325664.60000000,TUSDT
2022-09-12 13:00:00,0.03520000,0.03530000,0.03500000,0.03530000,1593204.20000000,TUSDT
2022-09-12 14:00:00,0.03530000,0.03530000,0.03500000,0.03510000,454939.80000000,TUSDT
2022-09-12 15:00:00,0.03500000,0.03500000,0.03440000,0.03440000,1365336.40000000,TUSDT
2022-09-12 16:00:00,0.03440000,0.03450000,0.03410000,0.03430000,1189464.10000000,TUSDT
2022-09-12 17:00:00,0.03430000,0.03460000,0.03420000,0.03460000,454571.10000000,TUSDT
2022-09-12 18:00:00,0.03450000,0.03470000,0.03430000,0.03450000,531196.10000000,TUSDT
2022-09-12 19:00:00,0.03450000,0.03460000,0.03440000,0.03450000,357584.90000000,TUSDT
2022-09-12 20:00:00,0.03460000,0.03460000,0.03440000,0.03450000,357390.60000000,TUSDT
2022-09-12 21:00:00,0.03460000,0.03460000,0.03420000,0.03420000,140502.70000000,TUSDT
2022-09-12 22:00:00,0.03430000,0.03440000,0.03420000,0.03420000,449157.80000000,TUSDT
2022-09-12 23:00:00,0.03430000,0.03470000,0.03420000,0.03450000,871924.60000000,TUSDT
2022-09-13 00:00:00,0.03440000,0.03440000,0.03380000,0.03390000,942396.90000000,TUSDT
2022-09-13 01:00:00,0.03390000,0.03410000,0.03390000,0.03400000,232392.40000000,TUSDT
2022-09-13 02:00:00,0.03410000,0.03440000,0.03410000,0.03430000,1012512.30000000,TUSDT
2022-09-13 03:00:00,0.03430000,0.03430000,0.03420000,0.03430000,194111.10000000,TUSDT
2022-09-13 04:00:00,0.03440000,0.03440000,0.03420000,0.03420000,85019.00000000,TUSDT
2022-09-13 05:00:00,0.03430000,0.03440000,0.03420000,0.03440000,89778.40000000,TUSDT
2022-09-13 06:00:00,0.03440000,0.03440000,0.03400000,0.03400000,667965.30000000,TUSDT
2022-09-13 07:00:00,0.03400000,0.03430000,0.03400000,0.03420000,464794.20000000,TUSDT
2022-09-13 08:00:00,0.03420000,0.03430000,0.03410000,0.03410000,263467.50000000,TUSDT
2022-09-13 09:00:00,0.03420000,0.03430000,0.03400000,0.03400000,1048127.40000000,TUSDT
2022-09-13 10:00:00,0.03410000,0.03430000,0.03400000,0.03420000,269985.90000000,TUSDT
2022-09-13 11:00:00,0.03420000,0.03440000,0.03420000,0.03430000,936000.30000000,TUSDT
2022-09-13 12:00:00,0.03430000,0.03450000,0.03200000,0.03230000,7791078.40000000,TUSDT
2022-09-13 13:00:00,0.03230000,0.03230000,0.03190000,0.03200000,1439660.70000000,TUSDT
2022-09-13 14:00:00,0.03190000,0.03220000,0.03180000,0.03190000,2217879.00000000,TUSDT
2022-09-13 15:00:00,0.03200000,0.03200000,0.03170000,0.03190000,888465.40000000,TUSDT
2022-09-13 16:00:00,0.03180000,0.03220000,0.03180000,0.03210000,702642.50000000,TUSDT
2022-09-13 17:00:00,0.03210000,0.03220000,0.03200000,0.03220000,401122.30000000,TUSDT
2022-09-13 18:00:00,0.03210000,0.03210000,0.03190000,0.03190000,372201.10000000,TUSDT
2022-09-13 19:00:00,0.03190000,0.03200000,0.03180000,0.03190000,136444.90000000,TUSDT
2022-09-13 20:00:00,0.03190000,0.03200000,0.03190000,0.03200000,100806.70000000,TUSDT
2022-09-13 21:00:00,0.03190000,0.03190000,0.03180000,0.03180000,231565.20000000,TUSDT
2022-09-13 22:00:00,0.03190000,0.03200000,0.03180000,0.03200000,281402.40000000,TUSDT
2022-09-13 23:00:00,0.03190000,0.03190000,0.03150000,0.03170000,1064985.40000000,TUSDT
2022-09-14 00:00:00,0.03170000,0.03170000,0.03150000,0.03160000,82280.50000000,TUSDT
2022-09-14 01:00:00,0.03170000,0.03190000,0.03170000,0.03190000,288778.60000000,TUSDT
2022-09-14 02:00:00,0.03190000,0.03220000,0.03190000,0.03210000,211549.80000000,TUSDT
2022-09-14 03:00:00,0.03210000,0.03210000,0.03170000,0.03190000,937140.40000000,TUSDT
2022-09-14 04:00:00,0.03190000,0.03220000,0.03170000,0.03220000,626365.00000000,TUSDT
2022-09-14 05:00:00,0.03220000,0.03220000,0.03190000,0.03190000,452600.50000000,TUSDT
2022-09-14 06:00:00,0.03200000,0.03200000,0.03180000,0.03180000,42975.70000000,TUSDT
2022-09-14 07:00:00,0.03190000,0.03200000,0.03170000,0.03200000,633921.50000000,TUSDT
2022-09-14 08:00:00,0.03200000,0.03210000,0.03160000,0.03170000,564086.40000000,TUSDT
2022-09-14 09:00:00,0.03170000,0.03170000,0.03150000,0.03170000,328316.20000000,TUSDT
2022-09-14 10:00:00,0.03180000,0.03180000,0.03160000,0.03160000,363751.40000000,TUSDT
2022-09-14 11:00:00,0.03160000,0.03170000,0.03130000,0.03140000,435156.70000000,TUSDT
2022-09-14 12:00:00,0.03140000,0.03190000,0.03110000,0.03190000,743681.70000000,TUSDT
2022-09-14 13:00:00,0.03190000,0.03220000,0.03170000,0.03210000,1030466.10000000,TUSDT
2022-09-14 14:00:00,0.03210000,0.03220000,0.03190000,0.03200000,482995.80000000,TUSDT
2022-09-14 15:00:00,0.03200000,0.03220000,0.03190000,0.03210000,292985.10000000,TUSDT
2022-09-14 16:00:00,0.03210000,0.03210000,0.03180000,0.03190000,312332.10000000,TUSDT
2022-09-14 17:00:00,0.03200000,0.03220000,0.03200000,0.03210000,570207.00000000,TUSDT
2022-09-14 18:00:00,0.03210000,0.03210000,0.03160000,0.03190000,681085.20000000,TUSDT
2022-09-14 19:00:00,0.03180000,0.03200000,0.03180000,0.03200000,146602.10000000,TUSDT
2022-09-14 20:00:00,0.03200000,0.03210000,0.03190000,0.03210000,200221.20000000,TUSDT
2022-09-14 21:00:00,0.03200000,0.03240000,0.03200000,0.03240000,214908.60000000,TUSDT
2022-09-14 22:00:00,0.03240000,0.03250000,0.03220000,0.03240000,313880.30000000,TUSDT
2022-09-14 23:00:00,0.03250000,0.03260000,0.03230000,0.03230000,413716.40000000,TUSDT
2022-09-15 00:00:00,0.03230000,0.03260000,0.03220000,0.03230000,797206.00000000,TUSDT
2022-09-15 01:00:00,0.03230000,0.03230000,0.03200000,0.03220000,271247.70000000,TUSDT
2022-09-15 02:00:00,0.03220000,0.03220000,0.03170000,0.03180000,322121.80000000,TUSDT
2022-09-15 03:00:00,0.03180000,0.03180000,0.03160000,0.03180000,174385.40000000,TUSDT
2022-09-15 04:00:00,0.03170000,0.03170000,0.03160000,0.03170000,93641.10000000,TUSDT
2022-09-15 05:00:00,0.03170000,0.03190000,0.03160000,0.03170000,1302023.00000000,TUSDT
2022-09-15 06:00:00,0.03170000,0.03200000,0.03110000,0.03170000,1707075.90000000,TUSDT
2022-09-15 07:00:00,0.03180000,0.03230000,0.03180000,0.03200000,1115962.70000000,TUSDT
2022-09-15 08:00:00,0.03190000,0.03190000,0.03170000,0.03170000,199337.30000000,TUSDT
2022-09-15 09:00:00,0.03170000,0.03250000,0.03160000,0.03190000,5058543.80000000,TUSDT
2022-09-15 10:00:00,0.03190000,0.03200000,0.03180000,0.03190000,1055601.00000000,TUSDT
2022-09-15 11:00:00,0.03180000,0.03220000,0.03160000,0.03170000,982594.50000000,TUSDT
2022-09-15 12:00:00,0.03160000,0.03170000,0.03100000,0.03150000,3820127.80000000,TUSDT
2022-09-15 13:00:00,0.03140000,0.03150000,0.03110000,0.03150000,2313739.90000000,TUSDT
2022-09-15 14:00:00,0.03150000,0.03160000,0.03060000,0.03070000,3032392.70000000,TUSDT
2022-09-15 15:00:00,0.03080000,0.03110000,0.03020000,0.03040000,4641290.50000000,TUSDT
2022-09-15 16:00:00,0.03050000,0.03060000,0.03040000,0.03060000,319295.60000000,TUSDT
2022-09-15 17:00:00,0.03060000,0.03070000,0.03060000,0.03070000,146340.90000000,TUSDT
2022-09-15 18:00:00,0.03060000,0.03090000,0.03060000,0.03070000,757434.80000000,TUSDT
2022-09-15 19:00:00,0.03060000,0.03080000,0.03050000,0.03070000,574892.30000000,TUSDT
2022-09-15 20:00:00,0.03070000,0.03070000,0.03050000,0.03070000,334089.70000000,TUSDT
2022-09-15 21:00:00,0.03060000,0.03070000,0.03040000,0.03040000,685452.10000000,TUSDT
2022-09-15 22:00:00,0.03030000,0.03030000,0.03010000,0.03020000,318988.50000000,TUSDT
2022-09-15 23:00:00,0.03020000,0.03020000,0.03000000,0.03000000,808519.90000000,TUSDT
2022-09-16 00:00:00,0.03000000,0.03020000,0.02980000,0.03010000,1372673.40000000,TUSDT
2022-09-16 01:00:00,0.03010000,0.03020000,0.03000000,0.03010000,199589.90000000,TUSDT
2022-09-16 02:00:00,0.03000000,0.03100000,0.02980000,0.03050000,2831652.30000000,TUSDT
2022-09-16 03:00:00,0.03050000,0.03060000,0.03030000,0.03040000,357309.50000000,TUSDT
2022-09-16 04:00:00,0.03050000,0.03140000,0.03050000,0.03100000,1453558.50000000,TUSDT
2022-09-16 05:00:00,0.03110000,0.03170000,0.03080000,0.03160000,1458180.40000000,TUSDT
2022-09-16 06:00:00,0.03160000,0.03190000,0.03140000,0.03160000,2675402.40000000,TUSDT
2022-09-16 07:00:00,0.03170000,0.03200000,0.03170000,0.03170000,1910610.60000000,TUSDT
2022-09-16 08:00:00,0.03180000,0.03190000,0.03140000,0.03170000,2917049.40000000,TUSDT
2022-09-16 09:00:00,0.03170000,0.03200000,0.03160000,0.03190000,2247447.90000000,TUSDT
2022-09-16 10:00:00,0.03180000,0.03240000,0.03180000,0.03210000,4080761.80000000,TUSDT
2022-09-16 11:00:00,0.03200000,0.03240000,0.03190000,0.03220000,4517539.90000000,TUSDT
2022-09-16 12:00:00,0.03220000,0.03230000,0.03200000,0.03210000,2614607.80000000,TUSDT
2022-09-16 13:00:00,0.03210000,0.03230000,0.03150000,0.03150000,5905256.00000000,TUSDT
2022-09-16 14:00:00,0.03150000,0.03240000,0.03150000,0.03210000,3225362.10000000,TUSDT
2022-09-16 15:00:00,0.03200000,0.03250000,0.03190000,0.03230000,2633005.50000000,TUSDT
2022-09-16 16:00:00,0.03230000,0.03320000,0.03180000,0.03200000,8832304.70000000,TUSDT
2022-09-16 17:00:00,0.03200000,0.03230000,0.03160000,0.03210000,3784750.50000000,TUSDT
2022-09-16 18:00:00,0.03210000,0.03210000,0.03170000,0.03170000,3655999.30000000,TUSDT
2022-09-16 19:00:00,0.03170000,0.03190000,0.03150000,0.03160000,4065762.50000000,TUSDT
2022-09-16 20:00:00,0.03160000,0.03170000,0.03140000,0.03160000,3793562.00000000,TUSDT
2022-09-16 21:00:00,0.03160000,0.03200000,0.03150000,0.03160000,3890405.70000000,TUSDT
2022-09-16 22:00:00,0.03160000,0.03180000,0.03150000,0.03150000,4315298.00000000,TUSDT
2022-09-16 23:00:00,0.03150000,0.03170000,0.03140000,0.03170000,4650136.50000000,TUSDT
2022-09-17 00:00:00,0.03170000,0.03230000,0.03170000,0.03190000,8031286.30000000,TUSDT
2022-09-17 01:00:00,0.03190000,0.03210000,0.03180000,0.03200000,2654566.60000000,TUSDT
2022-09-17 02:00:00,0.03200000,0.03200000,0.03180000,0.03190000,271850.80000000,TUSDT
2022-09-17 03:00:00,0.03190000,0.03190000,0.03180000,0.03190000,135858.10000000,TUSDT
2022-09-17 04:00:00,0.03180000,0.03220000,0.03180000,0.03200000,685232.50000000,TUSDT
2022-09-17 05:00:00,0.03190000,0.03200000,0.03180000,0.03200000,512127.50000000,TUSDT
2022-09-17 06:00:00,0.03200000,0.03200000,0.03180000,0.03190000,303370.50000000,TUSDT
2022-09-17 07:00:00,0.03200000,0.03200000,0.03190000,0.03190000,44924.00000000,TUSDT
2022-09-17 08:00:00,0.03190000,0.03200000,0.03190000,0.03200000,329722.70000000,TUSDT
2022-09-17 09:00:00,0.03200000,0.03210000,0.03200000,0.03200000,128962.20000000,TUSDT
2022-09-17 10:00:00,0.03200000,0.03230000,0.03200000,0.03200000,1866227.50000000,TUSDT
2022-09-17 11:00:00,0.03200000,0.03210000,0.03190000,0.03200000,543637.10000000,TUSDT
2022-09-17 12:00:00,0.03200000,0.03210000,0.03180000,0.03200000,844291.70000000,TUSDT
2022-09-17 13:00:00,0.03190000,0.03200000,0.03190000,0.03200000,134380.50000000,TUSDT
2022-09-17 14:00:00,0.03200000,0.03210000,0.03190000,0.03200000,74800.30000000,TUSDT
2022-09-17 15:00:00,0.03200000,0.03210000,0.03200000,0.03200000,217768.80000000,TUSDT
2022-09-17 16:00:00,0.03200000,0.03210000,0.03200000,0.03200000,1095829.50000000,TUSDT
2022-09-17 17:00:00,0.03210000,0.03230000,0.03210000,0.03210000,525324.30000000,TUSDT
2022-09-17 18:00:00,0.03220000,0.03220000,0.03210000,0.03220000,95713.90000000,TUSDT
2022-09-17 19:00:00,0.03210000,0.03220000,0.03200000,0.03210000,255072.90000000,TUSDT
2022-09-17 20:00:00,0.03210000,0.03220000,0.03200000,0.03220000,393221.70000000,TUSDT
2022-09-17 21:00:00,0.03220000,0.03230000,0.03220000,0.03230000,204677.30000000,TUSDT
2022-09-17 22:00:00,0.03220000,0.03240000,0.03220000,0.03230000,211494.60000000,TUSDT
2022-09-17 23:00:00,0.03230000,0.03240000,0.03230000,0.03240000,58169.90000000,TUSDT
2022-09-18 00:00:00,0.03230000,0.03240000,0.03220000,0.03240000,302272.80000000,TUSDT
2022-09-18 01:00:00,0.03250000,0.03250000,0.03220000,0.03230000,312151.80000000,TUSDT
2022-09-18 02:00:00,0.03230000,0.03320000,0.03230000,0.03260000,4010048.60000000,TUSDT
2022-09-18 03:00:00,0.03260000,0.03260000,0.03240000,0.03240000,51475.10000000,TUSDT
2022-09-18 04:00:00,0.03230000,0.03250000,0.03230000,0.03250000,125036.70000000,TUSDT
2022-09-18 05:00:00,0.03250000,0.03260000,0.03240000,0.03250000,116787.40000000,TUSDT
2022-09-18 06:00:00,0.03250000,0.03270000,0.03250000,0.03260000,190585.50000000,TUSDT
2022-09-18 07:00:00,0.03260000,0.03260000,0.03250000,0.03260000,100317.40000000,TUSDT
2022-09-18 08:00:00,0.03250000,0.03250000,0.03240000,0.03240000,420110.10000000,TUSDT
2022-09-18 09:00:00,0.03240000,0.03250000,0.03200000,0.03200000,548519.60000000,TUSDT
2022-09-18 10:00:00,0.03200000,0.03220000,0.03180000,0.03190000,589812.40000000,TUSDT
2022-09-18 11:00:00,0.03190000,0.03210000,0.03190000,0.03200000,233555.40000000,TUSDT
2022-09-18 12:00:00,0.03200000,0.03210000,0.03160000,0.03200000,1589268.20000000,TUSDT
2022-09-18 13:00:00,0.03200000,0.03210000,0.03190000,0.03210000,190023.30000000,TUSDT
2022-09-18 14:00:00,0.03210000,0.03210000,0.03190000,0.03190000,97983.30000000,TUSDT
2022-09-18 15:00:00,0.03190000,0.03200000,0.03180000,0.03180000,141112.00000000,TUSDT
2022-09-18 16:00:00,0.03180000,0.03180000,0.03090000,0.03110000,5389678.60000000,TUSDT
2022-09-18 17:00:00,0.03120000,0.03120000,0.03080000,0.03090000,718306.90000000,TUSDT
2022-09-18 18:00:00,0.03090000,0.03090000,0.03080000,0.03080000,402214.00000000,TUSDT
2022-09-18 19:00:00,0.03090000,0.03090000,0.03070000,0.03090000,245584.70000000,TUSDT
2022-09-18 20:00:00,0.03080000,0.03090000,0.03070000,0.03080000,481543.90000000,TUSDT
2022-09-18 21:00:00,0.03070000,0.03070000,0.03040000,0.03050000,1288233.40000000,TUSDT
2022-09-18 22:00:00,0.03050000,0.03050000,0.03040000,0.03050000,273229.40000000,TUSDT
2022-09-18 23:00:00,0.03040000,0.03070000,0.03040000,0.03050000,428532.70000000,TUSDT
2022-09-19 00:00:00,0.03050000,0.03070000,0.03050000,0.03070000,137358.80000000,TUSDT
2022-09-19 01:00:00,0.03060000,0.03060000,0.03050000,0.03050000,613985.10000000,TUSDT
2022-09-19 02:00:00,0.03040000,0.03040000,0.02940000,0.02960000,1273284.60000000,TUSDT
2022-09-19 03:00:00,0.02960000,0.02980000,0.02950000,0.02970000,524644.20000000,TUSDT
2022-09-19 04:00:00,0.02970000,0.02990000,0.02970000,0.02990000,223947.40000000,TUSDT
2022-09-19 05:00:00,0.02980000,0.02990000,0.02960000,0.02970000,213498.20000000,TUSDT
2022-09-19 06:00:00,0.02970000,0.02970000,0.02940000,0.02940000,628348.00000000,TUSDT
2022-09-19 07:00:00,0.02950000,0.02970000,0.02940000,0.02960000,258900.20000000,TUSDT
2022-09-19 08:00:00,0.02960000,0.02960000,0.02950000,0.02950000,173694.40000000,TUSDT
2022-09-19 09:00:00,0.02950000,0.02960000,0.02940000,0.02950000,191493.30000000,TUSDT
2022-09-19 10:00:00,0.02960000,0.03000000,0.02950000,0.02990000,152736.00000000,TUSDT
2022-09-19 11:00:00,0.03000000,0.03000000,0.02970000,0.02980000,200478.20000000,TUSDT
2022-09-19 12:00:00,0.02980000,0.03010000,0.02980000,0.03010000,214783.80000000,TUSDT
2022-09-19 13:00:00,0.03000000,0.03030000,0.02990000,0.03020000,1318892.80000000,TUSDT
2022-09-19 14:00:00,0.03020000,0.03050000,0.03020000,0.03040000,276738.70000000,TUSDT
2022-09-19 15:00:00,0.03040000,0.03040000,0.03020000,0.03020000,680641.90000000,TUSDT
2022-09-19 16:00:00,0.03020000,0.03040000,0.03010000,0.03030000,725509.30000000,TUSDT
2022-09-19 17:00:00,0.03030000,0.03040000,0.03010000,0.03010000,371552.70000000,TUSDT
2022-09-19 18:00:00,0.03010000,0.03030000,0.03010000,0.03020000,568482.70000000,TUSDT
2022-09-19 19:00:00,0.03030000,0.03050000,0.03030000,0.03040000,228985.00000000,TUSDT
2022-09-19 20:00:00,0.03050000,0.03050000,0.03040000,0.03050000,234178.90000000,TUSDT
2022-09-19 21:00:00,0.03050000,0.03070000,0.03040000,0.03060000,310453.30000000,TUSDT
2022-09-19 22:00:00,0.03050000,0.03070000,0.03050000,0.03070000,98636.30000000,TUSDT
2022-09-19 23:00:00,0.03080000,0.03080000,0.03060000,0.03060000,182093.30000000,TUSDT
2022-09-20 00:00:00,0.03060000,0.03090000,0.03040000,0.03040000,1396711.70000000,TUSDT
2022-09-20 01:00:00,0.03040000,0.03040000,0.03030000,0.03040000,90201.70000000,TUSDT
2022-09-20 02:00:00,0.03040000,0.03060000,0.03030000,0.03050000,465709.60000000,TUSDT
2022-09-20 03:00:00,0.03050000,0.03050000,0.03020000,0.03030000,367815.70000000,TUSDT
2022-09-20 04:00:00,0.03030000,0.03030000,0.03030000,0.03030000,0.00000000,TUSDT
2022-09-20 05:00:00,0.03040000,0.03050000,0.03040000,0.03040000,255327.40000000,TUSDT
2022-09-20 06:00:00,0.03030000,0.03040000,0.03030000,0.03040000,202816.80000000,TUSDT
2022-09-20 07:00:00,0.03040000,0.03070000,0.03030000,0.03030000,522027.50000000,TUSDT
2022-09-20 08:00:00,0.03030000,0.03060000,0.03020000,0.03040000,1275159.80000000,TUSDT
2022-09-20 09:00:00,0.03050000,0.03050000,0.03030000,0.03030000,637070.00000000,TUSDT
2022-09-20 10:00:00,0.03030000,0.03030000,0.03020000,0.03030000,73944.10000000,TUSDT
2022-09-20 11:00:00,0.03040000,0.03050000,0.03030000,0.03030000,271607.20000000,TUSDT
2022-09-20 12:00:00,0.03030000,0.03030000,0.03010000,0.03030000,764580.70000000,TUSDT
2022-09-20 13:00:00,0.03020000,0.03020000,0.02980000,0.03010000,510129.60000000,TUSDT
2022-09-20 14:00:00,0.03020000,0.03030000,0.03000000,0.03030000,265466.90000000,TUSDT
2022-09-20 15:00:00,0.03040000,0.03120000,0.03000000,0.03050000,8165888.30000000,TUSDT
2022-09-20 16:00:00,0.03050000,0.03050000,0.03040000,0.03040000,161573.90000000,TUSDT
2022-09-20 17:00:00,0.03040000,0.03050000,0.03010000,0.03010000,104615.30000000,TUSDT
2022-09-20 18:00:00,0.03020000,0.03020000,0.03010000,0.03020000,111027.80000000,TUSDT
2022-09-20 19:00:00,0.03030000,0.03030000,0.03020000,0.03020000,200833.00000000,TUSDT
2022-09-20 20:00:00,0.03020000,0.03030000,0.03020000,0.03030000,152076.70000000,TUSDT
2022-09-20 21:00:00,0.03020000,0.03030000,0.03000000,0.03000000,185966.90000000,TUSDT
2022-09-20 22:00:00,0.03010000,0.03020000,0.02990000,0.03010000,392717.50000000,TUSDT
2022-09-20 23:00:00,0.03010000,0.03030000,0.03010000,0.03020000,541782.60000000,TUSDT
2022-09-21 00:00:00,0.03020000,0.03070000,0.03020000,0.03030000,1439514.80000000,TUSDT
2022-09-21 01:00:00,0.03040000,0.03050000,0.03030000,0.03040000,172877.90000000,TUSDT
2022-09-21 02:00:00,0.03040000,0.03050000,0.03040000,0.03040000,151675.50000000,TUSDT
2022-09-21 03:00:00,0.03040000,0.03040000,0.03030000,0.03030000,43225.40000000,TUSDT
2022-09-21 04:00:00,0.03040000,0.03040000,0.03030000,0.03030000,157064.00000000,TUSDT
2022-09-21 05:00:00,0.03040000,0.03050000,0.03020000,0.03030000,430051.00000000,TUSDT
2022-09-21 06:00:00,0.03020000,0.03020000,0.03000000,0.03010000,942965.50000000,TUSDT
2022-09-21 07:00:00,0.03010000,0.03090000,0.03010000,0.03070000,3530505.80000000,TUSDT
2022-09-21 08:00:00,0.03070000,0.03120000,0.03030000,0.03060000,5059217.70000000,TUSDT
2022-09-21 09:00:00,0.03060000,0.03120000,0.03040000,0.03070000,2988276.30000000,TUSDT
2022-09-21 10:00:00,0.03070000,0.03080000,0.03060000,0.03070000,587993.20000000,TUSDT
2022-09-21 11:00:00,0.03080000,0.03170000,0.03070000,0.03080000,6766118.90000000,TUSDT
2022-09-21 12:00:00,0.03080000,0.03090000,0.03070000,0.03080000,909301.30000000,TUSDT
2022-09-21 13:00:00,0.03090000,0.03120000,0.03080000,0.03080000,1505290.10000000,TUSDT
2022-09-21 14:00:00,0.03070000,0.03130000,0.03070000,0.03080000,1073443.60000000,TUSDT
2022-09-21 15:00:00,0.03070000,0.03080000,0.03040000,0.03060000,685912.50000000,TUSDT
2022-09-21 16:00:00,0.03060000,0.03070000,0.03050000,0.03050000,576664.30000000,TUSDT
2022-09-21 17:00:00,0.03050000,0.03100000,0.03050000,0.03090000,727053.10000000,TUSDT
2022-09-21 18:00:00,0.03100000,0.03120000,0.03020000,0.03120000,3410644.20000000,TUSDT
2022-09-21 19:00:00,0.03130000,0.03130000,0.03060000,0.03060000,2462086.20000000,TUSDT
2022-09-21 20:00:00,0.03060000,0.03060000,0.03040000,0.03050000,1069389.50000000,TUSDT
2022-09-21 21:00:00,0.03040000,0.03040000,0.02940000,0.02980000,3282013.50000000,TUSDT
2022-09-21 22:00:00,0.02980000,0.02980000,0.02920000,0.02970000,1902806.90000000,TUSDT
2022-09-21 23:00:00,0.02970000,0.03000000,0.02970000,0.03000000,548508.30000000,TUSDT
2022-09-22 00:00:00,0.03000000,0.03060000,0.02960000,0.02970000,2050915.20000000,TUSDT
2022-09-22 01:00:00,0.02970000,0.02980000,0.02960000,0.02970000,966071.50000000,TUSDT
2022-09-22 02:00:00,0.02980000,0.03000000,0.02970000,0.03000000,143877.00000000,TUSDT
2022-09-22 03:00:00,0.03000000,0.03010000,0.03000000,0.03000000,157927.40000000,TUSDT
2022-09-22 04:00:00,0.03000000,0.03010000,0.03000000,0.03010000,1792.10000000,TUSDT
2022-09-22 05:00:00,0.03000000,0.03010000,0.03000000,0.03010000,74824.50000000,TUSDT
2022-09-22 06:00:00,0.03010000,0.03010000,0.03000000,0.03010000,155738.00000000,TUSDT
2022-09-22 07:00:00,0.03010000,0.03020000,0.03000000,0.03020000,92961.90000000,TUSDT
2022-09-22 08:00:00,0.03030000,0.03080000,0.03030000,0.03080000,585509.70000000,TUSDT
2022-09-22 09:00:00,0.03070000,0.03080000,0.03060000,0.03060000,457048.50000000,TUSDT
2022-09-22 10:00:00,0.03060000,0.03080000,0.03060000,0.03070000,239358.80000000,TUSDT
2022-09-22 11:00:00,0.03060000,0.03070000,0.03050000,0.03070000,465592.40000000,TUSDT
2022-09-22 12:00:00,0.03070000,0.03080000,0.03070000,0.03080000,220629.20000000,TUSDT
2022-09-22 13:00:00,0.03080000,0.03090000,0.03050000,0.03060000,555191.80000000,TUSDT
2022-09-22 14:00:00,0.03050000,0.03060000,0.03050000,0.03050000,342278.90000000,TUSDT
2022-09-22 15:00:00,0.03050000,0.03050000,0.03000000,0.03050000,1473286.00000000,TUSDT
2022-09-22 16:00:00,0.03040000,0.03050000,0.03020000,0.03050000,326329.50000000,TUSDT
2022-09-22 17:00:00,0.03040000,0.03050000,0.03040000,0.03050000,104679.70000000,TUSDT
2022-09-22 18:00:00,0.03050000,0.03080000,0.03040000,0.03070000,534562.70000000,TUSDT
2022-09-22 19:00:00,0.03070000,0.03110000,0.03070000,0.03090000,1012609.50000000,TUSDT
2022-09-22 20:00:00,0.03090000,0.03100000,0.03080000,0.03080000,297067.40000000,TUSDT
2022-09-22 21:00:00,0.03090000,0.03100000,0.03070000,0.03080000,198788.20000000,TUSDT
2022-09-22 22:00:00,0.03080000,0.03110000,0.03080000,0.03090000,539602.00000000,TUSDT
2022-09-22 23:00:00,0.03100000,0.03100000,0.03090000,0.03100000,280235.10000000,TUSDT
2022-09-23 00:00:00,0.03110000,0.03110000,0.03100000,0.03100000,476950.50000000,TUSDT
2022-09-23 01:00:00,0.03090000,0.03100000,0.03080000,0.03100000,222298.50000000,TUSDT
2022-09-23 02:00:00,0.03100000,0.03110000,0.03090000,0.03090000,138584.00000000,TUSDT
2022-09-23 03:00:00,0.03090000,0.03120000,0.03080000,0.03110000,791160.90000000,TUSDT
2022-09-23 04:00:00,0.03110000,0.03120000,0.03090000,0.03110000,565771.50000000,TUSDT
2022-09-23 05:00:00,0.03110000,0.03110000,0.03100000,0.03100000,86740.40000000,TUSDT
2022-09-23 06:00:00,0.03100000,0.03100000,0.03090000,0.03100000,152090.60000000,TUSDT
2022-09-23 07:00:00,0.03090000,0.03100000,0.03080000,0.03090000,488295.70000000,TUSDT
2022-09-23 08:00:00,0.03080000,0.03090000,0.03070000,0.03070000,703293.30000000,TUSDT
2022-09-23 09:00:00,0.03070000,0.03070000,0.03060000,0.03070000,541169.40000000,TUSDT
2022-09-23 10:00:00,0.03070000,0.03080000,0.03030000,0.03050000,2002689.60000000,TUSDT
2022-09-23 11:00:00,0.03050000,0.03060000,0.03050000,0.03060000,609079.30000000,TUSDT
2022-09-23 12:00:00,0.03050000,0.03060000,0.03040000,0.03040000,97358.60000000,TUSDT
2022-09-23 13:00:00,0.03050000,0.03070000,0.03020000,0.03030000,440002.70000000,TUSDT
2022-09-23 14:00:00,0.03020000,0.03030000,0.03020000,0.03030000,91551.00000000,TUSDT
2022-09-23 15:00:00,0.03030000,0.03050000,0.03030000,0.03030000,811754.30000000,TUSDT
2022-09-23 16:00:00,0.03030000,0.03040000,0.03030000,0.03030000,353978.20000000,TUSDT
2022-09-23 17:00:00,0.03040000,0.03050000,0.03020000,0.03040000,292056.70000000,TUSDT
2022-09-23 18:00:00,0.03040000,0.03050000,0.03020000,0.03020000,521441.80000000,TUSDT
2022-09-23 19:00:00,0.03020000,0.03040000,0.03000000,0.03030000,310584.00000000,TUSDT
2022-09-23 20:00:00,0.03040000,0.03060000,0.03040000,0.03060000,80301.70000000,TUSDT
2022-09-23 21:00:00,0.03070000,0.03070000,0.03060000,0.03070000,334294.80000000,TUSDT
2022-09-23 22:00:00,0.03080000,0.03100000,0.03080000,0.03100000,253812.40000000,TUSDT
2022-09-23 23:00:00,0.03090000,0.03100000,0.03080000,0.03090000,403662.50000000,TUSDT
2022-09-24 00:00:00,0.03100000,0.03110000,0.03080000,0.03100000,820786.20000000,TUSDT
2022-09-24 01:00:00,0.03090000,0.03090000,0.03080000,0.03090000,217101.80000000,TUSDT
2022-09-24 02:00:00,0.03080000,0.03100000,0.03070000,0.03090000,576817.10000000,TUSDT
2022-09-24 03:00:00,0.03080000,0.03080000,0.03070000,0.03070000,92767.90000000,TUSDT
2022-09-24 04:00:00,0.03070000,0.03090000,0.03070000,0.03090000,194863.10000000,TUSDT
2022-09-24 05:00:00,0.03090000,0.03090000,0.03090000,0.03090000,186354.20000000,TUSDT
2022-09-24 06:00:00,0.03100000,0.03100000,0.03090000,0.03090000,89566.70000000,TUSDT
2022-09-24 07:00:00,0.03080000,0.03090000,0.03060000,0.03060000,225175.70000000,TUSDT
2022-09-24 08:00:00,0.03060000,0.03080000,0.03060000,0.03080000,284129.50000000,TUSDT
2022-09-24 09:00:00,0.03090000,0.03090000,0.03070000,0.03070000,173322.60000000,TUSDT
2022-09-24 10:00:00,0.03070000,0.03090000,0.03070000,0.03080000,96156.20000000,TUSDT
2022-09-24 11:00:00,0.03080000,0.03090000,0.03080000,0.03080000,65096.30000000,TUSDT
2022-09-24 12:00:00,0.03090000,0.03100000,0.03070000,0.03090000,372879.90000000,TUSDT
2022-09-24 13:00:00,0.03100000,0.03100000,0.03090000,0.03090000,35444.00000000,TUSDT
2022-09-24 14:00:00,0.03090000,0.03100000,0.03090000,0.03090000,261147.50000000,TUSDT
2022-09-24 15:00:00,0.03100000,0.03100000,0.03080000,0.03090000,87480.90000000,TUSDT
2022-09-24 16:00:00,0.03090000,0.03100000,0.03090000,0.03090000,92218.70000000,TUSDT
2022-09-24 17:00:00,0.03100000,0.03110000,0.03090000,0.03090000,218677.10000000,TUSDT
2022-09-24 18:00:00,0.03100000,0.03100000,0.03090000,0.03090000,25557.00000000,TUSDT
2022-09-24 19:00:00,0.03090000,0.03090000,0.03090000,0.03090000,3228.60000000,TUSDT
2022-09-24 20:00:00,0.03090000,0.03110000,0.03090000,0.03110000,63739.30000000,TUSDT
2022-09-24 21:00:00,0.03110000,0.03110000,0.03090000,0.03090000,193834.90000000,TUSDT
2022-09-24 22:00:00,0.03090000,0.03090000,0.03060000,0.03070000,261902.20000000,TUSDT
2022-09-24 23:00:00,0.03080000,0.03080000,0.03070000,0.03070000,46120.00000000,TUSDT
2022-09-25 00:00:00,0.03080000,0.03080000,0.03060000,0.03060000,104808.20000000,TUSDT
2022-09-25 01:00:00,0.03070000,0.03070000,0.03070000,0.03070000,39698.70000000,TUSDT
2022-09-25 02:00:00,0.03080000,0.03080000,0.03080000,0.03080000,69158.40000000,TUSDT
2022-09-25 03:00:00,0.03090000,0.03100000,0.03090000,0.03100000,102516.90000000,TUSDT
2022-09-25 04:00:00,0.03090000,0.03090000,0.03090000,0.03090000,9402.20000000,TUSDT
2022-09-25 05:00:00,0.03090000,0.03090000,0.03090000,0.03090000,44034.00000000,TUSDT
2022-09-25 06:00:00,0.03080000,0.03100000,0.03080000,0.03100000,60101.50000000,TUSDT
2022-09-25 07:00:00,0.03090000,0.03100000,0.03080000,0.03100000,587786.20000000,TUSDT
2022-09-25 08:00:00,0.03100000,0.03120000,0.03100000,0.03110000,1120052.50000000,TUSDT
2022-09-25 09:00:00,0.03100000,0.03110000,0.03100000,0.03100000,118732.00000000,TUSDT
2022-09-25 10:00:00,0.03100000,0.03100000,0.03090000,0.03090000,97849.50000000,TUSDT
2022-09-25 11:00:00,0.03100000,0.03110000,0.03100000,0.03110000,149280.20000000,TUSDT
2022-09-25 12:00:00,0.03100000,0.03100000,0.03090000,0.03090000,96456.70000000,TUSDT
2022-09-25 13:00:00,0.03090000,0.03110000,0.03050000,0.03060000,600641.70000000,TUSDT
2022-09-25 14:00:00,0.03050000,0.03050000,0.03050000,0.03050000,9493.20000000,TUSDT
2022-09-25 15:00:00,0.03060000,0.03070000,0.03060000,0.03070000,247595.40000000,TUSDT
2022-09-25 16:00:00,0.03060000,0.03070000,0.03060000,0.03060000,121955.00000000,TUSDT
2022-09-25 17:00:00,0.03050000,0.03060000,0.03040000,0.03060000,521309.70000000,TUSDT
2022-09-25 18:00:00,0.03050000,0.03060000,0.03040000,0.03060000,311454.10000000,TUSDT
2022-09-25 19:00:00,0.03060000,0.03060000,0.03050000,0.03050000,48710.40000000,TUSDT
2022-09-25 20:00:00,0.03060000,0.03070000,0.03060000,0.03060000,63139.10000000,TUSDT
2022-09-25 21:00:00,0.03070000,0.03070000,0.03020000,0.03030000,901555.50000000,TUSDT
2022-09-25 22:00:00,0.03030000,0.03040000,0.03020000,0.03040000,230204.10000000,TUSDT
2022-09-25 23:00:00,0.03030000,0.03040000,0.03020000,0.03020000,59594.80000000,TUSDT
2022-09-26 00:00:00,0.03020000,0.03030000,0.02990000,0.03000000,842077.40000000,TUSDT
2022-09-26 01:00:00,0.03000000,0.03000000,0.02980000,0.03000000,466019.50000000,TUSDT
2022-09-26 02:00:00,0.03010000,0.03010000,0.03000000,0.03000000,109947.80000000,TUSDT
2022-09-26 03:00:00,0.03000000,0.03000000,0.02980000,0.02990000,1101031.80000000,TUSDT
2022-09-26 04:00:00,0.02980000,0.02990000,0.02970000,0.02970000,165080.90000000,TUSDT
2022-09-26 05:00:00,0.02970000,0.02980000,0.02940000,0.02960000,201575.10000000,TUSDT
2022-09-26 06:00:00,0.02970000,0.02970000,0.02940000,0.02950000,252375.10000000,TUSDT
2022-09-26 07:00:00,0.02960000,0.02980000,0.02950000,0.02970000,285795.20000000,TUSDT
2022-09-26 08:00:00,0.02980000,0.03010000,0.02970000,0.03010000,247315.50000000,TUSDT
2022-09-26 09:00:00,0.03020000,0.03030000,0.02980000,0.02980000,377144.20000000,TUSDT
2022-09-26 10:00:00,0.02990000,0.03000000,0.02980000,0.02990000,733285.00000000,TUSDT
2022-09-26 11:00:00,0.02990000,0.02990000,0.02960000,0.02970000,521624.70000000,TUSDT
2022-09-26 12:00:00,0.02980000,0.02990000,0.02970000,0.02990000,338785.50000000,TUSDT
2022-09-26 13:00:00,0.02980000,0.03000000,0.02980000,0.03000000,70912.00000000,TUSDT
2022-09-26 14:00:00,0.02990000,0.03010000,0.02990000,0.03010000,167715.40000000,TUSDT
2022-09-26 15:00:00,0.03000000,0.03010000,0.02990000,0.03010000,162466.00000000,TUSDT
2022-09-26 16:00:00,0.03000000,0.03010000,0.02990000,0.02990000,160104.40000000,TUSDT
2022-09-26 17:00:00,0.03000000,0.03000000,0.02990000,0.03000000,81576.50000000,TUSDT
2022-09-26 18:00:00,0.03010000,0.03010000,0.03000000,0.03010000,85610.80000000,TUSDT
2022-09-26 19:00:00,0.03020000,0.03020000,0.03010000,0.03020000,77717.40000000,TUSDT
2022-09-26 20:00:00,0.03010000,0.03010000,0.03000000,0.03010000,50664.00000000,TUSDT
2022-09-26 21:00:00,0.03010000,0.03010000,0.02980000,0.02980000,163696.20000000,TUSDT
2022-09-26 22:00:00,0.02990000,0.03000000,0.02980000,0.03000000,48089.60000000,TUSDT
2022-09-26 23:00:00,0.03000000,0.03020000,0.03000000,0.03010000,61450.80000000,TUSDT
2022-09-27 00:00:00,0.03020000,0.03030000,0.03020000,0.03020000,53303.30000000,TUSDT
2022-09-27 01:00:00,0.03030000,0.03070000,0.03020000,0.03050000,234010.10000000,TUSDT
2022-09-27 02:00:00,0.03050000,0.03060000,0.03040000,0.03050000,143705.00000000,TUSDT
2022-09-27 03:00:00,0.03060000,0.03080000,0.03060000,0.03060000,131800.10000000,TUSDT
2022-09-27 04:00:00,0.03060000,0.03080000,0.03060000,0.03070000,154403.80000000,TUSDT
2022-09-27 05:00:00,0.03080000,0.03090000,0.03070000,0.03090000,443854.80000000,TUSDT
2022-09-27 06:00:00,0.03090000,0.03090000,0.03070000,0.03080000,350330.70000000,TUSDT
2022-09-27 07:00:00,0.03070000,0.03070000,0.03070000,0.03070000,49723.40000000,TUSDT
2022-09-27 08:00:00,0.03080000,0.03080000,0.03070000,0.03070000,25325.40000000,TUSDT
2022-09-27 09:00:00,0.03080000,0.03080000,0.03070000,0.03070000,18208.70000000,TUSDT
2022-09-27 10:00:00,0.03070000,0.03070000,0.03060000,0.03070000,46809.30000000,TUSDT
2022-09-27 11:00:00,0.03060000,0.03070000,0.03060000,0.03070000,50381.70000000,TUSDT
2022-09-27 12:00:00,0.03070000,0.03070000,0.03060000,0.03060000,32376.70000000,TUSDT
2022-09-27 13:00:00,0.03060000,0.03070000,0.03050000,0.03060000,153437.30000000,TUSDT
2022-09-27 14:00:00,0.03060000,0.03080000,0.03060000,0.03070000,522281.20000000,TUSDT
2022-09-27 15:00:00,0.03060000,0.03070000,0.03040000,0.03040000,152672.70000000,TUSDT
2022-09-27 16:00:00,0.03040000,0.03040000,0.03000000,0.03000000,477635.60000000,TUSDT
2022-09-27 17:00:00,0.02990000,0.02990000,0.02940000,0.02970000,1914576.20000000,TUSDT
2022-09-27 18:00:00,0.02970000,0.02990000,0.02970000,0.02980000,226413.00000000,TUSDT
2022-09-27 19:00:00,0.02980000,0.02990000,0.02980000,0.02980000,38778.40000000,TUSDT
2022-09-27 20:00:00,0.02980000,0.02990000,0.02970000,0.02970000,48578.80000000,TUSDT
2022-09-27 21:00:00,0.02970000,0.02990000,0.02970000,0.02980000,96726.30000000,TUSDT
2022-09-27 22:00:00,0.02980000,0.02990000,0.02970000,0.02970000,46737.50000000,TUSDT
2022-09-27 23:00:00,0.02970000,0.03010000,0.02970000,0.02990000,145208.40000000,TUSDT
2022-09-28 00:00:00,0.02990000,0.03010000,0.02990000,0.02990000,55646.70000000,TUSDT
2022-09-28 01:00:00,0.02990000,0.03000000,0.02950000,0.02950000,309319.80000000,TUSDT
2022-09-28 02:00:00,0.02950000,0.02950000,0.02900000,0.02910000,786170.10000000,TUSDT
2022-09-28 03:00:00,0.02910000,0.02930000,0.02890000,0.02920000,2944134.70000000,TUSDT
2022-09-28 04:00:00,0.02920000,0.02940000,0.02910000,0.02930000,876261.90000000,TUSDT
2022-09-28 05:00:00,0.02930000,0.02950000,0.02920000,0.02940000,207935.80000000,TUSDT
2022-09-28 06:00:00,0.02940000,0.02950000,0.02930000,0.02940000,68223.70000000,TUSDT
2022-09-28 07:00:00,0.02930000,0.02940000,0.02910000,0.02940000,256270.40000000,TUSDT
2022-09-28 08:00:00,0.02940000,0.02940000,0.02920000,0.02920000,60833.80000000,TUSDT
2022-09-28 09:00:00,0.02920000,0.02930000,0.02920000,0.02920000,97813.20000000,TUSDT
2022-09-28 10:00:00,0.02920000,0.02960000,0.02910000,0.02950000,371000.30000000,TUSDT
2022-09-28 11:00:00,0.02950000,0.02950000,0.02930000,0.02940000,108951.10000000,TUSDT
2022-09-28 12:00:00,0.02940000,0.02960000,0.02940000,0.02950000,163099.50000000,TUSDT
2022-09-28 13:00:00,0.02950000,0.02970000,0.02950000,0.02960000,67480.60000000,TUSDT
2022-09-28 14:00:00,0.02960000,0.02990000,0.02960000,0.02980000,87158.60000000,TUSDT
2022-09-28 15:00:00,0.02970000,0.02980000,0.02970000,0.02980000,138331.70000000,TUSDT
2022-09-28 16:00:00,0.02980000,0.02990000,0.02980000,0.02980000,163087.50000000,TUSDT
2022-09-28 17:00:00,0.02980000,0.03010000,0.02980000,0.02990000,143149.90000000,TUSDT
2022-09-28 18:00:00,0.02980000,0.03000000,0.02980000,0.02990000,62675.50000000,TUSDT
2022-09-28 19:00:00,0.02990000,0.03000000,0.02980000,0.02990000,54294.20000000,TUSDT
2022-09-28 20:00:00,0.02990000,0.03020000,0.02990000,0.03010000,181917.30000000,TUSDT
2022-09-28 21:00:00,0.03010000,0.03050000,0.03000000,0.03010000,693406.90000000,TUSDT
2022-09-28 22:00:00,0.03010000,0.03020000,0.02990000,0.02990000,305032.00000000,TUSDT
2022-09-28 23:00:00,0.02990000,0.03020000,0.02990000,0.03010000,181104.20000000,TUSDT
2022-09-29 00:00:00,0.03010000,0.03020000,0.03000000,0.03000000,225019.70000000,TUSDT
2022-09-29 01:00:00,0.03000000,0.03020000,0.03000000,0.03010000,228625.60000000,TUSDT
2022-09-29 02:00:00,0.03010000,0.03010000,0.02990000,0.03000000,106648.60000000,TUSDT
2022-09-29 03:00:00,0.03000000,0.03010000,0.03000000,0.03000000,72606.60000000,TUSDT
2022-09-29 04:00:00,0.03000000,0.03030000,0.03000000,0.03030000,184146.60000000,TUSDT
2022-09-29 05:00:00,0.03020000,0.03060000,0.03010000,0.03010000,880466.40000000,TUSDT
2022-09-29 06:00:00,0.03010000,0.03020000,0.02990000,0.03000000,354780.20000000,TUSDT
2022-09-29 07:00:00,0.03000000,0.03020000,0.02990000,0.03000000,445119.20000000,TUSDT
2022-09-29 08:00:00,0.03000000,0.03010000,0.02990000,0.03000000,139230.60000000,TUSDT
2022-09-29 09:00:00,0.03000000,0.03010000,0.03000000,0.03000000,39871.10000000,TUSDT
2022-09-29 10:00:00,0.03000000,0.03010000,0.03000000,0.03000000,103840.30000000,TUSDT
2022-09-29 11:00:00,0.03010000,0.03030000,0.03000000,0.03020000,92388.30000000,TUSDT
2022-09-29 12:00:00,0.03020000,0.03030000,0.02980000,0.02980000,267331.20000000,TUSDT
2022-09-29 13:00:00,0.02980000,0.02990000,0.02960000,0.02960000,492343.70000000,TUSDT
2022-09-29 14:00:00,0.02960000,0.02990000,0.02950000,0.02980000,164514.80000000,TUSDT
2022-09-29 15:00:00,0.02980000,0.03000000,0.02980000,0.02990000,145856.20000000,TUSDT
2022-09-29 16:00:00,0.02990000,0.03020000,0.02990000,0.03000000,165541.00000000,TUSDT
2022-09-29 17:00:00,0.02990000,0.03000000,0.02990000,0.02990000,38644.90000000,TUSDT
2022-09-29 18:00:00,0.02990000,0.03010000,0.02980000,0.02990000,191135.40000000,TUSDT
2022-09-29 19:00:00,0.02990000,0.03000000,0.02980000,0.02980000,94564.50000000,TUSDT
2022-09-29 20:00:00,0.02990000,0.03000000,0.02980000,0.02990000,151625.90000000,TUSDT
2022-09-29 21:00:00,0.02990000,0.03010000,0.02990000,0.03000000,94726.10000000,TUSDT
2022-09-29 22:00:00,0.03000000,0.03010000,0.02990000,0.03000000,200950.50000000,TUSDT
2022-09-29 23:00:00,0.03000000,0.03030000,0.03000000,0.03010000,224015.30000000,TUSDT
2022-09-30 00:00:00,0.03020000,0.03020000,0.02990000,0.03000000,256893.20000000,TUSDT
2022-09-30 01:00:00,0.03000000,0.03010000,0.03000000,0.03000000,27400.00000000,TUSDT
2022-09-30 02:00:00,0.03000000,0.03010000,0.03000000,0.03000000,65169.80000000,TUSDT
2022-09-30 03:00:00,0.03000000,0.03000000,0.02990000,0.02990000,48738.10000000,TUSDT
2022-09-30 04:00:00,0.02990000,0.03000000,0.02980000,0.02990000,107481.50000000,TUSDT
2022-09-30 05:00:00,0.02990000,0.03010000,0.02990000,0.03000000,164695.20000000,TUSDT
2022-09-30 06:00:00,0.03000000,0.03010000,0.03000000,0.03000000,65050.40000000,TUSDT
2022-09-30 07:00:00,0.03000000,0.03010000,0.03000000,0.03010000,79462.10000000,TUSDT
2022-09-30 08:00:00,0.03010000,0.03020000,0.03000000,0.03010000,282823.20000000,TUSDT
2022-09-30 09:00:00,0.03010000,0.03020000,0.03000000,0.03010000,155843.50000000,TUSDT
2022-09-30 10:00:00,0.03010000,0.03010000,0.03000000,0.03000000,37257.00000000,TUSDT
2022-09-30 11:00:00,0.03000000,0.03010000,0.02990000,0.02990000,65513.10000000,TUSDT
2022-09-30 12:00:00,0.02990000,0.03000000,0.02980000,0.02990000,209941.10000000,TUSDT
2022-09-30 13:00:00,0.02990000,0.03000000,0.02980000,0.03000000,87228.00000000,TUSDT
2022-09-30 14:00:00,0.02990000,0.03030000,0.02990000,0.03020000,381131.50000000,TUSDT
2022-09-30 15:00:00,0.03020000,0.03040000,0.03010000,0.03020000,940542.60000000,TUSDT
2022-09-30 16:00:00,0.03020000,0.03030000,0.03000000,0.03010000,519604.60000000,TUSDT
2022-09-30 17:00:00,0.03010000,0.03020000,0.03010000,0.03010000,70586.70000000,TUSDT
2022-09-30 18:00:00,0.03010000,0.03020000,0.03010000,0.03010000,106394.70000000,TUSDT
2022-09-30 19:00:00,0.03010000,0.03020000,0.03000000,0.03000000,97861.20000000,TUSDT
2022-09-30 20:00:00,0.03000000,0.03010000,0.03000000,0.03000000,79263.10000000,TUSDT
2022-09-30 21:00:00,0.03000000,0.03010000,0.02980000,0.02980000,171129.50000000,TUSDT
2022-09-30 22:00:00,0.02990000,0.03000000,0.02980000,0.02980000,122600.90000000,TUSDT
2022-09-30 23:00:00,0.02980000,0.03000000,0.02980000,0.03000000,59724.30000000,TUSDT
2022-10-01 00:00:00,0.03000000,0.03030000,0.02990000,0.03010000,793923.30000000,TUSDT
2022-10-01 01:00:00,0.03000000,0.03010000,0.02990000,0.02990000,46530.10000000,TUSDT
2022-10-01 02:00:00,0.02990000,0.03000000,0.02990000,0.02990000,27646.90000000,TUSDT
2022-10-01 03:00:00,0.02990000,0.03000000,0.02980000,0.02990000,170865.00000000,TUSDT
2022-10-01 04:00:00,0.02990000,0.03000000,0.02990000,0.02990000,45059.80000000,TUSDT
2022-10-01 05:00:00,0.02990000,0.03000000,0.02990000,0.02990000,53911.80000000,TUSDT
2022-10-01 06:00:00,0.02990000,0.03000000,0.02990000,0.02990000,53155.70000000,TUSDT
2022-10-01 07:00:00,0.02990000,0.03000000,0.02990000,0.02990000,243406.40000000,TUSDT
2022-10-01 08:00:00,0.02990000,0.03000000,0.02990000,0.02990000,158923.20000000,TUSDT
2022-10-01 09:00:00,0.02990000,0.03000000,0.02990000,0.02990000,142414.50000000,TUSDT
2022-10-01 10:00:00,0.02990000,0.03000000,0.02990000,0.02990000,29321.80000000,TUSDT
2022-10-01 11:00:00,0.02990000,0.02990000,0.02980000,0.02990000,89349.80000000,TUSDT
2022-10-01 12:00:00,0.02990000,0.03000000,0.02980000,0.02980000,69331.60000000,TUSDT
2022-10-01 13:00:00,0.02980000,0.03010000,0.02980000,0.03010000,272144.40000000,TUSDT
2022-10-01 14:00:00,0.03000000,0.03010000,0.02990000,0.02990000,181632.20000000,TUSDT
2022-10-01 15:00:00,0.02990000,0.03000000,0.02970000,0.02990000,1067509.50000000,TUSDT
2022-10-01 16:00:00,0.02990000,0.02990000,0.02970000,0.02980000,197472.70000000,TUSDT
2022-10-01 17:00:00,0.02990000,0.02990000,0.02980000,0.02980000,32620.00000000,TUSDT
2022-10-01 18:00:00,0.02980000,0.02980000,0.02960000,0.02970000,116115.90000000,TUSDT
2022-10-01 19:00:00,0.02970000,0.02980000,0.02970000,0.02970000,87404.70000000,TUSDT
2022-10-01 20:00:00,0.02970000,0.02980000,0.02960000,0.02970000,86129.00000000,TUSDT
2022-10-01 21:00:00,0.02970000,0.02980000,0.02960000,0.02980000,153638.70000000,TUSDT
2022-10-01 22:00:00,0.02970000,0.02980000,0.02970000,0.02970000,39773.60000000,TUSDT
2022-10-01 23:00:00,0.02970000,0.02980000,0.02960000,0.02960000,221683.60000000,TUSDT
2022-10-02 00:00:00,0.02960000,0.02980000,0.02960000,0.02970000,89525.00000000,TUSDT
2022-10-02 01:00:00,0.02970000,0.02970000,0.02970000,0.02970000,32815.50000000,TUSDT
2022-10-02 02:00:00,0.02970000,0.02980000,0.02970000,0.02970000,60885.50000000,TUSDT
2022-10-02 03:00:00,0.02970000,0.02980000,0.02970000,0.02980000,72041.40000000,TUSDT
2022-10-02 04:00:00,0.02980000,0.02980000,0.02970000,0.02970000,246777.50000000,TUSDT
2022-10-02 05:00:00,0.02980000,0.02980000,0.02960000,0.02970000,105353.50000000,TUSDT
2022-10-02 06:00:00,0.02970000,0.02980000,0.02970000,0.02980000,107547.00000000,TUSDT
2022-10-02 07:00:00,0.02980000,0.02990000,0.02970000,0.02980000,27105.20000000,TUSDT
2022-10-02 08:00:00,0.02980000,0.03170000,0.02980000,0.03080000,13569652.50000000,TUSDT
2022-10-02 09:00:00,0.03080000,0.03080000,0.03020000,0.03020000,1962652.10000000,TUSDT
2022-10-02 10:00:00,0.03020000,0.03040000,0.02940000,0.02970000,2155741.70000000,TUSDT
2022-10-02 11:00:00,0.02960000,0.03020000,0.02960000,0.03000000,547915.50000000,TUSDT
2022-10-02 12:00:00,0.03000000,0.03000000,0.02960000,0.02960000,483994.50000000,TUSDT
2022-10-02 13:00:00,0.02960000,0.02980000,0.02960000,0.02970000,207359.60000000,TUSDT
2022-10-02 14:00:00,0.02960000,0.02980000,0.02960000,0.02970000,76651.40000000,TUSDT
2022-10-02 15:00:00,0.02970000,0.02980000,0.02960000,0.02970000,169858.00000000,TUSDT
2022-10-02 16:00:00,0.02970000,0.02980000,0.02960000,0.02960000,97945.20000000,TUSDT
2022-10-02 17:00:00,0.02970000,0.02980000,0.02960000,0.02970000,26681.80000000,TUSDT
2022-10-02 18:00:00,0.02970000,0.02980000,0.02970000,0.02980000,92808.10000000,TUSDT
2022-10-02 19:00:00,0.02980000,0.03020000,0.02980000,0.02990000,1181251.10000000,TUSDT
2022-10-02 20:00:00,0.02990000,0.03020000,0.02990000,0.03000000,274944.70000000,TUSDT
2022-10-02 21:00:00,0.03000000,0.03010000,0.02980000,0.02990000,146305.80000000,TUSDT
2022-10-02 22:00:00,0.02990000,0.03000000,0.02980000,0.02980000,42726.40000000,TUSDT
2022-10-02 23:00:00,0.02980000,0.02980000,0.02960000,0.02970000,209007.00000000,TUSDT
2022-10-03 00:00:00,0.02970000,0.02980000,0.02950000,0.02960000,198217.30000000,TUSDT
2022-10-03 01:00:00,0.02960000,0.02970000,0.02960000,0.02960000,40528.50000000,TUSDT
2022-10-03 02:00:00,0.02960000,0.02970000,0.02960000,0.02960000,151001.10000000,TUSDT
2022-10-03 03:00:00,0.02960000,0.02980000,0.02960000,0.02970000,166461.20000000,TUSDT
2022-10-03 04:00:00,0.02970000,0.02970000,0.02950000,0.02950000,130328.20000000,TUSDT
2022-10-03 05:00:00,0.02950000,0.02960000,0.02940000,0.02950000,633032.30000000,TUSDT
2022-10-03 06:00:00,0.02950000,0.02970000,0.02950000,0.02950000,290732.60000000,TUSDT
2022-10-03 07:00:00,0.02950000,0.02970000,0.02950000,0.02950000,150607.10000000,TUSDT
2022-10-03 08:00:00,0.02950000,0.02960000,0.02940000,0.02950000,124914.40000000,TUSDT
2022-10-03 09:00:00,0.02960000,0.02960000,0.02940000,0.02950000,590098.40000000,TUSDT
2022-10-03 10:00:00,0.02950000,0.02960000,0.02920000,0.02960000,1138721.10000000,TUSDT
2022-10-03 11:00:00,0.02960000,0.02970000,0.02960000,0.02960000,23557.40000000,TUSDT
2022-10-03 12:00:00,0.02960000,0.02980000,0.02960000,0.02980000,354572.60000000,TUSDT
2022-10-03 13:00:00,0.02980000,0.02980000,0.02960000,0.02960000,183696.60000000,TUSDT
2022-10-03 14:00:00,0.02960000,0.02990000,0.02960000,0.02990000,250777.00000000,TUSDT
2022-10-03 15:00:00,0.02990000,0.03000000,0.02990000,0.02990000,215045.50000000,TUSDT
2022-10-03 16:00:00,0.02990000,0.03000000,0.02990000,0.02990000,34534.00000000,TUSDT
2022-10-03 17:00:00,0.02990000,0.03010000,0.02990000,0.03000000,362530.90000000,TUSDT
2022-10-03 18:00:00,0.03000000,0.03010000,0.02990000,0.02990000,229354.40000000,TUSDT
2022-10-03 19:00:00,0.02990000,0.03000000,0.02990000,0.02990000,98200.60000000,TUSDT
2022-10-03 20:00:00,0.02990000,0.03000000,0.02990000,0.03000000,32746.70000000,TUSDT
2022-10-03 21:00:00,0.03000000,0.03000000,0.02990000,0.02990000,267754.80000000,TUSDT
2022-10-03 22:00:00,0.02990000,0.03010000,0.02990000,0.02990000,325779.90000000,TUSDT
2022-10-03 23:00:00,0.02990000,0.03020000,0.02990000,0.03010000,381012.80000000,TUSDT
2022-10-04 00:00:00,0.03010000,0.03090000,0.03010000,0.03010000,2176834.30000000,TUSDT
2022-10-04 01:00:00,0.03010000,0.03020000,0.03010000,0.03010000,135506.30000000,TUSDT
2022-10-04 02:00:00,0.03010000,0.03020000,0.02990000,0.02990000,929269.30000000,TUSDT
2022-10-04 03:00:00,0.02990000,0.03000000,0.02990000,0.03000000,96392.00000000,TUSDT
2022-10-04 04:00:00,0.03000000,0.03010000,0.02990000,0.02990000,527768.70000000,TUSDT
2022-10-04 05:00:00,0.02990000,0.03000000,0.02990000,0.03000000,47889.80000000,TUSDT
2022-10-04 06:00:00,0.03000000,0.03020000,0.02990000,0.03020000,322241.30000000,TUSDT
2022-10-04 07:00:00,0.03020000,0.03040000,0.03010000,0.03020000,242161.90000000,TUSDT
2022-10-04 08:00:00,0.03020000,0.03040000,0.03020000,0.03020000,154917.50000000,TUSDT
2022-10-04 09:00:00,0.03020000,0.03030000,0.03000000,0.03020000,1078457.90000000,TUSDT
2022-10-04 10:00:00,0.03020000,0.03030000,0.03020000,0.03030000,63582.00000000,TUSDT
2022-10-04 11:00:00,0.03030000,0.03030000,0.03020000,0.03020000,65661.60000000,TUSDT
2022-10-04 12:00:00,0.03020000,0.03040000,0.03020000,0.03020000,178353.80000000,TUSDT
2022-10-04 13:00:00,0.03020000,0.03060000,0.03020000,0.03040000,742898.80000000,TUSDT
2022-10-04 14:00:00,0.03050000,0.03050000,0.03030000,0.03030000,331736.90000000,TUSDT
2022-10-04 15:00:00,0.03030000,0.03030000,0.03030000,0.03030000,30598.60000000,TUSDT
2022-10-04 16:00:00,0.03030000,0.03030000,0.03030000,0.03030000,81743.20000000,TUSDT
2022-10-04 17:00:00,0.03030000,0.03040000,0.03020000,0.03020000,169633.60000000,TUSDT
2022-10-04 18:00:00,0.03030000,0.03040000,0.03020000,0.03030000,100310.90000000,TUSDT
2022-10-04 19:00:00,0.03030000,0.03040000,0.03020000,0.03040000,359264.70000000,TUSDT
2022-10-04 20:00:00,0.03040000,0.03050000,0.03030000,0.03050000,500921.40000000,TUSDT
2022-10-04 21:00:00,0.03050000,0.03050000,0.03020000,0.03040000,425411.80000000,TUSDT
2022-10-04 22:00:00,0.03040000,0.03060000,0.03040000,0.03050000,75030.20000000,TUSDT
2022-10-04 23:00:00,0.03050000,0.03070000,0.03050000,0.03060000,245446.60000000,TUSDT
2022-10-05 00:00:00,0.03060000,0.03060000,0.03050000,0.03050000,64834.50000000,TUSDT
2022-10-05 01:00:00,0.03050000,0.03060000,0.03050000,0.03050000,32461.10000000,TUSDT
2022-10-05 02:00:00,0.03050000,0.03050000,0.03040000,0.03040000,56501.50000000,TUSDT
2022-10-05 03:00:00,0.03040000,0.03040000,0.03020000,0.03030000,318586.40000000,TUSDT
2022-10-05 04:00:00,0.03030000,0.03040000,0.03020000,0.03030000,80774.40000000,TUSDT
2022-10-05 05:00:00,0.03030000,0.03050000,0.03020000,0.03030000,1019521.70000000,TUSDT
2022-10-05 06:00:00,0.03030000,0.03060000,0.03030000,0.03040000,483940.10000000,TUSDT
2022-10-05 07:00:00,0.03040000,0.03040000,0.03030000,0.03040000,347425.10000000,TUSDT
2022-10-05 08:00:00,0.03040000,0.03050000,0.03020000,0.03030000,345040.70000000,TUSDT
2022-10-05 09:00:00,0.03030000,0.03030000,0.03000000,0.03000000,606115.70000000,TUSDT
2022-10-05 10:00:00,0.03000000,0.03010000,0.03000000,0.03000000,108948.30000000,TUSDT
2022-10-05 11:00:00,0.03000000,0.03010000,0.03000000,0.03000000,62405.40000000,TUSDT
2022-10-05 12:00:00,0.03000000,0.03000000,0.02990000,0.02990000,114621.90000000,TUSDT
2022-10-05 13:00:00,0.02990000,0.03000000,0.02980000,0.02990000,321776.20000000,TUSDT
2022-10-05 14:00:00,0.02990000,0.02990000,0.02980000,0.02990000,122761.90000000,TUSDT
2022-10-05 15:00:00,0.02990000,0.03010000,0.02990000,0.03000000,125369.80000000,TUSDT
2022-10-05 16:00:00,0.03010000,0.03030000,0.03000000,0.03020000,64358.70000000,TUSDT
2022-10-05 17:00:00,0.03020000,0.03030000,0.03020000,0.03020000,21835.50000000,TUSDT
2022-10-05 18:00:00,0.03020000,0.03040000,0.03020000,0.03020000,124657.90000000,TUSDT
2022-10-05 19:00:00,0.03020000,0.03030000,0.03010000,0.03010000,35847.70000000,TUSDT
2022-10-05 20:00:00,0.03010000,0.03020000,0.03000000,0.03000000,56693.50000000,TUSDT
2022-10-05 21:00:00,0.03000000,0.03010000,0.03000000,0.03000000,44404.00000000,TUSDT
2022-10-05 22:00:00,0.03000000,0.03040000,0.03000000,0.03020000,1150121.80000000,TUSDT
2022-10-05 23:00:00,0.03020000,0.03030000,0.03010000,0.03020000,163366.00000000,TUSDT
2022-10-06 00:00:00,0.03020000,0.03070000,0.03020000,0.03050000,720635.30000000,TUSDT
2022-10-06 01:00:00,0.03040000,0.03050000,0.03040000,0.03050000,46325.70000000,TUSDT
2022-10-06 02:00:00,0.03050000,0.03060000,0.03050000,0.03050000,23903.80000000,TUSDT
2022-10-06 03:00:00,0.03050000,0.03050000,0.03040000,0.03040000,81619.40000000,TUSDT
2022-10-06 04:00:00,0.03040000,0.03050000,0.03040000,0.03050000,55437.10000000,TUSDT
2022-10-06 05:00:00,0.03050000,0.03060000,0.03040000,0.03040000,63488.00000000,TUSDT
2022-10-06 06:00:00,0.03040000,0.03050000,0.03030000,0.03040000,91827.20000000,TUSDT
2022-10-06 07:00:00,0.03030000,0.03040000,0.03030000,0.03030000,25632.80000000,TUSDT
2022-10-06 08:00:00,0.03030000,0.03040000,0.03020000,0.03030000,145287.90000000,TUSDT
2022-10-06 09:00:00,0.03030000,0.03060000,0.03020000,0.03030000,830648.50000000,TUSDT
2022-10-06 10:00:00,0.03030000,0.03040000,0.03020000,0.03020000,228010.00000000,TUSDT
2022-10-06 11:00:00,0.03020000,0.03040000,0.03020000,0.03030000,297262.60000000,TUSDT
2022-10-06 12:00:00,0.03030000,0.03040000,0.03020000,0.03030000,358270.50000000,TUSDT
2022-10-06 13:00:00,0.03020000,0.03040000,0.03020000,0.03030000,332324.10000000,TUSDT
2022-10-06 14:00:00,0.03020000,0.03030000,0.03000000,0.03030000,1583267.90000000,TUSDT
2022-10-06 15:00:00,0.03040000,0.03080000,0.03030000,0.03030000,2313586.00000000,TUSDT
2022-10-06 16:00:00,0.03030000,0.03040000,0.03030000,0.03030000,89550.30000000,TUSDT
2022-10-06 17:00:00,0.03030000,0.03030000,0.03020000,0.03020000,139553.50000000,TUSDT
2022-10-06 18:00:00,0.03020000,0.03030000,0.03010000,0.03010000,243909.50000000,TUSDT
2022-10-06 19:00:00,0.03010000,0.03020000,0.03010000,0.03010000,62076.10000000,TUSDT
2022-10-06 20:00:00,0.03010000,0.03030000,0.03010000,0.03020000,209594.10000000,TUSDT
2022-10-06 21:00:00,0.03020000,0.03030000,0.03000000,0.03010000,187874.30000000,TUSDT
2022-10-06 22:00:00,0.03010000,0.03020000,0.03000000,0.03010000,125332.90000000,TUSDT
2022-10-06 23:00:00,0.03010000,0.03010000,0.02980000,0.03000000,2992743.10000000,TUSDT
2022-10-07 00:00:00,0.03000000,0.03020000,0.03000000,0.03000000,177725.00000000,TUSDT
2022-10-07 01:00:00,0.03000000,0.03010000,0.02990000,0.02990000,104847.40000000,TUSDT
2022-10-07 02:00:00,0.02990000,0.03010000,0.02990000,0.03000000,94608.20000000,TUSDT
2022-10-07 03:00:00,0.03000000,0.03010000,0.03000000,0.03010000,160863.50000000,TUSDT
2022-10-07 04:00:00,0.03010000,0.03020000,0.03000000,0.03000000,31458.00000000,TUSDT
2022-10-07 05:00:00,0.03000000,0.03010000,0.03000000,0.03000000,69180.60000000,TUSDT
2022-10-07 06:00:00,0.03000000,0.03000000,0.02990000,0.02990000,673898.90000000,TUSDT
2022-10-07 07:00:00,0.02990000,0.03000000,0.02990000,0.02990000,429281.10000000,TUSDT
2022-10-07 08:00:00,0.02990000,0.03010000,0.02990000,0.03000000,108643.40000000,TUSDT
2022-10-07 09:00:00,0.03000000,0.03010000,0.03000000,0.03000000,49503.50000000,TUSDT
2022-10-07 10:00:00,0.03000000,0.03000000,0.02990000,0.03000000,454860.00000000,TUSDT
2022-10-07 11:00:00,0.03000000,0.03020000,0.02960000,0.03000000,1639167.40000000,TUSDT
2022-10-07 12:00:00,0.03000000,0.03010000,0.02950000,0.02970000,575139.10000000,TUSDT
2022-10-07 13:00:00,0.02970000,0.03040000,0.02960000,0.02990000,1117996.80000000,TUSDT
2022-10-07 14:00:00,0.02990000,0.03070000,0.02990000,0.03010000,1253105.90000000,TUSDT
2022-10-07 15:00:00,0.03010000,0.03030000,0.03000000,0.03020000,524619.10000000,TUSDT
2022-10-07 16:00:00,0.03010000,0.03020000,0.02980000,0.02990000,642642.10000000,TUSDT
2022-10-07 17:00:00,0.02990000,0.03010000,0.02980000,0.02990000,920527.60000000,TUSDT
2022-10-07 18:00:00,0.02990000,0.03040000,0.02990000,0.03030000,315546.20000000,TUSDT
2022-10-07 19:00:00,0.03030000,0.03040000,0.03000000,0.03000000,773760.70000000,TUSDT
2022-10-07 20:00:00,0.03000000,0.03020000,0.03000000,0.03000000,235980.80000000,TUSDT
2022-10-07 21:00:00,0.03000000,0.03020000,0.03000000,0.03000000,181022.20000000,TUSDT
2022-10-07 22:00:00,0.03000000,0.03010000,0.02990000,0.03000000,622279.60000000,TUSDT
2022-10-07 23:00:00,0.03000000,0.03020000,0.03000000,0.03000000,581264.70000000,TUSDT
2022-10-08 00:00:00,0.03000000,0.03040000,0.03000000,0.03040000,910152.50000000,TUSDT
2022-10-08 01:00:00,0.03030000,0.03050000,0.03010000,0.03030000,485153.20000000,TUSDT
2022-10-08 02:00:00,0.03030000,0.03030000,0.03020000,0.03020000,735482.10000000,TUSDT
2022-10-08 03:00:00,0.03020000,0.03030000,0.03010000,0.03020000,52628.00000000,TUSDT
2022-10-08 04:00:00,0.03020000,0.03040000,0.03010000,0.03020000,623861.30000000,TUSDT
2022-10-08 05:00:00,0.03020000,0.03040000,0.03020000,0.03020000,33566.50000000,TUSDT
2022-10-08 06:00:00,0.03020000,0.03070000,0.03020000,0.03040000,1969433.30000000,TUSDT
2022-10-08 07:00:00,0.03050000,0.03100000,0.03040000,0.03060000,2081184.90000000,TUSDT
2022-10-08 08:00:00,0.03060000,0.03060000,0.03030000,0.03040000,597798.20000000,TUSDT
2022-10-08 09:00:00,0.03040000,0.03050000,0.03030000,0.03040000,136935.70000000,TUSDT
2022-10-08 10:00:00,0.03040000,0.03060000,0.03030000,0.03030000,513762.80000000,TUSDT
2022-10-08 11:00:00,0.03030000,0.03050000,0.03030000,0.03040000,188770.10000000,TUSDT
2022-10-08 12:00:00,0.03040000,0.03060000,0.03040000,0.03040000,30193.30000000,TUSDT
2022-10-08 13:00:00,0.03040000,0.03050000,0.03030000,0.03030000,212387.40000000,TUSDT
2022-10-08 14:00:00,0.03030000,0.03040000,0.03020000,0.03040000,509947.60000000,TUSDT
2022-10-08 15:00:00,0.03030000,0.03040000,0.03020000,0.03030000,121979.80000000,TUSDT
2022-10-08 16:00:00,0.03030000,0.03040000,0.03020000,0.03030000,50428.60000000,TUSDT
2022-10-08 17:00:00,0.03030000,0.03030000,0.03020000,0.03030000,37133.50000000,TUSDT
2022-10-08 18:00:00,0.03030000,0.03060000,0.03020000,0.03030000,505578.30000000,TUSDT
2022-10-08 19:00:00,0.03020000,0.03040000,0.03020000,0.03030000,313251.20000000,TUSDT
2022-10-08 20:00:00,0.03030000,0.03040000,0.03020000,0.03020000,51903.60000000,TUSDT
2022-10-08 21:00:00,0.03020000,0.03030000,0.03010000,0.03010000,299405.70000000,TUSDT
2022-10-08 22:00:00,0.03010000,0.03020000,0.03010000,0.03020000,400616.30000000,TUSDT
2022-10-08 23:00:00,0.03010000,0.03030000,0.03010000,0.03010000,240321.50000000,TUSDT
2022-10-09 00:00:00,0.03010000,0.03050000,0.02990000,0.03000000,995346.50000000,TUSDT
2022-10-09 01:00:00,0.03000000,0.03000000,0.03000000,0.03000000,118460.50000000,TUSDT
2022-10-09 02:00:00,0.03000000,0.03010000,0.03000000,0.03000000,26301.20000000,TUSDT
2022-10-09 03:00:00,0.03000000,0.03010000,0.02980000,0.02990000,729814.50000000,TUSDT
2022-10-09 04:00:00,0.02990000,0.03000000,0.02990000,0.03000000,190516.50000000,TUSDT
2022-10-09 05:00:00,0.03000000,0.03010000,0.02990000,0.03000000,48996.80000000,TUSDT
2022-10-09 06:00:00,0.03000000,0.03010000,0.02980000,0.03000000,812684.80000000,TUSDT
2022-10-09 07:00:00,0.03000000,0.03010000,0.02990000,0.02990000,784029.00000000,TUSDT
2022-10-09 08:00:00,0.02990000,0.03000000,0.02980000,0.02980000,419589.10000000,TUSDT
2022-10-09 09:00:00,0.02990000,0.03010000,0.02980000,0.03000000,295279.10000000,TUSDT
2022-10-09 10:00:00,0.03000000,0.03030000,0.03000000,0.03020000,460299.30000000,TUSDT
2022-10-09 11:00:00,0.03020000,0.03030000,0.03010000,0.03010000,45000.70000000,TUSDT
2022-10-09 12:00:00,0.03020000,0.03030000,0.03010000,0.03030000,122977.30000000,TUSDT
2022-10-09 13:00:00,0.03010000,0.03030000,0.03010000,0.03010000,548530.40000000,TUSDT
2022-10-09 14:00:00,0.03030000,0.03030000,0.03020000,0.03030000,226713.30000000,TUSDT
2022-10-09 15:00:00,0.03030000,0.03040000,0.03020000,0.03030000,124514.20000000,TUSDT
2022-10-09 16:00:00,0.03020000,0.03030000,0.03020000,0.03030000,94675.50000000,TUSDT
2022-10-09 17:00:00,0.03030000,0.03030000,0.03020000,0.03020000,107873.50000000,TUSDT
2022-10-09 18:00:00,0.03020000,0.03030000,0.03020000,0.03030000,279062.10000000,TUSDT
2022-10-09 19:00:00,0.03020000,0.03030000,0.03000000,0.03020000,847193.90000000,TUSDT
2022-10-09 20:00:00,0.03010000,0.03020000,0.03010000,0.03020000,84629.60000000,TUSDT
2022-10-09 21:00:00,0.03010000,0.03020000,0.03010000,0.03020000,285833.50000000,TUSDT
2022-10-09 22:00:00,0.03010000,0.03020000,0.02980000,0.03010000,2879958.10000000,TUSDT
2022-10-09 23:00:00,0.03010000,0.03030000,0.02990000,0.03030000,1927423.60000000,TUSDT
2022-10-10 00:00:00,0.03020000,0.03030000,0.03000000,0.03020000,1849867.70000000,TUSDT
2022-10-10 01:00:00,0.03030000,0.03040000,0.03020000,0.03030000,986038.20000000,TUSDT
2022-10-10 02:00:00,0.03030000,0.03030000,0.03020000,0.03030000,333103.50000000,TUSDT
2022-10-10 03:00:00,0.03020000,0.03030000,0.03010000,0.03020000,346256.00000000,TUSDT
2022-10-10 04:00:00,0.03010000,0.03020000,0.03010000,0.03020000,77885.80000000,TUSDT
2022-10-10 05:00:00,0.03020000,0.03020000,0.03000000,0.03000000,118711.90000000,TUSDT
2022-10-10 06:00:00,0.03000000,0.03090000,0.03000000,0.03040000,4573435.00000000,TUSDT
2022-10-10 07:00:00,0.03040000,0.03040000,0.03020000,0.03030000,342356.60000000,TUSDT
2022-10-10 08:00:00,0.03020000,0.03020000,0.02970000,0.03000000,625467.70000000,TUSDT
2022-10-10 09:00:00,0.02990000,0.03010000,0.02990000,0.03000000,385874.40000000,TUSDT
2022-10-10 10:00:00,0.03010000,0.03010000,0.02990000,0.03000000,367565.70000000,TUSDT
2022-10-10 11:00:00,0.03010000,0.03010000,0.02990000,0.03000000,186440.40000000,TUSDT
2022-10-10 12:00:00,0.03000000,0.03000000,0.02990000,0.03000000,431607.50000000,TUSDT
2022-10-10 13:00:00,0.03010000,0.03010000,0.02970000,0.02990000,3223046.10000000,TUSDT
2022-10-10 14:00:00,0.02990000,0.03000000,0.02970000,0.02980000,330174.20000000,TUSDT
2022-10-10 15:00:00,0.02980000,0.02990000,0.02970000,0.02980000,152090.60000000,TUSDT
2022-10-10 16:00:00,0.02980000,0.03000000,0.02950000,0.02950000,504083.80000000,TUSDT
2022-10-10 17:00:00,0.02960000,0.02980000,0.02950000,0.02970000,322351.70000000,TUSDT
2022-10-10 18:00:00,0.02970000,0.02990000,0.02970000,0.02970000,441527.50000000,TUSDT
2022-10-10 19:00:00,0.02970000,0.03000000,0.02960000,0.03000000,330000.40000000,TUSDT
2022-10-10 20:00:00,0.02980000,0.02980000,0.02970000,0.02970000,163969.90000000,TUSDT
2022-10-10 21:00:00,0.02970000,0.02980000,0.02960000,0.02970000,141089.80000000,TUSDT
2022-10-10 22:00:00,0.02970000,0.02970000,0.02930000,0.02950000,346281.80000000,TUSDT
2022-10-10 23:00:00,0.02940000,0.02960000,0.02940000,0.02940000,199047.00000000,TUSDT
2022-10-11 00:00:00,0.02940000,0.02940000,0.02890000,0.02910000,389983.10000000,TUSDT
2022-10-11 01:00:00,0.02910000,0.02920000,0.02900000,0.02900000,200946.70000000,TUSDT
2022-10-11 02:00:00,0.02900000,0.02910000,0.02890000,0.02900000,178286.50000000,TUSDT
2022-10-11 03:00:00,0.02900000,0.02910000,0.02880000,0.02890000,296504.50000000,TUSDT
2022-10-11 04:00:00,0.02890000,0.02900000,0.02880000,0.02880000,283900.00000000,TUSDT
2022-10-11 05:00:00,0.02880000,0.02900000,0.02880000,0.02890000,43082.60000000,TUSDT
2022-10-11 06:00:00,0.02900000,0.02910000,0.02880000,0.02890000,375044.20000000,TUSDT
2022-10-11 07:00:00,0.02890000,0.02900000,0.02880000,0.02890000,729585.40000000,TUSDT
2022-10-11 08:00:00,0.02890000,0.02900000,0.02880000,0.02890000,740800.30000000,TUSDT
2022-10-11 09:00:00,0.02900000,0.02900000,0.02860000,0.02860000,343360.50000000,TUSDT
2022-10-11 10:00:00,0.02860000,0.02870000,0.02860000,0.02870000,178694.90000000,TUSDT
2022-10-11 11:00:00,0.02870000,0.02880000,0.02860000,0.02870000,387005.20000000,TUSDT
2022-10-11 12:00:00,0.02870000,0.02900000,0.02870000,0.02880000,294529.30000000,TUSDT
2022-10-11 13:00:00,0.02880000,0.02890000,0.02860000,0.02870000,143151.30000000,TUSDT
2022-10-11 14:00:00,0.02870000,0.02890000,0.02850000,0.02880000,462802.00000000,TUSDT
2022-10-11 15:00:00,0.02880000,0.02890000,0.02870000,0.02880000,396784.50000000,TUSDT
2022-10-11 16:00:00,0.02890000,0.02900000,0.02880000,0.02890000,646141.60000000,TUSDT
2022-10-11 17:00:00,0.02890000,0.02910000,0.02890000,0.02890000,193000.20000000,TUSDT
2022-10-11 18:00:00,0.02890000,0.02910000,0.02880000,0.02880000,128875.20000000,TUSDT
2022-10-11 19:00:00,0.02880000,0.02880000,0.02870000,0.02870000,109325.70000000,TUSDT
2022-10-11 20:00:00,0.02870000,0.02880000,0.02870000,0.02870000,209852.20000000,TUSDT
2022-10-11 21:00:00,0.02870000,0.02880000,0.02860000,0.02870000,446091.30000000,TUSDT
2022-10-11 22:00:00,0.02870000,0.02880000,0.02870000,0.02870000,35254.40000000,TUSDT
2022-10-11 23:00:00,0.02870000,0.02890000,0.02870000,0.02870000,836128.40000000,TUSDT
2022-10-12 00:00:00,0.02880000,0.02910000,0.02880000,0.02880000,456017.80000000,TUSDT
2022-10-12 01:00:00,0.02880000,0.02920000,0.02880000,0.02880000,937532.30000000,TUSDT
2022-10-12 02:00:00,0.02890000,0.02890000,0.02880000,0.02880000,33981.00000000,TUSDT
2022-10-12 03:00:00,0.02880000,0.02880000,0.02870000,0.02870000,341139.40000000,TUSDT
2022-10-12 04:00:00,0.02870000,0.02890000,0.02870000,0.02880000,29733.40000000,TUSDT
2022-10-12 05:00:00,0.02880000,0.02890000,0.02880000,0.02890000,163612.80000000,TUSDT
2022-10-12 06:00:00,0.02890000,0.02890000,0.02880000,0.02880000,164662.70000000,TUSDT
2022-10-12 07:00:00,0.02880000,0.02890000,0.02870000,0.02880000,766565.00000000,TUSDT
2022-10-12 08:00:00,0.02880000,0.02890000,0.02880000,0.02880000,91543.70000000,TUSDT
2022-10-12 09:00:00,0.02880000,0.02900000,0.02880000,0.02890000,204367.10000000,TUSDT
2022-10-12 10:00:00,0.02890000,0.02900000,0.02890000,0.02890000,53322.20000000,TUSDT
2022-10-12 11:00:00,0.02900000,0.02900000,0.02880000,0.02880000,86986.00000000,TUSDT
2022-10-12 12:00:00,0.02880000,0.02890000,0.02860000,0.02870000,340991.10000000,TUSDT
2022-10-12 13:00:00,0.02870000,0.02890000,0.02870000,0.02880000,171198.20000000,TUSDT
2022-10-12 14:00:00,0.02880000,0.02890000,0.02870000,0.02880000,106191.60000000,TUSDT
2022-10-12 15:00:00,0.02880000,0.02910000,0.02880000,0.02880000,1212586.00000000,TUSDT
2022-10-12 16:00:00,0.02880000,0.02880000,0.02880000,0.02880000,164908.00000000,TUSDT
2022-10-12 17:00:00,0.02880000,0.02900000,0.02880000,0.02890000,73158.00000000,TUSDT
2022-10-12 18:00:00,0.02900000,0.02900000,0.02870000,0.02890000,63094.30000000,TUSDT
2022-10-12 19:00:00,0.02890000,0.02890000,0.02870000,0.02870000,229800.00000000,TUSDT
2022-10-12 20:00:00,0.02880000,0.02890000,0.02870000,0.02870000,91947.40000000,TUSDT
2022-10-12 21:00:00,0.02870000,0.02890000,0.02870000,0.02880000,38862.80000000,TUSDT
2022-10-12 22:00:00,0.02880000,0.02880000,0.02870000,0.02880000,311909.90000000,TUSDT
2022-10-12 23:00:00,0.02880000,0.02880000,0.02860000,0.02870000,831922.80000000,TUSDT
2022-10-13 00:00:00,0.02870000,0.02880000,0.02850000,0.02860000,152218.00000000,TUSDT
2022-10-13 01:00:00,0.02860000,0.02870000,0.02820000,0.02830000,211631.20000000,TUSDT
2022-10-13 02:00:00,0.02830000,0.02850000,0.02820000,0.02830000,1466267.90000000,TUSDT
2022-10-13 03:00:00,0.02830000,0.02850000,0.02830000,0.02840000,133658.20000000,TUSDT
2022-10-13 04:00:00,0.02840000,0.02860000,0.02830000,0.02850000,690453.10000000,TUSDT
2022-10-13 05:00:00,0.02850000,0.02850000,0.02820000,0.02830000,503160.90000000,TUSDT
2022-10-13 06:00:00,0.02820000,0.02840000,0.02770000,0.02780000,540509.50000000,TUSDT
2022-10-13 07:00:00,0.02780000,0.02780000,0.02700000,0.02700000,1588162.10000000,TUSDT
2022-10-13 08:00:00,0.02700000,0.02710000,0.02680000,0.02700000,637504.60000000,TUSDT
2022-10-13 09:00:00,0.02710000,0.02720000,0.02700000,0.02700000,345266.50000000,TUSDT
2022-10-13 10:00:00,0.02700000,0.02710000,0.02590000,0.02660000,3223299.30000000,TUSDT
2022-10-13 11:00:00,0.02650000,0.02680000,0.02640000,0.02670000,870416.30000000,TUSDT
2022-10-13 12:00:00,0.02680000,0.02680000,0.02600000,0.02660000,1808984.00000000,TUSDT
2022-10-13 13:00:00,0.02650000,0.02670000,0.02620000,0.02670000,1014766.40000000,TUSDT
2022-10-13 14:00:00,0.02670000,0.02690000,0.02670000,0.02690000,700216.50000000,TUSDT
2022-10-13 15:00:00,0.02670000,0.02750000,0.02670000,0.02740000,2212112.20000000,TUSDT
2022-10-13 16:00:00,0.02730000,0.02760000,0.02730000,0.02760000,2044482.50000000,TUSDT
2022-10-13 17:00:00,0.02750000,0.02770000,0.02750000,0.02750000,562612.00000000,TUSDT
2022-10-13 18:00:00,0.02750000,0.02770000,0.02750000,0.02770000,92221.90000000,TUSDT
2022-10-13 19:00:00,0.02770000,0.02780000,0.02760000,0.02760000,218664.00000000,TUSDT
2022-10-13 20:00:00,0.02760000,0.02790000,0.02760000,0.02790000,250869.30000000,TUSDT
2022-10-13 21:00:00,0.02780000,0.02790000,0.02780000,0.02780000,129590.90000000,TUSDT
2022-10-13 22:00:00,0.02780000,0.02800000,0.02770000,0.02780000,334750.90000000,TUSDT
2022-10-13 23:00:00,0.02780000,0.02790000,0.02770000,0.02780000,467545.30000000,TUSDT
2022-10-14 00:00:00,0.02780000,0.02780000,0.02760000,0.02770000,70348.60000000,TUSDT
2022-10-14 01:00:00,0.02770000,0.02830000,0.02770000,0.02820000,204856.80000000,TUSDT
2022-10-14 02:00:00,0.02830000,0.02830000,0.02810000,0.02820000,256063.00000000,TUSDT
2022-10-14 03:00:00,0.02820000,0.02830000,0.02820000,0.02820000,34076.60000000,TUSDT
2022-10-14 04:00:00,0.02820000,0.02830000,0.02810000,0.02810000,278785.40000000,TUSDT
2022-10-14 05:00:00,0.02810000,0.02830000,0.02800000,0.02800000,190290.60000000,TUSDT
2022-10-14 06:00:00,0.02800000,0.02820000,0.02800000,0.02810000,68035.60000000,TUSDT
2022-10-14 07:00:00,0.02810000,0.02820000,0.02790000,0.02790000,111898.10000000,TUSDT
2022-10-14 08:00:00,0.02790000,0.02810000,0.02790000,0.02790000,50424.00000000,TUSDT
2022-10-14 09:00:00,0.02790000,0.02800000,0.02790000,0.02790000,114125.20000000,TUSDT
2022-10-14 10:00:00,0.02790000,0.02800000,0.02790000,0.02790000,33499.10000000,TUSDT
2022-10-14 11:00:00,0.02790000,0.02800000,0.02790000,0.02790000,174726.50000000,TUSDT
2022-10-14 12:00:00,0.02790000,0.02820000,0.02790000,0.02820000,288019.40000000,TUSDT
2022-10-14 13:00:00,0.02820000,0.02820000,0.02810000,0.02810000,211721.60000000,TUSDT
2022-10-14 14:00:00,0.02810000,0.02810000,0.02770000,0.02780000,780742.60000000,TUSDT
2022-10-14 15:00:00,0.02780000,0.02790000,0.02770000,0.02770000,39201.40000000,TUSDT
2022-10-14 16:00:00,0.02770000,0.02780000,0.02760000,0.02770000,171235.10000000,TUSDT
2022-10-14 17:00:00,0.02770000,0.02780000,0.02760000,0.02770000,101242.40000000,TUSDT
2022-10-14 18:00:00,0.02770000,0.02780000,0.02760000,0.02770000,88217.70000000,TUSDT
2022-10-14 19:00:00,0.02770000,0.02770000,0.02750000,0.02750000,45070.00000000,TUSDT
2022-10-14 20:00:00,0.02750000,0.02770000,0.02750000,0.02750000,1193231.10000000,TUSDT
2022-10-14 21:00:00,0.02750000,0.02780000,0.02750000,0.02750000,895761.50000000,TUSDT
2022-10-14 22:00:00,0.02750000,0.02750000,0.02710000,0.02730000,805206.30000000,TUSDT
2022-10-14 23:00:00,0.02730000,0.02760000,0.02730000,0.02760000,262425.30000000,TUSDT
2022-10-15 00:00:00,0.02760000,0.02760000,0.02750000,0.02750000,84316.40000000,TUSDT
2022-10-15 01:00:00,0.02750000,0.02760000,0.02740000,0.02750000,402002.90000000,TUSDT
2022-10-15 02:00:00,0.02750000,0.02760000,0.02750000,0.02760000,89402.50000000,TUSDT
2022-10-15 03:00:00,0.02760000,0.02770000,0.02750000,0.02770000,178739.40000000,TUSDT
2022-10-15 04:00:00,0.02770000,0.02780000,0.02760000,0.02760000,157040.20000000,TUSDT
2022-10-15 05:00:00,0.02760000,0.02780000,0.02760000,0.02760000,203149.90000000,TUSDT
2022-10-15 06:00:00,0.02770000,0.02800000,0.02760000,0.02790000,2811512.00000000,TUSDT
2022-10-15 07:00:00,0.02780000,0.02840000,0.02770000,0.02810000,5561630.50000000,TUSDT
2022-10-15 08:00:00,0.02820000,0.02840000,0.02800000,0.02820000,2224183.20000000,TUSDT
2022-10-15 09:00:00,0.02820000,0.02840000,0.02800000,0.02830000,1175502.20000000,TUSDT
2022-10-15 10:00:00,0.02820000,0.02830000,0.02810000,0.02820000,936799.60000000,TUSDT
2022-10-15 11:00:00,0.02810000,0.02820000,0.02780000,0.02800000,1210438.20000000,TUSDT
2022-10-15 12:00:00,0.02810000,0.02810000,0.02790000,0.02800000,499951.20000000,TUSDT
2022-10-15 13:00:00,0.02810000,0.02810000,0.02790000,0.02800000,207720.80000000,TUSDT
2022-10-15 14:00:00,0.02800000,0.02820000,0.02790000,0.02800000,554713.20000000,TUSDT
2022-10-15 15:00:00,0.02800000,0.02820000,0.02800000,0.02810000,109341.10000000,TUSDT
2022-10-15 16:00:00,0.02810000,0.02820000,0.02810000,0.02810000,76695.00000000,TUSDT
2022-10-15 17:00:00,0.02810000,0.02810000,0.02800000,0.02800000,186966.90000000,TUSDT
2022-10-15 18:00:00,0.02800000,0.02810000,0.02790000,0.02800000,115954.80000000,TUSDT
2022-10-15 19:00:00,0.02800000,0.02810000,0.02800000,0.02800000,102935.90000000,TUSDT
2022-10-15 20:00:00,0.02800000,0.02800000,0.02800000,0.02800000,73155.50000000,TUSDT
2022-10-15 21:00:00,0.02800000,0.02810000,0.02790000,0.02790000,167473.90000000,TUSDT
2022-10-15 22:00:00,0.02800000,0.02810000,0.02780000,0.02780000,243223.00000000,TUSDT
2022-10-15 23:00:00,0.02780000,0.02800000,0.02770000,0.02790000,198877.70000000,TUSDT
2022-10-16 00:00:00,0.02790000,0.02820000,0.02790000,0.02810000,320838.70000000,TUSDT
2022-10-16 01:00:00,0.02810000,0.02830000,0.02800000,0.02820000,375941.40000000,TUSDT
2022-10-16 02:00:00,0.02820000,0.02830000,0.02810000,0.02810000,104211.30000000,TUSDT
2022-10-16 03:00:00,0.02810000,0.02810000,0.02810000,0.02810000,64661.50000000,TUSDT
2022-10-16 04:00:00,0.02810000,0.02820000,0.02810000,0.02810000,82052.60000000,TUSDT
2022-10-16 05:00:00,0.02810000,0.02870000,0.02800000,0.02810000,3134249.50000000,TUSDT
2022-10-16 06:00:00,0.02810000,0.02830000,0.02800000,0.02820000,224258.50000000,TUSDT
2022-10-16 07:00:00,0.02820000,0.02820000,0.02810000,0.02810000,212805.40000000,TUSDT
2022-10-16 08:00:00,0.02810000,0.02820000,0.02810000,0.02810000,149609.30000000,TUSDT
2022-10-16 09:00:00,0.02820000,0.02850000,0.02800000,0.02820000,1536192.70000000,TUSDT
2022-10-16 10:00:00,0.02830000,0.02830000,0.02810000,0.02810000,172538.90000000,TUSDT
2022-10-16 11:00:00,0.02810000,0.02850000,0.02790000,0.02810000,1275487.80000000,TUSDT
2022-10-16 12:00:00,0.02810000,0.02820000,0.02800000,0.02800000,386520.70000000,TUSDT
2022-10-16 13:00:00,0.02800000,0.02830000,0.02800000,0.02800000,1042637.30000000,TUSDT
2022-10-16 14:00:00,0.02800000,0.02820000,0.02800000,0.02800000,93834.20000000,TUSDT
2022-10-16 15:00:00,0.02800000,0.02820000,0.02800000,0.02810000,127488.90000000,TUSDT
2022-10-16 16:00:00,0.02810000,0.02830000,0.02800000,0.02800000,738669.00000000,TUSDT
2022-10-16 17:00:00,0.02800000,0.02820000,0.02800000,0.02800000,513216.40000000,TUSDT
2022-10-16 18:00:00,0.02800000,0.02810000,0.02790000,0.02800000,345110.50000000,TUSDT
2022-10-16 19:00:00,0.02800000,0.02840000,0.02800000,0.02840000,577944.30000000,TUSDT
2022-10-16 20:00:00,0.02830000,0.02840000,0.02810000,0.02820000,983821.60000000,TUSDT
2022-10-16 21:00:00,0.02820000,0.02830000,0.02810000,0.02820000,76185.20000000,TUSDT
2022-10-16 22:00:00,0.02800000,0.02830000,0.02800000,0.02820000,286939.60000000,TUSDT
2022-10-16 23:00:00,0.02820000,0.02830000,0.02810000,0.02810000,275789.60000000,TUSDT
2022-10-17 00:00:00,0.02810000,0.02830000,0.02810000,0.02820000,370316.60000000,TUSDT
2022-10-17 01:00:00,0.02820000,0.02820000,0.02800000,0.02800000,280300.10000000,TUSDT
2022-10-17 02:00:00,0.02800000,0.02810000,0.02790000,0.02800000,54821.50000000,TUSDT
2022-10-17 03:00:00,0.02800000,0.02800000,0.02790000,0.02790000,562009.00000000,TUSDT
2022-10-17 04:00:00,0.02790000,0.02800000,0.02790000,0.02790000,393969.20000000,TUSDT
2022-10-17 05:00:00,0.02790000,0.02830000,0.02780000,0.02790000,2568371.90000000,TUSDT
2022-10-17 06:00:00,0.02800000,0.02800000,0.02780000,0.02780000,298569.10000000,TUSDT
2022-10-17 07:00:00,0.02780000,0.02800000,0.02780000,0.02790000,79626.90000000,TUSDT
2022-10-17 08:00:00,0.02790000,0.02800000,0.02790000,0.02790000,296504.00000000,TUSDT
2022-10-17 09:00:00,0.02790000,0.02810000,0.02790000,0.02810000,422586.70000000,TUSDT
2022-10-17 10:00:00,0.02810000,0.02840000,0.02790000,0.02810000,2219314.20000000,TUSDT
2022-10-17 11:00:00,0.02810000,0.02850000,0.02810000,0.02820000,2350985.50000000,TUSDT
2022-10-17 12:00:00,0.02820000,0.02830000,0.02820000,0.02820000,170810.50000000,TUSDT
2022-10-17 13:00:00,0.02820000,0.02850000,0.02820000,0.02830000,97936.10000000,TUSDT
2022-10-17 14:00:00,0.02830000,0.02920000,0.02810000,0.02810000,4069475.30000000,TUSDT
2022-10-17 15:00:00,0.02820000,0.02840000,0.02800000,0.02830000,1616976.90000000,TUSDT
2022-10-17 16:00:00,0.02830000,0.02850000,0.02830000,0.02830000,325915.80000000,TUSDT
2022-10-17 17:00:00,0.02830000,0.02840000,0.02830000,0.02830000,40496.20000000,TUSDT
2022-10-17 18:00:00,0.02830000,0.02840000,0.02820000,0.02830000,195038.90000000,TUSDT
2022-10-17 19:00:00,0.02830000,0.02840000,0.02820000,0.02830000,55899.80000000,TUSDT
2022-10-17 20:00:00,0.02830000,0.02850000,0.02830000,0.02830000,582174.70000000,TUSDT
2022-10-17 21:00:00,0.02830000,0.02840000,0.02820000,0.02830000,212409.50000000,TUSDT
2022-10-17 22:00:00,0.02840000,0.02850000,0.02830000,0.02840000,156609.40000000,TUSDT
2022-10-17 23:00:00,0.02840000,0.02860000,0.02830000,0.02850000,888808.10000000,TUSDT
2022-10-18 00:00:00,0.02850000,0.02870000,0.02850000,0.02850000,227494.70000000,TUSDT
2022-10-18 01:00:00,0.02850000,0.02940000,0.02850000,0.02890000,2303501.10000000,TUSDT
2022-10-18 02:00:00,0.02890000,0.02900000,0.02850000,0.02850000,408265.80000000,TUSDT
2022-10-18 03:00:00,0.02850000,0.02860000,0.02840000,0.02850000,1144275.90000000,TUSDT
2022-10-18 04:00:00,0.02850000,0.02920000,0.02850000,0.02900000,1207945.80000000,TUSDT
2022-10-18 05:00:00,0.02910000,0.02910000,0.02860000,0.02870000,1177147.10000000,TUSDT
2022-10-18 06:00:00,0.02880000,0.02930000,0.02850000,0.02870000,2153193.70000000,TUSDT
2022-10-18 07:00:00,0.02870000,0.02870000,0.02860000,0.02870000,127540.10000000,TUSDT
2022-10-18 08:00:00,0.02870000,0.02870000,0.02840000,0.02840000,276132.50000000,TUSDT
2022-10-18 09:00:00,0.02840000,0.02840000,0.02820000,0.02830000,394346.90000000,TUSDT
2022-10-18 10:00:00,0.02830000,0.02850000,0.02830000,0.02830000,399311.80000000,TUSDT
2022-10-18 11:00:00,0.02830000,0.02840000,0.02830000,0.02840000,861864.60000000,TUSDT
2022-10-18 12:00:00,0.02830000,0.02850000,0.02830000,0.02840000,241997.90000000,TUSDT
2022-10-18 13:00:00,0.02840000,0.02840000,0.02810000,0.02810000,721878.50000000,TUSDT
2022-10-18 14:00:00,0.02810000,0.02820000,0.02780000,0.02790000,688240.60000000,TUSDT
2022-10-18 15:00:00,0.02790000,0.02800000,0.02770000,0.02790000,205285.30000000,TUSDT
2022-10-18 16:00:00,0.02790000,0.02810000,0.02790000,0.02800000,212839.60000000,TUSDT
2022-10-18 17:00:00,0.02800000,0.02850000,0.02770000,0.02800000,2602093.30000000,TUSDT
2022-10-18 18:00:00,0.02800000,0.02800000,0.02760000,0.02760000,139678.80000000,TUSDT
2022-10-18 19:00:00,0.02760000,0.02770000,0.02750000,0.02760000,290117.90000000,TUSDT
2022-10-18 20:00:00,0.02760000,0.02800000,0.02720000,0.02780000,1568449.30000000,TUSDT
2022-10-18 21:00:00,0.02780000,0.02790000,0.02760000,0.02760000,239534.90000000,TUSDT
2022-10-18 22:00:00,0.02770000,0.02790000,0.02760000,0.02780000,305091.30000000,TUSDT
2022-10-18 23:00:00,0.02780000,0.02860000,0.02780000,0.02810000,1288770.70000000,TUSDT
2022-10-19 00:00:00,0.02800000,0.02800000,0.02750000,0.02760000,403193.60000000,TUSDT
2022-10-19 01:00:00,0.02750000,0.02780000,0.02750000,0.02780000,201660.30000000,TUSDT
2022-10-19 02:00:00,0.02780000,0.02780000,0.02760000,0.02760000,84426.20000000,TUSDT
2022-10-19 03:00:00,0.02760000,0.02800000,0.02760000,0.02780000,225491.80000000,TUSDT
2022-10-19 04:00:00,0.02770000,0.02780000,0.02760000,0.02770000,129253.10000000,TUSDT
2022-10-19 05:00:00,0.02770000,0.02770000,0.02760000,0.02760000,117562.10000000,TUSDT
2022-10-19 06:00:00,0.02760000,0.02770000,0.02730000,0.02740000,233844.70000000,TUSDT
2022-10-19 07:00:00,0.02730000,0.02730000,0.02720000,0.02730000,111017.70000000,TUSDT
2022-10-19 08:00:00,0.02730000,0.02820000,0.02720000,0.02750000,2281292.90000000,TUSDT
2022-10-19 09:00:00,0.02750000,0.02780000,0.02730000,0.02740000,467752.40000000,TUSDT
2022-10-19 10:00:00,0.02740000,0.02760000,0.02740000,0.02760000,46689.70000000,TUSDT
2022-10-19 11:00:00,0.02750000,0.02750000,0.02730000,0.02730000,651376.10000000,TUSDT
2022-10-19 12:00:00,0.02730000,0.02750000,0.02730000,0.02740000,168083.10000000,TUSDT
2022-10-19 13:00:00,0.02740000,0.02750000,0.02720000,0.02740000,490354.50000000,TUSDT
2022-10-19 14:00:00,0.02740000,0.02770000,0.02740000,0.02740000,132312.50000000,TUSDT
2022-10-19 15:00:00,0.02740000,0.02750000,0.02740000,0.02750000,125344.10000000,TUSDT
2022-10-19 16:00:00,0.02750000,0.02750000,0.02730000,0.02730000,456575.50000000,TUSDT
2022-10-19 17:00:00,0.02730000,0.02740000,0.02710000,0.02720000,1089695.80000000,TUSDT
2022-10-19 18:00:00,0.02730000,0.02730000,0.02700000,0.02700000,3237942.80000000,TUSDT
2022-10-19 19:00:00,0.02700000,0.02700000,0.02680000,0.02700000,2661241.80000000,TUSDT
2022-10-19 20:00:00,0.02700000,0.02700000,0.02680000,0.02690000,1488600.40000000,TUSDT
2022-10-19 21:00:00,0.02690000,0.02710000,0.02690000,0.02700000,1006477.50000000,TUSDT
2022-10-19 22:00:00,0.02700000,0.02710000,0.02690000,0.02700000,765565.40000000,TUSDT
2022-10-19 23:00:00,0.02690000,0.02700000,0.02680000,0.02680000,552727.40000000,TUSDT
2022-10-20 00:00:00,0.02690000,0.02690000,0.02640000,0.02650000,830301.80000000,TUSDT
2022-10-20 01:00:00,0.02650000,0.02670000,0.02580000,0.02660000,5014380.40000000,TUSDT
2022-10-20 02:00:00,0.02660000,0.02670000,0.02660000,0.02670000,368695.90000000,TUSDT
2022-10-20 03:00:00,0.02670000,0.02670000,0.02650000,0.02650000,2152817.20000000,TUSDT
2022-10-20 04:00:00,0.02660000,0.02700000,0.02650000,0.02700000,1639576.00000000,TUSDT
2022-10-20 05:00:00,0.02690000,0.02700000,0.02680000,0.02680000,137856.60000000,TUSDT
2022-10-20 06:00:00,0.02690000,0.02690000,0.02680000,0.02680000,144207.10000000,TUSDT
2022-10-20 07:00:00,0.02680000,0.02690000,0.02680000,0.02690000,6041.80000000,TUSDT
2022-10-20 08:00:00,0.02690000,0.02690000,0.02670000,0.02680000,339770.70000000,TUSDT
2022-10-20 09:00:00,0.02680000,0.02700000,0.02680000,0.02700000,281666.10000000,TUSDT
2022-10-20 10:00:00,0.02710000,0.02710000,0.02670000,0.02690000,1267650.90000000,TUSDT
2022-10-20 11:00:00,0.02700000,0.02710000,0.02690000,0.02710000,315514.20000000,TUSDT
2022-10-20 12:00:00,0.02710000,0.02710000,0.02700000,0.02700000,542906.20000000,TUSDT
2022-10-20 13:00:00,0.02690000,0.02700000,0.02690000,0.02700000,155205.50000000,TUSDT
2022-10-20 14:00:00,0.02700000,0.02710000,0.02700000,0.02700000,574941.70000000,TUSDT
2022-10-20 15:00:00,0.02700000,0.02710000,0.02700000,0.02700000,434369.70000000,TUSDT
2022-10-20 16:00:00,0.02700000,0.02700000,0.02650000,0.02660000,2690012.60000000,TUSDT
2022-10-20 17:00:00,0.02660000,0.02670000,0.02650000,0.02650000,990296.80000000,TUSDT
2022-10-20 18:00:00,0.02650000,0.02660000,0.02610000,0.02640000,2969251.80000000,TUSDT
2022-10-20 19:00:00,0.02630000,0.02650000,0.02630000,0.02640000,245770.30000000,TUSDT
2022-10-20 20:00:00,0.02640000,0.02640000,0.02600000,0.02610000,3166565.00000000,TUSDT
2022-10-20 21:00:00,0.02620000,0.02630000,0.02590000,0.02630000,1471837.20000000,TUSDT
2022-10-20 22:00:00,0.02630000,0.02630000,0.02590000,0.02590000,9007457.40000000,TUSDT
2022-10-20 23:00:00,0.02600000,0.02610000,0.02600000,0.02610000,268766.70000000,TUSDT
2022-10-21 00:00:00,0.02610000,0.02630000,0.02590000,0.02600000,1110510.40000000,TUSDT
2022-10-21 01:00:00,0.02600000,0.02600000,0.02570000,0.02580000,1364131.60000000,TUSDT
2022-10-21 02:00:00,0.02580000,0.02600000,0.02580000,0.02590000,356020.30000000,TUSDT
2022-10-21 03:00:00,0.02600000,0.02600000,0.02600000,0.02600000,154865.00000000,TUSDT
2022-10-21 04:00:00,0.02600000,0.02600000,0.02590000,0.02590000,34089.70000000,TUSDT
2022-10-21 05:00:00,0.02600000,0.02600000,0.02590000,0.02590000,6865.70000000,TUSDT
2022-10-21 06:00:00,0.02600000,0.02610000,0.02550000,0.02580000,2044084.60000000,TUSDT
2022-10-21 07:00:00,0.02570000,0.02600000,0.02570000,0.02590000,473485.50000000,TUSDT
2022-10-21 08:00:00,0.02590000,0.02590000,0.02520000,0.02530000,1232994.00000000,TUSDT
2022-10-21 09:00:00,0.02540000,0.02550000,0.02520000,0.02550000,212845.00000000,TUSDT
2022-10-21 10:00:00,0.02550000,0.02580000,0.02540000,0.02560000,1366776.70000000,TUSDT
2022-10-21 11:00:00,0.02560000,0.02560000,0.02550000,0.02550000,95469.20000000,TUSDT
2022-10-21 12:00:00,0.02540000,0.02540000,0.02500000,0.02540000,1529208.40000000,TUSDT
2022-10-21 13:00:00,0.02540000,0.02570000,0.02540000,0.02570000,345035.50000000,TUSDT
2022-10-21 14:00:00,0.02580000,0.02590000,0.02570000,0.02570000,780016.10000000,TUSDT
2022-10-21 15:00:00,0.02570000,0.02580000,0.02550000,0.02580000,494841.10000000,TUSDT
2022-10-21 16:00:00,0.02590000,0.02600000,0.02560000,0.02560000,2811412.20000000,TUSDT
2022-10-21 17:00:00,0.02570000,0.02580000,0.02560000,0.02580000,253272.90000000,TUSDT
2022-10-21 18:00:00,0.02580000,0.02590000,0.02570000,0.02570000,1042949.70000000,TUSDT
2022-10-21 19:00:00,0.02560000,0.02580000,0.02540000,0.02580000,4376111.30000000,TUSDT
2022-10-21 20:00:00,0.02580000,0.02590000,0.02570000,0.02580000,875251.30000000,TUSDT
2022-10-21 21:00:00,0.02580000,0.02600000,0.02570000,0.02600000,659507.90000000,TUSDT
2022-10-21 22:00:00,0.02590000,0.02680000,0.02590000,0.02610000,2277625.30000000,TUSDT
2022-10-21 23:00:00,0.02600000,0.02600000,0.02570000,0.02580000,11454365.70000000,TUSDT
2022-10-22 00:00:00,0.02580000,0.02580000,0.02560000,0.02580000,1574777.60000000,TUSDT
2022-10-22 01:00:00,0.02580000,0.02580000,0.02580000,0.02580000,9376.90000000,TUSDT
2022-10-22 02:00:00,0.02570000,0.02570000,0.02570000,0.02570000,137100.00000000,TUSDT
2022-10-22 03:00:00,0.02570000,0.02570000,0.02560000,0.02560000,160088.10000000,TUSDT
2022-10-22 04:00:00,0.02560000,0.02570000,0.02560000,0.02570000,15083.90000000,TUSDT
2022-10-22 05:00:00,0.02560000,0.02560000,0.02550000,0.02560000,97534.30000000,TUSDT
2022-10-22 06:00:00,0.02560000,0.02570000,0.02560000,0.02570000,642732.30000000,TUSDT
2022-10-22 07:00:00,0.02570000,0.02570000,0.02540000,0.02550000,726449.50000000,TUSDT
2022-10-22 08:00:00,0.02570000,0.02590000,0.02560000,0.02590000,475038.80000000,TUSDT
2022-10-22 09:00:00,0.02580000,0.02590000,0.02580000,0.02580000,88083.10000000,TUSDT
2022-10-22 10:00:00,0.02580000,0.02590000,0.02570000,0.02590000,116263.00000000,TUSDT
2022-10-22 11:00:00,0.02590000,0.02600000,0.02580000,0.02590000,537543.40000000,TUSDT
2022-10-22 12:00:00,0.02590000,0.02590000,0.02570000,0.02590000,266106.90000000,TUSDT
2022-10-22 13:00:00,0.02600000,0.02630000,0.02590000,0.02610000,672604.40000000,TUSDT
2022-10-22 14:00:00,0.02610000,0.02630000,0.02590000,0.02600000,1326040.70000000,TUSDT
2022-10-22 15:00:00,0.02620000,0.02650000,0.02560000,0.02600000,4036394.50000000,TUSDT
2022-10-22 16:00:00,0.02610000,0.02620000,0.02580000,0.02610000,1030703.60000000,TUSDT
2022-10-22 17:00:00,0.02620000,0.02630000,0.02600000,0.02610000,1356477.60000000,TUSDT
2022-10-22 18:00:00,0.02600000,0.02600000,0.02570000,0.02580000,1818865.80000000,TUSDT
2022-10-22 19:00:00,0.02590000,0.02630000,0.02590000,0.02610000,800451.10000000,TUSDT
2022-10-22 20:00:00,0.02610000,0.02660000,0.02600000,0.02610000,1150558.00000000,TUSDT
2022-10-22 21:00:00,0.02620000,0.02620000,0.02580000,0.02600000,674921.10000000,TUSDT
2022-10-22 22:00:00,0.02600000,0.02620000,0.02570000,0.02580000,4154216.30000000,TUSDT
2022-10-22 23:00:00,0.02580000,0.02580000,0.02570000,0.02580000,1574908.20000000,TUSDT
2022-10-23 00:00:00,0.02580000,0.02580000,0.02560000,0.02580000,1947890.30000000,TUSDT
2022-10-23 01:00:00,0.02580000,0.02580000,0.02570000,0.02580000,1480826.10000000,TUSDT
2022-10-23 02:00:00,0.02570000,0.02580000,0.02570000,0.02580000,1070608.60000000,TUSDT
2022-10-23 03:00:00,0.02580000,0.02590000,0.02580000,0.02590000,1464537.00000000,TUSDT
2022-10-23 04:00:00,0.02580000,0.02590000,0.02570000,0.02570000,852272.40000000,TUSDT
2022-10-23 05:00:00,0.02570000,0.02580000,0.02560000,0.02580000,1370454.20000000,TUSDT
2022-10-23 06:00:00,0.02570000,0.02580000,0.02560000,0.02570000,504014.10000000,TUSDT
2022-10-23 07:00:00,0.02570000,0.02580000,0.02560000,0.02580000,130239.30000000,TUSDT
2022-10-23 08:00:00,0.02580000,0.02600000,0.02580000,0.02600000,232529.80000000,TUSDT
2022-10-23 09:00:00,0.02600000,0.02600000,0.02560000,0.02580000,1290428.60000000,TUSDT
2022-10-23 10:00:00,0.02580000,0.02580000,0.02570000,0.02570000,24029.10000000,TUSDT
2022-10-23 11:00:00,0.02570000,0.02570000,0.02550000,0.02560000,436183.70000000,TUSDT
2022-10-23 12:00:00,0.02560000,0.02620000,0.02560000,0.02590000,1287881.50000000,TUSDT
2022-10-23 13:00:00,0.02590000,0.02600000,0.02580000,0.02590000,571653.40000000,TUSDT
2022-10-23 14:00:00,0.02590000,0.02590000,0.02580000,0.02590000,59654.10000000,TUSDT
2022-10-23 15:00:00,0.02600000,0.02610000,0.02590000,0.02600000,114822.60000000,TUSDT
2022-10-23 16:00:00,0.02590000,0.02600000,0.02580000,0.02580000,148508.90000000,TUSDT
2022-10-23 17:00:00,0.02580000,0.02610000,0.02570000,0.02610000,766201.10000000,TUSDT
2022-10-23 18:00:00,0.02610000,0.02620000,0.02600000,0.02610000,163486.00000000,TUSDT
2022-10-23 19:00:00,0.02620000,0.02620000,0.02610000,0.02620000,267147.30000000,TUSDT
2022-10-23 20:00:00,0.02610000,0.02630000,0.02600000,0.02610000,429017.80000000,TUSDT
2022-10-23 21:00:00,0.02610000,0.02620000,0.02600000,0.02610000,353709.70000000,TUSDT
2022-10-23 22:00:00,0.02620000,0.02660000,0.02610000,0.02640000,2402802.70000000,TUSDT
2022-10-23 23:00:00,0.02640000,0.02650000,0.02620000,0.02630000,479540.90000000,TUSDT
2022-10-24 00:00:00,0.02630000,0.02630000,0.02620000,0.02620000,393341.30000000,TUSDT
2022-10-24 01:00:00,0.02620000,0.02620000,0.02560000,0.02590000,7147142.60000000,TUSDT
2022-10-24 02:00:00,0.02590000,0.02600000,0.02580000,0.02600000,718422.90000000,TUSDT
2022-10-24 03:00:00,0.02590000,0.02650000,0.02580000,0.02580000,1579688.40000000,TUSDT
2022-10-24 04:00:00,0.02580000,0.02580000,0.02560000,0.02570000,251689.70000000,TUSDT
2022-10-24 05:00:00,0.02580000,0.02580000,0.02560000,0.02570000,809558.30000000,TUSDT
2022-10-24 06:00:00,0.02570000,0.02580000,0.02560000,0.02560000,220073.00000000,TUSDT
2022-10-24 07:00:00,0.02560000,0.02570000,0.02560000,0.02570000,149719.20000000,TUSDT
2022-10-24 08:00:00,0.02570000,0.02570000,0.02570000,0.02570000,14869.10000000,TUSDT
2022-10-24 09:00:00,0.02570000,0.02570000,0.02560000,0.02570000,131286.50000000,TUSDT
2022-10-24 10:00:00,0.02580000,0.02600000,0.02570000,0.02580000,915464.50000000,TUSDT
2022-10-24 11:00:00,0.02580000,0.02580000,0.02570000,0.02580000,93838.30000000,TUSDT
2022-10-24 12:00:00,0.02590000,0.02590000,0.02560000,0.02570000,146166.50000000,TUSDT
2022-10-24 13:00:00,0.02580000,0.02590000,0.02560000,0.02570000,887833.20000000,TUSDT
2022-10-24 14:00:00,0.02570000,0.02570000,0.02550000,0.02560000,1711067.00000000,TUSDT
2022-10-24 15:00:00,0.02560000,0.02580000,0.02540000,0.02560000,3544679.00000000,TUSDT
2022-10-24 16:00:00,0.02570000,0.02580000,0.02560000,0.02570000,907843.80000000,TUSDT
2022-10-24 17:00:00,0.02570000,0.02570000,0.02550000,0.02550000,1254259.70000000,TUSDT
2022-10-24 18:00:00,0.02550000,0.02560000,0.02540000,0.02550000,7236349.10000000,TUSDT
2022-10-24 19:00:00,0.02550000,0.02550000,0.02520000,0.02530000,12447433.00000000,TUSDT
2022-10-24 20:00:00,0.02530000,0.02530000,0.02520000,0.02530000,6049414.70000000,TUSDT
2022-10-24 21:00:00,0.02530000,0.02540000,0.02500000,0.02520000,11190204.40000000,TUSDT
2022-10-24 22:00:00,0.02520000,0.02550000,0.02520000,0.02540000,1165900.00000000,TUSDT
2022-10-24 23:00:00,0.02540000,0.02550000,0.02530000,0.02550000,328129.30000000,TUSDT
2022-10-25 00:00:00,0.02550000,0.02560000,0.02540000,0.02550000,292640.30000000,TUSDT
2022-10-25 01:00:00,0.02550000,0.02550000,0.02490000,0.02540000,6358667.10000000,TUSDT
2022-10-25 02:00:00,0.02540000,0.02550000,0.02540000,0.02550000,1865331.60000000,TUSDT
2022-10-25 03:00:00,0.02550000,0.02570000,0.02550000,0.02560000,1478792.10000000,TUSDT
2022-10-25 04:00:00,0.02560000,0.02570000,0.02560000,0.02560000,666089.70000000,TUSDT
2022-10-25 05:00:00,0.02560000,0.02560000,0.02540000,0.02560000,1874223.10000000,TUSDT
2022-10-25 06:00:00,0.02570000,0.02580000,0.02560000,0.02560000,1194269.10000000,TUSDT
2022-10-25 07:00:00,0.02560000,0.02570000,0.02550000,0.02570000,678745.80000000,TUSDT
2022-10-25 08:00:00,0.02560000,0.02560000,0.02550000,0.02560000,182493.00000000,TUSDT
2022-10-25 09:00:00,0.02560000,0.02560000,0.02540000,0.02550000,73033.50000000,TUSDT
2022-10-25 10:00:00,0.02550000,0.02570000,0.02550000,0.02560000,216410.30000000,TUSDT
2022-10-25 11:00:00,0.02560000,0.02560000,0.02550000,0.02560000,467930.30000000,TUSDT
2022-10-25 12:00:00,0.02550000,0.02570000,0.02540000,0.02570000,2934656.40000000,TUSDT
2022-10-25 13:00:00,0.02570000,0.02590000,0.02570000,0.02590000,1533861.90000000,TUSDT
2022-10-25 14:00:00,0.02590000,0.02590000,0.02570000,0.02590000,1910826.60000000,TUSDT
2022-10-25 15:00:00,0.02580000,0.02610000,0.02570000,0.02600000,2274275.60000000,TUSDT
2022-10-25 16:00:00,0.02590000,0.02610000,0.02580000,0.02600000,3215451.40000000,TUSDT
2022-10-25 17:00:00,0.02610000,0.02640000,0.02590000,0.02600000,11132712.20000000,TUSDT
2022-10-25 18:00:00,0.02600000,0.02640000,0.02600000,0.02620000,3612676.00000000,TUSDT
2022-10-25 19:00:00,0.02620000,0.02630000,0.02610000,0.02620000,776147.40000000,TUSDT
2022-10-25 20:00:00,0.02630000,0.02630000,0.02580000,0.02610000,4781945.80000000,TUSDT
2022-10-25 21:00:00,0.02600000,0.02620000,0.02600000,0.02610000,4695571.00000000,TUSDT
2022-10-25 22:00:00,0.02610000,0.02620000,0.02600000,0.02600000,372044.10000000,TUSDT
2022-10-25 23:00:00,0.02600000,0.02620000,0.02600000,0.02620000,181698.90000000,TUSDT
2022-10-26 00:00:00,0.02610000,0.02620000,0.02610000,0.02610000,81637.40000000,TUSDT
2022-10-26 01:00:00,0.02610000,0.02620000,0.02600000,0.02620000,427155.30000000,TUSDT
2022-10-26 02:00:00,0.02620000,0.02620000,0.02610000,0.02610000,691162.70000000,TUSDT
2022-10-26 03:00:00,0.02610000,0.02630000,0.02610000,0.02630000,351862.70000000,TUSDT
2022-10-26 04:00:00,0.02620000,0.02650000,0.02620000,0.02640000,582599.60000000,TUSDT
2022-10-26 05:00:00,0.02640000,0.02640000,0.02630000,0.02640000,475621.40000000,TUSDT
2022-10-26 06:00:00,0.02640000,0.02650000,0.02630000,0.02630000,87021.40000000,TUSDT
2022-10-26 07:00:00,0.02640000,0.02660000,0.02640000,0.02640000,151254.70000000,TUSDT
2022-10-26 08:00:00,0.02650000,0.02680000,0.02640000,0.02660000,346343.40000000,TUSDT
2022-10-26 09:00:00,0.02650000,0.02660000,0.02640000,0.02660000,442364.80000000,TUSDT
2022-10-26 10:00:00,0.02660000,0.02670000,0.02650000,0.02660000,265437.00000000,TUSDT
2022-10-26 11:00:00,0.02670000,0.02680000,0.02640000,0.02650000,487268.20000000,TUSDT
2022-10-26 12:00:00,0.02650000,0.02660000,0.02640000,0.02660000,593382.00000000,TUSDT
2022-10-26 13:00:00,0.02660000,0.02670000,0.02640000,0.02650000,692836.80000000,TUSDT
2022-10-26 14:00:00,0.02650000,0.02690000,0.02640000,0.02660000,731921.60000000,TUSDT
2022-10-26 15:00:00,0.02670000,0.02670000,0.02660000,0.02670000,173663.70000000,TUSDT
2022-10-26 16:00:00,0.02680000,0.02680000,0.02660000,0.02660000,500081.60000000,TUSDT
2022-10-26 17:00:00,0.02660000,0.02680000,0.02660000,0.02680000,145963.80000000,TUSDT
2022-10-26 18:00:00,0.02670000,0.02680000,0.02650000,0.02660000,493958.30000000,TUSDT
2022-10-26 19:00:00,0.02660000,0.02670000,0.02660000,0.02670000,184326.40000000,TUSDT
2022-10-26 20:00:00,0.02660000,0.02670000,0.02650000,0.02660000,671747.00000000,TUSDT
2022-10-26 21:00:00,0.02670000,0.02680000,0.02650000,0.02660000,385574.00000000,TUSDT
2022-10-26 22:00:00,0.02660000,0.02680000,0.02660000,0.02670000,22118.70000000,TUSDT
2022-10-26 23:00:00,0.02680000,0.02680000,0.02660000,0.02680000,928523.40000000,TUSDT
2022-10-27 00:00:00,0.02690000,0.02700000,0.02670000,0.02670000,218548.20000000,TUSDT
2022-10-27 01:00:00,0.02680000,0.02690000,0.02680000,0.02680000,106510.50000000,TUSDT
2022-10-27 02:00:00,0.02680000,0.02680000,0.02660000,0.02660000,481950.10000000,TUSDT
2022-10-27 03:00:00,0.02670000,0.02680000,0.02670000,0.02670000,494889.70000000,TUSDT
2022-10-27 04:00:00,0.02680000,0.02700000,0.02680000,0.02690000,693969.40000000,TUSDT
2022-10-27 05:00:00,0.02690000,0.02700000,0.02690000,0.02700000,302058.70000000,TUSDT
2022-10-27 06:00:00,0.02690000,0.02710000,0.02680000,0.02690000,407132.30000000,TUSDT
2022-10-27 07:00:00,0.02690000,0.02700000,0.02660000,0.02660000,463737.00000000,TUSDT
2022-10-27 08:00:00,0.02660000,0.02670000,0.02650000,0.02660000,349209.60000000,TUSDT
2022-10-27 09:00:00,0.02660000,0.02660000,0.02640000,0.02650000,287483.20000000,TUSDT
2022-10-27 10:00:00,0.02650000,0.02650000,0.02640000,0.02650000,321242.00000000,TUSDT
2022-10-27 11:00:00,0.02650000,0.02650000,0.02640000,0.02650000,193761.70000000,TUSDT
2022-10-27 12:00:00,0.02640000,0.02660000,0.02640000,0.02660000,468484.50000000,TUSDT
2022-10-27 13:00:00,0.02670000,0.02670000,0.02640000,0.02640000,267251.40000000,TUSDT
2022-10-27 14:00:00,0.02630000,0.02650000,0.02630000,0.02650000,428067.40000000,TUSDT
2022-10-27 15:00:00,0.02650000,0.02660000,0.02630000,0.02650000,988767.00000000,TUSDT
2022-10-27 16:00:00,0.02640000,0.02650000,0.02630000,0.02640000,111890.70000000,TUSDT
2022-10-27 17:00:00,0.02640000,0.02660000,0.02630000,0.02650000,443229.10000000,TUSDT
2022-10-27 18:00:00,0.02650000,0.02650000,0.02630000,0.02640000,266186.30000000,TUSDT
2022-10-27 19:00:00,0.02650000,0.02660000,0.02650000,0.02660000,235567.80000000,TUSDT
2022-10-27 20:00:00,0.02660000,0.02660000,0.02620000,0.02620000,645756.70000000,TUSDT
2022-10-27 21:00:00,0.02630000,0.02640000,0.02620000,0.02620000,304051.00000000,TUSDT
2022-10-27 22:00:00,0.02630000,0.02640000,0.02620000,0.02620000,185548.80000000,TUSDT
2022-10-27 23:00:00,0.02620000,0.02620000,0.02610000,0.02620000,60771.40000000,TUSDT
2022-10-28 00:00:00,0.02620000,0.02640000,0.02610000,0.02620000,475029.60000000,TUSDT
2022-10-28 01:00:00,0.02620000,0.02630000,0.02620000,0.02630000,5041.40000000,TUSDT
2022-10-28 02:00:00,0.02620000,0.02630000,0.02600000,0.02610000,316306.20000000,TUSDT
2022-10-28 03:00:00,0.02600000,0.02610000,0.02590000,0.02610000,600788.90000000,TUSDT
2022-10-28 04:00:00,0.02620000,0.02620000,0.02620000,0.02620000,41795.50000000,TUSDT
2022-10-28 05:00:00,0.02620000,0.02620000,0.02610000,0.02610000,102532.70000000,TUSDT
2022-10-28 06:00:00,0.02610000,0.02610000,0.02610000,0.02610000,87209.60000000,TUSDT
2022-10-28 07:00:00,0.02610000,0.02610000,0.02590000,0.02600000,430513.70000000,TUSDT
2022-10-28 08:00:00,0.02600000,0.02630000,0.02590000,0.02610000,499280.50000000,TUSDT
2022-10-28 09:00:00,0.02610000,0.02610000,0.02600000,0.02600000,162192.80000000,TUSDT
2022-10-28 10:00:00,0.02610000,0.02620000,0.02600000,0.02610000,333150.20000000,TUSDT
2022-10-28 11:00:00,0.02610000,0.02610000,0.02610000,0.02610000,125912.00000000,TUSDT
2022-10-28 12:00:00,0.02610000,0.02610000,0.02590000,0.02600000,575807.30000000,TUSDT
2022-10-28 13:00:00,0.02600000,0.02640000,0.02600000,0.02640000,444979.10000000,TUSDT
2022-10-28 14:00:00,0.02640000,0.02640000,0.02610000,0.02630000,482416.90000000,TUSDT
2022-10-28 15:00:00,0.02630000,0.02630000,0.02620000,0.02630000,289718.00000000,TUSDT
2022-10-28 16:00:00,0.02630000,0.02650000,0.02620000,0.02650000,198368.80000000,TUSDT
2022-10-28 17:00:00,0.02660000,0.02660000,0.02650000,0.02660000,169526.10000000,TUSDT
2022-10-28 18:00:00,0.02650000,0.02660000,0.02640000,0.02650000,316949.80000000,TUSDT
2022-10-28 19:00:00,0.02650000,0.02660000,0.02640000,0.02660000,726033.60000000,TUSDT
2022-10-28 20:00:00,0.02660000,0.02690000,0.02640000,0.02650000,3716184.60000000,TUSDT
2022-10-28 21:00:00,0.02650000,0.02660000,0.02630000,0.02650000,663624.50000000,TUSDT
2022-10-28 22:00:00,0.02650000,0.02660000,0.02640000,0.02660000,194006.30000000,TUSDT
2022-10-28 23:00:00,0.02650000,0.02650000,0.02640000,0.02650000,584835.80000000,TUSDT
2022-10-29 00:00:00,0.02650000,0.02650000,0.02650000,0.02650000,124142.60000000,TUSDT
2022-10-29 01:00:00,0.02650000,0.02650000,0.02640000,0.02650000,88939.00000000,TUSDT
2022-10-29 02:00:00,0.02650000,0.02650000,0.02630000,0.02650000,284930.00000000,TUSDT
2022-10-29 03:00:00,0.02650000,0.02670000,0.02650000,0.02670000,196528.30000000,TUSDT
2022-10-29 04:00:00,0.02660000,0.02670000,0.02660000,0.02660000,185740.40000000,TUSDT
2022-10-29 05:00:00,0.02650000,0.02660000,0.02650000,0.02660000,114598.80000000,TUSDT
2022-10-29 06:00:00,0.02650000,0.02660000,0.02650000,0.02650000,105961.10000000,TUSDT
2022-10-29 07:00:00,0.02660000,0.02680000,0.02660000,0.02670000,166315.80000000,TUSDT
2022-10-29 08:00:00,0.02670000,0.02680000,0.02660000,0.02660000,529490.00000000,TUSDT
2022-10-29 09:00:00,0.02670000,0.02690000,0.02670000,0.02680000,1332622.60000000,TUSDT
2022-10-29 10:00:00,0.02680000,0.02690000,0.02660000,0.02670000,583269.60000000,TUSDT
2022-10-29 11:00:00,0.02660000,0.02710000,0.02610000,0.02650000,1915052.10000000,TUSDT
2022-10-29 12:00:00,0.02650000,0.02670000,0.02650000,0.02660000,186770.80000000,TUSDT
2022-10-29 13:00:00,0.02650000,0.02660000,0.02650000,0.02650000,28241.00000000,TUSDT
2022-10-29 14:00:00,0.02660000,0.02670000,0.02660000,0.02660000,329471.10000000,TUSDT
2022-10-29 15:00:00,0.02670000,0.02690000,0.02650000,0.02690000,664493.20000000,TUSDT
2022-10-29 16:00:00,0.02690000,0.02700000,0.02680000,0.02690000,1122167.50000000,TUSDT
2022-10-29 17:00:00,0.02690000,0.02720000,0.02680000,0.02690000,1383602.30000000,TUSDT
2022-10-29 18:00:00,0.02680000,0.02690000,0.02660000,0.02680000,504876.40000000,TUSDT
2022-10-29 19:00:00,0.02670000,0.02680000,0.02660000,0.02670000,111867.60000000,TUSDT
2022-10-29 20:00:00,0.02670000,0.02680000,0.02660000,0.02670000,320066.90000000,TUSDT
2022-10-29 21:00:00,0.02680000,0.02680000,0.02670000,0.02670000,134918.90000000,TUSDT
2022-10-29 22:00:00,0.02660000,0.02670000,0.02650000,0.02650000,369650.00000000,TUSDT
2022-10-29 23:00:00,0.02660000,0.02680000,0.02660000,0.02670000,162094.40000000,TUSDT
2022-10-30 00:00:00,0.02670000,0.02670000,0.02660000,0.02660000,239377.30000000,TUSDT
2022-10-30 01:00:00,0.02660000,0.02670000,0.02640000,0.02660000,702161.40000000,TUSDT
2022-10-30 02:00:00,0.02660000,0.02660000,0.02660000,0.02660000,60026.20000000,TUSDT
2022-10-30 03:00:00,0.02660000,0.02670000,0.02660000,0.02670000,151388.80000000,TUSDT
2022-10-30 04:00:00,0.02670000,0.02680000,0.02660000,0.02660000,913140.30000000,TUSDT
2022-10-30 05:00:00,0.02660000,0.02740000,0.02660000,0.02670000,2239881.00000000,TUSDT
2022-10-30 06:00:00,0.02680000,0.02680000,0.02670000,0.02680000,151933.60000000,TUSDT
2022-10-30 07:00:00,0.02680000,0.02710000,0.02680000,0.02710000,397865.00000000,TUSDT
2022-10-30 08:00:00,0.02710000,0.02720000,0.02680000,0.02680000,1500713.60000000,TUSDT
2022-10-30 09:00:00,0.02690000,0.02700000,0.02670000,0.02670000,535993.20000000,TUSDT
2022-10-30 10:00:00,0.02680000,0.02700000,0.02660000,0.02670000,860515.80000000,TUSDT
2022-10-30 11:00:00,0.02660000,0.02680000,0.02660000,0.02680000,359409.40000000,TUSDT
2022-10-30 12:00:00,0.02670000,0.02670000,0.02650000,0.02670000,289130.90000000,TUSDT
2022-10-30 13:00:00,0.02660000,0.02670000,0.02650000,0.02650000,164500.40000000,TUSDT
2022-10-30 14:00:00,0.02660000,0.02700000,0.02660000,0.02670000,1691484.00000000,TUSDT
2022-10-30 15:00:00,0.02670000,0.02670000,0.02640000,0.02640000,1273677.60000000,TUSDT
2022-10-30 16:00:00,0.02640000,0.02640000,0.02620000,0.02630000,603897.80000000,TUSDT
2022-10-30 17:00:00,0.02630000,0.02650000,0.02630000,0.02650000,209889.70000000,TUSDT
2022-10-30 18:00:00,0.02650000,0.02650000,0.02640000,0.02650000,187715.40000000,TUSDT
2022-10-30 19:00:00,0.02650000,0.02650000,0.02640000,0.02640000,18789.30000000,TUSDT
2022-10-30 20:00:00,0.02650000,0.02650000,0.02640000,0.02650000,270754.90000000,TUSDT
2022-10-30 21:00:00,0.02640000,0.02650000,0.02640000,0.02650000,146999.10000000,TUSDT
2022-10-30 22:00:00,0.02640000,0.02640000,0.02630000,0.02640000,152687.20000000,TUSDT
2022-10-30 23:00:00,0.02650000,0.02650000,0.02640000,0.02640000,181464.50000000,TUSDT
2022-10-31 00:00:00,0.02640000,0.02650000,0.02640000,0.02640000,161553.30000000,TUSDT
2022-10-31 01:00:00,0.02640000,0.02640000,0.02620000,0.02620000,145102.60000000,TUSDT
2022-10-31 02:00:00,0.02620000,0.02620000,0.02620000,0.02620000,137565.00000000,TUSDT
2022-10-31 03:00:00,0.02620000,0.02630000,0.02620000,0.02620000,33556.40000000,TUSDT
2022-10-31 04:00:00,0.02620000,0.02640000,0.02620000,0.02640000,151976.50000000,TUSDT
2022-10-31 05:00:00,0.02640000,0.02650000,0.02640000,0.02650000,343060.60000000,TUSDT
2022-10-31 06:00:00,0.02650000,0.02670000,0.02630000,0.02660000,1279566.10000000,TUSDT
2022-10-31 07:00:00,0.02660000,0.02730000,0.02650000,0.02670000,3424790.90000000,TUSDT
2022-10-31 08:00:00,0.02660000,0.02680000,0.02650000,0.02660000,860202.50000000,TUSDT
2022-10-31 09:00:00,0.02660000,0.02680000,0.02650000,0.02680000,660845.40000000,TUSDT
2022-10-31 10:00:00,0.02680000,0.02680000,0.02670000,0.02680000,138075.30000000,TUSDT
2022-10-31 11:00:00,0.02680000,0.02690000,0.02670000,0.02680000,313557.90000000,TUSDT
2022-10-31 12:00:00,0.02670000,0.02690000,0.02670000,0.02690000,799018.80000000,TUSDT
2022-10-31 13:00:00,0.02690000,0.02690000,0.02610000,0.02610000,1233008.50000000,TUSDT
2022-10-31 14:00:00,0.02610000,0.02640000,0.02580000,0.02630000,2226443.40000000,TUSDT
2022-10-31 15:00:00,0.02630000,0.02650000,0.02620000,0.02640000,226060.10000000,TUSDT
2022-10-31 16:00:00,0.02650000,0.02650000,0.02620000,0.02640000,1015936.60000000,TUSDT
2022-10-31 17:00:00,0.02640000,0.02650000,0.02640000,0.02640000,29734.70000000,TUSDT
2022-10-31 18:00:00,0.02640000,0.02650000,0.02630000,0.02640000,131466.70000000,TUSDT
2022-10-31 19:00:00,0.02630000,0.02630000,0.02630000,0.02630000,331860.80000000,TUSDT
2022-10-31 20:00:00,0.02620000,0.02630000,0.02620000,0.02630000,1633858.70000000,TUSDT
2022-10-31 21:00:00,0.02640000,0.02640000,0.02620000,0.02630000,544818.80000000,TUSDT
2022-10-31 22:00:00,0.02630000,0.02640000,0.02630000,0.02640000,336734.00000000,TUSDT
2022-10-31 23:00:00,0.02650000,0.02650000,0.02640000,0.02650000,220786.10000000,TUSDT
2022-11-01 00:00:00,0.02650000,0.02650000,0.02640000,0.02650000,68078.00000000,TUSDT
2022-11-01 01:00:00,0.02650000,0.02660000,0.02640000,0.02640000,279085.70000000,TUSDT
2022-11-01 02:00:00,0.02650000,0.02660000,0.02650000,0.02660000,187941.00000000,TUSDT
2022-11-01 03:00:00,0.02660000,0.02670000,0.02660000,0.02670000,121611.60000000,TUSDT
2022-11-01 04:00:00,0.02670000,0.02670000,0.02650000,0.02650000,58124.70000000,TUSDT
2022-11-01 05:00:00,0.02650000,0.02660000,0.02650000,0.02650000,124040.70000000,TUSDT
2022-11-01 06:00:00,0.02650000,0.02670000,0.02650000,0.02670000,221139.40000000,TUSDT
2022-11-01 07:00:00,0.02670000,0.02670000,0.02650000,0.02650000,125646.20000000,TUSDT
2022-11-01 08:00:00,0.02660000,0.02660000,0.02590000,0.02650000,3773735.40000000,TUSDT
2022-11-01 09:00:00,0.02650000,0.02670000,0.02650000,0.02660000,453222.80000000,TUSDT
2022-11-01 10:00:00,0.02660000,0.02670000,0.02650000,0.02660000,173531.30000000,TUSDT
2022-11-01 11:00:00,0.02660000,0.02660000,0.02650000,0.02650000,43755.20000000,TUSDT
2022-11-01 12:00:00,0.02650000,0.02660000,0.02640000,0.02650000,125475.30000000,TUSDT
2022-11-01 13:00:00,0.02660000,0.02660000,0.02630000,0.02640000,304375.30000000,TUSDT
2022-11-01 14:00:00,0.02640000,0.02640000,0.02620000,0.02640000,129096.40000000,TUSDT
2022-11-01 15:00:00,0.02640000,0.02640000,0.02630000,0.02630000,125023.50000000,TUSDT
2022-11-01 16:00:00,0.02630000,0.02640000,0.02620000,0.02620000,522288.40000000,TUSDT
2022-11-01 17:00:00,0.02630000,0.02630000,0.02620000,0.02620000,91927.50000000,TUSDT
2022-11-01 18:00:00,0.02630000,0.02640000,0.02630000,0.02640000,71877.40000000,TUSDT
2022-11-01 19:00:00,0.02640000,0.02640000,0.02630000,0.02630000,8182.70000000,TUSDT
2022-11-01 20:00:00,0.02640000,0.02640000,0.02630000,0.02640000,58320.00000000,TUSDT
2022-11-01 21:00:00,0.02630000,0.02640000,0.02620000,0.02630000,709283.60000000,TUSDT
2022-11-01 22:00:00,0.02630000,0.02640000,0.02630000,0.02640000,54658.10000000,TUSDT
2022-11-01 23:00:00,0.02640000,0.02640000,0.02620000,0.02630000,136604.00000000,TUSDT
2022-11-02 00:00:00,0.02630000,0.02640000,0.02630000,0.02640000,116534.30000000,TUSDT
2022-11-02 01:00:00,0.02630000,0.02650000,0.02630000,0.02650000,221841.50000000,TUSDT
2022-11-02 02:00:00,0.02640000,0.02660000,0.02640000,0.02650000,525932.90000000,TUSDT
2022-11-02 03:00:00,0.02640000,0.02650000,0.02630000,0.02640000,218232.30000000,TUSDT
2022-11-02 04:00:00,0.02640000,0.02650000,0.02620000,0.02650000,347338.90000000,TUSDT
2022-11-02 05:00:00,0.02640000,0.02650000,0.02630000,0.02630000,184347.30000000,TUSDT
2022-11-02 06:00:00,0.02640000,0.02640000,0.02610000,0.02620000,355959.10000000,TUSDT
2022-11-02 07:00:00,0.02610000,0.02610000,0.02590000,0.02600000,569329.40000000,TUSDT
2022-11-02 08:00:00,0.02610000,0.02610000,0.02600000,0.02610000,328820.50000000,TUSDT
2022-11-02 09:00:00,0.02610000,0.02620000,0.02590000,0.02600000,457287.00000000,TUSDT
2022-11-02 10:00:00,0.02590000,0.02590000,0.02570000,0.02580000,815736.30000000,TUSDT
2022-11-02 11:00:00,0.02580000,0.02590000,0.02580000,0.02580000,328819.40000000,TUSDT
2022-11-02 12:00:00,0.02590000,0.02590000,0.02570000,0.02570000,140098.20000000,TUSDT
2022-11-02 13:00:00,0.02570000,0.02590000,0.02570000,0.02580000,237091.20000000,TUSDT
2022-11-02 14:00:00,0.02570000,0.02590000,0.02570000,0.02590000,142789.00000000,TUSDT
2022-11-02 15:00:00,0.02590000,0.02630000,0.02560000,0.02600000,4039371.10000000,TUSDT
2022-11-02 16:00:00,0.02600000,0.02610000,0.02580000,0.02600000,540232.30000000,TUSDT
2022-11-02 17:00:00,0.02610000,0.02610000,0.02570000,0.02580000,572040.20000000,TUSDT
2022-11-02 18:00:00,0.02580000,0.02630000,0.02570000,0.02580000,2113991.20000000,TUSDT
2022-11-02 19:00:00,0.02590000,0.02600000,0.02550000,0.02560000,1571928.60000000,TUSDT
2022-11-02 20:00:00,0.02570000,0.02570000,0.02520000,0.02560000,1317616.00000000,TUSDT
2022-11-02 21:00:00,0.02570000,0.02570000,0.02550000,0.02570000,184329.80000000,TUSDT
2022-11-02 22:00:00,0.02560000,0.02570000,0.02560000,0.02570000,236786.90000000,TUSDT
2022-11-02 23:00:00,0.02570000,0.02580000,0.02570000,0.02580000,196726.40000000,TUSDT
2022-11-03 00:00:00,0.02570000,0.02600000,0.02540000,0.02590000,3033862.10000000,TUSDT
2022-11-03 01:00:00,0.02590000,0.02610000,0.02590000,0.02600000,414143.70000000,TUSDT
2022-11-03 02:00:00,0.02600000,0.02610000,0.02590000,0.02610000,616659.70000000,TUSDT
2022-11-03 03:00:00,0.02610000,0.02620000,0.02600000,0.02610000,858665.90000000,TUSDT
2022-11-03 04:00:00,0.02620000,0.02640000,0.02610000,0.02620000,2651752.90000000,TUSDT
2022-11-03 05:00:00,0.02620000,0.02640000,0.02600000,0.02630000,950173.30000000,TUSDT
2022-11-03 06:00:00,0.02630000,0.02650000,0.02610000,0.02630000,4379974.50000000,TUSDT
2022-11-03 07:00:00,0.02630000,0.02650000,0.02620000,0.02620000,3336845.70000000,TUSDT
2022-11-03 08:00:00,0.02630000,0.02730000,0.02620000,0.02650000,13338416.70000000,TUSDT
2022-11-03 09:00:00,0.02650000,0.02670000,0.02630000,0.02650000,2815141.40000000,TUSDT
2022-11-03 10:00:00,0.02660000,0.02670000,0.02630000,0.02640000,2984349.60000000,TUSDT
2022-11-03 11:00:00,0.02640000,0.02650000,0.02610000,0.02620000,1315253.60000000,TUSDT
2022-11-03 12:00:00,0.02620000,0.02630000,0.02590000,0.02610000,850588.90000000,TUSDT
2022-11-03 13:00:00,0.02610000,0.02640000,0.02610000,0.02630000,2311217.30000000,TUSDT
2022-11-03 14:00:00,0.02630000,0.02640000,0.02600000,0.02640000,1001570.70000000,TUSDT
2022-11-03 15:00:00,0.02640000,0.02640000,0.02620000,0.02640000,1573768.30000000,TUSDT
2022-11-03 16:00:00,0.02640000,0.02670000,0.02630000,0.02660000,3453387.60000000,TUSDT
2022-11-03 17:00:00,0.02660000,0.02670000,0.02650000,0.02670000,1303418.40000000,TUSDT
2022-11-03 18:00:00,0.02670000,0.02680000,0.02660000,0.02660000,1085033.10000000,TUSDT
2022-11-03 19:00:00,0.02660000,0.02660000,0.02640000,0.02650000,415824.50000000,TUSDT
2022-11-03 20:00:00,0.02660000,0.02670000,0.02650000,0.02650000,1071570.20000000,TUSDT
2022-11-03 21:00:00,0.02650000,0.02660000,0.02640000,0.02650000,388875.40000000,TUSDT
2022-11-03 22:00:00,0.02640000,0.02650000,0.02630000,0.02630000,1093633.70000000,TUSDT
2022-11-03 23:00:00,0.02620000,0.02660000,0.02620000,0.02630000,841857.10000000,TUSDT
2022-11-04 00:00:00,0.02630000,0.02650000,0.02620000,0.02640000,474269.40000000,TUSDT
2022-11-04 01:00:00,0.02640000,0.02650000,0.02620000,0.02630000,647611.40000000,TUSDT
2022-11-04 02:00:00,0.02630000,0.02640000,0.02610000,0.02630000,3523070.60000000,TUSDT
2022-11-04 03:00:00,0.02630000,0.02640000,0.02620000,0.02640000,1414413.50000000,TUSDT
2022-11-04 04:00:00,0.02640000,0.02660000,0.02630000,0.02640000,1224005.00000000,TUSDT
2022-11-04 05:00:00,0.02650000,0.02650000,0.02610000,0.02650000,3208627.00000000,TUSDT
2022-11-04 06:00:00,0.02650000,0.02680000,0.02650000,0.02670000,420004.40000000,TUSDT
2022-11-04 07:00:00,0.02670000,0.02680000,0.02660000,0.02680000,813041.90000000,TUSDT
2022-11-04 08:00:00,0.02670000,0.02690000,0.02660000,0.02670000,2494990.60000000,TUSDT
2022-11-04 09:00:00,0.02670000,0.02690000,0.02660000,0.02680000,912719.10000000,TUSDT
2022-11-04 10:00:00,0.02670000,0.02700000,0.02670000,0.02680000,643061.30000000,TUSDT
2022-11-04 11:00:00,0.02680000,0.02700000,0.02680000,0.02690000,713015.00000000,TUSDT
2022-11-04 12:00:00,0.02680000,0.02740000,0.02660000,0.02700000,2898652.50000000,TUSDT
2022-11-04 13:00:00,0.02700000,0.02730000,0.02690000,0.02700000,1078847.70000000,TUSDT
2022-11-04 14:00:00,0.02700000,0.02760000,0.02700000,0.02740000,2720268.10000000,TUSDT
2022-11-04 15:00:00,0.02730000,0.02750000,0.02700000,0.02700000,856647.00000000,TUSDT
2022-11-04 16:00:00,0.02700000,0.02720000,0.02700000,0.02710000,616262.30000000,TUSDT
2022-11-04 17:00:00,0.02700000,0.02740000,0.02700000,0.02710000,1163080.40000000,TUSDT
2022-11-04 18:00:00,0.02710000,0.02740000,0.02700000,0.02730000,880800.30000000,TUSDT
2022-11-04 19:00:00,0.02730000,0.02750000,0.02730000,0.02740000,191922.20000000,TUSDT
2022-11-04 20:00:00,0.02740000,0.02760000,0.02730000,0.02740000,915892.70000000,TUSDT
2022-11-04 21:00:00,0.02740000,0.02750000,0.02720000,0.02730000,745395.50000000,TUSDT
2022-11-04 22:00:00,0.02730000,0.02750000,0.02730000,0.02740000,556890.60000000,TUSDT
2022-11-04 23:00:00,0.02740000,0.02760000,0.02740000,0.02760000,155291.60000000,TUSDT
2022-11-05 00:00:00,0.02750000,0.02790000,0.02730000,0.02760000,1335318.80000000,TUSDT
2022-11-05 01:00:00,0.02760000,0.02800000,0.02750000,0.02780000,1941193.70000000,TUSDT
2022-11-05 02:00:00,0.02780000,0.02870000,0.02760000,0.02770000,2047790.30000000,TUSDT
2022-11-05 03:00:00,0.02770000,0.02790000,0.02750000,0.02780000,1267332.10000000,TUSDT
2022-11-05 04:00:00,0.02780000,0.02790000,0.02770000,0.02770000,211959.10000000,TUSDT
2022-11-05 05:00:00,0.02770000,0.02790000,0.02770000,0.02780000,364995.40000000,TUSDT
2022-11-05 06:00:00,0.02770000,0.02790000,0.02770000,0.02770000,629612.90000000,TUSDT
2022-11-05 07:00:00,0.02770000,0.02780000,0.02760000,0.02770000,493725.40000000,TUSDT
2022-11-05 08:00:00,0.02770000,0.02780000,0.02740000,0.02750000,1246649.00000000,TUSDT
2022-11-05 09:00:00,0.02750000,0.02760000,0.02740000,0.02760000,624609.00000000,TUSDT
2022-11-05 10:00:00,0.02750000,0.02760000,0.02750000,0.02760000,186548.90000000,TUSDT
2022-11-05 11:00:00,0.02760000,0.02770000,0.02760000,0.02770000,811345.60000000,TUSDT
2022-11-05 12:00:00,0.02770000,0.02770000,0.02750000,0.02760000,578280.80000000,TUSDT
2022-11-05 13:00:00,0.02760000,0.02770000,0.02740000,0.02760000,645825.70000000,TUSDT
2022-11-05 14:00:00,0.02760000,0.02760000,0.02740000,0.02750000,299215.90000000,TUSDT
2022-11-05 15:00:00,0.02750000,0.02770000,0.02750000,0.02750000,380627.50000000,TUSDT
2022-11-05 16:00:00,0.02760000,0.02780000,0.02760000,0.02770000,437274.00000000,TUSDT
2022-11-05 17:00:00,0.02760000,0.02780000,0.02760000,0.02780000,563661.20000000,TUSDT
2022-11-05 18:00:00,0.02770000,0.02780000,0.02750000,0.02760000,118707.20000000,TUSDT
2022-11-05 19:00:00,0.02760000,0.02760000,0.02750000,0.02750000,8101.60000000,TUSDT
2022-11-05 20:00:00,0.02760000,0.02770000,0.02760000,0.02770000,181844.70000000,TUSDT
2022-11-05 21:00:00,0.02770000,0.02770000,0.02750000,0.02760000,196365.80000000,TUSDT
2022-11-05 22:00:00,0.02760000,0.02770000,0.02760000,0.02770000,42359.20000000,TUSDT
2022-11-05 23:00:00,0.02760000,0.02770000,0.02740000,0.02750000,297832.70000000,TUSDT
2022-11-06 00:00:00,0.02760000,0.02810000,0.02750000,0.02760000,1137803.80000000,TUSDT
2022-11-06 01:00:00,0.02760000,0.02760000,0.02730000,0.02730000,744953.20000000,TUSDT
2022-11-06 02:00:00,0.02730000,0.02730000,0.02720000,0.02730000,856406.90000000,TUSDT
2022-11-06 03:00:00,0.02720000,0.02740000,0.02720000,0.02740000,119011.40000000,TUSDT
2022-11-06 04:00:00,0.02730000,0.02740000,0.02730000,0.02730000,139126.00000000,TUSDT
2022-11-06 05:00:00,0.02720000,0.02730000,0.02710000,0.02710000,731659.20000000,TUSDT
2022-11-06 06:00:00,0.02720000,0.02720000,0.02710000,0.02710000,21883.20000000,TUSDT
2022-11-06 07:00:00,0.02710000,0.02720000,0.02700000,0.02710000,26777.60000000,TUSDT
2022-11-06 08:00:00,0.02710000,0.02740000,0.02710000,0.02730000,1243680.20000000,TUSDT
2022-11-06 09:00:00,0.02740000,0.02740000,0.02730000,0.02730000,119431.50000000,TUSDT
2022-11-06 10:00:00,0.02740000,0.02740000,0.02720000,0.02730000,379948.40000000,TUSDT
2022-11-06 11:00:00,0.02740000,0.02740000,0.02700000,0.02740000,1640286.00000000,TUSDT
2022-11-06 12:00:00,0.02740000,0.02740000,0.02720000,0.02730000,411277.50000000,TUSDT
2022-11-06 13:00:00,0.02730000,0.02740000,0.02690000,0.02740000,2148130.60000000,TUSDT
2022-11-06 14:00:00,0.02730000,0.02750000,0.02720000,0.02740000,182420.80000000,TUSDT
2022-11-06 15:00:00,0.02730000,0.02750000,0.02730000,0.02740000,230924.30000000,TUSDT
2022-11-06 16:00:00,0.02730000,0.02730000,0.02710000,0.02720000,219192.30000000,TUSDT
2022-11-06 17:00:00,0.02720000,0.02730000,0.02720000,0.02720000,65707.20000000,TUSDT
2022-11-06 18:00:00,0.02730000,0.02730000,0.02700000,0.02710000,381093.10000000,TUSDT
2022-11-06 19:00:00,0.02710000,0.02710000,0.02690000,0.02710000,458673.90000000,TUSDT
2022-11-06 20:00:00,0.02710000,0.02720000,0.02680000,0.02700000,795233.00000000,TUSDT
2022-11-06 21:00:00,0.02700000,0.02710000,0.02690000,0.02690000,152017.70000000,TUSDT
2022-11-06 22:00:00,0.02700000,0.02700000,0.02670000,0.02690000,521479.80000000,TUSDT
2022-11-06 23:00:00,0.02690000,0.02690000,0.02650000,0.02650000,693047.40000000,TUSDT
2022-11-07 00:00:00,0.02650000,0.02660000,0.02630000,0.02630000,609276.20000000,TUSDT
2022-11-07 01:00:00,0.02630000,0.02650000,0.02620000,0.02650000,126021.50000000,TUSDT
2022-11-07 02:00:00,0.02640000,0.02670000,0.02640000,0.02660000,119850.90000000,TUSDT
2022-11-07 03:00:00,0.02650000,0.02660000,0.02650000,0.02650000,399628.30000000,TUSDT
2022-11-07 04:00:00,0.02650000,0.02660000,0.02630000,0.02660000,957541.40000000,TUSDT
2022-11-07 05:00:00,0.02660000,0.02670000,0.02650000,0.02660000,608780.20000000,TUSDT
2022-11-07 06:00:00,0.02670000,0.02670000,0.02630000,0.02660000,984299.90000000,TUSDT
2022-11-07 07:00:00,0.02650000,0.02660000,0.02600000,0.02600000,1670372.10000000,TUSDT
2022-11-07 08:00:00,0.02610000,0.02640000,0.02600000,0.02640000,966506.90000000,TUSDT
2022-11-07 09:00:00,0.02640000,0.02660000,0.02630000,0.02640000,432235.00000000,TUSDT
2022-11-07 10:00:00,0.02650000,0.02660000,0.02640000,0.02650000,157397.00000000,TUSDT
2022-11-07 11:00:00,0.02660000,0.02660000,0.02630000,0.02640000,347689.80000000,TUSDT
2022-11-07 12:00:00,0.02650000,0.02660000,0.02640000,0.02650000,194573.60000000,TUSDT
2022-11-07 13:00:00,0.02660000,0.02660000,0.02630000,0.02640000,753349.00000000,TUSDT
2022-11-07 14:00:00,0.02640000,0.02640000,0.02620000,0.02630000,695793.70000000,TUSDT
2022-11-07 15:00:00,0.02630000,0.02650000,0.02630000,0.02650000,265280.50000000,TUSDT
2022-11-07 16:00:00,0.02650000,0.02670000,0.02640000,0.02640000,235408.90000000,TUSDT
2022-11-07 17:00:00,0.02640000,0.02650000,0.02630000,0.02650000,81875.80000000,TUSDT
2022-11-07 18:00:00,0.02650000,0.02650000,0.02630000,0.02650000,534349.50000000,TUSDT
2022-11-07 19:00:00,0.02650000,0.02670000,0.02640000,0.02670000,446767.80000000,TUSDT
2022-11-07 20:00:00,0.02670000,0.02670000,0.02660000,0.02670000,444758.90000000,TUSDT
2022-11-07 21:00:00,0.02660000,0.02680000,0.02660000,0.02660000,443721.80000000,TUSDT
2022-11-07 22:00:00,0.02660000,0.02670000,0.02610000,0.02620000,389831.20000000,TUSDT
2022-11-07 23:00:00,0.02630000,0.02650000,0.02630000,0.02650000,602711.20000000,TUSDT
2022-11-08 00:00:00,0.02660000,0.02660000,0.02630000,0.02630000,602116.60000000,TUSDT
2022-11-08 01:00:00,0.02640000,0.02660000,0.02640000,0.02650000,177345.50000000,TUSDT
2022-11-08 02:00:00,0.02650000,0.02660000,0.02620000,0.02620000,599681.40000000,TUSDT
2022-11-08 03:00:00,0.02620000,0.02630000,0.02560000,0.02560000,1927960.20000000,TUSDT
2022-11-08 04:00:00,0.02560000,0.02570000,0.02430000,0.02450000,5794276.20000000,TUSDT
2022-11-08 05:00:00,0.02460000,0.02480000,0.02390000,0.02470000,4249017.20000000,TUSDT
2022-11-08 06:00:00,0.02470000,0.02510000,0.02450000,0.02500000,1653213.20000000,TUSDT
2022-11-08 07:00:00,0.02490000,0.02510000,0.02490000,0.02500000,221258.50000000,TUSDT
2022-11-08 08:00:00,0.02510000,0.02510000,0.02490000,0.02490000,446950.50000000,TUSDT
2022-11-08 09:00:00,0.02490000,0.02510000,0.02480000,0.02500000,851358.50000000,TUSDT
2022-11-08 10:00:00,0.02490000,0.02500000,0.02480000,0.02490000,575848.40000000,TUSDT
2022-11-08 11:00:00,0.02480000,0.02500000,0.02470000,0.02480000,454726.30000000,TUSDT
2022-11-08 12:00:00,0.02480000,0.02490000,0.02470000,0.02490000,250994.30000000,TUSDT
2022-11-08 13:00:00,0.02490000,0.02490000,0.02470000,0.02470000,825965.80000000,TUSDT
2022-11-08 14:00:00,0.02470000,0.02490000,0.02430000,0.02460000,1290105.20000000,TUSDT
2022-11-08 15:00:00,0.02460000,0.02480000,0.02440000,0.02480000,287283.20000000,TUSDT
2022-11-08 16:00:00,0.02480000,0.02580000,0.02470000,0.02550000,2413968.70000000,TUSDT
2022-11-08 17:00:00,0.02540000,0.02570000,0.02430000,0.02440000,4349948.50000000,TUSDT
2022-11-08 18:00:00,0.02450000,0.02450000,0.02310000,0.02330000,2957476.90000000,TUSDT
2022-11-08 19:00:00,0.02320000,0.02340000,0.01980000,0.02200000,6990880.90000000,TUSDT
2022-11-08 20:00:00,0.02190000,0.02220000,0.02150000,0.02180000,3416786.10000000,TUSDT
2022-11-08 21:00:00,0.02170000,0.02190000,0.02140000,0.02190000,1498371.00000000,TUSDT
2022-11-08 22:00:00,0.02180000,0.02190000,0.02150000,0.02160000,945371.10000000,TUSDT
2022-11-08 23:00:00,0.02160000,0.02220000,0.02150000,0.02200000,1094426.90000000,TUSDT
2022-11-09 00:00:00,0.02200000,0.02230000,0.02180000,0.02190000,1342698.70000000,TUSDT
2022-11-09 01:00:00,0.02180000,0.02200000,0.02180000,0.02190000,757186.00000000,TUSDT
2022-11-09 02:00:00,0.02180000,0.02190000,0.02090000,0.02090000,2370693.10000000,TUSDT
2022-11-09 03:00:00,0.02100000,0.02130000,0.02070000,0.02120000,2221434.80000000,TUSDT
2022-11-09 04:00:00,0.02120000,0.02130000,0.02100000,0.02100000,809692.90000000,TUSDT
2022-11-09 05:00:00,0.02100000,0.02140000,0.02080000,0.02120000,1053006.30000000,TUSDT
2022-11-09 06:00:00,0.02110000,0.02120000,0.02090000,0.02100000,1168684.10000000,TUSDT
2022-11-09 07:00:00,0.02100000,0.02120000,0.02080000,0.02090000,1402421.60000000,TUSDT
2022-11-09 08:00:00,0.02080000,0.02090000,0.02030000,0.02050000,1093903.10000000,TUSDT
2022-11-09 09:00:00,0.02050000,0.02050000,0.01920000,0.01960000,3288802.00000000,TUSDT
2022-11-09 10:00:00,0.01960000,0.02010000,0.01840000,0.01950000,4346365.90000000,TUSDT
2022-11-09 11:00:00,0.01950000,0.01990000,0.01930000,0.01960000,5983406.70000000,TUSDT
2022-11-09 12:00:00,0.01970000,0.01990000,0.01950000,0.01950000,3055790.40000000,TUSDT
2022-11-09 13:00:00,0.01950000,0.02030000,0.01890000,0.01940000,8840258.20000000,TUSDT
2022-11-09 14:00:00,0.01940000,0.01980000,0.01900000,0.01950000,5314616.70000000,TUSDT
2022-11-09 15:00:00,0.01940000,0.01970000,0.01840000,0.01850000,5913974.70000000,TUSDT
2022-11-09 16:00:00,0.01860000,0.01890000,0.01820000,0.01860000,1507836.70000000,TUSDT
2022-11-09 17:00:00,0.01860000,0.01880000,0.01800000,0.01820000,1883689.30000000,TUSDT
2022-11-09 18:00:00,0.01820000,0.01820000,0.01640000,0.01700000,5941979.30000000,TUSDT
2022-11-09 19:00:00,0.01710000,0.01760000,0.01700000,0.01730000,680795.50000000,TUSDT
2022-11-09 20:00:00,0.01730000,0.01760000,0.01690000,0.01700000,1730561.60000000,TUSDT
2022-11-09 21:00:00,0.01700000,0.01700000,0.01480000,0.01480000,3690499.50000000,TUSDT
2022-11-09 22:00:00,0.01510000,0.01580000,0.01490000,0.01550000,2560031.70000000,TUSDT
2022-11-09 23:00:00,0.01550000,0.01590000,0.01510000,0.01560000,3677259.30000000,TUSDT
2022-11-10 00:00:00,0.01560000,0.01630000,0.01540000,0.01630000,3279123.10000000,TUSDT
2022-11-10 01:00:00,0.01630000,0.01650000,0.01600000,0.01610000,547225.90000000,TUSDT
2022-11-10 02:00:00,0.01600000,0.01610000,0.01580000,0.01600000,443834.00000000,TUSDT
2022-11-10 03:00:00,0.01600000,0.01670000,0.01600000,0.01650000,1005053.10000000,TUSDT
2022-11-10 04:00:00,0.01650000,0.01670000,0.01610000,0.01670000,1346627.80000000,TUSDT
2022-11-10 05:00:00,0.01670000,0.01700000,0.01660000,0.01690000,635572.60000000,TUSDT
2022-11-10 06:00:00,0.01700000,0.01710000,0.01680000,0.01700000,1258602.00000000,TUSDT
2022-11-10 07:00:00,0.01690000,0.01720000,0.01690000,0.01720000,1141984.80000000,TUSDT
2022-11-10 08:00:00,0.01710000,0.01710000,0.01650000,0.01690000,2101721.00000000,TUSDT
2022-11-10 09:00:00,0.01690000,0.01700000,0.01680000,0.01690000,731661.70000000,TUSDT
2022-11-10 10:00:00,0.01690000,0.01690000,0.01630000,0.01640000,920972.30000000,TUSDT
2022-11-10 11:00:00,0.01630000,0.01660000,0.01630000,0.01660000,392124.90000000,TUSDT
2022-11-10 12:00:00,0.01660000,0.01700000,0.01650000,0.01690000,1079622.20000000,TUSDT
2022-11-10 13:00:00,0.01700000,0.01790000,0.01690000,0.01790000,1967474.10000000,TUSDT
2022-11-10 14:00:00,0.01780000,0.01860000,0.01770000,0.01810000,3365822.90000000,TUSDT
2022-11-10 15:00:00,0.01820000,0.01860000,0.01810000,0.01820000,2359102.20000000,TUSDT
2022-11-10 16:00:00,0.01830000,0.01880000,0.01820000,0.01860000,2129367.70000000,TUSDT
2022-11-10 17:00:00,0.01860000,0.01880000,0.01780000,0.01790000,1294472.70000000,TUSDT
2022-11-10 18:00:00,0.01790000,0.01810000,0.01780000,0.01800000,865094.30000000,TUSDT
2022-11-10 19:00:00,0.01800000,0.01820000,0.01790000,0.01810000,671311.10000000,TUSDT
2022-11-10 20:00:00,0.01810000,0.01850000,0.01800000,0.01840000,1114979.20000000,TUSDT
2022-11-10 21:00:00,0.01850000,0.01870000,0.01830000,0.01870000,801521.40000000,TUSDT
2022-11-10 22:00:00,0.01870000,0.01880000,0.01840000,0.01860000,696029.90000000,TUSDT
2022-11-10 23:00:00,0.01860000,0.01870000,0.01820000,0.01860000,862831.50000000,TUSDT
2022-11-11 00:00:00,0.01850000,0.01880000,0.01830000,0.01860000,786777.30000000,TUSDT
2022-11-11 01:00:00,0.01860000,0.01900000,0.01820000,0.01830000,641763.00000000,TUSDT
2022-11-11 02:00:00,0.01830000,0.01840000,0.01790000,0.01820000,1143488.80000000,TUSDT
2022-11-11 03:00:00,0.01810000,0.01810000,0.01780000,0.01780000,246665.00000000,TUSDT
2022-11-11 04:00:00,0.01790000,0.01800000,0.01780000,0.01780000,344316.40000000,TUSDT
2022-11-11 05:00:00,0.01790000,0.01810000,0.01780000,0.01810000,525782.40000000,TUSDT
2022-11-11 06:00:00,0.01810000,0.01830000,0.01810000,0.01820000,163335.20000000,TUSDT
2022-11-11 07:00:00,0.01820000,0.01840000,0.01820000,0.01840000,110377.90000000,TUSDT
2022-11-11 08:00:00,0.01830000,0.01850000,0.01820000,0.01840000,406116.60000000,TUSDT
2022-11-11 09:00:00,0.01840000,0.01850000,0.01830000,0.01840000,173772.40000000,TUSDT
2022-11-11 10:00:00,0.01830000,0.01840000,0.01820000,0.01830000,263658.90000000,TUSDT
2022-11-11 11:00:00,0.01840000,0.01850000,0.01830000,0.01840000,230959.60000000,TUSDT
2022-11-11 12:00:00,0.01850000,0.01850000,0.01830000,0.01840000,84189.80000000,TUSDT
2022-11-11 13:00:00,0.01850000,0.01860000,0.01810000,0.01810000,754947.40000000,TUSDT
2022-11-11 14:00:00,0.01820000,0.01820000,0.01690000,0.01750000,3440576.40000000,TUSDT
2022-11-11 15:00:00,0.01750000,0.01780000,0.01740000,0.01750000,1106116.20000000,TUSDT
2022-11-11 16:00:00,0.01740000,0.01750000,0.01710000,0.01710000,1051360.40000000,TUSDT
2022-11-11 17:00:00,0.01720000,0.01750000,0.01710000,0.01730000,1112546.60000000,TUSDT
2022-11-11 18:00:00,0.01730000,0.01740000,0.01720000,0.01720000,112190.70000000,TUSDT
2022-11-11 19:00:00,0.01710000,0.01730000,0.01710000,0.01730000,209757.30000000,TUSDT
2022-11-11 20:00:00,0.01720000,0.01730000,0.01710000,0.01710000,208810.90000000,TUSDT
2022-11-11 21:00:00,0.01720000,0.01770000,0.01710000,0.01750000,424988.30000000,TUSDT
2022-11-11 22:00:00,0.01740000,0.01770000,0.01730000,0.01760000,562527.20000000,TUSDT
2022-11-11 23:00:00,0.01770000,0.01780000,0.01740000,0.01770000,169876.60000000,TUSDT
2022-11-12 00:00:00,0.01770000,0.02400000,0.01760000,0.01860000,32563163.80000000,TUSDT
2022-11-12 01:00:00,0.01880000,0.01890000,0.01780000,0.01850000,3927524.40000000,TUSDT
2022-11-12 02:00:00,0.01840000,0.01880000,0.01830000,0.01840000,1359697.20000000,TUSDT
2022-11-12 03:00:00,0.01830000,0.01840000,0.01810000,0.01820000,1750413.20000000,TUSDT
2022-11-12 04:00:00,0.01820000,0.01830000,0.01780000,0.01790000,2508998.00000000,TUSDT
2022-11-12 05:00:00,0.01780000,0.01780000,0.01720000,0.01730000,2307170.00000000,TUSDT
2022-11-12 06:00:00,0.01730000,0.01760000,0.01720000,0.01760000,418883.30000000,TUSDT
2022-11-12 07:00:00,0.01750000,0.01790000,0.01750000,0.01760000,539745.70000000,TUSDT
2022-11-12 08:00:00,0.01760000,0.01800000,0.01750000,0.01800000,830065.80000000,TUSDT
2022-11-12 09:00:00,0.01780000,0.01790000,0.01770000,0.01780000,215563.70000000,TUSDT
2022-11-12 10:00:00,0.01770000,0.01790000,0.01770000,0.01770000,228204.50000000,TUSDT
2022-11-12 11:00:00,0.01770000,0.01780000,0.01730000,0.01750000,1703438.20000000,TUSDT
2022-11-12 12:00:00,0.01740000,0.01770000,0.01730000,0.01750000,589287.10000000,TUSDT
2022-11-12 13:00:00,0.01760000,0.01760000,0.01720000,0.01740000,777183.00000000,TUSDT
2022-11-12 14:00:00,0.01730000,0.01740000,0.01720000,0.01740000,340267.30000000,TUSDT
2022-11-12 15:00:00,0.01750000,0.01760000,0.01740000,0.01750000,146286.70000000,TUSDT
2022-11-12 16:00:00,0.01750000,0.01760000,0.01740000,0.01760000,347557.90000000,TUSDT
2022-11-12 17:00:00,0.01750000,0.01760000,0.01730000,0.01740000,159469.30000000,TUSDT
2022-11-12 18:00:00,0.01750000,0.01760000,0.01740000,0.01750000,127425.00000000,TUSDT
2022-11-12 19:00:00,0.01760000,0.01780000,0.01750000,0.01760000,507514.50000000,TUSDT
2022-11-12 20:00:00,0.01750000,0.01770000,0.01750000,0.01750000,103117.90000000,TUSDT
2022-11-12 21:00:00,0.01750000,0.01760000,0.01750000,0.01750000,160408.20000000,TUSDT
2022-11-12 22:00:00,0.01760000,0.01770000,0.01750000,0.01770000,142212.80000000,TUSDT
2022-11-12 23:00:00,0.01770000,0.02110000,0.01730000,0.01780000,12199237.80000000,TUSDT
2022-11-13 00:00:00,0.01770000,0.01780000,0.01730000,0.01750000,662886.10000000,TUSDT
2022-11-13 01:00:00,0.01750000,0.01780000,0.01740000,0.01760000,1021226.20000000,TUSDT
2022-11-13 02:00:00,0.01750000,0.01770000,0.01750000,0.01760000,489667.20000000,TUSDT
2022-11-13 03:00:00,0.01760000,0.01780000,0.01750000,0.01780000,600849.00000000,TUSDT
2022-11-13 04:00:00,0.01780000,0.01780000,0.01750000,0.01770000,334250.70000000,TUSDT
2022-11-13 05:00:00,0.01770000,0.01770000,0.01760000,0.01760000,250394.20000000,TUSDT
2022-11-13 06:00:00,0.01770000,0.01770000,0.01690000,0.01690000,1682890.60000000,TUSDT
2022-11-13 07:00:00,0.01690000,0.01690000,0.01660000,0.01690000,1838949.10000000,TUSDT
2022-11-13 08:00:00,0.01680000,0.01700000,0.01600000,0.01620000,1372211.30000000,TUSDT
2022-11-13 09:00:00,0.01620000,0.01640000,0.01570000,0.01600000,2734399.90000000,TUSDT
2022-11-13 10:00:00,0.01600000,0.01620000,0.01590000,0.01610000,633712.00000000,TUSDT
2022-11-13 11:00:00,0.01610000,0.01640000,0.01610000,0.01630000,499561.80000000,TUSDT
2022-11-13 12:00:00,0.01630000,0.01650000,0.01610000,0.01630000,825954.40000000,TUSDT
2022-11-13 13:00:00,0.01630000,0.01660000,0.01620000,0.01660000,635908.10000000,TUSDT
2022-11-13 14:00:00,0.01650000,0.01700000,0.01640000,0.01690000,1493142.10000000,TUSDT
2022-11-13 15:00:00,0.01690000,0.01710000,0.01650000,0.01670000,1037741.70000000,TUSDT
2022-11-13 16:00:00,0.01670000,0.01690000,0.01650000,0.01660000,743197.10000000,TUSDT
2022-11-13 17:00:00,0.01670000,0.01680000,0.01660000,0.01660000,64110.30000000,TUSDT
2022-11-13 18:00:00,0.01670000,0.01680000,0.01650000,0.01660000,98850.20000000,TUSDT
2022-11-13 19:00:00,0.01660000,0.01660000,0.01630000,0.01650000,525837.90000000,TUSDT
2022-11-13 20:00:00,0.01640000,0.01660000,0.01620000,0.01630000,383517.60000000,TUSDT
2022-11-13 21:00:00,0.01630000,0.01640000,0.01600000,0.01610000,474674.20000000,TUSDT
2022-11-13 22:00:00,0.01610000,0.01670000,0.01600000,0.01640000,805326.20000000,TUSDT
2022-11-13 23:00:00,0.01640000,0.01650000,0.01620000,0.01640000,249489.80000000,TUSDT
2022-11-14 00:00:00,0.01630000,0.01720000,0.01540000,0.01550000,3890400.10000000,TUSDT
2022-11-14 01:00:00,0.01550000,0.01560000,0.01510000,0.01540000,1339642.60000000,TUSDT
2022-11-14 02:00:00,0.01530000,0.01530000,0.01490000,0.01530000,696120.70000000,TUSDT
2022-11-14 03:00:00,0.01530000,0.01540000,0.01520000,0.01520000,527654.80000000,TUSDT
2022-11-14 04:00:00,0.01520000,0.01530000,0.01500000,0.01520000,640247.90000000,TUSDT
2022-11-14 05:00:00,0.01510000,0.01520000,0.01510000,0.01510000,108191.80000000,TUSDT
2022-11-14 06:00:00,0.01510000,0.01590000,0.01500000,0.01580000,669120.60000000,TUSDT
2022-11-14 07:00:00,0.01580000,0.01600000,0.01560000,0.01600000,979626.70000000,TUSDT
2022-11-14 08:00:00,0.01590000,0.01670000,0.01590000,0.01660000,3714051.10000000,TUSDT
2022-11-14 09:00:00,0.01660000,0.01670000,0.01600000,0.01640000,2775982.90000000,TUSDT
2022-11-14 10:00:00,0.01640000,0.01670000,0.01630000,0.01660000,368922.50000000,TUSDT
2022-11-14 11:00:00,0.01660000,0.01670000,0.01620000,0.01640000,499488.10000000,TUSDT
2022-11-14 12:00:00,0.01630000,0.01650000,0.01620000,0.01650000,771162.40000000,TUSDT
2022-11-14 13:00:00,0.01640000,0.01670000,0.01610000,0.01620000,1497704.90000000,TUSDT
2022-11-14 14:00:00,0.01630000,0.01640000,0.01570000,0.01600000,1310290.60000000,TUSDT
2022-11-14 15:00:00,0.01600000,0.01610000,0.01580000,0.01600000,242265.60000000,TUSDT
2022-11-14 16:00:00,0.01600000,0.01600000,0.01560000,0.01590000,426364.20000000,TUSDT
2022-11-14 17:00:00,0.01590000,0.01600000,0.01590000,0.01600000,220442.90000000,TUSDT
2022-11-14 18:00:00,0.01600000,0.01630000,0.01590000,0.01610000,415410.40000000,TUSDT
2022-11-14 19:00:00,0.01630000,0.01630000,0.01580000,0.01580000,629176.30000000,TUSDT
2022-11-14 20:00:00,0.01580000,0.01600000,0.01560000,0.01580000,264270.80000000,TUSDT
2022-11-14 21:00:00,0.01600000,0.01600000,0.01580000,0.01580000,16166.00000000,TUSDT
2022-11-14 22:00:00,0.01600000,0.01620000,0.01590000,0.01610000,390563.10000000,TUSDT
2022-11-14 23:00:00,0.01610000,0.01640000,0.01600000,0.01640000,513463.20000000,TUSDT
2022-11-15 00:00:00,0.01630000,0.01650000,0.01620000,0.01630000,545159.10000000,TUSDT
2022-11-15 01:00:00,0.01630000,0.01660000,0.01620000,0.01640000,300997.90000000,TUSDT
2022-11-15 02:00:00,0.01650000,0.01650000,0.01630000,0.01650000,113313.50000000,TUSDT
2022-11-15 03:00:00,0.01650000,0.01680000,0.01640000,0.01670000,1745959.40000000,TUSDT
2022-11-15 04:00:00,0.01670000,0.01680000,0.01620000,0.01640000,2562916.90000000,TUSDT
2022-11-15 05:00:00,0.01640000,0.01640000,0.01620000,0.01630000,491288.50000000,TUSDT
2022-11-15 06:00:00,0.01630000,0.01640000,0.01620000,0.01640000,685833.30000000,TUSDT
2022-11-15 07:00:00,0.01630000,0.01660000,0.01630000,0.01650000,364182.10000000,TUSDT
2022-11-15 08:00:00,0.01660000,0.01670000,0.01640000,0.01660000,223103.20000000,TUSDT
2022-11-15 09:00:00,0.01670000,0.01700000,0.01650000,0.01670000,1076863.00000000,TUSDT
2022-11-15 10:00:00,0.01670000,0.01760000,0.01670000,0.01710000,3481892.30000000,TUSDT
2022-11-15 11:00:00,0.01710000,0.01730000,0.01680000,0.01720000,1063216.00000000,TUSDT
2022-11-15 12:00:00,0.01730000,0.01730000,0.01700000,0.01710000,569713.20000000,TUSDT
2022-11-15 13:00:00,0.01710000,0.01730000,0.01700000,0.01710000,797432.10000000,TUSDT
2022-11-15 14:00:00,0.01720000,0.01720000,0.01700000,0.01700000,547375.30000000,TUSDT
2022-11-15 15:00:00,0.01710000,0.01720000,0.01700000,0.01710000,590685.80000000,TUSDT
2022-11-15 16:00:00,0.01710000,0.01730000,0.01690000,0.01710000,823706.90000000,TUSDT
2022-11-15 17:00:00,0.01720000,0.01720000,0.01700000,0.01710000,139047.80000000,TUSDT
2022-11-15 18:00:00,0.01710000,0.01720000,0.01640000,0.01660000,2264685.60000000,TUSDT
2022-11-15 19:00:00,0.01660000,0.01670000,0.01660000,0.01670000,208923.70000000,TUSDT
2022-11-15 20:00:00,0.01680000,0.01690000,0.01670000,0.01680000,241930.00000000,TUSDT
2022-11-15 21:00:00,0.01670000,0.01690000,0.01650000,0.01680000,480651.70000000,TUSDT
2022-11-15 22:00:00,0.01680000,0.01710000,0.01680000,0.01700000,394099.60000000,TUSDT
2022-11-15 23:00:00,0.01690000,0.01700000,0.01680000,0.01690000,109004.40000000,TUSDT
2022-11-16 00:00:00,0.01690000,0.01730000,0.01680000,0.01710000,13171860.40000000,TUSDT
2022-11-16 01:00:00,0.01710000,0.01740000,0.01680000,0.01720000,3292647.50000000,TUSDT
2022-11-16 02:00:00,0.01720000,0.01730000,0.01720000,0.01720000,120667.60000000,TUSDT
2022-11-16 03:00:00,0.01720000,0.01740000,0.01710000,0.01730000,315489.20000000,TUSDT
2022-11-16 04:00:00,0.01720000,0.01740000,0.01720000,0.01730000,207125.80000000,TUSDT
2022-11-16 05:00:00,0.01740000,0.01740000,0.01710000,0.01720000,1490033.60000000,TUSDT
2022-11-16 06:00:00,0.01720000,0.01720000,0.01700000,0.01720000,285596.60000000,TUSDT
2022-11-16 07:00:00,0.01710000,0.01720000,0.01700000,0.01700000,124642.80000000,TUSDT
2022-11-16 08:00:00,0.01710000,0.01710000,0.01640000,0.01680000,5465288.80000000,TUSDT
2022-11-16 09:00:00,0.01670000,0.01740000,0.01650000,0.01680000,2572773.10000000,TUSDT
2022-11-16 10:00:00,0.01670000,0.01680000,0.01660000,0.01670000,33580.30000000,TUSDT
2022-11-16 11:00:00,0.01660000,0.01830000,0.01660000,0.01680000,7142572.10000000,TUSDT
2022-11-16 12:00:00,0.01690000,0.01690000,0.01670000,0.01680000,508217.80000000,TUSDT
2022-11-16 13:00:00,0.01670000,0.01680000,0.01650000,0.01650000,944020.40000000,TUSDT
2022-11-16 14:00:00,0.01650000,0.01660000,0.01630000,0.01640000,1646259.30000000,TUSDT
2022-11-16 15:00:00,0.01640000,0.01660000,0.01610000,0.01630000,2187382.70000000,TUSDT
2022-11-16 16:00:00,0.01640000,0.01690000,0.01630000,0.01680000,2050036.70000000,TUSDT
2022-11-16 17:00:00,0.01680000,0.01690000,0.01670000,0.01680000,357078.20000000,TUSDT
2022-11-16 18:00:00,0.01680000,0.01680000,0.01670000,0.01680000,23639.80000000,TUSDT
2022-11-16 19:00:00,0.01670000,0.01680000,0.01650000,0.01660000,196137.20000000,TUSDT
2022-11-16 20:00:00,0.01660000,0.01660000,0.01650000,0.01660000,12219.50000000,TUSDT
2022-11-16 21:00:00,0.01660000,0.01670000,0.01660000,0.01660000,72240.00000000,TUSDT
2022-11-16 22:00:00,0.01670000,0.01680000,0.01660000,0.01680000,101167.20000000,TUSDT
2022-11-16 23:00:00,0.01690000,0.01690000,0.01670000,0.01680000,328271.10000000,TUSDT
2022-11-17 00:00:00,0.01680000,0.01690000,0.01680000,0.01690000,143388.00000000,TUSDT
2022-11-17 01:00:00,0.01700000,0.01700000,0.01680000,0.01690000,51935.70000000,TUSDT
2022-11-17 02:00:00,0.01680000,0.01690000,0.01670000,0.01680000,127960.20000000,TUSDT
2022-11-17 03:00:00,0.01680000,0.01690000,0.01640000,0.01650000,479741.00000000,TUSDT
2022-11-17 04:00:00,0.01640000,0.01650000,0.01630000,0.01650000,202171.80000000,TUSDT
2022-11-17 05:00:00,0.01650000,0.01660000,0.01640000,0.01660000,161898.10000000,TUSDT
2022-11-17 06:00:00,0.01660000,0.01670000,0.01650000,0.01660000,206420.00000000,TUSDT
2022-11-17 07:00:00,0.01660000,0.01670000,0.01650000,0.01670000,546002.60000000,TUSDT
2022-11-17 08:00:00,0.01670000,0.01670000,0.01660000,0.01660000,55531.70000000,TUSDT
2022-11-17 09:00:00,0.01670000,0.01670000,0.01650000,0.01660000,650323.80000000,TUSDT
2022-11-17 10:00:00,0.01650000,0.01660000,0.01650000,0.01650000,146405.70000000,TUSDT
2022-11-17 11:00:00,0.01660000,0.01670000,0.01650000,0.01670000,97227.50000000,TUSDT
2022-11-17 12:00:00,0.01670000,0.01680000,0.01650000,0.01660000,221666.30000000,TUSDT
2022-11-17 13:00:00,0.01650000,0.01650000,0.01630000,0.01630000,640342.60000000,TUSDT
2022-11-17 14:00:00,0.01640000,0.01640000,0.01620000,0.01620000,602185.20000000,TUSDT
2022-11-17 15:00:00,0.01630000,0.01650000,0.01630000,0.01640000,502332.40000000,TUSDT
2022-11-17 16:00:00,0.01650000,0.01660000,0.01640000,0.01660000,162881.50000000,TUSDT
2022-11-17 17:00:00,0.01660000,0.01670000,0.01650000,0.01660000,142184.80000000,TUSDT
2022-11-17 18:00:00,0.01660000,0.01670000,0.01660000,0.01660000,568313.00000000,TUSDT
2022-11-17 19:00:00,0.01670000,0.01670000,0.01660000,0.01660000,13157.30000000,TUSDT
2022-11-17 20:00:00,0.01660000,0.01690000,0.01660000,0.01680000,1721723.80000000,TUSDT
2022-11-17 21:00:00,0.01670000,0.01680000,0.01670000,0.01670000,78525.80000000,TUSDT
2022-11-17 22:00:00,0.01680000,0.01680000,0.01660000,0.01670000,41689.70000000,TUSDT
2022-11-17 23:00:00,0.01670000,0.01670000,0.01650000,0.01660000,163051.00000000,TUSDT
2022-11-18 00:00:00,0.01660000,0.01680000,0.01660000,0.01680000,232916.20000000,TUSDT
2022-11-18 01:00:00,0.01680000,0.01680000,0.01670000,0.01670000,23879.10000000,TUSDT
2022-11-18 02:00:00,0.01680000,0.01690000,0.01670000,0.01690000,120286.30000000,TUSDT
2022-11-18 03:00:00,0.01680000,0.01690000,0.01670000,0.01670000,78473.90000000,TUSDT
2022-11-18 04:00:00,0.01680000,0.01690000,0.01670000,0.01680000,118063.80000000,TUSDT
2022-11-18 05:00:00,0.01670000,0.01680000,0.01660000,0.01680000,175864.60000000,TUSDT
2022-11-18 06:00:00,0.01670000,0.01680000,0.01670000,0.01680000,321046.50000000,TUSDT
2022-11-18 07:00:00,0.01670000,0.01700000,0.01670000,0.01700000,545853.70000000,TUSDT
2022-11-18 08:00:00,0.01700000,0.01700000,0.01670000,0.01690000,1458836.90000000,TUSDT
2022-11-18 09:00:00,0.01680000,0.01690000,0.01670000,0.01690000,341812.40000000,TUSDT
2022-11-18 10:00:00,0.01680000,0.01680000,0.01670000,0.01680000,124591.40000000,TUSDT
2022-11-18 11:00:00,0.01670000,0.01680000,0.01670000,0.01680000,117330.60000000,TUSDT
2022-11-18 12:00:00,0.01680000,0.01680000,0.01670000,0.01680000,421546.80000000,TUSDT
2022-11-18 13:00:00,0.01690000,0.01690000,0.01670000,0.01680000,429741.90000000,TUSDT
2022-11-18 14:00:00,0.01680000,0.01690000,0.01660000,0.01680000,692226.40000000,TUSDT
2022-11-18 15:00:00,0.01680000,0.01680000,0.01660000,0.01670000,305337.90000000,TUSDT
2022-11-18 16:00:00,0.01670000,0.01670000,0.01660000,0.01660000,460112.90000000,TUSDT
2022-11-18 17:00:00,0.01660000,0.01670000,0.01650000,0.01650000,680268.30000000,TUSDT
2022-11-18 18:00:00,0.01660000,0.01680000,0.01650000,0.01660000,271155.80000000,TUSDT
2022-11-18 19:00:00,0.01670000,0.01680000,0.01650000,0.01660000,289833.90000000,TUSDT
2022-11-18 20:00:00,0.01670000,0.01670000,0.01660000,0.01670000,40764.00000000,TUSDT
2022-11-18 21:00:00,0.01660000,0.01670000,0.01660000,0.01660000,70083.40000000,TUSDT
2022-11-18 22:00:00,0.01670000,0.01670000,0.01660000,0.01660000,224654.30000000,TUSDT
2022-11-18 23:00:00,0.01660000,0.01680000,0.01660000,0.01670000,222636.20000000,TUSDT
2022-11-19 00:00:00,0.01680000,0.01680000,0.01660000,0.01680000,190176.00000000,TUSDT
2022-11-19 01:00:00,0.01690000,0.01700000,0.01680000,0.01690000,375818.30000000,TUSDT
2022-11-19 02:00:00,0.01690000,0.01700000,0.01680000,0.01680000,165474.70000000,TUSDT
2022-11-19 03:00:00,0.01700000,0.01710000,0.01690000,0.01700000,459614.70000000,TUSDT
2022-11-19 04:00:00,0.01700000,0.01730000,0.01700000,0.01710000,665321.30000000,TUSDT
2022-11-19 05:00:00,0.01720000,0.01720000,0.01680000,0.01700000,1346063.20000000,TUSDT
2022-11-19 06:00:00,0.01700000,0.01750000,0.01690000,0.01720000,1914458.90000000,TUSDT
2022-11-19 07:00:00,0.01720000,0.02280000,0.01710000,0.02240000,122538751.40000000,TUSDT
2022-11-19 08:00:00,0.02240000,0.02250000,0.02030000,0.02050000,48121566.00000000,TUSDT
2022-11-19 09:00:00,0.02050000,0.02200000,0.02020000,0.02120000,21884751.20000000,TUSDT
2022-11-19 10:00:00,0.02120000,0.02170000,0.02030000,0.02060000,19889914.70000000,TUSDT
2022-11-19 11:00:00,0.02060000,0.02100000,0.02050000,0.02080000,10501564.80000000,TUSDT
2022-11-19 12:00:00,0.02090000,0.02130000,0.02040000,0.02090000,11778037.60000000,TUSDT
2022-11-19 13:00:00,0.02090000,0.02490000,0.02080000,0.02290000,117703099.40000000,TUSDT
2022-11-19 14:00:00,0.02280000,0.02310000,0.01990000,0.02070000,38881903.70000000,TUSDT
2022-11-19 15:00:00,0.02080000,0.02130000,0.01970000,0.02000000,19352707.20000000,TUSDT
2022-11-19 16:00:00,0.02000000,0.02010000,0.01890000,0.01920000,15504552.80000000,TUSDT
2022-11-19 17:00:00,0.01930000,0.01940000,0.01870000,0.01910000,7521005.20000000,TUSDT
2022-11-19 18:00:00,0.01920000,0.01940000,0.01870000,0.01910000,5273283.50000000,TUSDT
2022-11-19 19:00:00,0.01910000,0.01940000,0.01880000,0.01920000,6068063.10000000,TUSDT
2022-11-19 20:00:00,0.01930000,0.01970000,0.01900000,0.01950000,4893568.50000000,TUSDT
2022-11-19 21:00:00,0.01950000,0.01970000,0.01930000,0.01950000,5477540.70000000,TUSDT
2022-11-19 22:00:00,0.01950000,0.01950000,0.01920000,0.01940000,3240551.90000000,TUSDT
2022-11-19 23:00:00,0.01940000,0.01950000,0.01880000,0.01900000,5098971.60000000,TUSDT
2022-11-20 00:00:00,0.01900000,0.02110000,0.01790000,0.01950000,28260564.40000000,TUSDT
2022-11-20 01:00:00,0.01950000,0.01980000,0.01900000,0.01930000,8052157.10000000,TUSDT
2022-11-20 02:00:00,0.01920000,0.02020000,0.01900000,0.02020000,4981589.30000000,TUSDT
2022-11-20 03:00:00,0.02010000,0.02060000,0.01930000,0.01960000,11495718.30000000,TUSDT
2022-11-20 04:00:00,0.01960000,0.01980000,0.01940000,0.01960000,2436202.90000000,TUSDT
2022-11-20 05:00:00,0.01960000,0.01990000,0.01930000,0.01970000,2368544.70000000,TUSDT
2022-11-20 06:00:00,0.01960000,0.02000000,0.01950000,0.01980000,1642619.00000000,TUSDT
2022-11-20 07:00:00,0.01990000,0.02050000,0.01950000,0.01980000,13018597.50000000,TUSDT
2022-11-20 08:00:00,0.01990000,0.02010000,0.01890000,0.01920000,8208391.30000000,TUSDT
2022-11-20 09:00:00,0.01930000,0.01970000,0.01920000,0.01960000,3623896.30000000,TUSDT
2022-11-20 10:00:00,0.01960000,0.01970000,0.01840000,0.01880000,9195147.90000000,TUSDT
2022-11-20 11:00:00,0.01880000,0.01900000,0.01770000,0.01820000,9710835.20000000,TUSDT
2022-11-20 12:00:00,0.01820000,0.01900000,0.01790000,0.01820000,6525999.90000000,TUSDT
2022-11-20 13:00:00,0.01830000,0.01920000,0.01800000,0.01840000,7634513.50000000,TUSDT
2022-11-20 14:00:00,0.01840000,0.01850000,0.01800000,0.01820000,3910887.30000000,TUSDT
2022-11-20 15:00:00,0.01820000,0.01850000,0.01770000,0.01800000,12813317.20000000,TUSDT
2022-11-20 16:00:00,0.01810000,0.01820000,0.01760000,0.01770000,4390738.80000000,TUSDT
2022-11-20 17:00:00,0.01770000,0.02370000,0.01730000,0.01740000,46858389.90000000,TUSDT
2022-11-20 18:00:00,0.01740000,0.01790000,0.01740000,0.01760000,2599211.90000000,TUSDT
2022-11-20 19:00:00,0.01760000,0.01780000,0.01730000,0.01760000,2421000.60000000,TUSDT
2022-11-20 20:00:00,0.01760000,0.01790000,0.01730000,0.01750000,1241686.50000000,TUSDT
2022-11-20 21:00:00,0.01740000,0.01760000,0.01700000,0.01720000,2706662.90000000,TUSDT
2022-11-20 22:00:00,0.01720000,0.01740000,0.01710000,0.01720000,1068270.90000000,TUSDT
2022-11-20 23:00:00,0.01720000,0.01740000,0.01710000,0.01730000,1904743.30000000,TUSDT
2022-11-21 00:00:00,0.01720000,0.01760000,0.01710000,0.01740000,2640776.30000000,TUSDT
2022-11-21 01:00:00,0.01750000,0.01760000,0.01730000,0.01750000,838063.20000000,TUSDT
2022-11-21 02:00:00,0.01740000,0.01740000,0.01660000,0.01680000,2135156.20000000,TUSDT
2022-11-21 03:00:00,0.01670000,0.01690000,0.01650000,0.01680000,3205024.50000000,TUSDT
2022-11-21 04:00:00,0.01690000,0.01730000,0.01690000,0.01690000,1223759.80000000,TUSDT
2022-11-21 05:00:00,0.01690000,0.01710000,0.01690000,0.01710000,339760.10000000,TUSDT
2022-11-21 06:00:00,0.01710000,0.01740000,0.01690000,0.01730000,1179980.30000000,TUSDT
2022-11-21 07:00:00,0.01720000,0.01720000,0.01670000,0.01690000,1057328.70000000,TUSDT
2022-11-21 08:00:00,0.01680000,0.01690000,0.01660000,0.01680000,863234.70000000,TUSDT
2022-11-21 09:00:00,0.01670000,0.01690000,0.01660000,0.01690000,658850.00000000,TUSDT
2022-11-21 10:00:00,0.01690000,0.01690000,0.01660000,0.01680000,1541706.90000000,TUSDT
2022-11-21 11:00:00,0.01680000,0.01700000,0.01670000,0.01680000,658110.90000000,TUSDT
2022-11-21 12:00:00,0.01680000,0.01700000,0.01680000,0.01690000,1117388.60000000,TUSDT
2022-11-21 13:00:00,0.01690000,0.01710000,0.01680000,0.01690000,1983615.80000000,TUSDT
2022-11-21 14:00:00,0.01690000,0.01700000,0.01690000,0.01690000,817657.70000000,TUSDT
2022-11-21 15:00:00,0.01690000,0.01700000,0.01660000,0.01680000,2006264.80000000,TUSDT
2022-11-21 16:00:00,0.01690000,0.01690000,0.01660000,0.01690000,1452881.90000000,TUSDT
2022-11-21 17:00:00,0.01680000,0.01700000,0.01660000,0.01680000,1421807.00000000,TUSDT
2022-11-21 18:00:00,0.01680000,0.01680000,0.01650000,0.01670000,1200860.10000000,TUSDT
2022-11-21 19:00:00,0.01670000,0.01680000,0.01630000,0.01640000,1235470.20000000,TUSDT
2022-11-21 20:00:00,0.01640000,0.01660000,0.01630000,0.01640000,2435534.10000000,TUSDT
2022-11-21 21:00:00,0.01640000,0.01650000,0.01620000,0.01630000,893605.30000000,TUSDT
2022-11-21 22:00:00,0.01630000,0.01670000,0.01630000,0.01660000,764559.70000000,TUSDT
2022-11-21 23:00:00,0.01650000,0.01670000,0.01650000,0.01670000,395575.10000000,TUSDT
2022-11-22 00:00:00,0.01670000,0.01680000,0.01660000,0.01660000,324141.90000000,TUSDT
2022-11-22 01:00:00,0.01660000,0.01670000,0.01650000,0.01660000,240191.50000000,TUSDT
2022-11-22 02:00:00,0.01650000,0.01680000,0.01650000,0.01670000,419129.90000000,TUSDT
2022-11-22 03:00:00,0.01670000,0.01680000,0.01660000,0.01670000,1221863.30000000,TUSDT
2022-11-22 04:00:00,0.01670000,0.01670000,0.01660000,0.01670000,389648.90000000,TUSDT
2022-11-22 05:00:00,0.01670000,0.01680000,0.01650000,0.01660000,2347009.50000000,TUSDT
2022-11-22 06:00:00,0.01670000,0.01670000,0.01600000,0.01630000,1545522.20000000,TUSDT
2022-11-22 07:00:00,0.01630000,0.01640000,0.01600000,0.01640000,585557.20000000,TUSDT
2022-11-22 08:00:00,0.01630000,0.01640000,0.01620000,0.01630000,488169.90000000,TUSDT
2022-11-22 09:00:00,0.01630000,0.01630000,0.01600000,0.01620000,1140243.20000000,TUSDT
2022-11-22 10:00:00,0.01610000,0.01620000,0.01600000,0.01620000,687347.60000000,TUSDT
2022-11-22 11:00:00,0.01620000,0.01620000,0.01610000,0.01620000,112914.40000000,TUSDT
2022-11-22 12:00:00,0.01620000,0.01640000,0.01610000,0.01640000,1774902.80000000,TUSDT
2022-11-22 13:00:00,0.01630000,0.01680000,0.01630000,0.01680000,1131752.10000000,TUSDT
2022-11-22 14:00:00,0.01680000,0.01690000,0.01660000,0.01660000,4310613.30000000,TUSDT
2022-11-22 15:00:00,0.01670000,0.01700000,0.01660000,0.01700000,3314928.80000000,TUSDT
2022-11-22 16:00:00,0.01690000,0.01700000,0.01670000,0.01670000,911772.00000000,TUSDT
2022-11-22 17:00:00,0.01680000,0.01690000,0.01660000,0.01680000,393189.20000000,TUSDT
2022-11-22 18:00:00,0.01680000,0.01680000,0.01650000,0.01670000,1972044.60000000,TUSDT
2022-11-22 19:00:00,0.01680000,0.01680000,0.01660000,0.01670000,391038.70000000,TUSDT
2022-11-22 20:00:00,0.01680000,0.01690000,0.01670000,0.01690000,933549.80000000,TUSDT
2022-11-22 21:00:00,0.01680000,0.01690000,0.01670000,0.01680000,890910.00000000,TUSDT
2022-11-22 22:00:00,0.01670000,0.01700000,0.01670000,0.01700000,735664.30000000,TUSDT
2022-11-22 23:00:00,0.01690000,0.01710000,0.01680000,0.01700000,3166806.40000000,TUSDT
2022-11-23 00:00:00,0.01710000,0.01720000,0.01700000,0.01700000,892234.70000000,TUSDT
2022-11-23 01:00:00,0.01710000,0.01730000,0.01690000,0.01720000,1819073.60000000,TUSDT
2022-11-23 02:00:00,0.01720000,0.01770000,0.01720000,0.01740000,2471607.00000000,TUSDT
2022-11-23 03:00:00,0.01740000,0.01760000,0.01730000,0.01740000,1196086.80000000,TUSDT
2022-11-23 04:00:00,0.01740000,0.01770000,0.01720000,0.01750000,867480.00000000,TUSDT
2022-11-23 05:00:00,0.01750000,0.01760000,0.01740000,0.01750000,102293.60000000,TUSDT
2022-11-23 06:00:00,0.01740000,0.01750000,0.01740000,0.01750000,224270.40000000,TUSDT
2022-11-23 07:00:00,0.01750000,0.01760000,0.01740000,0.01760000,569024.00000000,TUSDT
2022-11-23 08:00:00,0.01760000,0.01830000,0.01760000,0.01770000,2124231.90000000,TUSDT
2022-11-23 09:00:00,0.01770000,0.01780000,0.01740000,0.01750000,459939.50000000,TUSDT
2022-11-23 10:00:00,0.01760000,0.01770000,0.01750000,0.01760000,446351.10000000,TUSDT
2022-11-23 11:00:00,0.01760000,0.01790000,0.01750000,0.01760000,3476636.60000000,TUSDT
2022-11-23 12:00:00,0.01760000,0.01780000,0.01750000,0.01760000,792433.00000000,TUSDT
2022-11-23 13:00:00,0.01760000,0.01780000,0.01750000,0.01760000,2724960.60000000,TUSDT
2022-11-23 14:00:00,0.01750000,0.01760000,0.01730000,0.01760000,1361062.90000000,TUSDT
2022-11-23 15:00:00,0.01760000,0.01760000,0.01680000,0.01740000,5859043.30000000,TUSDT
2022-11-23 16:00:00,0.01750000,0.01760000,0.01730000,0.01740000,1392427.70000000,TUSDT
2022-11-23 17:00:00,0.01740000,0.01750000,0.01740000,0.01750000,180587.10000000,TUSDT
2022-11-23 18:00:00,0.01750000,0.01760000,0.01740000,0.01750000,392820.30000000,TUSDT
2022-11-23 19:00:00,0.01750000,0.01780000,0.01750000,0.01760000,618472.40000000,TUSDT
2022-11-23 20:00:00,0.01770000,0.01780000,0.01750000,0.01780000,926587.80000000,TUSDT
2022-11-23 21:00:00,0.01770000,0.01780000,0.01760000,0.01770000,170454.90000000,TUSDT
2022-11-23 22:00:00,0.01780000,0.01780000,0.01760000,0.01760000,92354.40000000,TUSDT
2022-11-23 23:00:00,0.01770000,0.01780000,0.01760000,0.01770000,233069.70000000,TUSDT
2022-11-24 00:00:00,0.01770000,0.01840000,0.01770000,0.01820000,3796870.00000000,TUSDT
2022-11-24 01:00:00,0.01820000,0.01860000,0.01800000,0.01850000,4272880.90000000,TUSDT
2022-11-24 02:00:00,0.01850000,0.01860000,0.01820000,0.01830000,1596806.60000000,TUSDT
2022-11-24 03:00:00,0.01830000,0.01870000,0.01820000,0.01840000,1199653.10000000,TUSDT
2022-11-24 04:00:00,0.01840000,0.01880000,0.01830000,0.01840000,1089691.20000000,TUSDT
2022-11-24 05:00:00,0.01840000,0.01950000,0.01840000,0.01880000,6902383.10000000,TUSDT
2022-11-24 06:00:00,0.01890000,0.02020000,0.01850000,0.01890000,18505178.60000000,TUSDT
2022-11-24 07:00:00,0.01880000,0.01880000,0.01830000,0.01850000,3947490.80000000,TUSDT
2022-11-24 08:00:00,0.01850000,0.01860000,0.01800000,0.01830000,5003286.50000000,TUSDT
2022-11-24 09:00:00,0.01830000,0.01850000,0.01820000,0.01840000,1219704.20000000,TUSDT
2022-11-24 10:00:00,0.01830000,0.01840000,0.01720000,0.01750000,6513966.30000000,TUSDT
2022-11-24 11:00:00,0.01750000,0.01770000,0.01710000,0.01750000,2604952.30000000,TUSDT
2022-11-24 12:00:00,0.01750000,0.01750000,0.01720000,0.01750000,2407660.00000000,TUSDT
2022-11-24 13:00:00,0.01750000,0.01820000,0.01730000,0.01770000,7384346.70000000,TUSDT
2022-11-24 14:00:00,0.01770000,0.01780000,0.01740000,0.01750000,760248.80000000,TUSDT
2022-11-24 15:00:00,0.01750000,0.01770000,0.01740000,0.01750000,409032.30000000,TUSDT
2022-11-24 16:00:00,0.01750000,0.01770000,0.01750000,0.01750000,652604.70000000,TUSDT
2022-11-24 17:00:00,0.01760000,0.01760000,0.01750000,0.01750000,73258.10000000,TUSDT
2022-11-24 18:00:00,0.01750000,0.01770000,0.01750000,0.01760000,355267.80000000,TUSDT
2022-11-24 19:00:00,0.01750000,0.01760000,0.01740000,0.01740000,297994.70000000,TUSDT
2022-11-24 20:00:00,0.01750000,0.01750000,0.01740000,0.01750000,226877.70000000,TUSDT
2022-11-24 21:00:00,0.01750000,0.01760000,0.01740000,0.01750000,175561.40000000,TUSDT
2022-11-24 22:00:00,0.01760000,0.01780000,0.01750000,0.01780000,1655979.40000000,TUSDT
2022-11-24 23:00:00,0.01790000,0.01800000,0.01770000,0.01780000,265882.80000000,TUSDT
2022-11-25 00:00:00,0.01780000,0.01790000,0.01740000,0.01760000,1545474.00000000,TUSDT
2022-11-25 01:00:00,0.01760000,0.01760000,0.01750000,0.01750000,306483.40000000,TUSDT
2022-11-25 02:00:00,0.01740000,0.01750000,0.01700000,0.01710000,1750212.40000000,TUSDT
2022-11-25 03:00:00,0.01710000,0.01720000,0.01700000,0.01720000,730128.10000000,TUSDT
2022-11-25 04:00:00,0.01710000,0.01730000,0.01710000,0.01710000,447000.90000000,TUSDT
2022-11-25 05:00:00,0.01720000,0.01720000,0.01700000,0.01710000,497681.60000000,TUSDT
2022-11-25 06:00:00,0.01710000,0.01730000,0.01700000,0.01720000,523479.00000000,TUSDT
2022-11-25 07:00:00,0.01720000,0.01740000,0.01710000,0.01720000,739534.40000000,TUSDT
2022-11-25 08:00:00,0.01740000,0.01740000,0.01720000,0.01730000,340975.10000000,TUSDT
2022-11-25 09:00:00,0.01730000,0.01740000,0.01730000,0.01740000,66289.70000000,TUSDT
2022-11-25 10:00:00,0.01730000,0.01740000,0.01730000,0.01740000,168818.00000000,TUSDT
2022-11-25 11:00:00,0.01740000,0.01740000,0.01730000,0.01730000,432483.70000000,TUSDT
2022-11-25 12:00:00,0.01720000,0.01740000,0.01720000,0.01720000,402526.50000000,TUSDT
2022-11-25 13:00:00,0.01730000,0.01740000,0.01720000,0.01730000,474231.00000000,TUSDT
2022-11-25 14:00:00,0.01740000,0.01740000,0.01720000,0.01740000,298758.40000000,TUSDT
2022-11-25 15:00:00,0.01740000,0.01750000,0.01730000,0.01750000,1014483.40000000,TUSDT
2022-11-25 16:00:00,0.01750000,0.01780000,0.01750000,0.01760000,1575861.70000000,TUSDT
2022-11-25 17:00:00,0.01750000,0.01770000,0.01750000,0.01760000,449150.70000000,TUSDT
2022-11-25 18:00:00,0.01760000,0.01810000,0.01760000,0.01780000,3701138.30000000,TUSDT
2022-11-25 19:00:00,0.01780000,0.01810000,0.01760000,0.01780000,1647874.10000000,TUSDT
2022-11-25 20:00:00,0.01780000,0.01800000,0.01770000,0.01790000,598597.70000000,TUSDT
2022-11-25 21:00:00,0.01780000,0.01780000,0.01760000,0.01770000,413602.50000000,TUSDT
2022-11-25 22:00:00,0.01770000,0.01780000,0.01760000,0.01770000,173780.50000000,TUSDT
2022-11-25 23:00:00,0.01780000,0.01780000,0.01760000,0.01770000,241011.60000000,TUSDT
2022-11-26 00:00:00,0.01770000,0.01780000,0.01760000,0.01780000,361998.30000000,TUSDT
2022-11-26 01:00:00,0.01780000,0.01810000,0.01780000,0.01790000,612279.10000000,TUSDT
2022-11-26 02:00:00,0.01800000,0.01850000,0.01790000,0.01820000,3681589.70000000,TUSDT
2022-11-26 03:00:00,0.01820000,0.01820000,0.01800000,0.01810000,558751.30000000,TUSDT
2022-11-26 04:00:00,0.01800000,0.01810000,0.01800000,0.01800000,247962.20000000,TUSDT
2022-11-26 05:00:00,0.01810000,0.01820000,0.01790000,0.01810000,254632.00000000,TUSDT
2022-11-26 06:00:00,0.01810000,0.01810000,0.01780000,0.01800000,297704.30000000,TUSDT
2022-11-26 07:00:00,0.01800000,0.01810000,0.01780000,0.01800000,383956.60000000,TUSDT
2022-11-26 08:00:00,0.01800000,0.01840000,0.01800000,0.01830000,539367.60000000,TUSDT
2022-11-26 09:00:00,0.01830000,0.01840000,0.01810000,0.01820000,358330.10000000,TUSDT
2022-11-26 10:00:00,0.01820000,0.01820000,0.01810000,0.01820000,234420.50000000,TUSDT
2022-11-26 11:00:00,0.01810000,0.01820000,0.01800000,0.01820000,337218.40000000,TUSDT
2022-11-26 12:00:00,0.01820000,0.01840000,0.01810000,0.01820000,985555.40000000,TUSDT
2022-11-26 13:00:00,0.01810000,0.01820000,0.01800000,0.01820000,415987.20000000,TUSDT
2022-11-26 14:00:00,0.01820000,0.01820000,0.01810000,0.01810000,333699.60000000,TUSDT
2022-11-26 15:00:00,0.01810000,0.01830000,0.01810000,0.01830000,2338067.80000000,TUSDT
2022-11-26 16:00:00,0.01820000,0.01840000,0.01810000,0.01810000,769711.30000000,TUSDT
2022-11-26 17:00:00,0.01810000,0.01830000,0.01800000,0.01820000,1470489.90000000,TUSDT
2022-11-26 18:00:00,0.01830000,0.01830000,0.01810000,0.01810000,281726.90000000,TUSDT
2022-11-26 19:00:00,0.01810000,0.01810000,0.01790000,0.01810000,1313285.30000000,TUSDT
2022-11-26 20:00:00,0.01810000,0.01840000,0.01790000,0.01800000,1453503.30000000,TUSDT
2022-11-26 21:00:00,0.01810000,0.01830000,0.01800000,0.01810000,928047.10000000,TUSDT
2022-11-26 22:00:00,0.01810000,0.01810000,0.01790000,0.01800000,539965.10000000,TUSDT
2022-11-26 23:00:00,0.01800000,0.01820000,0.01800000,0.01810000,503649.10000000,TUSDT
2022-11-27 00:00:00,0.01800000,0.01810000,0.01790000,0.01800000,644267.00000000,TUSDT
2022-11-27 01:00:00,0.01790000,0.01800000,0.01790000,0.01800000,273220.70000000,TUSDT
2022-11-27 02:00:00,0.01800000,0.01810000,0.01790000,0.01810000,166397.20000000,TUSDT
2022-11-27 03:00:00,0.01810000,0.01810000,0.01790000,0.01800000,186232.00000000,TUSDT
2022-11-27 04:00:00,0.01800000,0.01810000,0.01790000,0.01800000,207723.80000000,TUSDT
2022-11-27 05:00:00,0.01800000,0.01800000,0.01780000,0.01800000,218673.50000000,TUSDT
2022-11-27 06:00:00,0.01800000,0.01820000,0.01790000,0.01800000,580404.10000000,TUSDT
2022-11-27 07:00:00,0.01810000,0.01810000,0.01780000,0.01800000,715255.20000000,TUSDT
2022-11-27 08:00:00,0.01810000,0.01820000,0.01800000,0.01810000,607208.10000000,TUSDT
2022-11-27 09:00:00,0.01810000,0.01830000,0.01800000,0.01820000,576648.50000000,TUSDT
2022-11-27 10:00:00,0.01820000,0.01840000,0.01810000,0.01810000,1068868.70000000,TUSDT
2022-11-27 11:00:00,0.01800000,0.01820000,0.01800000,0.01810000,404736.20000000,TUSDT
2022-11-27 12:00:00,0.01800000,0.01830000,0.01800000,0.01820000,575728.00000000,TUSDT
2022-11-27 13:00:00,0.01820000,0.01830000,0.01810000,0.01810000,220060.70000000,TUSDT
2022-11-27 14:00:00,0.01810000,0.01830000,0.01800000,0.01830000,648677.40000000,TUSDT
2022-11-27 15:00:00,0.01830000,0.01840000,0.01810000,0.01810000,434405.50000000,TUSDT
2022-11-27 16:00:00,0.01820000,0.01820000,0.01810000,0.01820000,468896.60000000,TUSDT
2022-11-27 17:00:00,0.01820000,0.01840000,0.01810000,0.01830000,831813.80000000,TUSDT
2022-11-27 18:00:00,0.01830000,0.01840000,0.01830000,0.01830000,141568.50000000,TUSDT
2022-11-27 19:00:00,0.01830000,0.01840000,0.01820000,0.01830000,755779.90000000,TUSDT
2022-11-27 20:00:00,0.01830000,0.01860000,0.01820000,0.01840000,1970490.90000000,TUSDT
2022-11-27 21:00:00,0.01840000,0.01850000,0.01830000,0.01840000,672119.00000000,TUSDT
2022-11-27 22:00:00,0.01830000,0.01850000,0.01820000,0.01840000,823708.90000000,TUSDT
2022-11-27 23:00:00,0.01840000,0.01840000,0.01820000,0.01820000,371172.70000000,TUSDT
2022-11-28 00:00:00,0.01820000,0.01830000,0.01790000,0.01820000,600733.50000000,TUSDT
2022-11-28 01:00:00,0.01820000,0.01940000,0.01720000,0.01740000,11881727.90000000,TUSDT
2022-11-28 02:00:00,0.01740000,0.01740000,0.01690000,0.01710000,3315144.10000000,TUSDT
2022-11-28 03:00:00,0.01700000,0.01740000,0.01700000,0.01740000,578432.30000000,TUSDT
2022-11-28 04:00:00,0.01740000,0.01740000,0.01720000,0.01730000,750825.90000000,TUSDT
2022-11-28 05:00:00,0.01740000,0.01740000,0.01720000,0.01730000,355483.40000000,TUSDT
2022-11-28 06:00:00,0.01730000,0.01740000,0.01710000,0.01730000,439451.60000000,TUSDT
2022-11-28 07:00:00,0.01730000,0.01740000,0.01730000,0.01730000,365575.60000000,TUSDT
2022-11-28 08:00:00,0.01740000,0.01750000,0.01730000,0.01740000,1667328.80000000,TUSDT
2022-11-28 09:00:00,0.01740000,0.01850000,0.01720000,0.01730000,7900186.60000000,TUSDT
2022-11-28 10:00:00,0.01730000,0.01740000,0.01720000,0.01730000,673363.00000000,TUSDT
2022-11-28 11:00:00,0.01730000,0.01750000,0.01730000,0.01730000,617830.40000000,TUSDT
2022-11-28 12:00:00,0.01740000,0.01800000,0.01730000,0.01740000,5469971.20000000,TUSDT
2022-11-28 13:00:00,0.01750000,0.01760000,0.01740000,0.01750000,1708705.00000000,TUSDT
2022-11-28 14:00:00,0.01740000,0.01770000,0.01740000,0.01760000,264515.70000000,TUSDT
2022-11-28 15:00:00,0.01760000,0.01770000,0.01740000,0.01750000,203518.40000000,TUSDT
2022-11-28 16:00:00,0.01740000,0.01770000,0.01730000,0.01770000,354940.10000000,TUSDT
2022-11-28 17:00:00,0.01770000,0.01780000,0.01760000,0.01760000,390598.70000000,TUSDT
2022-11-28 18:00:00,0.01770000,0.01770000,0.01760000,0.01770000,18522.20000000,TUSDT
2022-11-28 19:00:00,0.01760000,0.01770000,0.01760000,0.01770000,76611.80000000,TUSDT
2022-11-28 20:00:00,0.01760000,0.01770000,0.01760000,0.01770000,12115.30000000,TUSDT
2022-11-28 21:00:00,0.01770000,0.01770000,0.01760000,0.01770000,63773.60000000,TUSDT
2022-11-28 22:00:00,0.01770000,0.01780000,0.01760000,0.01770000,91487.90000000,TUSDT
2022-11-28 23:00:00,0.01770000,0.01790000,0.01770000,0.01770000,404607.70000000,TUSDT
2022-11-29 00:00:00,0.01780000,0.01780000,0.01750000,0.01750000,522631.20000000,TUSDT
2022-11-29 01:00:00,0.01760000,0.01770000,0.01750000,0.01760000,719692.30000000,TUSDT
2022-11-29 02:00:00,0.01760000,0.01770000,0.01760000,0.01770000,145887.60000000,TUSDT
2022-11-29 03:00:00,0.01770000,0.01780000,0.01760000,0.01780000,391129.60000000,TUSDT
2022-11-29 04:00:00,0.01780000,0.01790000,0.01770000,0.01780000,175973.60000000,TUSDT
2022-11-29 05:00:00,0.01790000,0.01790000,0.01780000,0.01780000,572837.00000000,TUSDT
2022-11-29 06:00:00,0.01790000,0.01790000,0.01780000,0.01790000,142906.00000000,TUSDT
2022-11-29 07:00:00,0.01790000,0.01790000,0.01780000,0.01780000,72278.00000000,TUSDT
2022-11-29 08:00:00,0.01790000,0.01800000,0.01780000,0.01790000,701731.80000000,TUSDT
2022-11-29 09:00:00,0.01790000,0.01800000,0.01780000,0.01790000,413794.30000000,TUSDT
2022-11-29 10:00:00,0.01800000,0.01800000,0.01770000,0.01780000,275221.80000000,TUSDT
2022-11-29 11:00:00,0.01790000,0.01800000,0.01780000,0.01790000,318671.90000000,TUSDT
2022-11-29 12:00:00,0.01790000,0.01800000,0.01780000,0.01800000,259129.50000000,TUSDT
2022-11-29 13:00:00,0.01790000,0.01800000,0.01770000,0.01780000,396175.20000000,TUSDT
2022-11-29 14:00:00,0.01770000,0.01790000,0.01770000,0.01780000,894072.00000000,TUSDT
2022-11-29 15:00:00,0.01780000,0.01780000,0.01770000,0.01780000,63056.10000000,TUSDT
2022-11-29 16:00:00,0.01780000,0.01790000,0.01770000,0.01780000,227671.70000000,TUSDT
2022-11-29 17:00:00,0.01770000,0.01780000,0.01760000,0.01780000,245124.70000000,TUSDT
2022-11-29 18:00:00,0.01780000,0.01780000,0.01760000,0.01770000,124043.20000000,TUSDT
2022-11-29 19:00:00,0.01770000,0.01780000,0.01770000,0.01770000,23778.50000000,TUSDT
2022-11-29 20:00:00,0.01770000,0.01780000,0.01760000,0.01780000,376942.90000000,TUSDT
2022-11-29 21:00:00,0.01770000,0.01790000,0.01770000,0.01780000,118406.00000000,TUSDT
2022-11-29 22:00:00,0.01790000,0.01790000,0.01780000,0.01790000,45093.10000000,TUSDT
2022-11-29 23:00:00,0.01780000,0.01790000,0.01780000,0.01780000,32159.70000000,TUSDT
2022-11-30 00:00:00,0.01780000,0.01820000,0.01770000,0.01820000,1145353.40000000,TUSDT
2022-11-30 01:00:00,0.01820000,0.01820000,0.01800000,0.01820000,629985.50000000,TUSDT
2022-11-30 02:00:00,0.01810000,0.01830000,0.01810000,0.01820000,382417.40000000,TUSDT
2022-11-30 03:00:00,0.01830000,0.01830000,0.01810000,0.01810000,309791.60000000,TUSDT
2022-11-30 04:00:00,0.01820000,0.01820000,0.01810000,0.01810000,69319.70000000,TUSDT
2022-11-30 05:00:00,0.01820000,0.01830000,0.01820000,0.01830000,159453.60000000,TUSDT
2022-11-30 06:00:00,0.01820000,0.01850000,0.01820000,0.01850000,268064.40000000,TUSDT
2022-11-30 07:00:00,0.01840000,0.01940000,0.01840000,0.01890000,7109643.70000000,TUSDT
2022-11-30 08:00:00,0.01890000,0.01890000,0.01840000,0.01850000,2750308.30000000,TUSDT
2022-11-30 09:00:00,0.01850000,0.01860000,0.01830000,0.01840000,328392.70000000,TUSDT
2022-11-30 10:00:00,0.01840000,0.01840000,0.01830000,0.01830000,264377.70000000,TUSDT
2022-11-30 11:00:00,0.01830000,0.01860000,0.01830000,0.01850000,596591.90000000,TUSDT
2022-11-30 12:00:00,0.01840000,0.01870000,0.01840000,0.01850000,1375580.10000000,TUSDT
2022-11-30 13:00:00,0.01850000,0.01870000,0.01840000,0.01850000,1630429.90000000,TUSDT
2022-11-30 14:00:00,0.01860000,0.01860000,0.01840000,0.01840000,1428588.40000000,TUSDT
2022-11-30 15:00:00,0.01840000,0.01860000,0.01840000,0.01860000,385367.10000000,TUSDT
2022-11-30 16:00:00,0.01860000,0.01870000,0.01840000,0.01850000,1152502.20000000,TUSDT
2022-11-30 17:00:00,0.01860000,0.01860000,0.01820000,0.01830000,1824870.60000000,TUSDT
2022-11-30 18:00:00,0.01830000,0.01840000,0.01810000,0.01840000,608300.60000000,TUSDT
2022-11-30 19:00:00,0.01830000,0.01860000,0.01830000,0.01840000,925193.60000000,TUSDT
2022-11-30 20:00:00,0.01850000,0.01860000,0.01850000,0.01860000,99572.40000000,TUSDT
2022-11-30 21:00:00,0.01860000,0.01870000,0.01840000,0.01870000,404546.30000000,TUSDT
2022-11-30 22:00:00,0.01860000,0.01870000,0.01850000,0.01870000,677674.20000000,TUSDT
2022-11-30 23:00:00,0.01870000,0.01880000,0.01860000,0.01870000,186987.60000000,TUSDT
2022-12-01 00:00:00,0.01870000,0.01890000,0.01850000,0.01860000,379590.80000000,TUSDT
2022-12-01 01:00:00,0.01850000,0.01860000,0.01850000,0.01860000,75593.60000000,TUSDT
2022-12-01 02:00:00,0.01860000,0.01860000,0.01840000,0.01850000,254728.10000000,TUSDT
2022-12-01 03:00:00,0.01860000,0.01870000,0.01850000,0.01860000,188590.60000000,TUSDT
2022-12-01 04:00:00,0.01860000,0.01880000,0.01860000,0.01870000,457284.00000000,TUSDT
2022-12-01 05:00:00,0.01870000,0.02020000,0.01860000,0.01880000,9370515.00000000,TUSDT
2022-12-01 06:00:00,0.01870000,0.01880000,0.01840000,0.01850000,1940251.00000000,TUSDT
2022-12-01 07:00:00,0.01850000,0.01860000,0.01830000,0.01850000,704035.00000000,TUSDT
2022-12-01 08:00:00,0.01850000,0.01850000,0.01820000,0.01830000,363500.10000000,TUSDT
2022-12-01 09:00:00,0.01840000,0.01850000,0.01830000,0.01850000,910243.90000000,TUSDT
2022-12-01 10:00:00,0.01850000,0.01850000,0.01830000,0.01840000,164480.40000000,TUSDT
2022-12-01 11:00:00,0.01830000,0.01850000,0.01830000,0.01840000,182493.10000000,TUSDT
2022-12-01 12:00:00,0.01830000,0.01850000,0.01830000,0.01840000,878722.60000000,TUSDT
2022-12-01 13:00:00,0.01840000,0.01850000,0.01810000,0.01830000,675885.90000000,TUSDT
2022-12-01 14:00:00,0.01830000,0.01830000,0.01820000,0.01830000,772111.50000000,TUSDT
2022-12-01 15:00:00,0.01830000,0.01830000,0.01810000,0.01830000,131023.70000000,TUSDT
2022-12-01 16:00:00,0.01820000,0.01840000,0.01820000,0.01830000,805030.70000000,TUSDT
2022-12-01 17:00:00,0.01830000,0.01840000,0.01820000,0.01840000,912231.60000000,TUSDT
2022-12-01 18:00:00,0.01830000,0.01840000,0.01820000,0.01830000,169267.70000000,TUSDT
2022-12-01 19:00:00,0.01820000,0.01840000,0.01820000,0.01830000,384087.00000000,TUSDT
2022-12-01 20:00:00,0.01830000,0.01830000,0.01820000,0.01830000,160525.40000000,TUSDT
2022-12-01 21:00:00,0.01820000,0.01830000,0.01820000,0.01830000,18818.50000000,TUSDT
2022-12-01 22:00:00,0.01820000,0.01830000,0.01820000,0.01830000,60451.30000000,TUSDT
2022-12-01 23:00:00,0.01820000,0.01840000,0.01820000,0.01830000,225060.60000000,TUSDT
2022-12-02 00:00:00,0.01830000,0.01830000,0.01820000,0.01830000,334211.70000000,TUSDT
2022-12-02 01:00:00,0.01830000,0.01840000,0.01810000,0.01820000,700591.60000000,TUSDT
2022-12-02 02:00:00,0.01810000,0.01810000,0.01790000,0.01800000,169544.00000000,TUSDT
2022-12-02 03:00:00,0.01800000,0.01800000,0.01780000,0.01790000,407156.70000000,TUSDT
2022-12-02 04:00:00,0.01790000,0.01820000,0.01790000,0.01810000,584137.70000000,TUSDT
2022-12-02 05:00:00,0.01800000,0.01820000,0.01800000,0.01820000,854789.00000000,TUSDT
2022-12-02 06:00:00,0.01810000,0.01820000,0.01800000,0.01800000,286545.10000000,TUSDT
2022-12-02 07:00:00,0.01800000,0.01820000,0.01800000,0.01820000,63752.50000000,TUSDT
2022-12-02 08:00:00,0.01810000,0.01810000,0.01800000,0.01810000,184438.10000000,TUSDT
2022-12-02 09:00:00,0.01810000,0.01810000,0.01800000,0.01810000,71689.00000000,TUSDT
2022-12-02 10:00:00,0.01820000,0.01830000,0.01810000,0.01820000,266936.00000000,TUSDT
2022-12-02 11:00:00,0.01810000,0.01830000,0.01810000,0.01830000,530199.60000000,TUSDT
2022-12-02 12:00:00,0.01830000,0.01840000,0.01820000,0.01830000,771271.00000000,TUSDT
2022-12-02 13:00:00,0.01830000,0.01830000,0.01810000,0.01820000,346158.00000000,TUSDT
2022-12-02 14:00:00,0.01810000,0.01850000,0.01810000,0.01840000,640238.00000000,TUSDT
2022-12-02 15:00:00,0.01840000,0.01850000,0.01830000,0.01830000,771213.50000000,TUSDT
2022-12-02 16:00:00,0.01840000,0.01840000,0.01830000,0.01840000,355818.00000000,TUSDT
2022-12-02 17:00:00,0.01830000,0.01840000,0.01830000,0.01840000,127279.20000000,TUSDT
2022-12-02 18:00:00,0.01830000,0.01840000,0.01830000,0.01830000,390467.40000000,TUSDT
2022-12-02 19:00:00,0.01840000,0.01840000,0.01820000,0.01840000,276712.40000000,TUSDT
2022-12-02 20:00:00,0.01830000,0.01900000,0.01830000,0.01840000,1245325.20000000,TUSDT
2022-12-02 21:00:00,0.01840000,0.01850000,0.01830000,0.01840000,203640.20000000,TUSDT
2022-12-02 22:00:00,0.01840000,0.01850000,0.01830000,0.01840000,79494.60000000,TUSDT
2022-12-02 23:00:00,0.01840000,0.01850000,0.01830000,0.01850000,139416.30000000,TUSDT
2022-12-03 00:00:00,0.01860000,0.01860000,0.01840000,0.01850000,201428.10000000,TUSDT
2022-12-03 01:00:00,0.01850000,0.01860000,0.01830000,0.01830000,300742.00000000,TUSDT
2022-12-03 02:00:00,0.01840000,0.01850000,0.01830000,0.01840000,359971.60000000,TUSDT
2022-12-03 03:00:00,0.01840000,0.01840000,0.01830000,0.01830000,350316.50000000,TUSDT
2022-12-03 04:00:00,0.01830000,0.01850000,0.01830000,0.01850000,246587.20000000,TUSDT
2022-12-03 05:00:00,0.01850000,0.01860000,0.01830000,0.01830000,72603.90000000,TUSDT
2022-12-03 06:00:00,0.01830000,0.01840000,0.01820000,0.01830000,199185.80000000,TUSDT
2022-12-03 07:00:00,0.01830000,0.01850000,0.01830000,0.01840000,200701.10000000,TUSDT
2022-12-03 08:00:00,0.01840000,0.01850000,0.01830000,0.01840000,130860.60000000,TUSDT
2022-12-03 09:00:00,0.01840000,0.01840000,0.01830000,0.01830000,74577.60000000,TUSDT
2022-12-03 10:00:00,0.01830000,0.01840000,0.01820000,0.01820000,146486.70000000,TUSDT
2022-12-03 11:00:00,0.01820000,0.01840000,0.01820000,0.01820000,175624.80000000,TUSDT
2022-12-03 12:00:00,0.01820000,0.01840000,0.01820000,0.01830000,146992.80000000,TUSDT
2022-12-03 13:00:00,0.01830000,0.01840000,0.01820000,0.01820000,118451.30000000,TUSDT
2022-12-03 14:00:00,0.01820000,0.01840000,0.01820000,0.01830000,129721.00000000,TUSDT
2022-12-03 15:00:00,0.01830000,0.01840000,0.01820000,0.01830000,214635.60000000,TUSDT
2022-12-03 16:00:00,0.01830000,0.01860000,0.01830000,0.01850000,296394.90000000,TUSDT
2022-12-03 17:00:00,0.01850000,0.01850000,0.01830000,0.01840000,283261.00000000,TUSDT
2022-12-03 18:00:00,0.01840000,0.01850000,0.01840000,0.01850000,90897.60000000,TUSDT
2022-12-03 19:00:00,0.01840000,0.01850000,0.01830000,0.01830000,67016.00000000,TUSDT
2022-12-03 20:00:00,0.01830000,0.01850000,0.01830000,0.01830000,135142.70000000,TUSDT
2022-12-03 21:00:00,0.01830000,0.01840000,0.01820000,0.01820000,228432.60000000,TUSDT
2022-12-03 22:00:00,0.01820000,0.01840000,0.01800000,0.01810000,1641924.80000000,TUSDT
2022-12-03 23:00:00,0.01810000,0.01830000,0.01810000,0.01820000,136304.30000000,TUSDT
2022-12-04 00:00:00,0.01820000,0.01830000,0.01820000,0.01830000,104559.30000000,TUSDT
2022-12-04 01:00:00,0.01830000,0.01830000,0.01820000,0.01830000,69176.00000000,TUSDT
2022-12-04 02:00:00,0.01830000,0.01840000,0.01820000,0.01820000,239649.70000000,TUSDT
2022-12-04 03:00:00,0.01830000,0.01840000,0.01820000,0.01830000,313380.30000000,TUSDT
2022-12-04 04:00:00,0.01830000,0.01840000,0.01830000,0.01840000,83543.20000000,TUSDT
2022-12-04 05:00:00,0.01840000,0.01840000,0.01820000,0.01820000,252358.60000000,TUSDT
2022-12-04 06:00:00,0.01840000,0.01840000,0.01830000,0.01840000,138845.70000000,TUSDT
2022-12-04 07:00:00,0.01840000,0.01840000,0.01830000,0.01840000,85591.10000000,TUSDT
2022-12-04 08:00:00,0.01830000,0.01850000,0.01820000,0.01840000,583041.70000000,TUSDT
2022-12-04 09:00:00,0.01840000,0.01870000,0.01830000,0.01860000,782395.80000000,TUSDT
2022-12-04 10:00:00,0.01860000,0.01870000,0.01830000,0.01830000,700077.40000000,TUSDT
2022-12-04 11:00:00,0.01830000,0.01830000,0.01810000,0.01810000,243023.70000000,TUSDT
2022-12-04 12:00:00,0.01820000,0.01830000,0.01810000,0.01820000,188451.90000000,TUSDT
2022-12-04 13:00:00,0.01820000,0.01830000,0.01810000,0.01810000,179195.60000000,TUSDT
2022-12-04 14:00:00,0.01820000,0.01840000,0.01810000,0.01840000,839240.40000000,TUSDT
2022-12-04 15:00:00,0.01840000,0.01850000,0.01830000,0.01840000,152145.60000000,TUSDT
2022-12-04 16:00:00,0.01840000,0.01840000,0.01820000,0.01830000,133583.60000000,TUSDT
2022-12-04 17:00:00,0.01820000,0.01830000,0.01810000,0.01830000,661305.00000000,TUSDT
2022-12-04 18:00:00,0.01830000,0.01840000,0.01830000,0.01840000,13187.80000000,TUSDT
2022-12-04 19:00:00,0.01840000,0.01840000,0.01830000,0.01840000,295715.80000000,TUSDT
2022-12-04 20:00:00,0.01840000,0.01860000,0.01830000,0.01840000,285944.10000000,TUSDT
2022-12-04 21:00:00,0.01840000,0.01860000,0.01840000,0.01850000,135187.70000000,TUSDT
2022-12-04 22:00:00,0.01850000,0.01860000,0.01840000,0.01850000,640229.80000000,TUSDT
2022-12-04 23:00:00,0.01850000,0.01850000,0.01840000,0.01850000,50730.40000000,TUSDT
2022-12-05 00:00:00,0.01840000,0.01850000,0.01830000,0.01850000,431023.90000000,TUSDT
2022-12-05 01:00:00,0.01850000,0.01850000,0.01840000,0.01850000,116512.00000000,TUSDT
2022-12-05 02:00:00,0.01850000,0.01860000,0.01850000,0.01860000,126018.70000000,TUSDT
2022-12-05 03:00:00,0.01850000,0.01860000,0.01850000,0.01850000,14474.40000000,TUSDT
2022-12-05 04:00:00,0.01850000,0.01860000,0.01840000,0.01850000,99572.00000000,TUSDT
2022-12-05 05:00:00,0.01860000,0.01870000,0.01850000,0.01860000,230595.20000000,TUSDT
2022-12-05 06:00:00,0.01860000,0.01860000,0.01850000,0.01850000,13607.70000000,TUSDT
2022-12-05 07:00:00,0.01860000,0.01870000,0.01850000,0.01860000,114014.00000000,TUSDT
2022-12-05 08:00:00,0.01860000,0.01870000,0.01850000,0.01850000,580019.70000000,TUSDT
2022-12-05 09:00:00,0.01860000,0.01860000,0.01850000,0.01860000,443457.30000000,TUSDT
2022-12-05 10:00:00,0.01860000,0.01860000,0.01850000,0.01860000,109182.30000000,TUSDT
2022-12-05 11:00:00,0.01850000,0.01860000,0.01850000,0.01850000,256805.50000000,TUSDT
2022-12-05 12:00:00,0.01850000,0.01870000,0.01850000,0.01860000,108645.50000000,TUSDT
2022-12-05 13:00:00,0.01860000,0.01870000,0.01850000,0.01850000,574959.70000000,TUSDT
2022-12-05 14:00:00,0.01850000,0.01860000,0.01830000,0.01850000,965946.00000000,TUSDT
2022-12-05 15:00:00,0.01840000,0.01910000,0.01820000,0.01830000,3103734.70000000,TUSDT
2022-12-05 16:00:00,0.01820000,0.01830000,0.01790000,0.01820000,2464999.90000000,TUSDT
2022-12-05 17:00:00,0.01810000,0.01830000,0.01810000,0.01820000,976103.30000000,TUSDT
2022-12-05 18:00:00,0.01820000,0.01840000,0.01810000,0.01830000,255975.30000000,TUSDT
2022-12-05 19:00:00,0.01820000,0.01830000,0.01810000,0.01810000,425832.70000000,TUSDT
2022-12-05 20:00:00,0.01820000,0.01820000,0.01810000,0.01820000,56647.20000000,TUSDT
2022-12-05 21:00:00,0.01810000,0.01820000,0.01800000,0.01820000,35868.90000000,TUSDT
2022-12-05 22:00:00,0.01820000,0.01820000,0.01800000,0.01810000,453389.40000000,TUSDT
2022-12-05 23:00:00,0.01810000,0.01820000,0.01810000,0.01810000,32052.00000000,TUSDT
2022-12-06 00:00:00,0.01820000,0.01820000,0.01800000,0.01810000,757307.60000000,TUSDT
2022-12-06 01:00:00,0.01820000,0.01830000,0.01810000,0.01820000,221759.60000000,TUSDT
2022-12-06 02:00:00,0.01820000,0.01830000,0.01820000,0.01830000,181262.80000000,TUSDT
2022-12-06 03:00:00,0.01830000,0.01840000,0.01820000,0.01820000,267237.90000000,TUSDT
2022-12-06 04:00:00,0.01830000,0.01830000,0.01820000,0.01830000,79921.50000000,TUSDT
2022-12-06 05:00:00,0.01820000,0.01830000,0.01810000,0.01810000,52415.80000000,TUSDT
2022-12-06 06:00:00,0.01810000,0.01820000,0.01810000,0.01820000,114422.80000000,TUSDT
2022-12-06 07:00:00,0.01830000,0.01890000,0.01820000,0.01850000,2997875.80000000,TUSDT
2022-12-06 08:00:00,0.01850000,0.01860000,0.01830000,0.01850000,707034.10000000,TUSDT
2022-12-06 09:00:00,0.01860000,0.01860000,0.01820000,0.01840000,471872.40000000,TUSDT
2022-12-06 10:00:00,0.01840000,0.01840000,0.01820000,0.01840000,425815.60000000,TUSDT
2022-12-06 11:00:00,0.01840000,0.01840000,0.01820000,0.01820000,186462.30000000,TUSDT
2022-12-06 12:00:00,0.01830000,0.01830000,0.01810000,0.01820000,352727.10000000,TUSDT
2022-12-06 13:00:00,0.01830000,0.01830000,0.01810000,0.01820000,407963.10000000,TUSDT
2022-12-06 14:00:00,0.01830000,0.01830000,0.01810000,0.01820000,115788.00000000,TUSDT
2022-12-06 15:00:00,0.01820000,0.01830000,0.01800000,0.01830000,274733.30000000,TUSDT
2022-12-06 16:00:00,0.01820000,0.01830000,0.01820000,0.01820000,255795.60000000,TUSDT
2022-12-06 17:00:00,0.01820000,0.01830000,0.01810000,0.01830000,237822.20000000,TUSDT
2022-12-06 18:00:00,0.01820000,0.01830000,0.01820000,0.01830000,31216.60000000,TUSDT
2022-12-06 19:00:00,0.01820000,0.01830000,0.01810000,0.01820000,158944.40000000,TUSDT
2022-12-06 20:00:00,0.01820000,0.01820000,0.01810000,0.01820000,74853.10000000,TUSDT
2022-12-06 21:00:00,0.01820000,0.01830000,0.01810000,0.01820000,180292.50000000,TUSDT
2022-12-06 22:00:00,0.01830000,0.01830000,0.01810000,0.01820000,88132.70000000,TUSDT
2022-12-06 23:00:00,0.01830000,0.01840000,0.01820000,0.01830000,275386.80000000,TUSDT
2022-12-07 00:00:00,0.01840000,0.01840000,0.01830000,0.01830000,173589.30000000,TUSDT
2022-12-07 01:00:00,0.01830000,0.01830000,0.01820000,0.01830000,74104.40000000,TUSDT
2022-12-07 02:00:00,0.01820000,0.01830000,0.01820000,0.01830000,107931.40000000,TUSDT
2022-12-07 03:00:00,0.01820000,0.01840000,0.01820000,0.01830000,537401.30000000,TUSDT
2022-12-07 04:00:00,0.01820000,0.01830000,0.01810000,0.01830000,107173.80000000,TUSDT
2022-12-07 05:00:00,0.01820000,0.01830000,0.01810000,0.01820000,128457.60000000,TUSDT
2022-12-07 06:00:00,0.01810000,0.01820000,0.01770000,0.01770000,1658053.70000000,TUSDT
2022-12-07 07:00:00,0.01770000,0.01780000,0.01710000,0.01730000,4120594.80000000,TUSDT
2022-12-07 08:00:00,0.01730000,0.01740000,0.01720000,0.01740000,352205.10000000,TUSDT
2022-12-07 09:00:00,0.01740000,0.01750000,0.01730000,0.01750000,314058.10000000,TUSDT
2022-12-07 10:00:00,0.01750000,0.01750000,0.01710000,0.01740000,3121046.20000000,TUSDT
2022-12-07 11:00:00,0.01740000,0.01760000,0.01740000,0.01750000,1288788.70000000,TUSDT
2022-12-07 12:00:00,0.01750000,0.01760000,0.01740000,0.01750000,663681.10000000,TUSDT
2022-12-07 13:00:00,0.01760000,0.01760000,0.01750000,0.01760000,137686.80000000,TUSDT
2022-12-07 14:00:00,0.01760000,0.01780000,0.01750000,0.01760000,1790527.80000000,TUSDT
2022-12-07 15:00:00,0.01760000,0.01770000,0.01740000,0.01750000,908105.40000000,TUSDT
2022-12-07 16:00:00,0.01760000,0.01770000,0.01760000,0.01760000,218773.60000000,TUSDT
2022-12-07 17:00:00,0.01760000,0.01780000,0.01760000,0.01770000,306170.00000000,TUSDT
2022-12-07 18:00:00,0.01760000,0.01780000,0.01750000,0.01770000,362222.10000000,TUSDT
2022-12-07 19:00:00,0.01760000,0.01770000,0.01760000,0.01760000,24755.20000000,TUSDT
2022-12-07 20:00:00,0.01770000,0.01770000,0.01760000,0.01760000,143840.70000000,TUSDT
2022-12-07 21:00:00,0.01770000,0.01770000,0.01760000,0.01770000,59428.50000000,TUSDT
2022-12-07 22:00:00,0.01770000,0.01770000,0.01750000,0.01750000,96016.80000000,TUSDT
2022-12-07 23:00:00,0.01760000,0.01770000,0.01760000,0.01760000,267596.90000000,TUSDT
2022-12-08 00:00:00,0.01770000,0.01790000,0.01750000,0.01760000,1375465.00000000,TUSDT
2022-12-08 01:00:00,0.01750000,0.01800000,0.01740000,0.01770000,1759065.70000000,TUSDT
2022-12-08 02:00:00,0.01770000,0.01770000,0.01760000,0.01770000,288147.70000000,TUSDT
2022-12-08 03:00:00,0.01780000,0.01790000,0.01780000,0.01780000,120202.60000000,TUSDT
2022-12-08 04:00:00,0.01770000,0.01790000,0.01770000,0.01780000,264807.60000000,TUSDT
2022-12-08 05:00:00,0.01780000,0.01780000,0.01770000,0.01770000,77650.10000000,TUSDT
2022-12-08 06:00:00,0.01780000,0.01800000,0.01780000,0.01780000,271564.90000000,TUSDT
2022-12-08 07:00:00,0.01780000,0.01790000,0.01780000,0.01790000,146184.10000000,TUSDT
2022-12-08 08:00:00,0.01780000,0.01790000,0.01770000,0.01790000,112679.90000000,TUSDT
2022-12-08 09:00:00,0.01780000,0.01780000,0.01760000,0.01760000,259266.10000000,TUSDT
2022-12-08 10:00:00,0.01770000,0.01780000,0.01760000,0.01770000,147535.20000000,TUSDT
2022-12-08 11:00:00,0.01760000,0.01770000,0.01750000,0.01760000,400648.30000000,TUSDT
2022-12-08 12:00:00,0.01760000,0.01770000,0.01760000,0.01770000,382116.60000000,TUSDT
2022-12-08 13:00:00,0.01760000,0.01770000,0.01750000,0.01760000,282521.20000000,TUSDT
2022-12-08 14:00:00,0.01760000,0.01770000,0.01750000,0.01760000,84060.80000000,TUSDT
2022-12-08 15:00:00,0.01760000,0.01780000,0.01760000,0.01780000,131308.40000000,TUSDT
2022-12-08 16:00:00,0.01770000,0.01780000,0.01770000,0.01770000,89303.50000000,TUSDT
2022-12-08 17:00:00,0.01770000,0.01780000,0.01770000,0.01770000,34450.20000000,TUSDT
2022-12-08 18:00:00,0.01780000,0.01800000,0.01770000,0.01790000,276160.90000000,TUSDT
2022-12-08 19:00:00,0.01800000,0.02300000,0.01780000,0.01830000,67985530.90000000,TUSDT
2022-12-08 20:00:00,0.01830000,0.01850000,0.01800000,0.01820000,8990947.40000000,TUSDT
2022-12-08 21:00:00,0.01810000,0.01820000,0.01770000,0.01810000,3101525.70000000,TUSDT
2022-12-08 22:00:00,0.01810000,0.01830000,0.01800000,0.01810000,1585007.20000000,TUSDT
2022-12-08 23:00:00,0.01810000,0.01820000,0.01800000,0.01810000,620125.90000000,TUSDT
2022-12-09 00:00:00,0.01810000,0.02290000,0.01810000,0.02240000,88415922.10000000,TUSDT
2022-12-09 01:00:00,0.02240000,0.02250000,0.02050000,0.02050000,25367391.40000000,TUSDT
2022-12-09 02:00:00,0.02050000,0.02160000,0.02030000,0.02120000,11820726.10000000,TUSDT
2022-12-09 03:00:00,0.02120000,0.02120000,0.02040000,0.02070000,9459640.20000000,TUSDT
2022-12-09 04:00:00,0.02070000,0.02130000,0.02050000,0.02070000,13726240.70000000,TUSDT
2022-12-09 05:00:00,0.02080000,0.02110000,0.02050000,0.02090000,6759594.60000000,TUSDT
2022-12-09 06:00:00,0.02080000,0.02090000,0.02030000,0.02070000,6986020.80000000,TUSDT
2022-12-09 07:00:00,0.02070000,0.02070000,0.01980000,0.02010000,13731218.30000000,TUSDT
2022-12-09 08:00:00,0.02010000,0.02030000,0.01980000,0.02000000,7560087.30000000,TUSDT
2022-12-09 09:00:00,0.02000000,0.02070000,0.02000000,0.02010000,8194144.00000000,TUSDT
2022-12-09 10:00:00,0.02010000,0.02030000,0.01990000,0.02000000,4615004.20000000,TUSDT
2022-12-09 11:00:00,0.02000000,0.02060000,0.01990000,0.02010000,4286747.90000000,TUSDT
2022-12-09 12:00:00,0.02010000,0.02030000,0.01970000,0.02000000,2993618.80000000,TUSDT
2022-12-09 13:00:00,0.02000000,0.02000000,0.01950000,0.01980000,3463184.00000000,TUSDT
2022-12-09 14:00:00,0.01970000,0.02000000,0.01950000,0.01980000,4187928.40000000,TUSDT
2022-12-09 15:00:00,0.01980000,0.02010000,0.01960000,0.01980000,5015611.90000000,TUSDT
2022-12-09 16:00:00,0.01980000,0.01990000,0.01960000,0.01980000,2811240.10000000,TUSDT
2022-12-09 17:00:00,0.01980000,0.02020000,0.01970000,0.01980000,3410258.30000000,TUSDT
2022-12-09 18:00:00,0.01990000,0.02000000,0.01960000,0.01980000,5205759.50000000,TUSDT
2022-12-09 19:00:00,0.01980000,0.02010000,0.01970000,0.01990000,3606907.40000000,TUSDT
2022-12-09 20:00:00,0.01980000,0.02010000,0.01960000,0.01990000,1772982.20000000,TUSDT
2022-12-09 21:00:00,0.02000000,0.02000000,0.01970000,0.01970000,1332782.80000000,TUSDT
2022-12-09 22:00:00,0.01970000,0.01990000,0.01950000,0.01980000,2288658.40000000,TUSDT
2022-12-09 23:00:00,0.01990000,0.02010000,0.01980000,0.01990000,1561712.80000000,TUSDT
2022-12-10 00:00:00,0.01980000,0.01980000,0.01920000,0.01930000,5710422.10000000,TUSDT
2022-12-10 01:00:00,0.01930000,0.01940000,0.01900000,0.01910000,1423758.20000000,TUSDT
2022-12-10 02:00:00,0.01910000,0.01910000,0.01860000,0.01890000,3274869.60000000,TUSDT
2022-12-10 03:00:00,0.01890000,0.01900000,0.01880000,0.01890000,445124.90000000,TUSDT
2022-12-10 04:00:00,0.01890000,0.01910000,0.01880000,0.01900000,1378344.00000000,TUSDT
2022-12-10 05:00:00,0.01890000,0.01910000,0.01890000,0.01910000,744457.80000000,TUSDT
2022-12-10 06:00:00,0.01900000,0.01910000,0.01890000,0.01900000,502271.20000000,TUSDT
2022-12-10 07:00:00,0.01900000,0.01900000,0.01890000,0.01890000,569645.30000000,TUSDT
2022-12-10 08:00:00,0.01900000,0.01900000,0.01890000,0.01900000,1337277.20000000,TUSDT
2022-12-10 09:00:00,0.01900000,0.01900000,0.01870000,0.01880000,2694879.10000000,TUSDT
2022-12-10 10:00:00,0.01880000,0.01890000,0.01870000,0.01890000,768428.80000000,TUSDT
2022-12-10 11:00:00,0.01880000,0.01890000,0.01870000,0.01880000,729456.20000000,TUSDT
2022-12-10 12:00:00,0.01890000,0.01890000,0.01880000,0.01890000,384584.30000000,TUSDT
2022-12-10 13:00:00,0.01900000,0.01900000,0.01870000,0.01880000,826166.50000000,TUSDT
2022-12-10 14:00:00,0.01890000,0.01900000,0.01880000,0.01890000,1719956.20000000,TUSDT
2022-12-10 15:00:00,0.01890000,0.01890000,0.01870000,0.01890000,1215994.60000000,TUSDT
2022-12-10 16:00:00,0.01890000,0.01890000,0.01870000,0.01880000,501012.80000000,TUSDT
2022-12-10 17:00:00,0.01890000,0.01900000,0.01880000,0.01890000,1028903.30000000,TUSDT
2022-12-10 18:00:00,0.01900000,0.01900000,0.01870000,0.01890000,1201412.00000000,TUSDT
2022-12-10 19:00:00,0.01890000,0.01900000,0.01860000,0.01880000,2451378.80000000,TUSDT
2022-12-10 20:00:00,0.01880000,0.01900000,0.01870000,0.01880000,1926163.00000000,TUSDT
2022-12-10 21:00:00,0.01870000,0.01890000,0.01870000,0.01870000,884747.90000000,TUSDT
2022-12-10 22:00:00,0.01870000,0.01880000,0.01860000,0.01880000,769140.30000000,TUSDT
2022-12-10 23:00:00,0.01880000,0.01890000,0.01860000,0.01860000,423639.40000000,TUSDT
2022-12-11 00:00:00,0.01860000,0.01870000,0.01840000,0.01850000,1844856.70000000,TUSDT
2022-12-11 01:00:00,0.01850000,0.01870000,0.01840000,0.01850000,2307008.80000000,TUSDT
2022-12-11 02:00:00,0.01850000,0.01860000,0.01830000,0.01850000,1046828.70000000,TUSDT
2022-12-11 03:00:00,0.01850000,0.01860000,0.01840000,0.01860000,623304.40000000,TUSDT
2022-12-11 04:00:00,0.01860000,0.01860000,0.01860000,0.01860000,143557.30000000,TUSDT
2022-12-11 05:00:00,0.01860000,0.01860000,0.01850000,0.01850000,20988.30000000,TUSDT
2022-12-11 06:00:00,0.01850000,0.01860000,0.01840000,0.01840000,375812.60000000,TUSDT
2022-12-11 07:00:00,0.01850000,0.01850000,0.01840000,0.01850000,201841.70000000,TUSDT
2022-12-11 08:00:00,0.01850000,0.01860000,0.01840000,0.01860000,2108367.60000000,TUSDT
2022-12-11 09:00:00,0.01860000,0.01870000,0.01850000,0.01850000,1473579.60000000,TUSDT
2022-12-11 10:00:00,0.01850000,0.01860000,0.01840000,0.01850000,485562.20000000,TUSDT
2022-12-11 11:00:00,0.01850000,0.01850000,0.01840000,0.01840000,250458.30000000,TUSDT
2022-12-11 12:00:00,0.01850000,0.01860000,0.01840000,0.01850000,459897.00000000,TUSDT
2022-12-11 13:00:00,0.01840000,0.01850000,0.01840000,0.01850000,294213.20000000,TUSDT
2022-12-11 14:00:00,0.01840000,0.01850000,0.01840000,0.01850000,190390.00000000,TUSDT
2022-12-11 15:00:00,0.01850000,0.01850000,0.01820000,0.01830000,532125.00000000,TUSDT
2022-12-11 16:00:00,0.01840000,0.01850000,0.01830000,0.01850000,142873.30000000,TUSDT
2022-12-11 17:00:00,0.01840000,0.01860000,0.01840000,0.01840000,1091031.00000000,TUSDT
2022-12-11 18:00:00,0.01850000,0.01850000,0.01840000,0.01850000,95229.30000000,TUSDT
2022-12-11 19:00:00,0.01850000,0.01860000,0.01840000,0.01840000,323468.70000000,TUSDT
2022-12-11 20:00:00,0.01840000,0.01840000,0.01830000,0.01840000,535522.10000000,TUSDT
2022-12-11 21:00:00,0.01830000,0.01850000,0.01830000,0.01840000,365409.90000000,TUSDT
2022-12-11 22:00:00,0.01830000,0.01840000,0.01820000,0.01830000,812678.50000000,TUSDT
2022-12-11 23:00:00,0.01830000,0.01830000,0.01820000,0.01830000,374363.20000000,TUSDT
2022-12-12 00:00:00,0.01830000,0.02040000,0.01820000,0.01920000,28925799.80000000,TUSDT
2022-12-12 01:00:00,0.01920000,0.01940000,0.01870000,0.01890000,2966628.90000000,TUSDT
2022-12-12 02:00:00,0.01880000,0.01910000,0.01840000,0.01860000,1204010.70000000,TUSDT
2022-12-12 03:00:00,0.01850000,0.01880000,0.01830000,0.01860000,1499453.60000000,TUSDT
2022-12-12 04:00:00,0.01870000,0.01900000,0.01860000,0.01890000,2356724.40000000,TUSDT
2022-12-12 05:00:00,0.01890000,0.01890000,0.01870000,0.01880000,836980.50000000,TUSDT
2022-12-12 06:00:00,0.01880000,0.01880000,0.01860000,0.01860000,841758.50000000,TUSDT
2022-12-12 07:00:00,0.01870000,0.01880000,0.01850000,0.01870000,933024.10000000,TUSDT
2022-12-12 08:00:00,0.01860000,0.01870000,0.01830000,0.01840000,3573195.00000000,TUSDT
2022-12-12 09:00:00,0.01840000,0.01860000,0.01820000,0.01850000,1286206.40000000,TUSDT
2022-12-12 10:00:00,0.01850000,0.01870000,0.01850000,0.01850000,1361164.90000000,TUSDT
2022-12-12 11:00:00,0.01860000,0.01870000,0.01850000,0.01860000,967856.60000000,TUSDT
2022-12-12 12:00:00,0.01860000,0.01870000,0.01820000,0.01840000,2506884.20000000,TUSDT
2022-12-12 13:00:00,0.01850000,0.01860000,0.01840000,0.01850000,1250191.40000000,TUSDT
2022-12-12 14:00:00,0.01850000,0.01860000,0.01830000,0.01840000,684438.00000000,TUSDT
2022-12-12 15:00:00,0.01840000,0.01840000,0.01820000,0.01830000,1943206.70000000,TUSDT
2022-12-12 16:00:00,0.01830000,0.01850000,0.01820000,0.01840000,2299046.90000000,TUSDT
2022-12-12 17:00:00,0.01850000,0.01850000,0.01820000,0.01830000,1883704.10000000,TUSDT
2022-12-12 18:00:00,0.01840000,0.01860000,0.01830000,0.01860000,2036188.20000000,TUSDT
2022-12-12 19:00:00,0.01860000,0.01860000,0.01850000,0.01850000,2062326.20000000,TUSDT
2022-12-12 20:00:00,0.01860000,0.01890000,0.01840000,0.01860000,2129425.10000000,TUSDT
2022-12-12 21:00:00,0.01870000,0.01880000,0.01850000,0.01870000,724089.00000000,TUSDT
2022-12-12 22:00:00,0.01860000,0.01910000,0.01860000,0.01900000,1296983.10000000,TUSDT
2022-12-12 23:00:00,0.01890000,0.01890000,0.01870000,0.01890000,1316908.90000000,TUSDT
2022-12-13 00:00:00,0.01890000,0.01890000,0.01830000,0.01840000,1045812.90000000,TUSDT
2022-12-13 01:00:00,0.01840000,0.01850000,0.01840000,0.01840000,259740.80000000,TUSDT
2022-12-13 02:00:00,0.01840000,0.01850000,0.01830000,0.01830000,416237.00000000,TUSDT
2022-12-13 03:00:00,0.01840000,0.01840000,0.01830000,0.01830000,170915.30000000,TUSDT
2022-12-13 04:00:00,0.01840000,0.01840000,0.01830000,0.01830000,178266.80000000,TUSDT
2022-12-13 05:00:00,0.01840000,0.01840000,0.01800000,0.01810000,1804672.60000000,TUSDT
2022-12-13 06:00:00,0.01800000,0.01820000,0.01780000,0.01800000,3179178.10000000,TUSDT
2022-12-13 07:00:00,0.01790000,0.01800000,0.01750000,0.01790000,2668526.60000000,TUSDT
2022-12-13 08:00:00,0.01790000,0.01800000,0.01770000,0.01780000,572108.80000000,TUSDT
2022-12-13 09:00:00,0.01790000,0.01800000,0.01780000,0.01790000,388795.00000000,TUSDT
2022-12-13 10:00:00,0.01800000,0.01820000,0.01790000,0.01800000,2057057.80000000,TUSDT
2022-12-13 11:00:00,0.01800000,0.01820000,0.01790000,0.01810000,1242176.60000000,TUSDT
2022-12-13 12:00:00,0.01820000,0.01830000,0.01800000,0.01810000,1155462.00000000,TUSDT
2022-12-13 13:00:00,0.01800000,0.01870000,0.01790000,0.01870000,2358735.30000000,TUSDT
2022-12-13 14:00:00,0.01870000,0.01880000,0.01850000,0.01860000,1079792.90000000,TUSDT
2022-12-13 15:00:00,0.01850000,0.01860000,0.01840000,0.01850000,659911.10000000,TUSDT
2022-12-13 16:00:00,0.01850000,0.01860000,0.01850000,0.01850000,160205.50000000,TUSDT
2022-12-13 17:00:00,0.01850000,0.01870000,0.01840000,0.01840000,677679.70000000,TUSDT
2022-12-13 18:00:00,0.01840000,0.01850000,0.01830000,0.01840000,574114.20000000,TUSDT
2022-12-13 19:00:00,0.01840000,0.01850000,0.01840000,0.01850000,34392.30000000,TUSDT
2022-12-13 20:00:00,0.01840000,0.01850000,0.01830000,0.01850000,380605.40000000,TUSDT
2022-12-13 21:00:00,0.01850000,0.01850000,0.01840000,0.01840000,921160.10000000,TUSDT
2022-12-13 22:00:00,0.01850000,0.01860000,0.01850000,0.01860000,128046.90000000,TUSDT
2022-12-13 23:00:00,0.01860000,0.01870000,0.01850000,0.01860000,779123.90000000,TUSDT
2022-12-14 00:00:00,0.01850000,0.01860000,0.01850000,0.01850000,284560.60000000,TUSDT
2022-12-14 01:00:00,0.01850000,0.01860000,0.01840000,0.01840000,154866.90000000,TUSDT
2022-12-14 02:00:00,0.01840000,0.01840000,0.01820000,0.01840000,219469.90000000,TUSDT
2022-12-14 03:00:00,0.01830000,0.01840000,0.01830000,0.01840000,290098.10000000,TUSDT
2022-12-14 04:00:00,0.01830000,0.01840000,0.01830000,0.01840000,76006.00000000,TUSDT
2022-12-14 05:00:00,0.01840000,0.01840000,0.01830000,0.01840000,28346.60000000,TUSDT
2022-12-14 06:00:00,0.01830000,0.01840000,0.01830000,0.01830000,118808.50000000,TUSDT
2022-12-14 07:00:00,0.01840000,0.01850000,0.01830000,0.01850000,154614.10000000,TUSDT
2022-12-14 08:00:00,0.01850000,0.01850000,0.01840000,0.01840000,136636.60000000,TUSDT
2022-12-14 09:00:00,0.01850000,0.01850000,0.01830000,0.01840000,72405.10000000,TUSDT
2022-12-14 10:00:00,0.01840000,0.01840000,0.01830000,0.01840000,35780.10000000,TUSDT
2022-12-14 11:00:00,0.01840000,0.01850000,0.01830000,0.01840000,571500.10000000,TUSDT
2022-12-14 12:00:00,0.01850000,0.01850000,0.01830000,0.01850000,107263.60000000,TUSDT
2022-12-14 13:00:00,0.01840000,0.01850000,0.01830000,0.01830000,123104.00000000,TUSDT
2022-12-14 14:00:00,0.01830000,0.01850000,0.01830000,0.01840000,285858.80000000,TUSDT
2022-12-14 15:00:00,0.01840000,0.01860000,0.01840000,0.01840000,267445.70000000,TUSDT
2022-12-14 16:00:00,0.01840000,0.01870000,0.01840000,0.01840000,1464081.30000000,TUSDT
2022-12-14 17:00:00,0.01840000,0.01850000,0.01830000,0.01840000,1231057.00000000,TUSDT
2022-12-14 18:00:00,0.01840000,0.01860000,0.01840000,0.01840000,584132.20000000,TUSDT
2022-12-14 19:00:00,0.01840000,0.01850000,0.01810000,0.01830000,1589351.50000000,TUSDT
2022-12-14 20:00:00,0.01830000,0.01840000,0.01810000,0.01830000,334923.20000000,TUSDT
2022-12-14 21:00:00,0.01830000,0.01830000,0.01820000,0.01830000,134126.80000000,TUSDT
2022-12-14 22:00:00,0.01820000,0.01870000,0.01820000,0.01840000,632668.00000000,TUSDT
2022-12-14 23:00:00,0.01840000,0.01840000,0.01830000,0.01840000,593631.90000000,TUSDT
2022-12-15 00:00:00,0.01840000,0.01840000,0.01820000,0.01830000,427893.10000000,TUSDT
2022-12-15 01:00:00,0.01830000,0.01830000,0.01770000,0.01780000,1184703.70000000,TUSDT
2022-12-15 02:00:00,0.01780000,0.01800000,0.01760000,0.01800000,1656731.20000000,TUSDT
2022-12-15 03:00:00,0.01800000,0.01810000,0.01790000,0.01810000,81781.40000000,TUSDT
2022-12-15 04:00:00,0.01800000,0.01810000,0.01780000,0.01790000,327613.90000000,TUSDT
2022-12-15 05:00:00,0.01790000,0.01790000,0.01780000,0.01790000,177703.10000000,TUSDT
2022-12-15 06:00:00,0.01780000,0.01800000,0.01780000,0.01800000,340709.70000000,TUSDT
2022-12-15 07:00:00,0.01790000,0.01800000,0.01790000,0.01790000,98843.80000000,TUSDT
2022-12-15 08:00:00,0.01790000,0.01790000,0.01780000,0.01780000,244324.20000000,TUSDT
2022-12-15 09:00:00,0.01780000,0.01800000,0.01770000,0.01790000,372378.60000000,TUSDT
2022-12-15 10:00:00,0.01790000,0.01790000,0.01790000,0.01790000,40238.00000000,TUSDT
2022-12-15 11:00:00,0.01800000,0.01820000,0.01800000,0.01810000,986046.10000000,TUSDT
2022-12-15 12:00:00,0.01810000,0.01810000,0.01800000,0.01810000,47201.60000000,TUSDT
2022-12-15 13:00:00,0.01810000,0.01810000,0.01780000,0.01780000,198823.30000000,TUSDT
2022-12-15 14:00:00,0.01780000,0.01790000,0.01780000,0.01780000,55816.40000000,TUSDT
2022-12-15 15:00:00,0.01770000,0.01790000,0.01770000,0.01770000,258497.70000000,TUSDT
2022-12-15 16:00:00,0.01780000,0.01780000,0.01770000,0.01770000,181891.30000000,TUSDT
2022-12-15 17:00:00,0.01780000,0.01780000,0.01770000,0.01780000,266120.00000000,TUSDT
2022-12-15 18:00:00,0.01780000,0.01790000,0.01770000,0.01770000,305529.90000000,TUSDT
2022-12-15 19:00:00,0.01760000,0.01780000,0.01760000,0.01770000,153365.50000000,TUSDT
2022-12-15 20:00:00,0.01780000,0.01810000,0.01780000,0.01790000,1142047.50000000,TUSDT
2022-12-15 21:00:00,0.01790000,0.01800000,0.01780000,0.01780000,214818.00000000,TUSDT
2022-12-15 22:00:00,0.01780000,0.01860000,0.01780000,0.01790000,4201602.00000000,TUSDT
2022-12-15 23:00:00,0.01790000,0.01790000,0.01780000,0.01780000,434513.90000000,TUSDT
2022-12-16 00:00:00,0.01780000,0.01800000,0.01760000,0.01780000,2744928.10000000,TUSDT
2022-12-16 01:00:00,0.01790000,0.01800000,0.01790000,0.01800000,247869.20000000,TUSDT
2022-12-16 02:00:00,0.01790000,0.01800000,0.01780000,0.01790000,295630.40000000,TUSDT
2022-12-16 03:00:00,0.01780000,0.01790000,0.01780000,0.01790000,23743.10000000,TUSDT
2022-12-16 04:00:00,0.01790000,0.01790000,0.01780000,0.01790000,403100.40000000,TUSDT
2022-12-16 05:00:00,0.01790000,0.01790000,0.01770000,0.01780000,119307.50000000,TUSDT
2022-12-16 06:00:00,0.01780000,0.01790000,0.01770000,0.01780000,268642.00000000,TUSDT
2022-12-16 07:00:00,0.01780000,0.01800000,0.01770000,0.01800000,449245.60000000,TUSDT
2022-12-16 08:00:00,0.01790000,0.01790000,0.01770000,0.01770000,814793.70000000,TUSDT
2022-12-16 09:00:00,0.01760000,0.01760000,0.01680000,0.01720000,3791100.50000000,TUSDT
2022-12-16 10:00:00,0.01710000,0.01710000,0.01690000,0.01690000,344500.80000000,TUSDT
2022-12-16 11:00:00,0.01690000,0.01720000,0.01690000,0.01710000,552760.60000000,TUSDT
2022-12-16 12:00:00,0.01710000,0.01710000,0.01690000,0.01690000,390102.80000000,TUSDT
2022-12-16 13:00:00,0.01700000,0.01720000,0.01690000,0.01710000,621779.00000000,TUSDT
2022-12-16 14:00:00,0.01710000,0.01720000,0.01700000,0.01710000,1203257.90000000,TUSDT
2022-12-16 15:00:00,0.01710000,0.01720000,0.01700000,0.01700000,736733.30000000,TUSDT
2022-12-16 16:00:00,0.01700000,0.01700000,0.01690000,0.01690000,1047208.90000000,TUSDT
2022-12-16 17:00:00,0.01680000,0.01690000,0.01680000,0.01690000,179062.80000000,TUSDT
2022-12-16 18:00:00,0.01690000,0.01700000,0.01680000,0.01690000,225266.50000000,TUSDT
2022-12-16 19:00:00,0.01700000,0.01700000,0.01680000,0.01690000,277143.00000000,TUSDT
2022-12-16 20:00:00,0.01690000,0.01700000,0.01690000,0.01700000,60259.30000000,TUSDT
2022-12-16 21:00:00,0.01700000,0.01700000,0.01680000,0.01680000,190485.50000000,TUSDT
2022-12-16 22:00:00,0.01690000,0.01700000,0.01600000,0.01600000,2196908.40000000,TUSDT
2022-12-16 23:00:00,0.01600000,0.01610000,0.01540000,0.01580000,2426306.40000000,TUSDT
2022-12-17 00:00:00,0.01580000,0.01620000,0.01570000,0.01590000,1399281.60000000,TUSDT
2022-12-17 01:00:00,0.01590000,0.01590000,0.01530000,0.01530000,1992201.30000000,TUSDT
2022-12-17 02:00:00,0.01530000,0.01530000,0.01500000,0.01530000,1768357.80000000,TUSDT
2022-12-17 03:00:00,0.01530000,0.01550000,0.01530000,0.01550000,633876.40000000,TUSDT
2022-12-17 04:00:00,0.01540000,0.01550000,0.01530000,0.01540000,341147.10000000,TUSDT
2022-12-17 05:00:00,0.01550000,0.01560000,0.01540000,0.01550000,586420.20000000,TUSDT
2022-12-17 06:00:00,0.01560000,0.01560000,0.01540000,0.01560000,787347.30000000,TUSDT
2022-12-17 07:00:00,0.01570000,0.01590000,0.01560000,0.01590000,738952.30000000,TUSDT
2022-12-17 08:00:00,0.01590000,0.01590000,0.01560000,0.01570000,724312.90000000,TUSDT
2022-12-17 09:00:00,0.01570000,0.01570000,0.01550000,0.01560000,601382.00000000,TUSDT
2022-12-17 10:00:00,0.01560000,0.01570000,0.01530000,0.01550000,2134786.80000000,TUSDT
2022-12-17 11:00:00,0.01550000,0.01560000,0.01540000,0.01560000,1079986.30000000,TUSDT
2022-12-17 12:00:00,0.01560000,0.01570000,0.01550000,0.01560000,1851907.30000000,TUSDT
2022-12-17 13:00:00,0.01560000,0.01560000,0.01540000,0.01550000,111544.30000000,TUSDT
2022-12-17 14:00:00,0.01540000,0.01560000,0.01540000,0.01550000,287881.20000000,TUSDT
2022-12-17 15:00:00,0.01550000,0.01560000,0.01550000,0.01560000,493564.50000000,TUSDT
2022-12-17 16:00:00,0.01560000,0.01560000,0.01550000,0.01560000,453726.20000000,TUSDT
2022-12-17 17:00:00,0.01560000,0.01560000,0.01550000,0.01560000,162046.90000000,TUSDT
2022-12-17 18:00:00,0.01560000,0.01560000,0.01550000,0.01560000,130844.60000000,TUSDT
2022-12-17 19:00:00,0.01560000,0.01560000,0.01540000,0.01540000,641671.90000000,TUSDT
2022-12-17 20:00:00,0.01550000,0.01550000,0.01540000,0.01540000,230377.80000000,TUSDT
2022-12-17 21:00:00,0.01550000,0.01560000,0.01540000,0.01560000,217330.00000000,TUSDT
2022-12-17 22:00:00,0.01560000,0.01560000,0.01540000,0.01560000,267694.60000000,TUSDT
2022-12-17 23:00:00,0.01560000,0.01580000,0.01560000,0.01560000,461548.20000000,TUSDT
2022-12-18 00:00:00,0.01560000,0.01790000,0.01560000,0.01610000,15716048.20000000,TUSDT
2022-12-18 01:00:00,0.01610000,0.01620000,0.01600000,0.01620000,513842.70000000,TUSDT
2022-12-18 02:00:00,0.01620000,0.01620000,0.01610000,0.01610000,219393.80000000,TUSDT
2022-12-18 03:00:00,0.01610000,0.01610000,0.01590000,0.01610000,122470.30000000,TUSDT
2022-12-18 04:00:00,0.01610000,0.01620000,0.01600000,0.01620000,644891.20000000,TUSDT
2022-12-18 05:00:00,0.01620000,0.01630000,0.01610000,0.01630000,133292.80000000,TUSDT
2022-12-18 06:00:00,0.01620000,0.01640000,0.01620000,0.01620000,323320.40000000,TUSDT
2022-12-18 07:00:00,0.01620000,0.01630000,0.01610000,0.01610000,105629.90000000,TUSDT
2022-12-18 08:00:00,0.01620000,0.01620000,0.01600000,0.01610000,140249.20000000,TUSDT
2022-12-18 09:00:00,0.01610000,0.01620000,0.01570000,0.01610000,1259862.80000000,TUSDT
2022-12-18 10:00:00,0.01610000,0.01610000,0.01590000,0.01600000,258561.60000000,TUSDT
2022-12-18 11:00:00,0.01590000,0.01610000,0.01580000,0.01590000,681161.80000000,TUSDT
2022-12-18 12:00:00,0.01600000,0.01610000,0.01590000,0.01590000,726304.00000000,TUSDT
2022-12-18 13:00:00,0.01590000,0.01600000,0.01580000,0.01590000,458638.60000000,TUSDT
2022-12-18 14:00:00,0.01590000,0.01670000,0.01590000,0.01600000,2211555.80000000,TUSDT
2022-12-18 15:00:00,0.01590000,0.01600000,0.01580000,0.01590000,250704.20000000,TUSDT
2022-12-18 16:00:00,0.01590000,0.01600000,0.01570000,0.01580000,662530.20000000,TUSDT
2022-12-18 17:00:00,0.01580000,0.01590000,0.01580000,0.01580000,39853.80000000,TUSDT
2022-12-18 18:00:00,0.01580000,0.01590000,0.01560000,0.01580000,1675101.90000000,TUSDT
2022-12-18 19:00:00,0.01580000,0.01580000,0.01570000,0.01580000,152106.20000000,TUSDT
2022-12-18 20:00:00,0.01580000,0.01590000,0.01580000,0.01590000,142700.60000000,TUSDT
2022-12-18 21:00:00,0.01580000,0.01590000,0.01580000,0.01580000,213838.20000000,TUSDT
2022-12-18 22:00:00,0.01590000,0.01610000,0.01590000,0.01600000,382734.50000000,TUSDT
2022-12-18 23:00:00,0.01600000,0.01620000,0.01590000,0.01600000,444757.20000000,TUSDT
2022-12-19 00:00:00,0.01610000,0.01630000,0.01580000,0.01590000,3417107.80000000,TUSDT
2022-12-19 01:00:00,0.01590000,0.01600000,0.01580000,0.01590000,197355.90000000,TUSDT
2022-12-19 02:00:00,0.01590000,0.01590000,0.01550000,0.01560000,974275.70000000,TUSDT
2022-12-19 03:00:00,0.01570000,0.01570000,0.01520000,0.01540000,1535851.40000000,TUSDT
2022-12-19 04:00:00,0.01530000,0.01560000,0.01530000,0.01560000,1206400.80000000,TUSDT
2022-12-19 05:00:00,0.01550000,0.01560000,0.01550000,0.01550000,88721.70000000,TUSDT
2022-12-19 06:00:00,0.01550000,0.01560000,0.01540000,0.01550000,483995.60000000,TUSDT
2022-12-19 07:00:00,0.01550000,0.01550000,0.01530000,0.01550000,511248.10000000,TUSDT
2022-12-19 08:00:00,0.01540000,0.01560000,0.01540000,0.01560000,80211.70000000,TUSDT
2022-12-19 09:00:00,0.01560000,0.01560000,0.01550000,0.01560000,156653.90000000,TUSDT
2022-12-19 10:00:00,0.01560000,0.01560000,0.01540000,0.01560000,269431.50000000,TUSDT
2022-12-19 11:00:00,0.01560000,0.01560000,0.01550000,0.01550000,85052.80000000,TUSDT
2022-12-19 12:00:00,0.01560000,0.01560000,0.01550000,0.01560000,324649.60000000,TUSDT
2022-12-19 13:00:00,0.01560000,0.01560000,0.01550000,0.01560000,278089.70000000,TUSDT
2022-12-19 14:00:00,0.01550000,0.01550000,0.01540000,0.01550000,185880.20000000,TUSDT
2022-12-19 15:00:00,0.01540000,0.01570000,0.01540000,0.01540000,1183766.50000000,TUSDT
2022-12-19 16:00:00,0.01540000,0.01550000,0.01520000,0.01540000,1203921.10000000,TUSDT
2022-12-19 17:00:00,0.01540000,0.01540000,0.01510000,0.01530000,1472436.60000000,TUSDT
2022-12-19 18:00:00,0.01530000,0.01550000,0.01520000,0.01530000,529707.10000000,TUSDT
2022-12-19 19:00:00,0.01520000,0.01530000,0.01500000,0.01530000,904219.00000000,TUSDT
2022-12-19 20:00:00,0.01520000,0.01530000,0.01520000,0.01530000,242434.90000000,TUSDT
2022-12-19 21:00:00,0.01530000,0.01540000,0.01530000,0.01530000,85731.70000000,TUSDT
2022-12-19 22:00:00,0.01530000,0.01540000,0.01470000,0.01490000,2216567.20000000,TUSDT
2022-12-19 23:00:00,0.01490000,0.01530000,0.01480000,0.01520000,983800.10000000,TUSDT
2022-12-20 00:00:00,0.01520000,0.01570000,0.01490000,0.01500000,2551416.10000000,TUSDT
2022-12-20 01:00:00,0.01500000,0.01510000,0.01500000,0.01510000,12077.30000000,TUSDT
2022-12-20 02:00:00,0.01510000,0.01530000,0.01510000,0.01530000,283402.90000000,TUSDT
2022-12-20 03:00:00,0.01530000,0.01540000,0.01520000,0.01530000,421531.80000000,TUSDT
2022-12-20 04:00:00,0.01530000,0.01550000,0.01530000,0.01540000,442707.20000000,TUSDT
2022-12-20 05:00:00,0.01540000,0.01550000,0.01530000,0.01550000,273311.90000000,TUSDT
2022-12-20 06:00:00,0.01550000,0.01580000,0.01530000,0.01580000,795732.80000000,TUSDT
2022-12-20 07:00:00,0.01580000,0.01620000,0.01560000,0.01570000,974214.90000000,TUSDT
2022-12-20 08:00:00,0.01570000,0.01580000,0.01550000,0.01570000,278132.80000000,TUSDT
2022-12-20 09:00:00,0.01570000,0.01620000,0.01560000,0.01570000,1552877.80000000,TUSDT
2022-12-20 10:00:00,0.01570000,0.01850000,0.01570000,0.01660000,39054023.90000000,TUSDT
2022-12-20 11:00:00,0.01660000,0.01680000,0.01600000,0.01630000,15837209.70000000,TUSDT
2022-12-20 12:00:00,0.01630000,0.01640000,0.01600000,0.01620000,2469152.80000000,TUSDT
2022-12-20 13:00:00,0.01620000,0.01630000,0.01600000,0.01610000,1651850.60000000,TUSDT
2022-12-20 14:00:00,0.01610000,0.01620000,0.01600000,0.01610000,2457351.00000000,TUSDT
2022-12-20 15:00:00,0.01620000,0.01690000,0.01610000,0.01660000,8820103.60000000,TUSDT
2022-12-20 16:00:00,0.01650000,0.01660000,0.01600000,0.01620000,3165933.90000000,TUSDT
2022-12-20 17:00:00,0.01620000,0.01620000,0.01590000,0.01600000,2749324.80000000,TUSDT
2022-12-20 18:00:00,0.01610000,0.01610000,0.01590000,0.01600000,1108561.60000000,TUSDT
2022-12-20 19:00:00,0.01600000,0.01610000,0.01590000,0.01600000,742878.60000000,TUSDT
2022-12-20 20:00:00,0.01600000,0.01620000,0.01590000,0.01600000,1247228.00000000,TUSDT
2022-12-20 21:00:00,0.01600000,0.01650000,0.01600000,0.01610000,1870550.30000000,TUSDT
2022-12-20 22:00:00,0.01600000,0.01620000,0.01600000,0.01610000,986841.80000000,TUSDT
2022-12-20 23:00:00,0.01620000,0.01640000,0.01610000,0.01640000,530437.30000000,TUSDT
2022-12-21 00:00:00,0.01640000,0.01650000,0.01600000,0.01620000,729529.10000000,TUSDT
2022-12-21 01:00:00,0.01610000,0.01620000,0.01600000,0.01620000,35983.20000000,TUSDT
2022-12-21 02:00:00,0.01620000,0.01620000,0.01600000,0.01610000,25945.70000000,TUSDT
2022-12-21 03:00:00,0.01610000,0.01620000,0.01600000,0.01610000,301670.50000000,TUSDT
2022-12-21 04:00:00,0.01620000,0.01630000,0.01600000,0.01610000,262236.70000000,TUSDT
2022-12-21 05:00:00,0.01600000,0.01610000,0.01590000,0.01610000,942580.60000000,TUSDT
2022-12-21 06:00:00,0.01610000,0.01630000,0.01600000,0.01620000,502476.90000000,TUSDT
2022-12-21 07:00:00,0.01620000,0.01680000,0.01610000,0.01630000,3206583.30000000,TUSDT
2022-12-21 08:00:00,0.01630000,0.01630000,0.01600000,0.01620000,2167478.60000000,TUSDT
2022-12-21 09:00:00,0.01620000,0.01630000,0.01620000,0.01620000,767118.90000000,TUSDT
2022-12-21 10:00:00,0.01630000,0.01630000,0.01610000,0.01630000,1027063.10000000,TUSDT
2022-12-21 11:00:00,0.01630000,0.01630000,0.01610000,0.01630000,734192.60000000,TUSDT
2022-12-21 12:00:00,0.01640000,0.01650000,0.01630000,0.01630000,554967.60000000,TUSDT
2022-12-21 13:00:00,0.01640000,0.01640000,0.01610000,0.01620000,1531903.00000000,TUSDT
2022-12-21 14:00:00,0.01630000,0.01630000,0.01610000,0.01610000,1326614.00000000,TUSDT
2022-12-21 15:00:00,0.01610000,0.01620000,0.01590000,0.01620000,1919363.30000000,TUSDT
2022-12-21 16:00:00,0.01610000,0.01620000,0.01600000,0.01610000,968651.00000000,TUSDT
2022-12-21 17:00:00,0.01600000,0.01620000,0.01600000,0.01610000,961464.00000000,TUSDT
2022-12-21 18:00:00,0.01600000,0.01610000,0.01580000,0.01590000,797086.60000000,TUSDT
2022-12-21 19:00:00,0.01600000,0.01600000,0.01590000,0.01590000,223222.60000000,TUSDT
2022-12-21 20:00:00,0.01600000,0.01630000,0.01590000,0.01600000,2262497.40000000,TUSDT
2022-12-21 21:00:00,0.01600000,0.01610000,0.01600000,0.01610000,81290.90000000,TUSDT
2022-12-21 22:00:00,0.01600000,0.01620000,0.01600000,0.01610000,161288.60000000,TUSDT
2022-12-21 23:00:00,0.01620000,0.01630000,0.01610000,0.01620000,222507.40000000,TUSDT
2022-12-22 00:00:00,0.01620000,0.01670000,0.01620000,0.01640000,3441512.90000000,TUSDT
2022-12-22 01:00:00,0.01640000,0.01650000,0.01630000,0.01640000,55178.50000000,TUSDT
2022-12-22 02:00:00,0.01640000,0.01640000,0.01630000,0.01630000,54959.50000000,TUSDT
2022-12-22 03:00:00,0.01630000,0.01640000,0.01630000,0.01640000,23988.40000000,TUSDT
2022-12-22 04:00:00,0.01630000,0.01630000,0.01610000,0.01630000,972747.20000000,TUSDT
2022-12-22 05:00:00,0.01620000,0.01620000,0.01610000,0.01620000,205134.20000000,TUSDT
2022-12-22 06:00:00,0.01620000,0.01620000,0.01600000,0.01600000,399604.60000000,TUSDT
2022-12-22 07:00:00,0.01600000,0.01620000,0.01600000,0.01610000,557189.40000000,TUSDT
2022-12-22 08:00:00,0.01600000,0.01620000,0.01600000,0.01610000,221229.50000000,TUSDT
2022-12-22 09:00:00,0.01610000,0.01630000,0.01600000,0.01620000,545841.10000000,TUSDT
2022-12-22 10:00:00,0.01620000,0.01630000,0.01610000,0.01610000,91904.20000000,TUSDT
2022-12-22 11:00:00,0.01610000,0.01620000,0.01610000,0.01610000,483285.50000000,TUSDT
2022-12-22 12:00:00,0.01610000,0.01610000,0.01600000,0.01600000,147019.10000000,TUSDT
2022-12-22 13:00:00,0.01610000,0.01610000,0.01590000,0.01600000,86004.70000000,TUSDT
2022-12-22 14:00:00,0.01600000,0.01600000,0.01570000,0.01590000,1821906.20000000,TUSDT
2022-12-22 15:00:00,0.01580000,0.01580000,0.01560000,0.01570000,772730.60000000,TUSDT
2022-12-22 16:00:00,0.01570000,0.01590000,0.01570000,0.01580000,147285.80000000,TUSDT
2022-12-22 17:00:00,0.01580000,0.01590000,0.01580000,0.01580000,331967.10000000,TUSDT
2022-12-22 18:00:00,0.01580000,0.01580000,0.01570000,0.01570000,446560.50000000,TUSDT
2022-12-22 19:00:00,0.01580000,0.01580000,0.01570000,0.01570000,185587.80000000,TUSDT
2022-12-22 20:00:00,0.01580000,0.01600000,0.01580000,0.01600000,424500.30000000,TUSDT
2022-12-22 21:00:00,0.01600000,0.01630000,0.01600000,0.01610000,951849.60000000,TUSDT
2022-12-22 22:00:00,0.01620000,0.01630000,0.01610000,0.01620000,602621.50000000,TUSDT
2022-12-22 23:00:00,0.01620000,0.01630000,0.01620000,0.01620000,97517.40000000,TUSDT
2022-12-23 00:00:00,0.01620000,0.01620000,0.01600000,0.01610000,306172.00000000,TUSDT
2022-12-23 01:00:00,0.01610000,0.01610000,0.01600000,0.01610000,15765.30000000,TUSDT
2022-12-23 02:00:00,0.01610000,0.01620000,0.01610000,0.01620000,120031.00000000,TUSDT
2022-12-23 03:00:00,0.01620000,0.01640000,0.01620000,0.01620000,368974.00000000,TUSDT
2022-12-23 04:00:00,0.01620000,0.01630000,0.01620000,0.01620000,132358.90000000,TUSDT
2022-12-23 05:00:00,0.01620000,0.01630000,0.01620000,0.01620000,133974.40000000,TUSDT
2022-12-23 06:00:00,0.01630000,0.01640000,0.01620000,0.01630000,308237.60000000,TUSDT
2022-12-23 07:00:00,0.01640000,0.01650000,0.01630000,0.01640000,588949.70000000,TUSDT
2022-12-23 08:00:00,0.01650000,0.01760000,0.01620000,0.01630000,16848592.30000000,TUSDT
2022-12-23 09:00:00,0.01630000,0.01630000,0.01610000,0.01620000,650257.40000000,TUSDT
2022-12-23 10:00:00,0.01620000,0.01630000,0.01620000,0.01630000,598405.50000000,TUSDT
2022-12-23 11:00:00,0.01620000,0.01640000,0.01620000,0.01630000,445343.10000000,TUSDT
2022-12-23 12:00:00,0.01620000,0.01630000,0.01620000,0.01620000,87761.90000000,TUSDT
2022-12-23 13:00:00,0.01620000,0.01630000,0.01620000,0.01630000,968922.00000000,TUSDT
2022-12-23 14:00:00,0.01620000,0.01630000,0.01620000,0.01620000,199225.30000000,TUSDT
2022-12-23 15:00:00,0.01620000,0.01630000,0.01610000,0.01630000,1340227.00000000,TUSDT
2022-12-23 16:00:00,0.01630000,0.01640000,0.01630000,0.01630000,439375.10000000,TUSDT
2022-12-23 17:00:00,0.01640000,0.01640000,0.01630000,0.01630000,121802.20000000,TUSDT
2022-12-23 18:00:00,0.01630000,0.01640000,0.01620000,0.01620000,604488.30000000,TUSDT
2022-12-23 19:00:00,0.01620000,0.01640000,0.01620000,0.01630000,533952.80000000,TUSDT
2022-12-23 20:00:00,0.01630000,0.01640000,0.01620000,0.01630000,1941962.50000000,TUSDT
2022-12-23 21:00:00,0.01630000,0.01660000,0.01610000,0.01640000,3868765.10000000,TUSDT
2022-12-23 22:00:00,0.01650000,0.01650000,0.01620000,0.01640000,1198712.10000000,TUSDT
2022-12-23 23:00:00,0.01640000,0.01650000,0.01630000,0.01650000,1110800.20000000,TUSDT
2022-12-24 00:00:00,0.01650000,0.01650000,0.01630000,0.01640000,837410.10000000,TUSDT
2022-12-24 01:00:00,0.01650000,0.01680000,0.01630000,0.01640000,1385424.30000000,TUSDT
2022-12-24 02:00:00,0.01640000,0.01640000,0.01630000,0.01630000,351055.40000000,TUSDT
2022-12-24 03:00:00,0.01640000,0.01640000,0.01630000,0.01640000,15987.40000000,TUSDT
2022-12-24 04:00:00,0.01640000,0.01640000,0.01630000,0.01630000,161341.60000000,TUSDT
2022-12-24 05:00:00,0.01640000,0.01640000,0.01620000,0.01620000,983327.80000000,TUSDT
2022-12-24 06:00:00,0.01630000,0.01630000,0.01610000,0.01630000,708291.00000000,TUSDT
2022-12-24 07:00:00,0.01630000,0.01630000,0.01620000,0.01620000,56339.60000000,TUSDT
2022-12-24 08:00:00,0.01630000,0.01630000,0.01620000,0.01620000,291804.60000000,TUSDT
2022-12-24 09:00:00,0.01620000,0.01630000,0.01610000,0.01630000,340501.60000000,TUSDT
2022-12-24 10:00:00,0.01620000,0.01630000,0.01620000,0.01620000,168220.50000000,TUSDT
2022-12-24 11:00:00,0.01620000,0.01650000,0.01620000,0.01640000,943611.80000000,TUSDT
2022-12-24 12:00:00,0.01650000,0.01670000,0.01640000,0.01650000,2835604.60000000,TUSDT
2022-12-24 13:00:00,0.01650000,0.01680000,0.01650000,0.01660000,3857867.80000000,TUSDT
2022-12-24 14:00:00,0.01670000,0.01670000,0.01650000,0.01650000,538804.20000000,TUSDT
2022-12-24 15:00:00,0.01650000,0.01660000,0.01640000,0.01640000,216314.30000000,TUSDT
2022-12-24 16:00:00,0.01640000,0.01650000,0.01640000,0.01650000,151874.20000000,TUSDT
2022-12-24 17:00:00,0.01650000,0.01650000,0.01640000,0.01650000,40113.60000000,TUSDT
2022-12-24 18:00:00,0.01640000,0.01650000,0.01640000,0.01640000,51452.60000000,TUSDT
2022-12-24 19:00:00,0.01640000,0.01650000,0.01640000,0.01640000,256020.70000000,TUSDT
2022-12-24 20:00:00,0.01650000,0.01650000,0.01640000,0.01650000,216081.00000000,TUSDT
2022-12-24 21:00:00,0.01650000,0.01650000,0.01640000,0.01640000,68881.60000000,TUSDT
2022-12-24 22:00:00,0.01640000,0.01650000,0.01640000,0.01650000,134403.60000000,TUSDT
2022-12-24 23:00:00,0.01640000,0.01660000,0.01640000,0.01650000,249024.00000000,TUSDT
2022-12-25 00:00:00,0.01650000,0.01660000,0.01630000,0.01640000,1124381.20000000,TUSDT
2022-12-25 01:00:00,0.01640000,0.01640000,0.01630000,0.01640000,22325.40000000,TUSDT
2022-12-25 02:00:00,0.01630000,0.01640000,0.01630000,0.01640000,213784.50000000,TUSDT
2022-12-25 03:00:00,0.01640000,0.01650000,0.01630000,0.01640000,167272.00000000,TUSDT
2022-12-25 04:00:00,0.01640000,0.01650000,0.01630000,0.01630000,46323.00000000,TUSDT
2022-12-25 05:00:00,0.01640000,0.01640000,0.01620000,0.01620000,741271.40000000,TUSDT
2022-12-25 06:00:00,0.01630000,0.01630000,0.01620000,0.01630000,151391.30000000,TUSDT
2022-12-25 07:00:00,0.01630000,0.01630000,0.01620000,0.01630000,94777.50000000,TUSDT
2022-12-25 08:00:00,0.01630000,0.01630000,0.01620000,0.01620000,48669.30000000,TUSDT
2022-12-25 09:00:00,0.01620000,0.01630000,0.01610000,0.01620000,362165.80000000,TUSDT
2022-12-25 10:00:00,0.01630000,0.01630000,0.01620000,0.01630000,402690.60000000,TUSDT
2022-12-25 11:00:00,0.01620000,0.01630000,0.01610000,0.01620000,541950.20000000,TUSDT
2022-12-25 12:00:00,0.01610000,0.01630000,0.01610000,0.01620000,140186.20000000,TUSDT
2022-12-25 13:00:00,0.01620000,0.01620000,0.01610000,0.01620000,77765.50000000,TUSDT
2022-12-25 14:00:00,0.01610000,0.01610000,0.01590000,0.01600000,1007970.50000000,TUSDT
2022-12-25 15:00:00,0.01600000,0.01610000,0.01590000,0.01590000,258960.70000000,TUSDT
2022-12-25 16:00:00,0.01590000,0.01600000,0.01590000,0.01590000,152406.00000000,TUSDT
2022-12-25 17:00:00,0.01600000,0.01620000,0.01580000,0.01600000,968210.20000000,TUSDT
2022-12-25 18:00:00,0.01600000,0.01600000,0.01590000,0.01600000,282360.70000000,TUSDT
2022-12-25 19:00:00,0.01600000,0.01600000,0.01590000,0.01590000,199679.20000000,TUSDT
2022-12-25 20:00:00,0.01600000,0.01600000,0.01580000,0.01590000,86024.70000000,TUSDT
2022-12-25 21:00:00,0.01600000,0.01610000,0.01590000,0.01610000,71037.70000000,TUSDT
2022-12-25 22:00:00,0.01610000,0.01610000,0.01590000,0.01610000,308848.30000000,TUSDT
2022-12-25 23:00:00,0.01610000,0.01610000,0.01600000,0.01600000,162487.70000000,TUSDT
2022-12-26 00:00:00,0.01600000,0.01610000,0.01580000,0.01600000,896254.60000000,TUSDT
2022-12-26 01:00:00,0.01590000,0.01600000,0.01580000,0.01600000,1578013.30000000,TUSDT
2022-12-26 02:00:00,0.01590000,0.01600000,0.01590000,0.01600000,214784.90000000,TUSDT
2022-12-26 03:00:00,0.01600000,0.01610000,0.01600000,0.01600000,310517.80000000,TUSDT
2022-12-26 04:00:00,0.01610000,0.01610000,0.01590000,0.01600000,75681.70000000,TUSDT
2022-12-26 05:00:00,0.01600000,0.01600000,0.01580000,0.01590000,481129.30000000,TUSDT
2022-12-26 06:00:00,0.01590000,0.01590000,0.01580000,0.01590000,89514.80000000,TUSDT
2022-12-26 07:00:00,0.01580000,0.01590000,0.01580000,0.01590000,100693.10000000,TUSDT
2022-12-26 08:00:00,0.01590000,0.01590000,0.01560000,0.01570000,1069574.80000000,TUSDT
2022-12-26 09:00:00,0.01570000,0.01580000,0.01570000,0.01580000,225272.10000000,TUSDT
2022-12-26 10:00:00,0.01570000,0.01580000,0.01570000,0.01580000,37212.40000000,TUSDT
2022-12-26 11:00:00,0.01580000,0.01590000,0.01570000,0.01580000,283108.50000000,TUSDT
2022-12-26 12:00:00,0.01580000,0.01590000,0.01570000,0.01580000,330823.30000000,TUSDT
2022-12-26 13:00:00,0.01570000,0.01590000,0.01570000,0.01580000,435909.80000000,TUSDT
2022-12-26 14:00:00,0.01590000,0.01590000,0.01570000,0.01580000,660347.00000000,TUSDT
2022-12-26 15:00:00,0.01570000,0.01590000,0.01570000,0.01580000,164134.10000000,TUSDT
2022-12-26 16:00:00,0.01580000,0.01590000,0.01570000,0.01590000,258346.80000000,TUSDT
2022-12-26 17:00:00,0.01590000,0.01590000,0.01570000,0.01590000,638405.10000000,TUSDT
2022-12-26 18:00:00,0.01600000,0.01600000,0.01580000,0.01590000,415861.70000000,TUSDT
2022-12-26 19:00:00,0.01590000,0.01590000,0.01580000,0.01590000,312442.30000000,TUSDT
2022-12-26 20:00:00,0.01580000,0.01590000,0.01570000,0.01580000,477070.30000000,TUSDT
2022-12-26 21:00:00,0.01580000,0.01590000,0.01580000,0.01580000,263822.20000000,TUSDT
2022-12-26 22:00:00,0.01590000,0.01590000,0.01580000,0.01580000,49756.60000000,TUSDT
2022-12-26 23:00:00,0.01590000,0.01600000,0.01580000,0.01590000,89434.10000000,TUSDT
2022-12-27 00:00:00,0.01590000,0.01600000,0.01570000,0.01580000,362373.00000000,TUSDT
2022-12-27 01:00:00,0.01580000,0.01580000,0.01570000,0.01580000,113344.20000000,TUSDT
2022-12-27 02:00:00,0.01570000,0.01590000,0.01570000,0.01590000,84363.50000000,TUSDT
2022-12-27 03:00:00,0.01590000,0.01590000,0.01570000,0.01590000,125485.60000000,TUSDT
2022-12-27 04:00:00,0.01580000,0.01590000,0.01580000,0.01580000,88619.50000000,TUSDT
2022-12-27 05:00:00,0.01580000,0.01590000,0.01570000,0.01590000,158481.00000000,TUSDT
2022-12-27 06:00:00,0.01590000,0.01590000,0.01580000,0.01590000,167354.30000000,TUSDT
2022-12-27 07:00:00,0.01590000,0.01590000,0.01580000,0.01580000,166549.60000000,TUSDT
2022-12-27 08:00:00,0.01580000,0.01590000,0.01570000,0.01580000,130315.50000000,TUSDT
2022-12-27 09:00:00,0.01580000,0.01580000,0.01560000,0.01580000,335446.00000000,TUSDT
2022-12-27 10:00:00,0.01580000,0.01590000,0.01570000,0.01580000,152639.90000000,TUSDT
2022-12-27 11:00:00,0.01590000,0.01590000,0.01570000,0.01590000,131348.30000000,TUSDT
2022-12-27 12:00:00,0.01590000,0.01590000,0.01580000,0.01580000,247930.30000000,TUSDT
2022-12-27 13:00:00,0.01580000,0.01590000,0.01570000,0.01580000,240272.40000000,TUSDT
2022-12-27 14:00:00,0.01580000,0.01580000,0.01550000,0.01560000,208850.80000000,TUSDT
2022-12-27 15:00:00,0.01560000,0.01580000,0.01560000,0.01580000,1078097.70000000,TUSDT
2022-12-27 16:00:00,0.01570000,0.01580000,0.01570000,0.01570000,24711.40000000,TUSDT
2022-12-27 17:00:00,0.01580000,0.01580000,0.01560000,0.01560000,110666.90000000,TUSDT
2022-12-27 18:00:00,0.01570000,0.01570000,0.01560000,0.01560000,645743.10000000,TUSDT
2022-12-27 19:00:00,0.01560000,0.01570000,0.01550000,0.01560000,207700.40000000,TUSDT
2022-12-27 20:00:00,0.01550000,0.01570000,0.01550000,0.01570000,286342.20000000,TUSDT
2022-12-27 21:00:00,0.01560000,0.01570000,0.01550000,0.01570000,173892.30000000,TUSDT
2022-12-27 22:00:00,0.01560000,0.01580000,0.01560000,0.01580000,112411.90000000,TUSDT
2022-12-27 23:00:00,0.01570000,0.01580000,0.01570000,0.01570000,203405.90000000,TUSDT
2022-12-28 00:00:00,0.01570000,0.01590000,0.01570000,0.01570000,307756.90000000,TUSDT
2022-12-28 01:00:00,0.01570000,0.01570000,0.01540000,0.01560000,635844.00000000,TUSDT
2022-12-28 02:00:00,0.01570000,0.01570000,0.01540000,0.01560000,541907.70000000,TUSDT
2022-12-28 03:00:00,0.01550000,0.01550000,0.01520000,0.01540000,2094846.40000000,TUSDT
2022-12-28 04:00:00,0.01540000,0.01540000,0.01530000,0.01540000,59486.30000000,TUSDT
2022-12-28 05:00:00,0.01540000,0.01540000,0.01500000,0.01500000,834490.60000000,TUSDT
2022-12-28 06:00:00,0.01500000,0.01510000,0.01490000,0.01510000,753747.80000000,TUSDT
2022-12-28 07:00:00,0.01510000,0.01520000,0.01500000,0.01510000,821771.70000000,TUSDT
2022-12-28 08:00:00,0.01520000,0.01520000,0.01510000,0.01520000,48541.20000000,TUSDT
2022-12-28 09:00:00,0.01520000,0.01520000,0.01510000,0.01520000,574846.00000000,TUSDT
2022-12-28 10:00:00,0.01520000,0.01520000,0.01510000,0.01520000,266826.20000000,TUSDT
2022-12-28 11:00:00,0.01510000,0.01530000,0.01510000,0.01520000,400854.10000000,TUSDT
2022-12-28 12:00:00,0.01530000,0.01530000,0.01520000,0.01520000,143776.40000000,TUSDT
2022-12-28 13:00:00,0.01530000,0.01530000,0.01520000,0.01520000,260710.30000000,TUSDT
2022-12-28 14:00:00,0.01510000,0.01520000,0.01500000,0.01520000,618620.60000000,TUSDT
2022-12-28 15:00:00,0.01530000,0.01530000,0.01510000,0.01510000,306433.70000000,TUSDT
2022-12-28 16:00:00,0.01520000,0.01520000,0.01510000,0.01520000,39560.00000000,TUSDT
2022-12-28 17:00:00,0.01510000,0.01520000,0.01510000,0.01520000,178248.80000000,TUSDT
2022-12-28 18:00:00,0.01520000,0.01530000,0.01520000,0.01530000,166121.50000000,TUSDT
2022-12-28 19:00:00,0.01530000,0.01530000,0.01510000,0.01520000,28322.30000000,TUSDT
2022-12-28 20:00:00,0.01520000,0.01520000,0.01510000,0.01520000,57781.70000000,TUSDT
2022-12-28 21:00:00,0.01510000,0.01510000,0.01500000,0.01500000,266143.70000000,TUSDT
2022-12-28 22:00:00,0.01500000,0.01510000,0.01500000,0.01500000,49290.00000000,TUSDT
2022-12-28 23:00:00,0.01510000,0.01520000,0.01500000,0.01510000,569182.50000000,TUSDT
2022-12-29 00:00:00,0.01520000,0.01550000,0.01510000,0.01530000,1259302.20000000,TUSDT
2022-12-29 01:00:00,0.01530000,0.01540000,0.01510000,0.01520000,283190.80000000,TUSDT
2022-12-29 02:00:00,0.01510000,0.01520000,0.01470000,0.01490000,2954318.00000000,TUSDT
2022-12-29 03:00:00,0.01480000,0.01490000,0.01480000,0.01490000,438536.30000000,TUSDT
2022-12-29 04:00:00,0.01480000,0.01490000,0.01480000,0.01490000,50315.60000000,TUSDT
2022-12-29 05:00:00,0.01480000,0.01490000,0.01480000,0.01490000,171751.20000000,TUSDT
2022-12-29 06:00:00,0.01480000,0.01490000,0.01480000,0.01490000,24305.00000000,TUSDT
2022-12-29 07:00:00,0.01480000,0.01490000,0.01480000,0.01490000,113925.60000000,TUSDT
2022-12-29 08:00:00,0.01490000,0.01500000,0.01480000,0.01490000,579120.50000000,TUSDT
2022-12-29 09:00:00,0.01500000,0.01500000,0.01490000,0.01490000,9993.20000000,TUSDT
2022-12-29 10:00:00,0.01500000,0.01500000,0.01480000,0.01490000,476024.30000000,TUSDT
2022-12-29 11:00:00,0.01500000,0.01510000,0.01490000,0.01500000,69835.80000000,TUSDT
2022-12-29 12:00:00,0.01500000,0.01510000,0.01490000,0.01500000,100592.40000000,TUSDT
2022-12-29 13:00:00,0.01490000,0.01510000,0.01490000,0.01500000,174076.40000000,TUSDT
2022-12-29 14:00:00,0.01500000,0.01510000,0.01490000,0.01510000,808276.60000000,TUSDT
2022-12-29 15:00:00,0.01510000,0.01510000,0.01500000,0.01500000,57431.30000000,TUSDT
2022-12-29 16:00:00,0.01510000,0.01520000,0.01500000,0.01510000,309189.90000000,TUSDT
2022-12-29 17:00:00,0.01510000,0.01520000,0.01510000,0.01510000,32317.10000000,TUSDT
2022-12-29 18:00:00,0.01520000,0.01520000,0.01500000,0.01510000,410915.30000000,TUSDT
2022-12-29 19:00:00,0.01510000,0.01520000,0.01510000,0.01510000,149420.60000000,TUSDT
2022-12-29 20:00:00,0.01520000,0.01520000,0.01500000,0.01500000,548541.20000000,TUSDT
2022-12-29 21:00:00,0.01510000,0.01510000,0.01490000,0.01500000,193067.20000000,TUSDT
2022-12-29 22:00:00,0.01500000,0.01510000,0.01490000,0.01500000,299061.80000000,TUSDT
2022-12-29 23:00:00,0.01510000,0.01520000,0.01500000,0.01520000,499240.10000000,TUSDT
2022-12-30 00:00:00,0.01510000,0.01510000,0.01500000,0.01500000,688848.50000000,TUSDT
2022-12-30 01:00:00,0.01500000,0.01520000,0.01480000,0.01490000,782766.60000000,TUSDT
2022-12-30 02:00:00,0.01490000,0.01490000,0.01460000,0.01480000,2102476.40000000,TUSDT
2022-12-30 03:00:00,0.01470000,0.01490000,0.01470000,0.01480000,1416664.50000000,TUSDT
2022-12-30 04:00:00,0.01490000,0.01490000,0.01480000,0.01490000,527308.90000000,TUSDT
2022-12-30 05:00:00,0.01490000,0.01500000,0.01470000,0.01470000,763876.70000000,TUSDT
2022-12-30 06:00:00,0.01470000,0.01490000,0.01470000,0.01490000,1569473.80000000,TUSDT
2022-12-30 07:00:00,0.01500000,0.01510000,0.01480000,0.01490000,3855480.50000000,TUSDT
2022-12-30 08:00:00,0.01500000,0.01500000,0.01480000,0.01490000,201787.40000000,TUSDT
2022-12-30 09:00:00,0.01480000,0.01500000,0.01480000,0.01490000,150355.10000000,TUSDT
2022-12-30 10:00:00,0.01490000,0.01560000,0.01490000,0.01500000,4808252.10000000,TUSDT
2022-12-30 11:00:00,0.01510000,0.01510000,0.01490000,0.01500000,946924.40000000,TUSDT
2022-12-30 12:00:00,0.01500000,0.01510000,0.01490000,0.01500000,970156.30000000,TUSDT
2022-12-30 13:00:00,0.01500000,0.01510000,0.01490000,0.01500000,337184.00000000,TUSDT
2022-12-30 14:00:00,0.01500000,0.01500000,0.01490000,0.01490000,1774326.20000000,TUSDT
2022-12-30 15:00:00,0.01490000,0.01500000,0.01490000,0.01500000,155541.60000000,TUSDT
2022-12-30 16:00:00,0.01500000,0.01500000,0.01490000,0.01500000,309430.00000000,TUSDT
2022-12-30 17:00:00,0.01490000,0.01500000,0.01490000,0.01500000,66707.40000000,TUSDT
2022-12-30 18:00:00,0.01490000,0.01510000,0.01490000,0.01510000,1348973.60000000,TUSDT
2022-12-30 19:00:00,0.01500000,0.01510000,0.01490000,0.01500000,373648.20000000,TUSDT
2022-12-30 20:00:00,0.01490000,0.01500000,0.01490000,0.01500000,110980.00000000,TUSDT
2022-12-30 21:00:00,0.01510000,0.01510000,0.01500000,0.01500000,223068.80000000,TUSDT
2022-12-30 22:00:00,0.01500000,0.01510000,0.01500000,0.01500000,163575.00000000,TUSDT
2022-12-30 23:00:00,0.01510000,0.01520000,0.01500000,0.01520000,361696.50000000,TUSDT
2022-12-31 00:00:00,0.01510000,0.01550000,0.01510000,0.01530000,3794233.60000000,TUSDT
2022-12-31 01:00:00,0.01520000,0.01520000,0.01510000,0.01520000,641560.90000000,TUSDT
2022-12-31 02:00:00,0.01520000,0.01540000,0.01520000,0.01540000,541969.00000000,TUSDT
2022-12-31 03:00:00,0.01530000,0.01540000,0.01520000,0.01530000,281328.70000000,TUSDT
2022-12-31 04:00:00,0.01530000,0.01540000,0.01520000,0.01530000,137996.90000000,TUSDT
2022-12-31 05:00:00,0.01530000,0.01550000,0.01520000,0.01520000,473068.60000000,TUSDT
2022-12-31 06:00:00,0.01530000,0.01530000,0.01520000,0.01530000,42776.30000000,TUSDT
2022-12-31 07:00:00,0.01530000,0.01540000,0.01520000,0.01530000,571048.20000000,TUSDT
2022-12-31 08:00:00,0.01530000,0.01560000,0.01520000,0.01540000,2392390.90000000,TUSDT
2022-12-31 09:00:00,0.01550000,0.01560000,0.01530000,0.01540000,1054693.80000000,TUSDT
2022-12-31 10:00:00,0.01540000,0.01550000,0.01540000,0.01540000,287977.50000000,TUSDT
2022-12-31 11:00:00,0.01550000,0.01550000,0.01530000,0.01540000,258897.40000000,TUSDT
2022-12-31 12:00:00,0.01540000,0.01540000,0.01530000,0.01530000,506114.80000000,TUSDT
2022-12-31 13:00:00,0.01530000,0.01590000,0.01530000,0.01540000,1015687.00000000,TUSDT
2022-12-31 14:00:00,0.01540000,0.01540000,0.01530000,0.01530000,113231.90000000,TUSDT
2022-12-31 15:00:00,0.01540000,0.01550000,0.01530000,0.01540000,592744.40000000,TUSDT
2022-12-31 16:00:00,0.01540000,0.01550000,0.01530000,0.01540000,89354.90000000,TUSDT
2022-12-31 17:00:00,0.01540000,0.01970000,0.01540000,0.01830000,48547465.60000000,TUSDT
2022-12-31 18:00:00,0.01840000,0.02090000,0.01680000,0.01710000,78586203.10000000,TUSDT
2022-12-31 19:00:00,0.01710000,0.01740000,0.01640000,0.01670000,12280480.10000000,TUSDT
2022-12-31 20:00:00,0.01670000,0.01750000,0.01650000,0.01670000,11608599.00000000,TUSDT
2022-12-31 21:00:00,0.01660000,0.01690000,0.01590000,0.01600000,11132768.40000000,TUSDT
2022-12-31 22:00:00,0.01600000,0.01670000,0.01590000,0.01640000,10232776.00000000,TUSDT
2022-12-31 23:00:00,0.01630000,0.01630000,0.01600000,0.01620000,4602243.10000000,TUSDT
2023-01-01 00:00:00,0.01620000,0.01630000,0.01590000,0.01600000,2799065.60000000,TUSDT
2023-01-01 01:00:00,0.01600000,0.01600000,0.01580000,0.01590000,1319915.80000000,TUSDT
2023-01-01 02:00:00,0.01600000,0.01600000,0.01590000,0.01590000,360174.90000000,TUSDT
2023-01-01 03:00:00,0.01590000,0.01600000,0.01570000,0.01580000,1152633.20000000,TUSDT
2023-01-01 04:00:00,0.01580000,0.01590000,0.01570000,0.01580000,1387125.40000000,TUSDT
2023-01-01 05:00:00,0.01580000,0.01590000,0.01560000,0.01570000,1351949.10000000,TUSDT
2023-01-01 06:00:00,0.01580000,0.01590000,0.01570000,0.01590000,1605897.90000000,TUSDT
2023-01-01 07:00:00,0.01590000,0.01600000,0.01570000,0.01590000,2172939.20000000,TUSDT
2023-01-01 08:00:00,0.01590000,0.01600000,0.01570000,0.01570000,869186.80000000,TUSDT
2023-01-01 09:00:00,0.01580000,0.01620000,0.01580000,0.01600000,3137499.00000000,TUSDT
2023-01-01 10:00:00,0.01600000,0.01600000,0.01580000,0.01590000,605608.60000000,TUSDT
2023-01-01 11:00:00,0.01580000,0.01600000,0.01580000,0.01600000,924442.40000000,TUSDT
2023-01-01 12:00:00,0.01600000,0.01600000,0.01580000,0.01590000,2308845.70000000,TUSDT
2023-01-01 13:00:00,0.01590000,0.01600000,0.01580000,0.01590000,1033509.10000000,TUSDT
2023-01-01 14:00:00,0.01590000,0.01600000,0.01580000,0.01580000,799184.40000000,TUSDT
2023-01-01 15:00:00,0.01580000,0.01580000,0.01570000,0.01580000,1569054.50000000,TUSDT
2023-01-01 16:00:00,0.01580000,0.01590000,0.01570000,0.01570000,1532430.70000000,TUSDT
2023-01-01 17:00:00,0.01570000,0.01600000,0.01570000,0.01580000,2482904.70000000,TUSDT
2023-01-01 18:00:00,0.01580000,0.01600000,0.01580000,0.01590000,807068.50000000,TUSDT
2023-01-01 19:00:00,0.01590000,0.01590000,0.01580000,0.01580000,1482101.40000000,TUSDT
2023-01-01 20:00:00,0.01580000,0.01590000,0.01570000,0.01580000,1630870.60000000,TUSDT
2023-01-01 21:00:00,0.01580000,0.01580000,0.01560000,0.01580000,3198364.20000000,TUSDT
2023-01-01 22:00:00,0.01570000,0.01590000,0.01570000,0.01570000,497025.90000000,TUSDT
2023-01-01 23:00:00,0.01570000,0.01600000,0.01570000,0.01580000,3354450.60000000,TUSDT
2023-01-02 00:00:00,0.01580000,0.01590000,0.01570000,0.01580000,1117286.60000000,TUSDT
2023-01-02 01:00:00,0.01580000,0.01580000,0.01560000,0.01560000,595246.40000000,TUSDT
2023-01-02 02:00:00,0.01570000,0.01570000,0.01550000,0.01560000,681711.20000000,TUSDT
2023-01-02 03:00:00,0.01550000,0.01570000,0.01530000,0.01560000,2733456.40000000,TUSDT
2023-01-02 04:00:00,0.01560000,0.01570000,0.01550000,0.01560000,1170038.90000000,TUSDT
2023-01-02 05:00:00,0.01560000,0.01570000,0.01560000,0.01560000,129374.90000000,TUSDT
2023-01-02 06:00:00,0.01560000,0.01580000,0.01560000,0.01570000,193032.70000000,TUSDT
2023-01-02 07:00:00,0.01570000,0.01590000,0.01570000,0.01580000,578607.00000000,TUSDT
2023-01-02 08:00:00,0.01580000,0.01600000,0.01580000,0.01590000,1235393.30000000,TUSDT
2023-01-02 09:00:00,0.01600000,0.01600000,0.01590000,0.01590000,421598.60000000,TUSDT
2023-01-02 10:00:00,0.01590000,0.01600000,0.01590000,0.01590000,227087.90000000,TUSDT
2023-01-02 11:00:00,0.01590000,0.01600000,0.01590000,0.01590000,373415.10000000,TUSDT
2023-01-02 12:00:00,0.01600000,0.01620000,0.01600000,0.01600000,1010301.90000000,TUSDT
2023-01-02 13:00:00,0.01600000,0.01610000,0.01600000,0.01600000,1770143.60000000,TUSDT
2023-01-02 14:00:00,0.01610000,0.01630000,0.01600000,0.01600000,1193465.20000000,TUSDT
2023-01-02 15:00:00,0.01610000,0.01610000,0.01590000,0.01600000,602024.60000000,TUSDT
2023-01-02 16:00:00,0.01610000,0.01610000,0.01600000,0.01610000,115930.00000000,TUSDT
2023-01-02 17:00:00,0.01600000,0.01620000,0.01600000,0.01610000,565961.70000000,TUSDT
2023-01-02 18:00:00,0.01610000,0.01630000,0.01600000,0.01610000,331914.70000000,TUSDT
2023-01-02 19:00:00,0.01620000,0.01630000,0.01610000,0.01620000,918693.90000000,TUSDT
2023-01-02 20:00:00,0.01630000,0.01640000,0.01610000,0.01630000,414811.90000000,TUSDT
2023-01-02 21:00:00,0.01630000,0.01630000,0.01610000,0.01620000,144493.70000000,TUSDT
2023-01-02 22:00:00,0.01620000,0.01630000,0.01600000,0.01600000,547616.60000000,TUSDT
2023-01-02 23:00:00,0.01610000,0.01620000,0.01600000,0.01610000,405353.30000000,TUSDT
2023-01-03 00:00:00,0.01610000,0.01620000,0.01600000,0.01610000,516133.90000000,TUSDT
2023-01-03 01:00:00,0.01600000,0.01610000,0.01590000,0.01590000,568705.80000000,TUSDT
2023-01-03 02:00:00,0.01590000,0.01590000,0.01570000,0.01590000,1079771.30000000,TUSDT
2023-01-03 03:00:00,0.01580000,0.01600000,0.01580000,0.01600000,497383.10000000,TUSDT
2023-01-03 04:00:00,0.01590000,0.01600000,0.01580000,0.01600000,115749.90000000,TUSDT
2023-01-03 05:00:00,0.01590000,0.01600000,0.01590000,0.01600000,170558.50000000,TUSDT
2023-01-03 06:00:00,0.01600000,0.01620000,0.01600000,0.01600000,932222.90000000,TUSDT
2023-01-03 07:00:00,0.01610000,0.01610000,0.01590000,0.01590000,39736.00000000,TUSDT
2023-01-03 08:00:00,0.01600000,0.01620000,0.01590000,0.01600000,1221515.90000000,TUSDT
2023-01-03 09:00:00,0.01600000,0.01610000,0.01600000,0.01600000,891768.90000000,TUSDT
2023-01-03 10:00:00,0.01610000,0.01620000,0.01600000,0.01610000,613861.60000000,TUSDT
2023-01-03 11:00:00,0.01610000,0.01620000,0.01610000,0.01610000,223983.40000000,TUSDT
2023-01-03 12:00:00,0.01610000,0.01620000,0.01600000,0.01610000,710421.30000000,TUSDT
2023-01-03 13:00:00,0.01620000,0.01620000,0.01610000,0.01610000,227826.90000000,TUSDT
2023-01-03 14:00:00,0.01600000,0.01610000,0.01600000,0.01600000,705426.80000000,TUSDT
2023-01-03 15:00:00,0.01590000,0.01600000,0.01580000,0.01590000,1006873.60000000,TUSDT
2023-01-03 16:00:00,0.01590000,0.01600000,0.01580000,0.01590000,312799.80000000,TUSDT
2023-01-03 17:00:00,0.01580000,0.01590000,0.01570000,0.01590000,1618843.30000000,TUSDT
2023-01-03 18:00:00,0.01590000,0.01590000,0.01580000,0.01580000,155682.40000000,TUSDT
2023-01-03 19:00:00,0.01580000,0.01590000,0.01560000,0.01580000,1048127.30000000,TUSDT
2023-01-03 20:00:00,0.01580000,0.01590000,0.01570000,0.01580000,467088.80000000,TUSDT
2023-01-03 21:00:00,0.01580000,0.01590000,0.01570000,0.01580000,121354.10000000,TUSDT
2023-01-03 22:00:00,0.01580000,0.01590000,0.01570000,0.01590000,220059.40000000,TUSDT
2023-01-03 23:00:00,0.01580000,0.01600000,0.01580000,0.01590000,489344.80000000,TUSDT
2023-01-04 00:00:00,0.01590000,0.01600000,0.01580000,0.01580000,339095.40000000,TUSDT
2023-01-04 01:00:00,0.01590000,0.01610000,0.01590000,0.01600000,843417.80000000,TUSDT
2023-01-04 02:00:00,0.01600000,0.01610000,0.01600000,0.01610000,55563.90000000,TUSDT
2023-01-04 03:00:00,0.01610000,0.01620000,0.01600000,0.01620000,323492.50000000,TUSDT
2023-01-04 04:00:00,0.01610000,0.01660000,0.01610000,0.01630000,1666608.40000000,TUSDT
2023-01-04 05:00:00,0.01630000,0.01650000,0.01620000,0.01630000,1068294.50000000,TUSDT
2023-01-04 06:00:00,0.01630000,0.01640000,0.01630000,0.01630000,262629.60000000,TUSDT
2023-01-04 07:00:00,0.01630000,0.01650000,0.01630000,0.01640000,1087998.20000000,TUSDT
2023-01-04 08:00:00,0.01640000,0.01640000,0.01620000,0.01620000,171003.40000000,TUSDT
2023-01-04 09:00:00,0.01630000,0.01640000,0.01620000,0.01630000,489762.80000000,TUSDT
2023-01-04 10:00:00,0.01620000,0.01630000,0.01610000,0.01620000,480569.10000000,TUSDT
2023-01-04 11:00:00,0.01620000,0.01640000,0.01610000,0.01620000,3118922.70000000,TUSDT
2023-01-04 12:00:00,0.01620000,0.01620000,0.01610000,0.01620000,484587.30000000,TUSDT
2023-01-04 13:00:00,0.01610000,0.01620000,0.01610000,0.01610000,412818.80000000,TUSDT
2023-01-04 14:00:00,0.01610000,0.01620000,0.01610000,0.01610000,125389.60000000,TUSDT
2023-01-04 15:00:00,0.01610000,0.01620000,0.01610000,0.01610000,500263.00000000,TUSDT
2023-01-04 16:00:00,0.01610000,0.01630000,0.01610000,0.01620000,345304.80000000,TUSDT
2023-01-04 17:00:00,0.01620000,0.01640000,0.01620000,0.01630000,325162.00000000,TUSDT
2023-01-04 18:00:00,0.01630000,0.01640000,0.01620000,0.01630000,559305.20000000,TUSDT
2023-01-04 19:00:00,0.01630000,0.01640000,0.01610000,0.01620000,829385.90000000,TUSDT
2023-01-04 20:00:00,0.01630000,0.01630000,0.01610000,0.01620000,465177.80000000,TUSDT
2023-01-04 21:00:00,0.01630000,0.01630000,0.01610000,0.01610000,131578.30000000,TUSDT
2023-01-04 22:00:00,0.01620000,0.01630000,0.01610000,0.01620000,562697.70000000,TUSDT
2023-01-04 23:00:00,0.01630000,0.01640000,0.01620000,0.01620000,132910.00000000,TUSDT
2023-01-05 00:00:00,0.01630000,0.01650000,0.01620000,0.01640000,428324.00000000,TUSDT
2023-01-05 01:00:00,0.01640000,0.01730000,0.01640000,0.01680000,9928191.50000000,TUSDT
2023-01-05 02:00:00,0.01680000,0.01680000,0.01650000,0.01660000,1401161.40000000,TUSDT
2023-01-05 03:00:00,0.01660000,0.01660000,0.01650000,0.01660000,254240.90000000,TUSDT
2023-01-05 04:00:00,0.01660000,0.01670000,0.01650000,0.01650000,777660.70000000,TUSDT
2023-01-05 05:00:00,0.01660000,0.01680000,0.01650000,0.01660000,2058606.00000000,TUSDT
2023-01-05 06:00:00,0.01660000,0.01660000,0.01640000,0.01650000,290703.20000000,TUSDT
2023-01-05 07:00:00,0.01650000,0.01650000,0.01630000,0.01640000,466840.30000000,TUSDT
2023-01-05 08:00:00,0.01640000,0.01640000,0.01630000,0.01640000,808312.80000000,TUSDT
2023-01-05 09:00:00,0.01640000,0.01640000,0.01620000,0.01630000,1134301.30000000,TUSDT
2023-01-05 10:00:00,0.01620000,0.01640000,0.01620000,0.01630000,550610.70000000,TUSDT
2023-01-05 11:00:00,0.01630000,0.01670000,0.01630000,0.01660000,1609042.60000000,TUSDT
2023-01-05 12:00:00,0.01660000,0.01660000,0.01640000,0.01650000,908398.30000000,TUSDT
2023-01-05 13:00:00,0.01640000,0.01660000,0.01630000,0.01640000,236971.20000000,TUSDT
2023-01-05 14:00:00,0.01640000,0.01640000,0.01620000,0.01630000,953999.90000000,TUSDT
2023-01-05 15:00:00,0.01630000,0.01640000,0.01620000,0.01640000,821507.60000000,TUSDT
2023-01-05 16:00:00,0.01640000,0.01640000,0.01620000,0.01620000,580440.90000000,TUSDT
2023-01-05 17:00:00,0.01620000,0.01640000,0.01620000,0.01640000,544319.80000000,TUSDT
2023-01-05 18:00:00,0.01630000,0.01640000,0.01620000,0.01640000,425250.70000000,TUSDT
2023-01-05 19:00:00,0.01630000,0.01650000,0.01630000,0.01640000,1027520.20000000,TUSDT
2023-01-05 20:00:00,0.01640000,0.01640000,0.01630000,0.01630000,736108.50000000,TUSDT
2023-01-05 21:00:00,0.01630000,0.01630000,0.01630000,0.01630000,124820.30000000,TUSDT
2023-01-05 22:00:00,0.01620000,0.01630000,0.01620000,0.01630000,66187.00000000,TUSDT
2023-01-05 23:00:00,0.01630000,0.01630000,0.01620000,0.01630000,275834.40000000,TUSDT
2023-01-06 00:00:00,0.01630000,0.01650000,0.01620000,0.01640000,789039.40000000,TUSDT
2023-01-06 01:00:00,0.01640000,0.01640000,0.01630000,0.01640000,882049.70000000,TUSDT
2023-01-06 02:00:00,0.01640000,0.01640000,0.01620000,0.01620000,320731.30000000,TUSDT
2023-01-06 03:00:00,0.01630000,0.01630000,0.01600000,0.01610000,786734.50000000,TUSDT
2023-01-06 04:00:00,0.01610000,0.01620000,0.01590000,0.01600000,1496715.60000000,TUSDT
2023-01-06 05:00:00,0.01590000,0.01610000,0.01590000,0.01590000,451779.90000000,TUSDT
2023-01-06 06:00:00,0.01590000,0.01600000,0.01570000,0.01580000,1071231.20000000,TUSDT
2023-01-06 07:00:00,0.01580000,0.01590000,0.01570000,0.01590000,382134.10000000,TUSDT
2023-01-06 08:00:00,0.01580000,0.01590000,0.01580000,0.01590000,301393.90000000,TUSDT
2023-01-06 09:00:00,0.01580000,0.01600000,0.01580000,0.01590000,247912.00000000,TUSDT
2023-01-06 10:00:00,0.01590000,0.01590000,0.01580000,0.01590000,296863.40000000,TUSDT
2023-01-06 11:00:00,0.01590000,0.01600000,0.01580000,0.01590000,1886863.10000000,TUSDT
2023-01-06 12:00:00,0.01590000,0.01600000,0.01580000,0.01580000,264923.70000000,TUSDT
2023-01-06 13:00:00,0.01590000,0.01590000,0.01570000,0.01590000,465486.00000000,TUSDT
2023-01-06 14:00:00,0.01580000,0.01590000,0.01580000,0.01590000,71354.00000000,TUSDT
2023-01-06 15:00:00,0.01580000,0.01600000,0.01570000,0.01590000,568630.30000000,TUSDT
2023-01-06 16:00:00,0.01590000,0.01600000,0.01590000,0.01590000,252928.80000000,TUSDT
2023-01-06 17:00:00,0.01600000,0.01620000,0.01600000,0.01610000,782755.50000000,TUSDT
2023-01-06 18:00:00,0.01610000,0.01630000,0.01610000,0.01610000,710186.50000000,TUSDT
2023-01-06 19:00:00,0.01610000,0.01630000,0.01610000,0.01630000,539848.20000000,TUSDT
2023-01-06 20:00:00,0.01630000,0.01640000,0.01620000,0.01630000,303148.10000000,TUSDT
2023-01-06 21:00:00,0.01620000,0.01630000,0.01620000,0.01620000,99177.30000000,TUSDT
2023-01-06 22:00:00,0.01630000,0.01640000,0.01620000,0.01630000,340621.50000000,TUSDT
2023-01-06 23:00:00,0.01630000,0.01650000,0.01620000,0.01630000,419975.80000000,TUSDT
2023-01-07 00:00:00,0.01630000,0.01640000,0.01630000,0.01640000,92623.00000000,TUSDT
2023-01-07 01:00:00,0.01640000,0.01640000,0.01630000,0.01630000,19447.40000000,TUSDT
2023-01-07 02:00:00,0.01640000,0.01640000,0.01630000,0.01640000,123596.50000000,TUSDT
2023-01-07 03:00:00,0.01640000,0.01640000,0.01620000,0.01620000,984454.20000000,TUSDT
2023-01-07 04:00:00,0.01620000,0.01630000,0.01620000,0.01620000,380550.90000000,TUSDT
2023-01-07 05:00:00,0.01630000,0.01650000,0.01620000,0.01630000,893724.20000000,TUSDT
2023-01-07 06:00:00,0.01630000,0.01630000,0.01620000,0.01620000,401712.60000000,TUSDT
2023-01-07 07:00:00,0.01620000,0.01630000,0.01610000,0.01630000,820189.50000000,TUSDT
2023-01-07 08:00:00,0.01640000,0.01640000,0.01620000,0.01630000,377685.00000000,TUSDT
2023-01-07 09:00:00,0.01630000,0.01640000,0.01620000,0.01630000,99872.30000000,TUSDT
2023-01-07 10:00:00,0.01630000,0.01640000,0.01630000,0.01630000,49858.20000000,TUSDT
2023-01-07 11:00:00,0.01630000,0.01640000,0.01620000,0.01630000,148246.20000000,TUSDT
2023-01-07 12:00:00,0.01630000,0.01640000,0.01620000,0.01630000,127504.10000000,TUSDT
2023-01-07 13:00:00,0.01620000,0.01630000,0.01620000,0.01630000,84303.50000000,TUSDT
2023-01-07 14:00:00,0.01620000,0.01640000,0.01620000,0.01630000,790402.00000000,TUSDT
2023-01-07 15:00:00,0.01630000,0.01640000,0.01620000,0.01630000,1177514.80000000,TUSDT
2023-01-07 16:00:00,0.01640000,0.01640000,0.01620000,0.01630000,598077.20000000,TUSDT
2023-01-07 17:00:00,0.01630000,0.01650000,0.01630000,0.01640000,668915.50000000,TUSDT
2023-01-07 18:00:00,0.01650000,0.01650000,0.01630000,0.01640000,443166.40000000,TUSDT
2023-01-07 19:00:00,0.01640000,0.01650000,0.01630000,0.01640000,480603.90000000,TUSDT
2023-01-07 20:00:00,0.01630000,0.01650000,0.01630000,0.01650000,165135.40000000,TUSDT
2023-01-07 21:00:00,0.01640000,0.01650000,0.01630000,0.01640000,92449.90000000,TUSDT
2023-01-07 22:00:00,0.01650000,0.01660000,0.01630000,0.01640000,1304781.60000000,TUSDT
2023-01-07 23:00:00,0.01640000,0.01670000,0.01640000,0.01640000,653490.20000000,TUSDT
2023-01-08 00:00:00,0.01640000,0.01640000,0.01620000,0.01630000,630192.10000000,TUSDT
2023-01-08 01:00:00,0.01630000,0.01640000,0.01620000,0.01630000,147744.00000000,TUSDT
2023-01-08 02:00:00,0.01630000,0.01630000,0.01620000,0.01630000,113411.30000000,TUSDT
2023-01-08 03:00:00,0.01620000,0.01630000,0.01620000,0.01630000,113411.90000000,TUSDT
2023-01-08 04:00:00,0.01640000,0.01650000,0.01630000,0.01640000,1252319.00000000,TUSDT
2023-01-08 05:00:00,0.01650000,0.01650000,0.01640000,0.01640000,729771.70000000,TUSDT
2023-01-08 06:00:00,0.01640000,0.01650000,0.01640000,0.01640000,39450.50000000,TUSDT
2023-01-08 07:00:00,0.01640000,0.01640000,0.01630000,0.01640000,711925.40000000,TUSDT
2023-01-08 08:00:00,0.01640000,0.01650000,0.01630000,0.01640000,655729.90000000,TUSDT
2023-01-08 09:00:00,0.01650000,0.01650000,0.01630000,0.01640000,366270.70000000,TUSDT
2023-01-08 10:00:00,0.01640000,0.01640000,0.01630000,0.01640000,460012.50000000,TUSDT
2023-01-08 11:00:00,0.01640000,0.01650000,0.01630000,0.01640000,527709.00000000,TUSDT
2023-01-08 12:00:00,0.01640000,0.01650000,0.01620000,0.01630000,590526.40000000,TUSDT
2023-01-08 13:00:00,0.01630000,0.01640000,0.01610000,0.01620000,619173.70000000,TUSDT
2023-01-08 14:00:00,0.01630000,0.01640000,0.01620000,0.01630000,422674.50000000,TUSDT
2023-01-08 15:00:00,0.01630000,0.01630000,0.01620000,0.01630000,115944.10000000,TUSDT
2023-01-08 16:00:00,0.01630000,0.01640000,0.01620000,0.01620000,631798.20000000,TUSDT
2023-01-08 17:00:00,0.01630000,0.01630000,0.01620000,0.01620000,9641.90000000,TUSDT
2023-01-08 18:00:00,0.01620000,0.01640000,0.01620000,0.01620000,320173.80000000,TUSDT
2023-01-08 19:00:00,0.01630000,0.01640000,0.01620000,0.01640000,799392.40000000,TUSDT
2023-01-08 20:00:00,0.01640000,0.01670000,0.01630000,0.01650000,950086.20000000,TUSDT
2023-01-08 21:00:00,0.01650000,0.01670000,0.01630000,0.01650000,1352903.40000000,TUSDT
2023-01-08 22:00:00,0.01640000,0.01670000,0.01640000,0.01670000,678135.00000000,TUSDT
2023-01-08 23:00:00,0.01670000,0.01690000,0.01670000,0.01680000,711160.70000000,TUSDT
2023-01-09 00:00:00,0.01680000,0.01690000,0.01670000,0.01690000,642961.00000000,TUSDT
2023-01-09 01:00:00,0.01690000,0.01700000,0.01680000,0.01700000,904670.30000000,TUSDT
2023-01-09 02:00:00,0.01690000,0.01730000,0.01690000,0.01700000,1381029.90000000,TUSDT
2023-01-09 03:00:00,0.01700000,0.01710000,0.01680000,0.01700000,573364.30000000,TUSDT
2023-01-09 04:00:00,0.01710000,0.01720000,0.01690000,0.01710000,925709.90000000,TUSDT
2023-01-09 05:00:00,0.01710000,0.01710000,0.01700000,0.01700000,715080.00000000,TUSDT
2023-01-09 06:00:00,0.01710000,0.01710000,0.01690000,0.01700000,629001.60000000,TUSDT
2023-01-09 07:00:00,0.01700000,0.01710000,0.01680000,0.01700000,895799.50000000,TUSDT
2023-01-09 08:00:00,0.01700000,0.01730000,0.01690000,0.01720000,3220889.60000000,TUSDT
2023-01-09 09:00:00,0.01720000,0.01740000,0.01710000,0.01730000,686571.30000000,TUSDT
2023-01-09 10:00:00,0.01730000,0.01740000,0.01720000,0.01730000,820176.40000000,TUSDT
2023-01-09 11:00:00,0.01730000,0.01740000,0.01720000,0.01720000,843678.40000000,TUSDT
2023-01-09 12:00:00,0.01720000,0.01740000,0.01710000,0.01740000,1315516.90000000,TUSDT
2023-01-09 13:00:00,0.01730000,0.01740000,0.01700000,0.01710000,1075947.40000000,TUSDT
2023-01-09 14:00:00,0.01710000,0.01740000,0.01700000,0.01740000,812007.50000000,TUSDT
2023-01-09 15:00:00,0.01730000,0.01750000,0.01730000,0.01740000,115073.40000000,TUSDT
2023-01-09 16:00:00,0.01750000,0.01770000,0.01730000,0.01760000,850396.90000000,TUSDT
2023-01-09 17:00:00,0.01760000,0.01770000,0.01750000,0.01760000,1251506.00000000,TUSDT
2023-01-09 18:00:00,0.01760000,0.01770000,0.01740000,0.01750000,596591.60000000,TUSDT
2023-01-09 19:00:00,0.01750000,0.01750000,0.01730000,0.01740000,1046393.20000000,TUSDT
2023-01-09 20:00:00,0.01740000,0.01740000,0.01700000,0.01710000,1600984.90000000,TUSDT
2023-01-09 21:00:00,0.01710000,0.01740000,0.01700000,0.01730000,976647.40000000,TUSDT
2023-01-09 22:00:00,0.01720000,0.01730000,0.01710000,0.01720000,198696.30000000,TUSDT
2023-01-09 23:00:00,0.01730000,0.01730000,0.01710000,0.01720000,338123.60000000,TUSDT
2023-01-10 00:00:00,0.01730000,0.01760000,0.01720000,0.01730000,1320717.80000000,TUSDT
2023-01-10 01:00:00,0.01730000,0.01760000,0.01720000,0.01750000,1459912.20000000,TUSDT
2023-01-10 02:00:00,0.01740000,0.02120000,0.01730000,0.02110000,40294285.50000000,TUSDT
2023-01-10 03:00:00,0.02100000,0.02130000,0.01820000,0.01840000,33888336.70000000,TUSDT
2023-01-10 04:00:00,0.01850000,0.01880000,0.01810000,0.01860000,6138774.30000000,TUSDT
2023-01-10 05:00:00,0.01860000,0.01890000,0.01810000,0.01830000,6979297.30000000,TUSDT
2023-01-10 06:00:00,0.01840000,0.01840000,0.01810000,0.01820000,1738165.80000000,TUSDT
2023-01-10 07:00:00,0.01820000,0.01820000,0.01800000,0.01810000,1662673.50000000,TUSDT
2023-01-10 08:00:00,0.01810000,0.01820000,0.01800000,0.01810000,3876643.30000000,TUSDT
2023-01-10 09:00:00,0.01800000,0.01830000,0.01800000,0.01800000,2141405.80000000,TUSDT
2023-01-10 10:00:00,0.01800000,0.01820000,0.01800000,0.01800000,1735353.70000000,TUSDT
2023-01-10 11:00:00,0.01800000,0.01850000,0.01790000,0.01840000,2716759.20000000,TUSDT
2023-01-10 12:00:00,0.01850000,0.01930000,0.01820000,0.01840000,23073718.00000000,TUSDT
2023-01-10 13:00:00,0.01840000,0.01850000,0.01810000,0.01830000,2604806.00000000,TUSDT
2023-01-10 14:00:00,0.01830000,0.01890000,0.01810000,0.01830000,3894901.40000000,TUSDT
2023-01-10 15:00:00,0.01830000,0.01840000,0.01810000,0.01820000,1585254.30000000,TUSDT
2023-01-10 16:00:00,0.01820000,0.01840000,0.01800000,0.01810000,2164578.50000000,TUSDT
2023-01-10 17:00:00,0.01810000,0.01830000,0.01800000,0.01820000,1593862.10000000,TUSDT
2023-01-10 18:00:00,0.01820000,0.01840000,0.01810000,0.01830000,489796.80000000,TUSDT
2023-01-10 19:00:00,0.01840000,0.01840000,0.01820000,0.01820000,295872.00000000,TUSDT
2023-01-10 20:00:00,0.01820000,0.01840000,0.01820000,0.01830000,992329.00000000,TUSDT
2023-01-10 21:00:00,0.01820000,0.01840000,0.01820000,0.01830000,638519.90000000,TUSDT
2023-01-10 22:00:00,0.01820000,0.01850000,0.01820000,0.01840000,556289.10000000,TUSDT
2023-01-10 23:00:00,0.01830000,0.01850000,0.01830000,0.01840000,540120.60000000,TUSDT
2023-01-11 00:00:00,0.01830000,0.01890000,0.01830000,0.01850000,4092523.70000000,TUSDT
2023-01-11 01:00:00,0.01850000,0.01850000,0.01830000,0.01830000,1047241.30000000,TUSDT
2023-01-11 02:00:00,0.01840000,0.01850000,0.01810000,0.01830000,1511112.10000000,TUSDT
2023-01-11 03:00:00,0.01840000,0.01850000,0.01790000,0.01800000,1241967.40000000,TUSDT
2023-01-11 04:00:00,0.01800000,0.01820000,0.01780000,0.01780000,2087027.20000000,TUSDT
2023-01-11 05:00:00,0.01780000,0.01790000,0.01770000,0.01790000,480827.00000000,TUSDT
2023-01-11 06:00:00,0.01780000,0.01790000,0.01780000,0.01790000,74930.10000000,TUSDT
2023-01-11 07:00:00,0.01790000,0.01800000,0.01780000,0.01790000,521819.90000000,TUSDT
2023-01-11 08:00:00,0.01780000,0.01790000,0.01780000,0.01790000,351926.30000000,TUSDT
2023-01-11 09:00:00,0.01790000,0.01800000,0.01780000,0.01790000,263613.00000000,TUSDT
2023-01-11 10:00:00,0.01800000,0.01800000,0.01780000,0.01780000,189124.90000000,TUSDT
2023-01-11 11:00:00,0.01790000,0.01800000,0.01780000,0.01790000,531201.00000000,TUSDT
2023-01-11 12:00:00,0.01790000,0.01800000,0.01780000,0.01780000,915647.40000000,TUSDT
2023-01-11 13:00:00,0.01780000,0.01790000,0.01770000,0.01780000,344155.20000000,TUSDT
2023-01-11 14:00:00,0.01790000,0.01800000,0.01760000,0.01790000,1513190.80000000,TUSDT
2023-01-11 15:00:00,0.01790000,0.01790000,0.01770000,0.01770000,273105.60000000,TUSDT
2023-01-11 16:00:00,0.01770000,0.01780000,0.01770000,0.01770000,585867.20000000,TUSDT
2023-01-11 17:00:00,0.01770000,0.01790000,0.01770000,0.01780000,393421.40000000,TUSDT
2023-01-11 18:00:00,0.01780000,0.01800000,0.01780000,0.01800000,510789.60000000,TUSDT
2023-01-11 19:00:00,0.01790000,0.01810000,0.01790000,0.01800000,809475.20000000,TUSDT
2023-01-11 20:00:00,0.01800000,0.01800000,0.01770000,0.01790000,3170113.30000000,TUSDT
2023-01-11 21:00:00,0.01790000,0.01800000,0.01780000,0.01790000,816401.60000000,TUSDT
2023-01-11 22:00:00,0.01800000,0.01810000,0.01790000,0.01800000,454047.70000000,TUSDT
2023-01-11 23:00:00,0.01800000,0.01830000,0.01800000,0.01820000,423975.60000000,TUSDT
2023-01-12 00:00:00,0.01820000,0.01830000,0.01810000,0.01830000,741153.10000000,TUSDT
2023-01-12 01:00:00,0.01840000,0.01840000,0.01810000,0.01820000,611813.90000000,TUSDT
2023-01-12 02:00:00,0.01820000,0.01830000,0.01810000,0.01810000,1070701.10000000,TUSDT
2023-01-12 03:00:00,0.01820000,0.01830000,0.01820000,0.01830000,517716.70000000,TUSDT
2023-01-12 04:00:00,0.01820000,0.01840000,0.01820000,0.01820000,202447.70000000,TUSDT
2023-01-12 05:00:00,0.01830000,0.01830000,0.01800000,0.01810000,311804.80000000,TUSDT
2023-01-12 06:00:00,0.01800000,0.01810000,0.01800000,0.01800000,285681.10000000,TUSDT
2023-01-12 07:00:00,0.01810000,0.01810000,0.01800000,0.01810000,435252.60000000,TUSDT
2023-01-12 08:00:00,0.01810000,0.01810000,0.01800000,0.01800000,226453.40000000,TUSDT
2023-01-12 09:00:00,0.01810000,0.01810000,0.01800000,0.01810000,181073.90000000,TUSDT
2023-01-12 10:00:00,0.01800000,0.01820000,0.01800000,0.01810000,440636.70000000,TUSDT
2023-01-12 11:00:00,0.01810000,0.01810000,0.01780000,0.01790000,784553.20000000,TUSDT
2023-01-12 12:00:00,0.01790000,0.01800000,0.01780000,0.01790000,266723.90000000,TUSDT
2023-01-12 13:00:00,0.01790000,0.01800000,0.01750000,0.01800000,3775165.90000000,TUSDT
2023-01-12 14:00:00,0.01800000,0.01810000,0.01760000,0.01760000,1801484.50000000,TUSDT
2023-01-12 15:00:00,0.01760000,0.01790000,0.01760000,0.01780000,261994.80000000,TUSDT
2023-01-12 16:00:00,0.01780000,0.01790000,0.01780000,0.01790000,402147.40000000,TUSDT
2023-01-12 17:00:00,0.01790000,0.01820000,0.01780000,0.01820000,496479.20000000,TUSDT
2023-01-12 18:00:00,0.01820000,0.01850000,0.01820000,0.01840000,1947994.80000000,TUSDT
2023-01-12 19:00:00,0.01840000,0.01850000,0.01840000,0.01840000,279532.20000000,TUSDT
2023-01-12 20:00:00,0.01840000,0.01860000,0.01830000,0.01850000,760376.90000000,TUSDT
2023-01-12 21:00:00,0.01840000,0.01850000,0.01840000,0.01850000,136226.50000000,TUSDT
2023-01-12 22:00:00,0.01840000,0.01850000,0.01820000,0.01850000,1604261.90000000,TUSDT
2023-01-12 23:00:00,0.01840000,0.01880000,0.01840000,0.01870000,2032811.20000000,TUSDT
2023-01-13 00:00:00,0.01880000,0.01880000,0.01850000,0.01870000,836823.60000000,TUSDT
2023-01-13 01:00:00,0.01870000,0.01880000,0.01860000,0.01860000,236530.40000000,TUSDT
2023-01-13 02:00:00,0.01870000,0.01880000,0.01840000,0.01870000,2545067.50000000,TUSDT
2023-01-13 03:00:00,0.01870000,0.01870000,0.01860000,0.01870000,745499.20000000,TUSDT
2023-01-13 04:00:00,0.01880000,0.01880000,0.01870000,0.01870000,37464.70000000,TUSDT
2023-01-13 05:00:00,0.01870000,0.01890000,0.01860000,0.01860000,1123347.80000000,TUSDT
2023-01-13 06:00:00,0.01870000,0.01880000,0.01860000,0.01880000,475241.70000000,TUSDT
2023-01-13 07:00:00,0.01880000,0.01880000,0.01860000,0.01880000,532711.20000000,TUSDT
2023-01-13 08:00:00,0.01880000,0.01980000,0.01870000,0.01880000,17313850.10000000,TUSDT
2023-01-13 09:00:00,0.01890000,0.01900000,0.01880000,0.01900000,642176.90000000,TUSDT
2023-01-13 10:00:00,0.01900000,0.01900000,0.01880000,0.01890000,429546.90000000,TUSDT
2023-01-13 11:00:00,0.01880000,0.01890000,0.01870000,0.01880000,433769.20000000,TUSDT
2023-01-13 12:00:00,0.01870000,0.01890000,0.01860000,0.01870000,398362.90000000,TUSDT
2023-01-13 13:00:00,0.01860000,0.01870000,0.01850000,0.01860000,526516.00000000,TUSDT
2023-01-13 14:00:00,0.01860000,0.01880000,0.01860000,0.01870000,666646.10000000,TUSDT
2023-01-13 15:00:00,0.01860000,0.01890000,0.01850000,0.01890000,1245539.40000000,TUSDT
2023-01-13 16:00:00,0.01880000,0.01890000,0.01860000,0.01870000,1715153.80000000,TUSDT
2023-01-13 17:00:00,0.01880000,0.01890000,0.01870000,0.01890000,1028757.70000000,TUSDT
2023-01-13 18:00:00,0.01890000,0.01910000,0.01890000,0.01900000,1192087.60000000,TUSDT
2023-01-13 19:00:00,0.01900000,0.01910000,0.01890000,0.01910000,1386013.60000000,TUSDT
2023-01-13 20:00:00,0.01910000,0.01930000,0.01900000,0.01920000,1882237.70000000,TUSDT
2023-01-13 21:00:00,0.01920000,0.01930000,0.01910000,0.01930000,754733.20000000,TUSDT
2023-01-13 22:00:00,0.01930000,0.01940000,0.01920000,0.01940000,1731775.30000000,TUSDT
2023-01-13 23:00:00,0.01940000,0.01950000,0.01920000,0.01950000,1225830.90000000,TUSDT
2023-01-14 00:00:00,0.01940000,0.02000000,0.01920000,0.01980000,4683876.40000000,TUSDT
2023-01-14 01:00:00,0.01980000,0.02010000,0.01970000,0.02000000,5030285.30000000,TUSDT
2023-01-14 02:00:00,0.02010000,0.02060000,0.02000000,0.02040000,3352514.40000000,TUSDT
2023-01-14 03:00:00,0.02030000,0.02200000,0.02020000,0.02080000,12149866.90000000,TUSDT
2023-01-14 04:00:00,0.02070000,0.02090000,0.02050000,0.02070000,2183247.60000000,TUSDT
2023-01-14 05:00:00,0.02070000,0.02090000,0.02040000,0.02060000,3404302.80000000,TUSDT
2023-01-14 06:00:00,0.02050000,0.02120000,0.02050000,0.02120000,2165479.00000000,TUSDT
2023-01-14 07:00:00,0.02110000,0.02160000,0.02080000,0.02130000,2608640.30000000,TUSDT
2023-01-14 08:00:00,0.02120000,0.02170000,0.02100000,0.02130000,6791401.80000000,TUSDT
2023-01-14 09:00:00,0.02130000,0.02140000,0.01950000,0.02000000,8920895.90000000,TUSDT
2023-01-14 10:00:00,0.02000000,0.02000000,0.01950000,0.01990000,1282163.10000000,TUSDT
2023-01-14 11:00:00,0.01990000,0.02060000,0.01980000,0.02030000,3024672.70000000,TUSDT
2023-01-14 12:00:00,0.02040000,0.02110000,0.02020000,0.02090000,1755002.60000000,TUSDT
2023-01-14 13:00:00,0.02080000,0.02090000,0.02020000,0.02050000,2793584.80000000,TUSDT
2023-01-14 14:00:00,0.02050000,0.02080000,0.02030000,0.02040000,1267231.50000000,TUSDT
2023-01-14 15:00:00,0.02040000,0.02050000,0.02030000,0.02040000,541500.20000000,TUSDT
2023-01-14 16:00:00,0.02040000,0.02060000,0.02030000,0.02040000,583825.40000000,TUSDT
2023-01-14 17:00:00,0.02040000,0.02060000,0.02040000,0.02040000,294913.00000000,TUSDT
2023-01-14 18:00:00,0.02050000,0.02070000,0.02040000,0.02060000,336158.60000000,TUSDT
2023-01-14 19:00:00,0.02070000,0.02090000,0.02060000,0.02080000,394330.70000000,TUSDT
2023-01-14 20:00:00,0.02080000,0.02080000,0.02050000,0.02060000,1000109.60000000,TUSDT
2023-01-14 21:00:00,0.02060000,0.02070000,0.02040000,0.02060000,1632632.70000000,TUSDT
2023-01-14 22:00:00,0.02050000,0.02080000,0.02050000,0.02080000,244214.00000000,TUSDT
2023-01-14 23:00:00,0.02070000,0.02110000,0.02070000,0.02090000,940736.90000000,TUSDT
2023-01-15 00:00:00,0.02100000,0.02150000,0.02050000,0.02100000,2766610.50000000,TUSDT
2023-01-15 01:00:00,0.02110000,0.02120000,0.02060000,0.02100000,2083923.90000000,TUSDT
2023-01-15 02:00:00,0.02100000,0.02100000,0.02080000,0.02090000,934938.70000000,TUSDT
2023-01-15 03:00:00,0.02090000,0.02160000,0.02090000,0.02150000,1510517.50000000,TUSDT
2023-01-15 04:00:00,0.02150000,0.02210000,0.02140000,0.02170000,4836733.20000000,TUSDT
2023-01-15 05:00:00,0.02180000,0.02180000,0.02140000,0.02160000,1575519.80000000,TUSDT
2023-01-15 06:00:00,0.02160000,0.02290000,0.02120000,0.02280000,4245578.10000000,TUSDT
2023-01-15 07:00:00,0.02290000,0.02640000,0.02270000,0.02580000,88028006.80000000,TUSDT
2023-01-15 08:00:00,0.02580000,0.02670000,0.02250000,0.02300000,49779207.60000000,TUSDT
2023-01-15 09:00:00,0.02300000,0.02410000,0.02230000,0.02290000,18963875.30000000,TUSDT
2023-01-15 10:00:00,0.02290000,0.02450000,0.02280000,0.02330000,23059934.90000000,TUSDT
2023-01-15 11:00:00,0.02330000,0.02380000,0.02270000,0.02290000,4121607.40000000,TUSDT
2023-01-15 12:00:00,0.02280000,0.02310000,0.02260000,0.02300000,3522166.70000000,TUSDT
2023-01-15 13:00:00,0.02300000,0.02320000,0.02250000,0.02250000,3523518.30000000,TUSDT
2023-01-15 14:00:00,0.02260000,0.02280000,0.02200000,0.02200000,4438631.20000000,TUSDT
2023-01-15 15:00:00,0.02200000,0.02270000,0.02180000,0.02260000,6379042.80000000,TUSDT
2023-01-15 16:00:00,0.02260000,0.02260000,0.02180000,0.02200000,2693947.60000000,TUSDT
2023-01-15 17:00:00,0.02190000,0.02240000,0.02180000,0.02190000,2467065.90000000,TUSDT
2023-01-15 18:00:00,0.02190000,0.02220000,0.02170000,0.02200000,2497449.20000000,TUSDT
2023-01-15 19:00:00,0.02220000,0.02220000,0.02200000,0.02210000,1776406.40000000,TUSDT
2023-01-15 20:00:00,0.02210000,0.02210000,0.02180000,0.02210000,2714225.10000000,TUSDT
2023-01-15 21:00:00,0.02200000,0.02250000,0.02200000,0.02240000,1308447.20000000,TUSDT
2023-01-15 22:00:00,0.02230000,0.02240000,0.02210000,0.02230000,895232.00000000,TUSDT
2023-01-15 23:00:00,0.02230000,0.02260000,0.02220000,0.02240000,1193765.80000000,TUSDT
2023-01-16 00:00:00,0.02240000,0.02250000,0.02120000,0.02170000,6101250.60000000,TUSDT
2023-01-16 01:00:00,0.02170000,0.02220000,0.02160000,0.02200000,1887919.70000000,TUSDT
2023-01-16 02:00:00,0.02190000,0.02260000,0.02190000,0.02220000,2898267.70000000,TUSDT
2023-01-16 03:00:00,0.02220000,0.02230000,0.02180000,0.02190000,535711.40000000,TUSDT
2023-01-16 04:00:00,0.02200000,0.02250000,0.02180000,0.02220000,1640608.90000000,TUSDT
2023-01-16 05:00:00,0.02220000,0.02240000,0.02210000,0.02220000,1339736.30000000,TUSDT
2023-01-16 06:00:00,0.02220000,0.02290000,0.02200000,0.02270000,4575404.50000000,TUSDT
2023-01-16 07:00:00,0.02260000,0.02260000,0.02230000,0.02230000,5266536.70000000,TUSDT
2023-01-16 08:00:00,0.02230000,0.02250000,0.02130000,0.02150000,7970534.10000000,TUSDT
2023-01-16 09:00:00,0.02150000,0.02210000,0.02150000,0.02190000,3024975.30000000,TUSDT
2023-01-16 10:00:00,0.02200000,0.02200000,0.02160000,0.02180000,2730568.20000000,TUSDT
2023-01-16 11:00:00,0.02170000,0.02180000,0.02160000,0.02170000,896971.00000000,TUSDT
2023-01-16 12:00:00,0.02160000,0.02210000,0.02160000,0.02180000,9100031.20000000,TUSDT
2023-01-16 13:00:00,0.02180000,0.02200000,0.02170000,0.02170000,4087802.70000000,TUSDT
2023-01-16 14:00:00,0.02170000,0.02200000,0.02170000,0.02170000,1109536.10000000,TUSDT
2023-01-16 15:00:00,0.02170000,0.02180000,0.02150000,0.02170000,760252.90000000,TUSDT
2023-01-16 16:00:00,0.02170000,0.02180000,0.02160000,0.02170000,733997.80000000,TUSDT
2023-01-16 17:00:00,0.02180000,0.02200000,0.02140000,0.02180000,3899276.60000000,TUSDT
2023-01-16 18:00:00,0.02180000,0.02190000,0.02170000,0.02180000,373269.80000000,TUSDT
2023-01-16 19:00:00,0.02180000,0.02210000,0.02180000,0.02190000,3820434.00000000,TUSDT
2023-01-16 20:00:00,0.02190000,0.02220000,0.02180000,0.02200000,1916494.00000000,TUSDT
2023-01-16 21:00:00,0.02200000,0.02210000,0.02180000,0.02200000,1733974.00000000,TUSDT
2023-01-16 22:00:00,0.02200000,0.02200000,0.02180000,0.02190000,576186.50000000,TUSDT
2023-01-16 23:00:00,0.02200000,0.02200000,0.02170000,0.02180000,348776.80000000,TUSDT
2023-01-17 00:00:00,0.02180000,0.02670000,0.02180000,0.02490000,79043618.00000000,TUSDT
2023-01-17 01:00:00,0.02490000,0.02500000,0.02350000,0.02410000,12335391.00000000,TUSDT
2023-01-17 02:00:00,0.02410000,0.02410000,0.02320000,0.02340000,3146902.50000000,TUSDT
2023-01-17 03:00:00,0.02340000,0.02350000,0.02300000,0.02330000,2366568.20000000,TUSDT
2023-01-17 04:00:00,0.02330000,0.02340000,0.02270000,0.02310000,4578141.30000000,TUSDT
2023-01-17 05:00:00,0.02310000,0.02330000,0.02310000,0.02330000,1040511.30000000,TUSDT
2023-01-17 06:00:00,0.02330000,0.02390000,0.02320000,0.02350000,5860680.40000000,TUSDT
2023-01-17 07:00:00,0.02350000,0.02390000,0.02330000,0.02350000,3501994.70000000,TUSDT
2023-01-17 08:00:00,0.02360000,0.02360000,0.02320000,0.02350000,808175.60000000,TUSDT
2023-01-17 09:00:00,0.02350000,0.02360000,0.02320000,0.02350000,1061670.40000000,TUSDT
2023-01-17 10:00:00,0.02350000,0.02420000,0.02350000,0.02380000,3343741.20000000,TUSDT
2023-01-17 11:00:00,0.02380000,0.02550000,0.02370000,0.02440000,12830586.30000000,TUSDT
2023-01-17 12:00:00,0.02450000,0.02450000,0.02350000,0.02360000,2518601.40000000,TUSDT
2023-01-17 13:00:00,0.02360000,0.02390000,0.02330000,0.02350000,4465943.90000000,TUSDT
2023-01-17 14:00:00,0.02360000,0.02370000,0.02280000,0.02310000,2769284.10000000,TUSDT
2023-01-17 15:00:00,0.02310000,0.02320000,0.02290000,0.02310000,1032345.60000000,TUSDT
2023-01-17 16:00:00,0.02310000,0.02310000,0.02280000,0.02300000,2182631.60000000,TUSDT
2023-01-17 17:00:00,0.02310000,0.02350000,0.02300000,0.02330000,1287614.40000000,TUSDT
2023-01-17 18:00:00,0.02340000,0.02350000,0.02320000,0.02330000,762354.30000000,TUSDT
2023-01-17 19:00:00,0.02330000,0.02350000,0.02330000,0.02350000,230282.60000000,TUSDT
2023-01-17 20:00:00,0.02350000,0.02360000,0.02320000,0.02350000,3195085.60000000,TUSDT
2023-01-17 21:00:00,0.02350000,0.02370000,0.02330000,0.02330000,2898709.20000000,TUSDT
2023-01-17 22:00:00,0.02340000,0.02350000,0.02320000,0.02320000,1032444.10000000,TUSDT
2023-01-17 23:00:00,0.02320000,0.02320000,0.02270000,0.02280000,1880071.30000000,TUSDT
2023-01-18 00:00:00,0.02290000,0.02290000,0.02170000,0.02210000,9649838.80000000,TUSDT
2023-01-18 01:00:00,0.02200000,0.02210000,0.02180000,0.02190000,2674940.50000000,TUSDT
2023-01-18 02:00:00,0.02190000,0.02210000,0.02170000,0.02200000,2994800.10000000,TUSDT
2023-01-18 03:00:00,0.02190000,0.02200000,0.02180000,0.02200000,1361177.10000000,TUSDT
2023-01-18 04:00:00,0.02200000,0.02200000,0.02180000,0.02200000,2271031.50000000,TUSDT
2023-01-18 05:00:00,0.02190000,0.02210000,0.02190000,0.02200000,1472755.10000000,TUSDT
2023-01-18 06:00:00,0.02210000,0.02220000,0.02200000,0.02200000,3869514.10000000,TUSDT
2023-01-18 07:00:00,0.02210000,0.02210000,0.02190000,0.02200000,3092562.70000000,TUSDT
2023-01-18 08:00:00,0.02200000,0.02210000,0.02180000,0.02190000,1637719.80000000,TUSDT
2023-01-18 09:00:00,0.02190000,0.02200000,0.02180000,0.02180000,757380.90000000,TUSDT
2023-01-18 10:00:00,0.02180000,0.02190000,0.02180000,0.02180000,156708.90000000,TUSDT
2023-01-18 11:00:00,0.02180000,0.02200000,0.02180000,0.02190000,738311.70000000,TUSDT
2023-01-18 12:00:00,0.02190000,0.02200000,0.02180000,0.02190000,480852.40000000,TUSDT
2023-01-18 13:00:00,0.02200000,0.02220000,0.02190000,0.02210000,1287291.40000000,TUSDT
2023-01-18 14:00:00,0.02220000,0.02230000,0.02210000,0.02220000,1347416.30000000,TUSDT
2023-01-18 15:00:00,0.02210000,0.02230000,0.02120000,0.02140000,2620835.80000000,TUSDT
2023-01-18 16:00:00,0.02150000,0.02160000,0.02010000,0.02080000,10031953.20000000,TUSDT
2023-01-18 17:00:00,0.02080000,0.02140000,0.02080000,0.02100000,2472593.10000000,TUSDT
2023-01-18 18:00:00,0.02110000,0.02120000,0.02090000,0.02100000,907376.20000000,TUSDT
2023-01-18 19:00:00,0.02100000,0.02130000,0.02100000,0.02120000,487066.60000000,TUSDT
2023-01-18 20:00:00,0.02120000,0.02120000,0.02050000,0.02060000,972189.00000000,TUSDT
2023-01-18 21:00:00,0.02060000,0.02090000,0.02050000,0.02070000,842912.20000000,TUSDT
2023-01-18 22:00:00,0.02080000,0.02090000,0.02020000,0.02070000,2950129.00000000,TUSDT
2023-01-18 23:00:00,0.02060000,0.02090000,0.02050000,0.02060000,590454.70000000,TUSDT
2023-01-19 00:00:00,0.02060000,0.02070000,0.02040000,0.02050000,715661.50000000,TUSDT
2023-01-19 01:00:00,0.02050000,0.02080000,0.02050000,0.02050000,456307.30000000,TUSDT
2023-01-19 02:00:00,0.02050000,0.02080000,0.02040000,0.02080000,684316.50000000,TUSDT
2023-01-19 03:00:00,0.02070000,0.02090000,0.02070000,0.02080000,595337.10000000,TUSDT
2023-01-19 04:00:00,0.02080000,0.02100000,0.02070000,0.02090000,409410.40000000,TUSDT
2023-01-19 05:00:00,0.02090000,0.02090000,0.02070000,0.02080000,236174.00000000,TUSDT
2023-01-19 06:00:00,0.02080000,0.02080000,0.02070000,0.02080000,85730.10000000,TUSDT
2023-01-19 07:00:00,0.02080000,0.02100000,0.02070000,0.02089000,667847.10000000,TUSDT
2023-01-19 08:00:00,0.02094000,0.02109000,0.02090000,0.02090000,357626.50000000,TUSDT
2023-01-19 09:00:00,0.02102000,0.02102000,0.02070000,0.02089000,936297.00000000,TUSDT
2023-01-19 10:00:00,0.02076000,0.02089000,0.02071000,0.02079000,337000.40000000,TUSDT
2023-01-19 11:00:00,0.02074000,0.02077000,0.02057000,0.02068000,429624.60000000,TUSDT
2023-01-19 12:00:00,0.02068000,0.02070000,0.02044000,0.02048000,286323.50000000,TUSDT
2023-01-19 13:00:00,0.02047000,0.02050000,0.02019000,0.02044000,2039526.90000000,TUSDT
2023-01-19 14:00:00,0.02044000,0.02055000,0.02031000,0.02053000,795314.60000000,TUSDT
2023-01-19 15:00:00,0.02051000,0.02065000,0.02051000,0.02063000,516352.20000000,TUSDT
2023-01-19 16:00:00,0.02063000,0.02075000,0.02059000,0.02073000,741198.80000000,TUSDT
2023-01-19 17:00:00,0.02073000,0.02086000,0.02058000,0.02058000,867213.40000000,TUSDT
2023-01-19 18:00:00,0.02060000,0.02076000,0.02058000,0.02070000,314157.10000000,TUSDT
2023-01-19 19:00:00,0.02076000,0.02102000,0.02070000,0.02097000,598453.20000000,TUSDT
2023-01-19 20:00:00,0.02097000,0.02124000,0.02097000,0.02110000,1665603.40000000,TUSDT
2023-01-19 21:00:00,0.02110000,0.02119000,0.02099000,0.02107000,687453.60000000,TUSDT
2023-01-19 22:00:00,0.02108000,0.02141000,0.02102000,0.02140000,817006.90000000,TUSDT
2023-01-19 23:00:00,0.02140000,0.02164000,0.02128000,0.02148000,2937355.90000000,TUSDT
2023-01-20 00:00:00,0.02148000,0.02280000,0.02140000,0.02268000,12184152.50000000,TUSDT
2023-01-20 01:00:00,0.02268000,0.02310000,0.02170000,0.02200000,8551561.40000000,TUSDT
2023-01-20 02:00:00,0.02200000,0.02244000,0.02194000,0.02217000,2843824.60000000,TUSDT
2023-01-20 03:00:00,0.02216000,0.02342000,0.02211000,0.02285000,12446515.40000000,TUSDT
2023-01-20 04:00:00,0.02284000,0.02290000,0.02212000,0.02217000,1909367.70000000,TUSDT
2023-01-20 05:00:00,0.02222000,0.02232000,0.02203000,0.02216000,1667521.60000000,TUSDT
2023-01-20 06:00:00,0.02216000,0.02216000,0.02191000,0.02191000,1502003.60000000,TUSDT
2023-01-20 07:00:00,0.02190000,0.02218000,0.02180000,0.02205000,2761309.80000000,TUSDT
2023-01-20 08:00:00,0.02207000,0.02213000,0.02181000,0.02189000,891501.40000000,TUSDT
2023-01-20 09:00:00,0.02181000,0.02196000,0.02174000,0.02189000,586243.00000000,TUSDT
2023-01-20 10:00:00,0.02188000,0.02232000,0.02180000,0.02197000,1836104.20000000,TUSDT
2023-01-20 11:00:00,0.02200000,0.02219000,0.02189000,0.02207000,929458.40000000,TUSDT
2023-01-20 12:00:00,0.02207000,0.02221000,0.02202000,0.02219000,1391611.80000000,TUSDT
2023-01-20 13:00:00,0.02219000,0.02219000,0.02204000,0.02212000,280478.50000000,TUSDT
2023-01-20 14:00:00,0.02202000,0.02210000,0.02185000,0.02197000,1447864.90000000,TUSDT
2023-01-20 15:00:00,0.02199000,0.02235000,0.02197000,0.02220000,2091055.30000000,TUSDT
2023-01-20 16:00:00,0.02222000,0.02233000,0.02216000,0.02220000,1039281.90000000,TUSDT
2023-01-20 17:00:00,0.02220000,0.02244000,0.02213000,0.02237000,1182255.00000000,TUSDT
2023-01-20 18:00:00,0.02237000,0.02249000,0.02230000,0.02237000,322541.50000000,TUSDT
2023-01-20 19:00:00,0.02237000,0.02240000,0.02231000,0.02239000,680951.80000000,TUSDT
2023-01-20 20:00:00,0.02239000,0.02279000,0.02237000,0.02268000,1416310.40000000,TUSDT
2023-01-20 21:00:00,0.02270000,0.02300000,0.02261000,0.02298000,2448732.30000000,TUSDT
2023-01-20 22:00:00,0.02299000,0.02325000,0.02295000,0.02315000,2108133.70000000,TUSDT
2023-01-20 23:00:00,0.02319000,0.02329000,0.02303000,0.02315000,1169997.80000000,TUSDT
2023-01-21 00:00:00,0.02317000,0.02730000,0.02315000,0.02423000,41803075.70000000,TUSDT
2023-01-21 01:00:00,0.02431000,0.02454000,0.02402000,0.02429000,2609161.20000000,TUSDT
2023-01-21 02:00:00,0.02420000,0.02425000,0.02370000,0.02379000,1288328.00000000,TUSDT
2023-01-21 03:00:00,0.02383000,0.02406000,0.02368000,0.02399000,1094007.00000000,TUSDT
2023-01-21 04:00:00,0.02398000,0.02413000,0.02395000,0.02398000,1866631.30000000,TUSDT
2023-01-21 05:00:00,0.02398000,0.02410000,0.02394000,0.02402000,1788154.60000000,TUSDT
2023-01-21 06:00:00,0.02398000,0.02415000,0.02392000,0.02400000,915238.60000000,TUSDT
2023-01-21 07:00:00,0.02400000,0.02429000,0.02400000,0.02418000,2264419.40000000,TUSDT
2023-01-21 08:00:00,0.02413000,0.02422000,0.02400000,0.02422000,1429858.40000000,TUSDT
2023-01-21 09:00:00,0.02420000,0.02422000,0.02399000,0.02402000,1384027.50000000,TUSDT
2023-01-21 10:00:00,0.02402000,0.02417000,0.02367000,0.02370000,2645977.80000000,TUSDT
2023-01-21 11:00:00,0.02376000,0.02414000,0.02370000,0.02397000,1356318.60000000,TUSDT
2023-01-21 12:00:00,0.02403000,0.02417000,0.02396000,0.02411000,470637.80000000,TUSDT
2023-01-21 13:00:00,0.02411000,0.02442000,0.02387000,0.02410000,3475175.50000000,TUSDT
2023-01-21 14:00:00,0.02417000,0.02445000,0.02394000,0.02397000,1919103.60000000,TUSDT
2023-01-21 15:00:00,0.02401000,0.02430000,0.02398000,0.02416000,632418.30000000,TUSDT
2023-01-21 16:00:00,0.02407000,0.02410000,0.02390000,0.02393000,478462.70000000,TUSDT
2023-01-21 17:00:00,0.02393000,0.02420000,0.02387000,0.02406000,2043317.20000000,TUSDT
2023-01-21 18:00:00,0.02406000,0.02423000,0.02406000,0.02419000,530928.00000000,TUSDT
2023-01-21 19:00:00,0.02419000,0.02419000,0.02401000,0.02413000,907603.60000000,TUSDT
2023-01-21 20:00:00,0.02407000,0.02416000,0.02405000,0.02409000,288190.40000000,TUSDT
2023-01-21 21:00:00,0.02405000,0.02426000,0.02404000,0.02426000,1278412.40000000,TUSDT
2023-01-21 22:00:00,0.02422000,0.02430000,0.02389000,0.02389000,1629486.10000000,TUSDT
2023-01-21 23:00:00,0.02386000,0.02397000,0.02318000,0.02323000,5851112.80000000,TUSDT
2023-01-22 00:00:00,0.02320000,0.02350000,0.02287000,0.02348000,4186736.60000000,TUSDT
2023-01-22 01:00:00,0.02342000,0.02345000,0.02315000,0.02315000,1072181.60000000,TUSDT
2023-01-22 02:00:00,0.02315000,0.02326000,0.02294000,0.02307000,2009067.80000000,TUSDT
2023-01-22 03:00:00,0.02306000,0.02313000,0.02300000,0.02304000,193845.00000000,TUSDT
2023-01-22 04:00:00,0.02307000,0.02323000,0.02305000,0.02320000,481580.80000000,TUSDT
2023-01-22 05:00:00,0.02323000,0.02338000,0.02303000,0.02335000,1896311.70000000,TUSDT
2023-01-22 06:00:00,0.02335000,0.02365000,0.02324000,0.02364000,1434091.80000000,TUSDT
2023-01-22 07:00:00,0.02361000,0.02387000,0.02338000,0.02356000,1379957.50000000,TUSDT
2023-01-22 08:00:00,0.02355000,0.02473000,0.02355000,0.02411000,8619363.30000000,TUSDT
2023-01-22 09:00:00,0.02416000,0.02426000,0.02378000,0.02396000,1706849.90000000,TUSDT
2023-01-22 10:00:00,0.02389000,0.02447000,0.02389000,0.02420000,848709.20000000,TUSDT
2023-01-22 11:00:00,0.02415000,0.02423000,0.02390000,0.02396000,686086.70000000,TUSDT
2023-01-22 12:00:00,0.02396000,0.02396000,0.02345000,0.02388000,7272744.10000000,TUSDT
2023-01-22 13:00:00,0.02388000,0.02401000,0.02382000,0.02382000,704114.40000000,TUSDT
2023-01-22 14:00:00,0.02390000,0.02416000,0.02381000,0.02409000,414209.20000000,TUSDT
2023-01-22 15:00:00,0.02416000,0.02432000,0.02364000,0.02390000,2751885.70000000,TUSDT
2023-01-22 16:00:00,0.02393000,0.02417000,0.02378000,0.02406000,694702.80000000,TUSDT
2023-01-22 17:00:00,0.02406000,0.02419000,0.02403000,0.02408000,537102.30000000,TUSDT
2023-01-22 18:00:00,0.02413000,0.02414000,0.02401000,0.02402000,320490.30000000,TUSDT
2023-01-22 19:00:00,0.02402000,0.02409000,0.02399000,0.02399000,241740.60000000,TUSDT
2023-01-22 20:00:00,0.02400000,0.02400000,0.02313000,0.02322000,2964672.10000000,TUSDT
2023-01-22 21:00:00,0.02322000,0.02352000,0.02296000,0.02352000,4551781.40000000,TUSDT
2023-01-22 22:00:00,0.02341000,0.02355000,0.02331000,0.02355000,1261659.10000000,TUSDT
2023-01-22 23:00:00,0.02357000,0.02381000,0.02351000,0.02372000,825103.40000000,TUSDT
2023-01-23 00:00:00,0.02366000,0.02374000,0.02351000,0.02361000,1491694.50000000,TUSDT
2023-01-23 01:00:00,0.02361000,0.02403000,0.02355000,0.02383000,1502556.30000000,TUSDT
2023-01-23 02:00:00,0.02380000,0.02429000,0.02374000,0.02423000,1615015.70000000,TUSDT
2023-01-23 03:00:00,0.02423000,0.02446000,0.02412000,0.02413000,2238051.90000000,TUSDT
2023-01-23 04:00:00,0.02421000,0.02426000,0.02402000,0.02412000,311615.30000000,TUSDT
2023-01-23 05:00:00,0.02417000,0.02420000,0.02399000,0.02399000,906091.90000000,TUSDT
2023-01-23 06:00:00,0.02405000,0.02409000,0.02396000,0.02409000,189096.70000000,TUSDT
2023-01-23 07:00:00,0.02407000,0.02409000,0.02395000,0.02403000,413678.70000000,TUSDT
2023-01-23 08:00:00,0.02402000,0.02402000,0.02374000,0.02391000,659391.20000000,TUSDT
2023-01-23 09:00:00,0.02383000,0.02398000,0.02382000,0.02398000,379603.30000000,TUSDT
2023-01-23 10:00:00,0.02398000,0.02430000,0.02398000,0.02421000,848045.60000000,TUSDT
2023-01-23 11:00:00,0.02414000,0.02422000,0.02404000,0.02422000,728755.20000000,TUSDT
2023-01-23 12:00:00,0.02419000,0.02469000,0.02419000,0.02434000,2553643.50000000,TUSDT
2023-01-23 13:00:00,0.02428000,0.02444000,0.02395000,0.02411000,1961318.70000000,TUSDT
2023-01-23 14:00:00,0.02417000,0.02449000,0.02397000,0.02403000,889791.90000000,TUSDT
2023-01-23 15:00:00,0.02403000,0.02432000,0.02388000,0.02422000,2065546.90000000,TUSDT
2023-01-23 16:00:00,0.02423000,0.02438000,0.02413000,0.02414000,1426962.50000000,TUSDT
2023-01-23 17:00:00,0.02413000,0.03550000,0.02413000,0.02896000,270227731.00000000,TUSDT
2023-01-23 18:00:00,0.02899000,0.02980000,0.02743000,0.02839000,58660045.00000000,TUSDT
2023-01-23 19:00:00,0.02847000,0.03631000,0.02786000,0.03106000,180882029.00000000,TUSDT
2023-01-23 20:00:00,0.03106000,0.03200000,0.02921000,0.03094000,61930996.90000000,TUSDT
2023-01-23 21:00:00,0.03099000,0.03375000,0.03071000,0.03239000,64729090.40000000,TUSDT
2023-01-23 22:00:00,0.03231000,0.03567000,0.03181000,0.03528000,44376357.90000000,TUSDT
2023-01-23 23:00:00,0.03536000,0.04491000,0.03470000,0.04241000,223823678.60000000,TUSDT
2023-01-24 00:00:00,0.04239000,0.05080000,0.04134000,0.04960000,242646709.10000000,TUSDT
2023-01-24 01:00:00,0.04960000,0.05170000,0.04348000,0.04787000,211919468.60000000,TUSDT
2023-01-24 02:00:00,0.04800000,0.04851000,0.04509000,0.04737000,103922426.80000000,TUSDT
2023-01-24 03:00:00,0.04730000,0.04778000,0.04541000,0.04580000,47599137.30000000,TUSDT
2023-01-24 04:00:00,0.04592000,0.04613000,0.04400000,0.04487000,26887110.00000000,TUSDT
2023-01-24 05:00:00,0.04483000,0.04747000,0.04365000,0.04687000,26307908.00000000,TUSDT
2023-01-24 06:00:00,0.04692000,0.04720000,0.04450000,0.04493000,23096879.70000000,TUSDT
2023-01-24 07:00:00,0.04495000,0.04520000,0.04357000,0.04480000,16880566.60000000,TUSDT
2023-01-24 08:00:00,0.04482000,0.04499000,0.04361000,0.04415000,31092542.40000000,TUSDT
2023-01-24 09:00:00,0.04408000,0.04680000,0.04393000,0.04469000,40161471.50000000,TUSDT
2023-01-24 10:00:00,0.04471000,0.04680000,0.04426000,0.04605000,26033680.30000000,TUSDT
2023-01-24 11:00:00,0.04605000,0.06136000,0.04595000,0.05962000,293684683.50000000,TUSDT
2023-01-24 12:00:00,0.05962000,0.06365000,0.05591000,0.05921000,227574663.80000000,TUSDT
2023-01-24 13:00:00,0.05921000,0.05986000,0.05394000,0.05527000,90846636.00000000,TUSDT
2023-01-24 14:00:00,0.05540000,0.05650000,0.05365000,0.05502000,46169843.20000000,TUSDT
2023-01-24 15:00:00,0.05501000,0.05520000,0.05251000,0.05256000,40716498.40000000,TUSDT
2023-01-24 16:00:00,0.05252000,0.05900000,0.04926000,0.05562000,93629594.40000000,TUSDT
2023-01-24 17:00:00,0.05562000,0.05576000,0.05065000,0.05113000,63411274.20000000,TUSDT
2023-01-24 18:00:00,0.05110000,0.05288000,0.05000000,0.05116000,30217499.80000000,TUSDT
2023-01-24 19:00:00,0.05116000,0.05400000,0.05110000,0.05238000,42131005.10000000,TUSDT
2023-01-24 20:00:00,0.05239000,0.05871000,0.05239000,0.05665000,83475336.90000000,TUSDT
2023-01-24 21:00:00,0.05673000,0.05869000,0.05189000,0.05306000,57815274.10000000,TUSDT
2023-01-24 22:00:00,0.05307000,0.05660000,0.05201000,0.05406000,45150032.10000000,TUSDT
2023-01-24 23:00:00,0.05406000,0.05559000,0.04807000,0.05008000,61015521.90000000,TUSDT
2023-01-25 00:00:00,0.04998000,0.05434000,0.04883000,0.05305000,65987700.60000000,TUSDT
2023-01-25 01:00:00,0.05305000,0.05311000,0.04972000,0.05136000,16376542.50000000,TUSDT
2023-01-25 02:00:00,0.05127000,0.05162000,0.04698000,0.04728000,19641527.60000000,TUSDT
2023-01-25 03:00:00,0.04727000,0.05010000,0.04698000,0.04936000,18942648.70000000,TUSDT
2023-01-25 04:00:00,0.04935000,0.05181000,0.04830000,0.05066000,19213367.40000000,TUSDT
2023-01-25 05:00:00,0.05059000,0.05082000,0.04775000,0.04812000,11914514.00000000,TUSDT
2023-01-25 06:00:00,0.04811000,0.04999000,0.04770000,0.04944000,10365892.90000000,TUSDT
2023-01-25 07:00:00,0.04944000,0.05176000,0.04850000,0.05084000,19723074.50000000,TUSDT
2023-01-25 08:00:00,0.05084000,0.05178000,0.04970000,0.05141000,15146508.00000000,TUSDT
2023-01-25 09:00:00,0.05141000,0.05580000,0.05130000,0.05275000,98254225.40000000,TUSDT
2023-01-25 10:00:00,0.05285000,0.05347000,0.05094000,0.05210000,42335846.80000000,TUSDT
2023-01-25 11:00:00,0.05209000,0.05259000,0.04900000,0.04935000,26528062.00000000,TUSDT
2023-01-25 12:00:00,0.04929000,0.05105000,0.04752000,0.05008000,32016422.20000000,TUSDT
2023-01-25 13:00:00,0.05022000,0.05067000,0.04860000,0.04916000,22169608.80000000,TUSDT
2023-01-25 14:00:00,0.04916000,0.04959000,0.04810000,0.04836000,9300617.40000000,TUSDT
2023-01-25 15:00:00,0.04842000,0.04920000,0.04802000,0.04901000,6226287.00000000,TUSDT
2023-01-25 16:00:00,0.04902000,0.04921000,0.04815000,0.04878000,10309569.90000000,TUSDT
2023-01-25 17:00:00,0.04874000,0.05178000,0.04856000,0.04872000,22267965.00000000,TUSDT
2023-01-25 18:00:00,0.04873000,0.04920000,0.04857000,0.04918000,4722116.00000000,TUSDT
2023-01-25 19:00:00,0.04910000,0.04949000,0.04838000,0.04941000,6647119.10000000,TUSDT
2023-01-25 20:00:00,0.04948000,0.04950000,0.04825000,0.04869000,7408085.30000000,TUSDT
2023-01-25 21:00:00,0.04872000,0.05116000,0.04794000,0.05014000,20609721.40000000,TUSDT
2023-01-25 22:00:00,0.05014000,0.05275000,0.04907000,0.05148000,21237787.60000000,TUSDT
2023-01-25 23:00:00,0.05157000,0.05189000,0.05028000,0.05142000,13042612.40000000,TUSDT
2023-01-26 00:00:00,0.05141000,0.05170000,0.04973000,0.05046000,16141897.20000000,TUSDT
2023-01-26 01:00:00,0.05049000,0.05064000,0.04950000,0.04972000,7096026.10000000,TUSDT
2023-01-26 02:00:00,0.04973000,0.05056000,0.04957000,0.05020000,3326672.10000000,TUSDT
2023-01-26 03:00:00,0.05027000,0.05497000,0.04990000,0.05480000,22410009.10000000,TUSDT
2023-01-26 04:00:00,0.05485000,0.06500000,0.05418000,0.06368000,109137568.90000000,TUSDT
2023-01-26 05:00:00,0.06368000,0.06427000,0.05652000,0.05738000,72322591.80000000,TUSDT
2023-01-26 06:00:00,0.05737000,0.05776000,0.05458000,0.05655000,29258667.70000000,TUSDT
2023-01-26 07:00:00,0.05654000,0.05770000,0.05550000,0.05583000,15669171.90000000,TUSDT
2023-01-26 08:00:00,0.05582000,0.05875000,0.05582000,0.05746000,19817889.10000000,TUSDT
2023-01-26 09:00:00,0.05747000,0.05764000,0.05624000,0.05720000,7379869.20000000,TUSDT
2023-01-26 10:00:00,0.05719000,0.05761000,0.05401000,0.05523000,18963037.60000000,TUSDT
2023-01-26 11:00:00,0.05523000,0.05870000,0.05340000,0.05704000,20012730.70000000,TUSDT
2023-01-26 12:00:00,0.05712000,0.05960000,0.05567000,0.05609000,32453164.20000000,TUSDT
2023-01-26 13:00:00,0.05609000,0.05625000,0.05491000,0.05548000,10401463.10000000,TUSDT
2023-01-26 14:00:00,0.05562000,0.05640000,0.05508000,0.05536000,10591760.00000000,TUSDT
2023-01-26 15:00:00,0.05531000,0.05569000,0.05350000,0.05376000,13175067.50000000,TUSDT
2023-01-26 16:00:00,0.05376000,0.05423000,0.05200000,0.05298000,12231146.00000000,TUSDT
2023-01-26 17:00:00,0.05298000,0.05347000,0.05225000,0.05267000,9140582.60000000,TUSDT
2023-01-26 18:00:00,0.05273000,0.05361000,0.05255000,0.05301000,7824528.80000000,TUSDT
2023-01-26 19:00:00,0.05302000,0.05459000,0.05281000,0.05448000,7845787.70000000,TUSDT
2023-01-26 20:00:00,0.05447000,0.05456000,0.05343000,0.05375000,6314308.90000000,TUSDT
2023-01-26 21:00:00,0.05370000,0.05425000,0.05343000,0.05400000,3723393.50000000,TUSDT
2023-01-26 22:00:00,0.05403000,0.05525000,0.05396000,0.05437000,7427270.60000000,TUSDT
2023-01-26 23:00:00,0.05442000,0.05612000,0.05387000,0.05396000,14320662.60000000,TUSDT
2023-01-27 00:00:00,0.05400000,0.05732000,0.05252000,0.05447000,34558758.20000000,TUSDT
2023-01-27 01:00:00,0.05444000,0.05733000,0.05438000,0.05601000,34854949.50000000,TUSDT
2023-01-27 02:00:00,0.05591000,0.05601000,0.05387000,0.05511000,11735831.90000000,TUSDT
2023-01-27 03:00:00,0.05511000,0.05542000,0.05378000,0.05420000,8942921.20000000,TUSDT
2023-01-27 04:00:00,0.05418000,0.05511000,0.05385000,0.05503000,6129967.40000000,TUSDT
2023-01-27 05:00:00,0.05503000,0.05649000,0.05420000,0.05497000,15640609.20000000,TUSDT
2023-01-27 06:00:00,0.05497000,0.05566000,0.05466000,0.05527000,10470543.10000000,TUSDT
2023-01-27 07:00:00,0.05529000,0.05710000,0.05430000,0.05482000,11072683.90000000,TUSDT
2023-01-27 08:00:00,0.05482000,0.05502000,0.05315000,0.05353000,16327986.40000000,TUSDT
2023-01-27 09:00:00,0.05353000,0.05360000,0.04880000,0.04972000,54080123.60000000,TUSDT
2023-01-27 10:00:00,0.04968000,0.05023000,0.04750000,0.04897000,30435024.80000000,TUSDT
2023-01-27 11:00:00,0.04898000,0.04938000,0.04673000,0.04717000,19194024.70000000,TUSDT
2023-01-27 12:00:00,0.04715000,0.04815000,0.04710000,0.04785000,9339013.30000000,TUSDT
2023-01-27 13:00:00,0.04785000,0.04938000,0.04730000,0.04821000,11897886.40000000,TUSDT
2023-01-27 14:00:00,0.04821000,0.04912000,0.04781000,0.04859000,7510184.20000000,TUSDT
2023-01-27 15:00:00,0.04853000,0.04875000,0.04750000,0.04788000,9819038.40000000,TUSDT
2023-01-27 16:00:00,0.04783000,0.04836000,0.04778000,0.04830000,5823255.40000000,TUSDT
2023-01-27 17:00:00,0.04830000,0.04891000,0.04819000,0.04878000,7390172.80000000,TUSDT
2023-01-27 18:00:00,0.04878000,0.04886000,0.04840000,0.04865000,4420786.90000000,TUSDT
2023-01-27 19:00:00,0.04865000,0.04949000,0.04860000,0.04949000,4888931.20000000,TUSDT
2023-01-27 20:00:00,0.04949000,0.04983000,0.04832000,0.04860000,13146375.30000000,TUSDT
2023-01-27 21:00:00,0.04861000,0.04930000,0.04855000,0.04889000,3298670.70000000,TUSDT
2023-01-27 22:00:00,0.04883000,0.04889000,0.04825000,0.04838000,2644948.90000000,TUSDT
2023-01-27 23:00:00,0.04838000,0.04897000,0.04814000,0.04897000,3401823.60000000,TUSDT
2023-01-28 00:00:00,0.04896000,0.04900000,0.04701000,0.04793000,15706809.60000000,TUSDT
2023-01-28 01:00:00,0.04781000,0.04801000,0.04712000,0.04727000,6626798.50000000,TUSDT
2023-01-28 02:00:00,0.04728000,0.04785000,0.04720000,0.04769000,3552688.80000000,TUSDT
2023-01-28 03:00:00,0.04764000,0.04953000,0.04762000,0.04795000,17189521.40000000,TUSDT
2023-01-28 04:00:00,0.04790000,0.04918000,0.04758000,0.04808000,8400993.50000000,TUSDT
2023-01-28 05:00:00,0.04803000,0.04820000,0.04762000,0.04768000,3936168.20000000,TUSDT
2023-01-28 06:00:00,0.04780000,0.04810000,0.04751000,0.04785000,5012415.20000000,TUSDT
2023-01-28 07:00:00,0.04785000,0.04793000,0.04713000,0.04750000,6345800.50000000,TUSDT
2023-01-28 08:00:00,0.04752000,0.04754000,0.04705000,0.04734000,3213239.60000000,TUSDT
2023-01-28 09:00:00,0.04726000,0.04749000,0.04712000,0.04749000,4131456.30000000,TUSDT
2023-01-28 10:00:00,0.04747000,0.04783000,0.04722000,0.04724000,4482226.60000000,TUSDT
2023-01-28 11:00:00,0.04723000,0.04744000,0.04714000,0.04718000,2441809.20000000,TUSDT
2023-01-28 12:00:00,0.04727000,0.04771000,0.04689000,0.04702000,6078992.50000000,TUSDT
2023-01-28 13:00:00,0.04700000,0.04710000,0.04580000,0.04655000,11027555.60000000,TUSDT
2023-01-28 14:00:00,0.04657000,0.04658000,0.04589000,0.04592000,2652867.60000000,TUSDT
2023-01-28 15:00:00,0.04592000,0.04650000,0.04575000,0.04638000,3801326.10000000,TUSDT
2023-01-28 16:00:00,0.04643000,0.04655000,0.04620000,0.04641000,2492651.10000000,TUSDT
2023-01-28 17:00:00,0.04641000,0.04648000,0.04600000,0.04614000,1815406.60000000,TUSDT
2023-01-28 18:00:00,0.04614000,0.04640000,0.04610000,0.04633000,1953296.40000000,TUSDT
2023-01-28 19:00:00,0.04627000,0.04636000,0.04605000,0.04617000,1346785.70000000,TUSDT
2023-01-28 20:00:00,0.04622000,0.04627000,0.04602000,0.04610000,1366163.40000000,TUSDT
2023-01-28 21:00:00,0.04608000,0.04631000,0.04602000,0.04626000,1030197.90000000,TUSDT
2023-01-28 22:00:00,0.04629000,0.04636000,0.04611000,0.04620000,1465641.20000000,TUSDT
2023-01-28 23:00:00,0.04620000,0.04678000,0.04608000,0.04654000,1877064.80000000,TUSDT
2023-01-29 00:00:00,0.04654000,0.04654000,0.04500000,0.04517000,8322246.90000000,TUSDT
2023-01-29 01:00:00,0.04520000,0.04568000,0.04511000,0.04528000,2890492.00000000,TUSDT
2023-01-29 02:00:00,0.04528000,0.04548000,0.04500000,0.04513000,2254047.90000000,TUSDT
2023-01-29 03:00:00,0.04520000,0.04523000,0.04497000,0.04507000,1567295.00000000,TUSDT
2023-01-29 04:00:00,0.04508000,0.04514000,0.04495000,0.04502000,1653765.20000000,TUSDT
2023-01-29 05:00:00,0.04503000,0.04544000,0.04502000,0.04523000,3687949.00000000,TUSDT
2023-01-29 06:00:00,0.04520000,0.04532000,0.04504000,0.04513000,1204050.50000000,TUSDT
2023-01-29 07:00:00,0.04521000,0.04527000,0.04505000,0.04508000,2194381.90000000,TUSDT
2023-01-29 08:00:00,0.04508000,0.04573000,0.04500000,0.04511000,2301979.30000000,TUSDT
2023-01-29 09:00:00,0.04517000,0.04641000,0.04501000,0.04547000,3498189.40000000,TUSDT
2023-01-29 10:00:00,0.04546000,0.04579000,0.04537000,0.04568000,3566899.90000000,TUSDT
2023-01-29 11:00:00,0.04569000,0.04576000,0.04520000,0.04534000,2429386.00000000,TUSDT
2023-01-29 12:00:00,0.04534000,0.04562000,0.04490000,0.04515000,6268796.60000000,TUSDT
2023-01-29 13:00:00,0.04515000,0.04535000,0.04495000,0.04498000,3002781.60000000,TUSDT
2023-01-29 14:00:00,0.04502000,0.04522000,0.04475000,0.04518000,4027216.10000000,TUSDT
2023-01-29 15:00:00,0.04518000,0.04544000,0.04512000,0.04541000,2503353.40000000,TUSDT
2023-01-29 16:00:00,0.04547000,0.04650000,0.04536000,0.04587000,15692683.00000000,TUSDT
2023-01-29 17:00:00,0.04585000,0.04591000,0.04522000,0.04574000,4324898.30000000,TUSDT
2023-01-29 18:00:00,0.04575000,0.04591000,0.04562000,0.04571000,3459434.00000000,TUSDT
2023-01-29 19:00:00,0.04574000,0.04623000,0.04573000,0.04604000,4336983.20000000,TUSDT
2023-01-29 20:00:00,0.04601000,0.04616000,0.04575000,0.04584000,2228601.00000000,TUSDT
2023-01-29 21:00:00,0.04584000,0.04585000,0.04561000,0.04562000,1570234.40000000,TUSDT
2023-01-29 22:00:00,0.04563000,0.04642000,0.04561000,0.04606000,2268966.20000000,TUSDT
2023-01-29 23:00:00,0.04602000,0.04725000,0.04597000,0.04714000,8965399.90000000,TUSDT
2023-01-30 00:00:00,0.04716000,0.04724000,0.04568000,0.04575000,8540056.70000000,TUSDT
2023-01-30 01:00:00,0.04581000,0.04585000,0.04531000,0.04562000,3423874.10000000,TUSDT
2023-01-30 02:00:00,0.04561000,0.04565000,0.04511000,0.04531000,1719150.70000000,TUSDT
2023-01-30 03:00:00,0.04529000,0.04560000,0.04522000,0.04549000,1610922.00000000,TUSDT
2023-01-30 04:00:00,0.04548000,0.04565000,0.04537000,0.04538000,1167785.60000000,TUSDT
2023-01-30 05:00:00,0.04544000,0.04545000,0.04520000,0.04536000,521072.00000000,TUSDT
2023-01-30 06:00:00,0.04538000,0.04567000,0.04523000,0.04567000,2192531.10000000,TUSDT
2023-01-30 07:00:00,0.04560000,0.04573000,0.04523000,0.04523000,1138781.30000000,TUSDT
2023-01-30 08:00:00,0.04527000,0.04528000,0.04452000,0.04475000,7512058.60000000,TUSDT
2023-01-30 09:00:00,0.04470000,0.04472000,0.04210000,0.04276000,18534195.10000000,TUSDT
2023-01-30 10:00:00,0.04277000,0.04327000,0.04259000,0.04302000,6734538.50000000,TUSDT
2023-01-30 11:00:00,0.04303000,0.04313000,0.04267000,0.04285000,3284891.30000000,TUSDT
2023-01-30 12:00:00,0.04275000,0.04330000,0.04268000,0.04274000,2983181.60000000,TUSDT
2023-01-30 13:00:00,0.04280000,0.04308000,0.04270000,0.04281000,1721107.10000000,TUSDT
2023-01-30 14:00:00,0.04281000,0.04330000,0.04251000,0.04324000,6684956.70000000,TUSDT
2023-01-30 15:00:00,0.04327000,0.04337000,0.04272000,0.04290000,3274465.80000000,TUSDT
2023-01-30 16:00:00,0.04293000,0.04318000,0.04285000,0.04290000,2755580.50000000,TUSDT
2023-01-30 17:00:00,0.04292000,0.04311000,0.04287000,0.04291000,2377314.90000000,TUSDT
2023-01-30 18:00:00,0.04291000,0.04293000,0.04250000,0.04255000,1950983.10000000,TUSDT
2023-01-30 19:00:00,0.04261000,0.04268000,0.04144000,0.04203000,12152204.40000000,TUSDT
2023-01-30 20:00:00,0.04198000,0.04198000,0.04124000,0.04144000,4525655.20000000,TUSDT
2023-01-30 21:00:00,0.04152000,0.04183000,0.04141000,0.04162000,3666303.40000000,TUSDT
2023-01-30 22:00:00,0.04163000,0.04193000,0.04127000,0.04183000,2828349.80000000,TUSDT
2023-01-30 23:00:00,0.04184000,0.04255000,0.04178000,0.04255000,3308834.40000000,TUSDT
2023-01-31 00:00:00,0.04255000,0.04255000,0.04110000,0.04152000,4744816.10000000,TUSDT
2023-01-31 01:00:00,0.04160000,0.04169000,0.03968000,0.04078000,15245155.60000000,TUSDT
2023-01-31 02:00:00,0.04079000,0.04164000,0.04049000,0.04126000,5044142.20000000,TUSDT
2023-01-31 03:00:00,0.04129000,0.04132000,0.04057000,0.04070000,2761972.70000000,TUSDT
2023-01-31 04:00:00,0.04076000,0.04194000,0.04064000,0.04086000,3862863.70000000,TUSDT
2023-01-31 05:00:00,0.04086000,0.04094000,0.04013000,0.04018000,3524789.70000000,TUSDT
2023-01-31 06:00:00,0.04023000,0.04074000,0.04013000,0.04048000,3840088.20000000,TUSDT
2023-01-31 07:00:00,0.04052000,0.04138000,0.04050000,0.04129000,1744044.90000000,TUSDT
2023-01-31 08:00:00,0.04124000,0.05620000,0.04082000,0.04943000,156141619.00000000,TUSDT
2023-01-31 09:00:00,0.04932000,0.05069000,0.04701000,0.04870000,150312294.20000000,TUSDT
2023-01-31 10:00:00,0.04870000,0.05276000,0.04813000,0.04958000,109765305.20000000,TUSDT
2023-01-31 11:00:00,0.04959000,0.05399000,0.04921000,0.05270000,57798678.80000000,TUSDT
2023-01-31 12:00:00,0.05274000,0.05337000,0.04816000,0.04883000,64297564.00000000,TUSDT
2023-01-31 13:00:00,0.04880000,0.04936000,0.04781000,0.04791000,22427212.00000000,TUSDT
2023-01-31 14:00:00,0.04788000,0.04845000,0.04751000,0.04824000,21551197.00000000,TUSDT
2023-01-31 15:00:00,0.04824000,0.04973000,0.04759000,0.04765000,18444366.50000000,TUSDT
2023-01-31 16:00:00,0.04765000,0.04927000,0.04752000,0.04852000,26381072.60000000,TUSDT
2023-01-31 17:00:00,0.04850000,0.04939000,0.04834000,0.04854000,11521296.00000000,TUSDT
2023-01-31 18:00:00,0.04850000,0.04916000,0.04847000,0.04891000,6741696.90000000,TUSDT
2023-01-31 19:00:00,0.04900000,0.04923000,0.04812000,0.04859000,12438509.30000000,TUSDT
2023-01-31 20:00:00,0.04855000,0.04908000,0.04780000,0.04824000,7907466.80000000,TUSDT
2023-01-31 21:00:00,0.04828000,0.05006000,0.04821000,0.04951000,18463810.20000000,TUSDT
2023-01-31 22:00:00,0.04944000,0.04987000,0.04886000,0.04934000,7536664.30000000,TUSDT
2023-01-31 23:00:00,0.04940000,0.05026000,0.04915000,0.04972000,11766411.40000000,TUSDT
2023-02-01 00:00:00,0.04971000,0.05328000,0.04859000,0.05011000,89406927.50000000,TUSDT
2023-02-01 01:00:00,0.05010000,0.05183000,0.04990000,0.05120000,17089385.00000000,TUSDT
2023-02-01 02:00:00,0.05120000,0.05169000,0.05042000,0.05120000,9250859.60000000,TUSDT
2023-02-01 03:00:00,0.05123000,0.05259000,0.04956000,0.05021000,24887276.50000000,TUSDT
2023-02-01 04:00:00,0.05026000,0.05104000,0.05011000,0.05015000,6485138.20000000,TUSDT
2023-02-01 05:00:00,0.05013000,0.05050000,0.04901000,0.05005000,11045520.40000000,TUSDT
2023-02-01 06:00:00,0.05005000,0.05005000,0.04854000,0.04879000,6596219.40000000,TUSDT
2023-02-01 07:00:00,0.04871000,0.05032000,0.04859000,0.04975000,7231622.70000000,TUSDT
2023-02-01 08:00:00,0.04975000,0.05086000,0.04908000,0.04982000,20851171.10000000,TUSDT
2023-02-01 09:00:00,0.04982000,0.05023000,0.04875000,0.04903000,13989194.90000000,TUSDT
2023-02-01 10:00:00,0.04901000,0.04901000,0.04722000,0.04772000,15815269.90000000,TUSDT
2023-02-01 11:00:00,0.04772000,0.04828000,0.04720000,0.04786000,11772189.10000000,TUSDT
2023-02-01 12:00:00,0.04786000,0.04908000,0.04765000,0.04786000,13655785.40000000,TUSDT
2023-02-01 13:00:00,0.04785000,0.04859000,0.04727000,0.04774000,26039636.20000000,TUSDT
2023-02-01 14:00:00,0.04780000,0.04784000,0.04708000,0.04730000,8308546.30000000,TUSDT
2023-02-01 15:00:00,0.04730000,0.04737000,0.04500000,0.04556000,29121852.50000000,TUSDT
2023-02-01 16:00:00,0.04546000,0.04640000,0.04535000,0.04591000,11302808.50000000,TUSDT
2023-02-01 17:00:00,0.04587000,0.04613000,0.04563000,0.04576000,4617015.00000000,TUSDT
2023-02-01 18:00:00,0.04575000,0.04665000,0.04565000,0.04638000,11278913.60000000,TUSDT
2023-02-01 19:00:00,0.04634000,0.04871000,0.04580000,0.04782000,20329362.00000000,TUSDT
2023-02-01 20:00:00,0.04782000,0.05033000,0.04724000,0.04965000,28361629.40000000,TUSDT
2023-02-01 21:00:00,0.04971000,0.05029000,0.04896000,0.04980000,17520328.50000000,TUSDT
2023-02-01 22:00:00,0.04980000,0.05130000,0.04971000,0.05039000,22369348.10000000,TUSDT
2023-02-01 23:00:00,0.05039000,0.05130000,0.04984000,0.05084000,11289673.10000000,TUSDT
2023-02-02 00:00:00,0.05087000,0.05176000,0.04997000,0.05066000,16700368.10000000,TUSDT
2023-02-02 01:00:00,0.05066000,0.05078000,0.04976000,0.04985000,5644282.90000000,TUSDT
2023-02-02 02:00:00,0.04983000,0.05015000,0.04900000,0.04937000,8791418.80000000,TUSDT
2023-02-02 03:00:00,0.04942000,0.05019000,0.04926000,0.04945000,7357125.00000000,TUSDT
2023-02-02 04:00:00,0.04948000,0.04997000,0.04946000,0.04982000,4148155.70000000,TUSDT
2023-02-02 05:00:00,0.04984000,0.05133000,0.04961000,0.05027000,11604498.90000000,TUSDT
2023-02-02 06:00:00,0.05023000,0.05026000,0.04950000,0.04978000,8371907.50000000,TUSDT
2023-02-02 07:00:00,0.04980000,0.05000000,0.04960000,0.04971000,3798612.70000000,TUSDT
2023-02-02 08:00:00,0.04977000,0.05044000,0.04961000,0.04974000,6544488.30000000,TUSDT
2023-02-02 09:00:00,0.04977000,0.04997000,0.04948000,0.04968000,6220081.70000000,TUSDT
2023-02-02 10:00:00,0.04969000,0.04986000,0.04949000,0.04974000,5409858.50000000,TUSDT
2023-02-02 11:00:00,0.04973000,0.05167000,0.04960000,0.05036000,29243283.10000000,TUSDT
2023-02-02 12:00:00,0.05037000,0.05082000,0.04997000,0.05010000,13596012.90000000,TUSDT
2023-02-02 13:00:00,0.05010000,0.05027000,0.04961000,0.04989000,6520428.60000000,TUSDT
2023-02-02 14:00:00,0.04984000,0.05047000,0.04953000,0.04960000,10408823.20000000,TUSDT
2023-02-02 15:00:00,0.04960000,0.05019000,0.04909000,0.05005000,7378747.60000000,TUSDT
2023-02-02 16:00:00,0.05005000,0.05044000,0.04970000,0.05006000,4590229.40000000,TUSDT
2023-02-02 17:00:00,0.05002000,0.05019000,0.04984000,0.04994000,4333203.50000000,TUSDT
2023-02-02 18:00:00,0.04991000,0.05020000,0.04956000,0.05007000,16931104.10000000,TUSDT
2023-02-02 19:00:00,0.05005000,0.05011000,0.04928000,0.04956000,5125096.90000000,TUSDT
2023-02-02 20:00:00,0.04956000,0.04979000,0.04932000,0.04974000,2372246.00000000,TUSDT
2023-02-02 21:00:00,0.04974000,0.04982000,0.04827000,0.04885000,8061070.30000000,TUSDT
2023-02-02 22:00:00,0.04883000,0.04928000,0.04824000,0.04901000,3986503.10000000,TUSDT
2023-02-02 23:00:00,0.04902000,0.04913000,0.04739000,0.04753000,8246408.00000000,TUSDT
2023-02-03 00:00:00,0.04751000,0.04946000,0.04745000,0.04820000,23365777.00000000,TUSDT
2023-02-03 01:00:00,0.04820000,0.04931000,0.04793000,0.04819000,7006990.90000000,TUSDT
2023-02-03 02:00:00,0.04820000,0.04855000,0.04756000,0.04782000,3803924.00000000,TUSDT
2023-02-03 03:00:00,0.04784000,0.04800000,0.04750000,0.04785000,3008804.70000000,TUSDT
2023-02-03 04:00:00,0.04791000,0.04845000,0.04783000,0.04819000,1978173.40000000,TUSDT
2023-02-03 05:00:00,0.04818000,0.04820000,0.04790000,0.04794000,1274502.00000000,TUSDT
2023-02-03 06:00:00,0.04798000,0.04829000,0.04754000,0.04801000,4666978.20000000,TUSDT
2023-02-03 07:00:00,0.04797000,0.04797000,0.04755000,0.04777000,4490754.50000000,TUSDT
2023-02-03 08:00:00,0.04777000,0.04779000,0.04714000,0.04745000,3524071.00000000,TUSDT
2023-02-03 09:00:00,0.04742000,0.04820000,0.04730000,0.04772000,3545736.70000000,TUSDT
2023-02-03 10:00:00,0.04772000,0.04961000,0.04770000,0.04842000,13720680.30000000,TUSDT
2023-02-03 11:00:00,0.04842000,0.04893000,0.04800000,0.04854000,12988752.90000000,TUSDT
2023-02-03 12:00:00,0.04855000,0.05205000,0.04847000,0.04949000,78789243.90000000,TUSDT
2023-02-03 13:00:00,0.04953000,0.04953000,0.04800000,0.04821000,16950480.30000000,TUSDT
2023-02-03 14:00:00,0.04814000,0.04901000,0.04814000,0.04874000,8780601.70000000,TUSDT
2023-02-03 15:00:00,0.04870000,0.04907000,0.04839000,0.04884000,3809732.20000000,TUSDT
2023-02-03 16:00:00,0.04884000,0.04904000,0.04853000,0.04875000,4980916.60000000,TUSDT
2023-02-03 17:00:00,0.04874000,0.04874000,0.04848000,0.04861000,3526613.70000000,TUSDT
2023-02-03 18:00:00,0.04859000,0.04968000,0.04842000,0.04883000,7934062.80000000,TUSDT
2023-02-03 19:00:00,0.04883000,0.04885000,0.04847000,0.04880000,5109386.90000000,TUSDT
2023-02-03 20:00:00,0.04869000,0.04875000,0.04799000,0.04824000,10040941.40000000,TUSDT
2023-02-03 21:00:00,0.04826000,0.04836000,0.04800000,0.04812000,4489849.40000000,TUSDT
2023-02-03 22:00:00,0.04812000,0.04872000,0.04811000,0.04846000,4856014.50000000,TUSDT
2023-02-03 23:00:00,0.04842000,0.04894000,0.04842000,0.04868000,3218092.40000000,TUSDT
2023-02-04 00:00:00,0.04869000,0.04873000,0.04752000,0.04756000,13853944.40000000,TUSDT
2023-02-04 01:00:00,0.04756000,0.04834000,0.04750000,0.04772000,7171854.40000000,TUSDT
2023-02-04 02:00:00,0.04770000,0.04838000,0.04740000,0.04794000,11343734.70000000,TUSDT
2023-02-04 03:00:00,0.04798000,0.04807000,0.04753000,0.04765000,3538102.20000000,TUSDT
2023-02-04 04:00:00,0.04763000,0.04792000,0.04757000,0.04790000,2047105.30000000,TUSDT
2023-02-04 05:00:00,0.04785000,0.04795000,0.04740000,0.04761000,4767762.50000000,TUSDT
2023-02-04 06:00:00,0.04762000,0.04780000,0.04750000,0.04764000,3506942.90000000,TUSDT
2023-02-04 07:00:00,0.04763000,0.04800000,0.04753000,0.04781000,8212463.60000000,TUSDT
2023-02-04 08:00:00,0.04783000,0.04783000,0.04740000,0.04747000,5123702.90000000,TUSDT
2023-02-04 09:00:00,0.04745000,0.04777000,0.04743000,0.04769000,3462240.40000000,TUSDT
2023-02-04 10:00:00,0.04768000,0.04811000,0.04767000,0.04779000,4173080.90000000,TUSDT
2023-02-04 11:00:00,0.04784000,0.04815000,0.04777000,0.04795000,5003557.10000000,TUSDT
2023-02-04 12:00:00,0.04795000,0.04820000,0.04783000,0.04799000,5121434.20000000,TUSDT
2023-02-04 13:00:00,0.04803000,0.04832000,0.04800000,0.04815000,4585656.50000000,TUSDT
2023-02-04 14:00:00,0.04812000,0.04821000,0.04775000,0.04784000,3693917.40000000,TUSDT
2023-02-04 15:00:00,0.04784000,0.04790000,0.04763000,0.04779000,2486668.90000000,TUSDT
2023-02-04 16:00:00,0.04779000,0.04782000,0.04765000,0.04779000,3259483.60000000,TUSDT
2023-02-04 17:00:00,0.04780000,0.04783000,0.04752000,0.04761000,4075829.90000000,TUSDT
2023-02-04 18:00:00,0.04760000,0.04787000,0.04760000,0.04780000,2760330.80000000,TUSDT
2023-02-04 19:00:00,0.04779000,0.04808000,0.04779000,0.04803000,1974030.70000000,TUSDT
2023-02-04 20:00:00,0.04806000,0.04841000,0.04779000,0.04787000,8554971.80000000,TUSDT
2023-02-04 21:00:00,0.04787000,0.04814000,0.04772000,0.04805000,2726452.90000000,TUSDT
2023-02-04 22:00:00,0.04804000,0.04807000,0.04781000,0.04786000,2315418.70000000,TUSDT
2023-02-04 23:00:00,0.04786000,0.04813000,0.04759000,0.04766000,2322699.20000000,TUSDT
2023-02-05 00:00:00,0.04766000,0.04766000,0.04673000,0.04682000,6628879.60000000,TUSDT
2023-02-05 01:00:00,0.04686000,0.04729000,0.04681000,0.04693000,3992130.40000000,TUSDT
2023-02-05 02:00:00,0.04697000,0.04719000,0.04625000,0.04647000,5691437.20000000,TUSDT
2023-02-05 03:00:00,0.04646000,0.04658000,0.04632000,0.04654000,3235306.70000000,TUSDT
2023-02-05 04:00:00,0.04654000,0.04681000,0.04654000,0.04678000,2200264.80000000,TUSDT
2023-02-05 05:00:00,0.04675000,0.04691000,0.04668000,0.04690000,2324681.70000000,TUSDT
2023-02-05 06:00:00,0.04688000,0.04701000,0.04681000,0.04691000,2799515.30000000,TUSDT
2023-02-05 07:00:00,0.04689000,0.04693000,0.04669000,0.04670000,1428687.90000000,TUSDT
2023-02-05 08:00:00,0.04670000,0.04687000,0.04635000,0.04668000,3870742.40000000,TUSDT
2023-02-05 09:00:00,0.04666000,0.04675000,0.04607000,0.04643000,3998458.80000000,TUSDT
2023-02-05 10:00:00,0.04642000,0.04647000,0.04620000,0.04623000,3552751.00000000,TUSDT
2023-02-05 11:00:00,0.04625000,0.04638000,0.04555000,0.04583000,10806735.40000000,TUSDT
2023-02-05 12:00:00,0.04582000,0.04597000,0.04220000,0.04377000,17127538.20000000,TUSDT
2023-02-05 13:00:00,0.04380000,0.04476000,0.04317000,0.04399000,10747993.20000000,TUSDT
2023-02-05 14:00:00,0.04404000,0.04444000,0.04395000,0.04428000,5091175.10000000,TUSDT
2023-02-05 15:00:00,0.04421000,0.04458000,0.04344000,0.04393000,8699933.10000000,TUSDT
2023-02-05 16:00:00,0.04386000,0.04447000,0.04340000,0.04345000,4837967.50000000,TUSDT
2023-02-05 17:00:00,0.04353000,0.04368000,0.04265000,0.04290000,4292873.00000000,TUSDT
2023-02-05 18:00:00,0.04284000,0.04334000,0.04273000,0.04297000,1954309.70000000,TUSDT
2023-02-05 19:00:00,0.04291000,0.04386000,0.04274000,0.04379000,5986957.50000000,TUSDT
2023-02-05 20:00:00,0.04370000,0.04370000,0.04304000,0.04344000,3296791.00000000,TUSDT
2023-02-05 21:00:00,0.04341000,0.04412000,0.04330000,0.04410000,5678137.00000000,TUSDT
2023-02-05 22:00:00,0.04410000,0.04512000,0.04386000,0.04464000,5994484.60000000,TUSDT
2023-02-05 23:00:00,0.04463000,0.04469000,0.04420000,0.04437000,3623931.30000000,TUSDT
2023-02-06 00:00:00,0.04436000,0.04438000,0.04349000,0.04361000,4886680.80000000,TUSDT
2023-02-06 01:00:00,0.04357000,0.04404000,0.04328000,0.04334000,5256610.10000000,TUSDT
2023-02-06 02:00:00,0.04331000,0.04355000,0.04324000,0.04328000,2813694.00000000,TUSDT
2023-02-06 03:00:00,0.04324000,0.04381000,0.04309000,0.04342000,3193756.80000000,TUSDT
2023-02-06 04:00:00,0.04340000,0.04383000,0.04340000,0.04351000,4184285.30000000,TUSDT
2023-02-06 05:00:00,0.04351000,0.04351000,0.04200000,0.04293000,6526942.00000000,TUSDT
2023-02-06 06:00:00,0.04292000,0.04308000,0.04263000,0.04298000,1436652.90000000,TUSDT
2023-02-06 07:00:00,0.04297000,0.04343000,0.04286000,0.04328000,3482132.10000000,TUSDT
2023-02-06 08:00:00,0.04329000,0.04353000,0.04292000,0.04321000,2999018.60000000,TUSDT
2023-02-06 09:00:00,0.04323000,0.04358000,0.04314000,0.04344000,2645239.00000000,TUSDT
2023-02-06 10:00:00,0.04345000,0.04345000,0.04295000,0.04326000,1730273.90000000,TUSDT
2023-02-06 11:00:00,0.04328000,0.04338000,0.04273000,0.04312000,3389132.00000000,TUSDT
2023-02-06 12:00:00,0.04311000,0.04450000,0.04248000,0.04427000,13387741.70000000,TUSDT
2023-02-06 13:00:00,0.04426000,0.04476000,0.04334000,0.04346000,11270711.90000000,TUSDT
2023-02-06 14:00:00,0.04345000,0.04359000,0.04305000,0.04332000,3853504.50000000,TUSDT
2023-02-06 15:00:00,0.04337000,0.04383000,0.04290000,0.04378000,5189437.40000000,TUSDT
2023-02-06 16:00:00,0.04381000,0.04448000,0.04362000,0.04446000,7486307.50000000,TUSDT
2023-02-06 17:00:00,0.04445000,0.04530000,0.04401000,0.04504000,11137271.40000000,TUSDT
2023-02-06 18:00:00,0.04504000,0.04671000,0.04429000,0.04649000,31586775.80000000,TUSDT
2023-02-06 19:00:00,0.04652000,0.04672000,0.04551000,0.04569000,13539195.90000000,TUSDT
2023-02-06 20:00:00,0.04570000,0.04570000,0.04527000,0.04538000,4354075.00000000,TUSDT
2023-02-06 21:00:00,0.04538000,0.04539000,0.04432000,0.04440000,7699334.90000000,TUSDT
2023-02-06 22:00:00,0.04441000,0.04482000,0.04406000,0.04476000,4074654.80000000,TUSDT
2023-02-06 23:00:00,0.04475000,0.04501000,0.04381000,0.04488000,7015066.20000000,TUSDT
2023-02-07 00:00:00,0.04486000,0.04486000,0.04363000,0.04373000,13270507.10000000,TUSDT
2023-02-07 01:00:00,0.04370000,0.04422000,0.04350000,0.04381000,5369904.20000000,TUSDT
2023-02-07 02:00:00,0.04382000,0.04425000,0.04318000,0.04414000,6323050.00000000,TUSDT
2023-02-07 03:00:00,0.04414000,0.04440000,0.04387000,0.04406000,3324506.00000000,TUSDT
2023-02-07 04:00:00,0.04407000,0.04473000,0.04396000,0.04404000,3702382.80000000,TUSDT
2023-02-07 05:00:00,0.04407000,0.04426000,0.04378000,0.04382000,4269832.40000000,TUSDT
2023-02-07 06:00:00,0.04386000,0.04428000,0.04352000,0.04395000,9273465.10000000,TUSDT
2023-02-07 07:00:00,0.04398000,0.04423000,0.04377000,0.04398000,9114052.50000000,TUSDT
2023-02-07 08:00:00,0.04399000,0.04465000,0.04394000,0.04443000,7363695.30000000,TUSDT
2023-02-07 09:00:00,0.04443000,0.04479000,0.04437000,0.04437000,5482461.30000000,TUSDT
2023-02-07 10:00:00,0.04438000,0.04468000,0.04412000,0.04431000,4359664.10000000,TUSDT
2023-02-07 11:00:00,0.04432000,0.04507000,0.04421000,0.04483000,8617885.10000000,TUSDT
2023-02-07 12:00:00,0.04484000,0.04532000,0.04456000,0.04464000,4223865.30000000,TUSDT
2023-02-07 13:00:00,0.04467000,0.04470000,0.04367000,0.04402000,8745933.50000000,TUSDT
2023-02-07 14:00:00,0.04406000,0.04427000,0.04386000,0.04393000,3545040.70000000,TUSDT
2023-02-07 15:00:00,0.04398000,0.04406000,0.04331000,0.04346000,7623748.60000000,TUSDT
2023-02-07 16:00:00,0.04346000,0.04376000,0.04296000,0.04365000,9882626.30000000,TUSDT
2023-02-07 17:00:00,0.04365000,0.04455000,0.04339000,0.04450000,6929418.30000000,TUSDT
2023-02-07 18:00:00,0.04453000,0.04476000,0.04351000,0.04396000,5409872.50000000,TUSDT
2023-02-07 19:00:00,0.04395000,0.04450000,0.04393000,0.04442000,4009016.90000000,TUSDT
2023-02-07 20:00:00,0.04442000,0.04500000,0.04429000,0.04485000,3518466.40000000,TUSDT
2023-02-07 21:00:00,0.04485000,0.04508000,0.04460000,0.04484000,4058629.10000000,TUSDT
2023-02-07 22:00:00,0.04486000,0.04576000,0.04461000,0.04532000,14237669.50000000,TUSDT
2023-02-07 23:00:00,0.04532000,0.04600000,0.04520000,0.04560000,7972251.50000000,TUSDT
2023-02-08 00:00:00,0.04562000,0.04588000,0.04493000,0.04559000,9145204.00000000,TUSDT
2023-02-08 01:00:00,0.04559000,0.04590000,0.04515000,0.04515000,5287341.00000000,TUSDT
2023-02-08 02:00:00,0.04519000,0.04545000,0.04495000,0.04502000,3193892.20000000,TUSDT
2023-02-08 03:00:00,0.04501000,0.04520000,0.04489000,0.04509000,1582092.00000000,TUSDT
2023-02-08 04:00:00,0.04505000,0.04520000,0.04490000,0.04492000,1674952.50000000,TUSDT
2023-02-08 05:00:00,0.04493000,0.04496000,0.04449000,0.04477000,2673098.80000000,TUSDT
2023-02-08 06:00:00,0.04479000,0.04480000,0.04457000,0.04471000,3267711.40000000,TUSDT
2023-02-08 07:00:00,0.04472000,0.04508000,0.04461000,0.04472000,2284213.90000000,TUSDT
2023-02-08 08:00:00,0.04475000,0.04475000,0.04417000,0.04430000,5891974.10000000,TUSDT
2023-02-08 09:00:00,0.04430000,0.04450000,0.04422000,0.04434000,2720668.90000000,TUSDT
2023-02-08 10:00:00,0.04434000,0.04451000,0.04404000,0.04450000,1971515.50000000,TUSDT
2023-02-08 11:00:00,0.04452000,0.04475000,0.04450000,0.04461000,2822394.80000000,TUSDT
2023-02-08 12:00:00,0.04463000,0.04474000,0.04428000,0.04431000,2451733.30000000,TUSDT
2023-02-08 13:00:00,0.04432000,0.04460000,0.04428000,0.04448000,3646488.40000000,TUSDT
2023-02-08 14:00:00,0.04448000,0.04448000,0.04411000,0.04425000,3518900.60000000,TUSDT
2023-02-08 15:00:00,0.04425000,0.04425000,0.04367000,0.04396000,3219160.40000000,TUSDT
2023-02-08 16:00:00,0.04392000,0.04401000,0.04250000,0.04383000,11406423.70000000,TUSDT
2023-02-08 17:00:00,0.04383000,0.04396000,0.04332000,0.04391000,3696006.60000000,TUSDT
2023-02-08 18:00:00,0.04392000,0.04409000,0.04340000,0.04359000,1826533.00000000,TUSDT
2023-02-08 19:00:00,0.04362000,0.04393000,0.04351000,0.04366000,1450922.70000000,TUSDT
2023-02-08 20:00:00,0.04370000,0.04370000,0.04305000,0.04327000,5000657.00000000,TUSDT
2023-02-08 21:00:00,0.04324000,0.04358000,0.04314000,0.04353000,6523220.70000000,TUSDT
2023-02-08 22:00:00,0.04358000,0.04381000,0.04346000,0.04378000,1994422.80000000,TUSDT
2023-02-08 23:00:00,0.04375000,0.04413000,0.04356000,0.04408000,4758115.00000000,TUSDT
2023-02-09 00:00:00,0.04406000,0.04410000,0.04333000,0.04372000,2706757.60000000,TUSDT
2023-02-09 01:00:00,0.04377000,0.04387000,0.04000000,0.04174000,38396770.90000000,TUSDT
2023-02-09 02:00:00,0.04175000,0.04216000,0.04079000,0.04090000,16276671.40000000,TUSDT
2023-02-09 03:00:00,0.04089000,0.04095000,0.03865000,0.04038000,34557480.80000000,TUSDT
2023-02-09 04:00:00,0.04033000,0.04085000,0.03995000,0.04057000,4560534.50000000,TUSDT
2023-02-09 05:00:00,0.04058000,0.04102000,0.04056000,0.04097000,3276812.10000000,TUSDT
2023-02-09 06:00:00,0.04096000,0.04136000,0.04077000,0.04131000,3597743.30000000,TUSDT
2023-02-09 07:00:00,0.04130000,0.04139000,0.04109000,0.04115000,2883384.50000000,TUSDT
2023-02-09 08:00:00,0.04117000,0.04160000,0.04109000,0.04137000,2418639.20000000,TUSDT
2023-02-09 09:00:00,0.04132000,0.04146000,0.04094000,0.04125000,3698131.20000000,TUSDT
2023-02-09 10:00:00,0.04124000,0.04127000,0.04088000,0.04096000,2047713.60000000,TUSDT
2023-02-09 11:00:00,0.04098000,0.04135000,0.04083000,0.04103000,2693555.00000000,TUSDT
2023-02-09 12:00:00,0.04104000,0.04128000,0.04063000,0.04109000,3511411.00000000,TUSDT
2023-02-09 13:00:00,0.04104000,0.04136000,0.04090000,0.04126000,1966070.90000000,TUSDT
2023-02-09 14:00:00,0.04128000,0.04177000,0.04124000,0.04139000,4967525.60000000,TUSDT
2023-02-09 15:00:00,0.04139000,0.04149000,0.04085000,0.04113000,2438964.40000000,TUSDT
2023-02-09 16:00:00,0.04114000,0.04128000,0.04066000,0.04080000,3873369.80000000,TUSDT
2023-02-09 17:00:00,0.04079000,0.04111000,0.04058000,0.04085000,2163999.70000000,TUSDT
2023-02-09 18:00:00,0.04083000,0.04105000,0.04066000,0.04083000,2026916.50000000,TUSDT
2023-02-09 19:00:00,0.04086000,0.04091000,0.03862000,0.03923000,14917432.80000000,TUSDT
2023-02-09 20:00:00,0.03927000,0.03963000,0.03890000,0.03934000,2590176.50000000,TUSDT
2023-02-09 21:00:00,0.03934000,0.03946000,0.03801000,0.03840000,7013670.60000000,TUSDT
2023-02-09 22:00:00,0.03840000,0.03884000,0.03718000,0.03779000,9361477.20000000,TUSDT
2023-02-09 23:00:00,0.03774000,0.03844000,0.03760000,0.03814000,5831805.10000000,TUSDT
2023-02-10 00:00:00,0.03817000,0.03963000,0.03491000,0.03556000,46875669.10000000,TUSDT
2023-02-10 01:00:00,0.03557000,0.03735000,0.03557000,0.03713000,15072452.20000000,TUSDT
2023-02-10 02:00:00,0.03716000,0.03774000,0.03684000,0.03753000,8994840.20000000,TUSDT
2023-02-10 03:00:00,0.03751000,0.03777000,0.03691000,0.03723000,9781665.00000000,TUSDT
2023-02-10 04:00:00,0.03723000,0.03737000,0.03675000,0.03679000,5724240.00000000,TUSDT
2023-02-10 05:00:00,0.03681000,0.03726000,0.03667000,0.03714000,5529907.90000000,TUSDT
2023-02-10 06:00:00,0.03711000,0.03770000,0.03709000,0.03740000,3225452.80000000,TUSDT
2023-02-10 07:00:00,0.03740000,0.03777000,0.03730000,0.03768000,4295118.10000000,TUSDT
2023-02-10 08:00:00,0.03773000,0.03854000,0.03760000,0.03824000,6456084.40000000,TUSDT
2023-02-10 09:00:00,0.03814000,0.03822000,0.03757000,0.03761000,1745888.90000000,TUSDT
2023-02-10 10:00:00,0.03759000,0.03775000,0.03743000,0.03769000,1213779.00000000,TUSDT
2023-02-10 11:00:00,0.03769000,0.03777000,0.03697000,0.03706000,3535739.50000000,TUSDT
2023-02-10 12:00:00,0.03709000,0.03730000,0.03689000,0.03695000,3122324.20000000,TUSDT
2023-02-10 13:00:00,0.03697000,0.03763000,0.03690000,0.03736000,2805463.90000000,TUSDT
2023-02-10 14:00:00,0.03740000,0.03790000,0.03725000,0.03778000,3071374.10000000,TUSDT
2023-02-10 15:00:00,0.03775000,0.03819000,0.03708000,0.03728000,4486416.00000000,TUSDT
2023-02-10 16:00:00,0.03734000,0.03795000,0.03713000,0.03739000,2045829.00000000,TUSDT
2023-02-10 17:00:00,0.03735000,0.03767000,0.03705000,0.03764000,1349623.60000000,TUSDT
2023-02-10 18:00:00,0.03763000,0.03814000,0.03763000,0.03790000,2831414.40000000,TUSDT
2023-02-10 19:00:00,0.03793000,0.03858000,0.03782000,0.03843000,2080766.60000000,TUSDT
2023-02-10 20:00:00,0.03844000,0.03844000,0.03789000,0.03794000,2175496.80000000,TUSDT
2023-02-10 21:00:00,0.03796000,0.03807000,0.03743000,0.03771000,2456165.20000000,TUSDT
2023-02-10 22:00:00,0.03771000,0.03816000,0.03706000,0.03786000,4553504.70000000,TUSDT
2023-02-10 23:00:00,0.03782000,0.03841000,0.03776000,0.03831000,2671033.40000000,TUSDT
2023-02-11 00:00:00,0.03828000,0.04200000,0.03805000,0.03934000,53776097.00000000,TUSDT
2023-02-11 01:00:00,0.03933000,0.03973000,0.03887000,0.03897000,4490600.50000000,TUSDT
2023-02-11 02:00:00,0.03897000,0.03981000,0.03894000,0.03956000,6627572.50000000,TUSDT
2023-02-11 03:00:00,0.03958000,0.04034000,0.03958000,0.03989000,4106571.80000000,TUSDT
2023-02-11 04:00:00,0.03989000,0.04101000,0.03982000,0.04058000,6531471.70000000,TUSDT
2023-02-11 05:00:00,0.04058000,0.04204000,0.04014000,0.04038000,15653077.80000000,TUSDT
2023-02-11 06:00:00,0.04034000,0.04048000,0.03967000,0.04039000,6839145.60000000,TUSDT
2023-02-11 07:00:00,0.04041000,0.04093000,0.04020000,0.04059000,5163204.70000000,TUSDT
2023-02-11 08:00:00,0.04062000,0.04265000,0.04035000,0.04203000,12962265.80000000,TUSDT
2023-02-11 09:00:00,0.04201000,0.04230000,0.04107000,0.04136000,10047708.40000000,TUSDT
2023-02-11 10:00:00,0.04136000,0.04241000,0.04135000,0.04189000,15499233.10000000,TUSDT
2023-02-11 11:00:00,0.04187000,0.04223000,0.04122000,0.04132000,8089614.80000000,TUSDT
2023-02-11 12:00:00,0.04132000,0.04135000,0.04009000,0.04075000,12004832.10000000,TUSDT
2023-02-11 13:00:00,0.04077000,0.04085000,0.04023000,0.04051000,4129289.20000000,TUSDT
2023-02-11 14:00:00,0.04049000,0.04093000,0.04034000,0.04086000,2863161.00000000,TUSDT
2023-02-11 15:00:00,0.04073000,0.04078000,0.04011000,0.04047000,2380741.90000000,TUSDT
2023-02-11 16:00:00,0.04050000,0.04052000,0.03954000,0.04004000,5499901.10000000,TUSDT
2023-02-11 17:00:00,0.04003000,0.04009000,0.03942000,0.03973000,5303513.30000000,TUSDT
2023-02-11 18:00:00,0.03977000,0.03986000,0.03936000,0.03950000,2788063.50000000,TUSDT
2023-02-11 19:00:00,0.03952000,0.03968000,0.03928000,0.03950000,4570591.60000000,TUSDT
2023-02-11 20:00:00,0.03951000,0.03977000,0.03942000,0.03974000,1719801.80000000,TUSDT
2023-02-11 21:00:00,0.03975000,0.04025000,0.03968000,0.04001000,5436959.70000000,TUSDT
2023-02-11 22:00:00,0.04001000,0.04052000,0.03998000,0.04029000,4023506.60000000,TUSDT
2023-02-11 23:00:00,0.04032000,0.04144000,0.04018000,0.04018000,6304472.60000000,TUSDT
2023-02-12 00:00:00,0.04017000,0.04036000,0.03937000,0.03947000,6038654.80000000,TUSDT
2023-02-12 01:00:00,0.03949000,0.03975000,0.03942000,0.03952000,1203178.00000000,TUSDT
2023-02-12 02:00:00,0.03954000,0.03965000,0.03941000,0.03962000,833038.50000000,TUSDT
2023-02-12 03:00:00,0.03962000,0.03965000,0.03938000,0.03945000,526029.60000000,TUSDT
2023-02-12 04:00:00,0.03945000,0.03956000,0.03922000,0.03929000,1677906.20000000,TUSDT
2023-02-12 05:00:00,0.03931000,0.03949000,0.03927000,0.03949000,1044314.10000000,TUSDT
2023-02-12 06:00:00,0.03948000,0.03967000,0.03938000,0.03958000,1656674.60000000,TUSDT
2023-02-12 07:00:00,0.03958000,0.03970000,0.03946000,0.03954000,1060603.40000000,TUSDT
2023-02-12 08:00:00,0.03953000,0.03993000,0.03953000,0.03968000,2197140.30000000,TUSDT
2023-02-12 09:00:00,0.03967000,0.04007000,0.03966000,0.04004000,2811151.90000000,TUSDT
2023-02-12 10:00:00,0.04005000,0.04051000,0.03983000,0.04020000,9485870.10000000,TUSDT
2023-02-12 11:00:00,0.04022000,0.04034000,0.03961000,0.04012000,6189320.50000000,TUSDT
2023-02-12 12:00:00,0.04012000,0.04092000,0.03968000,0.03982000,6391299.70000000,TUSDT
2023-02-12 13:00:00,0.03980000,0.04004000,0.03957000,0.03979000,3467805.90000000,TUSDT
2023-02-12 14:00:00,0.03982000,0.03982000,0.03912000,0.03962000,5557944.20000000,TUSDT
2023-02-12 15:00:00,0.03965000,0.03976000,0.03937000,0.03956000,1772454.90000000,TUSDT
2023-02-12 16:00:00,0.03963000,0.04000000,0.03957000,0.03990000,1884473.10000000,TUSDT
2023-02-12 17:00:00,0.03994000,0.04017000,0.03990000,0.03996000,1116098.00000000,TUSDT
2023-02-12 18:00:00,0.03996000,0.04019000,0.03992000,0.03997000,674587.30000000,TUSDT
2023-02-12 19:00:00,0.03997000,0.03998000,0.03961000,0.03981000,1141069.40000000,TUSDT
2023-02-12 20:00:00,0.03983000,0.04000000,0.03965000,0.03968000,557191.70000000,TUSDT
2023-02-12 21:00:00,0.03968000,0.03972000,0.03856000,0.03860000,5883566.70000000,TUSDT
2023-02-12 22:00:00,0.03860000,0.03872000,0.03792000,0.03832000,4317062.10000000,TUSDT
2023-02-12 23:00:00,0.03835000,0.03864000,0.03828000,0.03840000,1763355.30000000,TUSDT
2023-02-13 00:00:00,0.03840000,0.04024000,0.03829000,0.03865000,17688546.90000000,TUSDT
2023-02-13 01:00:00,0.03870000,0.03893000,0.03825000,0.03844000,1981472.40000000,TUSDT
2023-02-13 02:00:00,0.03839000,0.03844000,0.03778000,0.03793000,4189146.60000000,TUSDT
2023-02-13 03:00:00,0.03794000,0.03820000,0.03793000,0.03814000,1660958.10000000,TUSDT
2023-02-13 04:00:00,0.03814000,0.03848000,0.03808000,0.03829000,2978323.00000000,TUSDT
2023-02-13 05:00:00,0.03833000,0.03838000,0.03816000,0.03831000,897165.80000000,TUSDT
2023-02-13 06:00:00,0.03830000,0.03831000,0.03766000,0.03772000,3353337.30000000,TUSDT
2023-02-13 07:00:00,0.03775000,0.03820000,0.03758000,0.03785000,4681850.50000000,TUSDT
2023-02-13 08:00:00,0.03786000,0.03793000,0.03636000,0.03653000,8829385.30000000,TUSDT
2023-02-13 09:00:00,0.03653000,0.03676000,0.03503000,0.03598000,15058779.50000000,TUSDT
2023-02-13 10:00:00,0.03598000,0.03631000,0.03566000,0.03615000,5566033.50000000,TUSDT
2023-02-13 11:00:00,0.03615000,0.03630000,0.03609000,0.03626000,2734144.50000000,TUSDT
2023-02-13 12:00:00,0.03629000,0.03688000,0.03625000,0.03671000,3508539.50000000,TUSDT
2023-02-13 13:00:00,0.03673000,0.03702000,0.03641000,0.03655000,3256031.20000000,TUSDT
2023-02-13 14:00:00,0.03651000,0.03705000,0.03648000,0.03696000,2421496.00000000,TUSDT
2023-02-13 15:00:00,0.03696000,0.03698000,0.03664000,0.03669000,776375.40000000,TUSDT
2023-02-13 16:00:00,0.03669000,0.03699000,0.03621000,0.03656000,4861500.00000000,TUSDT
2023-02-13 17:00:00,0.03661000,0.03670000,0.03615000,0.03637000,2074919.50000000,TUSDT
2023-02-13 18:00:00,0.03641000,0.03732000,0.03641000,0.03703000,5128512.70000000,TUSDT
2023-02-13 19:00:00,0.03703000,0.03709000,0.03689000,0.03707000,1229702.40000000,TUSDT
2023-02-13 20:00:00,0.03707000,0.03726000,0.03702000,0.03718000,718135.30000000,TUSDT
2023-02-13 21:00:00,0.03718000,0.03718000,0.03705000,0.03709000,928163.60000000,TUSDT
2023-02-13 22:00:00,0.03709000,0.03742000,0.03704000,0.03727000,1162721.80000000,TUSDT
2023-02-13 23:00:00,0.03734000,0.03820000,0.03731000,0.03791000,3304355.30000000,TUSDT
2023-02-14 00:00:00,0.03792000,0.03794000,0.03730000,0.03734000,2798550.00000000,TUSDT
2023-02-14 01:00:00,0.03734000,0.03769000,0.03719000,0.03724000,2370326.30000000,TUSDT
2023-02-14 02:00:00,0.03723000,0.03763000,0.03714000,0.03739000,3183646.20000000,TUSDT
2023-02-14 03:00:00,0.03738000,0.03759000,0.03721000,0.03733000,1004122.30000000,TUSDT
2023-02-14 04:00:00,0.03734000,0.03748000,0.03727000,0.03734000,693872.40000000,TUSDT
2023-02-14 05:00:00,0.03734000,0.03735000,0.03694000,0.03700000,2502133.20000000,TUSDT
2023-02-14 06:00:00,0.03702000,0.03734000,0.03702000,0.03723000,1414142.90000000,TUSDT
2023-02-14 07:00:00,0.03724000,0.03770000,0.03720000,0.03755000,1535028.00000000,TUSDT
2023-02-14 08:00:00,0.03755000,0.03755000,0.03707000,0.03708000,2154081.70000000,TUSDT
2023-02-14 09:00:00,0.03710000,0.03766000,0.03710000,0.03750000,3017545.10000000,TUSDT
2023-02-14 10:00:00,0.03754000,0.03793000,0.03752000,0.03767000,6916334.80000000,TUSDT
2023-02-14 11:00:00,0.03766000,0.03775000,0.03733000,0.03748000,2704931.00000000,TUSDT
2023-02-14 12:00:00,0.03751000,0.03756000,0.03732000,0.03746000,1630472.00000000,TUSDT
2023-02-14 13:00:00,0.03747000,0.03779000,0.03630000,0.03765000,9761330.90000000,TUSDT
2023-02-14 14:00:00,0.03765000,0.03886000,0.03688000,0.03868000,13239341.90000000,TUSDT
2023-02-14 15:00:00,0.03863000,0.03928000,0.03771000,0.03852000,14240625.20000000,TUSDT
2023-02-14 16:00:00,0.03850000,0.03879000,0.03821000,0.03838000,4075971.90000000,TUSDT
2023-02-14 17:00:00,0.03838000,0.03864000,0.03838000,0.03857000,1404156.40000000,TUSDT
2023-02-14 18:00:00,0.03858000,0.03887000,0.03858000,0.03873000,2884948.00000000,TUSDT
2023-02-14 19:00:00,0.03867000,0.03877000,0.03837000,0.03873000,2158951.90000000,TUSDT
2023-02-14 20:00:00,0.03873000,0.03924000,0.03866000,0.03912000,5057467.90000000,TUSDT
2023-02-14 21:00:00,0.03913000,0.03913000,0.03880000,0.03904000,1581825.40000000,TUSDT
2023-02-14 22:00:00,0.03904000,0.03937000,0.03891000,0.03932000,1832226.90000000,TUSDT
2023-02-14 23:00:00,0.03932000,0.03974000,0.03922000,0.03953000,5031395.70000000,TUSDT
2023-02-15 00:00:00,0.03955000,0.03962000,0.03869000,0.03887000,3410083.90000000,TUSDT
2023-02-15 01:00:00,0.03887000,0.03913000,0.03886000,0.03900000,1364013.70000000,TUSDT
2023-02-15 02:00:00,0.03902000,0.03902000,0.03859000,0.03876000,1439229.00000000,TUSDT
2023-02-15 03:00:00,0.03876000,0.03903000,0.03869000,0.03896000,1590402.40000000,TUSDT
2023-02-15 04:00:00,0.03898000,0.03914000,0.03893000,0.03898000,1571883.80000000,TUSDT
2023-02-15 05:00:00,0.03901000,0.03916000,0.03893000,0.03905000,1234496.70000000,TUSDT
2023-02-15 06:00:00,0.03905000,0.03927000,0.03884000,0.03884000,2618707.40000000,TUSDT
2023-02-15 07:00:00,0.03891000,0.03909000,0.03880000,0.03880000,2276948.40000000,TUSDT
2023-02-15 08:00:00,0.03877000,0.03901000,0.03873000,0.03889000,1114255.70000000,TUSDT
2023-02-15 09:00:00,0.03889000,0.03905000,0.03876000,0.03900000,1304220.30000000,TUSDT
2023-02-15 10:00:00,0.03900000,0.03923000,0.03893000,0.03919000,1394025.10000000,TUSDT
2023-02-15 11:00:00,0.03917000,0.03979000,0.03917000,0.03968000,5643988.70000000,TUSDT
2023-02-15 12:00:00,0.03968000,0.04025000,0.03960000,0.03999000,7179496.30000000,TUSDT
2023-02-15 13:00:00,0.04001000,0.04027000,0.03984000,0.03999000,4998493.20000000,TUSDT
2023-02-15 14:00:00,0.03997000,0.04000000,0.03940000,0.03950000,5636115.50000000,TUSDT
2023-02-15 15:00:00,0.03951000,0.03993000,0.03939000,0.03981000,5141533.50000000,TUSDT
2023-02-15 16:00:00,0.03986000,0.04004000,0.03974000,0.03995000,2829923.20000000,TUSDT
2023-02-15 17:00:00,0.03997000,0.04009000,0.03985000,0.04005000,1546524.30000000,TUSDT
2023-02-15 18:00:00,0.04005000,0.04052000,0.04001000,0.04039000,6782350.40000000,TUSDT
2023-02-15 19:00:00,0.04038000,0.04087000,0.04027000,0.04075000,7401553.20000000,TUSDT
2023-02-15 20:00:00,0.04076000,0.04150000,0.04050000,0.04133000,13207269.10000000,TUSDT
2023-02-15 21:00:00,0.04133000,0.04174000,0.04128000,0.04165000,7563305.10000000,TUSDT
2023-02-15 22:00:00,0.04166000,0.04191000,0.04126000,0.04149000,8409285.80000000,TUSDT
2023-02-15 23:00:00,0.04154000,0.04196000,0.04144000,0.04193000,3745470.70000000,TUSDT
2023-02-16 00:00:00,0.04192000,0.04278000,0.04129000,0.04140000,13785751.50000000,TUSDT
2023-02-16 01:00:00,0.04142000,0.04207000,0.04142000,0.04174000,7589545.90000000,TUSDT
2023-02-16 02:00:00,0.04179000,0.04240000,0.04176000,0.04205000,5360783.40000000,TUSDT
2023-02-16 03:00:00,0.04209000,0.04227000,0.04204000,0.04217000,2635870.60000000,TUSDT
2023-02-16 04:00:00,0.04222000,0.04235000,0.04179000,0.04192000,4603586.90000000,TUSDT
2023-02-16 05:00:00,0.04189000,0.04223000,0.04188000,0.04209000,1985819.00000000,TUSDT
2023-02-16 06:00:00,0.04209000,0.04250000,0.04209000,0.04233000,3467182.60000000,TUSDT
2023-02-16 07:00:00,0.04234000,0.04277000,0.04153000,0.04191000,12588995.20000000,TUSDT
2023-02-16 08:00:00,0.04193000,0.04194000,0.04152000,0.04160000,4584184.40000000,TUSDT
2023-02-16 09:00:00,0.04160000,0.04185000,0.04151000,0.04184000,2744838.40000000,TUSDT
2023-02-16 10:00:00,0.04184000,0.04210000,0.04180000,0.04184000,2239547.30000000,TUSDT
2023-02-16 11:00:00,0.04184000,0.04184000,0.04136000,0.04159000,8064369.90000000,TUSDT
2023-02-16 12:00:00,0.04159000,0.04173000,0.04093000,0.04167000,8711563.90000000,TUSDT
2023-02-16 13:00:00,0.04166000,0.04174000,0.04056000,0.04074000,7079509.70000000,TUSDT
2023-02-16 14:00:00,0.04069000,0.04103000,0.04051000,0.04103000,6703993.60000000,TUSDT
2023-02-16 15:00:00,0.04099000,0.04249000,0.04091000,0.04239000,17345492.20000000,TUSDT
2023-02-16 16:00:00,0.04239000,0.04258000,0.04136000,0.04203000,10396359.70000000,TUSDT
2023-02-16 17:00:00,0.04206000,0.04218000,0.04177000,0.04202000,2882457.40000000,TUSDT
2023-02-16 18:00:00,0.04207000,0.04223000,0.04198000,0.04210000,3471531.30000000,TUSDT
2023-02-16 19:00:00,0.04209000,0.04210000,0.04160000,0.04171000,3157810.30000000,TUSDT
2023-02-16 20:00:00,0.04170000,0.04171000,0.04036000,0.04064000,8985009.30000000,TUSDT
2023-02-16 21:00:00,0.04062000,0.04072000,0.04022000,0.04062000,3901068.90000000,TUSDT
2023-02-16 22:00:00,0.04061000,0.04069000,0.03912000,0.03916000,7925714.90000000,TUSDT
2023-02-16 23:00:00,0.03911000,0.03955000,0.03885000,0.03923000,6434564.90000000,TUSDT
2023-02-17 00:00:00,0.03918000,0.03995000,0.03879000,0.03973000,6536311.40000000,TUSDT
2023-02-17 01:00:00,0.03972000,0.04000000,0.03967000,0.03998000,2194518.10000000,TUSDT
2023-02-17 02:00:00,0.03999000,0.04035000,0.03996000,0.04027000,2288110.30000000,TUSDT
2023-02-17 03:00:00,0.04026000,0.04044000,0.04008000,0.04018000,635899.10000000,TUSDT
2023-02-17 04:00:00,0.04017000,0.04024000,0.03978000,0.03985000,1146472.70000000,TUSDT
2023-02-17 05:00:00,0.03986000,0.03990000,0.03951000,0.03969000,1155395.50000000,TUSDT
2023-02-17 06:00:00,0.03968000,0.03977000,0.03959000,0.03967000,1227102.40000000,TUSDT
2023-02-17 07:00:00,0.03967000,0.04010000,0.03955000,0.03963000,6809108.60000000,TUSDT
2023-02-17 08:00:00,0.03963000,0.03976000,0.03947000,0.03970000,1128134.50000000,TUSDT
2023-02-17 09:00:00,0.03977000,0.03992000,0.03968000,0.03974000,1564589.80000000,TUSDT
2023-02-17 10:00:00,0.03980000,0.04009000,0.03973000,0.03999000,1039578.50000000,TUSDT
2023-02-17 11:00:00,0.04000000,0.04019000,0.03981000,0.03988000,2391959.60000000,TUSDT
2023-02-17 12:00:00,0.03988000,0.04005000,0.03986000,0.03999000,876199.00000000,TUSDT
2023-02-17 13:00:00,0.03998000,0.04012000,0.03982000,0.03991000,1455323.60000000,TUSDT
2023-02-17 14:00:00,0.03991000,0.04081000,0.03962000,0.03985000,9854950.80000000,TUSDT
2023-02-17 15:00:00,0.03991000,0.04040000,0.03990000,0.04025000,3735911.30000000,TUSDT
2023-02-17 16:00:00,0.04027000,0.04048000,0.03980000,0.04001000,2929190.20000000,TUSDT
2023-02-17 17:00:00,0.04007000,0.04071000,0.04002000,0.04045000,1937395.60000000,TUSDT
2023-02-17 18:00:00,0.04049000,0.04066000,0.04033000,0.04051000,1177389.10000000,TUSDT
2023-02-17 19:00:00,0.04050000,0.04074000,0.04032000,0.04068000,1216015.50000000,TUSDT
2023-02-17 20:00:00,0.04068000,0.04135000,0.04068000,0.04093000,3995649.90000000,TUSDT
2023-02-17 21:00:00,0.04098000,0.04105000,0.04064000,0.04064000,1095384.00000000,TUSDT
2023-02-17 22:00:00,0.04061000,0.04096000,0.04009000,0.04088000,2470686.50000000,TUSDT
2023-02-17 23:00:00,0.04093000,0.04169000,0.04081000,0.04139000,4310416.30000000,TUSDT
2023-02-18 00:00:00,0.04137000,0.04164000,0.04101000,0.04114000,2721527.60000000,TUSDT
2023-02-18 01:00:00,0.04119000,0.04141000,0.04117000,0.04139000,817861.60000000,TUSDT
2023-02-18 02:00:00,0.04139000,0.04151000,0.04107000,0.04119000,2116274.30000000,TUSDT
2023-02-18 03:00:00,0.04119000,0.04160000,0.04119000,0.04153000,2775735.70000000,TUSDT
2023-02-18 04:00:00,0.04153000,0.04158000,0.04142000,0.04155000,1494374.00000000,TUSDT
2023-02-18 05:00:00,0.04155000,0.04186000,0.04151000,0.04186000,1025657.00000000,TUSDT
2023-02-18 06:00:00,0.04186000,0.04222000,0.04186000,0.04196000,5334648.30000000,TUSDT
2023-02-18 07:00:00,0.04197000,0.04197000,0.04137000,0.04144000,4634687.00000000,TUSDT
2023-02-18 08:00:00,0.04144000,0.04152000,0.04118000,0.04151000,2612119.80000000,TUSDT
2023-02-18 09:00:00,0.04152000,0.04152000,0.04126000,0.04142000,2734073.70000000,TUSDT
2023-02-18 10:00:00,0.04143000,0.04144000,0.04060000,0.04061000,4038169.10000000,TUSDT
2023-02-18 11:00:00,0.04062000,0.04094000,0.04060000,0.04080000,2005150.50000000,TUSDT
2023-02-18 12:00:00,0.04080000,0.04130000,0.04072000,0.04125000,6238840.40000000,TUSDT
2023-02-18 13:00:00,0.04124000,0.04132000,0.04106000,0.04114000,1966551.20000000,TUSDT
2023-02-18 14:00:00,0.04112000,0.04123000,0.04093000,0.04120000,1325005.60000000,TUSDT
2023-02-18 15:00:00,0.04115000,0.04130000,0.04105000,0.04117000,842607.00000000,TUSDT
2023-02-18 16:00:00,0.04117000,0.04121000,0.04101000,0.04106000,1475829.70000000,TUSDT
2023-02-18 17:00:00,0.04107000,0.04118000,0.04095000,0.04106000,1199177.50000000,TUSDT
2023-02-18 18:00:00,0.04108000,0.04125000,0.04100000,0.04117000,1151826.80000000,TUSDT
2023-02-18 19:00:00,0.04117000,0.04121000,0.04092000,0.04096000,2195138.60000000,TUSDT
2023-02-18 20:00:00,0.04099000,0.04128000,0.04070000,0.04120000,10015062.90000000,TUSDT
2023-02-18 21:00:00,0.04120000,0.04136000,0.04102000,0.04135000,969273.60000000,TUSDT
2023-02-18 22:00:00,0.04136000,0.04184000,0.04136000,0.04167000,2172122.80000000,TUSDT
2023-02-18 23:00:00,0.04167000,0.04171000,0.04147000,0.04147000,1390498.80000000,TUSDT
2023-02-19 00:00:00,0.04148000,0.04503000,0.04137000,0.04441000,72563922.60000000,TUSDT
2023-02-19 01:00:00,0.04434000,0.04473000,0.04326000,0.04407000,14692730.00000000,TUSDT
2023-02-19 02:00:00,0.04407000,0.04523000,0.04389000,0.04459000,14196455.00000000,TUSDT
2023-02-19 03:00:00,0.04456000,0.04457000,0.04358000,0.04416000,11115896.20000000,TUSDT
2023-02-19 04:00:00,0.04416000,0.04416000,0.04366000,0.04374000,6006347.20000000,TUSDT
2023-02-19 05:00:00,0.04384000,0.04396000,0.04364000,0.04396000,2953337.80000000,TUSDT
2023-02-19 06:00:00,0.04398000,0.04417000,0.04359000,0.04367000,4722053.90000000,TUSDT
2023-02-19 07:00:00,0.04368000,0.04381000,0.04300000,0.04312000,9063222.10000000,TUSDT
2023-02-19 08:00:00,0.04312000,0.04329000,0.04294000,0.04294000,3591646.50000000,TUSDT
2023-02-19 09:00:00,0.04295000,0.04357000,0.04294000,0.04316000,6196530.10000000,TUSDT
2023-02-19 10:00:00,0.04316000,0.04338000,0.04296000,0.04312000,3966740.70000000,TUSDT
2023-02-19 11:00:00,0.04316000,0.04359000,0.04305000,0.04345000,6125968.80000000,TUSDT
2023-02-19 12:00:00,0.04346000,0.04363000,0.04321000,0.04329000,4696022.10000000,TUSDT
2023-02-19 13:00:00,0.04331000,0.04379000,0.04331000,0.04359000,4342430.60000000,TUSDT
2023-02-19 14:00:00,0.04359000,0.04397000,0.04358000,0.04381000,5366288.10000000,TUSDT
2023-02-19 15:00:00,0.04381000,0.04392000,0.04335000,0.04382000,11575986.30000000,TUSDT
2023-02-19 16:00:00,0.04385000,0.04408000,0.04292000,0.04332000,8956257.50000000,TUSDT
2023-02-19 17:00:00,0.04328000,0.04333000,0.04243000,0.04261000,7004647.00000000,TUSDT
2023-02-19 18:00:00,0.04261000,0.04320000,0.04260000,0.04300000,7142050.70000000,TUSDT
2023-02-19 19:00:00,0.04305000,0.04338000,0.04293000,0.04314000,3860532.70000000,TUSDT
2023-02-19 20:00:00,0.04312000,0.04331000,0.04244000,0.04331000,6910339.80000000,TUSDT
2023-02-19 21:00:00,0.04332000,0.04870000,0.04324000,0.04462000,115752829.20000000,TUSDT
2023-02-19 22:00:00,0.04463000,0.04469000,0.04376000,0.04430000,31150366.90000000,TUSDT
2023-02-19 23:00:00,0.04431000,0.04600000,0.04419000,0.04553000,44717404.70000000,TUSDT
2023-02-20 00:00:00,0.04552000,0.04555000,0.04410000,0.04440000,25582106.90000000,TUSDT
2023-02-20 01:00:00,0.04440000,0.04503000,0.04263000,0.04453000,19294965.90000000,TUSDT
2023-02-20 02:00:00,0.04453000,0.04576000,0.04428000,0.04501000,21891438.50000000,TUSDT
2023-02-20 03:00:00,0.04501000,0.04661000,0.04477000,0.04516000,24628449.40000000,TUSDT
2023-02-20 04:00:00,0.04518000,0.04670000,0.04508000,0.04590000,32653792.60000000,TUSDT
2023-02-20 05:00:00,0.04597000,0.04597000,0.04494000,0.04518000,12659185.50000000,TUSDT
2023-02-20 06:00:00,0.04520000,0.04524000,0.04445000,0.04494000,12674538.70000000,TUSDT
2023-02-20 07:00:00,0.04495000,0.04495000,0.04442000,0.04480000,9636522.40000000,TUSDT
2023-02-20 08:00:00,0.04477000,0.04478000,0.04395000,0.04410000,8886226.60000000,TUSDT
2023-02-20 09:00:00,0.04412000,0.04478000,0.04393000,0.04469000,6491029.40000000,TUSDT
2023-02-20 10:00:00,0.04469000,0.04488000,0.04440000,0.04454000,6435405.90000000,TUSDT
2023-02-20 11:00:00,0.04458000,0.04461000,0.04419000,0.04445000,6673483.90000000,TUSDT
2023-02-20 12:00:00,0.04446000,0.04491000,0.04411000,0.04491000,7775637.70000000,TUSDT
2023-02-20 13:00:00,0.04491000,0.04500000,0.04452000,0.04460000,6544471.30000000,TUSDT
2023-02-20 14:00:00,0.04460000,0.04484000,0.04411000,0.04460000,13546598.40000000,TUSDT
2023-02-20 15:00:00,0.04465000,0.04473000,0.04454000,0.04463000,2474405.20000000,TUSDT
2023-02-20 16:00:00,0.04463000,0.04469000,0.04411000,0.04440000,6346045.70000000,TUSDT
2023-02-20 17:00:00,0.04439000,0.04455000,0.04423000,0.04439000,2277200.30000000,TUSDT
2023-02-20 18:00:00,0.04439000,0.04457000,0.04433000,0.04449000,2971840.60000000,TUSDT
2023-02-20 19:00:00,0.04446000,0.04472000,0.04443000,0.04462000,2451499.40000000,TUSDT
2023-02-20 20:00:00,0.04462000,0.04467000,0.04426000,0.04440000,5542785.80000000,TUSDT
2023-02-20 21:00:00,0.04445000,0.04458000,0.04433000,0.04446000,7353107.10000000,TUSDT
2023-02-20 22:00:00,0.04446000,0.04452000,0.04429000,0.04438000,2122065.50000000,TUSDT
2023-02-20 23:00:00,0.04438000,0.04481000,0.04435000,0.04481000,2725861.70000000,TUSDT
2023-02-21 00:00:00,0.04480000,0.04486000,0.04415000,0.04426000,3214693.70000000,TUSDT
2023-02-21 01:00:00,0.04425000,0.04429000,0.04344000,0.04363000,7856178.50000000,TUSDT
2023-02-21 02:00:00,0.04363000,0.04384000,0.04350000,0.04366000,4622839.30000000,TUSDT
2023-02-21 03:00:00,0.04368000,0.04370000,0.04319000,0.04324000,10288962.10000000,TUSDT
2023-02-21 04:00:00,0.04328000,0.04348000,0.04314000,0.04332000,3223763.60000000,TUSDT
2023-02-21 05:00:00,0.04328000,0.04372000,0.04325000,0.04370000,4890684.20000000,TUSDT
2023-02-21 06:00:00,0.04368000,0.04419000,0.04358000,0.04364000,6936802.10000000,TUSDT
2023-02-21 07:00:00,0.04369000,0.04369000,0.04350000,0.04351000,4774669.30000000,TUSDT
2023-02-21 08:00:00,0.04351000,0.04370000,0.04201000,0.04236000,11987309.60000000,TUSDT
2023-02-21 09:00:00,0.04235000,0.04284000,0.04220000,0.04250000,5792040.30000000,TUSDT
2023-02-21 10:00:00,0.04251000,0.04253000,0.04198000,0.04212000,6157719.60000000,TUSDT
2023-02-21 11:00:00,0.04211000,0.04229000,0.04081000,0.04139000,29621278.30000000,TUSDT
2023-02-21 12:00:00,0.04135000,0.04179000,0.04128000,0.04168000,8246980.90000000,TUSDT
2023-02-21 13:00:00,0.04166000,0.04186000,0.04141000,0.04159000,7323824.90000000,TUSDT
2023-02-21 14:00:00,0.04159000,0.04259000,0.04150000,0.04215000,8121917.60000000,TUSDT
2023-02-21 15:00:00,0.04212000,0.04218000,0.04161000,0.04195000,2572012.30000000,TUSDT
2023-02-21 16:00:00,0.04195000,0.04202000,0.04125000,0.04140000,2651253.60000000,TUSDT
2023-02-21 17:00:00,0.04139000,0.04184000,0.04132000,0.04182000,1468147.00000000,TUSDT
2023-02-21 18:00:00,0.04186000,0.04227000,0.04177000,0.04206000,1834671.90000000,TUSDT
2023-02-21 19:00:00,0.04212000,0.04212000,0.04161000,0.04168000,2723467.90000000,TUSDT
2023-02-21 20:00:00,0.04167000,0.04178000,0.04157000,0.04158000,1599708.00000000,TUSDT
2023-02-21 21:00:00,0.04158000,0.04164000,0.04069000,0.04105000,5094161.00000000,TUSDT
2023-02-21 22:00:00,0.04109000,0.04148000,0.04091000,0.04145000,1176889.50000000,TUSDT
2023-02-21 23:00:00,0.04145000,0.04185000,0.04139000,0.04183000,1856155.80000000,TUSDT
2023-02-22 00:00:00,0.04190000,0.04190000,0.04094000,0.04107000,6199276.30000000,TUSDT
2023-02-22 01:00:00,0.04103000,0.04134000,0.04021000,0.04038000,11181357.70000000,TUSDT
2023-02-22 02:00:00,0.04039000,0.04043000,0.03957000,0.04033000,6036189.10000000,TUSDT
2023-02-22 03:00:00,0.04032000,0.04127000,0.04032000,0.04095000,14873664.20000000,TUSDT
2023-02-22 04:00:00,0.04095000,0.04097000,0.03985000,0.04029000,12172363.00000000,TUSDT
2023-02-22 05:00:00,0.04033000,0.04041000,0.03999000,0.04018000,2297765.40000000,TUSDT
2023-02-22 06:00:00,0.04018000,0.04038000,0.03960000,0.03964000,5864303.80000000,TUSDT
2023-02-22 07:00:00,0.03964000,0.04001000,0.03945000,0.03989000,8192022.10000000,TUSDT
2023-02-22 08:00:00,0.03986000,0.03986000,0.03905000,0.03929000,6597793.90000000,TUSDT
2023-02-22 09:00:00,0.03934000,0.04006000,0.03924000,0.03982000,3726945.50000000,TUSDT
2023-02-22 10:00:00,0.03982000,0.04022000,0.03973000,0.04000000,5970123.00000000,TUSDT
2023-02-22 11:00:00,0.04000000,0.04012000,0.03965000,0.03992000,2052601.40000000,TUSDT
2023-02-22 12:00:00,0.03991000,0.04000000,0.03960000,0.03968000,10108330.50000000,TUSDT
2023-02-22 13:00:00,0.03972000,0.03993000,0.03950000,0.03983000,2959954.90000000,TUSDT
2023-02-22 14:00:00,0.03987000,0.03988000,0.03939000,0.03956000,3557276.70000000,TUSDT
2023-02-22 15:00:00,0.03957000,0.03961000,0.03907000,0.03934000,7705959.00000000,TUSDT
2023-02-22 16:00:00,0.03934000,0.03956000,0.03923000,0.03929000,1834073.60000000,TUSDT
2023-02-22 17:00:00,0.03930000,0.03951000,0.03913000,0.03931000,1967148.10000000,TUSDT
2023-02-22 18:00:00,0.03930000,0.03963000,0.03928000,0.03948000,1471366.20000000,TUSDT
2023-02-22 19:00:00,0.03948000,0.03990000,0.03943000,0.03960000,4073267.00000000,TUSDT
2023-02-22 20:00:00,0.03963000,0.03972000,0.03957000,0.03971000,978267.00000000,TUSDT
2023-02-22 21:00:00,0.03972000,0.04000000,0.03972000,0.03994000,1096120.20000000,TUSDT
2023-02-22 22:00:00,0.03998000,0.04043000,0.03993000,0.04041000,3014844.20000000,TUSDT
2023-02-22 23:00:00,0.04042000,0.04082000,0.04033000,0.04068000,3632882.80000000,TUSDT
2023-02-23 00:00:00,0.04066000,0.04069000,0.04025000,0.04042000,2813918.30000000,TUSDT
2023-02-23 01:00:00,0.04042000,0.04119000,0.04042000,0.04114000,5395160.00000000,TUSDT
2023-02-23 02:00:00,0.04109000,0.04173000,0.04098000,0.04150000,4993046.10000000,TUSDT
2023-02-23 03:00:00,0.04150000,0.04160000,0.04104000,0.04112000,3432507.00000000,TUSDT
2023-02-23 04:00:00,0.04113000,0.04124000,0.04088000,0.04110000,3381216.20000000,TUSDT
2023-02-23 05:00:00,0.04109000,0.04121000,0.04088000,0.04095000,2989607.90000000,TUSDT
2023-02-23 06:00:00,0.04095000,0.04097000,0.04046000,0.04079000,3078001.60000000,TUSDT
2023-02-23 07:00:00,0.04082000,0.04104000,0.04074000,0.04085000,1786169.20000000,TUSDT
2023-02-23 08:00:00,0.04087000,0.04122000,0.04085000,0.04118000,1229627.10000000,TUSDT
2023-02-23 09:00:00,0.04116000,0.04131000,0.04080000,0.04090000,2075914.20000000,TUSDT
2023-02-23 10:00:00,0.04089000,0.04091000,0.04071000,0.04078000,1161176.40000000,TUSDT
2023-02-23 11:00:00,0.04080000,0.04081000,0.03953000,0.03981000,8615458.20000000,TUSDT
2023-02-23 12:00:00,0.03981000,0.04016000,0.03942000,0.04015000,4652909.90000000,TUSDT
2023-02-23 13:00:00,0.04015000,0.04060000,0.04007000,0.04032000,4008689.90000000,TUSDT
2023-02-23 14:00:00,0.04034000,0.04066000,0.04026000,0.04037000,3592785.30000000,TUSDT
2023-02-23 15:00:00,0.04039000,0.04042000,0.04006000,0.04034000,4168825.30000000,TUSDT
2023-02-23 16:00:00,0.04033000,0.04074000,0.03991000,0.03999000,4107376.40000000,TUSDT
2023-02-23 17:00:00,0.04001000,0.04081000,0.03997000,0.04020000,3573554.70000000,TUSDT
2023-02-23 18:00:00,0.04016000,0.04023000,0.03993000,0.04017000,781322.20000000,TUSDT
2023-02-23 19:00:00,0.04016000,0.04100000,0.04012000,0.04084000,5442701.00000000,TUSDT
2023-02-23 20:00:00,0.04086000,0.04138000,0.04076000,0.04107000,9086739.30000000,TUSDT
2023-02-23 21:00:00,0.04107000,0.04131000,0.04104000,0.04114000,5087136.20000000,TUSDT
2023-02-23 22:00:00,0.04114000,0.04126000,0.04088000,0.04124000,5546808.50000000,TUSDT
2023-02-23 23:00:00,0.04126000,0.04171000,0.04118000,0.04164000,5157570.60000000,TUSDT
2023-02-24 00:00:00,0.04163000,0.04168000,0.04061000,0.04077000,9376146.40000000,TUSDT
2023-02-24 01:00:00,0.04084000,0.04124000,0.04076000,0.04091000,1222785.90000000,TUSDT
2023-02-24 02:00:00,0.04090000,0.04092000,0.04053000,0.04059000,2468358.60000000,TUSDT
2023-02-24 03:00:00,0.04055000,0.04071000,0.04040000,0.04056000,2141135.60000000,TUSDT
2023-02-24 04:00:00,0.04059000,0.04082000,0.04055000,0.04072000,1807377.50000000,TUSDT
2023-02-24 05:00:00,0.04069000,0.04070000,0.04035000,0.04038000,1236370.40000000,TUSDT
2023-02-24 06:00:00,0.04044000,0.04173000,0.04043000,0.04108000,8565895.90000000,TUSDT
2023-02-24 07:00:00,0.04115000,0.04117000,0.04069000,0.04073000,3573151.00000000,TUSDT
2023-02-24 08:00:00,0.04072000,0.04108000,0.04064000,0.04099000,2209439.00000000,TUSDT
2023-02-24 09:00:00,0.04102000,0.04119000,0.04071000,0.04076000,1567498.40000000,TUSDT
2023-02-24 10:00:00,0.04076000,0.04103000,0.04060000,0.04101000,2993283.60000000,TUSDT
2023-02-24 11:00:00,0.04101000,0.04101000,0.04062000,0.04063000,3706832.10000000,TUSDT
2023-02-24 12:00:00,0.04068000,0.04081000,0.04030000,0.04037000,2103761.90000000,TUSDT
2023-02-24 13:00:00,0.04036000,0.04048000,0.03997000,0.04008000,4473111.70000000,TUSDT
2023-02-24 14:00:00,0.04002000,0.04017000,0.03992000,0.04017000,3369700.10000000,TUSDT
2023-02-24 15:00:00,0.04013000,0.04016000,0.03923000,0.03942000,6822419.90000000,TUSDT
2023-02-24 16:00:00,0.03937000,0.03938000,0.03837000,0.03903000,8911579.90000000,TUSDT
2023-02-24 17:00:00,0.03903000,0.03918000,0.03882000,0.03895000,1739555.20000000,TUSDT
2023-02-24 18:00:00,0.03893000,0.03909000,0.03884000,0.03898000,1004671.20000000,TUSDT
2023-02-24 19:00:00,0.03895000,0.03904000,0.03859000,0.03899000,3792744.80000000,TUSDT
2023-02-24 20:00:00,0.03903000,0.03936000,0.03899000,0.03924000,1230036.70000000,TUSDT
2023-02-24 21:00:00,0.03919000,0.03923000,0.03876000,0.03882000,1407854.90000000,TUSDT
2023-02-24 22:00:00,0.03875000,0.03914000,0.03859000,0.03912000,1953247.40000000,TUSDT
2023-02-24 23:00:00,0.03912000,0.03954000,0.03899000,0.03938000,1502003.90000000,TUSDT
2023-02-25 00:00:00,0.03931000,0.03959000,0.03901000,0.03934000,5899162.20000000,TUSDT
2023-02-25 01:00:00,0.03933000,0.03933000,0.03908000,0.03908000,968902.40000000,TUSDT
2023-02-25 02:00:00,0.03909000,0.03914000,0.03863000,0.03871000,1324801.50000000,TUSDT
2023-02-25 03:00:00,0.03872000,0.03893000,0.03866000,0.03882000,1118109.60000000,TUSDT
2023-02-25 04:00:00,0.03880000,0.03897000,0.03868000,0.03892000,1334991.60000000,TUSDT
2023-02-25 05:00:00,0.03891000,0.03891000,0.03855000,0.03859000,1456149.70000000,TUSDT
2023-02-25 06:00:00,0.03862000,0.03897000,0.03862000,0.03893000,1480465.40000000,TUSDT
2023-02-25 07:00:00,0.03896000,0.03899000,0.03884000,0.03894000,609094.20000000,TUSDT
2023-02-25 08:00:00,0.03894000,0.03917000,0.03892000,0.03907000,1529120.80000000,TUSDT
2023-02-25 09:00:00,0.03907000,0.03916000,0.03882000,0.03896000,2202998.80000000,TUSDT
2023-02-25 10:00:00,0.03897000,0.04009000,0.03885000,0.03944000,15306175.10000000,TUSDT
2023-02-25 11:00:00,0.03944000,0.03946000,0.03896000,0.03925000,1776825.00000000,TUSDT
2023-02-25 12:00:00,0.03929000,0.03930000,0.03867000,0.03900000,2655030.70000000,TUSDT
2023-02-25 13:00:00,0.03906000,0.04246000,0.03904000,0.03913000,51717239.10000000,TUSDT
2023-02-25 14:00:00,0.03913000,0.03915000,0.03879000,0.03895000,4533119.20000000,TUSDT
2023-02-25 15:00:00,0.03894000,0.03901000,0.03855000,0.03874000,3137339.50000000,TUSDT
2023-02-25 16:00:00,0.03873000,0.03899000,0.03873000,0.03877000,2178465.30000000,TUSDT
2023-02-25 17:00:00,0.03876000,0.03897000,0.03874000,0.03890000,3374832.40000000,TUSDT
2023-02-25 18:00:00,0.03890000,0.03893000,0.03820000,0.03837000,7015981.60000000,TUSDT
2023-02-25 19:00:00,0.03842000,0.03853000,0.03793000,0.03825000,3473792.90000000,TUSDT
2023-02-25 20:00:00,0.03830000,0.03835000,0.03760000,0.03797000,2914814.60000000,TUSDT
2023-02-25 21:00:00,0.03802000,0.03814000,0.03789000,0.03805000,1862445.90000000,TUSDT
2023-02-25 22:00:00,0.03812000,0.03864000,0.03801000,0.03862000,2125889.30000000,TUSDT
2023-02-25 23:00:00,0.03862000,0.03879000,0.03856000,0.03869000,1563487.00000000,TUSDT
2023-02-26 00:00:00,0.03867000,0.03945000,0.03839000,0.03906000,5623519.60000000,TUSDT
2023-02-26 01:00:00,0.03910000,0.03942000,0.03905000,0.03921000,1401883.30000000,TUSDT
2023-02-26 02:00:00,0.03923000,0.03937000,0.03885000,0.03937000,812660.40000000,TUSDT
2023-02-26 03:00:00,0.03934000,0.03936000,0.03908000,0.03910000,1480308.20000000,TUSDT
2023-02-26 04:00:00,0.03912000,0.03923000,0.03908000,0.03915000,693550.40000000,TUSDT
2023-02-26 05:00:00,0.03919000,0.03933000,0.03914000,0.03926000,1057002.60000000,TUSDT
2023-02-26 06:00:00,0.03927000,0.03927000,0.03909000,0.03915000,992105.60000000,TUSDT
2023-02-26 07:00:00,0.03919000,0.04034000,0.03915000,0.03986000,9079077.00000000,TUSDT
2023-02-26 08:00:00,0.03987000,0.04019000,0.03949000,0.03978000,2549362.50000000,TUSDT
2023-02-26 09:00:00,0.03978000,0.04019000,0.03966000,0.03995000,1404841.70000000,TUSDT
2023-02-26 10:00:00,0.03996000,0.03997000,0.03942000,0.03944000,2935817.60000000,TUSDT
2023-02-26 11:00:00,0.03949000,0.03954000,0.03913000,0.03931000,2658413.60000000,TUSDT
2023-02-26 12:00:00,0.03931000,0.03949000,0.03904000,0.03904000,1968604.10000000,TUSDT
2023-02-26 13:00:00,0.03909000,0.03927000,0.03892000,0.03926000,1476461.80000000,TUSDT
2023-02-26 14:00:00,0.03927000,0.03941000,0.03910000,0.03914000,1755627.40000000,TUSDT
2023-02-26 15:00:00,0.03918000,0.03927000,0.03911000,0.03917000,886743.80000000,TUSDT
2023-02-26 16:00:00,0.03921000,0.03929000,0.03889000,0.03893000,1659499.30000000,TUSDT
2023-02-26 17:00:00,0.03893000,0.03894000,0.03877000,0.03894000,696426.00000000,TUSDT
2023-02-26 18:00:00,0.03896000,0.03941000,0.03889000,0.03931000,1924283.50000000,TUSDT
2023-02-26 19:00:00,0.03936000,0.03957000,0.03922000,0.03946000,1370914.30000000,TUSDT
2023-02-26 20:00:00,0.03947000,0.03973000,0.03946000,0.03962000,1012960.60000000,TUSDT
2023-02-26 21:00:00,0.03965000,0.03967000,0.03933000,0.03941000,1307148.60000000,TUSDT
2023-02-26 22:00:00,0.03941000,0.03951000,0.03913000,0.03927000,1141783.10000000,TUSDT
2023-02-26 23:00:00,0.03929000,0.03968000,0.03927000,0.03948000,1712770.40000000,TUSDT
2023-02-27 00:00:00,0.03948000,0.04000000,0.03913000,0.03917000,3793586.30000000,TUSDT
2023-02-27 01:00:00,0.03915000,0.03934000,0.03904000,0.03931000,2428623.00000000,TUSDT
2023-02-27 02:00:00,0.03936000,0.03946000,0.03909000,0.03920000,1236652.10000000,TUSDT
2023-02-27 03:00:00,0.03921000,0.03932000,0.03904000,0.03910000,1174541.00000000,TUSDT
2023-02-27 04:00:00,0.03910000,0.03913000,0.03884000,0.03892000,1754977.30000000,TUSDT
2023-02-27 05:00:00,0.03894000,0.03905000,0.03876000,0.03886000,1463263.70000000,TUSDT
2023-02-27 06:00:00,0.03882000,0.03895000,0.03873000,0.03890000,686172.50000000,TUSDT
2023-02-27 07:00:00,0.03890000,0.03907000,0.03885000,0.03890000,2730016.30000000,TUSDT
2023-02-27 08:00:00,0.03889000,0.03898000,0.03866000,0.03873000,2538447.20000000,TUSDT
2023-02-27 09:00:00,0.03871000,0.03877000,0.03848000,0.03874000,1723970.50000000,TUSDT
2023-02-27 10:00:00,0.03874000,0.03875000,0.03840000,0.03854000,1947686.70000000,TUSDT
2023-02-27 11:00:00,0.03857000,0.03897000,0.03857000,0.03889000,3277893.90000000,TUSDT
2023-02-27 12:00:00,0.03891000,0.03956000,0.03882000,0.03927000,9398863.80000000,TUSDT
2023-02-27 13:00:00,0.03928000,0.04049000,0.03925000,0.03977000,10587560.30000000,TUSDT
2023-02-27 14:00:00,0.03978000,0.03995000,0.03890000,0.03946000,10279873.90000000,TUSDT
2023-02-27 15:00:00,0.03948000,0.03962000,0.03900000,0.03927000,2152414.70000000,TUSDT
2023-02-27 16:00:00,0.03928000,0.03939000,0.03901000,0.03920000,1458895.50000000,TUSDT
2023-02-27 17:00:00,0.03923000,0.03924000,0.03908000,0.03919000,806498.00000000,TUSDT
2023-02-27 18:00:00,0.03912000,0.03917000,0.03865000,0.03886000,1499621.00000000,TUSDT
2023-02-27 19:00:00,0.03885000,0.03898000,0.03877000,0.03890000,315240.40000000,TUSDT
2023-02-27 20:00:00,0.03884000,0.03885000,0.03861000,0.03870000,2740616.90000000,TUSDT
2023-02-27 21:00:00,0.03871000,0.03889000,0.03869000,0.03887000,627767.60000000,TUSDT
2023-02-27 22:00:00,0.03888000,0.03903000,0.03878000,0.03896000,773946.90000000,TUSDT
2023-02-27 23:00:00,0.03902000,0.03941000,0.03892000,0.03939000,1491183.60000000,TUSDT
2023-02-28 00:00:00,0.03938000,0.03939000,0.03889000,0.03911000,1240310.70000000,TUSDT
2023-02-28 01:00:00,0.03910000,0.03917000,0.03892000,0.03901000,564043.50000000,TUSDT
2023-02-28 02:00:00,0.03901000,0.03907000,0.03876000,0.03896000,1042738.30000000,TUSDT
2023-02-28 03:00:00,0.03898000,0.03929000,0.03894000,0.03917000,3421048.80000000,TUSDT
2023-02-28 04:00:00,0.03917000,0.03928000,0.03891000,0.03901000,2653249.80000000,TUSDT
2023-02-28 05:00:00,0.03898000,0.03908000,0.03878000,0.03894000,3355504.90000000,TUSDT
2023-02-28 06:00:00,0.03890000,0.03900000,0.03887000,0.03892000,470227.30000000,TUSDT
2023-02-28 07:00:00,0.03894000,0.03901000,0.03855000,0.03856000,1300133.10000000,TUSDT
2023-02-28 08:00:00,0.03853000,0.03869000,0.03842000,0.03865000,1691808.00000000,TUSDT
2023-02-28 09:00:00,0.03865000,0.03885000,0.03860000,0.03872000,1158445.50000000,TUSDT
2023-02-28 10:00:00,0.03873000,0.03886000,0.03869000,0.03881000,543978.60000000,TUSDT
2023-02-28 11:00:00,0.03882000,0.03886000,0.03863000,0.03876000,737891.70000000,TUSDT
2023-02-28 12:00:00,0.03876000,0.03897000,0.03876000,0.03891000,1120482.70000000,TUSDT
2023-02-28 13:00:00,0.03893000,0.03899000,0.03881000,0.03888000,987193.10000000,TUSDT
2023-02-28 14:00:00,0.03889000,0.03901000,0.03866000,0.03885000,870342.10000000,TUSDT
2023-02-28 15:00:00,0.03888000,0.03909000,0.03884000,0.03904000,1048771.20000000,TUSDT
2023-02-28 16:00:00,0.03904000,0.03919000,0.03897000,0.03900000,1266556.00000000,TUSDT
2023-02-28 17:00:00,0.03900000,0.03919000,0.03894000,0.03915000,920904.20000000,TUSDT
2023-02-28 18:00:00,0.03914000,0.03916000,0.03904000,0.03910000,893261.10000000,TUSDT
2023-02-28 19:00:00,0.03911000,0.03915000,0.03860000,0.03864000,1939151.40000000,TUSDT
2023-02-28 20:00:00,0.03864000,0.03883000,0.03850000,0.03878000,1414687.80000000,TUSDT
2023-02-28 21:00:00,0.03874000,0.03874000,0.03822000,0.03839000,2956905.70000000,TUSDT
2023-02-28 22:00:00,0.03839000,0.03857000,0.03825000,0.03850000,1559140.70000000,TUSDT
2023-02-28 23:00:00,0.03849000,0.03852000,0.03811000,0.03825000,2504218.10000000,TUSDT
2023-03-01 00:00:00,0.03825000,0.03832000,0.03765000,0.03768000,4955310.60000000,TUSDT
2023-03-01 01:00:00,0.03774000,0.03822000,0.03768000,0.03813000,3271249.70000000,TUSDT
2023-03-01 02:00:00,0.03812000,0.03844000,0.03812000,0.03839000,1878683.00000000,TUSDT
2023-03-01 03:00:00,0.03843000,0.03862000,0.03835000,0.03862000,708150.30000000,TUSDT
2023-03-01 04:00:00,0.03864000,0.03915000,0.03859000,0.03906000,2989109.50000000,TUSDT
2023-03-01 05:00:00,0.03910000,0.04182000,0.03908000,0.04058000,115318717.00000000,TUSDT
2023-03-01 06:00:00,0.04058000,0.04199000,0.04005000,0.04103000,37109866.60000000,TUSDT
2023-03-01 07:00:00,0.04099000,0.04184000,0.04044000,0.04130000,29857069.60000000,TUSDT
2023-03-01 08:00:00,0.04131000,0.04247000,0.04096000,0.04219000,29031687.90000000,TUSDT
2023-03-01 09:00:00,0.04214000,0.04230000,0.04144000,0.04172000,13958695.80000000,TUSDT
2023-03-01 10:00:00,0.04177000,0.04188000,0.04066000,0.04090000,19050474.10000000,TUSDT
2023-03-01 11:00:00,0.04090000,0.04137000,0.04067000,0.04078000,9555756.90000000,TUSDT
2023-03-01 12:00:00,0.04080000,0.04145000,0.04034000,0.04098000,12214565.30000000,TUSDT
2023-03-01 13:00:00,0.04096000,0.04363000,0.04067000,0.04149000,77329147.10000000,TUSDT
2023-03-01 14:00:00,0.04148000,0.04176000,0.04071000,0.04071000,15902137.30000000,TUSDT
2023-03-01 15:00:00,0.04075000,0.04097000,0.04042000,0.04059000,7460181.20000000,TUSDT
2023-03-01 16:00:00,0.04059000,0.04074000,0.04007000,0.04026000,6417409.40000000,TUSDT
2023-03-01 17:00:00,0.04025000,0.04048000,0.04021000,0.04031000,3518769.10000000,TUSDT
2023-03-01 18:00:00,0.04031000,0.04048000,0.04026000,0.04027000,1777772.80000000,TUSDT
2023-03-01 19:00:00,0.04029000,0.04036000,0.03979000,0.03993000,5749820.50000000,TUSDT
2023-03-01 20:00:00,0.03989000,0.04025000,0.03979000,0.04022000,2736740.80000000,TUSDT
2023-03-01 21:00:00,0.04022000,0.04056000,0.04021000,0.04026000,4714041.60000000,TUSDT
2023-03-01 22:00:00,0.04028000,0.04065000,0.04028000,0.04059000,2559571.90000000,TUSDT
2023-03-01 23:00:00,0.04062000,0.04079000,0.04038000,0.04047000,3895545.20000000,TUSDT
2023-03-02 00:00:00,0.04049000,0.04360000,0.04048000,0.04303000,58587473.20000000,TUSDT
2023-03-02 01:00:00,0.04303000,0.04363000,0.04265000,0.04352000,39661781.00000000,TUSDT
2023-03-02 02:00:00,0.04346000,0.04357000,0.04169000,0.04192000,14777390.40000000,TUSDT
2023-03-02 03:00:00,0.04191000,0.04214000,0.04126000,0.04159000,11049630.30000000,TUSDT
2023-03-02 04:00:00,0.04157000,0.04224000,0.04137000,0.04214000,6890328.20000000,TUSDT
2023-03-02 05:00:00,0.04213000,0.04234000,0.04114000,0.04138000,6787233.00000000,TUSDT
2023-03-02 06:00:00,0.04139000,0.04540000,0.04139000,0.04355000,127489629.70000000,TUSDT
2023-03-02 07:00:00,0.04355000,0.04495000,0.04315000,0.04396000,46326257.40000000,TUSDT
2023-03-02 08:00:00,0.04390000,0.04434000,0.04259000,0.04319000,25424544.80000000,TUSDT
2023-03-02 09:00:00,0.04319000,0.04353000,0.04264000,0.04286000,10693846.10000000,TUSDT
2023-03-02 10:00:00,0.04288000,0.04549000,0.04276000,0.04460000,54219382.60000000,TUSDT
2023-03-02 11:00:00,0.04460000,0.05026000,0.04443000,0.04887000,202971244.60000000,TUSDT
2023-03-02 12:00:00,0.04888000,0.04900000,0.04522000,0.04605000,100931208.30000000,TUSDT
2023-03-02 13:00:00,0.04602000,0.04605000,0.04447000,0.04551000,48336131.50000000,TUSDT
2023-03-02 14:00:00,0.04552000,0.04553000,0.04445000,0.04472000,24734456.40000000,TUSDT
2023-03-02 15:00:00,0.04474000,0.04608000,0.04465000,0.04558000,23956127.70000000,TUSDT
2023-03-02 16:00:00,0.04561000,0.04699000,0.04523000,0.04547000,39923412.00000000,TUSDT
2023-03-02 17:00:00,0.04548000,0.04567000,0.04471000,0.04564000,19812956.20000000,TUSDT
2023-03-02 18:00:00,0.04566000,0.04605000,0.04494000,0.04604000,19216036.90000000,TUSDT
2023-03-02 19:00:00,0.04600000,0.04671000,0.04558000,0.04648000,14349024.60000000,TUSDT
2023-03-02 20:00:00,0.04650000,0.04668000,0.04591000,0.04596000,11682031.80000000,TUSDT
2023-03-02 21:00:00,0.04598000,0.04620000,0.04566000,0.04591000,8815011.50000000,TUSDT
2023-03-02 22:00:00,0.04591000,0.04680000,0.04575000,0.04604000,15252925.80000000,TUSDT
2023-03-02 23:00:00,0.04604000,0.04710000,0.04597000,0.04624000,19068838.80000000,TUSDT
2023-03-03 00:00:00,0.04624000,0.04966000,0.04581000,0.04741000,73469134.40000000,TUSDT
2023-03-03 01:00:00,0.04745000,0.04745000,0.04071000,0.04372000,106366628.40000000,TUSDT
2023-03-03 02:00:00,0.04379000,0.04680000,0.04348000,0.04595000,45750455.60000000,TUSDT
2023-03-03 03:00:00,0.04594000,0.04609000,0.04475000,0.04512000,21777788.30000000,TUSDT
2023-03-03 04:00:00,0.04513000,0.04635000,0.04456000,0.04596000,22052544.00000000,TUSDT
2023-03-03 05:00:00,0.04600000,0.04655000,0.04519000,0.04536000,12064690.50000000,TUSDT
2023-03-03 06:00:00,0.04536000,0.04546000,0.04314000,0.04333000,22341479.40000000,TUSDT
2023-03-03 07:00:00,0.04332000,0.04366000,0.04259000,0.04346000,23019215.10000000,TUSDT
2023-03-03 08:00:00,0.04340000,0.04500000,0.04307000,0.04485000,16155416.20000000,TUSDT
2023-03-03 09:00:00,0.04485000,0.04538000,0.04367000,0.04408000,19049888.60000000,TUSDT
2023-03-03 10:00:00,0.04402000,0.04484000,0.04364000,0.04368000,16033070.20000000,TUSDT
2023-03-03 11:00:00,0.04368000,0.04387000,0.04278000,0.04340000,28301506.30000000,TUSDT
2023-03-03 12:00:00,0.04340000,0.04388000,0.04313000,0.04329000,10375739.30000000,TUSDT
2023-03-03 13:00:00,0.04329000,0.04361000,0.04262000,0.04333000,11180144.60000000,TUSDT
2023-03-03 14:00:00,0.04332000,0.04352000,0.04229000,0.04252000,18694705.80000000,TUSDT
2023-03-03 15:00:00,0.04255000,0.04292000,0.04219000,0.04247000,12352072.10000000,TUSDT
2023-03-03 16:00:00,0.04244000,0.04262000,0.04133000,0.04177000,24077594.80000000,TUSDT
2023-03-03 17:00:00,0.04178000,0.04199000,0.04150000,0.04169000,14080812.30000000,TUSDT
2023-03-03 18:00:00,0.04172000,0.04191000,0.04152000,0.04168000,9958690.30000000,TUSDT
2023-03-03 19:00:00,0.04168000,0.04184000,0.04147000,0.04168000,5576267.50000000,TUSDT
2023-03-03 20:00:00,0.04168000,0.04200000,0.04164000,0.04195000,5081361.30000000,TUSDT
2023-03-03 21:00:00,0.04195000,0.04199000,0.04142000,0.04162000,6266530.00000000,TUSDT
2023-03-03 22:00:00,0.04164000,0.04232000,0.04157000,0.04226000,7710896.10000000,TUSDT
2023-03-03 23:00:00,0.04226000,0.04315000,0.04226000,0.04293000,13588307.80000000,TUSDT
2023-03-04 00:00:00,0.04292000,0.04296000,0.04173000,0.04198000,17454753.70000000,TUSDT
2023-03-04 01:00:00,0.04200000,0.04273000,0.04164000,0.04249000,7962986.50000000,TUSDT
2023-03-04 02:00:00,0.04247000,0.04251000,0.04191000,0.04203000,3513056.20000000,TUSDT
2023-03-04 03:00:00,0.04201000,0.04202000,0.04153000,0.04158000,6881510.60000000,TUSDT
2023-03-04 04:00:00,0.04157000,0.04160000,0.04044000,0.04073000,8628786.60000000,TUSDT
2023-03-04 05:00:00,0.04076000,0.04086000,0.04029000,0.04049000,5142961.00000000,TUSDT
2023-03-04 06:00:00,0.04049000,0.04098000,0.04037000,0.04084000,2716211.60000000,TUSDT
2023-03-04 07:00:00,0.04084000,0.04120000,0.04082000,0.04109000,3870333.00000000,TUSDT
2023-03-04 08:00:00,0.04109000,0.04109000,0.04067000,0.04075000,2769643.70000000,TUSDT
2023-03-04 09:00:00,0.04074000,0.04096000,0.04030000,0.04032000,4098396.50000000,TUSDT
2023-03-04 10:00:00,0.04034000,0.04044000,0.03971000,0.03983000,7841223.70000000,TUSDT
2023-03-04 11:00:00,0.03981000,0.04016000,0.03961000,0.04016000,7940656.80000000,TUSDT
2023-03-04 12:00:00,0.04015000,0.04016000,0.03988000,0.03999000,3314686.30000000,TUSDT
2023-03-04 13:00:00,0.04000000,0.04015000,0.03995000,0.03998000,1537666.10000000,TUSDT
2023-03-04 14:00:00,0.04000000,0.04000000,0.03959000,0.03982000,6059926.90000000,TUSDT
2023-03-04 15:00:00,0.03984000,0.04003000,0.03971000,0.03994000,2675577.20000000,TUSDT
2023-03-04 16:00:00,0.03994000,0.04033000,0.03992000,0.04011000,2796586.80000000,TUSDT
2023-03-04 17:00:00,0.04012000,0.04015000,0.03982000,0.03987000,3288502.10000000,TUSDT
2023-03-04 18:00:00,0.03989000,0.04011000,0.03980000,0.04010000,3438589.70000000,TUSDT
2023-03-04 19:00:00,0.04012000,0.04022000,0.03969000,0.03979000,1917226.80000000,TUSDT
2023-03-04 20:00:00,0.03973000,0.04004000,0.03859000,0.03931000,9198448.40000000,TUSDT
2023-03-04 21:00:00,0.03934000,0.03937000,0.03863000,0.03902000,9439650.40000000,TUSDT
2023-03-04 22:00:00,0.03900000,0.03959000,0.03873000,0.03936000,4087247.80000000,TUSDT
2023-03-04 23:00:00,0.03933000,0.03978000,0.03919000,0.03952000,3988390.50000000,TUSDT
2023-03-05 00:00:00,0.03951000,0.04196000,0.03943000,0.04181000,31490475.00000000,TUSDT
2023-03-05 01:00:00,0.04182000,0.04206000,0.04031000,0.04091000,23642272.10000000,TUSDT
2023-03-05 02:00:00,0.04090000,0.04099000,0.04035000,0.04060000,4695560.00000000,TUSDT
2023-03-05 03:00:00,0.04060000,0.04082000,0.04060000,0.04081000,1700075.00000000,TUSDT
2023-03-05 04:00:00,0.04080000,0.04164000,0.04080000,0.04127000,7940844.40000000,TUSDT
2023-03-05 05:00:00,0.04130000,0.04142000,0.04081000,0.04085000,2836938.30000000,TUSDT
2023-03-05 06:00:00,0.04083000,0.04129000,0.04079000,0.04098000,2836639.70000000,TUSDT
2023-03-05 07:00:00,0.04100000,0.04110000,0.04074000,0.04079000,2214348.70000000,TUSDT
2023-03-05 08:00:00,0.04081000,0.04139000,0.04081000,0.04129000,5971940.60000000,TUSDT
2023-03-05 09:00:00,0.04129000,0.04140000,0.04098000,0.04107000,5090957.10000000,TUSDT
2023-03-05 10:00:00,0.04106000,0.04154000,0.04104000,0.04118000,4727066.40000000,TUSDT
2023-03-05 11:00:00,0.04114000,0.04125000,0.04048000,0.04048000,6414702.10000000,TUSDT
2023-03-05 12:00:00,0.04050000,0.04089000,0.03993000,0.04005000,11586538.00000000,TUSDT
2023-03-05 13:00:00,0.04008000,0.04020000,0.03969000,0.04019000,5109103.90000000,TUSDT
2023-03-05 14:00:00,0.04018000,0.04018000,0.03983000,0.04000000,2502908.80000000,TUSDT
2023-03-05 15:00:00,0.04000000,0.04006000,0.03970000,0.03995000,3440842.60000000,TUSDT
2023-03-05 16:00:00,0.03996000,0.04014000,0.03994000,0.04002000,1844943.60000000,TUSDT
2023-03-05 17:00:00,0.04004000,0.04063000,0.03990000,0.04047000,5928446.20000000,TUSDT
2023-03-05 18:00:00,0.04047000,0.04079000,0.04036000,0.04048000,3136349.50000000,TUSDT
2023-03-05 19:00:00,0.04051000,0.04075000,0.04024000,0.04043000,2664158.50000000,TUSDT
2023-03-05 20:00:00,0.04045000,0.04086000,0.04037000,0.04072000,3579752.40000000,TUSDT
2023-03-05 21:00:00,0.04072000,0.04104000,0.04036000,0.04078000,6789014.70000000,TUSDT
2023-03-05 22:00:00,0.04079000,0.04091000,0.04040000,0.04050000,3533657.10000000,TUSDT
2023-03-05 23:00:00,0.04050000,0.04057000,0.03987000,0.04041000,7315519.90000000,TUSDT
2023-03-06 00:00:00,0.04039000,0.04224000,0.04032000,0.04140000,34085096.80000000,TUSDT
2023-03-06 01:00:00,0.04141000,0.04218000,0.04087000,0.04178000,13185326.30000000,TUSDT
2023-03-06 02:00:00,0.04168000,0.04211000,0.04147000,0.04209000,6819512.50000000,TUSDT
2023-03-06 03:00:00,0.04209000,0.04249000,0.04172000,0.04224000,9750593.10000000,TUSDT
2023-03-06 04:00:00,0.04221000,0.04221000,0.04124000,0.04129000,6876903.10000000,TUSDT
2023-03-06 05:00:00,0.04142000,0.04152000,0.04098000,0.04123000,10034910.00000000,TUSDT
2023-03-06 06:00:00,0.04127000,0.04158000,0.04122000,0.04146000,5327158.40000000,TUSDT
2023-03-06 07:00:00,0.04147000,0.04182000,0.04129000,0.04165000,5332067.90000000,TUSDT
2023-03-06 08:00:00,0.04166000,0.04203000,0.04131000,0.04132000,8827059.80000000,TUSDT
2023-03-06 09:00:00,0.04132000,0.04154000,0.04119000,0.04144000,6037589.50000000,TUSDT
2023-03-06 10:00:00,0.04148000,0.04160000,0.04093000,0.04124000,8161466.80000000,TUSDT
2023-03-06 11:00:00,0.04122000,0.04141000,0.04100000,0.04125000,4896144.00000000,TUSDT
2023-03-06 12:00:00,0.04122000,0.04164000,0.04114000,0.04133000,10726896.30000000,TUSDT
2023-03-06 13:00:00,0.04133000,0.04180000,0.04133000,0.04162000,6669736.00000000,TUSDT
2023-03-06 14:00:00,0.04164000,0.04176000,0.04148000,0.04149000,5279708.00000000,TUSDT
2023-03-06 15:00:00,0.04149000,0.04202000,0.04148000,0.04185000,9034920.60000000,TUSDT
2023-03-06 16:00:00,0.04183000,0.04202000,0.04165000,0.04182000,3537173.40000000,TUSDT
2023-03-06 17:00:00,0.04184000,0.04190000,0.04160000,0.04165000,1997688.50000000,TUSDT
2023-03-06 18:00:00,0.04166000,0.04173000,0.04158000,0.04160000,1258954.60000000,TUSDT
2023-03-06 19:00:00,0.04161000,0.04174000,0.04130000,0.04138000,5728108.00000000,TUSDT
2023-03-06 20:00:00,0.04138000,0.04145000,0.04118000,0.04121000,1918283.60000000,TUSDT
2023-03-06 21:00:00,0.04121000,0.04158000,0.04115000,0.04149000,2336771.00000000,TUSDT
2023-03-06 22:00:00,0.04152000,0.04164000,0.04151000,0.04163000,1160699.80000000,TUSDT
2023-03-06 23:00:00,0.04164000,0.04181000,0.04144000,0.04146000,4095608.70000000,TUSDT
2023-03-07 00:00:00,0.04147000,0.04189000,0.04118000,0.04131000,9913688.30000000,TUSDT
2023-03-07 01:00:00,0.04131000,0.04151000,0.04094000,0.04096000,5368996.30000000,TUSDT
2023-03-07 02:00:00,0.04097000,0.04129000,0.04093000,0.04126000,3262016.10000000,TUSDT
2023-03-07 03:00:00,0.04126000,0.04143000,0.04100000,0.04100000,2490178.50000000,TUSDT
2023-03-07 04:00:00,0.04101000,0.04114000,0.04055000,0.04070000,5096111.50000000,TUSDT
2023-03-07 05:00:00,0.04069000,0.04070000,0.04016000,0.04043000,5433985.00000000,TUSDT
2023-03-07 06:00:00,0.04043000,0.04064000,0.04028000,0.04038000,2531521.00000000,TUSDT
2023-03-07 07:00:00,0.04036000,0.04038000,0.03976000,0.04001000,8951225.70000000,TUSDT
2023-03-07 08:00:00,0.03996000,0.04005000,0.03933000,0.03955000,8741135.90000000,TUSDT
2023-03-07 09:00:00,0.03955000,0.03955000,0.03912000,0.03915000,4793941.30000000,TUSDT
2023-03-07 10:00:00,0.03915000,0.03935000,0.03870000,0.03890000,5050635.50000000,TUSDT
2023-03-07 11:00:00,0.03887000,0.03911000,0.03869000,0.03902000,4865709.70000000,TUSDT
2023-03-07 12:00:00,0.03903000,0.03930000,0.03887000,0.03902000,4672587.60000000,TUSDT
2023-03-07 13:00:00,0.03901000,0.03913000,0.03862000,0.03863000,4520853.60000000,TUSDT
2023-03-07 14:00:00,0.03861000,0.03890000,0.03840000,0.03848000,7313724.90000000,TUSDT
2023-03-07 15:00:00,0.03847000,0.03863000,0.03732000,0.03841000,12022011.20000000,TUSDT
2023-03-07 16:00:00,0.03838000,0.03847000,0.03774000,0.03804000,5425199.00000000,TUSDT
2023-03-07 17:00:00,0.03804000,0.03864000,0.03792000,0.03860000,4289566.90000000,TUSDT
2023-03-07 18:00:00,0.03859000,0.03859000,0.03796000,0.03799000,3665424.20000000,TUSDT
2023-03-07 19:00:00,0.03802000,0.03841000,0.03794000,0.03799000,2707747.70000000,TUSDT
2023-03-07 20:00:00,0.03797000,0.03802000,0.03770000,0.03781000,1800100.90000000,TUSDT
2023-03-07 21:00:00,0.03781000,0.03803000,0.03756000,0.03775000,5488786.50000000,TUSDT
2023-03-07 22:00:00,0.03776000,0.03798000,0.03720000,0.03796000,5053560.40000000,TUSDT
2023-03-07 23:00:00,0.03796000,0.03861000,0.03796000,0.03838000,2922169.30000000,TUSDT
2023-03-08 00:00:00,0.03841000,0.03855000,0.03720000,0.03752000,10243513.80000000,TUSDT
2023-03-08 01:00:00,0.03751000,0.03761000,0.03619000,0.03637000,13593380.10000000,TUSDT
2023-03-08 02:00:00,0.03635000,0.03713000,0.03634000,0.03676000,8385077.40000000,TUSDT
2023-03-08 03:00:00,0.03673000,0.03698000,0.03673000,0.03692000,2477430.30000000,TUSDT
2023-03-08 04:00:00,0.03695000,0.03698000,0.03653000,0.03660000,2832168.10000000,TUSDT
2023-03-08 05:00:00,0.03658000,0.03661000,0.03606000,0.03608000,4135427.10000000,TUSDT
2023-03-08 06:00:00,0.03607000,0.03639000,0.03589000,0.03620000,2887023.10000000,TUSDT
2023-03-08 07:00:00,0.03621000,0.03622000,0.03602000,0.03604000,1919315.30000000,TUSDT
2023-03-08 08:00:00,0.03604000,0.03626000,0.03581000,0.03612000,2476648.20000000,TUSDT
2023-03-08 09:00:00,0.03613000,0.03616000,0.03570000,0.03590000,7346169.10000000,TUSDT
2023-03-08 10:00:00,0.03590000,0.03600000,0.03474000,0.03566000,41010564.30000000,TUSDT
2023-03-08 11:00:00,0.03566000,0.03577000,0.03545000,0.03566000,8295092.80000000,TUSDT
2023-03-08 12:00:00,0.03567000,0.03568000,0.03530000,0.03540000,8798260.20000000,TUSDT
2023-03-08 13:00:00,0.03538000,0.03540000,0.03431000,0.03443000,17711928.80000000,TUSDT
2023-03-08 14:00:00,0.03443000,0.03465000,0.03412000,0.03452000,6692870.90000000,TUSDT
2023-03-08 15:00:00,0.03447000,0.03544000,0.03435000,0.03519000,9480534.10000000,TUSDT
2023-03-08 16:00:00,0.03519000,0.03536000,0.03488000,0.03514000,7436772.10000000,TUSDT
2023-03-08 17:00:00,0.03515000,0.03517000,0.03489000,0.03497000,2822545.80000000,TUSDT
2023-03-08 18:00:00,0.03497000,0.03497000,0.03449000,0.03468000,2332602.40000000,TUSDT
2023-03-08 19:00:00,0.03471000,0.03497000,0.03460000,0.03483000,1323561.90000000,TUSDT
2023-03-08 20:00:00,0.03483000,0.03546000,0.03483000,0.03531000,4119465.40000000,TUSDT
2023-03-08 21:00:00,0.03531000,0.03559000,0.03484000,0.03506000,5047228.00000000,TUSDT
2023-03-08 22:00:00,0.03506000,0.03506000,0.03351000,0.03374000,12940610.30000000,TUSDT
2023-03-08 23:00:00,0.03376000,0.03418000,0.03370000,0.03413000,5372110.40000000,TUSDT
2023-03-09 00:00:00,0.03414000,0.03426000,0.03221000,0.03234000,24583980.00000000,TUSDT
2023-03-09 01:00:00,0.03232000,0.03263000,0.03212000,0.03255000,6465130.60000000,TUSDT
2023-03-09 02:00:00,0.03258000,0.03318000,0.03258000,0.03312000,3712682.40000000,TUSDT
2023-03-09 03:00:00,0.03314000,0.03413000,0.03313000,0.03413000,6721446.80000000,TUSDT
2023-03-09 04:00:00,0.03412000,0.03522000,0.03398000,0.03414000,19011338.20000000,TUSDT
2023-03-09 05:00:00,0.03418000,0.03487000,0.03415000,0.03467000,5302240.60000000,TUSDT
2023-03-09 06:00:00,0.03467000,0.03539000,0.03446000,0.03476000,8662571.00000000,TUSDT
2023-03-09 07:00:00,0.03479000,0.03479000,0.03342000,0.03349000,6555834.00000000,TUSDT
2023-03-09 08:00:00,0.03354000,0.03376000,0.03334000,0.03372000,3919736.50000000,TUSDT
2023-03-09 09:00:00,0.03372000,0.03399000,0.03365000,0.03379000,3420715.00000000,TUSDT
2023-03-09 10:00:00,0.03379000,0.03396000,0.03345000,0.03364000,3910137.90000000,TUSDT
2023-03-09 11:00:00,0.03366000,0.03398000,0.03366000,0.03392000,3469064.40000000,TUSDT
2023-03-09 12:00:00,0.03396000,0.03396000,0.03353000,0.03366000,3193922.80000000,TUSDT
2023-03-09 13:00:00,0.03366000,0.03428000,0.03333000,0.03423000,4335035.90000000,TUSDT
2023-03-09 14:00:00,0.03426000,0.03470000,0.03423000,0.03427000,2806738.80000000,TUSDT
2023-03-09 15:00:00,0.03431000,0.03448000,0.03395000,0.03400000,4900840.70000000,TUSDT
2023-03-09 16:00:00,0.03399000,0.03402000,0.03343000,0.03350000,4520727.80000000,TUSDT
2023-03-09 17:00:00,0.03351000,0.03387000,0.03344000,0.03368000,2796942.50000000,TUSDT
2023-03-09 18:00:00,0.03371000,0.03376000,0.03269000,0.03280000,5888481.40000000,TUSDT
2023-03-09 19:00:00,0.03276000,0.03292000,0.03236000,0.03252000,3950650.90000000,TUSDT
2023-03-09 20:00:00,0.03251000,0.03251000,0.03066000,0.03074000,11612802.50000000,TUSDT
2023-03-09 21:00:00,0.03069000,0.03130000,0.03065000,0.03065000,6758650.30000000,TUSDT
2023-03-09 22:00:00,0.03065000,0.03170000,0.03061000,0.03142000,5293432.30000000,TUSDT
2023-03-09 23:00:00,0.03142000,0.03210000,0.03133000,0.03176000,3084434.20000000,TUSDT
2023-03-10 00:00:00,0.03177000,0.03339000,0.03162000,0.03271000,28225301.90000000,TUSDT
2023-03-10 01:00:00,0.03267000,0.03274000,0.03159000,0.03236000,7140918.70000000,TUSDT
2023-03-10 02:00:00,0.03230000,0.03321000,0.03202000,0.03289000,9492991.90000000,TUSDT
2023-03-10 03:00:00,0.03285000,0.03360000,0.03273000,0.03309000,11893313.70000000,TUSDT
2023-03-10 04:00:00,0.03307000,0.03307000,0.03238000,0.03255000,4297507.00000000,TUSDT
2023-03-10 05:00:00,0.03255000,0.03300000,0.03254000,0.03263000,2793838.80000000,TUSDT
2023-03-10 06:00:00,0.03263000,0.03289000,0.03187000,0.03196000,4766110.20000000,TUSDT
2023-03-10 07:00:00,0.03198000,0.03226000,0.03151000,0.03200000,3713358.60000000,TUSDT
2023-03-10 08:00:00,0.03202000,0.03260000,0.03202000,0.03228000,6295484.00000000,TUSDT
2023-03-10 09:00:00,0.03229000,0.03239000,0.03164000,0.03166000,3433544.00000000,TUSDT
2023-03-10 10:00:00,0.03166000,0.03172000,0.02999000,0.03060000,20823292.10000000,TUSDT
2023-03-10 11:00:00,0.03062000,0.03125000,0.03062000,0.03114000,6082271.30000000,TUSDT
2023-03-10 12:00:00,0.03117000,0.03149000,0.03094000,0.03146000,4685510.50000000,TUSDT
2023-03-10 13:00:00,0.03146000,0.03238000,0.03143000,0.03209000,6933959.10000000,TUSDT
2023-03-10 14:00:00,0.03211000,0.03225000,0.03137000,0.03176000,9039756.30000000,TUSDT
2023-03-10 15:00:00,0.03175000,0.03233000,0.03172000,0.03232000,1975502.70000000,TUSDT
2023-03-10 16:00:00,0.03229000,0.03327000,0.03200000,0.03226000,14158628.70000000,TUSDT
2023-03-10 17:00:00,0.03229000,0.03261000,0.03187000,0.03238000,7230181.30000000,TUSDT
2023-03-10 18:00:00,0.03237000,0.03494000,0.03236000,0.03311000,45405290.70000000,TUSDT
2023-03-10 19:00:00,0.03311000,0.03400000,0.03274000,0.03345000,21963161.10000000,TUSDT
2023-03-10 20:00:00,0.03346000,0.03379000,0.03306000,0.03313000,7499013.50000000,TUSDT
2023-03-10 21:00:00,0.03312000,0.03355000,0.03280000,0.03346000,5274297.50000000,TUSDT
2023-03-10 22:00:00,0.03347000,0.03368000,0.03309000,0.03321000,6839427.00000000,TUSDT
2023-03-10 23:00:00,0.03324000,0.03353000,0.03320000,0.03335000,5662160.70000000,TUSDT
2023-03-11 00:00:00,0.03337000,0.03337000,0.03278000,0.03311000,8119278.00000000,TUSDT
2023-03-11 01:00:00,0.03311000,0.03388000,0.03309000,0.03372000,2593370.70000000,TUSDT
2023-03-11 02:00:00,0.03374000,0.03377000,0.03315000,0.03335000,2610156.60000000,TUSDT
2023-03-11 03:00:00,0.03333000,0.03336000,0.03299000,0.03306000,2160246.80000000,TUSDT
2023-03-11 04:00:00,0.03303000,0.03308000,0.03263000,0.03283000,2157060.70000000,TUSDT
2023-03-11 05:00:00,0.03282000,0.03317000,0.03279000,0.03309000,1466197.80000000,TUSDT
2023-03-11 06:00:00,0.03310000,0.03349000,0.03268000,0.03275000,5835109.10000000,TUSDT
2023-03-11 07:00:00,0.03276000,0.03282000,0.03089000,0.03105000,28216904.80000000,TUSDT
2023-03-11 08:00:00,0.03107000,0.03190000,0.03099000,0.03158000,6672847.20000000,TUSDT
2023-03-11 09:00:00,0.03158000,0.03185000,0.03138000,0.03162000,4174865.80000000,TUSDT
2023-03-11 10:00:00,0.03164000,0.03171000,0.03138000,0.03140000,1933260.10000000,TUSDT
2023-03-11 11:00:00,0.03136000,0.03155000,0.03106000,0.03128000,2476362.80000000,TUSDT
2023-03-11 12:00:00,0.03129000,0.03170000,0.03124000,0.03129000,1108793.00000000,TUSDT
2023-03-11 13:00:00,0.03124000,0.03154000,0.03123000,0.03129000,1078782.10000000,TUSDT
2023-03-11 14:00:00,0.03131000,0.03145000,0.03119000,0.03124000,2296240.90000000,TUSDT
2023-03-11 15:00:00,0.03122000,0.03144000,0.03088000,0.03115000,8193891.30000000,TUSDT
2023-03-11 16:00:00,0.03115000,0.03154000,0.03113000,0.03137000,2168121.50000000,TUSDT
2023-03-11 17:00:00,0.03136000,0.03181000,0.03134000,0.03169000,2443864.80000000,TUSDT
2023-03-11 18:00:00,0.03173000,0.03186000,0.03168000,0.03178000,1057058.60000000,TUSDT
2023-03-11 19:00:00,0.03183000,0.03208000,0.03180000,0.03195000,1584035.50000000,TUSDT
2023-03-11 20:00:00,0.03196000,0.03229000,0.03185000,0.03224000,2260444.50000000,TUSDT
2023-03-11 21:00:00,0.03225000,0.03229000,0.03210000,0.03217000,1069572.40000000,TUSDT
2023-03-11 22:00:00,0.03218000,0.03252000,0.03206000,0.03209000,1512097.90000000,TUSDT
2023-03-11 23:00:00,0.03211000,0.03242000,0.03209000,0.03234000,1567293.60000000,TUSDT
2023-03-12 00:00:00,0.03233000,0.03233000,0.03159000,0.03182000,3133157.90000000,TUSDT
2023-03-12 01:00:00,0.03182000,0.03229000,0.03167000,0.03185000,3446462.10000000,TUSDT
2023-03-12 02:00:00,0.03186000,0.03194000,0.03161000,0.03176000,1144829.00000000,TUSDT
2023-03-12 03:00:00,0.03181000,0.03203000,0.03178000,0.03180000,1197854.30000000,TUSDT
2023-03-12 04:00:00,0.03182000,0.03188000,0.03165000,0.03181000,1325303.00000000,TUSDT
2023-03-12 05:00:00,0.03182000,0.03202000,0.03173000,0.03173000,1067559.50000000,TUSDT
2023-03-12 06:00:00,0.03173000,0.03204000,0.03162000,0.03179000,2255422.60000000,TUSDT
2023-03-12 07:00:00,0.03180000,0.03188000,0.03151000,0.03161000,1499802.80000000,TUSDT
2023-03-12 08:00:00,0.03163000,0.03181000,0.03159000,0.03179000,1694075.90000000,TUSDT
2023-03-12 09:00:00,0.03179000,0.03196000,0.03172000,0.03177000,2034269.50000000,TUSDT
2023-03-12 10:00:00,0.03179000,0.03196000,0.03177000,0.03189000,1854237.30000000,TUSDT
2023-03-12 11:00:00,0.03189000,0.03201000,0.03187000,0.03192000,1586561.40000000,TUSDT
2023-03-12 12:00:00,0.03192000,0.03192000,0.03151000,0.03158000,1608952.20000000,TUSDT
2023-03-12 13:00:00,0.03154000,0.03173000,0.03135000,0.03135000,2755825.50000000,TUSDT
2023-03-12 14:00:00,0.03136000,0.03139000,0.03103000,0.03108000,3770839.10000000,TUSDT
2023-03-12 15:00:00,0.03107000,0.03116000,0.03067000,0.03075000,6032136.00000000,TUSDT
2023-03-12 16:00:00,0.03075000,0.03139000,0.03062000,0.03123000,5685880.20000000,TUSDT
2023-03-12 17:00:00,0.03122000,0.03205000,0.03109000,0.03187000,5706856.80000000,TUSDT
2023-03-12 18:00:00,0.03189000,0.03273000,0.03186000,0.03237000,5388915.60000000,TUSDT
2023-03-12 19:00:00,0.03234000,0.03261000,0.03187000,0.03195000,4431756.70000000,TUSDT
2023-03-12 20:00:00,0.03199000,0.03278000,0.03199000,0.03275000,3714962.80000000,TUSDT
2023-03-12 21:00:00,0.03277000,0.03295000,0.03265000,0.03295000,2583537.30000000,TUSDT
2023-03-12 22:00:00,0.03295000,0.03410000,0.03271000,0.03362000,16889686.20000000,TUSDT
2023-03-12 23:00:00,0.03365000,0.03447000,0.03360000,0.03431000,2885535.70000000,TUSDT
2023-03-13 00:00:00,0.03433000,0.03528000,0.03396000,0.03485000,8735356.30000000,TUSDT
2023-03-13 01:00:00,0.03480000,0.03579000,0.03463000,0.03511000,17289169.50000000,TUSDT
2023-03-13 02:00:00,0.03511000,0.03530000,0.03448000,0.03471000,10131559.90000000,TUSDT
2023-03-13 03:00:00,0.03471000,0.03558000,0.03426000,0.03515000,12780353.00000000,TUSDT
2023-03-13 04:00:00,0.03519000,0.03580000,0.03494000,0.03506000,13296628.40000000,TUSDT
2023-03-13 05:00:00,0.03508000,0.03526000,0.03480000,0.03492000,6839180.20000000,TUSDT
2023-03-13 06:00:00,0.03491000,0.03519000,0.03461000,0.03472000,7358785.40000000,TUSDT
2023-03-13 07:00:00,0.03478000,0.03512000,0.03472000,0.03490000,5047488.80000000,TUSDT
2023-03-13 08:00:00,0.03492000,0.03554000,0.03460000,0.03488000,7129876.80000000,TUSDT
2023-03-13 09:00:00,0.03486000,0.03569000,0.03390000,0.03426000,22759854.90000000,TUSDT
2023-03-13 10:00:00,0.03426000,0.03469000,0.03406000,0.03449000,7914351.60000000,TUSDT
2023-03-13 11:00:00,0.03452000,0.03475000,0.03417000,0.03469000,6052039.90000000,TUSDT
2023-03-13 12:00:00,0.03467000,0.03474000,0.03420000,0.03449000,7623426.20000000,TUSDT
2023-03-13 13:00:00,0.03453000,0.03503000,0.03441000,0.03475000,7384677.60000000,TUSDT
2023-03-13 14:00:00,0.03477000,0.03587000,0.03465000,0.03577000,33056584.50000000,TUSDT
2023-03-13 15:00:00,0.03577000,0.03682000,0.03572000,0.03623000,31441869.50000000,TUSDT
2023-03-13 16:00:00,0.03621000,0.03686000,0.03572000,0.03616000,15376712.40000000,TUSDT
2023-03-13 17:00:00,0.03618000,0.03641000,0.03581000,0.03631000,8096060.50000000,TUSDT
2023-03-13 18:00:00,0.03633000,0.03644000,0.03602000,0.03640000,6734048.20000000,TUSDT
2023-03-13 19:00:00,0.03640000,0.03654000,0.03602000,0.03614000,7686282.60000000,TUSDT
2023-03-13 20:00:00,0.03618000,0.03624000,0.03584000,0.03609000,7716567.30000000,TUSDT
2023-03-13 21:00:00,0.03611000,0.03645000,0.03610000,0.03626000,5875497.90000000,TUSDT
2023-03-13 22:00:00,0.03631000,0.03688000,0.03631000,0.03675000,3885559.10000000,TUSDT
2023-03-13 23:00:00,0.03675000,0.03688000,0.03620000,0.03669000,3678446.10000000,TUSDT
2023-03-14 00:00:00,0.03668000,0.03824000,0.03667000,0.03726000,20593808.30000000,TUSDT
2023-03-14 01:00:00,0.03725000,0.03807000,0.03712000,0.03769000,6042391.80000000,TUSDT
2023-03-14 02:00:00,0.03775000,0.03833000,0.03740000,0.03793000,3096901.80000000,TUSDT
2023-03-14 03:00:00,0.03788000,0.03832000,0.03787000,0.03818000,4836893.60000000,TUSDT
2023-03-14 04:00:00,0.03820000,0.03824000,0.03770000,0.03788000,4581622.30000000,TUSDT
2023-03-14 05:00:00,0.03785000,0.04298000,0.03785000,0.04176000,110745379.30000000,TUSDT
2023-03-14 06:00:00,0.04182000,0.04387000,0.04081000,0.04301000,74479436.10000000,TUSDT
2023-03-14 07:00:00,0.04302000,0.04310000,0.03965000,0.04109000,59839139.40000000,TUSDT
2023-03-14 08:00:00,0.04114000,0.04280000,0.04063000,0.04130000,48089665.80000000,TUSDT
2023-03-14 09:00:00,0.04130000,0.04279000,0.04127000,0.04237000,31606489.70000000,TUSDT
2023-03-14 10:00:00,0.04233000,0.04260000,0.04147000,0.04238000,22377017.90000000,TUSDT
2023-03-14 11:00:00,0.04238000,0.04520000,0.04198000,0.04336000,72206886.70000000,TUSDT
2023-03-14 12:00:00,0.04335000,0.04503000,0.04232000,0.04370000,44096299.20000000,TUSDT
2023-03-14 13:00:00,0.04364000,0.04675000,0.04364000,0.04467000,59267412.50000000,TUSDT
2023-03-14 14:00:00,0.04465000,0.04547000,0.04397000,0.04439000,28611723.70000000,TUSDT
2023-03-14 15:00:00,0.04434000,0.04500000,0.04356000,0.04394000,23049985.80000000,TUSDT
2023-03-14 16:00:00,0.04390000,0.04869000,0.04387000,0.04626000,139995637.40000000,TUSDT
2023-03-14 17:00:00,0.04621000,0.04627000,0.04268000,0.04290000,75828461.00000000,TUSDT
2023-03-14 18:00:00,0.04291000,0.04327000,0.04173000,0.04199000,27938657.30000000,TUSDT
2023-03-14 19:00:00,0.04202000,0.04256000,0.04093000,0.04218000,17605970.50000000,TUSDT
2023-03-14 20:00:00,0.04218000,0.04255000,0.04179000,0.04221000,13158238.00000000,TUSDT
2023-03-14 21:00:00,0.04223000,0.04244000,0.04090000,0.04239000,10160123.90000000,TUSDT
2023-03-14 22:00:00,0.04241000,0.04355000,0.04224000,0.04339000,20967851.50000000,TUSDT
2023-03-14 23:00:00,0.04338000,0.04444000,0.04302000,0.04339000,27858571.30000000,TUSDT
2023-03-15 00:00:00,0.04340000,0.04596000,0.04312000,0.04521000,56550044.20000000,TUSDT
2023-03-15 01:00:00,0.04516000,0.04689000,0.04463000,0.04555000,29258100.10000000,TUSDT
2023-03-15 02:00:00,0.04560000,0.04640000,0.04464000,0.04482000,18728450.00000000,TUSDT
2023-03-15 03:00:00,0.04483000,0.04539000,0.04458000,0.04489000,10184534.40000000,TUSDT
2023-03-15 04:00:00,0.04490000,0.04740000,0.04490000,0.04554000,21604435.90000000,TUSDT
2023-03-15 05:00:00,0.04554000,0.04636000,0.04481000,0.04484000,18287899.70000000,TUSDT
2023-03-15 06:00:00,0.04489000,0.04524000,0.04427000,0.04489000,15764110.70000000,TUSDT
2023-03-15 07:00:00,0.04490000,0.04508000,0.04441000,0.04476000,10471490.30000000,TUSDT
2023-03-15 08:00:00,0.04474000,0.04487000,0.04408000,0.04437000,9479237.70000000,TUSDT
2023-03-15 09:00:00,0.04441000,0.04452000,0.04286000,0.04335000,13059497.60000000,TUSDT
2023-03-15 10:00:00,0.04337000,0.04356000,0.04222000,0.04256000,12626617.20000000,TUSDT
2023-03-15 11:00:00,0.04256000,0.04282000,0.04130000,0.04268000,16533857.30000000,TUSDT
2023-03-15 12:00:00,0.04265000,0.04311000,0.04183000,0.04240000,8363619.00000000,TUSDT
2023-03-15 13:00:00,0.04242000,0.04311000,0.04185000,0.04197000,6529252.30000000,TUSDT
2023-03-15 14:00:00,0.04191000,0.04244000,0.04090000,0.04165000,10002027.90000000,TUSDT
2023-03-15 15:00:00,0.04162000,0.04168000,0.03974000,0.04032000,23707745.60000000,TUSDT
2023-03-15 16:00:00,0.04032000,0.04038000,0.03880000,0.03894000,16968307.90000000,TUSDT
2023-03-15 17:00:00,0.03890000,0.04017000,0.03859000,0.04003000,13421721.90000000,TUSDT
2023-03-15 18:00:00,0.04004000,0.04022000,0.03940000,0.04009000,9210122.30000000,TUSDT
2023-03-15 19:00:00,0.04008000,0.04017000,0.03934000,0.04000000,9074349.90000000,TUSDT
2023-03-15 20:00:00,0.04000000,0.04011000,0.03958000,0.04005000,3863181.30000000,TUSDT
2023-03-15 21:00:00,0.04004000,0.04083000,0.03999000,0.04057000,8443458.30000000,TUSDT
2023-03-15 22:00:00,0.04060000,0.04136000,0.04013000,0.04058000,12038003.60000000,TUSDT
2023-03-15 23:00:00,0.04046000,0.04074000,0.03989000,0.04017000,6427485.40000000,TUSDT
2023-03-16 00:00:00,0.04023000,0.04172000,0.03996000,0.04000000,16559324.30000000,TUSDT
2023-03-16 01:00:00,0.04002000,0.04072000,0.04002000,0.04060000,3540719.90000000,TUSDT
2023-03-16 02:00:00,0.04065000,0.04129000,0.04041000,0.04107000,5400120.40000000,TUSDT
2023-03-16 03:00:00,0.04105000,0.04125000,0.04029000,0.04048000,4910343.40000000,TUSDT
2023-03-16 04:00:00,0.04047000,0.04059000,0.03937000,0.03950000,8512510.50000000,TUSDT
2023-03-16 05:00:00,0.03948000,0.04000000,0.03900000,0.03958000,5867192.40000000,TUSDT
2023-03-16 06:00:00,0.03955000,0.04056000,0.03955000,0.04022000,4936550.70000000,TUSDT
2023-03-16 07:00:00,0.04021000,0.04070000,0.04015000,0.04053000,5676761.80000000,TUSDT
2023-03-16 08:00:00,0.04057000,0.04072000,0.04018000,0.04056000,3870213.90000000,TUSDT
2023-03-16 09:00:00,0.04052000,0.04068000,0.03966000,0.04038000,7948382.70000000,TUSDT
2023-03-16 10:00:00,0.04037000,0.04117000,0.04009000,0.04086000,4471252.20000000,TUSDT
2023-03-16 11:00:00,0.04085000,0.04130000,0.04059000,0.04094000,5021540.10000000,TUSDT
2023-03-16 12:00:00,0.04090000,0.04090000,0.03978000,0.03995000,4736773.20000000,TUSDT
2023-03-16 13:00:00,0.03998000,0.04031000,0.03950000,0.04026000,3768470.30000000,TUSDT
2023-03-16 14:00:00,0.04027000,0.04072000,0.03981000,0.04043000,3488953.10000000,TUSDT
2023-03-16 15:00:00,0.04048000,0.04082000,0.04021000,0.04076000,1558142.70000000,TUSDT
2023-03-16 16:00:00,0.04078000,0.04086000,0.04036000,0.04057000,1925684.80000000,TUSDT
2023-03-16 17:00:00,0.04056000,0.04071000,0.04024000,0.04056000,1396334.90000000,TUSDT
2023-03-16 18:00:00,0.04055000,0.04061000,0.04024000,0.04047000,1243338.20000000,TUSDT
2023-03-16 19:00:00,0.04050000,0.04106000,0.04041000,0.04074000,2253600.20000000,TUSDT
2023-03-16 20:00:00,0.04072000,0.04073000,0.03976000,0.03982000,6213794.50000000,TUSDT
2023-03-16 21:00:00,0.03987000,0.04090000,0.03985000,0.04044000,3865915.40000000,TUSDT
2023-03-16 22:00:00,0.04045000,0.04082000,0.04038000,0.04079000,1637442.10000000,TUSDT
2023-03-16 23:00:00,0.04082000,0.04130000,0.04075000,0.04106000,1924434.80000000,TUSDT
2023-03-17 00:00:00,0.04108000,0.04211000,0.04081000,0.04126000,17312513.50000000,TUSDT
2023-03-17 01:00:00,0.04124000,0.04244000,0.04124000,0.04231000,6556882.70000000,TUSDT
2023-03-17 02:00:00,0.04237000,0.04292000,0.04182000,0.04209000,7278917.00000000,TUSDT
2023-03-17 03:00:00,0.04212000,0.04260000,0.04194000,0.04252000,2332845.30000000,TUSDT
2023-03-17 04:00:00,0.04257000,0.04294000,0.04245000,0.04269000,4196799.20000000,TUSDT
2023-03-17 05:00:00,0.04270000,0.04271000,0.04217000,0.04242000,3498685.60000000,TUSDT
2023-03-17 06:00:00,0.04242000,0.04290000,0.04237000,0.04276000,2847972.50000000,TUSDT
2023-03-17 07:00:00,0.04273000,0.04279000,0.04222000,0.04251000,3385827.60000000,TUSDT
2023-03-17 08:00:00,0.04251000,0.04328000,0.04240000,0.04273000,9457652.90000000,TUSDT
2023-03-17 09:00:00,0.04275000,0.04484000,0.04275000,0.04447000,22900608.40000000,TUSDT
2023-03-17 10:00:00,0.04449000,0.04490000,0.04368000,0.04381000,22447422.30000000,TUSDT
2023-03-17 11:00:00,0.04380000,0.04462000,0.04358000,0.04396000,34752796.50000000,TUSDT
2023-03-17 12:00:00,0.04404000,0.04419000,0.04249000,0.04320000,22672503.80000000,TUSDT
2023-03-17 13:00:00,0.04321000,0.04351000,0.04285000,0.04305000,6996853.60000000,TUSDT
2023-03-17 14:00:00,0.04306000,0.04332000,0.04241000,0.04271000,7168596.60000000,TUSDT
2023-03-17 15:00:00,0.04268000,0.04329000,0.04262000,0.04292000,10180210.10000000,TUSDT
2023-03-17 16:00:00,0.04296000,0.04329000,0.04251000,0.04278000,4718550.40000000,TUSDT
2023-03-17 17:00:00,0.04281000,0.04330000,0.04280000,0.04319000,2484088.50000000,TUSDT
2023-03-17 18:00:00,0.04323000,0.04353000,0.04281000,0.04349000,2182507.00000000,TUSDT
2023-03-17 19:00:00,0.04353000,0.04435000,0.04336000,0.04421000,13619549.60000000,TUSDT
2023-03-17 20:00:00,0.04427000,0.04436000,0.04340000,0.04358000,6909681.20000000,TUSDT
2023-03-17 21:00:00,0.04360000,0.04428000,0.04348000,0.04415000,5872072.90000000,TUSDT
2023-03-17 22:00:00,0.04417000,0.04485000,0.04404000,0.04470000,16015589.50000000,TUSDT
2023-03-17 23:00:00,0.04471000,0.04509000,0.04430000,0.04466000,10645398.60000000,TUSDT
2023-03-18 00:00:00,0.04466000,0.04467000,0.04360000,0.04454000,13251647.90000000,TUSDT
2023-03-18 01:00:00,0.04454000,0.04581000,0.04398000,0.04424000,23021332.90000000,TUSDT
2023-03-18 02:00:00,0.04429000,0.04480000,0.04401000,0.04455000,5480345.10000000,TUSDT
2023-03-18 03:00:00,0.04453000,0.04522000,0.04438000,0.04499000,7819862.10000000,TUSDT
2023-03-18 04:00:00,0.04499000,0.04511000,0.04437000,0.04446000,5418656.90000000,TUSDT
2023-03-18 05:00:00,0.04447000,0.04488000,0.04428000,0.04479000,2868765.10000000,TUSDT
2023-03-18 06:00:00,0.04482000,0.04494000,0.04459000,0.04477000,2484089.30000000,TUSDT
2023-03-18 07:00:00,0.04479000,0.04483000,0.04438000,0.04445000,4558238.40000000,TUSDT
2023-03-18 08:00:00,0.04441000,0.04446000,0.04308000,0.04362000,11887077.70000000,TUSDT
2023-03-18 09:00:00,0.04368000,0.04402000,0.04314000,0.04392000,6095705.20000000,TUSDT
2023-03-18 10:00:00,0.04392000,0.04432000,0.04381000,0.04432000,3258239.90000000,TUSDT
2023-03-18 11:00:00,0.04431000,0.04440000,0.04404000,0.04428000,3766714.40000000,TUSDT
2023-03-18 12:00:00,0.04429000,0.04451000,0.04374000,0.04426000,4930149.20000000,TUSDT
2023-03-18 13:00:00,0.04430000,0.04430000,0.04360000,0.04387000,4758598.50000000,TUSDT
2023-03-18 14:00:00,0.04385000,0.04424000,0.04373000,0.04384000,2512476.20000000,TUSDT
2023-03-18 15:00:00,0.04385000,0.04391000,0.04254000,0.04287000,16719929.70000000,TUSDT
2023-03-18 16:00:00,0.04289000,0.04310000,0.04171000,0.04279000,9569731.00000000,TUSDT
2023-03-18 17:00:00,0.04279000,0.04313000,0.04209000,0.04265000,8192552.90000000,TUSDT
2023-03-18 18:00:00,0.04263000,0.04319000,0.04239000,0.04308000,5005234.20000000,TUSDT
2023-03-18 19:00:00,0.04308000,0.04337000,0.04297000,0.04304000,4645213.20000000,TUSDT
2023-03-18 20:00:00,0.04305000,0.04346000,0.04275000,0.04306000,2769937.20000000,TUSDT
2023-03-18 21:00:00,0.04305000,0.04318000,0.04263000,0.04274000,2891717.20000000,TUSDT
2023-03-18 22:00:00,0.04269000,0.04309000,0.04226000,0.04231000,2909554.30000000,TUSDT
2023-03-18 23:00:00,0.04231000,0.04256000,0.04199000,0.04228000,4931626.40000000,TUSDT
2023-03-19 00:00:00,0.04234000,0.04295000,0.04225000,0.04270000,8606337.10000000,TUSDT
2023-03-19 01:00:00,0.04270000,0.04281000,0.04244000,0.04253000,3846372.00000000,TUSDT
2023-03-19 02:00:00,0.04256000,0.04286000,0.04233000,0.04255000,2423725.20000000,TUSDT
2023-03-19 03:00:00,0.04257000,0.04279000,0.04238000,0.04274000,2208281.50000000,TUSDT
2023-03-19 04:00:00,0.04271000,0.04286000,0.04222000,0.04226000,1340249.10000000,TUSDT
2023-03-19 05:00:00,0.04220000,0.04246000,0.04210000,0.04220000,3443185.00000000,TUSDT
2023-03-19 06:00:00,0.04220000,0.04234000,0.04172000,0.04185000,5279437.20000000,TUSDT
2023-03-19 07:00:00,0.04186000,0.04215000,0.04112000,0.04213000,11938945.20000000,TUSDT
2023-03-19 08:00:00,0.04216000,0.04255000,0.04206000,0.04219000,4913702.80000000,TUSDT
2023-03-19 09:00:00,0.04217000,0.04259000,0.04201000,0.04250000,2179761.80000000,TUSDT
2023-03-19 10:00:00,0.04249000,0.04252000,0.04186000,0.04191000,1739017.40000000,TUSDT
2023-03-19 11:00:00,0.04193000,0.04240000,0.04150000,0.04224000,6896875.70000000,TUSDT
2023-03-19 12:00:00,0.04222000,0.04258000,0.04196000,0.04203000,4981329.00000000,TUSDT
2023-03-19 13:00:00,0.04213000,0.04224000,0.04168000,0.04197000,2397344.20000000,TUSDT
2023-03-19 14:00:00,0.04201000,0.04249000,0.04192000,0.04236000,2744714.00000000,TUSDT
2023-03-19 15:00:00,0.04234000,0.04293000,0.04232000,0.04263000,7486537.40000000,TUSDT
2023-03-19 16:00:00,0.04262000,0.04342000,0.04250000,0.04311000,8732289.00000000,TUSDT
2023-03-19 17:00:00,0.04316000,0.04400000,0.04287000,0.04351000,10417163.50000000,TUSDT
2023-03-19 18:00:00,0.04352000,0.04387000,0.04321000,0.04369000,6229801.90000000,TUSDT
2023-03-19 19:00:00,0.04369000,0.04422000,0.04352000,0.04391000,5931994.80000000,TUSDT
2023-03-19 20:00:00,0.04391000,0.04393000,0.04240000,0.04259000,16050996.90000000,TUSDT
2023-03-19 21:00:00,0.04260000,0.04294000,0.04253000,0.04260000,2612802.90000000,TUSDT
2023-03-19 22:00:00,0.04265000,0.04333000,0.04257000,0.04322000,2135075.20000000,TUSDT
2023-03-19 23:00:00,0.04321000,0.04338000,0.04239000,0.04260000,4013699.80000000,TUSDT
2023-03-20 00:00:00,0.04267000,0.04283000,0.04168000,0.04190000,7561666.80000000,TUSDT
2023-03-20 01:00:00,0.04197000,0.04270000,0.04182000,0.04250000,5450166.10000000,TUSDT
2023-03-20 02:00:00,0.04250000,0.04264000,0.04154000,0.04182000,4142705.90000000,TUSDT
2023-03-20 03:00:00,0.04186000,0.04199000,0.04086000,0.04119000,11651866.00000000,TUSDT
2023-03-20 04:00:00,0.04118000,0.04150000,0.04092000,0.04135000,2017287.30000000,TUSDT
2023-03-20 05:00:00,0.04135000,0.04168000,0.04131000,0.04168000,1836880.30000000,TUSDT
2023-03-20 06:00:00,0.04165000,0.04186000,0.04117000,0.04133000,1947776.40000000,TUSDT
2023-03-20 07:00:00,0.04139000,0.04221000,0.04135000,0.04202000,4669062.30000000,TUSDT
2023-03-20 08:00:00,0.04205000,0.04224000,0.04163000,0.04204000,5103940.70000000,TUSDT
2023-03-20 09:00:00,0.04205000,0.04230000,0.04158000,0.04183000,4881865.30000000,TUSDT
2023-03-20 10:00:00,0.04183000,0.04194000,0.04135000,0.04147000,5559379.20000000,TUSDT
2023-03-20 11:00:00,0.04149000,0.04210000,0.04148000,0.04178000,3193290.30000000,TUSDT
2023-03-20 12:00:00,0.04172000,0.04189000,0.04121000,0.04179000,7152343.30000000,TUSDT
2023-03-20 13:00:00,0.04178000,0.04178000,0.04107000,0.04112000,3496466.30000000,TUSDT
2023-03-20 14:00:00,0.04120000,0.04166000,0.04116000,0.04162000,1462137.20000000,TUSDT
2023-03-20 15:00:00,0.04164000,0.04169000,0.04133000,0.04143000,1098436.80000000,TUSDT
2023-03-20 16:00:00,0.04145000,0.04150000,0.04077000,0.04077000,4974362.00000000,TUSDT
2023-03-20 17:00:00,0.04086000,0.04124000,0.04066000,0.04068000,2572918.60000000,TUSDT
2023-03-20 18:00:00,0.04068000,0.04130000,0.04052000,0.04114000,3049939.50000000,TUSDT
2023-03-20 19:00:00,0.04114000,0.04117000,0.04052000,0.04081000,1590067.40000000,TUSDT
2023-03-20 20:00:00,0.04079000,0.04143000,0.04078000,0.04131000,1077880.60000000,TUSDT
2023-03-20 21:00:00,0.04136000,0.04159000,0.04113000,0.04126000,937294.80000000,TUSDT
2023-03-20 22:00:00,0.04125000,0.04142000,0.04101000,0.04126000,725520.00000000,TUSDT
2023-03-20 23:00:00,0.04123000,0.04140000,0.04079000,0.04093000,1869656.00000000,TUSDT
2023-03-21 00:00:00,0.04089000,0.04159000,0.04076000,0.04109000,1944829.20000000,TUSDT
2023-03-21 01:00:00,0.04114000,0.04135000,0.04078000,0.04123000,1572751.90000000,TUSDT
2023-03-21 02:00:00,0.04128000,0.04129000,0.04069000,0.04078000,1451589.60000000,TUSDT
2023-03-21 03:00:00,0.04075000,0.04101000,0.04054000,0.04073000,1819138.10000000,TUSDT
2023-03-21 04:00:00,0.04074000,0.04104000,0.04065000,0.04079000,896172.70000000,TUSDT
2023-03-21 05:00:00,0.04075000,0.04075000,0.04000000,0.04022000,3945227.10000000,TUSDT
2023-03-21 06:00:00,0.04023000,0.04042000,0.04008000,0.04008000,1204283.70000000,TUSDT
2023-03-21 07:00:00,0.04008000,0.04013000,0.03928000,0.03963000,5993326.60000000,TUSDT
2023-03-21 08:00:00,0.03958000,0.04397000,0.03956000,0.04271000,97110645.50000000,TUSDT
2023-03-21 09:00:00,0.04269000,0.04389000,0.04191000,0.04307000,27595145.70000000,TUSDT
2023-03-21 10:00:00,0.04307000,0.04869000,0.04262000,0.04638000,118366021.80000000,TUSDT
2023-03-21 11:00:00,0.04634000,0.04772000,0.04487000,0.04544000,135371124.80000000,TUSDT
2023-03-21 12:00:00,0.04541000,0.04547000,0.04368000,0.04405000,51036624.30000000,TUSDT
2023-03-21 13:00:00,0.04405000,0.04415000,0.04236000,0.04291000,36226780.50000000,TUSDT
2023-03-21 14:00:00,0.04293000,0.04319000,0.04228000,0.04308000,16461467.10000000,TUSDT
2023-03-21 15:00:00,0.04306000,0.04329000,0.04270000,0.04290000,12782561.80000000,TUSDT
2023-03-21 16:00:00,0.04288000,0.04308000,0.04191000,0.04232000,21124125.20000000,TUSDT
2023-03-21 17:00:00,0.04232000,0.04251000,0.04152000,0.04194000,12571453.70000000,TUSDT
2023-03-21 18:00:00,0.04191000,0.04205000,0.04140000,0.04179000,4329555.10000000,TUSDT
2023-03-21 19:00:00,0.04177000,0.04217000,0.04160000,0.04174000,7182332.30000000,TUSDT
2023-03-21 20:00:00,0.04174000,0.04205000,0.04135000,0.04152000,9565555.80000000,TUSDT
2023-03-21 21:00:00,0.04158000,0.04249000,0.04105000,0.04225000,23098540.10000000,TUSDT
2023-03-21 22:00:00,0.04223000,0.04260000,0.04209000,0.04249000,5299440.60000000,TUSDT
2023-03-21 23:00:00,0.04250000,0.04297000,0.04249000,0.04251000,4601358.00000000,TUSDT
2023-03-22 00:00:00,0.04252000,0.04495000,0.04252000,0.04416000,43774518.70000000,TUSDT
2023-03-22 01:00:00,0.04416000,0.04416000,0.04295000,0.04338000,16507545.80000000,TUSDT
2023-03-22 02:00:00,0.04343000,0.04441000,0.04303000,0.04375000,20517494.50000000,TUSDT
2023-03-22 03:00:00,0.04370000,0.04439000,0.04353000,0.04404000,7746163.90000000,TUSDT
2023-03-22 04:00:00,0.04404000,0.04418000,0.04336000,0.04341000,7232906.00000000,TUSDT
2023-03-22 05:00:00,0.04345000,0.04389000,0.04344000,0.04354000,6215253.00000000,TUSDT
2023-03-22 06:00:00,0.04354000,0.04375000,0.04301000,0.04313000,6085131.70000000,TUSDT
2023-03-22 07:00:00,0.04315000,0.04322000,0.04246000,0.04274000,7533337.10000000,TUSDT
2023-03-22 08:00:00,0.04270000,0.04299000,0.04216000,0.04223000,11550905.70000000,TUSDT
2023-03-22 09:00:00,0.04225000,0.04234000,0.04161000,0.04183000,9386080.70000000,TUSDT
2023-03-22 10:00:00,0.04183000,0.04217000,0.04181000,0.04209000,6989755.50000000,TUSDT
2023-03-22 11:00:00,0.04209000,0.04223000,0.04134000,0.04162000,6460829.70000000,TUSDT
2023-03-22 12:00:00,0.04161000,0.04168000,0.04135000,0.04150000,5426978.70000000,TUSDT
2023-03-22 13:00:00,0.04149000,0.04190000,0.04135000,0.04150000,4068213.70000000,TUSDT
2023-03-22 14:00:00,0.04150000,0.04234000,0.04148000,0.04187000,5163369.80000000,TUSDT
2023-03-22 15:00:00,0.04194000,0.04260000,0.04155000,0.04179000,8278911.20000000,TUSDT
2023-03-22 16:00:00,0.04178000,0.04188000,0.04138000,0.04172000,3794456.50000000,TUSDT
2023-03-22 17:00:00,0.04173000,0.04194000,0.04132000,0.04187000,3769972.40000000,TUSDT
2023-03-22 18:00:00,0.04192000,0.04335000,0.04131000,0.04218000,13422653.90000000,TUSDT
2023-03-22 19:00:00,0.04229000,0.04243000,0.04050000,0.04058000,14334223.70000000,TUSDT
2023-03-22 20:00:00,0.04059000,0.04177000,0.04030000,0.04165000,7921302.30000000,TUSDT
2023-03-22 21:00:00,0.04163000,0.04209000,0.04145000,0.04169000,4576170.70000000,TUSDT
2023-03-22 22:00:00,0.04168000,0.04177000,0.04099000,0.04158000,10313313.80000000,TUSDT
2023-03-22 23:00:00,0.04157000,0.04172000,0.04125000,0.04172000,3129309.90000000,TUSDT
2023-03-23 00:00:00,0.04172000,0.04240000,0.04134000,0.04136000,8353920.60000000,TUSDT
2023-03-23 01:00:00,0.04136000,0.04144000,0.04069000,0.04069000,2955787.50000000,TUSDT
2023-03-23 02:00:00,0.04064000,0.04107000,0.04057000,0.04103000,2625802.50000000,TUSDT
2023-03-23 03:00:00,0.04105000,0.04107000,0.04055000,0.04075000,2206437.00000000,TUSDT
2023-03-23 04:00:00,0.04076000,0.04188000,0.04073000,0.04120000,7700661.20000000,TUSDT
2023-03-23 05:00:00,0.04121000,0.04185000,0.04120000,0.04171000,1737051.40000000,TUSDT
2023-03-23 06:00:00,0.04176000,0.04188000,0.04151000,0.04159000,1472518.10000000,TUSDT
2023-03-23 07:00:00,0.04159000,0.04177000,0.04116000,0.04125000,3301504.00000000,TUSDT
2023-03-23 08:00:00,0.04127000,0.04173000,0.04127000,0.04153000,3987078.00000000,TUSDT
2023-03-23 09:00:00,0.04158000,0.04182000,0.04142000,0.04179000,2070404.40000000,TUSDT
2023-03-23 10:00:00,0.04178000,0.04193000,0.04161000,0.04184000,1816970.80000000,TUSDT
2023-03-23 11:00:00,0.04182000,0.04198000,0.04146000,0.04177000,1799352.80000000,TUSDT
2023-03-23 12:00:00,0.04179000,0.04205000,0.04156000,0.04161000,3991267.30000000,TUSDT
2023-03-23 13:00:00,0.04161000,0.04166000,0.04113000,0.04126000,3102071.40000000,TUSDT
2023-03-23 14:00:00,0.04131000,0.04216000,0.04104000,0.04197000,2421958.40000000,TUSDT
2023-03-23 15:00:00,0.04205000,0.04350000,0.04200000,0.04254000,16871155.60000000,TUSDT
2023-03-23 16:00:00,0.04257000,0.04267000,0.04226000,0.04249000,6007235.50000000,TUSDT
2023-03-23 17:00:00,0.04245000,0.04261000,0.04224000,0.04242000,4871710.20000000,TUSDT
2023-03-23 18:00:00,0.04243000,0.04251000,0.04172000,0.04185000,3126105.30000000,TUSDT
2023-03-23 19:00:00,0.04189000,0.04228000,0.04180000,0.04225000,1705416.30000000,TUSDT
2023-03-23 20:00:00,0.04221000,0.04230000,0.04202000,0.04206000,1018179.90000000,TUSDT
2023-03-23 21:00:00,0.04205000,0.04231000,0.04195000,0.04220000,1500384.10000000,TUSDT
2023-03-23 22:00:00,0.04220000,0.04238000,0.04218000,0.04221000,1502240.00000000,TUSDT
2023-03-23 23:00:00,0.04223000,0.04262000,0.04220000,0.04257000,1236563.80000000,TUSDT
2023-03-24 00:00:00,0.04256000,0.04291000,0.04208000,0.04212000,2842162.80000000,TUSDT
2023-03-24 01:00:00,0.04210000,0.04221000,0.04195000,0.04221000,943950.10000000,TUSDT
2023-03-24 02:00:00,0.04218000,0.04239000,0.04196000,0.04200000,1464480.50000000,TUSDT
2023-03-24 03:00:00,0.04200000,0.04207000,0.04186000,0.04193000,1400622.80000000,TUSDT
2023-03-24 04:00:00,0.04193000,0.04213000,0.04185000,0.04187000,1855577.30000000,TUSDT
2023-03-24 05:00:00,0.04186000,0.04243000,0.04185000,0.04216000,1494729.40000000,TUSDT
2023-03-24 06:00:00,0.04215000,0.04232000,0.04208000,0.04211000,867632.50000000,TUSDT
2023-03-24 07:00:00,0.04211000,0.04225000,0.04198000,0.04217000,1446805.30000000,TUSDT
2023-03-24 08:00:00,0.04214000,0.04222000,0.04148000,0.04160000,3443010.80000000,TUSDT
2023-03-24 09:00:00,0.04159000,0.04183000,0.04134000,0.04139000,2341097.50000000,TUSDT
2023-03-24 10:00:00,0.04137000,0.04153000,0.04121000,0.04136000,4490355.80000000,TUSDT
2023-03-24 11:00:00,0.04136000,0.04156000,0.04126000,0.04153000,886026.80000000,TUSDT
2023-03-24 12:00:00,0.04153000,0.04153000,0.04153000,0.04153000,0.00000000,TUSDT
2023-03-24 14:00:00,0.04148000,0.04156000,0.04089000,0.04114000,3746494.90000000,TUSDT
2023-03-24 15:00:00,0.04112000,0.04113000,0.04052000,0.04090000,3269841.50000000,TUSDT
2023-03-24 16:00:00,0.04091000,0.04102000,0.04082000,0.04082000,1470698.90000000,TUSDT
2023-03-24 17:00:00,0.04082000,0.04087000,0.04023000,0.04040000,2437316.10000000,TUSDT
2023-03-24 18:00:00,0.04037000,0.04100000,0.04036000,0.04066000,2383404.60000000,TUSDT
2023-03-24 19:00:00,0.04069000,0.04105000,0.04068000,0.04102000,1131306.00000000,TUSDT
2023-03-24 20:00:00,0.04106000,0.04114000,0.04067000,0.04077000,1268457.20000000,TUSDT
2023-03-24 21:00:00,0.04075000,0.04087000,0.04032000,0.04069000,1833774.10000000,TUSDT
2023-03-24 22:00:00,0.04069000,0.04114000,0.04069000,0.04083000,1337212.90000000,TUSDT
2023-03-24 23:00:00,0.04087000,0.04116000,0.04077000,0.04088000,1285546.70000000,TUSDT
2023-03-25 00:00:00,0.04089000,0.04104000,0.04068000,0.04083000,1863056.70000000,TUSDT
2023-03-25 01:00:00,0.04083000,0.04088000,0.04047000,0.04053000,1376719.90000000,TUSDT
2023-03-25 02:00:00,0.04058000,0.04100000,0.04058000,0.04081000,770294.50000000,TUSDT
2023-03-25 03:00:00,0.04081000,0.04081000,0.04063000,0.04071000,571910.40000000,TUSDT
2023-03-25 04:00:00,0.04073000,0.04075000,0.04053000,0.04060000,366097.70000000,TUSDT
2023-03-25 05:00:00,0.04057000,0.04057000,0.04027000,0.04041000,1301391.10000000,TUSDT
2023-03-25 06:00:00,0.04039000,0.04062000,0.04035000,0.04046000,741968.00000000,TUSDT
2023-03-25 07:00:00,0.04047000,0.04067000,0.04044000,0.04053000,677194.30000000,TUSDT
2023-03-25 08:00:00,0.04052000,0.04052000,0.04017000,0.04042000,2252692.40000000,TUSDT
2023-03-25 09:00:00,0.04045000,0.04075000,0.04036000,0.04065000,897842.40000000,TUSDT
2023-03-25 10:00:00,0.04067000,0.04087000,0.04067000,0.04069000,1052912.90000000,TUSDT
2023-03-25 11:00:00,0.04073000,0.04084000,0.04060000,0.04063000,1020904.40000000,TUSDT
2023-03-25 12:00:00,0.04063000,0.04075000,0.04041000,0.04052000,665676.20000000,TUSDT
2023-03-25 13:00:00,0.04051000,0.04084000,0.04044000,0.04076000,908323.90000000,TUSDT
2023-03-25 14:00:00,0.04074000,0.04077000,0.04032000,0.04034000,1805403.20000000,TUSDT
2023-03-25 15:00:00,0.04033000,0.04094000,0.04030000,0.04078000,1709677.70000000,TUSDT
2023-03-25 16:00:00,0.04078000,0.04086000,0.04051000,0.04056000,625804.20000000,TUSDT
2023-03-25 17:00:00,0.04055000,0.04062000,0.04032000,0.04041000,1579362.70000000,TUSDT
2023-03-25 18:00:00,0.04040000,0.04049000,0.04017000,0.04017000,884374.40000000,TUSDT
2023-03-25 19:00:00,0.04017000,0.04017000,0.03969000,0.03986000,3728478.50000000,TUSDT
2023-03-25 20:00:00,0.03981000,0.04025000,0.03967000,0.04017000,884318.90000000,TUSDT
2023-03-25 21:00:00,0.04019000,0.04041000,0.04007000,0.04033000,1007828.20000000,TUSDT
2023-03-25 22:00:00,0.04033000,0.04044000,0.04025000,0.04026000,769642.50000000,TUSDT
2023-03-25 23:00:00,0.04024000,0.04050000,0.04021000,0.04050000,641109.10000000,TUSDT
2023-03-26 00:00:00,0.04050000,0.04288000,0.04050000,0.04092000,62009688.50000000,TUSDT
2023-03-26 01:00:00,0.04090000,0.04166000,0.04089000,0.04149000,8218812.00000000,TUSDT
2023-03-26 02:00:00,0.04149000,0.04149000,0.04119000,0.04122000,1513961.20000000,TUSDT
2023-03-26 03:00:00,0.04124000,0.04172000,0.04120000,0.04151000,5221495.70000000,TUSDT
2023-03-26 04:00:00,0.04154000,0.04155000,0.04122000,0.04129000,881534.80000000,TUSDT
2023-03-26 05:00:00,0.04133000,0.04146000,0.04104000,0.04143000,2564300.30000000,TUSDT
2023-03-26 06:00:00,0.04146000,0.04160000,0.04124000,0.04128000,3713836.20000000,TUSDT
2023-03-26 07:00:00,0.04129000,0.04178000,0.04126000,0.04171000,5093644.80000000,TUSDT
2023-03-26 08:00:00,0.04170000,0.04230000,0.04161000,0.04194000,7258784.30000000,TUSDT
2023-03-26 09:00:00,0.04195000,0.04202000,0.04163000,0.04181000,4136339.00000000,TUSDT
2023-03-26 10:00:00,0.04184000,0.04189000,0.04155000,0.04158000,1799514.10000000,TUSDT
2023-03-26 11:00:00,0.04162000,0.04177000,0.04142000,0.04177000,1597283.60000000,TUSDT
2023-03-26 12:00:00,0.04177000,0.04194000,0.04158000,0.04161000,3631186.70000000,TUSDT
2023-03-26 13:00:00,0.04159000,0.04209000,0.04145000,0.04191000,4488764.20000000,TUSDT
2023-03-26 14:00:00,0.04189000,0.04189000,0.04133000,0.04145000,4575783.90000000,TUSDT
2023-03-26 15:00:00,0.04141000,0.04163000,0.04132000,0.04157000,1444120.80000000,TUSDT
2023-03-26 16:00:00,0.04156000,0.04165000,0.04139000,0.04139000,2663611.60000000,TUSDT
2023-03-26 17:00:00,0.04143000,0.04161000,0.04141000,0.04155000,940116.30000000,TUSDT
2023-03-26 18:00:00,0.04158000,0.04184000,0.04153000,0.04167000,1852399.60000000,TUSDT
2023-03-26 19:00:00,0.04167000,0.04167000,0.04137000,0.04158000,3001663.40000000,TUSDT
2023-03-26 20:00:00,0.04158000,0.04185000,0.04156000,0.04183000,3021859.90000000,TUSDT
2023-03-26 21:00:00,0.04182000,0.04188000,0.04153000,0.04156000,855220.00000000,TUSDT
2023-03-26 22:00:00,0.04158000,0.04203000,0.04158000,0.04199000,2003969.40000000,TUSDT
2023-03-26 23:00:00,0.04200000,0.04214000,0.04181000,0.04182000,1514950.00000000,TUSDT
2023-03-27 00:00:00,0.04182000,0.04192000,0.04148000,0.04161000,1848433.60000000,TUSDT
2023-03-27 01:00:00,0.04164000,0.04166000,0.04086000,0.04097000,2451459.90000000,TUSDT
2023-03-27 02:00:00,0.04098000,0.04104000,0.04075000,0.04085000,1256203.90000000,TUSDT
2023-03-27 03:00:00,0.04084000,0.04109000,0.04028000,0.04075000,13453626.70000000,TUSDT
2023-03-27 04:00:00,0.04074000,0.04094000,0.04071000,0.04080000,2317198.80000000,TUSDT
2023-03-27 05:00:00,0.04076000,0.04081000,0.04036000,0.04050000,3430673.90000000,TUSDT
2023-03-27 06:00:00,0.04049000,0.04084000,0.04044000,0.04075000,1779461.80000000,TUSDT
2023-03-27 07:00:00,0.04072000,0.04072000,0.04031000,0.04036000,1600046.50000000,TUSDT
2023-03-27 08:00:00,0.04040000,0.04041000,0.04001000,0.04022000,7057828.50000000,TUSDT
2023-03-27 09:00:00,0.04021000,0.04038000,0.04004000,0.04036000,2432819.50000000,TUSDT
2023-03-27 10:00:00,0.04035000,0.04072000,0.04031000,0.04055000,1615701.60000000,TUSDT
2023-03-27 11:00:00,0.04058000,0.04066000,0.04043000,0.04061000,1238505.20000000,TUSDT
2023-03-27 12:00:00,0.04056000,0.04062000,0.04017000,0.04037000,2118695.20000000,TUSDT
2023-03-27 13:00:00,0.04039000,0.04054000,0.04012000,0.04037000,1885708.40000000,TUSDT
2023-03-27 14:00:00,0.04036000,0.04050000,0.03962000,0.03962000,5692383.90000000,TUSDT
2023-03-27 15:00:00,0.03962000,0.03962000,0.03822000,0.03863000,18992552.70000000,TUSDT
2023-03-27 16:00:00,0.03861000,0.03936000,0.03860000,0.03870000,5329557.50000000,TUSDT
2023-03-27 17:00:00,0.03876000,0.03892000,0.03857000,0.03864000,1563502.40000000,TUSDT
2023-03-27 18:00:00,0.03864000,0.03893000,0.03858000,0.03880000,946237.60000000,TUSDT
2023-03-27 19:00:00,0.03881000,0.03890000,0.03855000,0.03855000,830618.80000000,TUSDT
2023-03-27 20:00:00,0.03855000,0.03873000,0.03832000,0.03863000,2529656.30000000,TUSDT
2023-03-27 21:00:00,0.03865000,0.03912000,0.03860000,0.03910000,759762.80000000,TUSDT
2023-03-27 22:00:00,0.03905000,0.03933000,0.03894000,0.03920000,1734216.20000000,TUSDT
2023-03-27 23:00:00,0.03915000,0.03972000,0.03915000,0.03958000,2154333.00000000,TUSDT
2023-03-28 00:00:00,0.03956000,0.04054000,0.03862000,0.03865000,8983428.20000000,TUSDT
2023-03-28 01:00:00,0.03870000,0.03904000,0.03834000,0.03879000,3317320.50000000,TUSDT
2023-03-28 02:00:00,0.03881000,0.03897000,0.03862000,0.03870000,2308433.20000000,TUSDT
2023-03-28 03:00:00,0.03869000,0.03889000,0.03839000,0.03850000,3140033.00000000,TUSDT
2023-03-28 04:00:00,0.03851000,0.03881000,0.03825000,0.03865000,8853170.10000000,TUSDT
2023-03-28 05:00:00,0.03865000,0.03873000,0.03832000,0.03853000,1494375.20000000,TUSDT
2023-03-28 06:00:00,0.03854000,0.03929000,0.03852000,0.03897000,3947819.20000000,TUSDT
2023-03-28 07:00:00,0.03900000,0.03904000,0.03847000,0.03859000,1514718.50000000,TUSDT
2023-03-28 08:00:00,0.03860000,0.03868000,0.03827000,0.03848000,5984123.40000000,TUSDT
2023-03-28 09:00:00,0.03850000,0.03864000,0.03840000,0.03861000,4513186.20000000,TUSDT
2023-03-28 10:00:00,0.03859000,0.03873000,0.03837000,0.03847000,1150563.00000000,TUSDT
2023-03-28 11:00:00,0.03851000,0.03927000,0.03833000,0.03908000,1635479.40000000,TUSDT
2023-03-28 12:00:00,0.03905000,0.03920000,0.03880000,0.03892000,1013287.80000000,TUSDT
2023-03-28 13:00:00,0.03893000,0.03922000,0.03852000,0.03911000,4115526.40000000,TUSDT
2023-03-28 14:00:00,0.03906000,0.03943000,0.03890000,0.03894000,2498060.20000000,TUSDT
2023-03-28 15:00:00,0.03898000,0.03952000,0.03891000,0.03948000,4034745.90000000,TUSDT
2023-03-28 16:00:00,0.03946000,0.03956000,0.03904000,0.03927000,1700271.60000000,TUSDT
2023-03-28 17:00:00,0.03921000,0.03985000,0.03918000,0.03985000,2732684.70000000,TUSDT
2023-03-28 18:00:00,0.03980000,0.04059000,0.03949000,0.04057000,2466017.80000000,TUSDT
2023-03-28 19:00:00,0.04059000,0.04104000,0.04048000,0.04089000,3877606.40000000,TUSDT
2023-03-28 20:00:00,0.04089000,0.04092000,0.04040000,0.04048000,2538009.20000000,TUSDT
2023-03-28 21:00:00,0.04055000,0.04061000,0.04031000,0.04049000,2109224.20000000,TUSDT
2023-03-28 22:00:00,0.04049000,0.04070000,0.04040000,0.04063000,4031114.00000000,TUSDT
2023-03-28 23:00:00,0.04064000,0.04089000,0.04053000,0.04079000,3054343.50000000,TUSDT
2023-03-29 00:00:00,0.04079000,0.04090000,0.04028000,0.04061000,5883249.20000000,TUSDT
2023-03-29 01:00:00,0.04060000,0.04091000,0.04042000,0.04072000,5101492.70000000,TUSDT
2023-03-29 02:00:00,0.04072000,0.04090000,0.04071000,0.04075000,789561.80000000,TUSDT
2023-03-29 03:00:00,0.04074000,0.04080000,0.04050000,0.04052000,1599237.40000000,TUSDT
2023-03-29 04:00:00,0.04054000,0.04088000,0.04048000,0.04088000,1423224.60000000,TUSDT
2023-03-29 05:00:00,0.04089000,0.04117000,0.04075000,0.04076000,2676049.10000000,TUSDT
2023-03-29 06:00:00,0.04079000,0.04146000,0.04070000,0.04131000,4995066.70000000,TUSDT
2023-03-29 07:00:00,0.04127000,0.04182000,0.04113000,0.04124000,7088870.20000000,TUSDT
2023-03-29 08:00:00,0.04124000,0.04172000,0.04105000,0.04155000,6100723.20000000,TUSDT
2023-03-29 09:00:00,0.04157000,0.04162000,0.04134000,0.04145000,1559112.00000000,TUSDT
2023-03-29 10:00:00,0.04146000,0.04163000,0.04127000,0.04132000,1394309.00000000,TUSDT
2023-03-29 11:00:00,0.04133000,0.04139000,0.04113000,0.04139000,2450982.10000000,TUSDT
2023-03-29 12:00:00,0.04138000,0.04146000,0.04091000,0.04145000,3542578.70000000,TUSDT
2023-03-29 13:00:00,0.04141000,0.04208000,0.04139000,0.04198000,11841789.40000000,TUSDT
2023-03-29 14:00:00,0.04199000,0.04232000,0.04144000,0.04200000,13386392.60000000,TUSDT
2023-03-29 15:00:00,0.04197000,0.04207000,0.04160000,0.04188000,5593799.60000000,TUSDT
2023-03-29 16:00:00,0.04188000,0.04207000,0.04161000,0.04161000,1653064.80000000,TUSDT
2023-03-29 17:00:00,0.04165000,0.04211000,0.04161000,0.04196000,2245819.60000000,TUSDT
2023-03-29 18:00:00,0.04197000,0.04208000,0.04175000,0.04207000,1398871.00000000,TUSDT
2023-03-29 19:00:00,0.04208000,0.04226000,0.04190000,0.04221000,1815775.50000000,TUSDT
2023-03-29 20:00:00,0.04221000,0.04237000,0.04191000,0.04222000,6466158.40000000,TUSDT
2023-03-29 21:00:00,0.04222000,0.04231000,0.04188000,0.04188000,1956838.60000000,TUSDT
2023-03-29 22:00:00,0.04190000,0.04203000,0.04164000,0.04193000,3359783.20000000,TUSDT
2023-03-29 23:00:00,0.04194000,0.04232000,0.04194000,0.04226000,3017350.00000000,TUSDT
2023-03-30 00:00:00,0.04227000,0.04476000,0.04201000,0.04210000,43427544.00000000,TUSDT
2023-03-30 01:00:00,0.04214000,0.04260000,0.04157000,0.04235000,17658002.30000000,TUSDT
2023-03-30 02:00:00,0.04241000,0.04343000,0.04230000,0.04312000,14365929.50000000,TUSDT
2023-03-30 03:00:00,0.04312000,0.04361000,0.04213000,0.04253000,8733380.10000000,TUSDT
2023-03-30 04:00:00,0.04255000,0.04274000,0.04242000,0.04244000,1324069.80000000,TUSDT
2023-03-30 05:00:00,0.04246000,0.04268000,0.04214000,0.04219000,3467013.80000000,TUSDT
2023-03-30 06:00:00,0.04222000,0.04222000,0.04145000,0.04148000,9458653.40000000,TUSDT
2023-03-30 07:00:00,0.04149000,0.04182000,0.04142000,0.04156000,7719475.90000000,TUSDT
2023-03-30 08:00:00,0.04160000,0.04171000,0.04101000,0.04104000,6391391.90000000,TUSDT
2023-03-30 09:00:00,0.04105000,0.04116000,0.04084000,0.04103000,3470592.40000000,TUSDT
2023-03-30 10:00:00,0.04104000,0.04137000,0.04097000,0.04136000,2158297.80000000,TUSDT
2023-03-30 11:00:00,0.04136000,0.04137000,0.03999000,0.04109000,10105219.50000000,TUSDT
2023-03-30 12:00:00,0.04109000,0.04117000,0.04099000,0.04102000,2930202.40000000,TUSDT
2023-03-30 13:00:00,0.04101000,0.04107000,0.04085000,0.04089000,1684038.80000000,TUSDT
2023-03-30 14:00:00,0.04089000,0.04104000,0.04073000,0.04092000,1899855.90000000,TUSDT
2023-03-30 15:00:00,0.04093000,0.04152000,0.04074000,0.04103000,4817067.90000000,TUSDT
2023-03-30 16:00:00,0.04101000,0.04101000,0.04045000,0.04053000,2027806.80000000,TUSDT
2023-03-30 17:00:00,0.04054000,0.04080000,0.04029000,0.04049000,1251675.50000000,TUSDT
2023-03-30 18:00:00,0.04045000,0.04055000,0.04031000,0.04045000,2166470.00000000,TUSDT
2023-03-30 19:00:00,0.04046000,0.04069000,0.04044000,0.04054000,2940357.30000000,TUSDT
2023-03-30 20:00:00,0.04055000,0.04090000,0.04052000,0.04078000,2114002.90000000,TUSDT
2023-03-30 21:00:00,0.04077000,0.04137000,0.04071000,0.04124000,6923359.60000000,TUSDT
2023-03-30 22:00:00,0.04118000,0.04161000,0.04116000,0.04121000,3082326.50000000,TUSDT
2023-03-30 23:00:00,0.04114000,0.04179000,0.04107000,0.04176000,2900084.20000000,TUSDT
2023-03-31 00:00:00,0.04169000,0.04176000,0.04108000,0.04132000,4199962.90000000,TUSDT
2023-03-31 01:00:00,0.04132000,0.04155000,0.04106000,0.04118000,3827800.90000000,TUSDT
2023-03-31 02:00:00,0.04120000,0.04121000,0.04090000,0.04110000,3061831.10000000,TUSDT
2023-03-31 03:00:00,0.04113000,0.04123000,0.04102000,0.04104000,435520.90000000,TUSDT
2023-03-31 04:00:00,0.04104000,0.04112000,0.04087000,0.04101000,1156447.80000000,TUSDT
2023-03-31 05:00:00,0.04102000,0.04115000,0.04068000,0.04077000,1712983.90000000,TUSDT
2023-03-31 06:00:00,0.04078000,0.04086000,0.04053000,0.04059000,4674204.70000000,TUSDT
2023-03-31 07:00:00,0.04058000,0.04066000,0.04012000,0.04033000,2344655.60000000,TUSDT
2023-03-31 08:00:00,0.04034000,0.04046000,0.04010000,0.04022000,6157409.20000000,TUSDT
2023-03-31 09:00:00,0.04020000,0.04027000,0.03989000,0.03998000,2837331.20000000,TUSDT
2023-03-31 10:00:00,0.03997000,0.04006000,0.03981000,0.03990000,1819955.50000000,TUSDT
2023-03-31 11:00:00,0.03989000,0.04021000,0.03986000,0.04012000,1635277.00000000,TUSDT
2023-03-31 12:00:00,0.04012000,0.04046000,0.03979000,0.04045000,4675788.70000000,TUSDT
2023-03-31 13:00:00,0.04042000,0.04091000,0.04041000,0.04083000,1807903.90000000,TUSDT
2023-03-31 14:00:00,0.04087000,0.04169000,0.04086000,0.04151000,2747054.50000000,TUSDT
2023-03-31 15:00:00,0.04149000,0.04268000,0.04103000,0.04174000,30967937.60000000,TUSDT
2023-03-31 16:00:00,0.04171000,0.04192000,0.04128000,0.04159000,5427068.90000000,TUSDT
2023-03-31 17:00:00,0.04159000,0.04207000,0.04159000,0.04207000,3054119.00000000,TUSDT
2023-03-31 18:00:00,0.04207000,0.04207000,0.04148000,0.04148000,1215647.60000000,TUSDT
2023-03-31 19:00:00,0.04149000,0.04172000,0.04149000,0.04164000,659427.00000000,TUSDT
2023-03-31 20:00:00,0.04167000,0.04191000,0.04147000,0.04180000,732065.30000000,TUSDT
2023-03-31 21:00:00,0.04178000,0.04204000,0.04166000,0.04204000,1280727.60000000,TUSDT
2023-03-31 22:00:00,0.04205000,0.04224000,0.04190000,0.04216000,3927460.40000000,TUSDT
2023-03-31 23:00:00,0.04214000,0.04237000,0.04211000,0.04222000,2046798.20000000,TUSDT
2023-04-01 00:00:00,0.04222000,0.04259000,0.04154000,0.04168000,3991062.10000000,TUSDT
2023-04-01 01:00:00,0.04170000,0.04197000,0.04156000,0.04191000,4260641.50000000,TUSDT
2023-04-01 02:00:00,0.04192000,0.04222000,0.04173000,0.04184000,4578195.70000000,TUSDT
2023-04-01 03:00:00,0.04189000,0.04215000,0.04185000,0.04185000,2822403.60000000,TUSDT
2023-04-01 04:00:00,0.04184000,0.04204000,0.04184000,0.04201000,464969.10000000,TUSDT
2023-04-01 05:00:00,0.04201000,0.04204000,0.04172000,0.04174000,677303.00000000,TUSDT
2023-04-01 06:00:00,0.04175000,0.04177000,0.04101000,0.04143000,4522689.60000000,TUSDT
2023-04-01 07:00:00,0.04144000,0.04165000,0.04132000,0.04157000,3238792.40000000,TUSDT
2023-04-01 08:00:00,0.04157000,0.04157000,0.04122000,0.04129000,2243897.10000000,TUSDT
2023-04-01 09:00:00,0.04128000,0.04148000,0.04123000,0.04138000,2001205.40000000,TUSDT
2023-04-01 10:00:00,0.04139000,0.04147000,0.04117000,0.04140000,1193508.60000000,TUSDT
2023-04-01 11:00:00,0.04140000,0.04143000,0.04120000,0.04133000,2171360.00000000,TUSDT
2023-04-01 12:00:00,0.04133000,0.04168000,0.04123000,0.04132000,3075238.10000000,TUSDT
2023-04-01 13:00:00,0.04134000,0.04166000,0.04133000,0.04157000,2323913.80000000,TUSDT
2023-04-01 14:00:00,0.04155000,0.04169000,0.04122000,0.04146000,1903586.50000000,TUSDT
2023-04-01 15:00:00,0.04145000,0.04151000,0.04130000,0.04138000,872651.10000000,TUSDT
2023-04-01 16:00:00,0.04140000,0.04166000,0.04135000,0.04153000,3514513.60000000,TUSDT
2023-04-01 17:00:00,0.04152000,0.04224000,0.04148000,0.04171000,6970559.40000000,TUSDT
2023-04-01 18:00:00,0.04173000,0.04183000,0.04146000,0.04152000,832494.90000000,TUSDT
2023-04-01 19:00:00,0.04153000,0.04155000,0.04117000,0.04117000,2364304.20000000,TUSDT
2023-04-01 20:00:00,0.04119000,0.04155000,0.04119000,0.04148000,2519610.70000000,TUSDT
2023-04-01 21:00:00,0.04148000,0.04192000,0.04143000,0.04172000,1927809.20000000,TUSDT
2023-04-01 22:00:00,0.04177000,0.04177000,0.04140000,0.04145000,8580045.10000000,TUSDT
2023-04-01 23:00:00,0.04149000,0.04163000,0.04141000,0.04158000,4026652.40000000,TUSDT
2023-04-02 00:00:00,0.04158000,0.04158000,0.03931000,0.03998000,50909246.70000000,TUSDT
2023-04-02 01:00:00,0.04003000,0.04056000,0.03975000,0.04051000,15507279.60000000,TUSDT
2023-04-02 02:00:00,0.04052000,0.04098000,0.03732000,0.03773000,140917406.30000000,TUSDT
2023-04-02 03:00:00,0.03775000,0.03907000,0.03775000,0.03835000,64019243.00000000,TUSDT
2023-04-02 04:00:00,0.03835000,0.03851000,0.03808000,0.03834000,51812604.50000000,TUSDT
2023-04-02 05:00:00,0.03834000,0.03836000,0.03804000,0.03815000,19189764.10000000,TUSDT
2023-04-02 06:00:00,0.03814000,0.03820000,0.03790000,0.03818000,16645121.90000000,TUSDT
2023-04-02 07:00:00,0.03817000,0.03845000,0.03805000,0.03830000,38141814.70000000,TUSDT
2023-04-02 08:00:00,0.03830000,0.03841000,0.03809000,0.03821000,47602703.40000000,TUSDT
2023-04-02 09:00:00,0.03820000,0.03826000,0.03800000,0.03820000,21198972.30000000,TUSDT
2023-04-02 10:00:00,0.03818000,0.03828000,0.03766000,0.03819000,13481923.00000000,TUSDT
2023-04-02 11:00:00,0.03819000,0.03824000,0.03806000,0.03821000,10103036.90000000,TUSDT
2023-04-02 12:00:00,0.03821000,0.03822000,0.03797000,0.03809000,15098587.80000000,TUSDT
2023-04-02 13:00:00,0.03808000,0.03808000,0.03755000,0.03784000,24286161.20000000,TUSDT
2023-04-02 14:00:00,0.03784000,0.03804000,0.03775000,0.03778000,6489940.50000000,TUSDT
2023-04-02 15:00:00,0.03778000,0.03797000,0.03726000,0.03765000,15233585.20000000,TUSDT
2023-04-02 16:00:00,0.03765000,0.03777000,0.03748000,0.03761000,4344720.40000000,TUSDT
2023-04-02 17:00:00,0.03761000,0.03798000,0.03739000,0.03787000,9377224.70000000,TUSDT
2023-04-02 18:00:00,0.03787000,0.03793000,0.03778000,0.03782000,2894905.50000000,TUSDT
2023-04-02 19:00:00,0.03782000,0.03787000,0.03746000,0.03758000,3208247.50000000,TUSDT
2023-04-02 20:00:00,0.03758000,0.03790000,0.03751000,0.03784000,4354180.60000000,TUSDT
2023-04-02 21:00:00,0.03783000,0.03791000,0.03762000,0.03769000,2779655.00000000,TUSDT
2023-04-02 22:00:00,0.03769000,0.03788000,0.03742000,0.03780000,3466588.60000000,TUSDT
2023-04-02 23:00:00,0.03783000,0.03810000,0.03774000,0.03802000,4970793.80000000,TUSDT
2023-04-03 00:00:00,0.03801000,0.03801000,0.03659000,0.03662000,24472501.00000000,TUSDT
2023-04-03 01:00:00,0.03663000,0.03687000,0.03573000,0.03605000,11947243.20000000,TUSDT
2023-04-03 02:00:00,0.03601000,0.03670000,0.03589000,0.03626000,5948019.20000000,TUSDT
2023-04-03 03:00:00,0.03634000,0.03645000,0.03608000,0.03642000,3386170.00000000,TUSDT
2023-04-03 04:00:00,0.03639000,0.03655000,0.03601000,0.03624000,5078050.10000000,TUSDT
2023-04-03 05:00:00,0.03624000,0.03633000,0.03600000,0.03605000,3732538.50000000,TUSDT
2023-04-03 06:00:00,0.03607000,0.03619000,0.03595000,0.03615000,3263656.20000000,TUSDT
2023-04-03 07:00:00,0.03615000,0.03645000,0.03609000,0.03640000,5869769.00000000,TUSDT
2023-04-03 08:00:00,0.03639000,0.03699000,0.03639000,0.03679000,6714838.00000000,TUSDT
2023-04-03 09:00:00,0.03677000,0.03712000,0.03669000,0.03691000,6866833.70000000,TUSDT
2023-04-03 10:00:00,0.03690000,0.03710000,0.03685000,0.03687000,2845779.60000000,TUSDT
2023-04-03 11:00:00,0.03685000,0.03690000,0.03663000,0.03679000,1448596.30000000,TUSDT
2023-04-03 12:00:00,0.03680000,0.03685000,0.03626000,0.03652000,4434847.90000000,TUSDT
2023-04-03 13:00:00,0.03654000,0.03689000,0.03643000,0.03669000,6366110.00000000,TUSDT
2023-04-03 14:00:00,0.03673000,0.03679000,0.03616000,0.03621000,2475309.70000000,TUSDT
2023-04-03 15:00:00,0.03616000,0.03651000,0.03604000,0.03648000,2582624.10000000,TUSDT
2023-04-03 16:00:00,0.03647000,0.03655000,0.03626000,0.03629000,2239288.00000000,TUSDT
2023-04-03 17:00:00,0.03627000,0.03663000,0.03620000,0.03635000,3240051.30000000,TUSDT
2023-04-03 18:00:00,0.03638000,0.03677000,0.03621000,0.03668000,4318661.00000000,TUSDT
2023-04-03 19:00:00,0.03668000,0.03810000,0.03656000,0.03711000,47423310.90000000,TUSDT
2023-04-03 20:00:00,0.03711000,0.03724000,0.03577000,0.03598000,16322056.50000000,TUSDT
2023-04-03 21:00:00,0.03597000,0.03653000,0.03570000,0.03646000,6183622.90000000,TUSDT
2023-04-03 22:00:00,0.03644000,0.03683000,0.03644000,0.03678000,5544094.60000000,TUSDT
2023-04-03 23:00:00,0.03678000,0.03710000,0.03669000,0.03700000,6435265.00000000,TUSDT
2023-04-04 00:00:00,0.03700000,0.03710000,0.03636000,0.03643000,10389026.40000000,TUSDT
2023-04-04 01:00:00,0.03643000,0.03663000,0.03634000,0.03639000,3731280.40000000,TUSDT
2023-04-04 02:00:00,0.03640000,0.03648000,0.03631000,0.03640000,2043677.90000000,TUSDT
2023-04-04 03:00:00,0.03640000,0.03651000,0.03631000,0.03635000,1635314.60000000,TUSDT
2023-04-04 04:00:00,0.03635000,0.03645000,0.03606000,0.03623000,2958283.20000000,TUSDT
2023-04-04 05:00:00,0.03623000,0.03643000,0.03615000,0.03625000,3244406.00000000,TUSDT
2023-04-04 06:00:00,0.03627000,0.03647000,0.03615000,0.03644000,3861207.30000000,TUSDT
2023-04-04 07:00:00,0.03643000,0.03658000,0.03638000,0.03641000,4413680.50000000,TUSDT
2023-04-04 08:00:00,0.03641000,0.03664000,0.03632000,0.03659000,2237875.90000000,TUSDT
2023-04-04 09:00:00,0.03657000,0.03681000,0.03654000,0.03680000,4047894.30000000,TUSDT
2023-04-04 10:00:00,0.03680000,0.03692000,0.03666000,0.03672000,3649744.40000000,TUSDT
2023-04-04 11:00:00,0.03673000,0.03718000,0.03666000,0.03684000,5578280.90000000,TUSDT
2023-04-04 12:00:00,0.03684000,0.03700000,0.03662000,0.03683000,5385248.30000000,TUSDT
2023-04-04 13:00:00,0.03685000,0.03710000,0.03674000,0.03677000,6173468.00000000,TUSDT
2023-04-04 14:00:00,0.03679000,0.03712000,0.03656000,0.03672000,7754440.60000000,TUSDT
2023-04-04 15:00:00,0.03672000,0.03689000,0.03657000,0.03678000,3720506.60000000,TUSDT
2023-04-04 16:00:00,0.03677000,0.03680000,0.03664000,0.03677000,2720638.70000000,TUSDT
2023-04-04 17:00:00,0.03677000,0.03689000,0.03676000,0.03682000,2176932.10000000,TUSDT
2023-04-04 18:00:00,0.03684000,0.03696000,0.03669000,0.03678000,3484481.00000000,TUSDT
2023-04-04 19:00:00,0.03682000,0.03699000,0.03678000,0.03696000,1715803.10000000,TUSDT
2023-04-04 20:00:00,0.03695000,0.03699000,0.03678000,0.03693000,2154147.60000000,TUSDT
2023-04-04 21:00:00,0.03693000,0.03718000,0.03683000,0.03715000,5233096.90000000,TUSDT
2023-04-04 22:00:00,0.03715000,0.03747000,0.03711000,0.03737000,6512121.80000000,TUSDT
2023-04-04 23:00:00,0.03737000,0.03747000,0.03719000,0.03734000,2063895.90000000,TUSDT
2023-04-05 00:00:00,0.03731000,0.03742000,0.03678000,0.03735000,6524051.00000000,TUSDT
2023-04-05 01:00:00,0.03734000,0.03744000,0.03711000,0.03715000,3449668.70000000,TUSDT
2023-04-05 02:00:00,0.03720000,0.03739000,0.03714000,0.03721000,4078253.60000000,TUSDT
2023-04-05 03:00:00,0.03720000,0.03723000,0.03708000,0.03718000,1590063.60000000,TUSDT
2023-04-05 04:00:00,0.03716000,0.03770000,0.03716000,0.03753000,10620509.90000000,TUSDT
2023-04-05 05:00:00,0.03752000,0.03761000,0.03739000,0.03754000,3164426.70000000,TUSDT
2023-04-05 06:00:00,0.03754000,0.03764000,0.03734000,0.03737000,2105691.20000000,TUSDT
2023-04-05 07:00:00,0.03738000,0.03752000,0.03727000,0.03748000,2492632.00000000,TUSDT
2023-04-05 08:00:00,0.03747000,0.03780000,0.03742000,0.03764000,3551249.30000000,TUSDT
2023-04-05 09:00:00,0.03762000,0.03771000,0.03739000,0.03744000,4756026.30000000,TUSDT
2023-04-05 10:00:00,0.03744000,0.03764000,0.03741000,0.03759000,1881198.00000000,TUSDT
2023-04-05 11:00:00,0.03757000,0.03774000,0.03746000,0.03770000,1511207.40000000,TUSDT
2023-04-05 12:00:00,0.03771000,0.03779000,0.03717000,0.03757000,6446205.80000000,TUSDT
2023-04-05 13:00:00,0.03753000,0.03758000,0.03707000,0.03716000,3402511.20000000,TUSDT
2023-04-05 14:00:00,0.03719000,0.03720000,0.03672000,0.03684000,5016275.30000000,TUSDT
2023-04-05 15:00:00,0.03683000,0.03708000,0.03657000,0.03693000,4464506.70000000,TUSDT
2023-04-05 16:00:00,0.03693000,0.03698000,0.03669000,0.03681000,1574042.80000000,TUSDT
2023-04-05 17:00:00,0.03683000,0.03711000,0.03678000,0.03707000,811187.00000000,TUSDT
2023-04-05 18:00:00,0.03704000,0.03716000,0.03690000,0.03703000,1336188.40000000,TUSDT
2023-04-05 19:00:00,0.03703000,0.03739000,0.03697000,0.03717000,2097861.70000000,TUSDT
2023-04-05 20:00:00,0.03720000,0.03733000,0.03699000,0.03713000,2858698.50000000,TUSDT
2023-04-05 21:00:00,0.03711000,0.03716000,0.03700000,0.03711000,2318774.60000000,TUSDT
2023-04-05 22:00:00,0.03712000,0.03749000,0.03705000,0.03743000,2310457.60000000,TUSDT
2023-04-05 23:00:00,0.03744000,0.03762000,0.03738000,0.03739000,1724242.30000000,TUSDT
2023-04-06 00:00:00,0.03741000,0.03746000,0.03668000,0.03672000,4064363.40000000,TUSDT
2023-04-06 01:00:00,0.03668000,0.03680000,0.03634000,0.03672000,4367213.00000000,TUSDT
2023-04-06 02:00:00,0.03676000,0.03682000,0.03657000,0.03670000,1696901.50000000,TUSDT
2023-04-06 03:00:00,0.03669000,0.03692000,0.03664000,0.03690000,1048793.80000000,TUSDT
2023-04-06 04:00:00,0.03691000,0.03692000,0.03681000,0.03681000,721624.40000000,TUSDT
2023-04-06 05:00:00,0.03683000,0.03689000,0.03629000,0.03653000,3903624.40000000,TUSDT
2023-04-06 06:00:00,0.03655000,0.03677000,0.03653000,0.03675000,2658089.60000000,TUSDT
2023-04-06 07:00:00,0.03674000,0.03676000,0.03634000,0.03636000,3522849.00000000,TUSDT
2023-04-06 08:00:00,0.03636000,0.03658000,0.03629000,0.03651000,1296779.90000000,TUSDT
2023-04-06 09:00:00,0.03651000,0.03652000,0.03628000,0.03629000,2685456.60000000,TUSDT
2023-04-06 10:00:00,0.03628000,0.03629000,0.03601000,0.03617000,4632863.30000000,TUSDT
2023-04-06 11:00:00,0.03620000,0.03636000,0.03620000,0.03631000,1284267.30000000,TUSDT
2023-04-06 12:00:00,0.03633000,0.03638000,0.03614000,0.03626000,2861324.70000000,TUSDT
2023-04-06 13:00:00,0.03624000,0.03646000,0.03617000,0.03635000,1933392.30000000,TUSDT
2023-04-06 14:00:00,0.03635000,0.03653000,0.03627000,0.03648000,2117863.70000000,TUSDT
2023-04-06 15:00:00,0.03648000,0.03658000,0.03642000,0.03648000,1813931.30000000,TUSDT
2023-04-06 16:00:00,0.03648000,0.03676000,0.03642000,0.03655000,2021480.80000000,TUSDT
2023-04-06 17:00:00,0.03655000,0.03682000,0.03646000,0.03656000,2485391.90000000,TUSDT
2023-04-06 18:00:00,0.03656000,0.03670000,0.03647000,0.03647000,1134908.40000000,TUSDT
2023-04-06 19:00:00,0.03647000,0.03689000,0.03639000,0.03684000,4543328.70000000,TUSDT
2023-04-06 20:00:00,0.03684000,0.03697000,0.03648000,0.03649000,3971978.30000000,TUSDT
2023-04-06 21:00:00,0.03648000,0.03674000,0.03645000,0.03661000,716610.20000000,TUSDT
2023-04-06 22:00:00,0.03659000,0.03669000,0.03652000,0.03664000,1230618.10000000,TUSDT
2023-04-06 23:00:00,0.03664000,0.03687000,0.03664000,0.03675000,1808823.70000000,TUSDT
2023-04-07 00:00:00,0.03675000,0.03678000,0.03622000,0.03652000,5145776.70000000,TUSDT
2023-04-07 01:00:00,0.03653000,0.03656000,0.03633000,0.03637000,3091101.20000000,TUSDT
2023-04-07 02:00:00,0.03634000,0.03645000,0.03600000,0.03624000,4499749.10000000,TUSDT
2023-04-07 03:00:00,0.03622000,0.03629000,0.03602000,0.03617000,2501544.40000000,TUSDT
2023-04-07 04:00:00,0.03615000,0.03629000,0.03613000,0.03618000,1709658.10000000,TUSDT
2023-04-07 05:00:00,0.03621000,0.03625000,0.03575000,0.03606000,8045740.30000000,TUSDT
2023-04-07 06:00:00,0.03606000,0.03606000,0.03581000,0.03599000,2028128.60000000,TUSDT
2023-04-07 07:00:00,0.03597000,0.03607000,0.03554000,0.03567000,4097915.50000000,TUSDT
2023-04-07 08:00:00,0.03565000,0.03591000,0.03562000,0.03564000,2821895.20000000,TUSDT
2023-04-07 09:00:00,0.03565000,0.03607000,0.03561000,0.03586000,1574991.80000000,TUSDT
2023-04-07 10:00:00,0.03587000,0.03603000,0.03578000,0.03584000,1448173.90000000,TUSDT
2023-04-07 11:00:00,0.03584000,0.03591000,0.03557000,0.03564000,3681873.30000000,TUSDT
2023-04-07 12:00:00,0.03562000,0.03597000,0.03561000,0.03585000,1691209.40000000,TUSDT
2023-04-07 13:00:00,0.03585000,0.03587000,0.03564000,0.03581000,1841484.90000000,TUSDT
2023-04-07 14:00:00,0.03583000,0.03606000,0.03583000,0.03595000,1126788.50000000,TUSDT
2023-04-07 15:00:00,0.03599000,0.03609000,0.03592000,0.03598000,413008.60000000,TUSDT
2023-04-07 16:00:00,0.03598000,0.03616000,0.03579000,0.03591000,997990.50000000,TUSDT
2023-04-07 17:00:00,0.03591000,0.03615000,0.03590000,0.03597000,618769.00000000,TUSDT
2023-04-07 18:00:00,0.03598000,0.03614000,0.03590000,0.03591000,414500.90000000,TUSDT
2023-04-07 19:00:00,0.03592000,0.03612000,0.03582000,0.03600000,1049907.40000000,TUSDT
2023-04-07 20:00:00,0.03600000,0.03607000,0.03585000,0.03588000,469360.70000000,TUSDT
2023-04-07 21:00:00,0.03586000,0.03597000,0.03585000,0.03587000,485902.20000000,TUSDT
2023-04-07 22:00:00,0.03588000,0.03615000,0.03588000,0.03607000,1265115.00000000,TUSDT
2023-04-07 23:00:00,0.03607000,0.03612000,0.03598000,0.03604000,1007120.60000000,TUSDT
2023-04-08 00:00:00,0.03601000,0.03639000,0.03586000,0.03637000,7635787.50000000,TUSDT
2023-04-08 01:00:00,0.03636000,0.03655000,0.03614000,0.03625000,10370820.30000000,TUSDT
2023-04-08 02:00:00,0.03625000,0.03642000,0.03622000,0.03632000,1392124.30000000,TUSDT
2023-04-08 03:00:00,0.03635000,0.03648000,0.03632000,0.03637000,1492694.20000000,TUSDT
2023-04-08 04:00:00,0.03640000,0.03640000,0.03616000,0.03617000,773698.40000000,TUSDT
2023-04-08 05:00:00,0.03622000,0.03644000,0.03620000,0.03642000,1088602.20000000,TUSDT
2023-04-08 06:00:00,0.03642000,0.03651000,0.03635000,0.03641000,1231087.20000000,TUSDT
2023-04-08 07:00:00,0.03641000,0.03642000,0.03631000,0.03634000,630908.60000000,TUSDT
2023-04-08 08:00:00,0.03634000,0.03650000,0.03630000,0.03630000,1286303.50000000,TUSDT
2023-04-08 09:00:00,0.03629000,0.03629000,0.03600000,0.03625000,10507643.60000000,TUSDT
2023-04-08 10:00:00,0.03625000,0.03628000,0.03578000,0.03586000,22598687.80000000,TUSDT
2023-04-08 11:00:00,0.03585000,0.03598000,0.03560000,0.03597000,24537339.30000000,TUSDT
2023-04-08 12:00:00,0.03594000,0.03610000,0.03594000,0.03597000,3180683.90000000,TUSDT
2023-04-08 13:00:00,0.03598000,0.03605000,0.03581000,0.03583000,3461635.20000000,TUSDT
2023-04-08 14:00:00,0.03582000,0.03603000,0.03580000,0.03594000,4239423.70000000,TUSDT
2023-04-08 15:00:00,0.03594000,0.03594000,0.03580000,0.03588000,3680647.60000000,TUSDT
2023-04-08 16:00:00,0.03587000,0.03597000,0.03584000,0.03596000,2696459.50000000,TUSDT
2023-04-08 17:00:00,0.03596000,0.03604000,0.03587000,0.03599000,4588851.00000000,TUSDT
2023-04-08 18:00:00,0.03598000,0.03599000,0.03582000,0.03587000,2702061.40000000,TUSDT
2023-04-08 19:00:00,0.03586000,0.03592000,0.03586000,0.03592000,2153205.70000000,TUSDT
2023-04-08 20:00:00,0.03592000,0.03606000,0.03592000,0.03596000,954336.70000000,TUSDT
2023-04-08 21:00:00,0.03595000,0.03604000,0.03590000,0.03600000,1656233.20000000,TUSDT
2023-04-08 22:00:00,0.03600000,0.03605000,0.03589000,0.03601000,1627626.80000000,TUSDT
2023-04-08 23:00:00,0.03601000,0.03605000,0.03596000,0.03596000,967621.50000000,TUSDT
2023-04-09 00:00:00,0.03598000,0.03598000,0.03582000,0.03588000,4613660.90000000,TUSDT
2023-04-09 01:00:00,0.03589000,0.03601000,0.03588000,0.03592000,1398387.80000000,TUSDT
2023-04-09 02:00:00,0.03592000,0.03592000,0.03582000,0.03582000,724843.10000000,TUSDT
2023-04-09 03:00:00,0.03583000,0.03585000,0.03571000,0.03572000,1515861.60000000,TUSDT
2023-04-09 04:00:00,0.03573000,0.03586000,0.03572000,0.03582000,952429.00000000,TUSDT
2023-04-09 05:00:00,0.03582000,0.03586000,0.03574000,0.03574000,911450.50000000,TUSDT
2023-04-09 06:00:00,0.03574000,0.03574000,0.03543000,0.03556000,6128634.30000000,TUSDT
2023-04-09 07:00:00,0.03555000,0.03579000,0.03554000,0.03578000,1966028.70000000,TUSDT
2023-04-09 08:00:00,0.03575000,0.03575000,0.03539000,0.03547000,1748963.30000000,TUSDT
2023-04-09 09:00:00,0.03547000,0.03559000,0.03547000,0.03559000,694276.90000000,TUSDT
2023-04-09 10:00:00,0.03558000,0.03569000,0.03552000,0.03552000,1175916.20000000,TUSDT
2023-04-09 11:00:00,0.03553000,0.03559000,0.03551000,0.03556000,1154888.70000000,TUSDT
2023-04-09 12:00:00,0.03556000,0.03566000,0.03545000,0.03562000,2699950.30000000,TUSDT
2023-04-09 13:00:00,0.03562000,0.03563000,0.03545000,0.03548000,820757.30000000,TUSDT
2023-04-09 14:00:00,0.03549000,0.03549000,0.03519000,0.03528000,2868627.30000000,TUSDT
2023-04-09 15:00:00,0.03528000,0.03550000,0.03523000,0.03545000,1084555.30000000,TUSDT
2023-04-09 16:00:00,0.03546000,0.03549000,0.03538000,0.03541000,938936.50000000,TUSDT
2023-04-09 17:00:00,0.03542000,0.03549000,0.03535000,0.03546000,751555.30000000,TUSDT
2023-04-09 18:00:00,0.03548000,0.03581000,0.03548000,0.03577000,1184748.30000000,TUSDT
2023-04-09 19:00:00,0.03577000,0.03610000,0.03577000,0.03599000,2060237.20000000,TUSDT
2023-04-09 20:00:00,0.03599000,0.03601000,0.03589000,0.03593000,674202.80000000,TUSDT
2023-04-09 21:00:00,0.03592000,0.03617000,0.03586000,0.03617000,1361270.50000000,TUSDT
2023-04-09 22:00:00,0.03618000,0.03628000,0.03616000,0.03620000,1504190.30000000,TUSDT
2023-04-09 23:00:00,0.03621000,0.03623000,0.03605000,0.03605000,968717.30000000,TUSDT
2023-04-10 00:00:00,0.03607000,0.03607000,0.03583000,0.03587000,3121745.00000000,TUSDT
2023-04-10 01:00:00,0.03588000,0.03589000,0.03538000,0.03550000,3495963.70000000,TUSDT
2023-04-10 02:00:00,0.03548000,0.03565000,0.03541000,0.03555000,1494285.00000000,TUSDT
2023-04-10 03:00:00,0.03555000,0.03580000,0.03550000,0.03570000,1380620.10000000,TUSDT
2023-04-10 04:00:00,0.03570000,0.03576000,0.03558000,0.03560000,454711.30000000,TUSDT
2023-04-10 05:00:00,0.03560000,0.03578000,0.03544000,0.03565000,1735957.00000000,TUSDT
2023-04-10 06:00:00,0.03566000,0.03568000,0.03557000,0.03566000,1001057.00000000,TUSDT
2023-04-10 07:00:00,0.03563000,0.03566000,0.03554000,0.03556000,697209.10000000,TUSDT
2023-04-10 08:00:00,0.03559000,0.03560000,0.03538000,0.03546000,2646146.50000000,TUSDT
2023-04-10 09:00:00,0.03544000,0.03562000,0.03544000,0.03559000,1150623.80000000,TUSDT
2023-04-10 10:00:00,0.03561000,0.03566000,0.03556000,0.03566000,741710.30000000,TUSDT
2023-04-10 11:00:00,0.03566000,0.03570000,0.03554000,0.03558000,1258571.30000000,TUSDT
2023-04-10 12:00:00,0.03558000,0.03560000,0.03549000,0.03550000,1094493.30000000,TUSDT
2023-04-10 13:00:00,0.03550000,0.03637000,0.03546000,0.03553000,16189098.60000000,TUSDT
2023-04-10 14:00:00,0.03551000,0.03572000,0.03546000,0.03567000,1691208.90000000,TUSDT
2023-04-10 15:00:00,0.03571000,0.03591000,0.03566000,0.03582000,836546.20000000,TUSDT
2023-04-10 16:00:00,0.03583000,0.03630000,0.03563000,0.03616000,3512506.60000000,TUSDT
2023-04-10 17:00:00,0.03616000,0.03631000,0.03602000,0.03612000,8117640.80000000,TUSDT
2023-04-10 18:00:00,0.03613000,0.03626000,0.03612000,0.03624000,4801645.50000000,TUSDT
2023-04-10 19:00:00,0.03626000,0.03630000,0.03605000,0.03616000,1871923.50000000,TUSDT
2023-04-10 20:00:00,0.03618000,0.03621000,0.03598000,0.03605000,1890722.80000000,TUSDT
2023-04-10 21:00:00,0.03608000,0.03618000,0.03603000,0.03616000,1540959.10000000,TUSDT
2023-04-10 22:00:00,0.03617000,0.03650000,0.03617000,0.03636000,4681235.50000000,TUSDT
2023-04-10 23:00:00,0.03638000,0.03653000,0.03638000,0.03645000,2938553.00000000,TUSDT
2023-04-11 00:00:00,0.03646000,0.03649000,0.03623000,0.03640000,3319341.00000000,TUSDT
2023-04-11 01:00:00,0.03640000,0.03649000,0.03626000,0.03644000,3578838.10000000,TUSDT
2023-04-11 02:00:00,0.03644000,0.03660000,0.03638000,0.03645000,2986448.60000000,TUSDT
2023-04-11 03:00:00,0.03646000,0.03647000,0.03626000,0.03636000,1832068.70000000,TUSDT
2023-04-11 04:00:00,0.03638000,0.03646000,0.03627000,0.03638000,1389655.70000000,TUSDT
2023-04-11 05:00:00,0.03637000,0.03649000,0.03617000,0.03621000,2392822.40000000,TUSDT
2023-04-11 06:00:00,0.03618000,0.03644000,0.03615000,0.03641000,1407964.50000000,TUSDT
2023-04-11 07:00:00,0.03640000,0.03646000,0.03631000,0.03635000,2099732.90000000,TUSDT
2023-04-11 08:00:00,0.03635000,0.03660000,0.03627000,0.03639000,9252755.90000000,TUSDT
2023-04-11 09:00:00,0.03638000,0.03648000,0.03628000,0.03642000,2175404.70000000,TUSDT
2023-04-11 10:00:00,0.03643000,0.03644000,0.03631000,0.03636000,825794.80000000,TUSDT
2023-04-11 11:00:00,0.03635000,0.03638000,0.03626000,0.03627000,660201.70000000,TUSDT
2023-04-11 12:00:00,0.03627000,0.03643000,0.03622000,0.03632000,2135471.90000000,TUSDT
2023-04-11 13:00:00,0.03632000,0.03636000,0.03614000,0.03634000,2422568.20000000,TUSDT
2023-04-11 14:00:00,0.03636000,0.03640000,0.03594000,0.03610000,4058996.70000000,TUSDT
2023-04-11 15:00:00,0.03610000,0.03628000,0.03609000,0.03626000,1742475.90000000,TUSDT
2023-04-11 16:00:00,0.03627000,0.03643000,0.03610000,0.03619000,2757127.10000000,TUSDT
2023-04-11 17:00:00,0.03619000,0.03632000,0.03603000,0.03632000,1248247.40000000,TUSDT
2023-04-11 18:00:00,0.03631000,0.03646000,0.03629000,0.03640000,1467976.70000000,TUSDT
2023-04-11 19:00:00,0.03641000,0.03654000,0.03610000,0.03617000,2117515.90000000,TUSDT
2023-04-11 20:00:00,0.03617000,0.03623000,0.03598000,0.03619000,3390804.80000000,TUSDT
2023-04-11 21:00:00,0.03618000,0.03626000,0.03610000,0.03617000,1806036.00000000,TUSDT
2023-04-11 22:00:00,0.03616000,0.03623000,0.03612000,0.03619000,1125679.70000000,TUSDT
2023-04-11 23:00:00,0.03618000,0.03621000,0.03600000,0.03613000,2046402.10000000,TUSDT
2023-04-12 00:00:00,0.03613000,0.03626000,0.03572000,0.03579000,3315947.80000000,TUSDT
2023-04-12 01:00:00,0.03578000,0.03599000,0.03552000,0.03559000,3903039.00000000,TUSDT
2023-04-12 02:00:00,0.03559000,0.03559000,0.03488000,0.03503000,8893317.60000000,TUSDT
2023-04-12 03:00:00,0.03500000,0.03508000,0.03488000,0.03503000,1654447.20000000,TUSDT
2023-04-12 04:00:00,0.03503000,0.03534000,0.03496000,0.03532000,2085574.90000000,TUSDT
2023-04-12 05:00:00,0.03532000,0.03533000,0.03490000,0.03497000,7180469.90000000,TUSDT
2023-04-12 06:00:00,0.03496000,0.03524000,0.03491000,0.03518000,1511746.20000000,TUSDT
2023-04-12 07:00:00,0.03516000,0.03537000,0.03513000,0.03514000,1030955.00000000,TUSDT
2023-04-12 08:00:00,0.03515000,0.03521000,0.03492000,0.03494000,1273057.80000000,TUSDT
2023-04-12 09:00:00,0.03494000,0.03502000,0.03487000,0.03493000,2826002.10000000,TUSDT
2023-04-12 10:00:00,0.03493000,0.03502000,0.03485000,0.03496000,1716105.60000000,TUSDT
2023-04-12 11:00:00,0.03496000,0.03517000,0.03485000,0.03514000,3416788.70000000,TUSDT
2023-04-12 12:00:00,0.03512000,0.03545000,0.03490000,0.03514000,7649449.60000000,TUSDT
2023-04-12 13:00:00,0.03515000,0.03543000,0.03499000,0.03518000,2415271.40000000,TUSDT
2023-04-12 14:00:00,0.03516000,0.03560000,0.03515000,0.03538000,2532548.30000000,TUSDT
2023-04-12 15:00:00,0.03536000,0.03549000,0.03500000,0.03547000,2028830.20000000,TUSDT
2023-04-12 16:00:00,0.03547000,0.03555000,0.03526000,0.03529000,769887.90000000,TUSDT
2023-04-12 17:00:00,0.03528000,0.03552000,0.03528000,0.03547000,1066282.10000000,TUSDT
2023-04-12 18:00:00,0.03544000,0.03560000,0.03522000,0.03530000,1531902.00000000,TUSDT
2023-04-12 19:00:00,0.03525000,0.03535000,0.03500000,0.03517000,7112507.20000000,TUSDT
2023-04-12 20:00:00,0.03518000,0.03553000,0.03518000,0.03553000,1982820.60000000,TUSDT
2023-04-12 21:00:00,0.03552000,0.03559000,0.03541000,0.03557000,1519837.20000000,TUSDT
2023-04-12 22:00:00,0.03557000,0.03564000,0.03536000,0.03542000,3332343.80000000,TUSDT
2023-04-12 23:00:00,0.03542000,0.03560000,0.03540000,0.03544000,3062968.70000000,TUSDT
2023-04-13 00:00:00,0.03542000,0.03550000,0.03513000,0.03513000,3239974.40000000,TUSDT
2023-04-13 01:00:00,0.03513000,0.03521000,0.03499000,0.03517000,1138502.10000000,TUSDT
2023-04-13 02:00:00,0.03517000,0.03534000,0.03508000,0.03534000,1051504.90000000,TUSDT
2023-04-13 03:00:00,0.03532000,0.03545000,0.03530000,0.03539000,994411.60000000,TUSDT
2023-04-13 04:00:00,0.03539000,0.03543000,0.03531000,0.03532000,591686.50000000,TUSDT
2023-04-13 05:00:00,0.03531000,0.03537000,0.03526000,0.03536000,411208.30000000,TUSDT
2023-04-13 06:00:00,0.03536000,0.03541000,0.03525000,0.03527000,413996.00000000,TUSDT
2023-04-13 07:00:00,0.03521000,0.03539000,0.03520000,0.03536000,876824.40000000,TUSDT
2023-04-13 08:00:00,0.03535000,0.03574000,0.03528000,0.03565000,2915429.70000000,TUSDT
2023-04-13 09:00:00,0.03565000,0.03585000,0.03556000,0.03570000,2799289.40000000,TUSDT
2023-04-13 10:00:00,0.03568000,0.03571000,0.03552000,0.03565000,1754328.80000000,TUSDT
2023-04-13 11:00:00,0.03569000,0.03570000,0.03547000,0.03551000,1645077.90000000,TUSDT
2023-04-13 12:00:00,0.03552000,0.03577000,0.03550000,0.03572000,1217575.50000000,TUSDT
2023-04-13 13:00:00,0.03571000,0.03603000,0.03567000,0.03589000,2061098.30000000,TUSDT
2023-04-13 14:00:00,0.03588000,0.03614000,0.03580000,0.03614000,2708864.30000000,TUSDT
2023-04-13 15:00:00,0.03611000,0.03631000,0.03601000,0.03607000,4951741.10000000,TUSDT
2023-04-13 16:00:00,0.03608000,0.03622000,0.03602000,0.03622000,1523247.30000000,TUSDT
2023-04-13 17:00:00,0.03622000,0.03640000,0.03613000,0.03633000,3607410.90000000,TUSDT
2023-04-13 18:00:00,0.03632000,0.03652000,0.03625000,0.03642000,4818236.80000000,TUSDT
2023-04-13 19:00:00,0.03643000,0.03651000,0.03620000,0.03626000,2432804.90000000,TUSDT
2023-04-13 20:00:00,0.03627000,0.03741000,0.03583000,0.03615000,13816410.00000000,TUSDT
2023-04-13 21:00:00,0.03616000,0.03630000,0.03613000,0.03621000,1488592.80000000,TUSDT
2023-04-13 22:00:00,0.03620000,0.03629000,0.03615000,0.03622000,1532502.00000000,TUSDT
2023-04-13 23:00:00,0.03624000,0.03626000,0.03615000,0.03620000,455200.30000000,TUSDT
2023-04-14 00:00:00,0.03618000,0.03665000,0.03599000,0.03641000,6165362.60000000,TUSDT
2023-04-14 01:00:00,0.03645000,0.03670000,0.03638000,0.03642000,4946781.00000000,TUSDT
2023-04-14 02:00:00,0.03642000,0.03663000,0.03628000,0.03639000,2261026.60000000,TUSDT
2023-04-14 03:00:00,0.03639000,0.03663000,0.03636000,0.03654000,1516079.80000000,TUSDT
2023-04-14 04:00:00,0.03654000,0.03667000,0.03652000,0.03663000,2041064.10000000,TUSDT
2023-04-14 05:00:00,0.03663000,0.03687000,0.03657000,0.03672000,2986414.40000000,TUSDT
2023-04-14 06:00:00,0.03671000,0.03681000,0.03655000,0.03679000,2212589.10000000,TUSDT
2023-04-14 07:00:00,0.03677000,0.03700000,0.03656000,0.03659000,4634303.10000000,TUSDT
2023-04-14 08:00:00,0.03659000,0.03677000,0.03627000,0.03644000,4032370.90000000,TUSDT
2023-04-14 09:00:00,0.03644000,0.03670000,0.03644000,0.03666000,2430790.60000000,TUSDT
2023-04-14 10:00:00,0.03666000,0.03681000,0.03666000,0.03671000,1898680.90000000,TUSDT
2023-04-14 11:00:00,0.03670000,0.03683000,0.03667000,0.03682000,2338263.20000000,TUSDT
2023-04-14 12:00:00,0.03679000,0.03680000,0.03622000,0.03622000,5589478.10000000,TUSDT
2023-04-14 13:00:00,0.03626000,0.03664000,0.03624000,0.03659000,1799258.50000000,TUSDT
2023-04-14 14:00:00,0.03655000,0.03661000,0.03635000,0.03649000,3271256.10000000,TUSDT
2023-04-14 15:00:00,0.03648000,0.03651000,0.03590000,0.03594000,5022517.00000000,TUSDT
2023-04-14 16:00:00,0.03593000,0.03606000,0.03586000,0.03605000,1703233.80000000,TUSDT
2023-04-14 17:00:00,0.03606000,0.03664000,0.03604000,0.03654000,4477189.90000000,TUSDT
2023-04-14 18:00:00,0.03653000,0.03681000,0.03653000,0.03666000,2975132.30000000,TUSDT
2023-04-14 19:00:00,0.03666000,0.03674000,0.03644000,0.03674000,3334927.00000000,TUSDT
2023-04-14 20:00:00,0.03674000,0.03697000,0.03654000,0.03662000,5251012.50000000,TUSDT
2023-04-14 21:00:00,0.03665000,0.03671000,0.03653000,0.03669000,1323850.00000000,TUSDT
2023-04-14 22:00:00,0.03668000,0.03685000,0.03662000,0.03681000,1112838.20000000,TUSDT
2023-04-14 23:00:00,0.03681000,0.03686000,0.03662000,0.03675000,2615258.30000000,TUSDT
2023-04-15 00:00:00,0.03673000,0.03676000,0.03648000,0.03650000,2684188.60000000,TUSDT
2023-04-15 01:00:00,0.03647000,0.03652000,0.03626000,0.03644000,2691595.70000000,TUSDT
2023-04-15 02:00:00,0.03643000,0.03655000,0.03640000,0.03641000,1016513.90000000,TUSDT
2023-04-15 03:00:00,0.03641000,0.03646000,0.03632000,0.03639000,564443.00000000,TUSDT
2023-04-15 04:00:00,0.03638000,0.03643000,0.03627000,0.03639000,714086.60000000,TUSDT
2023-04-15 05:00:00,0.03640000,0.03652000,0.03637000,0.03639000,536035.10000000,TUSDT
2023-04-15 06:00:00,0.03638000,0.03645000,0.03622000,0.03626000,1531697.70000000,TUSDT
2023-04-15 07:00:00,0.03627000,0.03647000,0.03624000,0.03641000,879784.60000000,TUSDT
2023-04-15 08:00:00,0.03642000,0.03645000,0.03627000,0.03630000,1969609.10000000,TUSDT
2023-04-15 09:00:00,0.03629000,0.03651000,0.03629000,0.03642000,2768332.40000000,TUSDT
2023-04-15 10:00:00,0.03643000,0.03649000,0.03638000,0.03648000,299157.90000000,TUSDT
2023-04-15 11:00:00,0.03650000,0.03659000,0.03639000,0.03641000,1114595.90000000,TUSDT
2023-04-15 12:00:00,0.03642000,0.03649000,0.03636000,0.03646000,615841.70000000,TUSDT
2023-04-15 13:00:00,0.03647000,0.03651000,0.03623000,0.03637000,1098293.20000000,TUSDT
2023-04-15 14:00:00,0.03636000,0.03656000,0.03634000,0.03649000,1310929.00000000,TUSDT
2023-04-15 15:00:00,0.03649000,0.03674000,0.03644000,0.03650000,2635711.00000000,TUSDT
2023-04-15 16:00:00,0.03650000,0.03666000,0.03641000,0.03663000,1217512.10000000,TUSDT
2023-04-15 17:00:00,0.03662000,0.03664000,0.03624000,0.03638000,2129508.60000000,TUSDT
2023-04-15 18:00:00,0.03638000,0.03658000,0.03638000,0.03651000,1411304.70000000,TUSDT
2023-04-15 19:00:00,0.03652000,0.03659000,0.03621000,0.03632000,1765577.60000000,TUSDT
2023-04-15 20:00:00,0.03632000,0.03638000,0.03619000,0.03623000,2066323.40000000,TUSDT
2023-04-15 21:00:00,0.03623000,0.03645000,0.03612000,0.03632000,1703807.20000000,TUSDT
2023-04-15 22:00:00,0.03627000,0.03652000,0.03627000,0.03647000,1699798.10000000,TUSDT
2023-04-15 23:00:00,0.03646000,0.03658000,0.03640000,0.03646000,2018987.20000000,TUSDT
2023-04-16 00:00:00,0.03644000,0.03647000,0.03628000,0.03630000,861855.70000000,TUSDT
2023-04-16 01:00:00,0.03628000,0.03643000,0.03600000,0.03639000,2569872.60000000,TUSDT
2023-04-16 02:00:00,0.03639000,0.03644000,0.03630000,0.03640000,1326173.50000000,TUSDT
2023-04-16 03:00:00,0.03641000,0.03646000,0.03629000,0.03633000,2365597.10000000,TUSDT
2023-04-16 04:00:00,0.03631000,0.03643000,0.03630000,0.03643000,1341344.20000000,TUSDT
2023-04-16 05:00:00,0.03644000,0.03659000,0.03637000,0.03649000,1518866.70000000,TUSDT
2023-04-16 06:00:00,0.03650000,0.03656000,0.03648000,0.03650000,568407.30000000,TUSDT
2023-04-16 07:00:00,0.03650000,0.03664000,0.03646000,0.03660000,2235546.00000000,TUSDT
2023-04-16 08:00:00,0.03660000,0.03667000,0.03647000,0.03654000,3711194.60000000,TUSDT
2023-04-16 09:00:00,0.03655000,0.03661000,0.03648000,0.03654000,3981727.20000000,TUSDT
2023-04-16 10:00:00,0.03654000,0.03658000,0.03647000,0.03652000,3042063.50000000,TUSDT
2023-04-16 11:00:00,0.03652000,0.03656000,0.03615000,0.03631000,3738800.40000000,TUSDT
2023-04-16 12:00:00,0.03632000,0.03644000,0.03628000,0.03643000,1134795.20000000,TUSDT
2023-04-16 13:00:00,0.03643000,0.03652000,0.03615000,0.03626000,1496825.50000000,TUSDT
2023-04-16 14:00:00,0.03628000,0.03644000,0.03624000,0.03644000,723493.70000000,TUSDT
2023-04-16 15:00:00,0.03643000,0.03657000,0.03638000,0.03653000,963029.40000000,TUSDT
2023-04-16 16:00:00,0.03656000,0.03670000,0.03647000,0.03668000,1086492.50000000,TUSDT
2023-04-16 17:00:00,0.03669000,0.03679000,0.03666000,0.03667000,2294109.20000000,TUSDT
2023-04-16 18:00:00,0.03668000,0.03700000,0.03668000,0.03693000,5066718.30000000,TUSDT
2023-04-16 19:00:00,0.03694000,0.03702000,0.03657000,0.03660000,7193960.30000000,TUSDT
2023-04-16 20:00:00,0.03661000,0.03693000,0.03641000,0.03689000,3316823.50000000,TUSDT
2023-04-16 21:00:00,0.03688000,0.03694000,0.03676000,0.03686000,1445160.70000000,TUSDT
2023-04-16 22:00:00,0.03687000,0.03698000,0.03677000,0.03691000,3734633.80000000,TUSDT
2023-04-16 23:00:00,0.03691000,0.03692000,0.03658000,0.03677000,2676752.20000000,TUSDT
2023-04-17 00:00:00,0.03676000,0.03681000,0.03605000,0.03613000,10864272.10000000,TUSDT
2023-04-17 01:00:00,0.03607000,0.03637000,0.03561000,0.03631000,4006211.20000000,TUSDT
2023-04-17 02:00:00,0.03627000,0.03650000,0.03624000,0.03641000,946164.30000000,TUSDT
2023-04-17 03:00:00,0.03640000,0.03646000,0.03630000,0.03638000,1346795.40000000,TUSDT
2023-04-17 04:00:00,0.03637000,0.03641000,0.03618000,0.03638000,1115312.00000000,TUSDT
2023-04-17 05:00:00,0.03638000,0.03643000,0.03630000,0.03642000,492742.90000000,TUSDT
2023-04-17 06:00:00,0.03643000,0.03649000,0.03610000,0.03613000,2008984.00000000,TUSDT
2023-04-17 07:00:00,0.03610000,0.03629000,0.03602000,0.03616000,3993035.00000000,TUSDT
2023-04-17 08:00:00,0.03613000,0.03618000,0.03606000,0.03612000,3764167.80000000,TUSDT
2023-04-17 09:00:00,0.03614000,0.03620000,0.03597000,0.03603000,3081981.00000000,TUSDT
2023-04-17 10:00:00,0.03601000,0.03614000,0.03596000,0.03612000,1712501.70000000,TUSDT
2023-04-17 11:00:00,0.03612000,0.03615000,0.03559000,0.03576000,4320365.30000000,TUSDT
2023-04-17 12:00:00,0.03575000,0.03594000,0.03571000,0.03590000,2338926.10000000,TUSDT
2023-04-17 13:00:00,0.03589000,0.03599000,0.03560000,0.03587000,3444365.00000000,TUSDT
2023-04-17 14:00:00,0.03582000,0.03591000,0.03568000,0.03581000,1939036.40000000,TUSDT
2023-04-17 15:00:00,0.03579000,0.03582000,0.03562000,0.03571000,2482838.30000000,TUSDT
2023-04-17 16:00:00,0.03571000,0.03591000,0.03561000,0.03584000,3067084.00000000,TUSDT
2023-04-17 17:00:00,0.03583000,0.03590000,0.03581000,0.03584000,1101323.20000000,TUSDT
2023-04-17 18:00:00,0.03585000,0.03675000,0.03578000,0.03584000,18412390.70000000,TUSDT
2023-04-17 19:00:00,0.03588000,0.03588000,0.03571000,0.03580000,3075298.50000000,TUSDT
2023-04-17 20:00:00,0.03584000,0.03598000,0.03584000,0.03594000,1042278.80000000,TUSDT
2023-04-17 21:00:00,0.03593000,0.03617000,0.03588000,0.03608000,1140049.50000000,TUSDT
2023-04-17 22:00:00,0.03609000,0.03618000,0.03601000,0.03610000,1116607.10000000,TUSDT
2023-04-17 23:00:00,0.03616000,0.03616000,0.03597000,0.03604000,1310316.70000000,TUSDT
2023-04-18 00:00:00,0.03604000,0.03606000,0.03585000,0.03597000,1338506.30000000,TUSDT
2023-04-18 01:00:00,0.03599000,0.03606000,0.03565000,0.03597000,2486836.30000000,TUSDT
2023-04-18 02:00:00,0.03597000,0.03601000,0.03587000,0.03593000,1301277.30000000,TUSDT
2023-04-18 03:00:00,0.03594000,0.03599000,0.03581000,0.03594000,613053.80000000,TUSDT
2023-04-18 04:00:00,0.03596000,0.03609000,0.03589000,0.03604000,1136018.70000000,TUSDT
2023-04-18 05:00:00,0.03605000,0.03629000,0.03602000,0.03620000,2890422.80000000,TUSDT
2023-04-18 06:00:00,0.03619000,0.03636000,0.03612000,0.03633000,4492914.90000000,TUSDT
2023-04-18 07:00:00,0.03635000,0.03640000,0.03626000,0.03634000,2315700.60000000,TUSDT
2023-04-18 08:00:00,0.03635000,0.03639000,0.03618000,0.03623000,1024346.50000000,TUSDT
2023-04-18 09:00:00,0.03623000,0.03648000,0.03622000,0.03644000,2077560.20000000,TUSDT
2023-04-18 10:00:00,0.03646000,0.03654000,0.03635000,0.03646000,2722175.40000000,TUSDT
2023-04-18 11:00:00,0.03645000,0.03673000,0.03645000,0.03664000,3439385.80000000,TUSDT
2023-04-18 12:00:00,0.03666000,0.03679000,0.03645000,0.03655000,3759489.60000000,TUSDT
2023-04-18 13:00:00,0.03655000,0.03666000,0.03650000,0.03660000,2594104.70000000,TUSDT
2023-04-18 14:00:00,0.03659000,0.03663000,0.03622000,0.03635000,3390328.90000000,TUSDT
2023-04-18 15:00:00,0.03635000,0.03638000,0.03619000,0.03636000,2427728.70000000,TUSDT
2023-04-18 16:00:00,0.03635000,0.03648000,0.03634000,0.03639000,1593517.00000000,TUSDT
2023-04-18 17:00:00,0.03639000,0.03658000,0.03615000,0.03616000,2673233.50000000,TUSDT
2023-04-18 18:00:00,0.03614000,0.03644000,0.03609000,0.03635000,1387470.20000000,TUSDT
2023-04-18 19:00:00,0.03637000,0.03643000,0.03623000,0.03632000,1451165.00000000,TUSDT
2023-04-18 20:00:00,0.03632000,0.03655000,0.03622000,0.03653000,1483505.10000000,TUSDT
2023-04-18 21:00:00,0.03654000,0.03659000,0.03649000,0.03656000,1719500.10000000,TUSDT
2023-04-18 22:00:00,0.03657000,0.03666000,0.03653000,0.03657000,2002113.10000000,TUSDT
2023-04-18 23:00:00,0.03658000,0.03679000,0.03657000,0.03658000,3014677.20000000,TUSDT
2023-04-19 00:00:00,0.03658000,0.03757000,0.03638000,0.03719000,25722827.80000000,TUSDT
2023-04-19 01:00:00,0.03719000,0.03750000,0.03701000,0.03720000,7231786.40000000,TUSDT
2023-04-19 02:00:00,0.03720000,0.03742000,0.03693000,0.03727000,5605860.40000000,TUSDT
2023-04-19 03:00:00,0.03728000,0.03777000,0.03709000,0.03762000,9226794.20000000,TUSDT
2023-04-19 04:00:00,0.03761000,0.03761000,0.03706000,0.03729000,5096840.10000000,TUSDT
2023-04-19 05:00:00,0.03730000,0.03756000,0.03714000,0.03753000,4428908.70000000,TUSDT
2023-04-19 06:00:00,0.03753000,0.03767000,0.03703000,0.03705000,4800300.00000000,TUSDT
2023-04-19 07:00:00,0.03705000,0.03733000,0.03695000,0.03720000,5107028.80000000,TUSDT
2023-04-19 08:00:00,0.03718000,0.03718000,0.03357000,0.03501000,47320594.40000000,TUSDT
2023-04-19 09:00:00,0.03502000,0.03563000,0.03481000,0.03542000,9629542.70000000,TUSDT
2023-04-19 10:00:00,0.03541000,0.03545000,0.03497000,0.03526000,5044027.60000000,TUSDT
2023-04-19 11:00:00,0.03523000,0.03592000,0.03522000,0.03543000,3706262.00000000,TUSDT
2023-04-19 12:00:00,0.03544000,0.03545000,0.03517000,0.03535000,2839222.00000000,TUSDT
2023-04-19 13:00:00,0.03536000,0.03567000,0.03525000,0.03563000,3506313.80000000,TUSDT
2023-04-19 14:00:00,0.03564000,0.03587000,0.03551000,0.03559000,5645605.50000000,TUSDT
2023-04-19 15:00:00,0.03560000,0.03564000,0.03501000,0.03519000,5797499.70000000,TUSDT
2023-04-19 16:00:00,0.03519000,0.03537000,0.03507000,0.03515000,980707.10000000,TUSDT
2023-04-19 17:00:00,0.03517000,0.03518000,0.03433000,0.03480000,6231804.90000000,TUSDT
2023-04-19 18:00:00,0.03479000,0.03490000,0.03465000,0.03477000,2029076.30000000,TUSDT
2023-04-19 19:00:00,0.03473000,0.03499000,0.03468000,0.03479000,1141484.80000000,TUSDT
2023-04-19 20:00:00,0.03481000,0.03498000,0.03476000,0.03486000,919269.50000000,TUSDT
2023-04-19 21:00:00,0.03489000,0.03490000,0.03426000,0.03475000,3843312.60000000,TUSDT
2023-04-19 22:00:00,0.03479000,0.03496000,0.03463000,0.03465000,3007148.40000000,TUSDT
2023-04-19 23:00:00,0.03465000,0.03467000,0.03380000,0.03443000,3873924.40000000,TUSDT
2023-04-20 00:00:00,0.03444000,0.03461000,0.03418000,0.03444000,1568450.50000000,TUSDT
2023-04-20 01:00:00,0.03444000,0.03450000,0.03424000,0.03434000,2194179.50000000,TUSDT
2023-04-20 02:00:00,0.03435000,0.03437000,0.03376000,0.03379000,1920783.70000000,TUSDT
2023-04-20 03:00:00,0.03382000,0.03404000,0.03344000,0.03397000,3513454.10000000,TUSDT
2023-04-20 04:00:00,0.03400000,0.03421000,0.03400000,0.03408000,724220.30000000,TUSDT
2023-04-20 05:00:00,0.03413000,0.03425000,0.03388000,0.03403000,1727324.00000000,TUSDT
2023-04-20 06:00:00,0.03403000,0.03424000,0.03403000,0.03416000,1256709.70000000,TUSDT
2023-04-20 07:00:00,0.03419000,0.03419000,0.03377000,0.03377000,1600035.10000000,TUSDT
2023-04-20 08:00:00,0.03377000,0.03419000,0.03377000,0.03394000,1517761.40000000,TUSDT
2023-04-20 09:00:00,0.03393000,0.03417000,0.03369000,0.03412000,4375266.90000000,TUSDT
2023-04-20 10:00:00,0.03412000,0.03422000,0.03398000,0.03399000,2364010.70000000,TUSDT
2023-04-20 11:00:00,0.03399000,0.03412000,0.03372000,0.03376000,1869055.60000000,TUSDT
2023-04-20 12:00:00,0.03374000,0.03431000,0.03369000,0.03426000,1933082.40000000,TUSDT
2023-04-20 13:00:00,0.03425000,0.03425000,0.03394000,0.03410000,1413598.00000000,TUSDT
2023-04-20 14:00:00,0.03413000,0.03413000,0.03376000,0.03383000,2588527.50000000,TUSDT
2023-04-20 15:00:00,0.03384000,0.03390000,0.03366000,0.03375000,6349249.40000000,TUSDT
2023-04-20 16:00:00,0.03375000,0.03376000,0.03306000,0.03323000,6364674.90000000,TUSDT
2023-04-20 17:00:00,0.03322000,0.03331000,0.03285000,0.03298000,5910545.30000000,TUSDT
2023-04-20 18:00:00,0.03297000,0.03324000,0.03290000,0.03324000,1416017.00000000,TUSDT
2023-04-20 19:00:00,0.03324000,0.03324000,0.03286000,0.03293000,2506137.60000000,TUSDT
2023-04-20 20:00:00,0.03294000,0.03308000,0.03280000,0.03305000,1060165.80000000,TUSDT
2023-04-20 21:00:00,0.03305000,0.03319000,0.03303000,0.03317000,1017332.10000000,TUSDT
2023-04-20 22:00:00,0.03317000,0.03346000,0.03315000,0.03328000,1229336.00000000,TUSDT
2023-04-20 23:00:00,0.03328000,0.03349000,0.03328000,0.03342000,2024240.00000000,TUSDT
2023-04-21 00:00:00,0.03342000,0.03378000,0.03330000,0.03365000,4438897.20000000,TUSDT
2023-04-21 01:00:00,0.03366000,0.03378000,0.03339000,0.03345000,2901292.50000000,TUSDT
2023-04-21 02:00:00,0.03344000,0.03385000,0.03342000,0.03356000,5018178.60000000,TUSDT
2023-04-21 03:00:00,0.03356000,0.03393000,0.03356000,0.03386000,2636867.40000000,TUSDT
2023-04-21 04:00:00,0.03386000,0.03393000,0.03379000,0.03384000,3139532.20000000,TUSDT
2023-04-21 05:00:00,0.03385000,0.03390000,0.03366000,0.03366000,3542207.20000000,TUSDT
2023-04-21 06:00:00,0.03366000,0.03368000,0.03286000,0.03310000,3149463.40000000,TUSDT
2023-04-21 07:00:00,0.03310000,0.03326000,0.03278000,0.03325000,4637516.20000000,TUSDT
2023-04-21 08:00:00,0.03322000,0.03339000,0.03310000,0.03319000,2175103.70000000,TUSDT
2023-04-21 09:00:00,0.03321000,0.03326000,0.03304000,0.03320000,1574413.40000000,TUSDT
2023-04-21 10:00:00,0.03321000,0.03333000,0.03313000,0.03325000,1677205.60000000,TUSDT
2023-04-21 11:00:00,0.03324000,0.03329000,0.03307000,0.03327000,1584159.60000000,TUSDT
2023-04-21 12:00:00,0.03324000,0.03341000,0.03298000,0.03341000,1227337.40000000,TUSDT
2023-04-21 13:00:00,0.03342000,0.03366000,0.03341000,0.03345000,1867740.90000000,TUSDT
2023-04-21 14:00:00,0.03346000,0.03377000,0.03343000,0.03358000,1116164.70000000,TUSDT
2023-04-21 15:00:00,0.03359000,0.03386000,0.03358000,0.03370000,2008230.60000000,TUSDT
2023-04-21 16:00:00,0.03370000,0.03370000,0.03335000,0.03364000,3435422.60000000,TUSDT
2023-04-21 17:00:00,0.03363000,0.03366000,0.03309000,0.03335000,5156155.90000000,TUSDT
2023-04-21 18:00:00,0.03335000,0.03362000,0.03332000,0.03356000,1596580.50000000,TUSDT
2023-04-21 19:00:00,0.03354000,0.03354000,0.03231000,0.03237000,6529117.80000000,TUSDT
2023-04-21 20:00:00,0.03237000,0.03248000,0.03207000,0.03208000,3639452.50000000,TUSDT
2023-04-21 21:00:00,0.03207000,0.03248000,0.03202000,0.03235000,3781979.80000000,TUSDT
2023-04-21 22:00:00,0.03233000,0.03250000,0.03220000,0.03248000,1663799.40000000,TUSDT
2023-04-21 23:00:00,0.03247000,0.03273000,0.03245000,0.03263000,1562067.40000000,TUSDT
2023-04-22 00:00:00,0.03264000,0.03275000,0.03185000,0.03190000,3654750.00000000,TUSDT
2023-04-22 01:00:00,0.03191000,0.03216000,0.03184000,0.03213000,1882965.60000000,TUSDT
2023-04-22 02:00:00,0.03214000,0.03219000,0.03206000,0.03209000,852301.80000000,TUSDT
2023-04-22 03:00:00,0.03210000,0.03221000,0.03201000,0.03218000,1355790.20000000,TUSDT
2023-04-22 04:00:00,0.03221000,0.03238000,0.03218000,0.03238000,854238.90000000,TUSDT
2023-04-22 05:00:00,0.03238000,0.03238000,0.03219000,0.03230000,936436.10000000,TUSDT
2023-04-22 06:00:00,0.03230000,0.03230000,0.03203000,0.03207000,1250551.80000000,TUSDT
2023-04-22 07:00:00,0.03208000,0.03217000,0.03194000,0.03204000,3297007.90000000,TUSDT
2023-04-22 08:00:00,0.03205000,0.03230000,0.03203000,0.03209000,1623760.00000000,TUSDT
2023-04-22 09:00:00,0.03211000,0.03231000,0.03210000,0.03220000,1373120.00000000,TUSDT
2023-04-22 10:00:00,0.03222000,0.03222000,0.03200000,0.03213000,705072.30000000,TUSDT
2023-04-22 11:00:00,0.03217000,0.03223000,0.03213000,0.03220000,698655.30000000,TUSDT
2023-04-22 12:00:00,0.03221000,0.03237000,0.03218000,0.03236000,446871.10000000,TUSDT
2023-04-22 13:00:00,0.03234000,0.03241000,0.03213000,0.03220000,471364.70000000,TUSDT
2023-04-22 14:00:00,0.03222000,0.03253000,0.03212000,0.03248000,3304066.90000000,TUSDT
2023-04-22 15:00:00,0.03249000,0.03262000,0.03236000,0.03256000,1732012.20000000,TUSDT
2023-04-22 16:00:00,0.03257000,0.03294000,0.03254000,0.03263000,1976615.90000000,TUSDT
2023-04-22 17:00:00,0.03263000,0.03292000,0.03263000,0.03276000,632914.30000000,TUSDT
2023-04-22 18:00:00,0.03279000,0.03287000,0.03268000,0.03275000,615145.10000000,TUSDT
2023-04-22 19:00:00,0.03273000,0.03285000,0.03269000,0.03274000,541786.60000000,TUSDT
2023-04-22 20:00:00,0.03275000,0.03296000,0.03274000,0.03295000,1490667.80000000,TUSDT
2023-04-22 21:00:00,0.03293000,0.03309000,0.03283000,0.03309000,1576407.70000000,TUSDT
2023-04-22 22:00:00,0.03309000,0.03317000,0.03303000,0.03314000,724897.60000000,TUSDT
2023-04-22 23:00:00,0.03314000,0.03318000,0.03308000,0.03311000,770959.70000000,TUSDT
2023-04-23 00:00:00,0.03310000,0.03315000,0.03254000,0.03283000,2942302.80000000,TUSDT
2023-04-23 01:00:00,0.03282000,0.03290000,0.03268000,0.03282000,1112530.40000000,TUSDT
2023-04-23 02:00:00,0.03281000,0.03293000,0.03274000,0.03286000,1139041.60000000,TUSDT
2023-04-23 03:00:00,0.03285000,0.03305000,0.03284000,0.03299000,731634.20000000,TUSDT
2023-04-23 04:00:00,0.03296000,0.03306000,0.03295000,0.03304000,1025458.30000000,TUSDT
2023-04-23 05:00:00,0.03303000,0.03312000,0.03291000,0.03306000,1162288.60000000,TUSDT
2023-04-23 06:00:00,0.03307000,0.03312000,0.03290000,0.03293000,803864.80000000,TUSDT
2023-04-23 07:00:00,0.03294000,0.03306000,0.03285000,0.03305000,549460.90000000,TUSDT
2023-04-23 08:00:00,0.03304000,0.03307000,0.03290000,0.03293000,357455.50000000,TUSDT
2023-04-23 09:00:00,0.03294000,0.03297000,0.03274000,0.03283000,507329.70000000,TUSDT
2023-04-23 10:00:00,0.03284000,0.03299000,0.03277000,0.03285000,1818496.90000000,TUSDT
2023-04-23 11:00:00,0.03284000,0.03289000,0.03281000,0.03289000,799886.60000000,TUSDT
2023-04-23 12:00:00,0.03290000,0.03298000,0.03280000,0.03284000,1376907.30000000,TUSDT
2023-04-23 13:00:00,0.03280000,0.03281000,0.03227000,0.03271000,6157242.20000000,TUSDT
2023-04-23 14:00:00,0.03270000,0.03271000,0.03231000,0.03242000,1306059.60000000,TUSDT
2023-04-23 15:00:00,0.03240000,0.03244000,0.03215000,0.03230000,2569017.30000000,TUSDT
2023-04-23 16:00:00,0.03227000,0.03247000,0.03201000,0.03233000,1698974.70000000,TUSDT
2023-04-23 17:00:00,0.03233000,0.03235000,0.03206000,0.03208000,1244199.30000000,TUSDT
2023-04-23 18:00:00,0.03207000,0.03211000,0.03123000,0.03149000,3008146.30000000,TUSDT
2023-04-23 19:00:00,0.03150000,0.03184000,0.03144000,0.03175000,601970.20000000,TUSDT
2023-04-23 20:00:00,0.03172000,0.03191000,0.03162000,0.03172000,542885.10000000,TUSDT
2023-04-23 21:00:00,0.03174000,0.03196000,0.03154000,0.03188000,3211495.10000000,TUSDT
2023-04-23 22:00:00,0.03190000,0.03239000,0.03176000,0.03229000,2360212.60000000,TUSDT
2023-04-23 23:00:00,0.03230000,0.03238000,0.03220000,0.03231000,1783500.70000000,TUSDT
2023-04-24 00:00:00,0.03229000,0.03238000,0.03182000,0.03234000,2582842.70000000,TUSDT
2023-04-24 01:00:00,0.03237000,0.03262000,0.03209000,0.03226000,3176390.10000000,TUSDT
2023-04-24 02:00:00,0.03227000,0.03229000,0.03212000,0.03216000,1034180.50000000,TUSDT
2023-04-24 03:00:00,0.03217000,0.03218000,0.03195000,0.03212000,405944.90000000,TUSDT
2023-04-24 04:00:00,0.03213000,0.03214000,0.03194000,0.03203000,1183632.60000000,TUSDT
2023-04-24 05:00:00,0.03202000,0.03215000,0.03183000,0.03185000,382481.30000000,TUSDT
2023-04-24 06:00:00,0.03189000,0.03196000,0.03162000,0.03173000,1462595.70000000,TUSDT
2023-04-24 07:00:00,0.03170000,0.03183000,0.03161000,0.03177000,2236344.40000000,TUSDT
2023-04-24 08:00:00,0.03177000,0.03196000,0.03160000,0.03167000,3341496.70000000,TUSDT
2023-04-24 09:00:00,0.03168000,0.03192000,0.03168000,0.03178000,405044.20000000,TUSDT
2023-04-24 10:00:00,0.03180000,0.03197000,0.03180000,0.03192000,723059.10000000,TUSDT
2023-04-24 11:00:00,0.03195000,0.03216000,0.03193000,0.03216000,1216932.20000000,TUSDT
2023-04-24 12:00:00,0.03217000,0.03223000,0.03193000,0.03197000,1754819.40000000,TUSDT
2023-04-24 13:00:00,0.03198000,0.03231000,0.03198000,0.03218000,1592341.60000000,TUSDT
2023-04-24 14:00:00,0.03218000,0.03229000,0.03181000,0.03201000,696541.80000000,TUSDT
2023-04-24 15:00:00,0.03200000,0.03201000,0.03171000,0.03172000,711712.90000000,TUSDT
2023-04-24 16:00:00,0.03172000,0.03205000,0.03149000,0.03154000,2415954.90000000,TUSDT
2023-04-24 17:00:00,0.03152000,0.03197000,0.03145000,0.03192000,1457185.10000000,TUSDT
2023-04-24 18:00:00,0.03192000,0.03215000,0.03190000,0.03199000,1052562.40000000,TUSDT
2023-04-24 19:00:00,0.03199000,0.03206000,0.03192000,0.03200000,311884.00000000,TUSDT
2023-04-24 20:00:00,0.03202000,0.03224000,0.03202000,0.03222000,442572.10000000,TUSDT
2023-04-24 21:00:00,0.03223000,0.03230000,0.03206000,0.03213000,1733486.50000000,TUSDT
2023-04-24 22:00:00,0.03210000,0.03229000,0.03203000,0.03220000,1133352.50000000,TUSDT
2023-04-24 23:00:00,0.03219000,0.03235000,0.03213000,0.03221000,1108411.00000000,TUSDT
2023-04-25 00:00:00,0.03223000,0.03259000,0.03184000,0.03187000,4647420.00000000,TUSDT
2023-04-25 01:00:00,0.03188000,0.03200000,0.03176000,0.03176000,994558.10000000,TUSDT
2023-04-25 02:00:00,0.03176000,0.03184000,0.03168000,0.03170000,1297662.20000000,TUSDT
2023-04-25 03:00:00,0.03167000,0.03177000,0.03138000,0.03143000,1943997.50000000,TUSDT
2023-04-25 04:00:00,0.03143000,0.03153000,0.03140000,0.03143000,1079073.40000000,TUSDT
2023-04-25 05:00:00,0.03144000,0.03149000,0.03124000,0.03147000,1094528.60000000,TUSDT
2023-04-25 06:00:00,0.03146000,0.03149000,0.03125000,0.03125000,370859.70000000,TUSDT
2023-04-25 07:00:00,0.03129000,0.03142000,0.03105000,0.03108000,1420800.90000000,TUSDT
2023-04-25 08:00:00,0.03108000,0.03132000,0.03103000,0.03131000,1189444.00000000,TUSDT
2023-04-25 09:00:00,0.03131000,0.03141000,0.03115000,0.03118000,820897.50000000,TUSDT
2023-04-25 10:00:00,0.03120000,0.03129000,0.03117000,0.03123000,301639.10000000,TUSDT
2023-04-25 11:00:00,0.03126000,0.03147000,0.03123000,0.03139000,662999.90000000,TUSDT
2023-04-25 12:00:00,0.03141000,0.03145000,0.03134000,0.03143000,725021.00000000,TUSDT
2023-04-25 13:00:00,0.03144000,0.03162000,0.03138000,0.03145000,1164427.30000000,TUSDT
2023-04-25 14:00:00,0.03143000,0.03148000,0.03115000,0.03128000,569743.90000000,TUSDT
2023-04-25 15:00:00,0.03127000,0.03149000,0.03123000,0.03138000,1090649.70000000,TUSDT
2023-04-25 16:00:00,0.03138000,0.03153000,0.03126000,0.03148000,514835.20000000,TUSDT
2023-04-25 17:00:00,0.03148000,0.03183000,0.03141000,0.03173000,1495908.00000000,TUSDT
2023-04-25 18:00:00,0.03179000,0.03188000,0.03171000,0.03175000,627414.80000000,TUSDT
2023-04-25 19:00:00,0.03174000,0.03174000,0.03162000,0.03170000,434786.90000000,TUSDT
2023-04-25 20:00:00,0.03175000,0.03225000,0.03175000,0.03217000,1460859.40000000,TUSDT
2023-04-25 21:00:00,0.03220000,0.03263000,0.03219000,0.03259000,3191032.90000000,TUSDT
2023-04-25 22:00:00,0.03262000,0.03265000,0.03224000,0.03238000,3618211.00000000,TUSDT
2023-04-25 23:00:00,0.03238000,0.03258000,0.03234000,0.03250000,1415828.70000000,TUSDT
2023-04-26 00:00:00,0.03248000,0.03317000,0.03245000,0.03272000,9248123.00000000,TUSDT
2023-04-26 01:00:00,0.03272000,0.03321000,0.03266000,0.03316000,3467652.40000000,TUSDT
2023-04-26 02:00:00,0.03317000,0.03345000,0.03297000,0.03306000,7090819.60000000,TUSDT
2023-04-26 03:00:00,0.03307000,0.03313000,0.03275000,0.03279000,2131702.60000000,TUSDT
2023-04-26 04:00:00,0.03281000,0.03297000,0.03279000,0.03289000,709710.60000000,TUSDT
2023-04-26 05:00:00,0.03290000,0.03333000,0.03288000,0.03321000,3200228.50000000,TUSDT
2023-04-26 06:00:00,0.03321000,0.03358000,0.03302000,0.03343000,6452872.60000000,TUSDT
2023-04-26 07:00:00,0.03340000,0.03361000,0.03301000,0.03316000,5016521.30000000,TUSDT
2023-04-26 08:00:00,0.03316000,0.03385000,0.03309000,0.03343000,4583527.20000000,TUSDT
2023-04-26 09:00:00,0.03344000,0.03405000,0.03332000,0.03356000,5636823.70000000,TUSDT
2023-04-26 10:00:00,0.03357000,0.03375000,0.03347000,0.03362000,3222237.70000000,TUSDT
2023-04-26 11:00:00,0.03362000,0.03373000,0.03342000,0.03348000,2052652.20000000,TUSDT
2023-04-26 12:00:00,0.03351000,0.03401000,0.03350000,0.03385000,3847517.90000000,TUSDT
2023-04-26 13:00:00,0.03386000,0.03386000,0.03350000,0.03368000,2876055.30000000,TUSDT
2023-04-26 14:00:00,0.03369000,0.03373000,0.03340000,0.03363000,2667806.60000000,TUSDT
2023-04-26 15:00:00,0.03363000,0.03366000,0.03354000,0.03356000,830262.90000000,TUSDT
2023-04-26 16:00:00,0.03356000,0.03362000,0.03337000,0.03350000,2450377.10000000,TUSDT
2023-04-26 17:00:00,0.03351000,0.03356000,0.03336000,0.03345000,982813.60000000,TUSDT
2023-04-26 18:00:00,0.03343000,0.03358000,0.03343000,0.03350000,918390.30000000,TUSDT
2023-04-26 19:00:00,0.03351000,0.03351000,0.03143000,0.03150000,7773780.90000000,TUSDT
2023-04-26 20:00:00,0.03149000,0.03199000,0.03071000,0.03199000,5662611.90000000,TUSDT
2023-04-26 21:00:00,0.03197000,0.03230000,0.03172000,0.03225000,2799706.90000000,TUSDT
2023-04-26 22:00:00,0.03225000,0.03231000,0.03191000,0.03203000,2183982.20000000,TUSDT
2023-04-26 23:00:00,0.03204000,0.03220000,0.03204000,0.03211000,1120031.90000000,TUSDT
2023-04-27 00:00:00,0.03213000,0.03293000,0.03204000,0.03273000,3118242.90000000,TUSDT
2023-04-27 01:00:00,0.03272000,0.03291000,0.03223000,0.03225000,1372062.90000000,TUSDT
2023-04-27 02:00:00,0.03230000,0.03254000,0.03230000,0.03234000,1213231.90000000,TUSDT
2023-04-27 03:00:00,0.03237000,0.03237000,0.03213000,0.03218000,1455096.20000000,TUSDT
2023-04-27 04:00:00,0.03218000,0.03236000,0.03213000,0.03227000,1935466.60000000,TUSDT
2023-04-27 05:00:00,0.03229000,0.03236000,0.03218000,0.03218000,994218.80000000,TUSDT
2023-04-27 06:00:00,0.03218000,0.03219000,0.03164000,0.03185000,2217932.90000000,TUSDT
2023-04-27 07:00:00,0.03185000,0.03189000,0.03162000,0.03168000,1691309.10000000,TUSDT
2023-04-27 08:00:00,0.03168000,0.03178000,0.03155000,0.03162000,1915025.70000000,TUSDT
2023-04-27 09:00:00,0.03162000,0.03168000,0.03150000,0.03156000,946843.00000000,TUSDT
2023-04-27 10:00:00,0.03156000,0.03166000,0.03146000,0.03162000,928832.70000000,TUSDT
2023-04-27 11:00:00,0.03161000,0.03175000,0.03158000,0.03165000,886566.40000000,TUSDT
2023-04-27 12:00:00,0.03165000,0.03178000,0.03143000,0.03159000,1810333.60000000,TUSDT
2023-04-27 13:00:00,0.03163000,0.03169000,0.03156000,0.03167000,650583.10000000,TUSDT
2023-04-27 14:00:00,0.03168000,0.03180000,0.03164000,0.03168000,740867.80000000,TUSDT
2023-04-27 15:00:00,0.03169000,0.03211000,0.03160000,0.03193000,4043365.30000000,TUSDT
2023-04-27 16:00:00,0.03195000,0.03203000,0.03178000,0.03195000,1208167.90000000,TUSDT
2023-04-27 17:00:00,0.03194000,0.03220000,0.03194000,0.03213000,1825010.00000000,TUSDT
2023-04-27 18:00:00,0.03213000,0.03248000,0.03210000,0.03229000,1790149.90000000,TUSDT
2023-04-27 19:00:00,0.03232000,0.03235000,0.03202000,0.03227000,1826394.90000000,TUSDT
2023-04-27 20:00:00,0.03229000,0.03241000,0.03215000,0.03231000,796954.90000000,TUSDT
2023-04-27 21:00:00,0.03230000,0.03242000,0.03225000,0.03231000,1001396.80000000,TUSDT
2023-04-27 22:00:00,0.03230000,0.03239000,0.03211000,0.03217000,1258554.10000000,TUSDT
2023-04-27 23:00:00,0.03218000,0.03237000,0.03214000,0.03226000,2189480.80000000,TUSDT
2023-04-28 00:00:00,0.03225000,0.03227000,0.03193000,0.03214000,2073408.70000000,TUSDT
2023-04-28 01:00:00,0.03216000,0.03218000,0.03195000,0.03208000,1159276.40000000,TUSDT
2023-04-28 02:00:00,0.03208000,0.03208000,0.03176000,0.03177000,1780091.70000000,TUSDT
2023-04-28 03:00:00,0.03178000,0.03182000,0.03173000,0.03177000,936091.40000000,TUSDT
2023-04-28 04:00:00,0.03177000,0.03196000,0.03177000,0.03184000,1744914.70000000,TUSDT
2023-04-28 05:00:00,0.03185000,0.03189000,0.03173000,0.03180000,517812.90000000,TUSDT
2023-04-28 06:00:00,0.03180000,0.03183000,0.03160000,0.03174000,8031675.10000000,TUSDT
2023-04-28 07:00:00,0.03174000,0.03190000,0.03174000,0.03185000,478010.40000000,TUSDT
2023-04-28 08:00:00,0.03186000,0.03186000,0.03154000,0.03167000,1396685.80000000,TUSDT
2023-04-28 09:00:00,0.03167000,0.03175000,0.03160000,0.03169000,811796.00000000,TUSDT
2023-04-28 10:00:00,0.03169000,0.03203000,0.03161000,0.03195000,3227541.50000000,TUSDT
2023-04-28 11:00:00,0.03197000,0.03204000,0.03175000,0.03181000,3692816.80000000,TUSDT
2023-04-28 12:00:00,0.03178000,0.03193000,0.03158000,0.03164000,2703872.00000000,TUSDT
2023-04-28 13:00:00,0.03164000,0.03184000,0.03129000,0.03154000,2290084.00000000,TUSDT
2023-04-28 14:00:00,0.03154000,0.03179000,0.03147000,0.03161000,854237.00000000,TUSDT
2023-04-28 15:00:00,0.03159000,0.03172000,0.03148000,0.03167000,1117987.40000000,TUSDT
2023-04-28 16:00:00,0.03163000,0.03185000,0.03163000,0.03184000,795378.60000000,TUSDT
2023-04-28 17:00:00,0.03185000,0.03190000,0.03176000,0.03187000,848228.10000000,TUSDT
2023-04-28 18:00:00,0.03187000,0.03189000,0.03170000,0.03183000,685586.80000000,TUSDT
2023-04-28 19:00:00,0.03183000,0.03198000,0.03182000,0.03190000,987966.90000000,TUSDT
2023-04-28 20:00:00,0.03190000,0.03200000,0.03189000,0.03198000,398338.10000000,TUSDT
2023-04-28 21:00:00,0.03198000,0.03204000,0.03191000,0.03194000,1630388.30000000,TUSDT
2023-04-28 22:00:00,0.03197000,0.03207000,0.03194000,0.03197000,345456.80000000,TUSDT
2023-04-28 23:00:00,0.03199000,0.03200000,0.03192000,0.03194000,563837.60000000,TUSDT
2023-04-29 00:00:00,0.03194000,0.03222000,0.03171000,0.03176000,6219856.40000000,TUSDT
2023-04-29 01:00:00,0.03176000,0.03186000,0.03171000,0.03183000,427335.10000000,TUSDT
2023-04-29 02:00:00,0.03184000,0.03201000,0.03184000,0.03200000,440262.00000000,TUSDT
2023-04-29 03:00:00,0.03201000,0.03204000,0.03192000,0.03194000,580122.20000000,TUSDT
2023-04-29 04:00:00,0.03193000,0.03205000,0.03193000,0.03204000,626862.30000000,TUSDT
2023-04-29 05:00:00,0.03204000,0.03206000,0.03189000,0.03193000,612804.20000000,TUSDT
2023-04-29 06:00:00,0.03193000,0.03197000,0.03187000,0.03194000,514201.90000000,TUSDT
2023-04-29 07:00:00,0.03197000,0.03201000,0.03188000,0.03190000,480323.40000000,TUSDT
2023-04-29 08:00:00,0.03193000,0.03201000,0.03183000,0.03195000,760626.40000000,TUSDT
2023-04-29 09:00:00,0.03195000,0.03200000,0.03189000,0.03196000,733611.70000000,TUSDT
2023-04-29 10:00:00,0.03197000,0.03202000,0.03187000,0.03188000,588517.90000000,TUSDT
2023-04-29 11:00:00,0.03189000,0.03196000,0.03181000,0.03193000,593124.90000000,TUSDT
2023-04-29 12:00:00,0.03197000,0.03197000,0.03189000,0.03192000,408132.90000000,TUSDT
2023-04-29 13:00:00,0.03192000,0.03206000,0.03189000,0.03204000,551254.50000000,TUSDT
2023-04-29 14:00:00,0.03205000,0.03210000,0.03199000,0.03203000,346637.10000000,TUSDT
2023-04-29 15:00:00,0.03203000,0.03206000,0.03186000,0.03190000,667799.10000000,TUSDT
2023-04-29 16:00:00,0.03190000,0.03199000,0.03184000,0.03196000,639991.80000000,TUSDT
2023-04-29 17:00:00,0.03196000,0.03197000,0.03169000,0.03185000,1902072.70000000,TUSDT
2023-04-29 18:00:00,0.03186000,0.03197000,0.03182000,0.03195000,456387.60000000,TUSDT
2023-04-29 19:00:00,0.03195000,0.03209000,0.03195000,0.03203000,1056808.80000000,TUSDT
2023-04-29 20:00:00,0.03204000,0.03211000,0.03204000,0.03207000,634626.80000000,TUSDT
2023-04-29 21:00:00,0.03206000,0.03211000,0.03196000,0.03209000,684754.90000000,TUSDT
2023-04-29 22:00:00,0.03207000,0.03221000,0.03205000,0.03217000,2481147.20000000,TUSDT
2023-04-29 23:00:00,0.03213000,0.03219000,0.03206000,0.03214000,516572.70000000,TUSDT
2023-04-30 00:00:00,0.03217000,0.03217000,0.03187000,0.03188000,1097707.00000000,TUSDT
2023-04-30 01:00:00,0.03187000,0.03187000,0.03177000,0.03178000,256806.00000000,TUSDT
2023-04-30 02:00:00,0.03178000,0.03188000,0.03176000,0.03187000,426326.60000000,TUSDT
2023-04-30 03:00:00,0.03187000,0.03189000,0.03179000,0.03185000,169309.70000000,TUSDT
2023-04-30 04:00:00,0.03182000,0.03189000,0.03181000,0.03187000,835887.20000000,TUSDT
2023-04-30 05:00:00,0.03188000,0.03197000,0.03185000,0.03193000,1429364.90000000,TUSDT
2023-04-30 06:00:00,0.03195000,0.03197000,0.03189000,0.03192000,658312.40000000,TUSDT
2023-04-30 07:00:00,0.03190000,0.03192000,0.03176000,0.03180000,611934.80000000,TUSDT
2023-04-30 08:00:00,0.03181000,0.03193000,0.03174000,0.03186000,885291.20000000,TUSDT
2023-04-30 09:00:00,0.03187000,0.03197000,0.03180000,0.03194000,989550.50000000,TUSDT
2023-04-30 10:00:00,0.03194000,0.03200000,0.03179000,0.03187000,634761.90000000,TUSDT
2023-04-30 11:00:00,0.03188000,0.03190000,0.03156000,0.03166000,2385933.80000000,TUSDT
2023-04-30 12:00:00,0.03166000,0.03169000,0.03154000,0.03155000,1205826.60000000,TUSDT
2023-04-30 13:00:00,0.03155000,0.03166000,0.03155000,0.03161000,598477.00000000,TUSDT
2023-04-30 14:00:00,0.03162000,0.03172000,0.03154000,0.03171000,678292.10000000,TUSDT
2023-04-30 15:00:00,0.03173000,0.03205000,0.03168000,0.03181000,3251405.90000000,TUSDT
2023-04-30 16:00:00,0.03184000,0.03198000,0.03178000,0.03192000,926827.00000000,TUSDT
2023-04-30 17:00:00,0.03197000,0.03198000,0.03182000,0.03184000,677730.60000000,TUSDT
2023-04-30 18:00:00,0.03183000,0.03187000,0.03172000,0.03184000,1880183.00000000,TUSDT
2023-04-30 19:00:00,0.03181000,0.03183000,0.03146000,0.03156000,1984310.30000000,TUSDT
2023-04-30 20:00:00,0.03156000,0.03156000,0.03126000,0.03147000,1021941.50000000,TUSDT
2023-04-30 21:00:00,0.03147000,0.03162000,0.03145000,0.03156000,533765.20000000,TUSDT
2023-04-30 22:00:00,0.03156000,0.03174000,0.03152000,0.03172000,670116.30000000,TUSDT
2023-04-30 23:00:00,0.03172000,0.03173000,0.03144000,0.03146000,655445.60000000,TUSDT
2023-05-01 00:00:00,0.03148000,0.03195000,0.03143000,0.03174000,3479843.20000000,TUSDT
2023-05-01 01:00:00,0.03173000,0.03173000,0.03090000,0.03105000,1682050.80000000,TUSDT
2023-05-01 02:00:00,0.03106000,0.03150000,0.03098000,0.03140000,1586569.60000000,TUSDT
2023-05-01 03:00:00,0.03140000,0.03161000,0.03129000,0.03139000,1152575.70000000,TUSDT
2023-05-01 04:00:00,0.03139000,0.03145000,0.03131000,0.03142000,946089.70000000,TUSDT
2023-05-01 05:00:00,0.03143000,0.03148000,0.03119000,0.03131000,835739.40000000,TUSDT
2023-05-01 06:00:00,0.03133000,0.03144000,0.03133000,0.03144000,841574.10000000,TUSDT
2023-05-01 07:00:00,0.03142000,0.03155000,0.03139000,0.03139000,1097980.30000000,TUSDT
2023-05-01 08:00:00,0.03143000,0.03145000,0.03136000,0.03142000,450998.30000000,TUSDT
2023-05-01 09:00:00,0.03145000,0.03158000,0.03144000,0.03150000,857515.50000000,TUSDT
2023-05-01 10:00:00,0.03150000,0.03154000,0.03141000,0.03147000,682258.20000000,TUSDT
2023-05-01 11:00:00,0.03148000,0.03150000,0.03138000,0.03144000,419881.30000000,TUSDT
2023-05-01 12:00:00,0.03142000,0.03208000,0.03141000,0.03193000,12496080.10000000,TUSDT
2023-05-01 13:00:00,0.03191000,0.03193000,0.03153000,0.03167000,4903135.60000000,TUSDT
2023-05-01 14:00:00,0.03167000,0.03171000,0.03141000,0.03143000,2377893.90000000,TUSDT
2023-05-01 15:00:00,0.03143000,0.03146000,0.03105000,0.03112000,1708452.70000000,TUSDT
2023-05-01 16:00:00,0.03112000,0.03138000,0.03097000,0.03137000,980156.50000000,TUSDT
2023-05-01 17:00:00,0.03138000,0.03145000,0.03124000,0.03128000,813385.60000000,TUSDT
2023-05-01 18:00:00,0.03130000,0.03130000,0.03104000,0.03106000,1534206.80000000,TUSDT
2023-05-01 19:00:00,0.03108000,0.03112000,0.03062000,0.03069000,2383499.70000000,TUSDT
2023-05-01 20:00:00,0.03067000,0.03084000,0.03041000,0.03048000,4039586.10000000,TUSDT
2023-05-01 21:00:00,0.03048000,0.03073000,0.03048000,0.03069000,2100777.30000000,TUSDT
2023-05-01 22:00:00,0.03069000,0.03082000,0.03066000,0.03076000,1052940.30000000,TUSDT
2023-05-01 23:00:00,0.03077000,0.03092000,0.03076000,0.03084000,1223465.00000000,TUSDT
2023-05-02 00:00:00,0.03085000,0.03098000,0.03061000,0.03080000,2911119.90000000,TUSDT
2023-05-02 01:00:00,0.03077000,0.03082000,0.03052000,0.03057000,882072.50000000,TUSDT
2023-05-02 02:00:00,0.03055000,0.03059000,0.03047000,0.03051000,923138.60000000,TUSDT
2023-05-02 03:00:00,0.03051000,0.03060000,0.03039000,0.03058000,772119.20000000,TUSDT
2023-05-02 04:00:00,0.03058000,0.03060000,0.03039000,0.03039000,1166760.00000000,TUSDT
2023-05-02 05:00:00,0.03039000,0.03048000,0.03037000,0.03041000,520032.10000000,TUSDT
2023-05-02 06:00:00,0.03041000,0.03051000,0.03039000,0.03050000,544417.40000000,TUSDT
2023-05-02 07:00:00,0.03051000,0.03075000,0.03050000,0.03068000,668153.60000000,TUSDT
2023-05-02 08:00:00,0.03068000,0.03075000,0.03053000,0.03055000,1652746.60000000,TUSDT
2023-05-02 09:00:00,0.03055000,0.03063000,0.03047000,0.03055000,2437297.80000000,TUSDT
2023-05-02 10:00:00,0.03053000,0.03059000,0.03038000,0.03046000,867946.60000000,TUSDT
2023-05-02 11:00:00,0.03048000,0.03062000,0.03046000,0.03054000,1422218.00000000,TUSDT
2023-05-02 12:00:00,0.03057000,0.03069000,0.03050000,0.03056000,1410769.60000000,TUSDT
2023-05-02 13:00:00,0.03058000,0.03064000,0.03038000,0.03038000,653670.80000000,TUSDT
2023-05-02 14:00:00,0.03040000,0.03088000,0.03030000,0.03067000,1661990.90000000,TUSDT
2023-05-02 15:00:00,0.03067000,0.03082000,0.03058000,0.03070000,766415.50000000,TUSDT
2023-05-02 16:00:00,0.03070000,0.03077000,0.03058000,0.03060000,1410605.60000000,TUSDT
2023-05-02 17:00:00,0.03063000,0.03083000,0.03058000,0.03076000,420929.00000000,TUSDT
2023-05-02 18:00:00,0.03078000,0.03099000,0.03076000,0.03091000,1419959.60000000,TUSDT
2023-05-02 19:00:00,0.03092000,0.03108000,0.03086000,0.03097000,1647854.60000000,TUSDT
2023-05-02 20:00:00,0.03100000,0.03110000,0.03094000,0.03099000,827616.30000000,TUSDT
2023-05-02 21:00:00,0.03098000,0.03105000,0.03092000,0.03100000,1097677.40000000,TUSDT
2023-05-02 22:00:00,0.03102000,0.03116000,0.03098000,0.03111000,2508904.30000000,TUSDT
2023-05-02 23:00:00,0.03112000,0.03118000,0.03100000,0.03105000,1578821.70000000,TUSDT
2023-05-03 00:00:00,0.03105000,0.03148000,0.03077000,0.03079000,5964108.60000000,TUSDT
2023-05-03 01:00:00,0.03078000,0.03106000,0.03073000,0.03094000,3037998.40000000,TUSDT
2023-05-03 02:00:00,0.03095000,0.03099000,0.03069000,0.03094000,1170895.20000000,TUSDT
2023-05-03 03:00:00,0.03094000,0.03106000,0.03077000,0.03097000,2563341.40000000,TUSDT
2023-05-03 04:00:00,0.03093000,0.03095000,0.03080000,0.03088000,1061082.30000000,TUSDT
2023-05-03 05:00:00,0.03089000,0.03090000,0.03076000,0.03077000,716891.90000000,TUSDT
2023-05-03 06:00:00,0.03076000,0.03094000,0.03073000,0.03082000,1296406.70000000,TUSDT
2023-05-03 07:00:00,0.03081000,0.03104000,0.03077000,0.03101000,4106331.30000000,TUSDT
2023-05-03 08:00:00,0.03101000,0.03120000,0.03096000,0.03111000,5112284.70000000,TUSDT
2023-05-03 09:00:00,0.03109000,0.03136000,0.03107000,0.03129000,5513574.70000000,TUSDT
2023-05-03 10:00:00,0.03128000,0.03138000,0.03114000,0.03132000,4911779.80000000,TUSDT
2023-05-03 11:00:00,0.03132000,0.03141000,0.03099000,0.03113000,6768300.90000000,TUSDT
2023-05-03 12:00:00,0.03111000,0.03162000,0.03097000,0.03106000,12313877.60000000,TUSDT
2023-05-03 13:00:00,0.03105000,0.03149000,0.03099000,0.03115000,5912464.40000000,TUSDT
2023-05-03 14:00:00,0.03119000,0.03127000,0.03079000,0.03104000,8284028.80000000,TUSDT
2023-05-03 15:00:00,0.03105000,0.03107000,0.03068000,0.03095000,5714481.70000000,TUSDT
2023-05-03 16:00:00,0.03096000,0.03107000,0.03082000,0.03106000,3171795.60000000,TUSDT
2023-05-03 17:00:00,0.03107000,0.03133000,0.03096000,0.03113000,5301780.90000000,TUSDT
2023-05-03 18:00:00,0.03116000,0.03152000,0.03113000,0.03141000,7545372.90000000,TUSDT
2023-05-03 19:00:00,0.03140000,0.03154000,0.03125000,0.03131000,1836706.00000000,TUSDT
2023-05-03 20:00:00,0.03132000,0.03155000,0.03127000,0.03144000,3256331.70000000,TUSDT
2023-05-03 21:00:00,0.03145000,0.03170000,0.03142000,0.03154000,4420919.40000000,TUSDT
2023-05-03 22:00:00,0.03155000,0.03174000,0.03149000,0.03151000,3229147.30000000,TUSDT
2023-05-03 23:00:00,0.03153000,0.03155000,0.03130000,0.03134000,2283238.00000000,TUSDT
2023-05-04 00:00:00,0.03137000,0.03141000,0.03108000,0.03128000,6600776.80000000,TUSDT
2023-05-04 01:00:00,0.03128000,0.03169000,0.03127000,0.03158000,9066384.10000000,TUSDT
2023-05-04 02:00:00,0.03156000,0.03167000,0.03135000,0.03145000,4563804.60000000,TUSDT
2023-05-04 03:00:00,0.03144000,0.03159000,0.03132000,0.03156000,2873590.30000000,TUSDT
2023-05-04 04:00:00,0.03156000,0.03165000,0.03152000,0.03156000,1783281.20000000,TUSDT
2023-05-04 05:00:00,0.03157000,0.03174000,0.03157000,0.03168000,1445131.60000000,TUSDT
2023-05-04 06:00:00,0.03167000,0.03169000,0.03143000,0.03157000,2691322.80000000,TUSDT
2023-05-04 07:00:00,0.03156000,0.03156000,0.03133000,0.03140000,1860310.90000000,TUSDT
2023-05-04 08:00:00,0.03137000,0.03145000,0.03131000,0.03142000,2837237.50000000,TUSDT
2023-05-04 09:00:00,0.03141000,0.03150000,0.03138000,0.03145000,2085602.40000000,TUSDT
2023-05-04 10:00:00,0.03148000,0.03156000,0.03136000,0.03144000,1422086.20000000,TUSDT
2023-05-04 11:00:00,0.03145000,0.03148000,0.03129000,0.03130000,2507466.80000000,TUSDT
2023-05-04 12:00:00,0.03130000,0.03139000,0.03118000,0.03122000,2559161.70000000,TUSDT
2023-05-04 13:00:00,0.03121000,0.03125000,0.03092000,0.03098000,3816201.60000000,TUSDT
2023-05-04 14:00:00,0.03097000,0.03111000,0.03093000,0.03103000,1404331.30000000,TUSDT
2023-05-04 15:00:00,0.03102000,0.03114000,0.03098000,0.03100000,671180.60000000,TUSDT
2023-05-04 16:00:00,0.03099000,0.03110000,0.03093000,0.03097000,1753728.00000000,TUSDT
2023-05-04 17:00:00,0.03097000,0.03099000,0.03087000,0.03091000,1084139.90000000,TUSDT
2023-05-04 18:00:00,0.03091000,0.03096000,0.03087000,0.03089000,1523462.40000000,TUSDT
2023-05-04 19:00:00,0.03089000,0.03097000,0.03081000,0.03096000,1007651.70000000,TUSDT
2023-05-04 20:00:00,0.03095000,0.03098000,0.03091000,0.03095000,428421.10000000,TUSDT
2023-05-04 21:00:00,0.03095000,0.03097000,0.03089000,0.03096000,560811.80000000,TUSDT
2023-05-04 22:00:00,0.03095000,0.03095000,0.03089000,0.03094000,636964.10000000,TUSDT
2023-05-04 23:00:00,0.03093000,0.03106000,0.03092000,0.03104000,535652.40000000,TUSDT
2023-05-05 00:00:00,0.03103000,0.03104000,0.03094000,0.03101000,1499236.30000000,TUSDT
2023-05-05 01:00:00,0.03101000,0.03123000,0.03083000,0.03117000,3604204.80000000,TUSDT
2023-05-05 02:00:00,0.03118000,0.03150000,0.03113000,0.03117000,3323332.80000000,TUSDT
2023-05-05 03:00:00,0.03117000,0.03120000,0.03102000,0.03105000,751400.80000000,TUSDT
2023-05-05 04:00:00,0.03106000,0.03111000,0.03102000,0.03109000,820824.10000000,TUSDT
2023-05-05 05:00:00,0.03109000,0.03111000,0.03100000,0.03102000,629867.00000000,TUSDT
2023-05-05 06:00:00,0.03101000,0.03103000,0.03091000,0.03093000,654836.10000000,TUSDT
2023-05-05 07:00:00,0.03094000,0.03109000,0.03090000,0.03091000,785344.50000000,TUSDT
2023-05-05 08:00:00,0.03090000,0.03099000,0.03088000,0.03088000,658903.30000000,TUSDT
2023-05-05 09:00:00,0.03087000,0.03094000,0.03083000,0.03086000,1645989.30000000,TUSDT
2023-05-05 10:00:00,0.03085000,0.03094000,0.03083000,0.03090000,706034.60000000,TUSDT
2023-05-05 11:00:00,0.03093000,0.03103000,0.03087000,0.03098000,1123755.80000000,TUSDT
2023-05-05 12:00:00,0.03099000,0.03103000,0.03040000,0.03071000,7850780.90000000,TUSDT
2023-05-05 13:00:00,0.03071000,0.03093000,0.03067000,0.03086000,3724222.90000000,TUSDT
2023-05-05 14:00:00,0.03091000,0.03114000,0.03088000,0.03100000,1059156.80000000,TUSDT
2023-05-05 15:00:00,0.03099000,0.03109000,0.03091000,0.03108000,1198579.30000000,TUSDT
2023-05-05 16:00:00,0.03108000,0.03142000,0.03108000,0.03128000,2646468.70000000,TUSDT
2023-05-05 17:00:00,0.03131000,0.03137000,0.03124000,0.03126000,2289529.50000000,TUSDT
2023-05-05 18:00:00,0.03125000,0.03131000,0.03106000,0.03118000,1378715.10000000,TUSDT
2023-05-05 19:00:00,0.03118000,0.03130000,0.03114000,0.03129000,1000045.40000000,TUSDT
2023-05-05 20:00:00,0.03130000,0.03186000,0.03119000,0.03160000,15814448.60000000,TUSDT
2023-05-05 21:00:00,0.03160000,0.03206000,0.03136000,0.03189000,19781589.10000000,TUSDT
2023-05-05 22:00:00,0.03188000,0.03207000,0.03168000,0.03192000,6157001.00000000,TUSDT
2023-05-05 23:00:00,0.03194000,0.03204000,0.03177000,0.03179000,2086321.30000000,TUSDT
2023-05-06 00:00:00,0.03179000,0.03200000,0.03158000,0.03196000,5660402.40000000,TUSDT
2023-05-06 01:00:00,0.03196000,0.03213000,0.03163000,0.03165000,9766116.40000000,TUSDT
2023-05-06 02:00:00,0.03165000,0.03192000,0.03162000,0.03178000,6591354.30000000,TUSDT
2023-05-06 03:00:00,0.03178000,0.03192000,0.03144000,0.03186000,7691983.20000000,TUSDT
2023-05-06 04:00:00,0.03185000,0.03196000,0.03177000,0.03192000,6129448.40000000,TUSDT
2023-05-06 05:00:00,0.03191000,0.03250000,0.03190000,0.03247000,12787861.10000000,TUSDT
2023-05-06 06:00:00,0.03247000,0.03363000,0.03191000,0.03266000,63060267.80000000,TUSDT
2023-05-06 07:00:00,0.03264000,0.03264000,0.03203000,0.03252000,20049651.10000000,TUSDT
2023-05-06 08:00:00,0.03253000,0.03296000,0.03208000,0.03264000,42024608.90000000,TUSDT
2023-05-06 09:00:00,0.03264000,0.03313000,0.03253000,0.03273000,53553526.30000000,TUSDT
2023-05-06 10:00:00,0.03271000,0.03400000,0.03199000,0.03226000,70174224.20000000,TUSDT
2023-05-06 11:00:00,0.03227000,0.03258000,0.03196000,0.03201000,18333737.80000000,TUSDT
2023-05-06 12:00:00,0.03205000,0.03218000,0.03162000,0.03174000,25735611.60000000,TUSDT
2023-05-06 13:00:00,0.03173000,0.03179000,0.03137000,0.03160000,21497605.20000000,TUSDT
2023-05-06 14:00:00,0.03158000,0.03158000,0.03089000,0.03108000,22596786.00000000,TUSDT
2023-05-06 15:00:00,0.03110000,0.03131000,0.03077000,0.03102000,10949302.40000000,TUSDT
2023-05-06 16:00:00,0.03102000,0.03124000,0.03093000,0.03105000,7167271.50000000,TUSDT
2023-05-06 17:00:00,0.03106000,0.03150000,0.03104000,0.03130000,4752620.50000000,TUSDT
2023-05-06 18:00:00,0.03130000,0.03178000,0.03121000,0.03174000,5903034.90000000,TUSDT
2023-05-06 19:00:00,0.03175000,0.03193000,0.03152000,0.03157000,5986153.50000000,TUSDT
2023-05-06 20:00:00,0.03157000,0.03175000,0.03121000,0.03125000,2827794.80000000,TUSDT
2023-05-06 21:00:00,0.03125000,0.03134000,0.03106000,0.03127000,2740787.40000000,TUSDT
2023-05-06 22:00:00,0.03129000,0.03155000,0.03117000,0.03146000,3625456.40000000,TUSDT
2023-05-06 23:00:00,0.03147000,0.03180000,0.03143000,0.03174000,3797461.70000000,TUSDT
2023-05-07 00:00:00,0.03174000,0.03188000,0.03127000,0.03150000,5332712.60000000,TUSDT
2023-05-07 01:00:00,0.03152000,0.03164000,0.03131000,0.03135000,3040094.00000000,TUSDT
2023-05-07 02:00:00,0.03135000,0.03150000,0.03125000,0.03127000,4640547.50000000,TUSDT
2023-05-07 03:00:00,0.03128000,0.03137000,0.03121000,0.03128000,3580667.40000000,TUSDT
2023-05-07 04:00:00,0.03128000,0.03144000,0.03125000,0.03141000,2842681.70000000,TUSDT
2023-05-07 05:00:00,0.03145000,0.03158000,0.03141000,0.03143000,1845317.60000000,TUSDT
2023-05-07 06:00:00,0.03148000,0.03154000,0.03129000,0.03133000,5053231.20000000,TUSDT
2023-05-07 07:00:00,0.03134000,0.03139000,0.03130000,0.03135000,2886379.80000000,TUSDT
2023-05-07 08:00:00,0.03136000,0.03147000,0.03124000,0.03124000,3167479.40000000,TUSDT
2023-05-07 09:00:00,0.03124000,0.03129000,0.03111000,0.03120000,6644827.90000000,TUSDT
2023-05-07 10:00:00,0.03120000,0.03129000,0.03117000,0.03128000,1452091.20000000,TUSDT
2023-05-07 11:00:00,0.03128000,0.03140000,0.03117000,0.03124000,2856930.10000000,TUSDT
2023-05-07 12:00:00,0.03126000,0.03143000,0.03125000,0.03138000,5268480.00000000,TUSDT
2023-05-07 13:00:00,0.03138000,0.03149000,0.03134000,0.03142000,2137188.00000000,TUSDT
2023-05-07 14:00:00,0.03143000,0.03155000,0.03136000,0.03152000,2405691.50000000,TUSDT
2023-05-07 15:00:00,0.03151000,0.03164000,0.03133000,0.03153000,2794898.30000000,TUSDT
2023-05-07 16:00:00,0.03152000,0.03177000,0.03150000,0.03160000,9561377.90000000,TUSDT
2023-05-07 17:00:00,0.03160000,0.03166000,0.03142000,0.03146000,2623919.80000000,TUSDT
2023-05-07 18:00:00,0.03146000,0.03158000,0.03143000,0.03145000,1690023.70000000,TUSDT
2023-05-07 19:00:00,0.03144000,0.03146000,0.03128000,0.03136000,1230670.00000000,TUSDT
2023-05-07 20:00:00,0.03138000,0.03145000,0.03136000,0.03145000,609898.40000000,TUSDT
2023-05-07 21:00:00,0.03145000,0.03149000,0.03131000,0.03131000,972657.80000000,TUSDT
2023-05-07 22:00:00,0.03129000,0.03131000,0.03112000,0.03125000,1699538.20000000,TUSDT
2023-05-07 23:00:00,0.03125000,0.03136000,0.03088000,0.03095000,2367922.70000000,TUSDT
2023-05-08 00:00:00,0.03095000,0.03103000,0.03073000,0.03093000,3662894.80000000,TUSDT
2023-05-08 01:00:00,0.03091000,0.03093000,0.02944000,0.03034000,38563140.10000000,TUSDT
2023-05-08 02:00:00,0.03034000,0.03044000,0.03026000,0.03040000,12665240.10000000,TUSDT
2023-05-08 03:00:00,0.03037000,0.03041000,0.03001000,0.03036000,9694064.80000000,TUSDT
2023-05-08 04:00:00,0.03037000,0.03038000,0.03013000,0.03014000,6762732.60000000,TUSDT
2023-05-08 05:00:00,0.03014000,0.03035000,0.03003000,0.03026000,7982664.70000000,TUSDT
2023-05-08 06:00:00,0.03026000,0.03031000,0.03009000,0.03014000,6058358.80000000,TUSDT
2023-05-08 07:00:00,0.03015000,0.03017000,0.02978000,0.02990000,14271504.20000000,TUSDT
2023-05-08 08:00:00,0.02989000,0.02990000,0.02959000,0.02968000,7062584.90000000,TUSDT
2023-05-08 09:00:00,0.02967000,0.02989000,0.02967000,0.02986000,3446763.90000000,TUSDT
2023-05-08 10:00:00,0.02985000,0.02992000,0.02979000,0.02985000,1530615.30000000,TUSDT
2023-05-08 11:00:00,0.02984000,0.02995000,0.02980000,0.02988000,2389243.00000000,TUSDT
2023-05-08 12:00:00,0.02988000,0.02993000,0.02968000,0.02978000,4861521.90000000,TUSDT
2023-05-08 13:00:00,0.02978000,0.02990000,0.02968000,0.02969000,5025377.50000000,TUSDT
2023-05-08 14:00:00,0.02970000,0.02990000,0.02956000,0.02982000,11000399.40000000,TUSDT
2023-05-08 15:00:00,0.02981000,0.02992000,0.02975000,0.02978000,2814415.00000000,TUSDT
2023-05-08 16:00:00,0.02976000,0.02977000,0.02950000,0.02951000,1906171.90000000,TUSDT
2023-05-08 17:00:00,0.02952000,0.02983000,0.02929000,0.02930000,12330745.10000000,TUSDT
2023-05-08 18:00:00,0.02928000,0.02933000,0.02842000,0.02919000,25945686.10000000,TUSDT
2023-05-08 19:00:00,0.02920000,0.02954000,0.02910000,0.02925000,2589036.40000000,TUSDT
2023-05-08 20:00:00,0.02925000,0.02941000,0.02896000,0.02901000,5869479.00000000,TUSDT
2023-05-08 21:00:00,0.02901000,0.02922000,0.02896000,0.02911000,1176872.90000000,TUSDT
2023-05-08 22:00:00,0.02914000,0.02921000,0.02906000,0.02921000,1343559.50000000,TUSDT
2023-05-08 23:00:00,0.02922000,0.02930000,0.02911000,0.02925000,2821470.40000000,TUSDT
2023-05-09 00:00:00,0.02925000,0.02929000,0.02909000,0.02920000,1545221.10000000,TUSDT
2023-05-09 01:00:00,0.02918000,0.02938000,0.02915000,0.02927000,1945098.10000000,TUSDT
2023-05-09 02:00:00,0.02926000,0.02935000,0.02919000,0.02935000,1625307.10000000,TUSDT
2023-05-09 03:00:00,0.02936000,0.02966000,0.02933000,0.02962000,1261713.60000000,TUSDT
2023-05-09 04:00:00,0.02962000,0.02981000,0.02954000,0.02969000,2692307.40000000,TUSDT
2023-05-09 05:00:00,0.02971000,0.02978000,0.02942000,0.02944000,1905146.40000000,TUSDT
2023-05-09 06:00:00,0.02943000,0.02945000,0.02908000,0.02911000,2212853.30000000,TUSDT
2023-05-09 07:00:00,0.02911000,0.02935000,0.02905000,0.02929000,2396064.60000000,TUSDT
2023-05-09 08:00:00,0.02928000,0.02933000,0.02910000,0.02911000,1367589.20000000,TUSDT
2023-05-09 09:00:00,0.02913000,0.02924000,0.02908000,0.02916000,977671.10000000,TUSDT
2023-05-09 10:00:00,0.02916000,0.02937000,0.02908000,0.02930000,2258637.70000000,TUSDT
2023-05-09 11:00:00,0.02931000,0.02938000,0.02922000,0.02935000,1518100.80000000,TUSDT
2023-05-09 12:00:00,0.02937000,0.02948000,0.02930000,0.02939000,1242527.50000000,TUSDT
2023-05-09 13:00:00,0.02941000,0.02945000,0.02912000,0.02918000,2002995.40000000,TUSDT
2023-05-09 14:00:00,0.02919000,0.02934000,0.02903000,0.02925000,2126241.50000000,TUSDT
2023-05-09 15:00:00,0.02925000,0.02928000,0.02908000,0.02916000,1399724.50000000,TUSDT
2023-05-09 16:00:00,0.02917000,0.02942000,0.02908000,0.02942000,1332156.80000000,TUSDT
2023-05-09 17:00:00,0.02945000,0.02956000,0.02936000,0.02948000,1781260.10000000,TUSDT
2023-05-09 18:00:00,0.02947000,0.02968000,0.02943000,0.02952000,1686252.40000000,TUSDT
2023-05-09 19:00:00,0.02954000,0.02958000,0.02948000,0.02953000,808794.90000000,TUSDT
2023-05-09 20:00:00,0.02954000,0.02966000,0.02941000,0.02943000,662572.20000000,TUSDT
2023-05-09 21:00:00,0.02945000,0.02953000,0.02937000,0.02938000,1189079.60000000,TUSDT
2023-05-09 22:00:00,0.02941000,0.02944000,0.02935000,0.02941000,981316.80000000,TUSDT
2023-05-09 23:00:00,0.02943000,0.02953000,0.02942000,0.02947000,497813.00000000,TUSDT
2023-05-10 00:00:00,0.02947000,0.02950000,0.02916000,0.02920000,3960076.10000000,TUSDT
2023-05-10 01:00:00,0.02920000,0.02940000,0.02918000,0.02921000,2185424.90000000,TUSDT
2023-05-10 02:00:00,0.02924000,0.02928000,0.02914000,0.02915000,1396436.70000000,TUSDT
2023-05-10 03:00:00,0.02914000,0.02918000,0.02909000,0.02917000,1044162.70000000,TUSDT
2023-05-10 04:00:00,0.02915000,0.02924000,0.02907000,0.02923000,1541546.30000000,TUSDT
2023-05-10 05:00:00,0.02924000,0.02931000,0.02915000,0.02920000,1783465.40000000,TUSDT
2023-05-10 06:00:00,0.02920000,0.02920000,0.02907000,0.02911000,1170199.00000000,TUSDT
2023-05-10 07:00:00,0.02911000,0.02919000,0.02900000,0.02912000,3611858.60000000,TUSDT
2023-05-10 08:00:00,0.02911000,0.02975000,0.02909000,0.02923000,13000399.90000000,TUSDT
2023-05-10 09:00:00,0.02923000,0.02949000,0.02916000,0.02944000,2071408.80000000,TUSDT
2023-05-10 10:00:00,0.02944000,0.02947000,0.02921000,0.02922000,2810153.90000000,TUSDT
2023-05-10 11:00:00,0.02926000,0.02927000,0.02908000,0.02926000,2538732.60000000,TUSDT
2023-05-10 12:00:00,0.02921000,0.02986000,0.02910000,0.02979000,7058274.90000000,TUSDT
2023-05-10 13:00:00,0.02980000,0.03000000,0.02956000,0.02978000,4965910.30000000,TUSDT
2023-05-10 14:00:00,0.02979000,0.02986000,0.02961000,0.02966000,3920369.80000000,TUSDT
2023-05-10 15:00:00,0.02967000,0.02969000,0.02948000,0.02964000,2254112.10000000,TUSDT
2023-05-10 16:00:00,0.02964000,0.02978000,0.02963000,0.02964000,1965198.60000000,TUSDT
2023-05-10 17:00:00,0.02965000,0.02970000,0.02837000,0.02929000,15320672.40000000,TUSDT
2023-05-10 18:00:00,0.02929000,0.02958000,0.02920000,0.02955000,4193533.00000000,TUSDT
2023-05-10 19:00:00,0.02953000,0.02996000,0.02953000,0.02965000,4030830.20000000,TUSDT
2023-05-10 20:00:00,0.02965000,0.02998000,0.02964000,0.02993000,3044411.80000000,TUSDT
2023-05-10 21:00:00,0.02993000,0.02993000,0.02945000,0.02952000,4746480.20000000,TUSDT
2023-05-10 22:00:00,0.02954000,0.02974000,0.02953000,0.02972000,1493010.50000000,TUSDT
2023-05-10 23:00:00,0.02972000,0.02976000,0.02951000,0.02951000,1772659.10000000,TUSDT
2023-05-11 00:00:00,0.02951000,0.02958000,0.02906000,0.02939000,13218390.10000000,TUSDT
2023-05-11 01:00:00,0.02938000,0.02949000,0.02927000,0.02946000,4222017.70000000,TUSDT
2023-05-11 02:00:00,0.02946000,0.02964000,0.02944000,0.02957000,2417199.30000000,TUSDT
2023-05-11 03:00:00,0.02957000,0.03008000,0.02941000,0.02994000,15218838.50000000,TUSDT
2023-05-11 04:00:00,0.02992000,0.03017000,0.02971000,0.03015000,5724596.40000000,TUSDT
2023-05-11 05:00:00,0.03014000,0.03061000,0.02976000,0.03003000,18495658.00000000,TUSDT
2023-05-11 06:00:00,0.03004000,0.03018000,0.02968000,0.03012000,8767554.60000000,TUSDT
2023-05-11 07:00:00,0.03010000,0.03060000,0.03000000,0.03046000,10164638.00000000,TUSDT
2023-05-11 08:00:00,0.03046000,0.03046000,0.03002000,0.03008000,6723586.40000000,TUSDT
2023-05-11 09:00:00,0.03010000,0.03029000,0.03001000,0.03021000,3481724.90000000,TUSDT
2023-05-11 10:00:00,0.03021000,0.03190000,0.03021000,0.03165000,36196685.60000000,TUSDT
2023-05-11 11:00:00,0.03165000,0.03283000,0.02987000,0.02989000,112343904.70000000,TUSDT
2023-05-11 12:00:00,0.02989000,0.03035000,0.02971000,0.02973000,15564986.20000000,TUSDT
2023-05-11 13:00:00,0.02973000,0.02981000,0.02916000,0.02933000,10764206.10000000,TUSDT
2023-05-11 14:00:00,0.02938000,0.02965000,0.02922000,0.02948000,4815800.90000000,TUSDT
2023-05-11 15:00:00,0.02949000,0.02964000,0.02922000,0.02949000,4736961.90000000,TUSDT
2023-05-11 16:00:00,0.02949000,0.02964000,0.02945000,0.02949000,2373858.00000000,TUSDT
2023-05-11 17:00:00,0.02949000,0.02966000,0.02890000,0.02904000,8008670.60000000,TUSDT
2023-05-11 18:00:00,0.02902000,0.02906000,0.02805000,0.02827000,14109720.20000000,TUSDT
2023-05-11 19:00:00,0.02825000,0.02828000,0.02794000,0.02802000,3714852.20000000,TUSDT
2023-05-11 20:00:00,0.02801000,0.02815000,0.02794000,0.02814000,1403789.10000000,TUSDT
2023-05-11 21:00:00,0.02815000,0.02826000,0.02807000,0.02816000,815956.60000000,TUSDT
2023-05-11 22:00:00,0.02816000,0.02827000,0.02800000,0.02803000,1555633.90000000,TUSDT
2023-05-11 23:00:00,0.02802000,0.02817000,0.02786000,0.02807000,2783690.50000000,TUSDT
2023-05-12 00:00:00,0.02804000,0.02807000,0.02715000,0.02754000,10488382.40000000,TUSDT
2023-05-12 01:00:00,0.02754000,0.02764000,0.02712000,0.02714000,5924786.40000000,TUSDT
2023-05-12 02:00:00,0.02713000,0.02725000,0.02679000,0.02700000,4429063.10000000,TUSDT
2023-05-12 03:00:00,0.02699000,0.02706000,0.02622000,0.02633000,7594798.60000000,TUSDT
2023-05-12 04:00:00,0.02635000,0.02662000,0.02627000,0.02646000,6281845.80000000,TUSDT
2023-05-12 05:00:00,0.02648000,0.02655000,0.02605000,0.02623000,5254937.50000000,TUSDT
2023-05-12 06:00:00,0.02621000,0.02639000,0.02604000,0.02636000,4573543.00000000,TUSDT
2023-05-12 07:00:00,0.02634000,0.02655000,0.02628000,0.02635000,4994683.00000000,TUSDT
2023-05-12 08:00:00,0.02634000,0.02660000,0.02634000,0.02642000,7044904.20000000,TUSDT
2023-05-12 09:00:00,0.02642000,0.02672000,0.02642000,0.02665000,5738253.90000000,TUSDT
2023-05-12 10:00:00,0.02665000,0.02678000,0.02660000,0.02673000,6330153.90000000,TUSDT
2023-05-12 11:00:00,0.02673000,0.02675000,0.02650000,0.02661000,9558064.60000000,TUSDT
2023-05-12 12:00:00,0.02661000,0.02700000,0.02653000,0.02686000,8071184.30000000,TUSDT
2023-05-12 13:00:00,0.02685000,0.02702000,0.02677000,0.02693000,3473903.40000000,TUSDT
2023-05-12 14:00:00,0.02692000,0.02707000,0.02673000,0.02675000,2466258.90000000,TUSDT
2023-05-12 15:00:00,0.02676000,0.02683000,0.02670000,0.02677000,4008005.40000000,TUSDT
2023-05-12 16:00:00,0.02678000,0.02697000,0.02669000,0.02690000,3522134.30000000,TUSDT
2023-05-12 17:00:00,0.02691000,0.02709000,0.02690000,0.02701000,3816402.70000000,TUSDT
2023-05-12 18:00:00,0.02700000,0.02710000,0.02690000,0.02691000,1581335.10000000,TUSDT
2023-05-12 19:00:00,0.02690000,0.02714000,0.02632000,0.02714000,7320318.50000000,TUSDT
2023-05-12 20:00:00,0.02714000,0.02721000,0.02706000,0.02713000,2232676.40000000,TUSDT
2023-05-12 21:00:00,0.02714000,0.02747000,0.02714000,0.02743000,2091678.30000000,TUSDT
2023-05-12 22:00:00,0.02744000,0.02761000,0.02732000,0.02735000,3654499.40000000,TUSDT
2023-05-12 23:00:00,0.02737000,0.02754000,0.02737000,0.02751000,1862074.20000000,TUSDT
2023-05-13 00:00:00,0.02751000,0.02765000,0.02713000,0.02730000,3940998.80000000,TUSDT
2023-05-13 01:00:00,0.02732000,0.02749000,0.02719000,0.02722000,3316451.90000000,TUSDT
2023-05-13 02:00:00,0.02726000,0.02740000,0.02720000,0.02737000,1933353.90000000,TUSDT
2023-05-13 03:00:00,0.02736000,0.02763000,0.02729000,0.02749000,2765736.50000000,TUSDT
2023-05-13 04:00:00,0.02748000,0.02763000,0.02732000,0.02737000,1984063.90000000,TUSDT
2023-05-13 05:00:00,0.02737000,0.02746000,0.02729000,0.02733000,1048850.70000000,TUSDT
2023-05-13 06:00:00,0.02733000,0.02737000,0.02725000,0.02729000,998118.00000000,TUSDT
2023-05-13 07:00:00,0.02729000,0.02738000,0.02729000,0.02735000,1205417.40000000,TUSDT
2023-05-13 08:00:00,0.02733000,0.02739000,0.02722000,0.02731000,1415252.30000000,TUSDT
2023-05-13 09:00:00,0.02732000,0.02733000,0.02722000,0.02727000,1143309.90000000,TUSDT
2023-05-13 10:00:00,0.02727000,0.02733000,0.02706000,0.02712000,2039494.60000000,TUSDT
2023-05-13 11:00:00,0.02713000,0.02714000,0.02705000,0.02712000,1598908.60000000,TUSDT
2023-05-13 12:00:00,0.02712000,0.02726000,0.02709000,0.02718000,4308515.70000000,TUSDT
2023-05-13 13:00:00,0.02717000,0.02722000,0.02701000,0.02708000,1022793.30000000,TUSDT
2023-05-13 14:00:00,0.02710000,0.02715000,0.02691000,0.02697000,2493402.40000000,TUSDT
2023-05-13 15:00:00,0.02697000,0.02701000,0.02691000,0.02700000,711267.80000000,TUSDT
2023-05-13 16:00:00,0.02700000,0.02702000,0.02694000,0.02699000,542865.10000000,TUSDT
2023-05-13 17:00:00,0.02698000,0.02708000,0.02694000,0.02695000,916910.90000000,TUSDT
2023-05-13 18:00:00,0.02695000,0.02719000,0.02692000,0.02699000,1686661.90000000,TUSDT
2023-05-13 19:00:00,0.02698000,0.02715000,0.02693000,0.02704000,986017.00000000,TUSDT
2023-05-13 20:00:00,0.02703000,0.02715000,0.02703000,0.02713000,501694.40000000,TUSDT
2023-05-13 21:00:00,0.02715000,0.02719000,0.02709000,0.02711000,706132.10000000,TUSDT
2023-05-13 22:00:00,0.02714000,0.02718000,0.02708000,0.02717000,469709.70000000,TUSDT
2023-05-13 23:00:00,0.02717000,0.02723000,0.02705000,0.02707000,874808.70000000,TUSDT
2023-05-14 00:00:00,0.02708000,0.02714000,0.02675000,0.02685000,3575432.70000000,TUSDT
2023-05-14 01:00:00,0.02685000,0.02685000,0.02656000,0.02661000,1992220.80000000,TUSDT
2023-05-14 02:00:00,0.02661000,0.02677000,0.02659000,0.02676000,824053.20000000,TUSDT
2023-05-14 03:00:00,0.02676000,0.02681000,0.02667000,0.02676000,428492.80000000,TUSDT
2023-05-14 04:00:00,0.02676000,0.02683000,0.02670000,0.02678000,881437.60000000,TUSDT
2023-05-14 05:00:00,0.02680000,0.02687000,0.02675000,0.02677000,674264.10000000,TUSDT
2023-05-14 06:00:00,0.02680000,0.02689000,0.02680000,0.02683000,1005938.60000000,TUSDT
2023-05-14 07:00:00,0.02683000,0.02687000,0.02678000,0.02687000,979658.50000000,TUSDT
2023-05-14 08:00:00,0.02687000,0.02694000,0.02684000,0.02685000,2046851.80000000,TUSDT
2023-05-14 09:00:00,0.02688000,0.02694000,0.02681000,0.02683000,1047594.70000000,TUSDT
2023-05-14 10:00:00,0.02683000,0.02690000,0.02678000,0.02686000,1153115.00000000,TUSDT
2023-05-14 11:00:00,0.02686000,0.02701000,0.02686000,0.02696000,1623222.90000000,TUSDT
2023-05-14 12:00:00,0.02696000,0.02702000,0.02680000,0.02699000,2146375.10000000,TUSDT
2023-05-14 13:00:00,0.02699000,0.02706000,0.02688000,0.02706000,1407661.40000000,TUSDT
2023-05-14 14:00:00,0.02705000,0.02709000,0.02697000,0.02709000,1101811.40000000,TUSDT
2023-05-14 15:00:00,0.02709000,0.02738000,0.02709000,0.02730000,2936203.60000000,TUSDT
2023-05-14 16:00:00,0.02730000,0.02735000,0.02698000,0.02700000,3057627.90000000,TUSDT
2023-05-14 17:00:00,0.02699000,0.02708000,0.02696000,0.02700000,1743820.90000000,TUSDT
2023-05-14 18:00:00,0.02701000,0.02702000,0.02693000,0.02693000,1602760.20000000,TUSDT
2023-05-14 19:00:00,0.02693000,0.02693000,0.02677000,0.02685000,1917368.60000000,TUSDT
2023-05-14 20:00:00,0.02684000,0.02691000,0.02680000,0.02687000,364165.80000000,TUSDT
2023-05-14 21:00:00,0.02687000,0.02690000,0.02684000,0.02688000,310439.80000000,TUSDT
2023-05-14 22:00:00,0.02689000,0.02707000,0.02686000,0.02705000,731578.20000000,TUSDT
2023-05-14 23:00:00,0.02705000,0.02705000,0.02693000,0.02693000,332832.60000000,TUSDT
2023-05-15 00:00:00,0.02693000,0.02719000,0.02661000,0.02672000,6071113.50000000,TUSDT
2023-05-15 01:00:00,0.02667000,0.02739000,0.02664000,0.02732000,4158299.30000000,TUSDT
2023-05-15 02:00:00,0.02734000,0.02740000,0.02718000,0.02723000,1104290.30000000,TUSDT
2023-05-15 03:00:00,0.02721000,0.02728000,0.02714000,0.02718000,3795618.50000000,TUSDT
2023-05-15 04:00:00,0.02721000,0.02722000,0.02710000,0.02716000,673026.70000000,TUSDT
2023-05-15 05:00:00,0.02719000,0.02722000,0.02708000,0.02718000,1132612.20000000,TUSDT
2023-05-15 06:00:00,0.02718000,0.02740000,0.02708000,0.02736000,1415356.00000000,TUSDT
2023-05-15 07:00:00,0.02740000,0.02745000,0.02726000,0.02732000,2573433.90000000,TUSDT
2023-05-15 08:00:00,0.02733000,0.02746000,0.02733000,0.02745000,795935.00000000,TUSDT
2023-05-15 09:00:00,0.02747000,0.02753000,0.02734000,0.02737000,2308937.90000000,TUSDT
2023-05-15 10:00:00,0.02738000,0.02743000,0.02733000,0.02743000,607052.70000000,TUSDT
2023-05-15 11:00:00,0.02743000,0.02744000,0.02726000,0.02727000,1879874.50000000,TUSDT
2023-05-15 12:00:00,0.02726000,0.02735000,0.02724000,0.02731000,1147042.00000000,TUSDT
2023-05-15 13:00:00,0.02731000,0.02737000,0.02724000,0.02728000,1144580.90000000,TUSDT
2023-05-15 14:00:00,0.02728000,0.02736000,0.02712000,0.02730000,1340514.00000000,TUSDT
2023-05-15 15:00:00,0.02729000,0.02737000,0.02729000,0.02729000,1532227.20000000,TUSDT
2023-05-15 16:00:00,0.02730000,0.02736000,0.02718000,0.02727000,1396763.90000000,TUSDT
2023-05-15 17:00:00,0.02727000,0.02741000,0.02724000,0.02732000,1228306.70000000,TUSDT
2023-05-15 18:00:00,0.02733000,0.02736000,0.02730000,0.02732000,451107.90000000,TUSDT
2023-05-15 19:00:00,0.02732000,0.02743000,0.02726000,0.02742000,710043.00000000,TUSDT
2023-05-15 20:00:00,0.02742000,0.02746000,0.02738000,0.02738000,527864.70000000,TUSDT
2023-05-15 21:00:00,0.02739000,0.02747000,0.02737000,0.02742000,501872.70000000,TUSDT
2023-05-15 22:00:00,0.02743000,0.02746000,0.02735000,0.02739000,839068.00000000,TUSDT
2023-05-15 23:00:00,0.02739000,0.02743000,0.02720000,0.02722000,2031923.50000000,TUSDT
2023-05-16 00:00:00,0.02726000,0.02733000,0.02700000,0.02716000,2694707.70000000,TUSDT
2023-05-16 01:00:00,0.02718000,0.02719000,0.02685000,0.02698000,2413262.40000000,TUSDT
2023-05-16 02:00:00,0.02698000,0.02707000,0.02696000,0.02707000,1337537.40000000,TUSDT
2023-05-16 03:00:00,0.02706000,0.02710000,0.02703000,0.02706000,485746.00000000,TUSDT
2023-05-16 04:00:00,0.02707000,0.02708000,0.02701000,0.02707000,767731.00000000,TUSDT
2023-05-16 05:00:00,0.02707000,0.02717000,0.02704000,0.02707000,1018115.30000000,TUSDT
2023-05-16 06:00:00,0.02708000,0.02708000,0.02697000,0.02706000,1238434.10000000,TUSDT
2023-05-16 07:00:00,0.02706000,0.02723000,0.02706000,0.02720000,1309992.00000000,TUSDT
2023-05-16 08:00:00,0.02721000,0.02726000,0.02714000,0.02721000,1693793.50000000,TUSDT
2023-05-16 09:00:00,0.02721000,0.02731000,0.02721000,0.02723000,1420466.30000000,TUSDT
2023-05-16 10:00:00,0.02722000,0.02724000,0.02705000,0.02713000,1691684.00000000,TUSDT
2023-05-16 11:00:00,0.02713000,0.02730000,0.02713000,0.02723000,1854666.60000000,TUSDT
2023-05-16 12:00:00,0.02725000,0.02727000,0.02708000,0.02718000,1653680.30000000,TUSDT
2023-05-16 13:00:00,0.02718000,0.02723000,0.02709000,0.02711000,1484537.50000000,TUSDT
2023-05-16 14:00:00,0.02708000,0.02714000,0.02700000,0.02710000,1251379.70000000,TUSDT
2023-05-16 15:00:00,0.02710000,0.02724000,0.02707000,0.02721000,1087571.80000000,TUSDT
2023-05-16 16:00:00,0.02722000,0.02735000,0.02720000,0.02731000,1398274.10000000,TUSDT
2023-05-16 17:00:00,0.02734000,0.02734000,0.02718000,0.02733000,782331.10000000,TUSDT
2023-05-16 18:00:00,0.02733000,0.02735000,0.02723000,0.02731000,813234.40000000,TUSDT
2023-05-16 19:00:00,0.02731000,0.02734000,0.02713000,0.02719000,657482.90000000,TUSDT
2023-05-16 20:00:00,0.02717000,0.02728000,0.02716000,0.02724000,295293.50000000,TUSDT
2023-05-16 21:00:00,0.02725000,0.02746000,0.02723000,0.02739000,1287913.80000000,TUSDT
2023-05-16 22:00:00,0.02738000,0.02748000,0.02737000,0.02742000,814886.00000000,TUSDT
2023-05-16 23:00:00,0.02742000,0.02747000,0.02729000,0.02742000,1203431.20000000,TUSDT
2023-05-17 00:00:00,0.02741000,0.02783000,0.02726000,0.02746000,8707152.00000000,TUSDT
2023-05-17 01:00:00,0.02747000,0.02767000,0.02744000,0.02764000,1481014.10000000,TUSDT
2023-05-17 02:00:00,0.02765000,0.02769000,0.02754000,0.02756000,469111.60000000,TUSDT
2023-05-17 03:00:00,0.02757000,0.02764000,0.02754000,0.02756000,897578.70000000,TUSDT
2023-05-17 04:00:00,0.02757000,0.02764000,0.02755000,0.02756000,291814.70000000,TUSDT
2023-05-17 05:00:00,0.02755000,0.02755000,0.02732000,0.02732000,729223.20000000,TUSDT
2023-05-17 06:00:00,0.02733000,0.02739000,0.02723000,0.02737000,1267737.90000000,TUSDT
2023-05-17 07:00:00,0.02736000,0.02744000,0.02716000,0.02722000,1435242.10000000,TUSDT
2023-05-17 08:00:00,0.02720000,0.02723000,0.02704000,0.02706000,1570607.10000000,TUSDT
2023-05-17 09:00:00,0.02706000,0.02730000,0.02702000,0.02721000,750512.50000000,TUSDT
2023-05-17 10:00:00,0.02721000,0.02728000,0.02718000,0.02721000,659897.90000000,TUSDT
2023-05-17 11:00:00,0.02722000,0.02722000,0.02700000,0.02704000,1425498.40000000,TUSDT
2023-05-17 12:00:00,0.02701000,0.02716000,0.02701000,0.02706000,647039.10000000,TUSDT
2023-05-17 13:00:00,0.02706000,0.02721000,0.02700000,0.02701000,1312322.40000000,TUSDT
2023-05-17 14:00:00,0.02702000,0.02710000,0.02679000,0.02701000,1662234.80000000,TUSDT
2023-05-17 15:00:00,0.02700000,0.02709000,0.02695000,0.02703000,1178125.30000000,TUSDT
2023-05-17 16:00:00,0.02703000,0.02718000,0.02695000,0.02717000,760220.80000000,TUSDT
2023-05-17 17:00:00,0.02716000,0.02748000,0.02716000,0.02747000,992293.10000000,TUSDT
2023-05-17 18:00:00,0.02748000,0.02761000,0.02748000,0.02755000,1691351.70000000,TUSDT
2023-05-17 19:00:00,0.02755000,0.02787000,0.02755000,0.02785000,2383880.90000000,TUSDT
2023-05-17 20:00:00,0.02781000,0.02797000,0.02776000,0.02787000,2553227.20000000,TUSDT
2023-05-17 21:00:00,0.02786000,0.02789000,0.02775000,0.02782000,1068617.80000000,TUSDT
2023-05-17 22:00:00,0.02781000,0.02788000,0.02773000,0.02780000,1089736.60000000,TUSDT
2023-05-17 23:00:00,0.02779000,0.02786000,0.02778000,0.02782000,1291367.40000000,TUSDT
2023-05-18 00:00:00,0.02782000,0.02790000,0.02775000,0.02777000,1597156.10000000,TUSDT
2023-05-18 01:00:00,0.02778000,0.02794000,0.02772000,0.02775000,1783916.90000000,TUSDT
2023-05-18 02:00:00,0.02775000,0.02790000,0.02774000,0.02787000,902437.70000000,TUSDT
2023-05-18 03:00:00,0.02787000,0.02787000,0.02778000,0.02786000,1359566.80000000,TUSDT
2023-05-18 04:00:00,0.02787000,0.02787000,0.02779000,0.02784000,833128.80000000,TUSDT
2023-05-18 05:00:00,0.02784000,0.02784000,0.02761000,0.02761000,1157997.80000000,TUSDT
2023-05-18 06:00:00,0.02762000,0.02766000,0.02744000,0.02748000,1301946.60000000,TUSDT
2023-05-18 07:00:00,0.02748000,0.02770000,0.02748000,0.02769000,1243754.50000000,TUSDT
2023-05-18 08:00:00,0.02768000,0.02770000,0.02759000,0.02767000,1119543.40000000,TUSDT
2023-05-18 09:00:00,0.02765000,0.02769000,0.02762000,0.02763000,500340.80000000,TUSDT
2023-05-18 10:00:00,0.02762000,0.02769000,0.02750000,0.02755000,2041848.80000000,TUSDT
2023-05-18 11:00:00,0.02755000,0.02768000,0.02753000,0.02760000,1524093.10000000,TUSDT
2023-05-18 12:00:00,0.02760000,0.02761000,0.02737000,0.02738000,1210294.20000000,TUSDT
2023-05-18 13:00:00,0.02739000,0.02747000,0.02735000,0.02745000,943829.60000000,TUSDT
2023-05-18 14:00:00,0.02745000,0.02757000,0.02721000,0.02741000,3275644.30000000,TUSDT
2023-05-18 15:00:00,0.02740000,0.02748000,0.02719000,0.02726000,2128092.20000000,TUSDT
2023-05-18 16:00:00,0.02725000,0.02735000,0.02720000,0.02731000,1036338.70000000,TUSDT
2023-05-18 17:00:00,0.02730000,0.02739000,0.02683000,0.02691000,1746941.80000000,TUSDT
2023-05-18 18:00:00,0.02689000,0.02706000,0.02681000,0.02699000,2481842.50000000,TUSDT
2023-05-18 19:00:00,0.02698000,0.02723000,0.02693000,0.02714000,1029433.00000000,TUSDT
2023-05-18 20:00:00,0.02713000,0.02715000,0.02703000,0.02706000,673754.10000000,TUSDT
2023-05-18 21:00:00,0.02707000,0.02740000,0.02707000,0.02736000,853207.70000000,TUSDT
2023-05-18 22:00:00,0.02736000,0.02750000,0.02735000,0.02750000,1156480.80000000,TUSDT
2023-05-18 23:00:00,0.02749000,0.02749000,0.02736000,0.02742000,606486.10000000,TUSDT
2023-05-19 00:00:00,0.02743000,0.02846000,0.02743000,0.02776000,49363836.00000000,TUSDT
2023-05-19 01:00:00,0.02775000,0.02784000,0.02751000,0.02771000,3221240.00000000,TUSDT
2023-05-19 02:00:00,0.02771000,0.02799000,0.02766000,0.02787000,3076599.20000000,TUSDT
2023-05-19 03:00:00,0.02788000,0.02905000,0.02782000,0.02845000,36142103.40000000,TUSDT
2023-05-19 04:00:00,0.02845000,0.02848000,0.02821000,0.02843000,4691836.90000000,TUSDT
2023-05-19 05:00:00,0.02846000,0.02848000,0.02823000,0.02827000,2720425.50000000,TUSDT
2023-05-19 06:00:00,0.02827000,0.02838000,0.02800000,0.02812000,4290086.70000000,TUSDT
2023-05-19 07:00:00,0.02813000,0.02817000,0.02785000,0.02791000,1781134.70000000,TUSDT
2023-05-19 08:00:00,0.02792000,0.02799000,0.02784000,0.02796000,1968969.60000000,TUSDT
2023-05-19 09:00:00,0.02798000,0.02832000,0.02792000,0.02830000,4554999.10000000,TUSDT
2023-05-19 10:00:00,0.02830000,0.02836000,0.02813000,0.02818000,2420409.90000000,TUSDT
2023-05-19 11:00:00,0.02820000,0.02827000,0.02795000,0.02796000,1747288.00000000,TUSDT
2023-05-19 12:00:00,0.02799000,0.02816000,0.02793000,0.02797000,2365903.10000000,TUSDT
2023-05-19 13:00:00,0.02798000,0.02837000,0.02797000,0.02809000,3131268.70000000,TUSDT
2023-05-19 14:00:00,0.02809000,0.02841000,0.02806000,0.02821000,4993308.50000000,TUSDT
2023-05-19 15:00:00,0.02822000,0.02847000,0.02779000,0.02816000,9457579.00000000,TUSDT
2023-05-19 16:00:00,0.02816000,0.02831000,0.02812000,0.02815000,1488816.00000000,TUSDT
2023-05-19 17:00:00,0.02816000,0.02832000,0.02816000,0.02825000,2490968.10000000,TUSDT
2023-05-19 18:00:00,0.02826000,0.02828000,0.02818000,0.02823000,746124.80000000,TUSDT
2023-05-19 19:00:00,0.02822000,0.02822000,0.02811000,0.02817000,990042.60000000,TUSDT
2023-05-19 20:00:00,0.02818000,0.02829000,0.02817000,0.02825000,820581.50000000,TUSDT
2023-05-19 21:00:00,0.02824000,0.02833000,0.02812000,0.02816000,1514475.00000000,TUSDT
2023-05-19 22:00:00,0.02818000,0.02826000,0.02817000,0.02822000,1219969.70000000,TUSDT
2023-05-19 23:00:00,0.02823000,0.02825000,0.02813000,0.02813000,1062616.80000000,TUSDT
2023-05-20 00:00:00,0.02814000,0.02858000,0.02795000,0.02803000,8112859.40000000,TUSDT
2023-05-20 01:00:00,0.02805000,0.02824000,0.02805000,0.02814000,2360868.00000000,TUSDT
2023-05-20 02:00:00,0.02815000,0.02829000,0.02815000,0.02827000,1080926.00000000,TUSDT
2023-05-20 03:00:00,0.02828000,0.02830000,0.02821000,0.02825000,714099.00000000,TUSDT
2023-05-20 04:00:00,0.02825000,0.02830000,0.02819000,0.02823000,730262.30000000,TUSDT
2023-05-20 05:00:00,0.02823000,0.02823000,0.02807000,0.02812000,1054724.40000000,TUSDT
2023-05-20 06:00:00,0.02815000,0.02823000,0.02803000,0.02803000,1053745.60000000,TUSDT
2023-05-20 07:00:00,0.02804000,0.02819000,0.02800000,0.02802000,1528138.40000000,TUSDT
2023-05-20 08:00:00,0.02802000,0.02817000,0.02802000,0.02811000,1998582.60000000,TUSDT
2023-05-20 09:00:00,0.02812000,0.02813000,0.02802000,0.02802000,907050.50000000,TUSDT
2023-05-20 10:00:00,0.02804000,0.02809000,0.02795000,0.02799000,1400838.20000000,TUSDT
2023-05-20 11:00:00,0.02799000,0.02807000,0.02798000,0.02798000,505953.20000000,TUSDT
2023-05-20 12:00:00,0.02800000,0.02837000,0.02797000,0.02807000,2471498.90000000,TUSDT
2023-05-20 13:00:00,0.02807000,0.02815000,0.02805000,0.02805000,1384878.00000000,TUSDT
2023-05-20 14:00:00,0.02806000,0.02812000,0.02803000,0.02807000,557832.70000000,TUSDT
2023-05-20 15:00:00,0.02809000,0.02815000,0.02806000,0.02807000,647363.00000000,TUSDT
2023-05-20 16:00:00,0.02809000,0.02812000,0.02794000,0.02796000,1425377.70000000,TUSDT
2023-05-20 17:00:00,0.02796000,0.02813000,0.02791000,0.02811000,696203.30000000,TUSDT
2023-05-20 18:00:00,0.02812000,0.02812000,0.02797000,0.02798000,906245.40000000,TUSDT
2023-05-20 19:00:00,0.02798000,0.02805000,0.02785000,0.02804000,635743.50000000,TUSDT
2023-05-20 20:00:00,0.02805000,0.02810000,0.02804000,0.02805000,405351.80000000,TUSDT
2023-05-20 21:00:00,0.02805000,0.02810000,0.02799000,0.02805000,787423.10000000,TUSDT
2023-05-20 22:00:00,0.02807000,0.02811000,0.02802000,0.02805000,171027.00000000,TUSDT
2023-05-20 23:00:00,0.02804000,0.02811000,0.02798000,0.02804000,1303293.20000000,TUSDT
2023-05-21 00:00:00,0.02805000,0.02813000,0.02784000,0.02797000,2012356.60000000,TUSDT
2023-05-21 01:00:00,0.02799000,0.02800000,0.02778000,0.02781000,1385288.20000000,TUSDT
2023-05-21 02:00:00,0.02782000,0.02782000,0.02769000,0.02781000,1104330.60000000,TUSDT
2023-05-21 03:00:00,0.02780000,0.02788000,0.02778000,0.02784000,707606.20000000,TUSDT
2023-05-21 04:00:00,0.02784000,0.02786000,0.02780000,0.02782000,190759.60000000,TUSDT
2023-05-21 05:00:00,0.02784000,0.02787000,0.02782000,0.02784000,399776.80000000,TUSDT
2023-05-21 06:00:00,0.02786000,0.02787000,0.02780000,0.02781000,420373.40000000,TUSDT
2023-05-21 07:00:00,0.02783000,0.02788000,0.02781000,0.02782000,705275.60000000,TUSDT
2023-05-21 08:00:00,0.02782000,0.02785000,0.02773000,0.02777000,1575769.50000000,TUSDT
2023-05-21 09:00:00,0.02777000,0.02782000,0.02769000,0.02779000,2264873.80000000,TUSDT
2023-05-21 10:00:00,0.02778000,0.02779000,0.02756000,0.02761000,1500838.30000000,TUSDT
2023-05-21 11:00:00,0.02763000,0.02763000,0.02749000,0.02754000,4135668.20000000,TUSDT
2023-05-21 12:00:00,0.02754000,0.02764000,0.02752000,0.02754000,1313439.90000000,TUSDT
2023-05-21 13:00:00,0.02755000,0.02756000,0.02749000,0.02751000,636389.80000000,TUSDT
2023-05-21 14:00:00,0.02752000,0.02756000,0.02736000,0.02736000,1586903.40000000,TUSDT
2023-05-21 15:00:00,0.02737000,0.02747000,0.02703000,0.02716000,3254650.90000000,TUSDT
2023-05-21 16:00:00,0.02718000,0.02722000,0.02707000,0.02711000,1027625.50000000,TUSDT
2023-05-21 17:00:00,0.02711000,0.02715000,0.02698000,0.02702000,2414681.70000000,TUSDT
2023-05-21 18:00:00,0.02702000,0.02712000,0.02702000,0.02708000,311276.20000000,TUSDT
2023-05-21 19:00:00,0.02709000,0.02720000,0.02709000,0.02720000,1071147.20000000,TUSDT
2023-05-21 20:00:00,0.02720000,0.02722000,0.02708000,0.02708000,722855.40000000,TUSDT
2023-05-21 21:00:00,0.02708000,0.02721000,0.02702000,0.02718000,952845.90000000,TUSDT
2023-05-21 22:00:00,0.02718000,0.02731000,0.02712000,0.02722000,634622.30000000,TUSDT
2023-05-21 23:00:00,0.02722000,0.02726000,0.02712000,0.02713000,1154591.70000000,TUSDT
2023-05-22 00:00:00,0.02714000,0.02721000,0.02653000,0.02661000,8586583.90000000,TUSDT
2023-05-22 01:00:00,0.02657000,0.02662000,0.02620000,0.02625000,4684906.20000000,TUSDT
2023-05-22 02:00:00,0.02626000,0.02643000,0.02623000,0.02631000,1710678.90000000,TUSDT
2023-05-22 03:00:00,0.02631000,0.02632000,0.02626000,0.02626000,963465.60000000,TUSDT
2023-05-22 04:00:00,0.02627000,0.02643000,0.02627000,0.02637000,1541371.90000000,TUSDT
2023-05-22 05:00:00,0.02639000,0.02647000,0.02637000,0.02642000,1552147.90000000,TUSDT
2023-05-22 06:00:00,0.02643000,0.02664000,0.02642000,0.02651000,1779188.70000000,TUSDT
2023-05-22 07:00:00,0.02653000,0.02657000,0.02648000,0.02653000,460168.10000000,TUSDT
2023-05-22 08:00:00,0.02652000,0.02666000,0.02652000,0.02657000,1554542.90000000,TUSDT
2023-05-22 09:00:00,0.02658000,0.02672000,0.02658000,0.02668000,1137773.40000000,TUSDT
2023-05-22 10:00:00,0.02669000,0.02676000,0.02669000,0.02673000,1250523.70000000,TUSDT
2023-05-22 11:00:00,0.02674000,0.02674000,0.02658000,0.02663000,608588.20000000,TUSDT
2023-05-22 12:00:00,0.02664000,0.02670000,0.02660000,0.02663000,1428920.30000000,TUSDT
2023-05-22 13:00:00,0.02662000,0.02695000,0.02656000,0.02692000,3213694.10000000,TUSDT
2023-05-22 14:00:00,0.02691000,0.02695000,0.02670000,0.02693000,1748788.90000000,TUSDT
2023-05-22 15:00:00,0.02694000,0.02694000,0.02684000,0.02694000,1683153.20000000,TUSDT
2023-05-22 16:00:00,0.02695000,0.02700000,0.02690000,0.02696000,379667.30000000,TUSDT
2023-05-22 17:00:00,0.02697000,0.02700000,0.02689000,0.02695000,713938.10000000,TUSDT
2023-05-22 18:00:00,0.02696000,0.02702000,0.02695000,0.02698000,493776.90000000,TUSDT
2023-05-22 19:00:00,0.02698000,0.02701000,0.02690000,0.02693000,497629.40000000,TUSDT
2023-05-22 20:00:00,0.02694000,0.02696000,0.02688000,0.02694000,613714.90000000,TUSDT
2023-05-22 21:00:00,0.02694000,0.02698000,0.02691000,0.02692000,1268001.40000000,TUSDT
2023-05-22 22:00:00,0.02692000,0.02693000,0.02678000,0.02684000,1032142.90000000,TUSDT
2023-05-22 23:00:00,0.02684000,0.02686000,0.02678000,0.02681000,404316.10000000,TUSDT
2023-05-23 00:00:00,0.02682000,0.02682000,0.02663000,0.02665000,2139326.00000000,TUSDT
2023-05-23 01:00:00,0.02665000,0.02699000,0.02664000,0.02695000,2375300.20000000,TUSDT
2023-05-23 02:00:00,0.02696000,0.02715000,0.02696000,0.02709000,1537805.30000000,TUSDT
2023-05-23 03:00:00,0.02710000,0.02748000,0.02710000,0.02739000,3388870.80000000,TUSDT
2023-05-23 04:00:00,0.02740000,0.02749000,0.02724000,0.02726000,1486644.00000000,TUSDT
2023-05-23 05:00:00,0.02727000,0.02729000,0.02718000,0.02720000,1134969.60000000,TUSDT
2023-05-23 06:00:00,0.02720000,0.02730000,0.02704000,0.02709000,933551.30000000,TUSDT
2023-05-23 07:00:00,0.02709000,0.02711000,0.02696000,0.02702000,948605.90000000,TUSDT
2023-05-23 08:00:00,0.02703000,0.02711000,0.02693000,0.02709000,2086790.10000000,TUSDT
2023-05-23 09:00:00,0.02709000,0.02709000,0.02694000,0.02696000,729028.60000000,TUSDT
2023-05-23 10:00:00,0.02695000,0.02698000,0.02689000,0.02696000,1060436.10000000,TUSDT
2023-05-23 11:00:00,0.02695000,0.02704000,0.02693000,0.02701000,1796442.10000000,TUSDT
2023-05-23 12:00:00,0.02702000,0.02702000,0.02687000,0.02692000,1785603.20000000,TUSDT
2023-05-23 13:00:00,0.02693000,0.02695000,0.02683000,0.02686000,3395932.20000000,TUSDT
2023-05-23 14:00:00,0.02687000,0.02697000,0.02686000,0.02695000,2057238.10000000,TUSDT
2023-05-23 15:00:00,0.02694000,0.02699000,0.02690000,0.02698000,314508.80000000,TUSDT
2023-05-23 16:00:00,0.02700000,0.02701000,0.02692000,0.02695000,551058.30000000,TUSDT
2023-05-23 17:00:00,0.02694000,0.02699000,0.02692000,0.02696000,1256092.80000000,TUSDT
2023-05-23 18:00:00,0.02697000,0.02698000,0.02678000,0.02679000,1304328.10000000,TUSDT
2023-05-23 19:00:00,0.02679000,0.02688000,0.02678000,0.02688000,391502.40000000,TUSDT
2023-05-23 20:00:00,0.02687000,0.02689000,0.02682000,0.02685000,836244.20000000,TUSDT
2023-05-23 21:00:00,0.02687000,0.02688000,0.02678000,0.02680000,372767.40000000,TUSDT
2023-05-23 22:00:00,0.02680000,0.02685000,0.02678000,0.02685000,255331.20000000,TUSDT
2023-05-23 23:00:00,0.02685000,0.02691000,0.02685000,0.02687000,566378.00000000,TUSDT
2023-05-24 00:00:00,0.02688000,0.02691000,0.02665000,0.02666000,1285293.00000000,TUSDT
2023-05-24 01:00:00,0.02665000,0.02666000,0.02640000,0.02643000,2881969.80000000,TUSDT
2023-05-24 02:00:00,0.02643000,0.02656000,0.02641000,0.02655000,377697.80000000,TUSDT
2023-05-24 03:00:00,0.02655000,0.02655000,0.02584000,0.02598000,6618665.10000000,TUSDT
2023-05-24 04:00:00,0.02599000,0.02599000,0.02575000,0.02593000,3229475.00000000,TUSDT
2023-05-24 05:00:00,0.02593000,0.02594000,0.02571000,0.02577000,1685129.10000000,TUSDT
2023-05-24 06:00:00,0.02576000,0.02576000,0.02548000,0.02552000,2470757.90000000,TUSDT
2023-05-24 07:00:00,0.02552000,0.02579000,0.02552000,0.02564000,4096603.50000000,TUSDT
2023-05-24 08:00:00,0.02564000,0.02582000,0.02564000,0.02578000,3065953.20000000,TUSDT
2023-05-24 09:00:00,0.02579000,0.02583000,0.02570000,0.02573000,1165540.10000000,TUSDT
2023-05-24 10:00:00,0.02574000,0.02581000,0.02573000,0.02574000,609641.00000000,TUSDT
2023-05-24 11:00:00,0.02573000,0.02579000,0.02563000,0.02570000,1386999.40000000,TUSDT
2023-05-24 12:00:00,0.02570000,0.02574000,0.02566000,0.02567000,642999.00000000,TUSDT
2023-05-24 13:00:00,0.02568000,0.02572000,0.02507000,0.02534000,4432968.60000000,TUSDT
2023-05-24 14:00:00,0.02535000,0.02537000,0.02511000,0.02521000,3899750.60000000,TUSDT
2023-05-24 15:00:00,0.02520000,0.02538000,0.02514000,0.02537000,3674228.80000000,TUSDT
2023-05-24 16:00:00,0.02536000,0.02538000,0.02531000,0.02536000,1069939.50000000,TUSDT
2023-05-24 17:00:00,0.02536000,0.02542000,0.02533000,0.02536000,1608177.90000000,TUSDT
2023-05-24 18:00:00,0.02537000,0.02537000,0.02528000,0.02532000,975082.80000000,TUSDT
2023-05-24 19:00:00,0.02532000,0.02546000,0.02529000,0.02537000,1123349.60000000,TUSDT
2023-05-24 20:00:00,0.02539000,0.02560000,0.02538000,0.02554000,1359855.80000000,TUSDT
2023-05-24 21:00:00,0.02556000,0.02560000,0.02547000,0.02551000,1509405.90000000,TUSDT
2023-05-24 22:00:00,0.02553000,0.02557000,0.02550000,0.02550000,534211.80000000,TUSDT
2023-05-24 23:00:00,0.02551000,0.02560000,0.02548000,0.02548000,1400526.70000000,TUSDT
2023-05-25 00:00:00,0.02548000,0.02560000,0.02522000,0.02524000,3560398.00000000,TUSDT
2023-05-25 01:00:00,0.02525000,0.02531000,0.02464000,0.02486000,8702592.30000000,TUSDT
2023-05-25 02:00:00,0.02485000,0.02496000,0.02478000,0.02483000,2299306.60000000,TUSDT
2023-05-25 03:00:00,0.02486000,0.02491000,0.02478000,0.02489000,2085802.90000000,TUSDT
2023-05-25 04:00:00,0.02488000,0.02503000,0.02485000,0.02496000,1717408.70000000,TUSDT
2023-05-25 05:00:00,0.02496000,0.02516000,0.02490000,0.02515000,3464937.30000000,TUSDT
2023-05-25 06:00:00,0.02516000,0.02522000,0.02515000,0.02520000,1402604.80000000,TUSDT
2023-05-25 07:00:00,0.02520000,0.02521000,0.02487000,0.02487000,3642004.20000000,TUSDT
2023-05-25 08:00:00,0.02488000,0.02502000,0.02484000,0.02496000,2247828.80000000,TUSDT
2023-05-25 09:00:00,0.02496000,0.02497000,0.02489000,0.02494000,823571.70000000,TUSDT
2023-05-25 10:00:00,0.02495000,0.02499000,0.02488000,0.02495000,945869.70000000,TUSDT
2023-05-25 11:00:00,0.02497000,0.02499000,0.02488000,0.02499000,2159935.70000000,TUSDT
2023-05-25 12:00:00,0.02501000,0.02526000,0.02501000,0.02506000,5973257.80000000,TUSDT
2023-05-25 13:00:00,0.02505000,0.02533000,0.02504000,0.02515000,5096268.50000000,TUSDT
2023-05-25 14:00:00,0.02517000,0.02521000,0.02505000,0.02513000,2450989.70000000,TUSDT
2023-05-25 15:00:00,0.02513000,0.02519000,0.02492000,0.02500000,2067912.90000000,TUSDT
2023-05-25 16:00:00,0.02499000,0.02522000,0.02499000,0.02518000,1226452.80000000,TUSDT
2023-05-25 17:00:00,0.02519000,0.02532000,0.02513000,0.02530000,1044993.10000000,TUSDT
2023-05-25 18:00:00,0.02532000,0.02541000,0.02530000,0.02532000,1186201.70000000,TUSDT
2023-05-25 19:00:00,0.02533000,0.02560000,0.02533000,0.02552000,2795698.60000000,TUSDT
2023-05-25 20:00:00,0.02551000,0.02566000,0.02551000,0.02562000,3181063.30000000,TUSDT
2023-05-25 21:00:00,0.02561000,0.02561000,0.02545000,0.02549000,663183.40000000,TUSDT
2023-05-25 22:00:00,0.02549000,0.02560000,0.02542000,0.02543000,1648790.30000000,TUSDT
2023-05-25 23:00:00,0.02543000,0.02559000,0.02539000,0.02540000,1405418.40000000,TUSDT
2023-05-26 00:00:00,0.02540000,0.02542000,0.02520000,0.02531000,3648488.90000000,TUSDT
2023-05-26 01:00:00,0.02531000,0.02553000,0.02515000,0.02518000,4797989.30000000,TUSDT
2023-05-26 02:00:00,0.02518000,0.02537000,0.02516000,0.02537000,2057282.80000000,TUSDT
2023-05-26 03:00:00,0.02537000,0.02559000,0.02533000,0.02559000,4285004.90000000,TUSDT
2023-05-26 04:00:00,0.02558000,0.02562000,0.02546000,0.02556000,3961457.90000000,TUSDT
2023-05-26 05:00:00,0.02557000,0.02563000,0.02534000,0.02542000,3217161.30000000,TUSDT
2023-05-26 06:00:00,0.02539000,0.02566000,0.02536000,0.02561000,2227198.80000000,TUSDT
2023-05-26 07:00:00,0.02562000,0.02565000,0.02552000,0.02556000,1134746.50000000,TUSDT
2023-05-26 08:00:00,0.02557000,0.02564000,0.02549000,0.02557000,1003702.20000000,TUSDT
2023-05-26 09:00:00,0.02558000,0.02563000,0.02553000,0.02559000,1200127.50000000,TUSDT
2023-05-26 10:00:00,0.02559000,0.02563000,0.02553000,0.02555000,909947.60000000,TUSDT
2023-05-26 11:00:00,0.02556000,0.02556000,0.02541000,0.02552000,1506740.90000000,TUSDT
2023-05-26 12:00:00,0.02551000,0.02566000,0.02538000,0.02543000,3335939.30000000,TUSDT
2023-05-26 13:00:00,0.02545000,0.02556000,0.02545000,0.02551000,1795714.50000000,TUSDT
2023-05-26 14:00:00,0.02554000,0.02580000,0.02552000,0.02569000,2617311.60000000,TUSDT
2023-05-26 15:00:00,0.02570000,0.02585000,0.02569000,0.02573000,2477312.40000000,TUSDT
2023-05-26 16:00:00,0.02572000,0.02579000,0.02568000,0.02575000,934593.90000000,TUSDT
2023-05-26 17:00:00,0.02576000,0.02577000,0.02562000,0.02562000,1201249.30000000,TUSDT
2023-05-26 18:00:00,0.02563000,0.02576000,0.02557000,0.02574000,2411911.90000000,TUSDT
2023-05-26 19:00:00,0.02574000,0.02612000,0.02574000,0.02588000,5068386.10000000,TUSDT
2023-05-26 20:00:00,0.02587000,0.02589000,0.02582000,0.02588000,957144.30000000,TUSDT
2023-05-26 21:00:00,0.02588000,0.02592000,0.02575000,0.02577000,1228106.70000000,TUSDT
2023-05-26 22:00:00,0.02578000,0.02583000,0.02572000,0.02572000,597531.70000000,TUSDT
2023-05-26 23:00:00,0.02572000,0.02576000,0.02564000,0.02564000,1013127.80000000,TUSDT
2023-05-27 00:00:00,0.02565000,0.02569000,0.02551000,0.02556000,1393849.60000000,TUSDT
2023-05-27 01:00:00,0.02558000,0.02564000,0.02551000,0.02563000,867090.40000000,TUSDT
2023-05-27 02:00:00,0.02564000,0.02572000,0.02562000,0.02572000,942159.80000000,TUSDT
2023-05-27 03:00:00,0.02572000,0.02575000,0.02569000,0.02574000,1316476.30000000,TUSDT
2023-05-27 04:00:00,0.02574000,0.02576000,0.02566000,0.02570000,1078496.40000000,TUSDT
2023-05-27 05:00:00,0.02571000,0.02573000,0.02562000,0.02563000,667843.60000000,TUSDT
2023-05-27 06:00:00,0.02562000,0.02563000,0.02553000,0.02559000,841782.70000000,TUSDT
2023-05-27 07:00:00,0.02558000,0.02559000,0.02552000,0.02554000,971832.90000000,TUSDT
2023-05-27 08:00:00,0.02556000,0.02557000,0.02550000,0.02553000,592751.30000000,TUSDT
2023-05-27 09:00:00,0.02553000,0.02563000,0.02553000,0.02557000,827528.40000000,TUSDT
2023-05-27 10:00:00,0.02559000,0.02559000,0.02548000,0.02549000,1205971.70000000,TUSDT
2023-05-27 11:00:00,0.02549000,0.02553000,0.02546000,0.02547000,1118481.50000000,TUSDT
2023-05-27 12:00:00,0.02547000,0.02555000,0.02545000,0.02548000,1131465.00000000,TUSDT
2023-05-27 13:00:00,0.02548000,0.02550000,0.02519000,0.02530000,3183564.10000000,TUSDT
2023-05-27 14:00:00,0.02531000,0.02545000,0.02530000,0.02542000,1430111.00000000,TUSDT
2023-05-27 15:00:00,0.02543000,0.02546000,0.02539000,0.02543000,446188.20000000,TUSDT
2023-05-27 16:00:00,0.02544000,0.02553000,0.02543000,0.02547000,1182794.70000000,TUSDT
2023-05-27 17:00:00,0.02548000,0.02557000,0.02545000,0.02555000,1565520.90000000,TUSDT
2023-05-27 18:00:00,0.02556000,0.02561000,0.02549000,0.02553000,1812889.50000000,TUSDT
2023-05-27 19:00:00,0.02552000,0.02562000,0.02552000,0.02560000,813627.50000000,TUSDT
2023-05-27 20:00:00,0.02561000,0.02565000,0.02558000,0.02560000,1102506.30000000,TUSDT
2023-05-27 21:00:00,0.02563000,0.02566000,0.02559000,0.02566000,285340.70000000,TUSDT
2023-05-27 22:00:00,0.02566000,0.02580000,0.02566000,0.02578000,799457.20000000,TUSDT
2023-05-27 23:00:00,0.02579000,0.02582000,0.02573000,0.02576000,832515.70000000,TUSDT
2023-05-28 00:00:00,0.02576000,0.02604000,0.02560000,0.02596000,4470922.20000000,TUSDT
2023-05-28 01:00:00,0.02599000,0.02609000,0.02596000,0.02605000,1623160.60000000,TUSDT
2023-05-28 02:00:00,0.02604000,0.02608000,0.02597000,0.02601000,1310271.40000000,TUSDT
2023-05-28 03:00:00,0.02600000,0.02603000,0.02594000,0.02598000,1086776.40000000,TUSDT
2023-05-28 04:00:00,0.02599000,0.02603000,0.02590000,0.02597000,1877472.40000000,TUSDT
2023-05-28 05:00:00,0.02596000,0.02596000,0.02584000,0.02593000,1157187.30000000,TUSDT
2023-05-28 06:00:00,0.02594000,0.02594000,0.02587000,0.02587000,995619.00000000,TUSDT
2023-05-28 07:00:00,0.02588000,0.02602000,0.02588000,0.02596000,2022047.20000000,TUSDT
2023-05-28 08:00:00,0.02597000,0.02597000,0.02587000,0.02593000,501119.40000000,TUSDT
2023-05-28 09:00:00,0.02594000,0.02594000,0.02564000,0.02586000,4423815.50000000,TUSDT
2023-05-28 10:00:00,0.02586000,0.02607000,0.02584000,0.02602000,2045653.40000000,TUSDT
2023-05-28 11:00:00,0.02603000,0.02607000,0.02592000,0.02593000,1012945.40000000,TUSDT
2023-05-28 12:00:00,0.02593000,0.02594000,0.02579000,0.02580000,1723159.40000000,TUSDT
2023-05-28 13:00:00,0.02580000,0.02590000,0.02578000,0.02585000,793680.40000000,TUSDT
2023-05-28 14:00:00,0.02585000,0.02587000,0.02581000,0.02583000,472554.40000000,TUSDT
2023-05-28 15:00:00,0.02583000,0.02588000,0.02579000,0.02587000,600086.50000000,TUSDT
2023-05-28 16:00:00,0.02588000,0.02595000,0.02583000,0.02594000,1184692.30000000,TUSDT
2023-05-28 17:00:00,0.02594000,0.02614000,0.02587000,0.02594000,2748749.60000000,TUSDT
2023-05-28 18:00:00,0.02595000,0.02611000,0.02594000,0.02608000,1610969.20000000,TUSDT
2023-05-28 19:00:00,0.02608000,0.02617000,0.02606000,0.02608000,1271589.10000000,TUSDT
2023-05-28 20:00:00,0.02608000,0.02610000,0.02604000,0.02605000,741921.00000000,TUSDT
2023-05-28 21:00:00,0.02605000,0.02617000,0.02598000,0.02614000,2842461.90000000,TUSDT
2023-05-28 22:00:00,0.02614000,0.02667000,0.02614000,0.02666000,4599527.00000000,TUSDT
2023-05-28 23:00:00,0.02666000,0.02667000,0.02635000,0.02638000,4120649.00000000,TUSDT
2023-05-29 00:00:00,0.02638000,0.02648000,0.02627000,0.02631000,3901265.60000000,TUSDT
2023-05-29 01:00:00,0.02631000,0.02642000,0.02627000,0.02634000,2998648.10000000,TUSDT
2023-05-29 02:00:00,0.02634000,0.02635000,0.02615000,0.02616000,1245574.60000000,TUSDT
2023-05-29 03:00:00,0.02617000,0.02624000,0.02608000,0.02611000,1584573.40000000,TUSDT
2023-05-29 04:00:00,0.02612000,0.02613000,0.02589000,0.02601000,2690360.10000000,TUSDT
2023-05-29 05:00:00,0.02602000,0.02609000,0.02596000,0.02609000,1135258.40000000,TUSDT
2023-05-29 06:00:00,0.02610000,0.02613000,0.02607000,0.02611000,430853.50000000,TUSDT
2023-05-29 07:00:00,0.02612000,0.02612000,0.02597000,0.02602000,871395.60000000,TUSDT
2023-05-29 08:00:00,0.02602000,0.02605000,0.02598000,0.02602000,722895.50000000,TUSDT
2023-05-29 09:00:00,0.02601000,0.02613000,0.02597000,0.02609000,829503.00000000,TUSDT
2023-05-29 10:00:00,0.02610000,0.02610000,0.02591000,0.02594000,2198333.30000000,TUSDT
2023-05-29 11:00:00,0.02595000,0.02604000,0.02591000,0.02603000,2492848.30000000,TUSDT
2023-05-29 12:00:00,0.02604000,0.02606000,0.02596000,0.02600000,1126377.60000000,TUSDT
2023-05-29 13:00:00,0.02600000,0.02605000,0.02596000,0.02600000,983809.10000000,TUSDT
2023-05-29 14:00:00,0.02600000,0.02604000,0.02590000,0.02594000,1973421.60000000,TUSDT
2023-05-29 15:00:00,0.02595000,0.02600000,0.02583000,0.02588000,2091937.50000000,TUSDT
2023-05-29 16:00:00,0.02589000,0.02589000,0.02575000,0.02582000,2894863.90000000,TUSDT
2023-05-29 17:00:00,0.02582000,0.02591000,0.02573000,0.02588000,1618050.50000000,TUSDT
2023-05-29 18:00:00,0.02589000,0.02593000,0.02588000,0.02589000,612763.30000000,TUSDT
2023-05-29 19:00:00,0.02589000,0.02594000,0.02587000,0.02588000,391513.20000000,TUSDT
2023-05-29 20:00:00,0.02589000,0.02593000,0.02585000,0.02587000,571611.30000000,TUSDT
2023-05-29 21:00:00,0.02587000,0.02592000,0.02584000,0.02589000,1651588.90000000,TUSDT
2023-05-29 22:00:00,0.02587000,0.02589000,0.02577000,0.02588000,2820575.40000000,TUSDT
2023-05-29 23:00:00,0.02588000,0.02598000,0.02588000,0.02594000,940493.30000000,TUSDT
2023-05-30 00:00:00,0.02594000,0.02598000,0.02575000,0.02581000,1805767.70000000,TUSDT
2023-05-30 01:00:00,0.02583000,0.02590000,0.02579000,0.02590000,540882.70000000,TUSDT
2023-05-30 02:00:00,0.02591000,0.02598000,0.02585000,0.02593000,1255493.90000000,TUSDT
2023-05-30 03:00:00,0.02593000,0.02597000,0.02589000,0.02594000,630301.20000000,TUSDT
2023-05-30 04:00:00,0.02594000,0.02598000,0.02570000,0.02574000,1392247.20000000,TUSDT
2023-05-30 05:00:00,0.02574000,0.02574000,0.02559000,0.02563000,1068956.90000000,TUSDT
2023-05-30 06:00:00,0.02564000,0.02571000,0.02561000,0.02571000,1165754.10000000,TUSDT
2023-05-30 07:00:00,0.02572000,0.02574000,0.02558000,0.02558000,960645.70000000,TUSDT
2023-05-30 08:00:00,0.02558000,0.02562000,0.02546000,0.02561000,2356464.80000000,TUSDT
2023-05-30 09:00:00,0.02562000,0.02576000,0.02561000,0.02573000,1074211.20000000,TUSDT
2023-05-30 10:00:00,0.02573000,0.02588000,0.02573000,0.02578000,2464313.30000000,TUSDT
2023-05-30 11:00:00,0.02579000,0.02590000,0.02577000,0.02587000,1664231.70000000,TUSDT
2023-05-30 12:00:00,0.02587000,0.02587000,0.02569000,0.02577000,1146461.90000000,TUSDT
2023-05-30 13:00:00,0.02577000,0.02582000,0.02557000,0.02562000,1962533.20000000,TUSDT
2023-05-30 14:00:00,0.02561000,0.02575000,0.02557000,0.02557000,2493046.30000000,TUSDT
2023-05-30 15:00:00,0.02558000,0.02567000,0.02553000,0.02564000,1574870.00000000,TUSDT
2023-05-30 16:00:00,0.02565000,0.02571000,0.02555000,0.02564000,1772809.20000000,TUSDT
2023-05-30 17:00:00,0.02563000,0.02566000,0.02554000,0.02562000,812584.00000000,TUSDT
2023-05-30 18:00:00,0.02562000,0.02572000,0.02558000,0.02568000,1020597.00000000,TUSDT
2023-05-30 19:00:00,0.02567000,0.02573000,0.02563000,0.02573000,1348735.90000000,TUSDT
2023-05-30 20:00:00,0.02573000,0.02578000,0.02569000,0.02572000,479565.10000000,TUSDT
2023-05-30 21:00:00,0.02572000,0.02581000,0.02567000,0.02576000,668838.20000000,TUSDT
2023-05-30 22:00:00,0.02575000,0.02577000,0.02572000,0.02573000,1339573.10000000,TUSDT
2023-05-30 23:00:00,0.02573000,0.02578000,0.02571000,0.02571000,1098028.70000000,TUSDT
2023-05-31 00:00:00,0.02569000,0.02580000,0.02564000,0.02579000,1105386.90000000,TUSDT
2023-05-31 01:00:00,0.02578000,0.02581000,0.02576000,0.02577000,907703.30000000,TUSDT
2023-05-31 02:00:00,0.02577000,0.02580000,0.02553000,0.02561000,1839522.40000000,TUSDT
2023-05-31 03:00:00,0.02561000,0.02567000,0.02552000,0.02559000,2939128.00000000,TUSDT
2023-05-31 04:00:00,0.02560000,0.02563000,0.02508000,0.02518000,5324534.90000000,TUSDT
2023-05-31 05:00:00,0.02517000,0.02528000,0.02504000,0.02506000,2156597.60000000,TUSDT
2023-05-31 06:00:00,0.02507000,0.02512000,0.02498000,0.02502000,2009538.90000000,TUSDT
2023-05-31 07:00:00,0.02501000,0.02509000,0.02497000,0.02499000,1150555.00000000,TUSDT
2023-05-31 08:00:00,0.02498000,0.02503000,0.02497000,0.02497000,2179219.10000000,TUSDT
2023-05-31 09:00:00,0.02495000,0.02506000,0.02492000,0.02504000,1558553.50000000,TUSDT
2023-05-31 10:00:00,0.02503000,0.02505000,0.02492000,0.02493000,681742.80000000,TUSDT
2023-05-31 11:00:00,0.02493000,0.02498000,0.02489000,0.02495000,1057652.50000000,TUSDT
2023-05-31 12:00:00,0.02494000,0.02499000,0.02490000,0.02494000,1409764.00000000,TUSDT
2023-05-31 13:00:00,0.02493000,0.02504000,0.02488000,0.02500000,1635716.50000000,TUSDT
2023-05-31 14:00:00,0.02501000,0.02501000,0.02478000,0.02494000,1728321.30000000,TUSDT
2023-05-31 15:00:00,0.02493000,0.02496000,0.02473000,0.02479000,2196618.00000000,TUSDT
2023-05-31 16:00:00,0.02477000,0.02482000,0.02472000,0.02476000,543412.60000000,TUSDT
2023-05-31 17:00:00,0.02476000,0.02493000,0.02476000,0.02492000,767287.00000000,TUSDT
2023-05-31 18:00:00,0.02492000,0.02499000,0.02491000,0.02494000,482434.20000000,TUSDT
2023-05-31 19:00:00,0.02493000,0.02496000,0.02491000,0.02492000,340627.90000000,TUSDT
2023-05-31 20:00:00,0.02491000,0.02495000,0.02487000,0.02488000,465698.90000000,TUSDT
2023-05-31 21:00:00,0.02488000,0.02492000,0.02481000,0.02491000,1382703.60000000,TUSDT
2023-05-31 22:00:00,0.02491000,0.02504000,0.02491000,0.02503000,754714.00000000,TUSDT
2023-05-31 23:00:00,0.02504000,0.02515000,0.02501000,0.02511000,1082662.60000000,TUSDT
2023-06-01 00:00:00,0.02514000,0.02522000,0.02500000,0.02502000,1141155.70000000,TUSDT
2023-06-01 01:00:00,0.02503000,0.02513000,0.02502000,0.02508000,1127931.10000000,TUSDT
2023-06-01 02:00:00,0.02507000,0.02510000,0.02482000,0.02483000,1436931.20000000,TUSDT
2023-06-01 03:00:00,0.02484000,0.02484000,0.02456000,0.02472000,3995868.10000000,TUSDT
2023-06-01 04:00:00,0.02470000,0.02474000,0.02465000,0.02466000,956463.10000000,TUSDT
2023-06-01 05:00:00,0.02467000,0.02469000,0.02457000,0.02458000,1255691.00000000,TUSDT
2023-06-01 06:00:00,0.02458000,0.02462000,0.02456000,0.02456000,919330.50000000,TUSDT
2023-06-01 07:00:00,0.02455000,0.02457000,0.02444000,0.02450000,1922551.10000000,TUSDT
2023-06-01 08:00:00,0.02449000,0.02480000,0.02449000,0.02476000,4091728.80000000,TUSDT
2023-06-01 09:00:00,0.02477000,0.02486000,0.02476000,0.02481000,2069439.90000000,TUSDT
2023-06-01 10:00:00,0.02480000,0.02485000,0.02477000,0.02480000,720139.50000000,TUSDT
2023-06-01 11:00:00,0.02480000,0.02488000,0.02478000,0.02487000,1123105.10000000,TUSDT
2023-06-01 12:00:00,0.02487000,0.02491000,0.02481000,0.02488000,1621935.90000000,TUSDT
2023-06-01 13:00:00,0.02489000,0.02492000,0.02481000,0.02482000,1173759.00000000,TUSDT
2023-06-01 14:00:00,0.02482000,0.02489000,0.02481000,0.02486000,1429659.50000000,TUSDT
2023-06-01 15:00:00,0.02486000,0.02492000,0.02483000,0.02491000,622291.70000000,TUSDT
2023-06-01 16:00:00,0.02491000,0.02513000,0.02485000,0.02507000,2375605.20000000,TUSDT
2023-06-01 17:00:00,0.02508000,0.02512000,0.02500000,0.02507000,1568565.60000000,TUSDT
2023-06-01 18:00:00,0.02505000,0.02518000,0.02505000,0.02518000,1030252.30000000,TUSDT
2023-06-01 19:00:00,0.02516000,0.02518000,0.02491000,0.02506000,1587255.70000000,TUSDT
2023-06-01 20:00:00,0.02507000,0.02510000,0.02498000,0.02501000,889677.00000000,TUSDT
2023-06-01 21:00:00,0.02502000,0.02508000,0.02496000,0.02506000,1766967.30000000,TUSDT
2023-06-01 22:00:00,0.02505000,0.02509000,0.02496000,0.02507000,770994.10000000,TUSDT
2023-06-01 23:00:00,0.02506000,0.02510000,0.02492000,0.02499000,1430435.10000000,TUSDT
2023-06-02 00:00:00,0.02498000,0.02503000,0.02470000,0.02503000,2890848.20000000,TUSDT
2023-06-02 01:00:00,0.02504000,0.02504000,0.02491000,0.02503000,2009231.20000000,TUSDT
2023-06-02 02:00:00,0.02504000,0.02528000,0.02504000,0.02523000,1236161.50000000,TUSDT
2023-06-02 03:00:00,0.02525000,0.02530000,0.02506000,0.02518000,4893402.30000000,TUSDT
2023-06-02 04:00:00,0.02519000,0.02526000,0.02516000,0.02520000,1231109.30000000,TUSDT
2023-06-02 05:00:00,0.02521000,0.02529000,0.02520000,0.02526000,621109.90000000,TUSDT
2023-06-02 06:00:00,0.02526000,0.02526000,0.02520000,0.02520000,321981.90000000,TUSDT
2023-06-02 07:00:00,0.02519000,0.02532000,0.02519000,0.02527000,943676.40000000,TUSDT
2023-06-02 08:00:00,0.02526000,0.02538000,0.02525000,0.02536000,976383.70000000,TUSDT
2023-06-02 09:00:00,0.02537000,0.02539000,0.02525000,0.02528000,1213172.10000000,TUSDT
2023-06-02 10:00:00,0.02528000,0.02534000,0.02526000,0.02532000,1474645.90000000,TUSDT
2023-06-02 11:00:00,0.02533000,0.02538000,0.02530000,0.02536000,672263.10000000,TUSDT
2023-06-02 12:00:00,0.02535000,0.02536000,0.02518000,0.02527000,1757835.20000000,TUSDT
2023-06-02 13:00:00,0.02526000,0.02531000,0.02516000,0.02518000,893642.90000000,TUSDT
2023-06-02 14:00:00,0.02518000,0.02535000,0.02515000,0.02532000,1237626.50000000,TUSDT
2023-06-02 15:00:00,0.02532000,0.02543000,0.02530000,0.02543000,1503208.90000000,TUSDT
2023-06-02 16:00:00,0.02542000,0.02549000,0.02538000,0.02540000,1011142.80000000,TUSDT
2023-06-02 17:00:00,0.02540000,0.02543000,0.02536000,0.02540000,766733.20000000,TUSDT
2023-06-02 18:00:00,0.02541000,0.02552000,0.02537000,0.02549000,739193.90000000,TUSDT
2023-06-02 19:00:00,0.02550000,0.02554000,0.02544000,0.02551000,638465.30000000,TUSDT
2023-06-02 20:00:00,0.02551000,0.02553000,0.02544000,0.02545000,634874.50000000,TUSDT
2023-06-02 21:00:00,0.02545000,0.02550000,0.02541000,0.02549000,431712.10000000,TUSDT
2023-06-02 22:00:00,0.02548000,0.02558000,0.02548000,0.02555000,639225.40000000,TUSDT
2023-06-02 23:00:00,0.02554000,0.02562000,0.02550000,0.02558000,869596.20000000,TUSDT
2023-06-03 00:00:00,0.02558000,0.02559000,0.02550000,0.02551000,814524.10000000,TUSDT
2023-06-03 01:00:00,0.02552000,0.02581000,0.02547000,0.02562000,6016522.10000000,TUSDT
2023-06-03 02:00:00,0.02559000,0.02564000,0.02555000,0.02562000,598571.30000000,TUSDT
2023-06-03 03:00:00,0.02563000,0.02570000,0.02563000,0.02570000,863953.50000000,TUSDT
2023-06-03 04:00:00,0.02569000,0.02572000,0.02560000,0.02567000,555799.10000000,TUSDT
2023-06-03 05:00:00,0.02568000,0.02573000,0.02563000,0.02569000,541565.70000000,TUSDT
2023-06-03 06:00:00,0.02570000,0.02623000,0.02570000,0.02600000,6191252.40000000,TUSDT
2023-06-03 07:00:00,0.02600000,0.02600000,0.02582000,0.02594000,3306789.90000000,TUSDT
2023-06-03 08:00:00,0.02594000,0.02594000,0.02576000,0.02592000,2160067.60000000,TUSDT
2023-06-03 09:00:00,0.02592000,0.02612000,0.02584000,0.02603000,2318422.20000000,TUSDT
2023-06-03 10:00:00,0.02602000,0.02693000,0.02593000,0.02633000,40726080.30000000,TUSDT
2023-06-03 11:00:00,0.02632000,0.02653000,0.02614000,0.02625000,7400647.40000000,TUSDT
2023-06-03 12:00:00,0.02624000,0.02636000,0.02588000,0.02620000,7517919.80000000,TUSDT
2023-06-03 13:00:00,0.02615000,0.02644000,0.02610000,0.02618000,4965458.60000000,TUSDT
2023-06-03 14:00:00,0.02618000,0.02633000,0.02618000,0.02629000,2412598.90000000,TUSDT
2023-06-03 15:00:00,0.02630000,0.02634000,0.02619000,0.02629000,2333976.70000000,TUSDT
2023-06-03 16:00:00,0.02630000,0.02631000,0.02616000,0.02616000,1523073.20000000,TUSDT
2023-06-03 17:00:00,0.02619000,0.02624000,0.02603000,0.02609000,1712352.00000000,TUSDT
2023-06-03 18:00:00,0.02609000,0.02609000,0.02600000,0.02601000,1615243.10000000,TUSDT
2023-06-03 19:00:00,0.02602000,0.02602000,0.02593000,0.02596000,1048621.40000000,TUSDT
2023-06-03 20:00:00,0.02596000,0.02613000,0.02593000,0.02601000,1898349.80000000,TUSDT
2023-06-03 21:00:00,0.02600000,0.02616000,0.02596000,0.02598000,2056374.80000000,TUSDT
2023-06-03 22:00:00,0.02599000,0.02608000,0.02595000,0.02607000,1035171.20000000,TUSDT
2023-06-03 23:00:00,0.02608000,0.02615000,0.02607000,0.02614000,1035152.90000000,TUSDT
2023-06-04 00:00:00,0.02613000,0.02613000,0.02578000,0.02579000,1764659.00000000,TUSDT
2023-06-04 01:00:00,0.02583000,0.02593000,0.02579000,0.02579000,2386910.90000000,TUSDT
2023-06-04 02:00:00,0.02579000,0.02590000,0.02579000,0.02584000,1217335.40000000,TUSDT
2023-06-04 03:00:00,0.02585000,0.02592000,0.02584000,0.02591000,344499.90000000,TUSDT
2023-06-04 04:00:00,0.02592000,0.02595000,0.02560000,0.02562000,14175699.60000000,TUSDT
2023-06-04 05:00:00,0.02563000,0.02568000,0.02550000,0.02556000,6098565.90000000,TUSDT
2023-06-04 06:00:00,0.02556000,0.02572000,0.02556000,0.02569000,3721199.90000000,TUSDT
2023-06-04 07:00:00,0.02568000,0.02579000,0.02560000,0.02576000,4277818.50000000,TUSDT
2023-06-04 08:00:00,0.02577000,0.02585000,0.02559000,0.02572000,9293452.00000000,TUSDT
2023-06-04 09:00:00,0.02571000,0.02581000,0.02560000,0.02580000,6788512.60000000,TUSDT
2023-06-04 10:00:00,0.02580000,0.02584000,0.02563000,0.02581000,2942463.30000000,TUSDT
2023-06-04 11:00:00,0.02580000,0.02580000,0.02560000,0.02574000,10142190.30000000,TUSDT
2023-06-04 12:00:00,0.02574000,0.02574000,0.02569000,0.02573000,512698.40000000,TUSDT
2023-06-04 13:00:00,0.02574000,0.02576000,0.02560000,0.02573000,8787666.10000000,TUSDT
2023-06-04 14:00:00,0.02573000,0.02575000,0.02549000,0.02572000,10180444.30000000,TUSDT
2023-06-04 15:00:00,0.02571000,0.02576000,0.02566000,0.02573000,1307493.10000000,TUSDT
2023-06-04 16:00:00,0.02573000,0.02576000,0.02565000,0.02571000,881649.20000000,TUSDT
2023-06-04 17:00:00,0.02572000,0.02581000,0.02572000,0.02578000,472585.50000000,TUSDT
2023-06-04 18:00:00,0.02578000,0.02589000,0.02577000,0.02587000,498717.50000000,TUSDT
2023-06-04 19:00:00,0.02588000,0.02597000,0.02588000,0.02592000,628341.70000000,TUSDT
2023-06-04 20:00:00,0.02593000,0.02599000,0.02591000,0.02599000,1131523.00000000,TUSDT
2023-06-04 21:00:00,0.02599000,0.02599000,0.02588000,0.02589000,694837.00000000,TUSDT
2023-06-04 22:00:00,0.02590000,0.02599000,0.02587000,0.02591000,1813778.10000000,TUSDT
2023-06-04 23:00:00,0.02591000,0.02593000,0.02556000,0.02561000,3575635.60000000,TUSDT
2023-06-05 00:00:00,0.02558000,0.02562000,0.02533000,0.02539000,2222203.40000000,TUSDT
2023-06-05 01:00:00,0.02538000,0.02541000,0.02524000,0.02533000,1979623.70000000,TUSDT
2023-06-05 02:00:00,0.02531000,0.02533000,0.02500000,0.02503000,2917798.40000000,TUSDT
2023-06-05 03:00:00,0.02502000,0.02513000,0.02500000,0.02502000,3291729.40000000,TUSDT
2023-06-05 04:00:00,0.02502000,0.02513000,0.02500000,0.02506000,1472517.60000000,TUSDT
2023-06-05 05:00:00,0.02505000,0.02506000,0.02499000,0.02504000,2164528.10000000,TUSDT
2023-06-05 06:00:00,0.02505000,0.02508000,0.02501000,0.02501000,733669.70000000,TUSDT
2023-06-05 07:00:00,0.02500000,0.02505000,0.02487000,0.02505000,1640423.80000000,TUSDT
2023-06-05 08:00:00,0.02506000,0.02519000,0.02506000,0.02516000,993117.50000000,TUSDT
2023-06-05 09:00:00,0.02516000,0.02519000,0.02507000,0.02508000,983885.90000000,TUSDT
2023-06-05 10:00:00,0.02508000,0.02510000,0.02502000,0.02503000,620983.80000000,TUSDT
2023-06-05 11:00:00,0.02503000,0.02516000,0.02503000,0.02513000,1018236.90000000,TUSDT
2023-06-05 12:00:00,0.02513000,0.02518000,0.02498000,0.02499000,828268.80000000,TUSDT
2023-06-05 13:00:00,0.02498000,0.02504000,0.02486000,0.02500000,3516756.30000000,TUSDT
2023-06-05 14:00:00,0.02500000,0.02514000,0.02499000,0.02513000,980509.20000000,TUSDT
2023-06-05 15:00:00,0.02514000,0.02514000,0.02377000,0.02405000,15825855.10000000,TUSDT
2023-06-05 16:00:00,0.02396000,0.02397000,0.02255000,0.02333000,26971586.10000000,TUSDT
2023-06-05 17:00:00,0.02334000,0.02335000,0.02309000,0.02326000,3061423.00000000,TUSDT
2023-06-05 18:00:00,0.02325000,0.02325000,0.02295000,0.02300000,2083123.80000000,TUSDT
2023-06-05 19:00:00,0.02300000,0.02319000,0.02290000,0.02309000,5215591.70000000,TUSDT
2023-06-05 20:00:00,0.02307000,0.02316000,0.02306000,0.02315000,1763495.10000000,TUSDT
2023-06-05 21:00:00,0.02316000,0.02317000,0.02288000,0.02311000,3737241.60000000,TUSDT
2023-06-05 22:00:00,0.02311000,0.02313000,0.02306000,0.02311000,1097353.50000000,TUSDT
2023-06-05 23:00:00,0.02311000,0.02324000,0.02310000,0.02310000,2532326.00000000,TUSDT
2023-06-06 00:00:00,0.02311000,0.02312000,0.02292000,0.02296000,4234612.10000000,TUSDT
2023-06-06 01:00:00,0.02295000,0.02299000,0.02246000,0.02254000,6409270.90000000,TUSDT
2023-06-06 02:00:00,0.02255000,0.02284000,0.02252000,0.02270000,3075508.80000000,TUSDT
2023-06-06 03:00:00,0.02269000,0.02274000,0.02263000,0.02267000,1527856.20000000,TUSDT
2023-06-06 04:00:00,0.02268000,0.02286000,0.02267000,0.02285000,1012088.80000000,TUSDT
2023-06-06 05:00:00,0.02285000,0.02286000,0.02274000,0.02277000,2454088.90000000,TUSDT
2023-06-06 06:00:00,0.02276000,0.02285000,0.02267000,0.02278000,2405109.90000000,TUSDT
2023-06-06 07:00:00,0.02279000,0.02284000,0.02270000,0.02271000,1331319.50000000,TUSDT
2023-06-06 08:00:00,0.02271000,0.02279000,0.02267000,0.02273000,1874943.30000000,TUSDT
2023-06-06 09:00:00,0.02272000,0.02286000,0.02271000,0.02283000,2370859.40000000,TUSDT
2023-06-06 10:00:00,0.02283000,0.02303000,0.02278000,0.02294000,6713313.20000000,TUSDT
2023-06-06 11:00:00,0.02294000,0.02296000,0.02278000,0.02282000,1761476.90000000,TUSDT
2023-06-06 12:00:00,0.02283000,0.02286000,0.02246000,0.02253000,5858932.00000000,TUSDT
2023-06-06 13:00:00,0.02253000,0.02275000,0.02225000,0.02275000,13129141.30000000,TUSDT
2023-06-06 14:00:00,0.02275000,0.02306000,0.02274000,0.02295000,7660605.00000000,TUSDT
2023-06-06 15:00:00,0.02296000,0.02298000,0.02281000,0.02296000,2577450.80000000,TUSDT
2023-06-06 16:00:00,0.02298000,0.02317000,0.02298000,0.02315000,2562918.10000000,TUSDT
2023-06-06 17:00:00,0.02315000,0.02330000,0.02305000,0.02325000,2119215.80000000,TUSDT
2023-06-06 18:00:00,0.02326000,0.02334000,0.02323000,0.02331000,1655227.80000000,TUSDT
2023-06-06 19:00:00,0.02333000,0.02357000,0.02331000,0.02355000,1602018.70000000,TUSDT
2023-06-06 20:00:00,0.02355000,0.02359000,0.02336000,0.02343000,3114706.70000000,TUSDT
2023-06-06 21:00:00,0.02343000,0.02355000,0.02343000,0.02354000,1187428.10000000,TUSDT
2023-06-06 22:00:00,0.02356000,0.02360000,0.02351000,0.02359000,530242.40000000,TUSDT
2023-06-06 23:00:00,0.02359000,0.02366000,0.02353000,0.02358000,784856.70000000,TUSDT
2023-06-07 00:00:00,0.02359000,0.02362000,0.02338000,0.02355000,1774359.00000000,TUSDT
2023-06-07 01:00:00,0.02355000,0.02356000,0.02326000,0.02339000,1897200.70000000,TUSDT
2023-06-07 02:00:00,0.02339000,0.02342000,0.02329000,0.02330000,1211092.00000000,TUSDT
2023-06-07 03:00:00,0.02330000,0.02343000,0.02324000,0.02332000,2518854.20000000,TUSDT
2023-06-07 04:00:00,0.02333000,0.02343000,0.02330000,0.02342000,1766821.80000000,TUSDT
2023-06-07 05:00:00,0.02342000,0.02345000,0.02328000,0.02329000,1471819.00000000,TUSDT
2023-06-07 06:00:00,0.02328000,0.02330000,0.02314000,0.02317000,1218398.90000000,TUSDT
2023-06-07 07:00:00,0.02314000,0.02322000,0.02306000,0.02315000,871187.10000000,TUSDT
2023-06-07 08:00:00,0.02314000,0.02328000,0.02313000,0.02328000,1369006.00000000,TUSDT
2023-06-07 09:00:00,0.02326000,0.02333000,0.02286000,0.02290000,2143408.90000000,TUSDT
2023-06-07 10:00:00,0.02290000,0.02311000,0.02277000,0.02304000,2638895.60000000,TUSDT
2023-06-07 11:00:00,0.02304000,0.02326000,0.02304000,0.02312000,1142954.50000000,TUSDT
2023-06-07 12:00:00,0.02313000,0.02318000,0.02298000,0.02310000,1899183.80000000,TUSDT
2023-06-07 13:00:00,0.02311000,0.02313000,0.02290000,0.02297000,1124575.00000000,TUSDT
2023-06-07 14:00:00,0.02295000,0.02295000,0.02239000,0.02254000,3768227.90000000,TUSDT
2023-06-07 15:00:00,0.02253000,0.02267000,0.02238000,0.02240000,2799084.30000000,TUSDT
2023-06-07 16:00:00,0.02239000,0.02244000,0.02217000,0.02233000,3943345.00000000,TUSDT
2023-06-07 17:00:00,0.02233000,0.02235000,0.02218000,0.02234000,1738145.50000000,TUSDT
2023-06-07 18:00:00,0.02233000,0.02235000,0.02227000,0.02228000,994159.70000000,TUSDT
2023-06-07 19:00:00,0.02229000,0.02245000,0.02227000,0.02243000,1512077.70000000,TUSDT
2023-06-07 20:00:00,0.02244000,0.02253000,0.02226000,0.02228000,2567479.10000000,TUSDT
2023-06-07 21:00:00,0.02227000,0.02235000,0.02209000,0.02210000,1734903.00000000,TUSDT
2023-06-07 22:00:00,0.02208000,0.02227000,0.02207000,0.02216000,1742923.40000000,TUSDT
2023-06-07 23:00:00,0.02216000,0.02230000,0.02216000,0.02224000,1031372.40000000,TUSDT
2023-06-08 00:00:00,0.02223000,0.02228000,0.02214000,0.02227000,2124913.90000000,TUSDT
2023-06-08 01:00:00,0.02227000,0.02247000,0.02227000,0.02246000,1272746.10000000,TUSDT
2023-06-08 02:00:00,0.02246000,0.02246000,0.02223000,0.02223000,1548433.90000000,TUSDT
2023-06-08 03:00:00,0.02223000,0.02223000,0.02188000,0.02198000,2516564.10000000,TUSDT
2023-06-08 04:00:00,0.02198000,0.02213000,0.02198000,0.02213000,1036722.80000000,TUSDT
2023-06-08 05:00:00,0.02213000,0.02220000,0.02194000,0.02196000,1421762.80000000,TUSDT
2023-06-08 06:00:00,0.02195000,0.02213000,0.02184000,0.02208000,3568136.90000000,TUSDT
2023-06-08 07:00:00,0.02207000,0.02221000,0.02206000,0.02217000,2117806.80000000,TUSDT
2023-06-08 08:00:00,0.02215000,0.02221000,0.02211000,0.02219000,735619.70000000,TUSDT
2023-06-08 09:00:00,0.02219000,0.02229000,0.02210000,0.02217000,3302112.50000000,TUSDT
2023-06-08 10:00:00,0.02217000,0.02239000,0.02214000,0.02239000,2669146.10000000,TUSDT
2023-06-08 11:00:00,0.02239000,0.02241000,0.02232000,0.02235000,471548.10000000,TUSDT
2023-06-08 12:00:00,0.02235000,0.02260000,0.02230000,0.02254000,1597072.40000000,TUSDT
2023-06-08 13:00:00,0.02253000,0.02255000,0.02230000,0.02247000,1781298.20000000,TUSDT
2023-06-08 14:00:00,0.02246000,0.02267000,0.02242000,0.02259000,2368743.80000000,TUSDT
2023-06-08 15:00:00,0.02259000,0.02262000,0.02253000,0.02257000,986717.70000000,TUSDT
2023-06-08 16:00:00,0.02258000,0.02260000,0.02237000,0.02246000,2830388.90000000,TUSDT
2023-06-08 17:00:00,0.02246000,0.02261000,0.02237000,0.02250000,2466527.30000000,TUSDT
2023-06-08 18:00:00,0.02249000,0.02262000,0.02246000,0.02259000,599759.70000000,TUSDT
2023-06-08 19:00:00,0.02260000,0.02263000,0.02246000,0.02261000,2288880.20000000,TUSDT
2023-06-08 20:00:00,0.02260000,0.02266000,0.02259000,0.02264000,259964.80000000,TUSDT
2023-06-08 21:00:00,0.02263000,0.02263000,0.02246000,0.02249000,537928.20000000,TUSDT
2023-06-08 22:00:00,0.02249000,0.02259000,0.02248000,0.02253000,368764.00000000,TUSDT
2023-06-08 23:00:00,0.02252000,0.02254000,0.02247000,0.02250000,216253.50000000,TUSDT
2023-06-09 00:00:00,0.02249000,0.02253000,0.02240000,0.02240000,646488.80000000,TUSDT
2023-06-09 01:00:00,0.02240000,0.02255000,0.02240000,0.02248000,1200981.50000000,TUSDT
2023-06-09 02:00:00,0.02247000,0.02248000,0.02218000,0.02227000,2251000.00000000,TUSDT
2023-06-09 03:00:00,0.02229000,0.02244000,0.02224000,0.02244000,894658.40000000,TUSDT
2023-06-09 04:00:00,0.02243000,0.02244000,0.02233000,0.02242000,135971.70000000,TUSDT
2023-06-09 05:00:00,0.02242000,0.02245000,0.02236000,0.02237000,214866.50000000,TUSDT
2023-06-09 06:00:00,0.02237000,0.02239000,0.02231000,0.02233000,346100.70000000,TUSDT
2023-06-09 07:00:00,0.02231000,0.02234000,0.02218000,0.02224000,662482.40000000,TUSDT
2023-06-09 08:00:00,0.02224000,0.02250000,0.02224000,0.02249000,1212960.50000000,TUSDT
2023-06-09 09:00:00,0.02248000,0.02256000,0.02241000,0.02253000,1418146.30000000,TUSDT
2023-06-09 10:00:00,0.02253000,0.02267000,0.02249000,0.02262000,5381236.50000000,TUSDT
2023-06-09 11:00:00,0.02263000,0.02273000,0.02254000,0.02270000,3945261.20000000,TUSDT
2023-06-09 12:00:00,0.02270000,0.02284000,0.02265000,0.02282000,2267819.00000000,TUSDT
2023-06-09 13:00:00,0.02283000,0.02289000,0.02277000,0.02281000,1445436.30000000,TUSDT
2023-06-09 14:00:00,0.02281000,0.02285000,0.02267000,0.02272000,1929723.10000000,TUSDT
2023-06-09 15:00:00,0.02272000,0.02397000,0.02251000,0.02256000,11770431.10000000,TUSDT
2023-06-09 16:00:00,0.02255000,0.02279000,0.02254000,0.02268000,5831564.20000000,TUSDT
2023-06-09 17:00:00,0.02268000,0.02274000,0.02257000,0.02268000,1191353.70000000,TUSDT
2023-06-09 18:00:00,0.02268000,0.02277000,0.02257000,0.02261000,2012539.60000000,TUSDT
2023-06-09 19:00:00,0.02261000,0.02264000,0.02230000,0.02233000,2383875.40000000,TUSDT
2023-06-09 20:00:00,0.02232000,0.02249000,0.02230000,0.02242000,2443924.60000000,TUSDT
2023-06-09 21:00:00,0.02242000,0.02247000,0.02240000,0.02246000,2537525.50000000,TUSDT
2023-06-09 22:00:00,0.02247000,0.02249000,0.02238000,0.02248000,1583446.90000000,TUSDT
2023-06-09 23:00:00,0.02247000,0.02248000,0.02220000,0.02232000,10685228.40000000,TUSDT
2023-06-10 00:00:00,0.02233000,0.02240000,0.02211000,0.02215000,5318412.10000000,TUSDT
2023-06-10 01:00:00,0.02215000,0.02231000,0.02191000,0.02196000,4780382.00000000,TUSDT
2023-06-10 02:00:00,0.02195000,0.02197000,0.02139000,0.02151000,11448663.40000000,TUSDT
2023-06-10 03:00:00,0.02152000,0.02157000,0.02124000,0.02124000,3073561.80000000,TUSDT
2023-06-10 04:00:00,0.02123000,0.02134000,0.01600000,0.01848000,47330792.30000000,TUSDT
2023-06-10 05:00:00,0.01848000,0.01882000,0.01822000,0.01824000,24545359.80000000,TUSDT
2023-06-10 06:00:00,0.01826000,0.01846000,0.01798000,0.01824000,16806164.60000000,TUSDT
2023-06-10 07:00:00,0.01824000,0.01840000,0.01781000,0.01829000,16343909.50000000,TUSDT
2023-06-10 08:00:00,0.01830000,0.01842000,0.01809000,0.01825000,9892476.70000000,TUSDT
2023-06-10 09:00:00,0.01826000,0.01828000,0.01777000,0.01797000,9340951.60000000,TUSDT
2023-06-10 10:00:00,0.01797000,0.01819000,0.01792000,0.01819000,4665247.80000000,TUSDT
2023-06-10 11:00:00,0.01817000,0.01833000,0.01804000,0.01831000,4490643.80000000,TUSDT
2023-06-10 12:00:00,0.01830000,0.01831000,0.01800000,0.01801000,3087965.10000000,TUSDT
2023-06-10 13:00:00,0.01800000,0.01815000,0.01795000,0.01811000,3753227.60000000,TUSDT
2023-06-10 14:00:00,0.01810000,0.01815000,0.01782000,0.01806000,5834018.60000000,TUSDT
2023-06-10 15:00:00,0.01805000,0.01806000,0.01776000,0.01783000,4048869.20000000,TUSDT
2023-06-10 16:00:00,0.01783000,0.01787000,0.01769000,0.01770000,5216935.80000000,TUSDT
2023-06-10 17:00:00,0.01771000,0.01860000,0.01754000,0.01837000,13567175.30000000,TUSDT
2023-06-10 18:00:00,0.01838000,0.01840000,0.01795000,0.01802000,6961021.80000000,TUSDT
2023-06-10 19:00:00,0.01802000,0.01828000,0.01801000,0.01826000,3124391.90000000,TUSDT
2023-06-10 20:00:00,0.01827000,0.01830000,0.01816000,0.01825000,3294422.50000000,TUSDT
2023-06-10 21:00:00,0.01825000,0.01835000,0.01815000,0.01832000,2074759.00000000,TUSDT
2023-06-10 22:00:00,0.01833000,0.01850000,0.01829000,0.01846000,1057704.80000000,TUSDT
2023-06-10 23:00:00,0.01846000,0.01866000,0.01841000,0.01852000,3812037.30000000,TUSDT
2023-06-11 00:00:00,0.01852000,0.01858000,0.01834000,0.01843000,4718315.10000000,TUSDT
2023-06-11 01:00:00,0.01844000,0.01849000,0.01829000,0.01847000,4061575.50000000,TUSDT
2023-06-11 02:00:00,0.01847000,0.01850000,0.01838000,0.01843000,3297782.10000000,TUSDT
2023-06-11 03:00:00,0.01844000,0.01847000,0.01836000,0.01838000,1759508.80000000,TUSDT
2023-06-11 04:00:00,0.01837000,0.01837000,0.01816000,0.01831000,2756009.60000000,TUSDT
2023-06-11 05:00:00,0.01831000,0.01836000,0.01828000,0.01836000,1936386.00000000,TUSDT
2023-06-11 06:00:00,0.01835000,0.01839000,0.01834000,0.01838000,993034.30000000,TUSDT
2023-06-11 07:00:00,0.01837000,0.01837000,0.01827000,0.01827000,574090.50000000,TUSDT
2023-06-11 08:00:00,0.01826000,0.01835000,0.01817000,0.01823000,4170501.40000000,TUSDT
2023-06-11 09:00:00,0.01823000,0.01828000,0.01820000,0.01820000,1053945.00000000,TUSDT
2023-06-11 10:00:00,0.01819000,0.01843000,0.01817000,0.01840000,1429973.50000000,TUSDT
2023-06-11 11:00:00,0.01840000,0.01844000,0.01828000,0.01840000,3741069.20000000,TUSDT
2023-06-11 12:00:00,0.01840000,0.01845000,0.01830000,0.01831000,1186139.90000000,TUSDT
2023-06-11 13:00:00,0.01831000,0.01834000,0.01815000,0.01815000,3532991.80000000,TUSDT
2023-06-11 14:00:00,0.01815000,0.01830000,0.01815000,0.01824000,2237198.20000000,TUSDT
2023-06-11 15:00:00,0.01825000,0.01830000,0.01822000,0.01825000,1089780.90000000,TUSDT
2023-06-11 16:00:00,0.01824000,0.01839000,0.01819000,0.01833000,4119723.10000000,TUSDT
2023-06-11 17:00:00,0.01833000,0.01844000,0.01833000,0.01839000,960318.70000000,TUSDT
2023-06-11 18:00:00,0.01839000,0.01853000,0.01838000,0.01849000,1456428.50000000,TUSDT
2023-06-11 19:00:00,0.01850000,0.01864000,0.01848000,0.01860000,2295416.60000000,TUSDT
2023-06-11 20:00:00,0.01862000,0.01872000,0.01858000,0.01865000,2256023.60000000,TUSDT
2023-06-11 21:00:00,0.01866000,0.01869000,0.01855000,0.01860000,1062961.90000000,TUSDT
2023-06-11 22:00:00,0.01860000,0.01861000,0.01832000,0.01844000,1778654.30000000,TUSDT
2023-06-11 23:00:00,0.01845000,0.01848000,0.01835000,0.01843000,640701.40000000,TUSDT
2023-06-12 00:00:00,0.01842000,0.01845000,0.01818000,0.01828000,2870372.80000000,TUSDT
2023-06-12 01:00:00,0.01828000,0.01833000,0.01819000,0.01824000,1640153.80000000,TUSDT
2023-06-12 02:00:00,0.01824000,0.01827000,0.01759000,0.01772000,8974962.60000000,TUSDT
2023-06-12 03:00:00,0.01770000,0.01786000,0.01769000,0.01782000,2245286.10000000,TUSDT
2023-06-12 04:00:00,0.01781000,0.01787000,0.01778000,0.01785000,1693456.10000000,TUSDT
2023-06-12 05:00:00,0.01782000,0.01785000,0.01770000,0.01772000,1251719.90000000,TUSDT
2023-06-12 06:00:00,0.01774000,0.01791000,0.01774000,0.01790000,2922139.30000000,TUSDT
2023-06-12 07:00:00,0.01791000,0.01794000,0.01771000,0.01774000,2670807.40000000,TUSDT
2023-06-12 08:00:00,0.01775000,0.01799000,0.01768000,0.01798000,2672786.00000000,TUSDT
2023-06-12 09:00:00,0.01797000,0.01828000,0.01797000,0.01821000,5393990.40000000,TUSDT
2023-06-12 10:00:00,0.01821000,0.01839000,0.01818000,0.01829000,2339812.60000000,TUSDT
2023-06-12 11:00:00,0.01828000,0.01836000,0.01824000,0.01828000,1107307.10000000,TUSDT
2023-06-12 12:00:00,0.01828000,0.01832000,0.01827000,0.01831000,626568.30000000,TUSDT
2023-06-12 13:00:00,0.01831000,0.01837000,0.01813000,0.01823000,3014924.70000000,TUSDT
2023-06-12 14:00:00,0.01820000,0.01831000,0.01817000,0.01827000,3587163.40000000,TUSDT
2023-06-12 15:00:00,0.01827000,0.01827000,0.01816000,0.01821000,1402714.30000000,TUSDT
2023-06-12 16:00:00,0.01820000,0.01829000,0.01816000,0.01818000,1830756.10000000,TUSDT
2023-06-12 17:00:00,0.01818000,0.01828000,0.01802000,0.01820000,4086407.20000000,TUSDT
2023-06-12 18:00:00,0.01820000,0.01824000,0.01814000,0.01822000,1386208.10000000,TUSDT
2023-06-12 19:00:00,0.01821000,0.01824000,0.01815000,0.01822000,1140524.70000000,TUSDT
2023-06-12 20:00:00,0.01821000,0.01832000,0.01818000,0.01831000,2217155.30000000,TUSDT
2023-06-12 21:00:00,0.01831000,0.01838000,0.01828000,0.01837000,1027185.20000000,TUSDT
2023-06-12 22:00:00,0.01838000,0.01849000,0.01838000,0.01841000,1536589.00000000,TUSDT
2023-06-12 23:00:00,0.01841000,0.01845000,0.01836000,0.01840000,1187343.20000000,TUSDT
2023-06-13 00:00:00,0.01841000,0.01866000,0.01833000,0.01834000,6637792.70000000,TUSDT
2023-06-13 01:00:00,0.01834000,0.01853000,0.01829000,0.01849000,4443423.20000000,TUSDT
2023-06-13 02:00:00,0.01849000,0.01862000,0.01843000,0.01857000,2960521.30000000,TUSDT
2023-06-13 03:00:00,0.01858000,0.01865000,0.01855000,0.01858000,1731650.90000000,TUSDT
2023-06-13 04:00:00,0.01859000,0.01859000,0.01838000,0.01853000,2945897.60000000,TUSDT
2023-06-13 05:00:00,0.01853000,0.01857000,0.01847000,0.01851000,1087650.50000000,TUSDT
2023-06-13 06:00:00,0.01852000,0.01858000,0.01842000,0.01845000,3001656.50000000,TUSDT
2023-06-13 07:00:00,0.01845000,0.01851000,0.01842000,0.01843000,1693220.40000000,TUSDT
2023-06-13 08:00:00,0.01843000,0.01861000,0.01834000,0.01859000,3996949.60000000,TUSDT
2023-06-13 09:00:00,0.01857000,0.01861000,0.01851000,0.01853000,1934378.10000000,TUSDT
2023-06-13 10:00:00,0.01853000,0.01856000,0.01847000,0.01855000,1610660.10000000,TUSDT
2023-06-13 11:00:00,0.01854000,0.01865000,0.01853000,0.01862000,1934519.60000000,TUSDT
2023-06-13 12:00:00,0.01862000,0.01883000,0.01826000,0.01847000,8653044.30000000,TUSDT
2023-06-13 13:00:00,0.01848000,0.01853000,0.01836000,0.01844000,3456259.40000000,TUSDT
2023-06-13 14:00:00,0.01843000,0.01844000,0.01833000,0.01839000,1645512.20000000,TUSDT
2023-06-13 15:00:00,0.01838000,0.01840000,0.01801000,0.01808000,5666658.50000000,TUSDT
2023-06-13 16:00:00,0.01807000,0.01822000,0.01806000,0.01815000,1933727.70000000,TUSDT
2023-06-13 17:00:00,0.01815000,0.01822000,0.01807000,0.01807000,1330769.40000000,TUSDT
2023-06-13 18:00:00,0.01808000,0.01824000,0.01796000,0.01804000,4641622.00000000,TUSDT
2023-06-13 19:00:00,0.01803000,0.01810000,0.01803000,0.01805000,1141023.70000000,TUSDT
2023-06-13 20:00:00,0.01805000,0.01810000,0.01795000,0.01808000,4626760.90000000,TUSDT
2023-06-13 21:00:00,0.01805000,0.01809000,0.01801000,0.01809000,866469.10000000,TUSDT
2023-06-13 22:00:00,0.01808000,0.01808000,0.01800000,0.01806000,1417092.00000000,TUSDT
2023-06-13 23:00:00,0.01807000,0.01819000,0.01807000,0.01819000,1855006.00000000,TUSDT
2023-06-14 00:00:00,0.01819000,0.01820000,0.01801000,0.01808000,2899572.80000000,TUSDT
2023-06-14 01:00:00,0.01807000,0.01819000,0.01804000,0.01818000,1060596.90000000,TUSDT
2023-06-14 02:00:00,0.01818000,0.01818000,0.01807000,0.01812000,1299514.80000000,TUSDT
2023-06-14 03:00:00,0.01813000,0.01813000,0.01808000,0.01811000,767167.90000000,TUSDT
2023-06-14 04:00:00,0.01811000,0.01813000,0.01807000,0.01810000,1712613.30000000,TUSDT
2023-06-14 05:00:00,0.01809000,0.01811000,0.01792000,0.01793000,2046561.60000000,TUSDT
2023-06-14 06:00:00,0.01793000,0.01803000,0.01793000,0.01802000,1902822.70000000,TUSDT
2023-06-14 07:00:00,0.01803000,0.01804000,0.01791000,0.01797000,2260272.30000000,TUSDT
2023-06-14 08:00:00,0.01796000,0.01806000,0.01795000,0.01804000,1783861.50000000,TUSDT
2023-06-14 09:00:00,0.01804000,0.01813000,0.01803000,0.01813000,762868.20000000,TUSDT
2023-06-14 10:00:00,0.01812000,0.01814000,0.01806000,0.01812000,779055.70000000,TUSDT
2023-06-14 11:00:00,0.01811000,0.01816000,0.01811000,0.01814000,678886.20000000,TUSDT
2023-06-14 12:00:00,0.01815000,0.01824000,0.01812000,0.01819000,2417690.40000000,TUSDT
2023-06-14 13:00:00,0.01818000,0.01826000,0.01813000,0.01819000,2833610.80000000,TUSDT
2023-06-14 14:00:00,0.01818000,0.01824000,0.01818000,0.01823000,634003.30000000,TUSDT
2023-06-14 15:00:00,0.01823000,0.01826000,0.01821000,0.01824000,1000348.40000000,TUSDT
2023-06-14 16:00:00,0.01825000,0.01831000,0.01820000,0.01824000,502841.10000000,TUSDT
2023-06-14 17:00:00,0.01824000,0.01834000,0.01822000,0.01834000,455538.00000000,TUSDT
2023-06-14 18:00:00,0.01833000,0.01834000,0.01805000,0.01830000,4627395.30000000,TUSDT
2023-06-14 19:00:00,0.01830000,0.01841000,0.01825000,0.01827000,2715555.70000000,TUSDT
2023-06-14 20:00:00,0.01825000,0.01826000,0.01709000,0.01712000,19681839.70000000,TUSDT
2023-06-14 21:00:00,0.01712000,0.01743000,0.01710000,0.01725000,12095827.70000000,TUSDT
2023-06-14 22:00:00,0.01725000,0.01725000,0.01690000,0.01696000,6358519.00000000,TUSDT
2023-06-14 23:00:00,0.01696000,0.01712000,0.01688000,0.01709000,2626398.80000000,TUSDT
2023-06-15 00:00:00,0.01708000,0.01713000,0.01700000,0.01711000,2437079.80000000,TUSDT
2023-06-15 01:00:00,0.01713000,0.01714000,0.01683000,0.01686000,3456392.50000000,TUSDT
2023-06-15 02:00:00,0.01685000,0.01700000,0.01679000,0.01691000,3396603.50000000,TUSDT
2023-06-15 03:00:00,0.01690000,0.01696000,0.01687000,0.01696000,590443.40000000,TUSDT
2023-06-15 04:00:00,0.01695000,0.01697000,0.01683000,0.01688000,2119151.20000000,TUSDT
2023-06-15 05:00:00,0.01687000,0.01690000,0.01671000,0.01682000,3458000.00000000,TUSDT
2023-06-15 06:00:00,0.01681000,0.01687000,0.01665000,0.01668000,4285326.90000000,TUSDT
2023-06-15 07:00:00,0.01667000,0.01674000,0.01645000,0.01672000,5416392.60000000,TUSDT
2023-06-15 08:00:00,0.01671000,0.01685000,0.01670000,0.01676000,1866835.90000000,TUSDT
2023-06-15 09:00:00,0.01675000,0.01681000,0.01667000,0.01676000,3914980.50000000,TUSDT
2023-06-15 10:00:00,0.01676000,0.01687000,0.01676000,0.01682000,1322775.40000000,TUSDT
2023-06-15 11:00:00,0.01681000,0.01690000,0.01670000,0.01689000,1863657.80000000,TUSDT
2023-06-15 12:00:00,0.01690000,0.01692000,0.01687000,0.01691000,1149671.50000000,TUSDT
2023-06-15 13:00:00,0.01692000,0.01719000,0.01692000,0.01710000,2771291.80000000,TUSDT
2023-06-15 14:00:00,0.01711000,0.01712000,0.01708000,0.01710000,905139.70000000,TUSDT
2023-06-15 15:00:00,0.01710000,0.01710000,0.01700000,0.01702000,1438741.00000000,TUSDT
2023-06-15 16:00:00,0.01702000,0.01704000,0.01695000,0.01698000,975832.70000000,TUSDT
2023-06-15 17:00:00,0.01699000,0.01701000,0.01679000,0.01700000,2538583.80000000,TUSDT
2023-06-15 18:00:00,0.01699000,0.01735000,0.01699000,0.01735000,2261562.90000000,TUSDT
2023-06-15 19:00:00,0.01735000,0.01777000,0.01735000,0.01777000,5360888.40000000,TUSDT
2023-06-15 20:00:00,0.01776000,0.01782000,0.01760000,0.01770000,4216620.30000000,TUSDT
2023-06-15 21:00:00,0.01771000,0.01794000,0.01770000,0.01776000,4720477.80000000,TUSDT
2023-06-15 22:00:00,0.01777000,0.01781000,0.01761000,0.01763000,2198688.80000000,TUSDT
2023-06-15 23:00:00,0.01762000,0.01778000,0.01752000,0.01773000,4668217.70000000,TUSDT
2023-06-16 00:00:00,0.01773000,0.01876000,0.01764000,0.01769000,64378443.50000000,TUSDT
2023-06-16 01:00:00,0.01769000,0.01782000,0.01762000,0.01769000,5483495.80000000,TUSDT
2023-06-16 02:00:00,0.01769000,0.01777000,0.01768000,0.01772000,1696736.20000000,TUSDT
2023-06-16 03:00:00,0.01772000,0.01788000,0.01769000,0.01786000,1350369.10000000,TUSDT
2023-06-16 04:00:00,0.01786000,0.01800000,0.01783000,0.01799000,3972329.50000000,TUSDT
2023-06-16 05:00:00,0.01798000,0.01808000,0.01796000,0.01804000,2189935.20000000,TUSDT
2023-06-16 06:00:00,0.01804000,0.01808000,0.01795000,0.01795000,2045975.90000000,TUSDT
2023-06-16 07:00:00,0.01795000,0.01811000,0.01795000,0.01807000,2861502.30000000,TUSDT
2023-06-16 08:00:00,0.01806000,0.01807000,0.01799000,0.01800000,3208067.00000000,TUSDT
2023-06-16 09:00:00,0.01800000,0.01805000,0.01787000,0.01790000,1621881.20000000,TUSDT
2023-06-16 10:00:00,0.01790000,0.01790000,0.01779000,0.01780000,1778604.90000000,TUSDT
2023-06-16 11:00:00,0.01780000,0.01781000,0.01738000,0.01744000,8200994.80000000,TUSDT
2023-06-16 12:00:00,0.01744000,0.01758000,0.01741000,0.01754000,2009541.80000000,TUSDT
2023-06-16 13:00:00,0.01753000,0.01763000,0.01750000,0.01753000,3147026.00000000,TUSDT
2023-06-16 14:00:00,0.01754000,0.01761000,0.01737000,0.01759000,4430544.50000000,TUSDT
2023-06-16 15:00:00,0.01760000,0.01770000,0.01750000,0.01769000,3242386.00000000,TUSDT
2023-06-16 16:00:00,0.01770000,0.01777000,0.01764000,0.01776000,4769360.40000000,TUSDT
2023-06-16 17:00:00,0.01777000,0.01792000,0.01774000,0.01792000,2676698.40000000,TUSDT
2023-06-16 18:00:00,0.01792000,0.01816000,0.01789000,0.01802000,3721175.70000000,TUSDT
2023-06-16 19:00:00,0.01802000,0.01803000,0.01793000,0.01803000,1033132.90000000,TUSDT
2023-06-16 20:00:00,0.01803000,0.01811000,0.01799000,0.01811000,1705425.60000000,TUSDT
2023-06-16 21:00:00,0.01811000,0.01812000,0.01799000,0.01801000,1356251.00000000,TUSDT
2023-06-16 22:00:00,0.01801000,0.01811000,0.01799000,0.01809000,1699770.70000000,TUSDT
2023-06-16 23:00:00,0.01810000,0.01818000,0.01805000,0.01818000,918432.90000000,TUSDT
2023-06-17 00:00:00,0.01817000,0.01817000,0.01792000,0.01798000,3151313.40000000,TUSDT
2023-06-17 01:00:00,0.01797000,0.01798000,0.01784000,0.01786000,3549957.70000000,TUSDT
2023-06-17 02:00:00,0.01787000,0.01800000,0.01785000,0.01799000,1741834.60000000,TUSDT
2023-06-17 03:00:00,0.01800000,0.01802000,0.01798000,0.01801000,253147.10000000,TUSDT
2023-06-17 04:00:00,0.01801000,0.01811000,0.01801000,0.01810000,290358.70000000,TUSDT
2023-06-17 05:00:00,0.01810000,0.01851000,0.01809000,0.01849000,4486424.00000000,TUSDT
2023-06-17 06:00:00,0.01852000,0.01856000,0.01841000,0.01843000,2578867.20000000,TUSDT
2023-06-17 07:00:00,0.01842000,0.01842000,0.01831000,0.01835000,1788898.70000000,TUSDT
2023-06-17 08:00:00,0.01836000,0.01840000,0.01834000,0.01840000,1000948.60000000,TUSDT
2023-06-17 09:00:00,0.01840000,0.01844000,0.01835000,0.01841000,1005407.40000000,TUSDT
2023-06-17 10:00:00,0.01839000,0.01840000,0.01837000,0.01838000,320200.50000000,TUSDT
2023-06-17 11:00:00,0.01838000,0.01840000,0.01829000,0.01833000,1453564.00000000,TUSDT
2023-06-17 12:00:00,0.01833000,0.01845000,0.01827000,0.01841000,834557.10000000,TUSDT
2023-06-17 13:00:00,0.01842000,0.01853000,0.01842000,0.01850000,1368623.20000000,TUSDT
2023-06-17 14:00:00,0.01850000,0.01850000,0.01835000,0.01838000,1728454.60000000,TUSDT
2023-06-17 15:00:00,0.01837000,0.01844000,0.01829000,0.01842000,1372731.00000000,TUSDT
2023-06-17 16:00:00,0.01841000,0.01849000,0.01833000,0.01847000,1771705.20000000,TUSDT
2023-06-17 17:00:00,0.01847000,0.01853000,0.01843000,0.01843000,1231699.10000000,TUSDT
2023-06-17 18:00:00,0.01844000,0.01850000,0.01844000,0.01847000,832042.00000000,TUSDT
2023-06-17 19:00:00,0.01847000,0.01848000,0.01839000,0.01840000,804241.80000000,TUSDT
2023-06-17 20:00:00,0.01841000,0.01846000,0.01840000,0.01845000,304366.10000000,TUSDT
2023-06-17 21:00:00,0.01845000,0.01846000,0.01839000,0.01842000,505353.30000000,TUSDT
2023-06-17 22:00:00,0.01844000,0.01849000,0.01841000,0.01844000,387426.10000000,TUSDT
2023-06-17 23:00:00,0.01839000,0.01839000,0.01835000,0.01837000,235247.80000000,TUSDT
2023-06-18 00:00:00,0.01837000,0.01841000,0.01809000,0.01811000,3547859.90000000,TUSDT
2023-06-18 01:00:00,0.01811000,0.01816000,0.01810000,0.01816000,1132968.60000000,TUSDT
2023-06-18 02:00:00,0.01817000,0.01820000,0.01811000,0.01815000,1022704.50000000,TUSDT
2023-06-18 03:00:00,0.01816000,0.01822000,0.01816000,0.01819000,188756.30000000,TUSDT
2023-06-18 04:00:00,0.01818000,0.01823000,0.01817000,0.01820000,310704.80000000,TUSDT
2023-06-18 05:00:00,0.01821000,0.01827000,0.01816000,0.01816000,1047518.80000000,TUSDT
2023-06-18 06:00:00,0.01815000,0.01822000,0.01810000,0.01821000,1066914.60000000,TUSDT
2023-06-18 07:00:00,0.01821000,0.01831000,0.01814000,0.01815000,1931850.00000000,TUSDT
2023-06-18 08:00:00,0.01815000,0.01819000,0.01809000,0.01814000,1414042.00000000,TUSDT
2023-06-18 09:00:00,0.01814000,0.01826000,0.01813000,0.01824000,776901.50000000,TUSDT
2023-06-18 10:00:00,0.01824000,0.01824000,0.01803000,0.01806000,2412673.70000000,TUSDT
2023-06-18 11:00:00,0.01807000,0.01808000,0.01803000,0.01808000,212800.90000000,TUSDT
2023-06-18 12:00:00,0.01809000,0.01816000,0.01802000,0.01815000,1310798.40000000,TUSDT
2023-06-18 13:00:00,0.01816000,0.01818000,0.01807000,0.01812000,1304971.00000000,TUSDT
2023-06-18 14:00:00,0.01812000,0.01821000,0.01809000,0.01821000,923623.20000000,TUSDT
2023-06-18 15:00:00,0.01822000,0.01822000,0.01817000,0.01819000,200427.90000000,TUSDT
2023-06-18 16:00:00,0.01819000,0.01831000,0.01819000,0.01831000,981632.50000000,TUSDT
2023-06-18 17:00:00,0.01831000,0.01833000,0.01827000,0.01829000,1442773.00000000,TUSDT
2023-06-18 18:00:00,0.01829000,0.01829000,0.01820000,0.01825000,1168545.20000000,TUSDT
2023-06-18 19:00:00,0.01826000,0.01826000,0.01824000,0.01825000,103360.10000000,TUSDT
2023-06-18 20:00:00,0.01826000,0.01827000,0.01788000,0.01797000,2880489.30000000,TUSDT
2023-06-18 21:00:00,0.01796000,0.01797000,0.01791000,0.01793000,936761.90000000,TUSDT
2023-06-18 22:00:00,0.01792000,0.01797000,0.01790000,0.01791000,416482.80000000,TUSDT
2023-06-18 23:00:00,0.01790000,0.01792000,0.01780000,0.01787000,1923922.30000000,TUSDT
2023-06-19 00:00:00,0.01788000,0.01816000,0.01786000,0.01797000,7669094.80000000,TUSDT
2023-06-19 01:00:00,0.01796000,0.01800000,0.01795000,0.01797000,506539.10000000,TUSDT
2023-06-19 02:00:00,0.01796000,0.01799000,0.01794000,0.01798000,1369983.10000000,TUSDT
2023-06-19 03:00:00,0.01798000,0.01800000,0.01793000,0.01794000,490871.70000000,TUSDT
2023-06-19 04:00:00,0.01796000,0.01803000,0.01796000,0.01803000,796984.10000000,TUSDT
2023-06-19 05:00:00,0.01804000,0.01807000,0.01803000,0.01805000,426113.40000000,TUSDT
2023-06-19 06:00:00,0.01805000,0.01808000,0.01803000,0.01803000,388889.60000000,TUSDT
2023-06-19 07:00:00,0.01803000,0.01803000,0.01802000,0.01802000,293077.90000000,TUSDT
2023-06-19 08:00:00,0.01801000,0.01802000,0.01797000,0.01799000,433839.30000000,TUSDT
2023-06-19 09:00:00,0.01800000,0.01801000,0.01793000,0.01800000,822235.30000000,TUSDT
2023-06-19 10:00:00,0.01800000,0.01803000,0.01793000,0.01794000,1785474.00000000,TUSDT
2023-06-19 11:00:00,0.01795000,0.01800000,0.01794000,0.01800000,739598.80000000,TUSDT
2023-06-19 12:00:00,0.01799000,0.01817000,0.01798000,0.01813000,3292006.80000000,TUSDT
2023-06-19 13:00:00,0.01813000,0.01817000,0.01811000,0.01812000,618209.90000000,TUSDT
2023-06-19 14:00:00,0.01813000,0.01814000,0.01798000,0.01801000,1709615.30000000,TUSDT
2023-06-19 15:00:00,0.01800000,0.01803000,0.01797000,0.01801000,1003891.20000000,TUSDT
2023-06-19 16:00:00,0.01801000,0.01802000,0.01789000,0.01795000,1677377.10000000,TUSDT
2023-06-19 17:00:00,0.01794000,0.01815000,0.01794000,0.01813000,1470002.80000000,TUSDT
2023-06-19 18:00:00,0.01814000,0.01841000,0.01814000,0.01819000,4980479.60000000,TUSDT
2023-06-19 19:00:00,0.01818000,0.01825000,0.01811000,0.01824000,1187971.40000000,TUSDT
2023-06-19 20:00:00,0.01823000,0.01835000,0.01823000,0.01827000,2016824.10000000,TUSDT
2023-06-19 21:00:00,0.01828000,0.01828000,0.01816000,0.01817000,773310.80000000,TUSDT
2023-06-19 22:00:00,0.01818000,0.01821000,0.01814000,0.01817000,785402.90000000,TUSDT
2023-06-19 23:00:00,0.01817000,0.01820000,0.01813000,0.01820000,629168.00000000,TUSDT
2023-06-20 00:00:00,0.01819000,0.01821000,0.01812000,0.01820000,1035139.40000000,TUSDT
2023-06-20 01:00:00,0.01820000,0.01830000,0.01817000,0.01817000,1869213.90000000,TUSDT
2023-06-20 02:00:00,0.01817000,0.01823000,0.01817000,0.01823000,367955.20000000,TUSDT
2023-06-20 03:00:00,0.01823000,0.01826000,0.01819000,0.01823000,1964555.90000000,TUSDT
2023-06-20 04:00:00,0.01823000,0.01839000,0.01820000,0.01839000,5890912.10000000,TUSDT
2023-06-20 05:00:00,0.01839000,0.01848000,0.01829000,0.01830000,5676503.80000000,TUSDT
2023-06-20 06:00:00,0.01831000,0.01849000,0.01824000,0.01840000,13235425.50000000,TUSDT
2023-06-20 07:00:00,0.01839000,0.01855000,0.01837000,0.01851000,6207605.90000000,TUSDT
2023-06-20 08:00:00,0.01851000,0.01853000,0.01837000,0.01839000,3492741.90000000,TUSDT
2023-06-20 09:00:00,0.01839000,0.01845000,0.01835000,0.01837000,884708.40000000,TUSDT
2023-06-20 10:00:00,0.01838000,0.01850000,0.01837000,0.01850000,2854708.80000000,TUSDT
2023-06-20 11:00:00,0.01851000,0.01879000,0.01847000,0.01865000,10055462.20000000,TUSDT
2023-06-20 12:00:00,0.01865000,0.01900000,0.01857000,0.01863000,11148426.90000000,TUSDT
2023-06-20 13:00:00,0.01862000,0.01865000,0.01847000,0.01849000,4268607.10000000,TUSDT
2023-06-20 14:00:00,0.01848000,0.01852000,0.01820000,0.01832000,7602021.10000000,TUSDT
2023-06-20 15:00:00,0.01831000,0.01846000,0.01822000,0.01842000,4255547.90000000,TUSDT
2023-06-20 16:00:00,0.01842000,0.01865000,0.01840000,0.01860000,2544234.40000000,TUSDT
2023-06-20 17:00:00,0.01861000,0.01889000,0.01861000,0.01887000,8303651.10000000,TUSDT
2023-06-20 18:00:00,0.01889000,0.01897000,0.01878000,0.01893000,2212310.40000000,TUSDT
2023-06-20 19:00:00,0.01893000,0.01916000,0.01887000,0.01915000,3625171.90000000,TUSDT
2023-06-20 20:00:00,0.01915000,0.01922000,0.01904000,0.01917000,5140580.90000000,TUSDT
2023-06-20 21:00:00,0.01918000,0.01926000,0.01908000,0.01926000,4575729.90000000,TUSDT
2023-06-20 22:00:00,0.01926000,0.01946000,0.01923000,0.01942000,7184870.50000000,TUSDT
2023-06-20 23:00:00,0.01942000,0.01951000,0.01938000,0.01947000,4689638.10000000,TUSDT
2023-06-21 00:00:00,0.01947000,0.02025000,0.01938000,0.02006000,18099003.50000000,TUSDT
2023-06-21 01:00:00,0.02006000,0.02062000,0.01999000,0.02045000,21785261.40000000,TUSDT
2023-06-21 02:00:00,0.02044000,0.02045000,0.02022000,0.02031000,5686918.60000000,TUSDT
2023-06-21 03:00:00,0.02035000,0.02061000,0.02022000,0.02040000,4545193.30000000,TUSDT
2023-06-21 04:00:00,0.02040000,0.02053000,0.02028000,0.02034000,12061091.30000000,TUSDT
2023-06-21 05:00:00,0.02034000,0.02036000,0.02015000,0.02019000,6818794.90000000,TUSDT
2023-06-21 06:00:00,0.02022000,0.02026000,0.01985000,0.01995000,9786530.20000000,TUSDT
2023-06-21 07:00:00,0.01994000,0.02015000,0.01988000,0.02011000,3852844.30000000,TUSDT
2023-06-21 08:00:00,0.02011000,0.02027000,0.02006000,0.02011000,8390256.60000000,TUSDT
2023-06-21 09:00:00,0.02013000,0.02024000,0.02010000,0.02024000,2910827.30000000,TUSDT
2023-06-21 10:00:00,0.02024000,0.02093000,0.02017000,0.02090000,16642949.90000000,TUSDT
2023-06-21 11:00:00,0.02090000,0.02142000,0.02046000,0.02083000,45195776.50000000,TUSDT
2023-06-21 12:00:00,0.02082000,0.02082000,0.02024000,0.02027000,13140847.30000000,TUSDT
2023-06-21 13:00:00,0.02027000,0.02036000,0.02017000,0.02028000,7220371.50000000,TUSDT
2023-06-21 14:00:00,0.02027000,0.02052000,0.02017000,0.02051000,5985434.40000000,TUSDT
2023-06-21 15:00:00,0.02051000,0.02053000,0.02033000,0.02043000,5195981.60000000,TUSDT
2023-06-21 16:00:00,0.02043000,0.02086000,0.02041000,0.02055000,6974679.60000000,TUSDT
2023-06-21 17:00:00,0.02057000,0.02079000,0.02054000,0.02079000,4099611.70000000,TUSDT
2023-06-21 18:00:00,0.02079000,0.02107000,0.02078000,0.02087000,7229562.80000000,TUSDT
2023-06-21 19:00:00,0.02088000,0.02106000,0.02080000,0.02094000,7146548.90000000,TUSDT
2023-06-21 20:00:00,0.02096000,0.02096000,0.02070000,0.02075000,2493144.60000000,TUSDT
2023-06-21 21:00:00,0.02075000,0.02075000,0.02054000,0.02061000,3332594.90000000,TUSDT
2023-06-21 22:00:00,0.02059000,0.02076000,0.02058000,0.02075000,1948245.10000000,TUSDT
2023-06-21 23:00:00,0.02074000,0.02080000,0.02069000,0.02072000,1066293.80000000,TUSDT
2023-06-22 00:00:00,0.02073000,0.02118000,0.02070000,0.02111000,6395713.80000000,TUSDT
2023-06-22 01:00:00,0.02111000,0.02118000,0.02102000,0.02114000,3987832.50000000,TUSDT
2023-06-22 02:00:00,0.02116000,0.02127000,0.02096000,0.02124000,3655847.70000000,TUSDT
2023-06-22 03:00:00,0.02124000,0.02130000,0.02119000,0.02124000,4115741.60000000,TUSDT
2023-06-22 04:00:00,0.02124000,0.02133000,0.02111000,0.02131000,1651334.70000000,TUSDT
2023-06-22 05:00:00,0.02131000,0.02134000,0.02118000,0.02120000,2952900.90000000,TUSDT
2023-06-22 06:00:00,0.02119000,0.02123000,0.02091000,0.02098000,4973489.30000000,TUSDT
2023-06-22 07:00:00,0.02097000,0.02116000,0.02096000,0.02114000,3737246.70000000,TUSDT
2023-06-22 08:00:00,0.02114000,0.02124000,0.02107000,0.02117000,2480359.90000000,TUSDT
2023-06-22 09:00:00,0.02117000,0.02146000,0.02113000,0.02140000,4359923.60000000,TUSDT
2023-06-22 10:00:00,0.02139000,0.02155000,0.02133000,0.02146000,2949998.10000000,TUSDT
2023-06-22 11:00:00,0.02145000,0.02145000,0.02029000,0.02050000,21474230.40000000,TUSDT
2023-06-22 12:00:00,0.02049000,0.02078000,0.02047000,0.02075000,4945838.30000000,TUSDT
2023-06-22 13:00:00,0.02075000,0.02087000,0.02071000,0.02082000,3060703.80000000,TUSDT
2023-06-22 14:00:00,0.02081000,0.02084000,0.02012000,0.02032000,7970470.90000000,TUSDT
2023-06-22 15:00:00,0.02031000,0.02044000,0.02027000,0.02043000,3630403.20000000,TUSDT
2023-06-22 16:00:00,0.02043000,0.02057000,0.02027000,0.02041000,3628052.40000000,TUSDT
2023-06-22 17:00:00,0.02039000,0.02055000,0.02037000,0.02050000,2747008.40000000,TUSDT
2023-06-22 18:00:00,0.02051000,0.02052000,0.02031000,0.02036000,3940710.50000000,TUSDT
2023-06-22 19:00:00,0.02035000,0.02045000,0.02034000,0.02045000,1811960.50000000,TUSDT
2023-06-22 20:00:00,0.02046000,0.02047000,0.02037000,0.02046000,983192.00000000,TUSDT
2023-06-22 21:00:00,0.02045000,0.02050000,0.02038000,0.02050000,950895.60000000,TUSDT
2023-06-22 22:00:00,0.02050000,0.02050000,0.02033000,0.02036000,1761624.90000000,TUSDT
2023-06-22 23:00:00,0.02035000,0.02040000,0.02031000,0.02033000,911619.60000000,TUSDT
2023-06-23 00:00:00,0.02034000,0.02109000,0.02031000,0.02099000,8920252.90000000,TUSDT
2023-06-23 01:00:00,0.02097000,0.02105000,0.02062000,0.02063000,4500471.20000000,TUSDT
2023-06-23 02:00:00,0.02063000,0.02088000,0.02054000,0.02086000,3161385.10000000,TUSDT
2023-06-23 03:00:00,0.02086000,0.02086000,0.02075000,0.02082000,1194332.40000000,TUSDT
2023-06-23 04:00:00,0.02082000,0.02100000,0.02081000,0.02098000,2139257.50000000,TUSDT
2023-06-23 05:00:00,0.02099000,0.02166000,0.02091000,0.02147000,17514835.80000000,TUSDT
2023-06-23 06:00:00,0.02147000,0.02198000,0.02144000,0.02148000,28533708.90000000,TUSDT
2023-06-23 07:00:00,0.02147000,0.02190000,0.02133000,0.02176000,13845449.10000000,TUSDT
2023-06-23 08:00:00,0.02176000,0.02237000,0.02155000,0.02210000,24993021.70000000,TUSDT
2023-06-23 09:00:00,0.02211000,0.02296000,0.02196000,0.02230000,68140871.90000000,TUSDT
2023-06-23 10:00:00,0.02234000,0.02365000,0.02208000,0.02341000,52405473.40000000,TUSDT
2023-06-23 11:00:00,0.02340000,0.02502000,0.02321000,0.02364000,78667068.80000000,TUSDT
2023-06-23 12:00:00,0.02363000,0.02464000,0.02317000,0.02442000,62695646.50000000,TUSDT
2023-06-23 13:00:00,0.02442000,0.02753000,0.02439000,0.02744000,212592489.50000000,TUSDT
2023-06-23 14:00:00,0.02743000,0.02943000,0.02682000,0.02834000,289369427.90000000,TUSDT
2023-06-23 15:00:00,0.02833000,0.02866000,0.02619000,0.02655000,137419221.60000000,TUSDT
2023-06-23 16:00:00,0.02656000,0.02790000,0.02631000,0.02709000,142949732.20000000,TUSDT
2023-06-23 17:00:00,0.02709000,0.02746000,0.02647000,0.02657000,59722539.10000000,TUSDT
2023-06-23 18:00:00,0.02657000,0.02712000,0.02647000,0.02694000,27859189.50000000,TUSDT
2023-06-23 19:00:00,0.02695000,0.02795000,0.02681000,0.02750000,49554750.20000000,TUSDT
2023-06-23 20:00:00,0.02750000,0.02771000,0.02717000,0.02719000,22753955.20000000,TUSDT
2023-06-23 21:00:00,0.02717000,0.02717000,0.02564000,0.02611000,44492724.60000000,TUSDT
2023-06-23 22:00:00,0.02611000,0.02672000,0.02583000,0.02625000,18532702.80000000,TUSDT
2023-06-23 23:00:00,0.02625000,0.02659000,0.02610000,0.02651000,9822099.90000000,TUSDT
2023-06-24 00:00:00,0.02650000,0.02750000,0.02638000,0.02681000,50391411.80000000,TUSDT
2023-06-24 01:00:00,0.02680000,0.02960000,0.02673000,0.02804000,162744252.90000000,TUSDT
2023-06-24 02:00:00,0.02803000,0.02891000,0.02793000,0.02840000,51769526.00000000,TUSDT
2023-06-24 03:00:00,0.02840000,0.02895000,0.02777000,0.02780000,47039864.50000000,TUSDT
2023-06-24 04:00:00,0.02779000,0.02790000,0.02644000,0.02674000,34475198.70000000,TUSDT
2023-06-24 05:00:00,0.02673000,0.02754000,0.02664000,0.02729000,24243826.20000000,TUSDT
2023-06-24 06:00:00,0.02728000,0.02732000,0.02669000,0.02690000,15377308.10000000,TUSDT
2023-06-24 07:00:00,0.02691000,0.02719000,0.02589000,0.02617000,34852457.70000000,TUSDT
2023-06-24 08:00:00,0.02619000,0.02707000,0.02613000,0.02660000,19026735.10000000,TUSDT
2023-06-24 09:00:00,0.02657000,0.02690000,0.02646000,0.02677000,14110300.20000000,TUSDT
2023-06-24 10:00:00,0.02676000,0.02739000,0.02668000,0.02713000,27240550.60000000,TUSDT
2023-06-24 11:00:00,0.02712000,0.02734000,0.02679000,0.02701000,13759178.50000000,TUSDT
2023-06-24 12:00:00,0.02701000,0.02716000,0.02677000,0.02682000,12009489.70000000,TUSDT
2023-06-24 13:00:00,0.02682000,0.02686000,0.02641000,0.02653000,14716042.20000000,TUSDT
2023-06-24 14:00:00,0.02652000,0.02684000,0.02607000,0.02652000,24449705.60000000,TUSDT
2023-06-24 15:00:00,0.02652000,0.02653000,0.02551000,0.02583000,21994413.90000000,TUSDT
2023-06-24 16:00:00,0.02583000,0.02609000,0.02537000,0.02541000,18156210.60000000,TUSDT
2023-06-24 17:00:00,0.02543000,0.02559000,0.02494000,0.02496000,14706108.60000000,TUSDT
2023-06-24 18:00:00,0.02495000,0.02511000,0.02473000,0.02476000,12028081.40000000,TUSDT
2023-06-24 19:00:00,0.02478000,0.02489000,0.02473000,0.02483000,5701551.70000000,TUSDT
2023-06-24 20:00:00,0.02482000,0.02486000,0.02433000,0.02435000,7924186.60000000,TUSDT
2023-06-24 21:00:00,0.02436000,0.02449000,0.02406000,0.02408000,6729461.80000000,TUSDT
2023-06-24 22:00:00,0.02409000,0.02436000,0.02409000,0.02434000,5850891.80000000,TUSDT
2023-06-24 23:00:00,0.02435000,0.02561000,0.02433000,0.02550000,19680238.30000000,TUSDT
2023-06-25 00:00:00,0.02550000,0.02574000,0.02478000,0.02547000,25789445.40000000,TUSDT
2023-06-25 01:00:00,0.02546000,0.02615000,0.02511000,0.02573000,25843659.40000000,TUSDT
2023-06-25 02:00:00,0.02572000,0.02606000,0.02526000,0.02531000,15755233.30000000,TUSDT
2023-06-25 03:00:00,0.02530000,0.02547000,0.02521000,0.02528000,10035189.30000000,TUSDT
2023-06-25 04:00:00,0.02529000,0.02534000,0.02493000,0.02496000,9764324.80000000,TUSDT
2023-06-25 05:00:00,0.02498000,0.02505000,0.02467000,0.02475000,5001236.50000000,TUSDT
2023-06-25 06:00:00,0.02475000,0.02487000,0.02448000,0.02457000,5756023.60000000,TUSDT
2023-06-25 07:00:00,0.02456000,0.02459000,0.02434000,0.02441000,9819869.00000000,TUSDT
2023-06-25 08:00:00,0.02441000,0.02459000,0.02434000,0.02454000,6087185.30000000,TUSDT
2023-06-25 09:00:00,0.02454000,0.02456000,0.02430000,0.02444000,6740604.80000000,TUSDT
2023-06-25 10:00:00,0.02445000,0.02462000,0.02438000,0.02446000,6100293.20000000,TUSDT
2023-06-25 11:00:00,0.02448000,0.02453000,0.02439000,0.02452000,3387028.90000000,TUSDT
2023-06-25 12:00:00,0.02451000,0.02456000,0.02438000,0.02445000,3904965.80000000,TUSDT
2023-06-25 13:00:00,0.02445000,0.02447000,0.02393000,0.02399000,10383417.20000000,TUSDT
2023-06-25 14:00:00,0.02399000,0.02412000,0.02379000,0.02383000,6162852.80000000,TUSDT
2023-06-25 15:00:00,0.02383000,0.02389000,0.02368000,0.02374000,9367031.70000000,TUSDT
2023-06-25 16:00:00,0.02376000,0.02393000,0.02371000,0.02374000,7928571.80000000,TUSDT
2023-06-25 17:00:00,0.02375000,0.02384000,0.02369000,0.02384000,2796786.80000000,TUSDT
2023-06-25 18:00:00,0.02382000,0.02382000,0.02363000,0.02377000,1922857.30000000,TUSDT
2023-06-25 19:00:00,0.02376000,0.02376000,0.02360000,0.02365000,1520833.80000000,TUSDT
2023-06-25 20:00:00,0.02366000,0.02368000,0.02354000,0.02359000,2858045.00000000,TUSDT
2023-06-25 21:00:00,0.02361000,0.02378000,0.02360000,0.02376000,2430232.60000000,TUSDT
2023-06-25 22:00:00,0.02376000,0.02397000,0.02367000,0.02383000,2065560.80000000,TUSDT
2023-06-25 23:00:00,0.02383000,0.02395000,0.02376000,0.02391000,2426577.40000000,TUSDT
2023-06-26 00:00:00,0.02392000,0.02593000,0.02392000,0.02510000,86763195.80000000,TUSDT
2023-06-26 01:00:00,0.02510000,0.02585000,0.02462000,0.02534000,31651516.20000000,TUSDT
2023-06-26 02:00:00,0.02536000,0.02539000,0.02487000,0.02493000,11775714.60000000,TUSDT
2023-06-26 03:00:00,0.02493000,0.02565000,0.02483000,0.02502000,19257114.60000000,TUSDT
2023-06-26 04:00:00,0.02503000,0.02518000,0.02441000,0.02451000,12573017.30000000,TUSDT
2023-06-26 05:00:00,0.02452000,0.02452000,0.02350000,0.02378000,22193112.70000000,TUSDT
2023-06-26 06:00:00,0.02378000,0.02442000,0.02365000,0.02414000,15846233.90000000,TUSDT
2023-06-26 07:00:00,0.02412000,0.02419000,0.02376000,0.02387000,6053991.10000000,TUSDT
2023-06-26 08:00:00,0.02388000,0.02392000,0.02369000,0.02380000,4453732.00000000,TUSDT
2023-06-26 09:00:00,0.02382000,0.02387000,0.02353000,0.02354000,6534960.20000000,TUSDT
2023-06-26 10:00:00,0.02355000,0.02357000,0.02339000,0.02343000,3118506.50000000,TUSDT
2023-06-26 11:00:00,0.02344000,0.02359000,0.02343000,0.02347000,1621205.40000000,TUSDT
2023-06-26 12:00:00,0.02348000,0.02360000,0.02337000,0.02351000,2558744.80000000,TUSDT
2023-06-26 13:00:00,0.02350000,0.02371000,0.02346000,0.02371000,3442103.00000000,TUSDT
2023-06-26 14:00:00,0.02372000,0.02376000,0.02336000,0.02352000,6879534.10000000,TUSDT
2023-06-26 15:00:00,0.02352000,0.02373000,0.02345000,0.02359000,2488379.80000000,TUSDT
2023-06-26 16:00:00,0.02359000,0.02363000,0.02285000,0.02318000,6459758.50000000,TUSDT
2023-06-26 17:00:00,0.02318000,0.02329000,0.02299000,0.02321000,4116236.20000000,TUSDT
2023-06-26 18:00:00,0.02319000,0.02335000,0.02317000,0.02332000,936372.70000000,TUSDT
2023-06-26 19:00:00,0.02332000,0.02332000,0.02310000,0.02328000,1497312.50000000,TUSDT
2023-06-26 20:00:00,0.02327000,0.02332000,0.02315000,0.02325000,1491190.70000000,TUSDT
2023-06-26 21:00:00,0.02324000,0.02328000,0.02290000,0.02290000,1717355.00000000,TUSDT
2023-06-26 22:00:00,0.02289000,0.02300000,0.02281000,0.02295000,1184163.80000000,TUSDT
2023-06-26 23:00:00,0.02296000,0.02300000,0.02279000,0.02298000,2512774.80000000,TUSDT
2023-06-27 00:00:00,0.02298000,0.02427000,0.02298000,0.02362000,50834390.00000000,TUSDT
2023-06-27 01:00:00,0.02363000,0.02374000,0.02324000,0.02360000,5120740.50000000,TUSDT
2023-06-27 02:00:00,0.02357000,0.02381000,0.02346000,0.02375000,2386543.00000000,TUSDT
2023-06-27 03:00:00,0.02375000,0.02378000,0.02342000,0.02346000,3535944.70000000,TUSDT
2023-06-27 04:00:00,0.02348000,0.02356000,0.02330000,0.02331000,2490254.00000000,TUSDT
2023-06-27 05:00:00,0.02332000,0.02336000,0.02295000,0.02304000,4364403.70000000,TUSDT
2023-06-27 06:00:00,0.02304000,0.02306000,0.02263000,0.02276000,11442606.80000000,TUSDT
2023-06-27 07:00:00,0.02276000,0.02295000,0.02269000,0.02285000,5830232.90000000,TUSDT
2023-06-27 08:00:00,0.02288000,0.02290000,0.02271000,0.02287000,4528424.40000000,TUSDT
2023-06-27 09:00:00,0.02285000,0.02291000,0.02273000,0.02286000,2900939.40000000,TUSDT
2023-06-27 10:00:00,0.02285000,0.02313000,0.02285000,0.02310000,3231170.10000000,TUSDT
2023-06-27 11:00:00,0.02312000,0.02314000,0.02297000,0.02305000,1862003.90000000,TUSDT
2023-06-27 12:00:00,0.02307000,0.02313000,0.02294000,0.02309000,1541290.90000000,TUSDT
2023-06-27 13:00:00,0.02308000,0.02310000,0.02280000,0.02292000,3014436.10000000,TUSDT
2023-06-27 14:00:00,0.02293000,0.02310000,0.02286000,0.02294000,4204321.00000000,TUSDT
2023-06-27 15:00:00,0.02294000,0.02296000,0.02259000,0.02266000,4773706.70000000,TUSDT
2023-06-27 16:00:00,0.02266000,0.02321000,0.02261000,0.02318000,6323916.40000000,TUSDT
2023-06-27 17:00:00,0.02318000,0.02329000,0.02301000,0.02305000,5326294.70000000,TUSDT
2023-06-27 18:00:00,0.02306000,0.02311000,0.02299000,0.02305000,1163812.60000000,TUSDT
2023-06-27 19:00:00,0.02305000,0.02320000,0.02302000,0.02314000,1979148.60000000,TUSDT
2023-06-27 20:00:00,0.02314000,0.02323000,0.02307000,0.02316000,1306608.30000000,TUSDT
2023-06-27 21:00:00,0.02315000,0.02316000,0.02305000,0.02313000,963802.00000000,TUSDT
2023-06-27 22:00:00,0.02315000,0.02318000,0.02300000,0.02307000,1201702.90000000,TUSDT
2023-06-27 23:00:00,0.02306000,0.02332000,0.02305000,0.02331000,4825347.50000000,TUSDT
2023-06-28 00:00:00,0.02332000,0.02379000,0.02306000,0.02340000,22899662.50000000,TUSDT
2023-06-28 01:00:00,0.02339000,0.02342000,0.02292000,0.02294000,6556917.50000000,TUSDT
2023-06-28 02:00:00,0.02294000,0.02304000,0.02262000,0.02267000,7228979.30000000,TUSDT
2023-06-28 03:00:00,0.02267000,0.02281000,0.02265000,0.02281000,3710528.20000000,TUSDT
2023-06-28 04:00:00,0.02280000,0.02283000,0.02249000,0.02268000,4602224.70000000,TUSDT
2023-06-28 05:00:00,0.02269000,0.02278000,0.02261000,0.02272000,909538.10000000,TUSDT
2023-06-28 06:00:00,0.02272000,0.02274000,0.02258000,0.02261000,2068463.20000000,TUSDT
2023-06-28 07:00:00,0.02263000,0.02264000,0.02206000,0.02212000,10740555.80000000,TUSDT
2023-06-28 08:00:00,0.02211000,0.02237000,0.02206000,0.02237000,3978638.40000000,TUSDT
2023-06-28 09:00:00,0.02237000,0.02273000,0.02232000,0.02256000,4447743.70000000,TUSDT
2023-06-28 10:00:00,0.02256000,0.02269000,0.02247000,0.02266000,1807165.70000000,TUSDT
2023-06-28 11:00:00,0.02269000,0.02271000,0.02242000,0.02245000,994998.20000000,TUSDT
2023-06-28 12:00:00,0.02245000,0.02259000,0.02228000,0.02230000,3806586.20000000,TUSDT
2023-06-28 13:00:00,0.02231000,0.02245000,0.02222000,0.02240000,3236589.10000000,TUSDT
2023-06-28 14:00:00,0.02240000,0.02274000,0.02231000,0.02261000,4601520.10000000,TUSDT
2023-06-28 15:00:00,0.02265000,0.02269000,0.02252000,0.02255000,1697209.60000000,TUSDT
2023-06-28 16:00:00,0.02255000,0.02255000,0.02215000,0.02217000,15663146.00000000,TUSDT
2023-06-28 17:00:00,0.02217000,0.02218000,0.02182000,0.02188000,11528351.90000000,TUSDT
2023-06-28 18:00:00,0.02189000,0.02195000,0.02186000,0.02187000,1986170.70000000,TUSDT
2023-06-28 19:00:00,0.02188000,0.02194000,0.02106000,0.02144000,11235433.60000000,TUSDT
2023-06-28 20:00:00,0.02144000,0.02174000,0.02132000,0.02169000,11453529.60000000,TUSDT
2023-06-28 21:00:00,0.02170000,0.02175000,0.02161000,0.02172000,1386921.70000000,TUSDT
2023-06-28 22:00:00,0.02172000,0.02184000,0.02169000,0.02175000,1298444.10000000,TUSDT
2023-06-28 23:00:00,0.02177000,0.02192000,0.02172000,0.02190000,2147708.70000000,TUSDT
2023-06-29 00:00:00,0.02192000,0.02192000,0.02120000,0.02135000,8234919.50000000,TUSDT
2023-06-29 01:00:00,0.02136000,0.02150000,0.02130000,0.02134000,4403122.40000000,TUSDT
2023-06-29 02:00:00,0.02135000,0.02149000,0.02135000,0.02135000,1077881.90000000,TUSDT
2023-06-29 03:00:00,0.02138000,0.02147000,0.02133000,0.02147000,2123827.70000000,TUSDT
2023-06-29 04:00:00,0.02147000,0.02178000,0.02146000,0.02173000,2945555.50000000,TUSDT
2023-06-29 05:00:00,0.02173000,0.02193000,0.02169000,0.02188000,2138605.00000000,TUSDT
2023-06-29 06:00:00,0.02187000,0.02187000,0.02171000,0.02172000,888749.50000000,TUSDT
2023-06-29 07:00:00,0.02174000,0.02191000,0.02172000,0.02179000,2258141.00000000,TUSDT
2023-06-29 08:00:00,0.02179000,0.02181000,0.02161000,0.02164000,2874236.30000000,TUSDT
2023-06-29 09:00:00,0.02165000,0.02200000,0.02160000,0.02196000,4227275.20000000,TUSDT
2023-06-29 10:00:00,0.02195000,0.02221000,0.02182000,0.02210000,11123165.60000000,TUSDT
2023-06-29 11:00:00,0.02210000,0.02249000,0.02202000,0.02249000,8753229.40000000,TUSDT
2023-06-29 12:00:00,0.02249000,0.02254000,0.02229000,0.02232000,4114113.70000000,TUSDT
2023-06-29 13:00:00,0.02237000,0.02252000,0.02209000,0.02217000,5550144.80000000,TUSDT
2023-06-29 14:00:00,0.02218000,0.02223000,0.02177000,0.02186000,6678530.00000000,TUSDT
2023-06-29 15:00:00,0.02185000,0.02192000,0.02178000,0.02180000,2699668.40000000,TUSDT
2023-06-29 16:00:00,0.02181000,0.02196000,0.02181000,0.02184000,3008834.10000000,TUSDT
2023-06-29 17:00:00,0.02184000,0.02196000,0.02175000,0.02186000,3419811.60000000,TUSDT
2023-06-29 18:00:00,0.02189000,0.02204000,0.02185000,0.02197000,3512126.50000000,TUSDT
2023-06-29 19:00:00,0.02198000,0.02208000,0.02187000,0.02206000,1285924.30000000,TUSDT
2023-06-29 20:00:00,0.02208000,0.02215000,0.02184000,0.02191000,2227591.10000000,TUSDT
2023-06-29 21:00:00,0.02190000,0.02201000,0.02187000,0.02189000,688282.90000000,TUSDT
2023-06-29 22:00:00,0.02190000,0.02201000,0.02187000,0.02192000,1811210.20000000,TUSDT
2023-06-29 23:00:00,0.02194000,0.02201000,0.02185000,0.02194000,2069788.10000000,TUSDT
2023-06-30 00:00:00,0.02196000,0.02198000,0.02156000,0.02158000,4211911.00000000,TUSDT
2023-06-30 01:00:00,0.02157000,0.02169000,0.02137000,0.02169000,7079308.00000000,TUSDT
2023-06-30 02:00:00,0.02168000,0.02196000,0.02166000,0.02196000,3865163.20000000,TUSDT
2023-06-30 03:00:00,0.02195000,0.02251000,0.02195000,0.02244000,7055922.20000000,TUSDT
2023-06-30 04:00:00,0.02244000,0.02276000,0.02225000,0.02243000,6571549.60000000,TUSDT
2023-06-30 05:00:00,0.02243000,0.02260000,0.02214000,0.02221000,5492585.60000000,TUSDT
2023-06-30 06:00:00,0.02221000,0.02231000,0.02201000,0.02204000,2177011.80000000,TUSDT
2023-06-30 07:00:00,0.02204000,0.02228000,0.02201000,0.02225000,4309108.70000000,TUSDT
2023-06-30 08:00:00,0.02226000,0.02253000,0.02222000,0.02242000,3380489.20000000,TUSDT
2023-06-30 09:00:00,0.02242000,0.02243000,0.02217000,0.02231000,4103979.20000000,TUSDT
2023-06-30 10:00:00,0.02231000,0.02262000,0.02231000,0.02261000,4795906.60000000,TUSDT
2023-06-30 11:00:00,0.02260000,0.02266000,0.02245000,0.02260000,3958187.00000000,TUSDT
2023-06-30 12:00:00,0.02259000,0.02288000,0.02259000,0.02278000,5965722.60000000,TUSDT
2023-06-30 13:00:00,0.02278000,0.02280000,0.02043000,0.02141000,28865228.60000000,TUSDT
2023-06-30 14:00:00,0.02142000,0.02175000,0.02125000,0.02154000,13893107.60000000,TUSDT
2023-06-30 15:00:00,0.02150000,0.02174000,0.02128000,0.02137000,6343810.60000000,TUSDT
2023-06-30 16:00:00,0.02138000,0.02198000,0.02122000,0.02187000,7657517.80000000,TUSDT
2023-06-30 17:00:00,0.02192000,0.02254000,0.02189000,0.02238000,7631676.80000000,TUSDT
2023-06-30 18:00:00,0.02240000,0.02256000,0.02207000,0.02231000,4304027.20000000,TUSDT
2023-06-30 19:00:00,0.02230000,0.02251000,0.02221000,0.02241000,2561298.10000000,TUSDT
2023-06-30 20:00:00,0.02242000,0.02245000,0.02225000,0.02230000,1259781.50000000,TUSDT
2023-06-30 21:00:00,0.02230000,0.02250000,0.02225000,0.02249000,1194874.90000000,TUSDT
2023-06-30 22:00:00,0.02251000,0.02268000,0.02251000,0.02255000,1213079.50000000,TUSDT
2023-06-30 23:00:00,0.02255000,0.02257000,0.02241000,0.02251000,2976344.00000000,TUSDT
2023-07-01 00:00:00,0.02251000,0.02437000,0.02244000,0.02394000,65323017.10000000,TUSDT
2023-07-01 01:00:00,0.02392000,0.02428000,0.02319000,0.02352000,32139687.50000000,TUSDT
2023-07-01 02:00:00,0.02351000,0.02358000,0.02316000,0.02323000,8151878.70000000,TUSDT
2023-07-01 03:00:00,0.02322000,0.02326000,0.02298000,0.02312000,3374398.20000000,TUSDT
2023-07-01 04:00:00,0.02312000,0.02315000,0.02272000,0.02299000,6547258.70000000,TUSDT
2023-07-01 05:00:00,0.02300000,0.02307000,0.02288000,0.02303000,3996078.60000000,TUSDT
2023-07-01 06:00:00,0.02301000,0.02313000,0.02287000,0.02310000,2254647.80000000,TUSDT
2023-07-01 07:00:00,0.02312000,0.02322000,0.02300000,0.02319000,5225727.10000000,TUSDT
2023-07-01 08:00:00,0.02319000,0.02362000,0.02319000,0.02331000,8225541.10000000,TUSDT
2023-07-01 09:00:00,0.02329000,0.02330000,0.02319000,0.02322000,4016613.70000000,TUSDT
2023-07-01 10:00:00,0.02321000,0.02322000,0.02293000,0.02306000,6862176.10000000,TUSDT
2023-07-01 11:00:00,0.02308000,0.02352000,0.02302000,0.02350000,10290813.70000000,TUSDT
2023-07-01 12:00:00,0.02350000,0.02350000,0.02329000,0.02332000,3674417.70000000,TUSDT
2023-07-01 13:00:00,0.02333000,0.02360000,0.02330000,0.02352000,9243484.20000000,TUSDT
2023-07-01 14:00:00,0.02353000,0.02370000,0.02334000,0.02337000,7149398.80000000,TUSDT
2023-07-01 15:00:00,0.02337000,0.02346000,0.02327000,0.02346000,5018878.40000000,TUSDT
2023-07-01 16:00:00,0.02346000,0.02386000,0.02340000,0.02359000,13343229.30000000,TUSDT
2023-07-01 17:00:00,0.02359000,0.02361000,0.02340000,0.02347000,5207499.10000000,TUSDT
2023-07-01 18:00:00,0.02347000,0.02373000,0.02344000,0.02366000,4097276.40000000,TUSDT
2023-07-01 19:00:00,0.02365000,0.02366000,0.02345000,0.02349000,3265900.70000000,TUSDT
2023-07-01 20:00:00,0.02349000,0.02363000,0.02340000,0.02354000,3013558.00000000,TUSDT
2023-07-01 21:00:00,0.02354000,0.02368000,0.02343000,0.02349000,4039996.80000000,TUSDT
2023-07-01 22:00:00,0.02349000,0.02356000,0.02341000,0.02347000,3079098.20000000,TUSDT
2023-07-01 23:00:00,0.02346000,0.02359000,0.02338000,0.02354000,4402606.60000000,TUSDT
2023-07-02 00:00:00,0.02354000,0.02358000,0.02292000,0.02305000,7414382.80000000,TUSDT
2023-07-02 01:00:00,0.02306000,0.02313000,0.02294000,0.02309000,2434864.00000000,TUSDT
2023-07-02 02:00:00,0.02308000,0.02316000,0.02284000,0.02289000,6570501.30000000,TUSDT
2023-07-02 03:00:00,0.02289000,0.02294000,0.02268000,0.02276000,2980889.90000000,TUSDT
2023-07-02 04:00:00,0.02275000,0.02283000,0.02265000,0.02270000,1969155.20000000,TUSDT
2023-07-02 05:00:00,0.02271000,0.02275000,0.02260000,0.02265000,597740.70000000,TUSDT
2023-07-02 06:00:00,0.02263000,0.02276000,0.02262000,0.02267000,1195505.70000000,TUSDT
2023-07-02 07:00:00,0.02267000,0.02281000,0.02265000,0.02271000,994908.90000000,TUSDT
2023-07-02 08:00:00,0.02271000,0.02279000,0.02267000,0.02273000,1548498.00000000,TUSDT
2023-07-02 09:00:00,0.02273000,0.02288000,0.02273000,0.02281000,2301657.90000000,TUSDT
2023-07-02 10:00:00,0.02280000,0.02286000,0.02263000,0.02266000,3817070.80000000,TUSDT
2023-07-02 11:00:00,0.02266000,0.02274000,0.02264000,0.02272000,1793933.40000000,TUSDT
2023-07-02 12:00:00,0.02272000,0.02287000,0.02267000,0.02286000,1871738.50000000,TUSDT
2023-07-02 13:00:00,0.02284000,0.02285000,0.02270000,0.02275000,1706442.10000000,TUSDT
2023-07-02 14:00:00,0.02275000,0.02281000,0.02267000,0.02277000,1539249.10000000,TUSDT
2023-07-02 15:00:00,0.02278000,0.02278000,0.02243000,0.02261000,3429484.20000000,TUSDT
2023-07-02 16:00:00,0.02261000,0.02271000,0.02259000,0.02268000,864959.80000000,TUSDT
2023-07-02 17:00:00,0.02268000,0.02276000,0.02256000,0.02257000,1414133.90000000,TUSDT
2023-07-02 18:00:00,0.02258000,0.02272000,0.02248000,0.02272000,2145755.70000000,TUSDT
2023-07-02 19:00:00,0.02271000,0.02277000,0.02268000,0.02271000,897594.60000000,TUSDT
2023-07-02 20:00:00,0.02271000,0.02279000,0.02271000,0.02273000,1107166.10000000,TUSDT
2023-07-02 21:00:00,0.02273000,0.02280000,0.02273000,0.02276000,1415028.20000000,TUSDT
2023-07-02 22:00:00,0.02276000,0.02301000,0.02275000,0.02292000,6495464.60000000,TUSDT
2023-07-02 23:00:00,0.02292000,0.02295000,0.02283000,0.02291000,2186679.80000000,TUSDT
2023-07-03 00:00:00,0.02291000,0.02293000,0.02263000,0.02268000,4336112.80000000,TUSDT
2023-07-03 01:00:00,0.02267000,0.02292000,0.02265000,0.02287000,2355117.10000000,TUSDT
2023-07-03 02:00:00,0.02288000,0.02311000,0.02288000,0.02302000,3263313.70000000,TUSDT
2023-07-03 03:00:00,0.02302000,0.02308000,0.02281000,0.02288000,4499679.40000000,TUSDT
2023-07-03 04:00:00,0.02288000,0.02296000,0.02284000,0.02288000,2847750.40000000,TUSDT
2023-07-03 05:00:00,0.02287000,0.02296000,0.02286000,0.02289000,1370016.70000000,TUSDT
2023-07-03 06:00:00,0.02287000,0.02293000,0.02271000,0.02275000,2437572.60000000,TUSDT
2023-07-03 07:00:00,0.02276000,0.02298000,0.02274000,0.02288000,1969259.20000000,TUSDT
2023-07-03 08:00:00,0.02287000,0.02299000,0.02285000,0.02294000,3044162.80000000,TUSDT
2023-07-03 09:00:00,0.02295000,0.02300000,0.02289000,0.02291000,1886369.60000000,TUSDT
2023-07-03 10:00:00,0.02291000,0.02319000,0.02285000,0.02310000,4987975.20000000,TUSDT
2023-07-03 11:00:00,0.02310000,0.02313000,0.02299000,0.02299000,1549295.00000000,TUSDT
2023-07-03 12:00:00,0.02299000,0.02303000,0.02280000,0.02295000,3242216.00000000,TUSDT
2023-07-03 13:00:00,0.02294000,0.02300000,0.02282000,0.02291000,2933329.20000000,TUSDT
2023-07-03 14:00:00,0.02292000,0.02327000,0.02289000,0.02326000,3916179.60000000,TUSDT
2023-07-03 15:00:00,0.02326000,0.02334000,0.02307000,0.02309000,5165802.70000000,TUSDT
2023-07-03 16:00:00,0.02309000,0.02314000,0.02290000,0.02301000,3625715.80000000,TUSDT
2023-07-03 17:00:00,0.02301000,0.02328000,0.02299000,0.02314000,3186548.90000000,TUSDT
2023-07-03 18:00:00,0.02314000,0.02317000,0.02300000,0.02313000,2442646.50000000,TUSDT
2023-07-03 19:00:00,0.02314000,0.02328000,0.02310000,0.02321000,3963807.50000000,TUSDT
2023-07-03 20:00:00,0.02320000,0.02336000,0.02312000,0.02332000,4102385.30000000,TUSDT
2023-07-03 21:00:00,0.02332000,0.02335000,0.02313000,0.02314000,3145295.90000000,TUSDT
2023-07-03 22:00:00,0.02314000,0.02328000,0.02314000,0.02328000,1037258.00000000,TUSDT
2023-07-03 23:00:00,0.02328000,0.02346000,0.02322000,0.02346000,1986233.20000000,TUSDT
2023-07-04 00:00:00,0.02345000,0.02347000,0.02303000,0.02303000,2222854.80000000,TUSDT
2023-07-04 01:00:00,0.02303000,0.02324000,0.02297000,0.02303000,4336946.50000000,TUSDT
2023-07-04 02:00:00,0.02303000,0.02311000,0.02303000,0.02306000,817822.30000000,TUSDT
2023-07-04 03:00:00,0.02306000,0.02327000,0.02301000,0.02320000,1595970.70000000,TUSDT
2023-07-04 04:00:00,0.02320000,0.02321000,0.02293000,0.02306000,2518860.60000000,TUSDT
2023-07-04 05:00:00,0.02302000,0.02313000,0.02295000,0.02306000,2177843.90000000,TUSDT
2023-07-04 06:00:00,0.02306000,0.02329000,0.02299000,0.02326000,7186955.00000000,TUSDT
2023-07-04 07:00:00,0.02327000,0.02328000,0.02311000,0.02315000,2635093.30000000,TUSDT
2023-07-04 08:00:00,0.02315000,0.02326000,0.02310000,0.02312000,2107349.80000000,TUSDT
2023-07-04 09:00:00,0.02311000,0.02325000,0.02303000,0.02312000,1902541.40000000,TUSDT
2023-07-04 10:00:00,0.02312000,0.02323000,0.02310000,0.02320000,1191253.20000000,TUSDT
2023-07-04 11:00:00,0.02320000,0.02329000,0.02311000,0.02313000,4923333.40000000,TUSDT
2023-07-04 12:00:00,0.02314000,0.02319000,0.02306000,0.02313000,1358429.40000000,TUSDT
2023-07-04 13:00:00,0.02311000,0.02316000,0.02300000,0.02306000,1220346.30000000,TUSDT
2023-07-04 14:00:00,0.02306000,0.02314000,0.02300000,0.02303000,2992788.00000000,TUSDT
2023-07-04 15:00:00,0.02303000,0.02307000,0.02275000,0.02298000,4537986.30000000,TUSDT
2023-07-04 16:00:00,0.02298000,0.02317000,0.02297000,0.02306000,2655961.50000000,TUSDT
2023-07-04 17:00:00,0.02306000,0.02318000,0.02289000,0.02292000,1834971.80000000,TUSDT
2023-07-04 18:00:00,0.02290000,0.02300000,0.02285000,0.02295000,2483712.90000000,TUSDT
2023-07-04 19:00:00,0.02295000,0.02297000,0.02272000,0.02282000,4317745.40000000,TUSDT
2023-07-04 20:00:00,0.02281000,0.02320000,0.02281000,0.02313000,3262798.70000000,TUSDT
2023-07-04 21:00:00,0.02314000,0.02314000,0.02307000,0.02310000,841936.20000000,TUSDT
2023-07-04 22:00:00,0.02311000,0.02327000,0.02310000,0.02323000,1277022.70000000,TUSDT
2023-07-04 23:00:00,0.02323000,0.02331000,0.02312000,0.02319000,3750096.80000000,TUSDT
2023-07-05 00:00:00,0.02319000,0.02389000,0.02319000,0.02336000,23628535.70000000,TUSDT
2023-07-05 01:00:00,0.02332000,0.02377000,0.02325000,0.02373000,8536909.60000000,TUSDT
2023-07-05 02:00:00,0.02373000,0.02437000,0.02370000,0.02414000,29816572.20000000,TUSDT
2023-07-05 03:00:00,0.02415000,0.02597000,0.02396000,0.02460000,117520635.60000000,TUSDT
2023-07-05 04:00:00,0.02461000,0.02490000,0.02393000,0.02393000,30537901.40000000,TUSDT
2023-07-05 05:00:00,0.02395000,0.02439000,0.02390000,0.02393000,12826403.70000000,TUSDT
2023-07-05 06:00:00,0.02394000,0.02420000,0.02372000,0.02414000,9582851.30000000,TUSDT
2023-07-05 07:00:00,0.02413000,0.02418000,0.02399000,0.02415000,5485830.80000000,TUSDT
2023-07-05 08:00:00,0.02412000,0.02412000,0.02361000,0.02368000,11625489.00000000,TUSDT
2023-07-05 09:00:00,0.02368000,0.02390000,0.02363000,0.02366000,5156562.30000000,TUSDT
2023-07-05 10:00:00,0.02368000,0.02381000,0.02280000,0.02293000,14732546.70000000,TUSDT
2023-07-05 11:00:00,0.02295000,0.02357000,0.02283000,0.02317000,10130105.00000000,TUSDT
2023-07-05 12:00:00,0.02314000,0.02358000,0.02305000,0.02322000,8344919.60000000,TUSDT
2023-07-05 13:00:00,0.02328000,0.02357000,0.02310000,0.02344000,7788137.90000000,TUSDT
2023-07-05 14:00:00,0.02343000,0.02376000,0.02337000,0.02358000,9567457.50000000,TUSDT
2023-07-05 15:00:00,0.02356000,0.02359000,0.02318000,0.02338000,7430771.40000000,TUSDT
2023-07-05 16:00:00,0.02337000,0.02444000,0.02333000,0.02425000,31725311.00000000,TUSDT
2023-07-05 17:00:00,0.02424000,0.02449000,0.02379000,0.02395000,19939760.90000000,TUSDT
2023-07-05 18:00:00,0.02394000,0.02418000,0.02386000,0.02394000,5356470.90000000,TUSDT
2023-07-05 19:00:00,0.02392000,0.02412000,0.02378000,0.02383000,5541679.50000000,TUSDT
2023-07-05 20:00:00,0.02381000,0.02395000,0.02377000,0.02390000,2927104.20000000,TUSDT
2023-07-05 21:00:00,0.02389000,0.02394000,0.02354000,0.02360000,2427087.80000000,TUSDT
2023-07-05 22:00:00,0.02359000,0.02376000,0.02352000,0.02369000,2817580.50000000,TUSDT
2023-07-05 23:00:00,0.02367000,0.02374000,0.02349000,0.02369000,3505418.10000000,TUSDT
2023-07-06 00:00:00,0.02369000,0.02370000,0.02318000,0.02322000,4639366.10000000,TUSDT
2023-07-06 01:00:00,0.02324000,0.02332000,0.02297000,0.02331000,4749750.80000000,TUSDT
2023-07-06 02:00:00,0.02333000,0.02340000,0.02308000,0.02314000,5012355.50000000,TUSDT
2023-07-06 03:00:00,0.02314000,0.02321000,0.02306000,0.02314000,1749452.50000000,TUSDT
2023-07-06 04:00:00,0.02314000,0.02322000,0.02307000,0.02312000,1726584.80000000,TUSDT
2023-07-06 05:00:00,0.02313000,0.02334000,0.02294000,0.02332000,5244061.70000000,TUSDT
2023-07-06 06:00:00,0.02333000,0.02346000,0.02327000,0.02337000,3327780.20000000,TUSDT
2023-07-06 07:00:00,0.02338000,0.02370000,0.02335000,0.02359000,3462941.90000000,TUSDT
2023-07-06 08:00:00,0.02359000,0.02387000,0.02348000,0.02386000,2119033.40000000,TUSDT
2023-07-06 09:00:00,0.02386000,0.02419000,0.02382000,0.02382000,6820952.30000000,TUSDT
2023-07-06 10:00:00,0.02382000,0.02391000,0.02368000,0.02388000,4661377.30000000,TUSDT
2023-07-06 11:00:00,0.02389000,0.02404000,0.02358000,0.02366000,7692025.50000000,TUSDT
2023-07-06 12:00:00,0.02369000,0.02378000,0.02322000,0.02339000,9110561.30000000,TUSDT
2023-07-06 13:00:00,0.02337000,0.02353000,0.02311000,0.02318000,3272047.00000000,TUSDT
2023-07-06 14:00:00,0.02314000,0.02326000,0.02264000,0.02293000,7358534.30000000,TUSDT
2023-07-06 15:00:00,0.02293000,0.02334000,0.02283000,0.02330000,8325961.00000000,TUSDT
2023-07-06 16:00:00,0.02328000,0.02333000,0.02308000,0.02330000,2899964.30000000,TUSDT
2023-07-06 17:00:00,0.02330000,0.02365000,0.02323000,0.02364000,2575621.70000000,TUSDT
2023-07-06 18:00:00,0.02362000,0.02365000,0.02327000,0.02346000,3711548.80000000,TUSDT
2023-07-06 19:00:00,0.02344000,0.02345000,0.02321000,0.02326000,1754301.20000000,TUSDT
2023-07-06 20:00:00,0.02328000,0.02333000,0.02310000,0.02320000,2692062.00000000,TUSDT
2023-07-06 21:00:00,0.02320000,0.02322000,0.02302000,0.02315000,3095195.60000000,TUSDT
2023-07-06 22:00:00,0.02315000,0.02338000,0.02312000,0.02323000,4000497.40000000,TUSDT
2023-07-06 23:00:00,0.02321000,0.02321000,0.02277000,0.02284000,5612666.00000000,TUSDT
2023-07-07 00:00:00,0.02283000,0.02335000,0.02264000,0.02320000,14459403.40000000,TUSDT
2023-07-07 01:00:00,0.02318000,0.02329000,0.02302000,0.02312000,1964396.60000000,TUSDT
2023-07-07 02:00:00,0.02313000,0.02314000,0.02296000,0.02309000,1483914.10000000,TUSDT
2023-07-07 03:00:00,0.02310000,0.02319000,0.02299000,0.02318000,1303987.40000000,TUSDT
2023-07-07 04:00:00,0.02318000,0.02324000,0.02299000,0.02309000,3488466.30000000,TUSDT
2023-07-07 05:00:00,0.02308000,0.02325000,0.02294000,0.02310000,2365804.00000000,TUSDT
2023-07-07 06:00:00,0.02309000,0.02310000,0.02294000,0.02295000,1864967.70000000,TUSDT
2023-07-07 07:00:00,0.02294000,0.02297000,0.02282000,0.02286000,2686865.40000000,TUSDT
2023-07-07 08:00:00,0.02286000,0.02292000,0.02281000,0.02283000,1615618.40000000,TUSDT
2023-07-07 09:00:00,0.02284000,0.02296000,0.02281000,0.02287000,1731154.40000000,TUSDT
2023-07-07 10:00:00,0.02287000,0.02289000,0.02272000,0.02284000,1644200.50000000,TUSDT
2023-07-07 11:00:00,0.02287000,0.02287000,0.02276000,0.02278000,1973419.20000000,TUSDT
2023-07-07 12:00:00,0.02279000,0.02300000,0.02271000,0.02292000,4869996.50000000,TUSDT
2023-07-07 13:00:00,0.02292000,0.02307000,0.02286000,0.02304000,1872539.20000000,TUSDT
2023-07-07 14:00:00,0.02306000,0.02309000,0.02287000,0.02302000,2582571.50000000,TUSDT
2023-07-07 15:00:00,0.02302000,0.02305000,0.02290000,0.02300000,1728762.80000000,TUSDT
2023-07-07 16:00:00,0.02301000,0.02305000,0.02293000,0.02299000,1643387.40000000,TUSDT
2023-07-07 17:00:00,0.02299000,0.02301000,0.02288000,0.02289000,1168469.30000000,TUSDT
2023-07-07 18:00:00,0.02290000,0.02291000,0.02273000,0.02281000,1531153.20000000,TUSDT
2023-07-07 19:00:00,0.02281000,0.02288000,0.02278000,0.02282000,476327.70000000,TUSDT
2023-07-07 20:00:00,0.02283000,0.02286000,0.02279000,0.02281000,619728.60000000,TUSDT
2023-07-07 21:00:00,0.02283000,0.02296000,0.02281000,0.02281000,1551408.30000000,TUSDT
2023-07-07 22:00:00,0.02281000,0.02294000,0.02280000,0.02291000,1011411.60000000,TUSDT
2023-07-07 23:00:00,0.02291000,0.02304000,0.02288000,0.02298000,1715991.60000000,TUSDT
2023-07-08 00:00:00,0.02299000,0.02319000,0.02285000,0.02299000,5899123.90000000,TUSDT
2023-07-08 01:00:00,0.02299000,0.02309000,0.02294000,0.02305000,2116049.30000000,TUSDT
2023-07-08 02:00:00,0.02303000,0.02309000,0.02295000,0.02296000,931647.00000000,TUSDT
2023-07-08 03:00:00,0.02298000,0.02299000,0.02284000,0.02284000,1663071.10000000,TUSDT
2023-07-08 04:00:00,0.02284000,0.02289000,0.02281000,0.02284000,816481.10000000,TUSDT
2023-07-08 05:00:00,0.02284000,0.02286000,0.02271000,0.02275000,1115557.30000000,TUSDT
2023-07-08 06:00:00,0.02276000,0.02280000,0.02270000,0.02274000,2932564.70000000,TUSDT
2023-07-08 07:00:00,0.02274000,0.02288000,0.02274000,0.02284000,1205427.50000000,TUSDT
2023-07-08 08:00:00,0.02284000,0.02301000,0.02281000,0.02292000,1960991.20000000,TUSDT
2023-07-08 09:00:00,0.02294000,0.02295000,0.02282000,0.02285000,907017.40000000,TUSDT
2023-07-08 10:00:00,0.02288000,0.02290000,0.02281000,0.02281000,563401.80000000,TUSDT
2023-07-08 11:00:00,0.02283000,0.02285000,0.02270000,0.02279000,2748198.20000000,TUSDT
2023-07-08 12:00:00,0.02279000,0.02285000,0.02274000,0.02276000,1084652.70000000,TUSDT
2023-07-08 13:00:00,0.02277000,0.02283000,0.02274000,0.02280000,1169752.40000000,TUSDT
2023-07-08 14:00:00,0.02280000,0.02282000,0.02272000,0.02274000,2072003.30000000,TUSDT
2023-07-08 15:00:00,0.02275000,0.02284000,0.02271000,0.02274000,1377772.00000000,TUSDT
2023-07-08 16:00:00,0.02274000,0.02278000,0.02270000,0.02271000,866838.60000000,TUSDT
2023-07-08 17:00:00,0.02272000,0.02275000,0.02270000,0.02273000,1553878.40000000,TUSDT
2023-07-08 18:00:00,0.02273000,0.02280000,0.02270000,0.02279000,941231.60000000,TUSDT
2023-07-08 19:00:00,0.02280000,0.02289000,0.02254000,0.02257000,3424814.30000000,TUSDT
2023-07-08 20:00:00,0.02258000,0.02265000,0.02251000,0.02263000,2363617.80000000,TUSDT
2023-07-08 21:00:00,0.02262000,0.02272000,0.02257000,0.02268000,778669.30000000,TUSDT
2023-07-08 22:00:00,0.02268000,0.02279000,0.02268000,0.02278000,670202.50000000,TUSDT
2023-07-08 23:00:00,0.02281000,0.02287000,0.02279000,0.02280000,763022.50000000,TUSDT
2023-07-09 00:00:00,0.02279000,0.02283000,0.02271000,0.02280000,1567670.70000000,TUSDT
2023-07-09 01:00:00,0.02281000,0.02294000,0.02278000,0.02281000,1165286.90000000,TUSDT
2023-07-09 02:00:00,0.02282000,0.02288000,0.02278000,0.02286000,896992.30000000,TUSDT
2023-07-09 03:00:00,0.02286000,0.02295000,0.02281000,0.02284000,4904720.50000000,TUSDT
2023-07-09 04:00:00,0.02284000,0.02285000,0.02274000,0.02277000,1826458.40000000,TUSDT
2023-07-09 05:00:00,0.02277000,0.02281000,0.02272000,0.02273000,457086.60000000,TUSDT
2023-07-09 06:00:00,0.02273000,0.02275000,0.02269000,0.02269000,586068.40000000,TUSDT
2023-07-09 07:00:00,0.02269000,0.02278000,0.02264000,0.02271000,2129031.00000000,TUSDT
2023-07-09 08:00:00,0.02270000,0.02288000,0.02268000,0.02285000,2209828.10000000,TUSDT
2023-07-09 09:00:00,0.02285000,0.02287000,0.02275000,0.02277000,576881.50000000,TUSDT
2023-07-09 10:00:00,0.02281000,0.02291000,0.02279000,0.02285000,1505193.50000000,TUSDT
2023-07-09 11:00:00,0.02283000,0.02290000,0.02281000,0.02284000,647263.10000000,TUSDT
2023-07-09 12:00:00,0.02285000,0.02291000,0.02282000,0.02287000,836957.50000000,TUSDT
2023-07-09 13:00:00,0.02288000,0.02294000,0.02280000,0.02280000,1144007.40000000,TUSDT
2023-07-09 14:00:00,0.02280000,0.02281000,0.02266000,0.02275000,2195329.30000000,TUSDT
2023-07-09 15:00:00,0.02275000,0.02279000,0.02272000,0.02276000,700220.20000000,TUSDT
2023-07-09 16:00:00,0.02277000,0.02279000,0.02274000,0.02275000,517475.10000000,TUSDT
2023-07-09 17:00:00,0.02275000,0.02279000,0.02274000,0.02279000,930138.30000000,TUSDT
2023-07-09 18:00:00,0.02279000,0.02283000,0.02276000,0.02280000,287702.00000000,TUSDT
2023-07-09 19:00:00,0.02279000,0.02279000,0.02272000,0.02277000,328258.70000000,TUSDT
2023-07-09 20:00:00,0.02276000,0.02281000,0.02268000,0.02276000,1946933.30000000,TUSDT
2023-07-09 21:00:00,0.02275000,0.02277000,0.02262000,0.02264000,626639.90000000,TUSDT
2023-07-09 22:00:00,0.02264000,0.02268000,0.02259000,0.02267000,1711978.70000000,TUSDT
2023-07-09 23:00:00,0.02265000,0.02268000,0.02243000,0.02251000,2359066.20000000,TUSDT
2023-07-10 00:00:00,0.02251000,0.02253000,0.02176000,0.02195000,10061272.30000000,TUSDT
2023-07-10 01:00:00,0.02194000,0.02195000,0.02161000,0.02163000,6173513.80000000,TUSDT
2023-07-10 02:00:00,0.02164000,0.02187000,0.02162000,0.02186000,1922604.70000000,TUSDT
2023-07-10 03:00:00,0.02189000,0.02189000,0.02177000,0.02186000,1412113.00000000,TUSDT
2023-07-10 04:00:00,0.02187000,0.02190000,0.02179000,0.02185000,896982.30000000,TUSDT
2023-07-10 05:00:00,0.02183000,0.02183000,0.02157000,0.02158000,2613371.90000000,TUSDT
2023-07-10 06:00:00,0.02158000,0.02163000,0.02147000,0.02162000,4522848.20000000,TUSDT
2023-07-10 07:00:00,0.02163000,0.02185000,0.02163000,0.02179000,2839693.80000000,TUSDT
2023-07-10 08:00:00,0.02180000,0.02186000,0.02170000,0.02183000,1191517.30000000,TUSDT
2023-07-10 09:00:00,0.02184000,0.02192000,0.02175000,0.02188000,1376083.40000000,TUSDT
2023-07-10 10:00:00,0.02188000,0.02207000,0.02188000,0.02197000,2009267.60000000,TUSDT
2023-07-10 11:00:00,0.02197000,0.02203000,0.02193000,0.02202000,537304.00000000,TUSDT
2023-07-10 12:00:00,0.02203000,0.02211000,0.02187000,0.02190000,1043658.20000000,TUSDT
2023-07-10 13:00:00,0.02191000,0.02200000,0.02185000,0.02186000,2424632.50000000,TUSDT
2023-07-10 14:00:00,0.02187000,0.02206000,0.02184000,0.02203000,1121724.10000000,TUSDT
2023-07-10 15:00:00,0.02201000,0.02210000,0.02198000,0.02208000,679108.60000000,TUSDT
2023-07-10 16:00:00,0.02210000,0.02215000,0.02200000,0.02212000,1284784.70000000,TUSDT
2023-07-10 17:00:00,0.02213000,0.02215000,0.02207000,0.02207000,537611.90000000,TUSDT
2023-07-10 18:00:00,0.02209000,0.02229000,0.02207000,0.02226000,561636.70000000,TUSDT
2023-07-10 19:00:00,0.02227000,0.02244000,0.02227000,0.02243000,820443.80000000,TUSDT
2023-07-10 20:00:00,0.02244000,0.02258000,0.02242000,0.02246000,2199976.70000000,TUSDT
2023-07-10 21:00:00,0.02247000,0.02254000,0.02221000,0.02231000,1790452.20000000,TUSDT
2023-07-10 22:00:00,0.02231000,0.02235000,0.02212000,0.02225000,3270086.80000000,TUSDT
2023-07-10 23:00:00,0.02226000,0.02229000,0.02220000,0.02226000,697531.10000000,TUSDT
2023-07-11 00:00:00,0.02226000,0.02231000,0.02198000,0.02201000,1892103.60000000,TUSDT
2023-07-11 01:00:00,0.02199000,0.02249000,0.02199000,0.02241000,2734110.80000000,TUSDT
2023-07-11 02:00:00,0.02238000,0.02254000,0.02236000,0.02240000,1099879.50000000,TUSDT
2023-07-11 03:00:00,0.02241000,0.02252000,0.02240000,0.02247000,2041056.30000000,TUSDT
2023-07-11 04:00:00,0.02248000,0.02292000,0.02246000,0.02285000,4346776.00000000,TUSDT
2023-07-11 05:00:00,0.02284000,0.02291000,0.02263000,0.02264000,3051139.80000000,TUSDT
2023-07-11 06:00:00,0.02264000,0.02279000,0.02254000,0.02276000,2963493.00000000,TUSDT
2023-07-11 07:00:00,0.02276000,0.02278000,0.02259000,0.02259000,969431.40000000,TUSDT
2023-07-11 08:00:00,0.02261000,0.02266000,0.02251000,0.02251000,954481.40000000,TUSDT
2023-07-11 09:00:00,0.02254000,0.02255000,0.02233000,0.02244000,1929260.50000000,TUSDT
2023-07-11 10:00:00,0.02242000,0.02249000,0.02232000,0.02245000,1055936.60000000,TUSDT
2023-07-11 11:00:00,0.02245000,0.02248000,0.02241000,0.02248000,1083627.40000000,TUSDT
2023-07-11 12:00:00,0.02247000,0.02256000,0.02244000,0.02248000,1796312.70000000,TUSDT
2023-07-11 13:00:00,0.02248000,0.02255000,0.02241000,0.02253000,1121373.50000000,TUSDT
2023-07-11 14:00:00,0.02255000,0.02266000,0.02249000,0.02261000,1667542.90000000,TUSDT
2023-07-11 15:00:00,0.02260000,0.02269000,0.02252000,0.02257000,1617408.30000000,TUSDT
2023-07-11 16:00:00,0.02256000,0.02267000,0.02247000,0.02265000,870993.40000000,TUSDT
2023-07-11 17:00:00,0.02265000,0.02267000,0.02253000,0.02262000,458130.80000000,TUSDT
2023-07-11 18:00:00,0.02262000,0.02265000,0.02246000,0.02255000,772152.00000000,TUSDT
2023-07-11 19:00:00,0.02253000,0.02375000,0.02244000,0.02274000,43216586.80000000,TUSDT
2023-07-11 20:00:00,0.02275000,0.02296000,0.02267000,0.02278000,5632723.10000000,TUSDT
2023-07-11 21:00:00,0.02278000,0.02291000,0.02269000,0.02288000,2899071.00000000,TUSDT
2023-07-11 22:00:00,0.02286000,0.02308000,0.02281000,0.02299000,2887108.10000000,TUSDT
2023-07-11 23:00:00,0.02299000,0.02314000,0.02295000,0.02301000,3083063.10000000,TUSDT
2023-07-12 00:00:00,0.02301000,0.02407000,0.02287000,0.02379000,56766918.50000000,TUSDT
2023-07-12 01:00:00,0.02379000,0.02400000,0.02359000,0.02380000,8251556.20000000,TUSDT
2023-07-12 02:00:00,0.02378000,0.02397000,0.02370000,0.02386000,4448799.20000000,TUSDT
2023-07-12 03:00:00,0.02385000,0.02466000,0.02370000,0.02441000,27039570.30000000,TUSDT
2023-07-12 04:00:00,0.02441000,0.02501000,0.02416000,0.02472000,53843090.50000000,TUSDT
2023-07-12 05:00:00,0.02471000,0.02480000,0.02419000,0.02427000,16067881.10000000,TUSDT
2023-07-12 06:00:00,0.02426000,0.02460000,0.02379000,0.02385000,16479212.70000000,TUSDT
2023-07-12 07:00:00,0.02388000,0.02393000,0.02334000,0.02341000,11863160.50000000,TUSDT
2023-07-12 08:00:00,0.02344000,0.02378000,0.02338000,0.02373000,10008032.80000000,TUSDT
2023-07-12 09:00:00,0.02373000,0.02399000,0.02358000,0.02381000,5836333.70000000,TUSDT
2023-07-12 10:00:00,0.02380000,0.02384000,0.02366000,0.02369000,3078185.70000000,TUSDT
2023-07-12 11:00:00,0.02368000,0.02385000,0.02359000,0.02378000,8574302.90000000,TUSDT
2023-07-12 12:00:00,0.02377000,0.02399000,0.02347000,0.02361000,11969821.20000000,TUSDT
2023-07-12 13:00:00,0.02358000,0.02373000,0.02341000,0.02365000,7797451.90000000,TUSDT
2023-07-12 14:00:00,0.02365000,0.02389000,0.02365000,0.02376000,5387652.20000000,TUSDT
2023-07-12 15:00:00,0.02376000,0.02424000,0.02371000,0.02373000,11241778.00000000,TUSDT
2023-07-12 16:00:00,0.02374000,0.02388000,0.02362000,0.02366000,7403184.80000000,TUSDT
2023-07-12 17:00:00,0.02368000,0.02371000,0.02324000,0.02341000,9463876.00000000,TUSDT
2023-07-12 18:00:00,0.02340000,0.02353000,0.02339000,0.02349000,1917469.40000000,TUSDT
2023-07-12 19:00:00,0.02349000,0.02355000,0.02313000,0.02322000,4396672.90000000,TUSDT
2023-07-12 20:00:00,0.02322000,0.02333000,0.02322000,0.02326000,2113994.50000000,TUSDT
2023-07-12 21:00:00,0.02325000,0.02341000,0.02320000,0.02339000,1765336.00000000,TUSDT
2023-07-12 22:00:00,0.02339000,0.02346000,0.02330000,0.02346000,1890348.60000000,TUSDT
2023-07-12 23:00:00,0.02346000,0.02379000,0.02344000,0.02376000,5937965.00000000,TUSDT
2023-07-13 00:00:00,0.02376000,0.02377000,0.02324000,0.02330000,6739170.50000000,TUSDT
2023-07-13 01:00:00,0.02331000,0.02339000,0.02308000,0.02325000,2881847.50000000,TUSDT
2023-07-13 02:00:00,0.02326000,0.02326000,0.02312000,0.02313000,2324734.40000000,TUSDT
2023-07-13 03:00:00,0.02313000,0.02321000,0.02309000,0.02310000,1873102.40000000,TUSDT
2023-07-13 04:00:00,0.02309000,0.02309000,0.02286000,0.02290000,6082364.70000000,TUSDT
2023-07-13 05:00:00,0.02285000,0.02307000,0.02285000,0.02301000,2739671.80000000,TUSDT
2023-07-13 06:00:00,0.02302000,0.02307000,0.02300000,0.02305000,1244998.00000000,TUSDT
2023-07-13 07:00:00,0.02307000,0.02310000,0.02299000,0.02300000,2710520.00000000,TUSDT
2023-07-13 08:00:00,0.02302000,0.02312000,0.02296000,0.02307000,1895611.30000000,TUSDT
2023-07-13 09:00:00,0.02307000,0.02324000,0.02304000,0.02322000,923212.20000000,TUSDT
2023-07-13 10:00:00,0.02325000,0.02326000,0.02312000,0.02324000,1774648.70000000,TUSDT
2023-07-13 11:00:00,0.02326000,0.02334000,0.02326000,0.02329000,2082984.00000000,TUSDT
2023-07-13 12:00:00,0.02333000,0.02333000,0.02311000,0.02320000,1947933.40000000,TUSDT
2023-07-13 13:00:00,0.02322000,0.02330000,0.02319000,0.02330000,652936.60000000,TUSDT
2023-07-13 14:00:00,0.02331000,0.02332000,0.02322000,0.02324000,638543.90000000,TUSDT
2023-07-13 15:00:00,0.02324000,0.02391000,0.02320000,0.02367000,11105416.80000000,TUSDT
2023-07-13 16:00:00,0.02367000,0.02393000,0.02358000,0.02370000,12888260.70000000,TUSDT
2023-07-13 17:00:00,0.02369000,0.02461000,0.02347000,0.02386000,20492506.80000000,TUSDT
2023-07-13 18:00:00,0.02389000,0.02413000,0.02371000,0.02384000,13463623.10000000,TUSDT
2023-07-13 19:00:00,0.02385000,0.02412000,0.02380000,0.02409000,7261272.10000000,TUSDT
2023-07-13 20:00:00,0.02409000,0.02426000,0.02404000,0.02411000,8812715.00000000,TUSDT
2023-07-13 21:00:00,0.02415000,0.02417000,0.02385000,0.02411000,7581113.40000000,TUSDT
2023-07-13 22:00:00,0.02413000,0.02422000,0.02408000,0.02411000,6477939.50000000,TUSDT
2023-07-13 23:00:00,0.02412000,0.02454000,0.02411000,0.02437000,5113706.10000000,TUSDT
2023-07-14 00:00:00,0.02438000,0.02445000,0.02417000,0.02440000,5794084.10000000,TUSDT
2023-07-14 01:00:00,0.02442000,0.02456000,0.02412000,0.02449000,14166402.60000000,TUSDT
2023-07-14 02:00:00,0.02449000,0.02457000,0.02432000,0.02444000,8807749.80000000,TUSDT
2023-07-14 03:00:00,0.02442000,0.02450000,0.02422000,0.02426000,5036158.80000000,TUSDT
2023-07-14 04:00:00,0.02427000,0.02432000,0.02413000,0.02419000,2387581.90000000,TUSDT
2023-07-14 05:00:00,0.02418000,0.02442000,0.02418000,0.02441000,2415728.60000000,TUSDT
2023-07-14 06:00:00,0.02441000,0.02447000,0.02425000,0.02431000,3115483.30000000,TUSDT
2023-07-14 07:00:00,0.02430000,0.02438000,0.02398000,0.02403000,4235594.30000000,TUSDT
2023-07-14 08:00:00,0.02401000,0.02426000,0.02400000,0.02419000,3455651.50000000,TUSDT
2023-07-14 09:00:00,0.02420000,0.02422000,0.02391000,0.02413000,2758045.80000000,TUSDT
2023-07-14 10:00:00,0.02409000,0.02425000,0.02409000,0.02420000,1803072.70000000,TUSDT
2023-07-14 11:00:00,0.02419000,0.02425000,0.02415000,0.02421000,1006671.50000000,TUSDT
2023-07-14 12:00:00,0.02421000,0.02426000,0.02407000,0.02416000,3092944.70000000,TUSDT
2023-07-14 13:00:00,0.02417000,0.02455000,0.02412000,0.02445000,4677953.90000000,TUSDT
2023-07-14 14:00:00,0.02445000,0.02459000,0.02440000,0.02446000,3555902.00000000,TUSDT
2023-07-14 15:00:00,0.02445000,0.02471000,0.02440000,0.02463000,4187365.40000000,TUSDT
2023-07-14 16:00:00,0.02464000,0.02509000,0.02436000,0.02480000,9656206.50000000,TUSDT
2023-07-14 17:00:00,0.02475000,0.02475000,0.02402000,0.02405000,7958572.60000000,TUSDT
2023-07-14 18:00:00,0.02406000,0.02427000,0.02316000,0.02326000,12299684.90000000,TUSDT
2023-07-14 19:00:00,0.02326000,0.02351000,0.02306000,0.02343000,9983264.10000000,TUSDT
2023-07-14 20:00:00,0.02343000,0.02348000,0.02304000,0.02327000,13269781.30000000,TUSDT
2023-07-14 21:00:00,0.02326000,0.02351000,0.02325000,0.02345000,3506264.60000000,TUSDT
2023-07-14 22:00:00,0.02345000,0.02354000,0.02342000,0.02345000,2065235.70000000,TUSDT
2023-07-14 23:00:00,0.02344000,0.02380000,0.02344000,0.02380000,1505475.10000000,TUSDT
2023-07-15 00:00:00,0.02378000,0.02487000,0.02366000,0.02459000,33177701.20000000,TUSDT
2023-07-15 01:00:00,0.02459000,0.02523000,0.02454000,0.02474000,18458438.30000000,TUSDT
2023-07-15 02:00:00,0.02471000,0.02481000,0.02450000,0.02452000,4212864.50000000,TUSDT
2023-07-15 03:00:00,0.02454000,0.02454000,0.02410000,0.02421000,5575284.90000000,TUSDT
2023-07-15 04:00:00,0.02421000,0.02456000,0.02410000,0.02439000,4375840.40000000,TUSDT
2023-07-15 05:00:00,0.02438000,0.02502000,0.02437000,0.02455000,5473726.80000000,TUSDT
2023-07-15 06:00:00,0.02454000,0.02482000,0.02453000,0.02461000,3474925.50000000,TUSDT
2023-07-15 07:00:00,0.02463000,0.02476000,0.02461000,0.02468000,4569054.00000000,TUSDT
2023-07-15 08:00:00,0.02468000,0.02468000,0.02449000,0.02460000,2532109.30000000,TUSDT
2023-07-15 09:00:00,0.02461000,0.02590000,0.02460000,0.02572000,51692075.60000000,TUSDT
2023-07-15 10:00:00,0.02569000,0.02584000,0.02517000,0.02522000,17834927.00000000,TUSDT
2023-07-15 11:00:00,0.02522000,0.02542000,0.02493000,0.02517000,14394965.80000000,TUSDT
2023-07-15 12:00:00,0.02516000,0.02558000,0.02505000,0.02511000,8104280.00000000,TUSDT
2023-07-15 13:00:00,0.02512000,0.02594000,0.02490000,0.02548000,16655978.40000000,TUSDT
2023-07-15 14:00:00,0.02548000,0.02771000,0.02547000,0.02638000,221554545.60000000,TUSDT
2023-07-15 15:00:00,0.02637000,0.02637000,0.02476000,0.02494000,68584197.90000000,TUSDT
2023-07-15 16:00:00,0.02493000,0.02512000,0.02461000,0.02486000,17181546.20000000,TUSDT
2023-07-15 17:00:00,0.02486000,0.02507000,0.02479000,0.02503000,9634511.70000000,TUSDT
2023-07-15 18:00:00,0.02503000,0.02508000,0.02471000,0.02481000,13343631.70000000,TUSDT
2023-07-15 19:00:00,0.02482000,0.02501000,0.02481000,0.02494000,6899669.10000000,TUSDT
2023-07-15 20:00:00,0.02494000,0.02499000,0.02474000,0.02475000,4496634.70000000,TUSDT
2023-07-15 21:00:00,0.02476000,0.02481000,0.02460000,0.02470000,5185455.60000000,TUSDT
2023-07-15 22:00:00,0.02469000,0.02474000,0.02442000,0.02460000,6577664.10000000,TUSDT
2023-07-15 23:00:00,0.02459000,0.02481000,0.02451000,0.02480000,2404578.00000000,TUSDT
2023-07-16 00:00:00,0.02480000,0.02480000,0.02427000,0.02432000,6248857.70000000,TUSDT
2023-07-16 01:00:00,0.02432000,0.02449000,0.02397000,0.02406000,10881527.40000000,TUSDT
2023-07-16 02:00:00,0.02405000,0.02418000,0.02364000,0.02404000,7850890.20000000,TUSDT
2023-07-16 03:00:00,0.02407000,0.02411000,0.02398000,0.02398000,2391372.40000000,TUSDT
2023-07-16 04:00:00,0.02404000,0.02406000,0.02384000,0.02393000,1899150.80000000,TUSDT
2023-07-16 05:00:00,0.02395000,0.02415000,0.02394000,0.02407000,2087817.30000000,TUSDT
2023-07-16 06:00:00,0.02407000,0.02412000,0.02396000,0.02408000,2233417.40000000,TUSDT
2023-07-16 07:00:00,0.02408000,0.02433000,0.02408000,0.02428000,3527514.80000000,TUSDT
2023-07-16 08:00:00,0.02428000,0.02451000,0.02428000,0.02432000,5088805.10000000,TUSDT
2023-07-16 09:00:00,0.02433000,0.02434000,0.02425000,0.02432000,1828194.60000000,TUSDT
2023-07-16 10:00:00,0.02432000,0.02439000,0.02394000,0.02404000,7611389.40000000,TUSDT
2023-07-16 11:00:00,0.02403000,0.02433000,0.02401000,0.02424000,4523248.00000000,TUSDT
2023-07-16 12:00:00,0.02423000,0.02429000,0.02415000,0.02419000,1787931.50000000,TUSDT
2023-07-16 13:00:00,0.02420000,0.02433000,0.02416000,0.02423000,2530528.00000000,TUSDT
2023-07-16 14:00:00,0.02423000,0.02440000,0.02423000,0.02435000,3285837.80000000,TUSDT
2023-07-16 15:00:00,0.02437000,0.02438000,0.02424000,0.02430000,1284082.20000000,TUSDT
2023-07-16 16:00:00,0.02430000,0.02440000,0.02424000,0.02431000,2387716.70000000,TUSDT
2023-07-16 17:00:00,0.02431000,0.02438000,0.02425000,0.02429000,1505663.70000000,TUSDT
2023-07-16 18:00:00,0.02430000,0.02432000,0.02400000,0.02402000,1820624.10000000,TUSDT
2023-07-16 19:00:00,0.02403000,0.02407000,0.02386000,0.02390000,2182071.70000000,TUSDT
2023-07-16 20:00:00,0.02390000,0.02400000,0.02387000,0.02393000,1307399.90000000,TUSDT
2023-07-16 21:00:00,0.02395000,0.02400000,0.02392000,0.02395000,1757099.10000000,TUSDT
2023-07-16 22:00:00,0.02397000,0.02410000,0.02393000,0.02410000,1499970.70000000,TUSDT
2023-07-16 23:00:00,0.02406000,0.02409000,0.02384000,0.02400000,1122045.60000000,TUSDT
2023-07-17 00:00:00,0.02401000,0.02406000,0.02366000,0.02382000,3483543.60000000,TUSDT
2023-07-17 01:00:00,0.02378000,0.02391000,0.02370000,0.02390000,1040798.30000000,TUSDT
2023-07-17 02:00:00,0.02391000,0.02395000,0.02379000,0.02386000,1527702.40000000,TUSDT
2023-07-17 03:00:00,0.02385000,0.02411000,0.02384000,0.02409000,1035522.30000000,TUSDT
2023-07-17 04:00:00,0.02407000,0.02412000,0.02401000,0.02412000,1063692.20000000,TUSDT
2023-07-17 05:00:00,0.02412000,0.02423000,0.02408000,0.02410000,2210566.90000000,TUSDT
2023-07-17 06:00:00,0.02410000,0.02417000,0.02398000,0.02406000,1916030.00000000,TUSDT
2023-07-17 07:00:00,0.02409000,0.02414000,0.02399000,0.02402000,1115289.10000000,TUSDT
2023-07-17 08:00:00,0.02402000,0.02421000,0.02393000,0.02412000,2786992.30000000,TUSDT
2023-07-17 09:00:00,0.02413000,0.02419000,0.02377000,0.02381000,3260304.10000000,TUSDT
2023-07-17 10:00:00,0.02379000,0.02399000,0.02340000,0.02378000,7506635.20000000,TUSDT
2023-07-17 11:00:00,0.02377000,0.02393000,0.02371000,0.02372000,1770121.70000000,TUSDT
2023-07-17 12:00:00,0.02374000,0.02380000,0.02349000,0.02380000,2889942.60000000,TUSDT
2023-07-17 13:00:00,0.02378000,0.02402000,0.02377000,0.02401000,1585933.20000000,TUSDT
2023-07-17 14:00:00,0.02401000,0.02406000,0.02394000,0.02401000,1612404.40000000,TUSDT
2023-07-17 15:00:00,0.02401000,0.02411000,0.02376000,0.02383000,5089325.80000000,TUSDT
2023-07-17 16:00:00,0.02383000,0.02398000,0.02362000,0.02375000,1428698.80000000,TUSDT
2023-07-17 17:00:00,0.02373000,0.02383000,0.02345000,0.02358000,1901905.10000000,TUSDT
2023-07-17 18:00:00,0.02357000,0.02364000,0.02338000,0.02352000,2015637.50000000,TUSDT
2023-07-17 19:00:00,0.02353000,0.02363000,0.02346000,0.02354000,773193.90000000,TUSDT
2023-07-17 20:00:00,0.02354000,0.02362000,0.02349000,0.02359000,789631.10000000,TUSDT
2023-07-17 21:00:00,0.02359000,0.02402000,0.02359000,0.02402000,1026311.60000000,TUSDT
2023-07-17 22:00:00,0.02402000,0.02421000,0.02399000,0.02403000,1523911.70000000,TUSDT
2023-07-17 23:00:00,0.02404000,0.02440000,0.02403000,0.02432000,2948484.30000000,TUSDT
2023-07-18 00:00:00,0.02433000,0.02488000,0.02423000,0.02457000,12074742.90000000,TUSDT
2023-07-18 01:00:00,0.02457000,0.02483000,0.02434000,0.02462000,4212994.00000000,TUSDT
2023-07-18 02:00:00,0.02464000,0.02480000,0.02434000,0.02442000,6431897.40000000,TUSDT
2023-07-18 03:00:00,0.02443000,0.02445000,0.02414000,0.02426000,3520212.80000000,TUSDT
2023-07-18 04:00:00,0.02425000,0.02426000,0.02412000,0.02420000,1054899.40000000,TUSDT
2023-07-18 05:00:00,0.02417000,0.02464000,0.02411000,0.02425000,8350505.20000000,TUSDT
2023-07-18 06:00:00,0.02427000,0.02436000,0.02388000,0.02399000,3238251.00000000,TUSDT
2023-07-18 07:00:00,0.02394000,0.02416000,0.02391000,0.02397000,1448031.20000000,TUSDT
2023-07-18 08:00:00,0.02394000,0.02420000,0.02376000,0.02403000,2495906.30000000,TUSDT
2023-07-18 09:00:00,0.02404000,0.02408000,0.02389000,0.02391000,2520420.60000000,TUSDT
2023-07-18 10:00:00,0.02391000,0.02406000,0.02390000,0.02401000,1252624.00000000,TUSDT
2023-07-18 11:00:00,0.02402000,0.02406000,0.02367000,0.02371000,3221127.30000000,TUSDT
2023-07-18 12:00:00,0.02369000,0.02382000,0.02359000,0.02364000,2475721.80000000,TUSDT
2023-07-18 13:00:00,0.02363000,0.02384000,0.02363000,0.02378000,1277817.00000000,TUSDT
2023-07-18 14:00:00,0.02380000,0.02394000,0.02380000,0.02390000,1305970.20000000,TUSDT
2023-07-18 15:00:00,0.02390000,0.02390000,0.02369000,0.02379000,1995990.20000000,TUSDT
2023-07-18 16:00:00,0.02381000,0.02402000,0.02352000,0.02368000,3519337.60000000,TUSDT
2023-07-18 17:00:00,0.02366000,0.02378000,0.02365000,0.02377000,1167115.30000000,TUSDT
2023-07-18 18:00:00,0.02378000,0.02394000,0.02377000,0.02385000,964420.50000000,TUSDT
2023-07-18 19:00:00,0.02386000,0.02391000,0.02372000,0.02372000,1449892.10000000,TUSDT
2023-07-18 20:00:00,0.02375000,0.02384000,0.02373000,0.02380000,508688.80000000,TUSDT
2023-07-18 21:00:00,0.02384000,0.02386000,0.02374000,0.02375000,1186786.60000000,TUSDT
2023-07-18 22:00:00,0.02380000,0.02388000,0.02372000,0.02379000,1001321.10000000,TUSDT
2023-07-18 23:00:00,0.02381000,0.02386000,0.02374000,0.02386000,1300261.30000000,TUSDT
2023-07-19 00:00:00,0.02385000,0.02418000,0.02373000,0.02402000,7240676.70000000,TUSDT
2023-07-19 01:00:00,0.02403000,0.02409000,0.02393000,0.02403000,1095278.90000000,TUSDT
2023-07-19 02:00:00,0.02404000,0.02420000,0.02398000,0.02399000,1802736.50000000,TUSDT
2023-07-19 03:00:00,0.02403000,0.02412000,0.02399000,0.02406000,1854551.70000000,TUSDT
2023-07-19 04:00:00,0.02407000,0.02418000,0.02400000,0.02411000,1577532.20000000,TUSDT
2023-07-19 05:00:00,0.02410000,0.02417000,0.02402000,0.02416000,1218026.80000000,TUSDT
2023-07-19 06:00:00,0.02417000,0.02418000,0.02400000,0.02406000,994972.70000000,TUSDT
2023-07-19 07:00:00,0.02403000,0.02410000,0.02393000,0.02394000,1243320.80000000,TUSDT
2023-07-19 08:00:00,0.02393000,0.02395000,0.02380000,0.02381000,884941.00000000,TUSDT
2023-07-19 09:00:00,0.02380000,0.02391000,0.02377000,0.02384000,1720498.60000000,TUSDT
2023-07-19 10:00:00,0.02384000,0.02392000,0.02383000,0.02383000,746559.30000000,TUSDT
2023-07-19 11:00:00,0.02384000,0.02393000,0.02377000,0.02391000,1249497.70000000,TUSDT
2023-07-19 12:00:00,0.02391000,0.02393000,0.02384000,0.02391000,1097623.80000000,TUSDT
2023-07-19 13:00:00,0.02389000,0.02408000,0.02379000,0.02393000,1263615.20000000,TUSDT
2023-07-19 14:00:00,0.02395000,0.02396000,0.02367000,0.02371000,3914949.70000000,TUSDT
2023-07-19 15:00:00,0.02373000,0.02393000,0.02369000,0.02390000,1723664.30000000,TUSDT
2023-07-19 16:00:00,0.02391000,0.02394000,0.02372000,0.02374000,983953.50000000,TUSDT
2023-07-19 17:00:00,0.02374000,0.02404000,0.02374000,0.02389000,2797113.50000000,TUSDT
2023-07-19 18:00:00,0.02390000,0.02402000,0.02389000,0.02399000,1858712.20000000,TUSDT
2023-07-19 19:00:00,0.02400000,0.02406000,0.02393000,0.02396000,1183838.00000000,TUSDT
2023-07-19 20:00:00,0.02395000,0.02401000,0.02392000,0.02394000,1366845.60000000,TUSDT
2023-07-19 21:00:00,0.02394000,0.02400000,0.02389000,0.02396000,621043.20000000,TUSDT
2023-07-19 22:00:00,0.02397000,0.02406000,0.02393000,0.02405000,1437355.80000000,TUSDT
2023-07-19 23:00:00,0.02404000,0.02412000,0.02398000,0.02408000,1063980.50000000,TUSDT
2023-07-20 00:00:00,0.02409000,0.02441000,0.02402000,0.02419000,3795384.70000000,TUSDT
2023-07-20 01:00:00,0.02420000,0.02427000,0.02417000,0.02422000,882419.70000000,TUSDT
2023-07-20 02:00:00,0.02422000,0.02427000,0.02411000,0.02415000,802190.10000000,TUSDT
2023-07-20 03:00:00,0.02416000,0.02416000,0.02402000,0.02407000,457210.50000000,TUSDT
2023-07-20 04:00:00,0.02408000,0.02408000,0.02395000,0.02405000,628519.00000000,TUSDT
2023-07-20 05:00:00,0.02401000,0.02419000,0.02401000,0.02417000,5431479.00000000,TUSDT
2023-07-20 06:00:00,0.02417000,0.02419000,0.02408000,0.02409000,1548624.20000000,TUSDT
2023-07-20 07:00:00,0.02410000,0.02421000,0.02410000,0.02419000,1332532.30000000,TUSDT
2023-07-20 08:00:00,0.02419000,0.02425000,0.02410000,0.02423000,2712843.00000000,TUSDT
2023-07-20 09:00:00,0.02425000,0.02439000,0.02419000,0.02428000,4223386.40000000,TUSDT
2023-07-20 10:00:00,0.02428000,0.02435000,0.02413000,0.02413000,2402710.40000000,TUSDT
2023-07-20 11:00:00,0.02413000,0.02421000,0.02405000,0.02414000,2438368.50000000,TUSDT
2023-07-20 12:00:00,0.02413000,0.02420000,0.02401000,0.02403000,2452563.90000000,TUSDT
2023-07-20 13:00:00,0.02403000,0.02414000,0.02399000,0.02413000,1314390.10000000,TUSDT
2023-07-20 14:00:00,0.02413000,0.02422000,0.02361000,0.02373000,4325701.80000000,TUSDT
2023-07-20 15:00:00,0.02372000,0.02385000,0.02370000,0.02373000,990825.40000000,TUSDT
2023-07-20 16:00:00,0.02373000,0.02380000,0.02353000,0.02360000,1633590.30000000,TUSDT
2023-07-20 17:00:00,0.02359000,0.02369000,0.02359000,0.02364000,516553.60000000,TUSDT
2023-07-20 18:00:00,0.02364000,0.02365000,0.02350000,0.02354000,555448.80000000,TUSDT
2023-07-20 19:00:00,0.02356000,0.02368000,0.02353000,0.02364000,784109.60000000,TUSDT
2023-07-20 20:00:00,0.02364000,0.02364000,0.02340000,0.02347000,2031764.60000000,TUSDT
2023-07-20 21:00:00,0.02348000,0.02371000,0.02348000,0.02369000,866558.60000000,TUSDT
2023-07-20 22:00:00,0.02371000,0.02374000,0.02364000,0.02373000,1126568.40000000,TUSDT
2023-07-20 23:00:00,0.02374000,0.02377000,0.02371000,0.02372000,900407.70000000,TUSDT
2023-07-21 00:00:00,0.02376000,0.02376000,0.02348000,0.02357000,2014060.80000000,TUSDT
2023-07-21 01:00:00,0.02357000,0.02375000,0.02355000,0.02368000,1373453.70000000,TUSDT
2023-07-21 02:00:00,0.02367000,0.02383000,0.02363000,0.02381000,973422.80000000,TUSDT
2023-07-21 03:00:00,0.02382000,0.02391000,0.02381000,0.02386000,2888357.80000000,TUSDT
2023-07-21 04:00:00,0.02386000,0.02386000,0.02374000,0.02377000,558775.10000000,TUSDT
2023-07-21 05:00:00,0.02376000,0.02380000,0.02366000,0.02369000,682286.70000000,TUSDT
2023-07-21 06:00:00,0.02369000,0.02375000,0.02365000,0.02371000,809551.40000000,TUSDT
2023-07-21 07:00:00,0.02369000,0.02370000,0.02352000,0.02354000,1092875.60000000,TUSDT
2023-07-21 08:00:00,0.02354000,0.02360000,0.02353000,0.02358000,278211.50000000,TUSDT
2023-07-21 09:00:00,0.02358000,0.02364000,0.02352000,0.02352000,796174.00000000,TUSDT
2023-07-21 10:00:00,0.02353000,0.02360000,0.02347000,0.02354000,495983.70000000,TUSDT
2023-07-21 11:00:00,0.02355000,0.02360000,0.02352000,0.02358000,437164.20000000,TUSDT
2023-07-21 12:00:00,0.02360000,0.02371000,0.02359000,0.02370000,620239.80000000,TUSDT
2023-07-21 13:00:00,0.02369000,0.02374000,0.02364000,0.02373000,798742.30000000,TUSDT
2023-07-21 14:00:00,0.02374000,0.02380000,0.02370000,0.02380000,564032.70000000,TUSDT
2023-07-21 15:00:00,0.02380000,0.02380000,0.02366000,0.02366000,929668.40000000,TUSDT
2023-07-21 16:00:00,0.02368000,0.02368000,0.02361000,0.02364000,504086.20000000,TUSDT
2023-07-21 17:00:00,0.02364000,0.02371000,0.02363000,0.02371000,382571.50000000,TUSDT
2023-07-21 18:00:00,0.02373000,0.02377000,0.02370000,0.02370000,719360.20000000,TUSDT
2023-07-21 19:00:00,0.02370000,0.02370000,0.02354000,0.02369000,1627206.00000000,TUSDT
2023-07-21 20:00:00,0.02368000,0.02372000,0.02365000,0.02372000,653629.00000000,TUSDT
2023-07-21 21:00:00,0.02372000,0.02372000,0.02365000,0.02367000,728051.80000000,TUSDT
2023-07-21 22:00:00,0.02366000,0.02378000,0.02364000,0.02376000,900126.30000000,TUSDT
2023-07-21 23:00:00,0.02378000,0.02379000,0.02373000,0.02375000,690562.90000000,TUSDT
2023-07-22 00:00:00,0.02376000,0.02425000,0.02373000,0.02404000,5234663.00000000,TUSDT
2023-07-22 01:00:00,0.02402000,0.02418000,0.02395000,0.02408000,1868626.30000000,TUSDT
2023-07-22 02:00:00,0.02406000,0.02416000,0.02405000,0.02408000,1332114.60000000,TUSDT
2023-07-22 03:00:00,0.02410000,0.02439000,0.02409000,0.02424000,4597924.40000000,TUSDT
2023-07-22 04:00:00,0.02424000,0.02426000,0.02413000,0.02413000,1107799.00000000,TUSDT
2023-07-22 05:00:00,0.02413000,0.02416000,0.02402000,0.02402000,688074.10000000,TUSDT
2023-07-22 06:00:00,0.02405000,0.02407000,0.02399000,0.02405000,626297.70000000,TUSDT
2023-07-22 07:00:00,0.02406000,0.02436000,0.02406000,0.02432000,3377115.10000000,TUSDT
2023-07-22 08:00:00,0.02433000,0.02439000,0.02406000,0.02408000,2110841.70000000,TUSDT
2023-07-22 09:00:00,0.02409000,0.02416000,0.02400000,0.02401000,1762812.90000000,TUSDT
2023-07-22 10:00:00,0.02402000,0.02412000,0.02391000,0.02411000,1369047.20000000,TUSDT
2023-07-22 11:00:00,0.02411000,0.02418000,0.02405000,0.02407000,1545120.40000000,TUSDT
2023-07-22 12:00:00,0.02407000,0.02439000,0.02402000,0.02431000,12485927.30000000,TUSDT
2023-07-22 13:00:00,0.02428000,0.02446000,0.02427000,0.02435000,4210025.20000000,TUSDT
2023-07-22 14:00:00,0.02436000,0.02436000,0.02417000,0.02422000,1393766.40000000,TUSDT
2023-07-22 15:00:00,0.02422000,0.02428000,0.02412000,0.02425000,1190688.20000000,TUSDT
2023-07-22 16:00:00,0.02426000,0.02433000,0.02426000,0.02429000,1704717.40000000,TUSDT
2023-07-22 17:00:00,0.02430000,0.02438000,0.02424000,0.02425000,1230435.30000000,TUSDT
2023-07-22 18:00:00,0.02425000,0.02426000,0.02404000,0.02407000,1217305.30000000,TUSDT
2023-07-22 19:00:00,0.02407000,0.02414000,0.02403000,0.02406000,1151791.80000000,TUSDT
2023-07-22 20:00:00,0.02407000,0.02417000,0.02405000,0.02412000,420472.30000000,TUSDT
2023-07-22 21:00:00,0.02413000,0.02428000,0.02413000,0.02427000,1145558.90000000,TUSDT
2023-07-22 22:00:00,0.02428000,0.02428000,0.02417000,0.02423000,753516.70000000,TUSDT
2023-07-22 23:00:00,0.02423000,0.02431000,0.02388000,0.02427000,4488014.80000000,TUSDT
2023-07-23 00:00:00,0.02428000,0.02429000,0.02402000,0.02406000,2848191.10000000,TUSDT
2023-07-23 01:00:00,0.02405000,0.02418000,0.02405000,0.02412000,778016.30000000,TUSDT
2023-07-23 02:00:00,0.02413000,0.02424000,0.02413000,0.02421000,646345.10000000,TUSDT
2023-07-23 03:00:00,0.02421000,0.02423000,0.02418000,0.02419000,460933.80000000,TUSDT
2023-07-23 04:00:00,0.02420000,0.02423000,0.02409000,0.02422000,1107441.20000000,TUSDT
2023-07-23 05:00:00,0.02423000,0.02464000,0.02423000,0.02456000,5382195.60000000,TUSDT
2023-07-23 06:00:00,0.02454000,0.02454000,0.02418000,0.02419000,2705974.20000000,TUSDT
2023-07-23 07:00:00,0.02420000,0.02435000,0.02418000,0.02425000,4420923.60000000,TUSDT
2023-07-23 08:00:00,0.02426000,0.02428000,0.02416000,0.02421000,1171620.60000000,TUSDT
2023-07-23 09:00:00,0.02424000,0.02427000,0.02420000,0.02424000,468007.20000000,TUSDT
2023-07-23 10:00:00,0.02425000,0.02430000,0.02418000,0.02420000,806742.20000000,TUSDT
2023-07-23 11:00:00,0.02420000,0.02424000,0.02416000,0.02416000,685417.80000000,TUSDT
2023-07-23 12:00:00,0.02418000,0.02423000,0.02411000,0.02419000,727147.40000000,TUSDT
2023-07-23 13:00:00,0.02420000,0.02440000,0.02415000,0.02434000,1483488.50000000,TUSDT
2023-07-23 14:00:00,0.02436000,0.02439000,0.02430000,0.02438000,1142324.90000000,TUSDT
2023-07-23 15:00:00,0.02439000,0.02439000,0.02418000,0.02426000,2318834.10000000,TUSDT
2023-07-23 16:00:00,0.02426000,0.02447000,0.02423000,0.02445000,2031905.10000000,TUSDT
2023-07-23 17:00:00,0.02443000,0.02452000,0.02437000,0.02452000,1115468.80000000,TUSDT
2023-07-23 18:00:00,0.02451000,0.02460000,0.02446000,0.02457000,1092369.70000000,TUSDT
2023-07-23 19:00:00,0.02457000,0.02463000,0.02429000,0.02435000,2739541.40000000,TUSDT
2023-07-23 20:00:00,0.02436000,0.02446000,0.02436000,0.02443000,681720.40000000,TUSDT
2023-07-23 21:00:00,0.02444000,0.02444000,0.02423000,0.02423000,1018077.80000000,TUSDT
2023-07-23 22:00:00,0.02425000,0.02436000,0.02425000,0.02430000,418734.40000000,TUSDT
2023-07-23 23:00:00,0.02432000,0.02447000,0.02432000,0.02442000,710423.80000000,TUSDT
2023-07-24 00:00:00,0.02443000,0.02446000,0.02425000,0.02430000,1583896.30000000,TUSDT
2023-07-24 01:00:00,0.02430000,0.02432000,0.02402000,0.02408000,1699027.40000000,TUSDT
2023-07-24 02:00:00,0.02406000,0.02411000,0.02390000,0.02392000,1219372.20000000,TUSDT
2023-07-24 03:00:00,0.02390000,0.02399000,0.02365000,0.02372000,1394772.70000000,TUSDT
2023-07-24 04:00:00,0.02372000,0.02389000,0.02361000,0.02387000,2501240.80000000,TUSDT
2023-07-24 05:00:00,0.02388000,0.02393000,0.02385000,0.02392000,1226122.40000000,TUSDT
2023-07-24 06:00:00,0.02390000,0.02393000,0.02382000,0.02386000,922978.40000000,TUSDT
2023-07-24 07:00:00,0.02384000,0.02403000,0.02377000,0.02381000,2423041.30000000,TUSDT
2023-07-24 08:00:00,0.02380000,0.02382000,0.02343000,0.02357000,5718746.00000000,TUSDT
2023-07-24 09:00:00,0.02355000,0.02355000,0.02252000,0.02289000,11355582.40000000,TUSDT
2023-07-24 10:00:00,0.02289000,0.02331000,0.02284000,0.02330000,5167636.40000000,TUSDT
2023-07-24 11:00:00,0.02331000,0.02336000,0.02319000,0.02324000,2605125.80000000,TUSDT
2023-07-24 12:00:00,0.02323000,0.02326000,0.02310000,0.02316000,2144107.20000000,TUSDT
2023-07-24 13:00:00,0.02316000,0.02319000,0.02307000,0.02316000,2513932.10000000,TUSDT
2023-07-24 14:00:00,0.02314000,0.02314000,0.02299000,0.02307000,5850561.50000000,TUSDT
2023-07-24 15:00:00,0.02307000,0.02321000,0.02293000,0.02320000,2305407.50000000,TUSDT
2023-07-24 16:00:00,0.02321000,0.02324000,0.02306000,0.02312000,1418534.60000000,TUSDT
2023-07-24 17:00:00,0.02311000,0.02316000,0.02306000,0.02311000,683461.10000000,TUSDT
2023-07-24 18:00:00,0.02314000,0.02326000,0.02312000,0.02325000,484864.80000000,TUSDT
2023-07-24 19:00:00,0.02322000,0.02325000,0.02314000,0.02317000,959987.70000000,TUSDT
2023-07-24 20:00:00,0.02318000,0.02335000,0.02312000,0.02331000,3682682.00000000,TUSDT
2023-07-24 21:00:00,0.02331000,0.02332000,0.02325000,0.02328000,542568.80000000,TUSDT
2023-07-24 22:00:00,0.02331000,0.02337000,0.02326000,0.02334000,573074.40000000,TUSDT
2023-07-24 23:00:00,0.02334000,0.02342000,0.02328000,0.02331000,1978975.20000000,TUSDT
2023-07-25 00:00:00,0.02331000,0.02368000,0.02316000,0.02323000,5265266.60000000,TUSDT
2023-07-25 01:00:00,0.02324000,0.02325000,0.02293000,0.02301000,1881899.10000000,TUSDT
2023-07-25 02:00:00,0.02302000,0.02321000,0.02302000,0.02318000,1162035.30000000,TUSDT
2023-07-25 03:00:00,0.02319000,0.02320000,0.02301000,0.02305000,1354240.10000000,TUSDT
2023-07-25 04:00:00,0.02306000,0.02308000,0.02299000,0.02299000,387894.40000000,TUSDT
2023-07-25 05:00:00,0.02299000,0.02332000,0.02298000,0.02330000,1978102.90000000,TUSDT
2023-07-25 06:00:00,0.02330000,0.02332000,0.02315000,0.02331000,944162.70000000,TUSDT
2023-07-25 07:00:00,0.02328000,0.02329000,0.02314000,0.02317000,735204.90000000,TUSDT
2023-07-25 08:00:00,0.02317000,0.02335000,0.02302000,0.02333000,1848956.80000000,TUSDT
2023-07-25 09:00:00,0.02333000,0.02337000,0.02324000,0.02330000,1090351.80000000,TUSDT
2023-07-25 10:00:00,0.02329000,0.02331000,0.02318000,0.02323000,869158.80000000,TUSDT
2023-07-25 11:00:00,0.02323000,0.02330000,0.02321000,0.02328000,966690.30000000,TUSDT
2023-07-25 12:00:00,0.02327000,0.02329000,0.02321000,0.02321000,756863.80000000,TUSDT
2023-07-25 13:00:00,0.02322000,0.02326000,0.02308000,0.02324000,3263754.50000000,TUSDT
2023-07-25 14:00:00,0.02326000,0.02333000,0.02308000,0.02314000,1695333.40000000,TUSDT
2023-07-25 15:00:00,0.02314000,0.02324000,0.02314000,0.02322000,815953.80000000,TUSDT
2023-07-25 16:00:00,0.02322000,0.02330000,0.02318000,0.02320000,889049.60000000,TUSDT
2023-07-25 17:00:00,0.02317000,0.02328000,0.02312000,0.02328000,499306.50000000,TUSDT
2023-07-25 18:00:00,0.02327000,0.02337000,0.02323000,0.02323000,916634.60000000,TUSDT
2023-07-25 19:00:00,0.02323000,0.02331000,0.02320000,0.02321000,732875.70000000,TUSDT
2023-07-25 20:00:00,0.02318000,0.02325000,0.02315000,0.02324000,929386.00000000,TUSDT
2023-07-25 21:00:00,0.02326000,0.02334000,0.02326000,0.02331000,736184.30000000,TUSDT
2023-07-25 22:00:00,0.02330000,0.02339000,0.02324000,0.02329000,1171883.40000000,TUSDT
2023-07-25 23:00:00,0.02329000,0.02339000,0.02329000,0.02339000,1278472.30000000,TUSDT
2023-07-26 00:00:00,0.02340000,0.02398000,0.02339000,0.02391000,13195537.50000000,TUSDT
2023-07-26 01:00:00,0.02393000,0.02400000,0.02368000,0.02380000,11717051.60000000,TUSDT
2023-07-26 02:00:00,0.02381000,0.02407000,0.02380000,0.02404000,4371603.10000000,TUSDT
2023-07-26 03:00:00,0.02404000,0.02416000,0.02394000,0.02411000,3924334.70000000,TUSDT
2023-07-26 04:00:00,0.02411000,0.02458000,0.02408000,0.02415000,8388273.60000000,TUSDT
2023-07-26 05:00:00,0.02419000,0.02463000,0.02406000,0.02451000,5226360.60000000,TUSDT
2023-07-26 06:00:00,0.02452000,0.02455000,0.02412000,0.02412000,7441648.30000000,TUSDT
2023-07-26 07:00:00,0.02414000,0.02453000,0.02408000,0.02440000,6337671.70000000,TUSDT
2023-07-26 08:00:00,0.02441000,0.02514000,0.02437000,0.02492000,28237141.30000000,TUSDT
2023-07-26 09:00:00,0.02493000,0.02507000,0.02447000,0.02452000,22818101.30000000,TUSDT
2023-07-26 10:00:00,0.02450000,0.02466000,0.02412000,0.02413000,7480614.80000000,TUSDT
2023-07-26 11:00:00,0.02413000,0.02480000,0.02410000,0.02451000,9934715.30000000,TUSDT
2023-07-26 12:00:00,0.02449000,0.02457000,0.02436000,0.02437000,3948646.70000000,TUSDT
2023-07-26 13:00:00,0.02436000,0.02439000,0.02414000,0.02425000,5259874.50000000,TUSDT
2023-07-26 14:00:00,0.02425000,0.02446000,0.02424000,0.02446000,4316046.90000000,TUSDT
2023-07-26 15:00:00,0.02446000,0.02447000,0.02420000,0.02436000,3206372.70000000,TUSDT
2023-07-26 16:00:00,0.02434000,0.02464000,0.02420000,0.02442000,9129753.40000000,TUSDT
2023-07-26 17:00:00,0.02442000,0.02471000,0.02425000,0.02428000,8664419.20000000,TUSDT
2023-07-26 18:00:00,0.02431000,0.02488000,0.02431000,0.02487000,9851420.40000000,TUSDT
2023-07-26 19:00:00,0.02488000,0.02488000,0.02436000,0.02471000,7312036.00000000,TUSDT
2023-07-26 20:00:00,0.02472000,0.02500000,0.02470000,0.02483000,4441419.00000000,TUSDT
2023-07-26 21:00:00,0.02482000,0.02489000,0.02469000,0.02474000,3975892.80000000,TUSDT
2023-07-26 22:00:00,0.02477000,0.02478000,0.02451000,0.02475000,3059191.70000000,TUSDT
2023-07-26 23:00:00,0.02476000,0.02548000,0.02468000,0.02523000,15913086.20000000,TUSDT
2023-07-27 00:00:00,0.02526000,0.02636000,0.02499000,0.02612000,72076694.50000000,TUSDT
2023-07-27 01:00:00,0.02612000,0.02644000,0.02584000,0.02602000,27875960.40000000,TUSDT
2023-07-27 02:00:00,0.02601000,0.02623000,0.02544000,0.02585000,14329235.20000000,TUSDT
2023-07-27 03:00:00,0.02585000,0.02585000,0.02549000,0.02552000,5490363.10000000,TUSDT
2023-07-27 04:00:00,0.02554000,0.02565000,0.02521000,0.02530000,7921939.50000000,TUSDT
2023-07-27 05:00:00,0.02529000,0.02564000,0.02529000,0.02540000,4902208.70000000,TUSDT
2023-07-27 06:00:00,0.02541000,0.02563000,0.02518000,0.02520000,8281488.40000000,TUSDT
2023-07-27 07:00:00,0.02520000,0.02548000,0.02520000,0.02547000,4941119.70000000,TUSDT
2023-07-27 08:00:00,0.02547000,0.02565000,0.02542000,0.02559000,5317563.40000000,TUSDT
2023-07-27 09:00:00,0.02559000,0.02569000,0.02553000,0.02556000,3785260.80000000,TUSDT
2023-07-27 10:00:00,0.02557000,0.02560000,0.02524000,0.02532000,5481594.30000000,TUSDT
2023-07-27 11:00:00,0.02530000,0.02538000,0.02516000,0.02518000,1578374.60000000,TUSDT
2023-07-27 12:00:00,0.02519000,0.02521000,0.02486000,0.02490000,4682288.30000000,TUSDT
2023-07-27 13:00:00,0.02490000,0.02495000,0.02457000,0.02465000,6581239.50000000,TUSDT
2023-07-27 14:00:00,0.02466000,0.02476000,0.02459000,0.02465000,2965105.80000000,TUSDT
2023-07-27 15:00:00,0.02463000,0.02467000,0.02439000,0.02440000,4134364.20000000,TUSDT
2023-07-27 16:00:00,0.02440000,0.02449000,0.02427000,0.02429000,4332903.80000000,TUSDT
2023-07-27 17:00:00,0.02430000,0.02447000,0.02426000,0.02430000,2295558.90000000,TUSDT
2023-07-27 18:00:00,0.02432000,0.02442000,0.02420000,0.02426000,3152926.10000000,TUSDT
2023-07-27 19:00:00,0.02426000,0.02442000,0.02425000,0.02441000,1086413.90000000,TUSDT
2023-07-27 20:00:00,0.02442000,0.02445000,0.02431000,0.02442000,680247.00000000,TUSDT
2023-07-27 21:00:00,0.02442000,0.02458000,0.02441000,0.02458000,1124025.30000000,TUSDT
2023-07-27 22:00:00,0.02457000,0.02463000,0.02453000,0.02459000,1132109.20000000,TUSDT
2023-07-27 23:00:00,0.02456000,0.02472000,0.02456000,0.02471000,1187494.70000000,TUSDT
2023-07-28 00:00:00,0.02472000,0.02491000,0.02445000,0.02457000,4232195.40000000,TUSDT
2023-07-28 01:00:00,0.02459000,0.02466000,0.02446000,0.02447000,2042269.70000000,TUSDT
2023-07-28 02:00:00,0.02447000,0.02449000,0.02413000,0.02428000,2742620.10000000,TUSDT
2023-07-28 03:00:00,0.02425000,0.02437000,0.02415000,0.02419000,2171599.80000000,TUSDT
2023-07-28 04:00:00,0.02420000,0.02422000,0.02402000,0.02402000,2309907.00000000,TUSDT
2023-07-28 05:00:00,0.02402000,0.02405000,0.02350000,0.02361000,7829341.50000000,TUSDT
2023-07-28 06:00:00,0.02360000,0.02368000,0.02357000,0.02362000,2116183.60000000,TUSDT
2023-07-28 07:00:00,0.02363000,0.02379000,0.02362000,0.02370000,1623411.30000000,TUSDT
2023-07-28 08:00:00,0.02372000,0.02378000,0.02368000,0.02377000,1676605.70000000,TUSDT
2023-07-28 09:00:00,0.02378000,0.02421000,0.02378000,0.02419000,3911095.60000000,TUSDT
2023-07-28 10:00:00,0.02420000,0.02422000,0.02400000,0.02412000,1684398.90000000,TUSDT
2023-07-28 11:00:00,0.02411000,0.02422000,0.02408000,0.02413000,1727105.60000000,TUSDT
2023-07-28 12:00:00,0.02413000,0.02422000,0.02412000,0.02419000,1647524.90000000,TUSDT
2023-07-28 13:00:00,0.02419000,0.02443000,0.02415000,0.02434000,2810125.80000000,TUSDT
2023-07-28 14:00:00,0.02434000,0.02459000,0.02430000,0.02457000,3020509.10000000,TUSDT
2023-07-28 15:00:00,0.02459000,0.02462000,0.02449000,0.02452000,1170112.00000000,TUSDT
2023-07-28 16:00:00,0.02450000,0.02450000,0.02433000,0.02436000,2373246.60000000,TUSDT
2023-07-28 17:00:00,0.02435000,0.02439000,0.02420000,0.02431000,1559021.30000000,TUSDT
2023-07-28 18:00:00,0.02432000,0.02438000,0.02432000,0.02436000,610727.00000000,TUSDT
2023-07-28 19:00:00,0.02434000,0.02442000,0.02427000,0.02442000,1283166.50000000,TUSDT
2023-07-28 20:00:00,0.02442000,0.02454000,0.02439000,0.02454000,642691.50000000,TUSDT
2023-07-28 21:00:00,0.02451000,0.02455000,0.02440000,0.02453000,1298286.60000000,TUSDT
2023-07-28 22:00:00,0.02450000,0.02462000,0.02448000,0.02461000,1207067.30000000,TUSDT
2023-07-28 23:00:00,0.02461000,0.02491000,0.02456000,0.02488000,3822102.80000000,TUSDT
2023-07-29 00:00:00,0.02488000,0.02491000,0.02446000,0.02481000,2995092.60000000,TUSDT
2023-07-29 01:00:00,0.02480000,0.02480000,0.02459000,0.02460000,1395545.10000000,TUSDT
2023-07-29 02:00:00,0.02461000,0.02477000,0.02460000,0.02470000,949696.20000000,TUSDT
2023-07-29 03:00:00,0.02473000,0.02474000,0.02459000,0.02460000,1743442.60000000,TUSDT
2023-07-29 04:00:00,0.02460000,0.02467000,0.02456000,0.02457000,796003.70000000,TUSDT
2023-07-29 05:00:00,0.02458000,0.02469000,0.02456000,0.02468000,1200997.30000000,TUSDT
2023-07-29 06:00:00,0.02468000,0.02469000,0.02447000,0.02457000,906501.00000000,TUSDT
2023-07-29 07:00:00,0.02455000,0.02476000,0.02455000,0.02465000,1201778.70000000,TUSDT
2023-07-29 08:00:00,0.02465000,0.02472000,0.02454000,0.02468000,1391527.30000000,TUSDT
2023-07-29 09:00:00,0.02469000,0.02481000,0.02468000,0.02469000,1908834.20000000,TUSDT
2023-07-29 10:00:00,0.02469000,0.02472000,0.02458000,0.02466000,1203765.00000000,TUSDT
2023-07-29 11:00:00,0.02467000,0.02542000,0.02463000,0.02527000,8715822.20000000,TUSDT
2023-07-29 12:00:00,0.02527000,0.02527000,0.02489000,0.02508000,7413037.30000000,TUSDT
2023-07-29 13:00:00,0.02505000,0.02512000,0.02492000,0.02502000,3590691.80000000,TUSDT
2023-07-29 14:00:00,0.02503000,0.02518000,0.02496000,0.02504000,2352058.50000000,TUSDT
2023-07-29 15:00:00,0.02504000,0.02508000,0.02497000,0.02498000,1416647.00000000,TUSDT
2023-07-29 16:00:00,0.02500000,0.02510000,0.02497000,0.02508000,1520055.80000000,TUSDT
2023-07-29 17:00:00,0.02508000,0.02516000,0.02506000,0.02513000,932076.60000000,TUSDT
2023-07-29 18:00:00,0.02513000,0.02529000,0.02506000,0.02526000,3428838.30000000,TUSDT
2023-07-29 19:00:00,0.02526000,0.02551000,0.02525000,0.02547000,2829115.80000000,TUSDT
2023-07-29 20:00:00,0.02546000,0.02566000,0.02543000,0.02548000,4733010.80000000,TUSDT
2023-07-29 21:00:00,0.02548000,0.02551000,0.02533000,0.02542000,1534286.00000000,TUSDT
2023-07-29 22:00:00,0.02543000,0.02555000,0.02537000,0.02553000,1373887.80000000,TUSDT
2023-07-29 23:00:00,0.02554000,0.02555000,0.02543000,0.02544000,1496662.50000000,TUSDT
2023-07-30 00:00:00,0.02548000,0.02548000,0.02501000,0.02511000,3551722.90000000,TUSDT
2023-07-30 01:00:00,0.02510000,0.02519000,0.02497000,0.02517000,1514710.50000000,TUSDT
2023-07-30 02:00:00,0.02515000,0.02527000,0.02512000,0.02520000,1172318.00000000,TUSDT
2023-07-30 03:00:00,0.02519000,0.02523000,0.02509000,0.02512000,1228327.60000000,TUSDT
2023-07-30 04:00:00,0.02512000,0.02512000,0.02501000,0.02501000,1401909.00000000,TUSDT
2023-07-30 05:00:00,0.02504000,0.02510000,0.02499000,0.02506000,1014179.50000000,TUSDT
2023-07-30 06:00:00,0.02507000,0.02532000,0.02493000,0.02494000,3782334.20000000,TUSDT
2023-07-30 07:00:00,0.02494000,0.02509000,0.02490000,0.02490000,1453736.70000000,TUSDT
2023-07-30 08:00:00,0.02490000,0.02496000,0.02488000,0.02490000,980493.50000000,TUSDT
2023-07-30 09:00:00,0.02492000,0.02515000,0.02487000,0.02505000,1586037.60000000,TUSDT
2023-07-30 10:00:00,0.02506000,0.02507000,0.02448000,0.02448000,5320791.80000000,TUSDT
2023-07-30 11:00:00,0.02450000,0.02474000,0.02448000,0.02472000,1500475.80000000,TUSDT
2023-07-30 12:00:00,0.02472000,0.02473000,0.02448000,0.02452000,2328746.30000000,TUSDT
2023-07-30 13:00:00,0.02452000,0.02456000,0.02436000,0.02440000,1327569.50000000,TUSDT
2023-07-30 14:00:00,0.02440000,0.02446000,0.02420000,0.02435000,2227556.30000000,TUSDT
2023-07-30 15:00:00,0.02435000,0.02436000,0.02415000,0.02420000,1780809.80000000,TUSDT
2023-07-30 16:00:00,0.02418000,0.02425000,0.02416000,0.02422000,1337274.90000000,TUSDT
2023-07-30 17:00:00,0.02422000,0.02430000,0.02421000,0.02429000,757019.70000000,TUSDT
2023-07-30 18:00:00,0.02429000,0.02429000,0.02421000,0.02422000,743343.30000000,TUSDT
2023-07-30 19:00:00,0.02422000,0.02427000,0.02389000,0.02398000,4314663.70000000,TUSDT
2023-07-30 20:00:00,0.02397000,0.02407000,0.02377000,0.02406000,1654547.60000000,TUSDT
2023-07-30 21:00:00,0.02406000,0.02414000,0.02402000,0.02414000,884059.80000000,TUSDT
2023-07-30 22:00:00,0.02413000,0.02419000,0.02409000,0.02413000,1039595.30000000,TUSDT
2023-07-30 23:00:00,0.02413000,0.02440000,0.02413000,0.02433000,3131858.90000000,TUSDT
2023-07-31 00:00:00,0.02434000,0.02481000,0.02426000,0.02449000,13027619.90000000,TUSDT
2023-07-31 01:00:00,0.02449000,0.02450000,0.02434000,0.02444000,1740519.90000000,TUSDT
2023-07-31 02:00:00,0.02445000,0.02458000,0.02441000,0.02448000,1375867.50000000,TUSDT
2023-07-31 03:00:00,0.02449000,0.02452000,0.02439000,0.02451000,1403754.40000000,TUSDT
2023-07-31 04:00:00,0.02451000,0.02488000,0.02439000,0.02449000,6433684.50000000,TUSDT
2023-07-31 05:00:00,0.02448000,0.02460000,0.02448000,0.02457000,1020843.40000000,TUSDT
2023-07-31 06:00:00,0.02457000,0.02463000,0.02448000,0.02450000,1538444.90000000,TUSDT
2023-07-31 07:00:00,0.02450000,0.02456000,0.02444000,0.02448000,1302305.30000000,TUSDT
2023-07-31 08:00:00,0.02448000,0.02450000,0.02437000,0.02439000,1514966.60000000,TUSDT
2023-07-31 09:00:00,0.02439000,0.02445000,0.02431000,0.02436000,1906209.60000000,TUSDT
2023-07-31 10:00:00,0.02436000,0.02442000,0.02436000,0.02439000,937604.30000000,TUSDT
2023-07-31 11:00:00,0.02439000,0.02444000,0.02432000,0.02435000,983687.00000000,TUSDT
2023-07-31 12:00:00,0.02434000,0.02464000,0.02425000,0.02454000,2523213.00000000,TUSDT
2023-07-31 13:00:00,0.02454000,0.02461000,0.02434000,0.02443000,4043012.50000000,TUSDT
2023-07-31 14:00:00,0.02443000,0.02448000,0.02432000,0.02432000,1274304.70000000,TUSDT
2023-07-31 15:00:00,0.02432000,0.02432000,0.02416000,0.02421000,2135609.80000000,TUSDT
2023-07-31 16:00:00,0.02422000,0.02430000,0.02417000,0.02427000,1041645.20000000,TUSDT
2023-07-31 17:00:00,0.02427000,0.02435000,0.02424000,0.02426000,904306.70000000,TUSDT
2023-07-31 18:00:00,0.02425000,0.02427000,0.02415000,0.02415000,617344.30000000,TUSDT
2023-07-31 19:00:00,0.02415000,0.02421000,0.02395000,0.02407000,2367628.10000000,TUSDT
2023-07-31 20:00:00,0.02407000,0.02413000,0.02389000,0.02400000,1372347.50000000,TUSDT
2023-07-31 21:00:00,0.02399000,0.02421000,0.02396000,0.02418000,1300830.40000000,TUSDT
2023-07-31 22:00:00,0.02418000,0.02433000,0.02413000,0.02433000,1565657.20000000,TUSDT
2023-07-31 23:00:00,0.02429000,0.02439000,0.02428000,0.02439000,786915.50000000,TUSDT
2023-08-01 00:00:00,0.02437000,0.02437000,0.02419000,0.02429000,1863280.90000000,TUSDT
2023-08-01 01:00:00,0.02428000,0.02432000,0.02404000,0.02405000,1250815.90000000,TUSDT
2023-08-01 02:00:00,0.02404000,0.02408000,0.02341000,0.02368000,6522040.30000000,TUSDT
2023-08-01 03:00:00,0.02369000,0.02375000,0.02345000,0.02351000,2542726.10000000,TUSDT
2023-08-01 04:00:00,0.02350000,0.02361000,0.02350000,0.02355000,1653706.00000000,TUSDT
2023-08-01 05:00:00,0.02355000,0.02369000,0.02355000,0.02368000,874263.50000000,TUSDT
2023-08-01 06:00:00,0.02367000,0.02379000,0.02364000,0.02375000,936503.50000000,TUSDT
2023-08-01 07:00:00,0.02375000,0.02381000,0.02371000,0.02376000,996602.60000000,TUSDT
2023-08-01 08:00:00,0.02378000,0.02386000,0.02363000,0.02386000,1889644.40000000,TUSDT
2023-08-01 09:00:00,0.02386000,0.02386000,0.02378000,0.02379000,937417.20000000,TUSDT
2023-08-01 10:00:00,0.02378000,0.02380000,0.02369000,0.02369000,478326.50000000,TUSDT
2023-08-01 11:00:00,0.02371000,0.02380000,0.02366000,0.02375000,865181.10000000,TUSDT
2023-08-01 12:00:00,0.02379000,0.02400000,0.02379000,0.02399000,1200623.50000000,TUSDT
2023-08-01 13:00:00,0.02398000,0.02407000,0.02384000,0.02384000,1420896.50000000,TUSDT
2023-08-01 14:00:00,0.02383000,0.02389000,0.02369000,0.02379000,2083118.30000000,TUSDT
2023-08-01 15:00:00,0.02377000,0.02396000,0.02359000,0.02394000,2337177.40000000,TUSDT
2023-08-01 16:00:00,0.02392000,0.02398000,0.02376000,0.02381000,1128567.10000000,TUSDT
2023-08-01 17:00:00,0.02383000,0.02399000,0.02383000,0.02398000,867321.30000000,TUSDT
2023-08-01 18:00:00,0.02399000,0.02422000,0.02399000,0.02422000,580259.60000000,TUSDT
2023-08-01 19:00:00,0.02422000,0.02427000,0.02409000,0.02413000,614791.90000000,TUSDT
2023-08-01 20:00:00,0.02418000,0.02418000,0.02405000,0.02405000,180510.80000000,TUSDT
2023-08-01 21:00:00,0.02406000,0.02411000,0.02404000,0.02406000,279850.70000000,TUSDT
2023-08-01 22:00:00,0.02407000,0.02408000,0.02398000,0.02407000,2549642.60000000,TUSDT
2023-08-01 23:00:00,0.02407000,0.02440000,0.02407000,0.02436000,2309010.40000000,TUSDT
2023-08-02 00:00:00,0.02434000,0.02436000,0.02415000,0.02418000,2160900.00000000,TUSDT
2023-08-02 01:00:00,0.02419000,0.02433000,0.02414000,0.02417000,1129994.00000000,TUSDT
2023-08-02 02:00:00,0.02416000,0.02416000,0.02410000,0.02410000,444349.80000000,TUSDT
2023-08-02 03:00:00,0.02410000,0.02410000,0.02399000,0.02399000,578485.60000000,TUSDT
2023-08-02 04:00:00,0.02399000,0.02437000,0.02395000,0.02416000,3240378.80000000,TUSDT
2023-08-02 05:00:00,0.02416000,0.02424000,0.02398000,0.02398000,807813.60000000,TUSDT
2023-08-02 06:00:00,0.02398000,0.02401000,0.02380000,0.02383000,1391247.30000000,TUSDT
2023-08-02 07:00:00,0.02383000,0.02393000,0.02380000,0.02391000,714555.80000000,TUSDT
2023-08-02 08:00:00,0.02391000,0.02399000,0.02384000,0.02395000,1093105.60000000,TUSDT
2023-08-02 09:00:00,0.02396000,0.02403000,0.02395000,0.02396000,388747.20000000,TUSDT
2023-08-02 10:00:00,0.02396000,0.02405000,0.02388000,0.02391000,1728277.60000000,TUSDT
2023-08-02 11:00:00,0.02392000,0.02407000,0.02391000,0.02406000,584091.60000000,TUSDT
2023-08-02 12:00:00,0.02406000,0.02410000,0.02387000,0.02387000,1219884.40000000,TUSDT
2023-08-02 13:00:00,0.02388000,0.02388000,0.02363000,0.02366000,2073422.90000000,TUSDT
2023-08-02 14:00:00,0.02368000,0.02377000,0.02351000,0.02357000,3129837.40000000,TUSDT
2023-08-02 15:00:00,0.02356000,0.02373000,0.02347000,0.02373000,1245671.00000000,TUSDT
2023-08-02 16:00:00,0.02370000,0.02374000,0.02333000,0.02347000,1761634.30000000,TUSDT
2023-08-02 17:00:00,0.02346000,0.02356000,0.02344000,0.02351000,742375.90000000,TUSDT
2023-08-02 18:00:00,0.02350000,0.02354000,0.02347000,0.02349000,355998.30000000,TUSDT
2023-08-02 19:00:00,0.02350000,0.02358000,0.02349000,0.02358000,270670.40000000,TUSDT
2023-08-02 20:00:00,0.02356000,0.02359000,0.02352000,0.02356000,169061.20000000,TUSDT
2023-08-02 21:00:00,0.02356000,0.02365000,0.02351000,0.02365000,475948.40000000,TUSDT
2023-08-02 22:00:00,0.02364000,0.02373000,0.02359000,0.02367000,856507.20000000,TUSDT
2023-08-02 23:00:00,0.02364000,0.02366000,0.02358000,0.02364000,451243.00000000,TUSDT
2023-08-03 00:00:00,0.02362000,0.02382000,0.02358000,0.02364000,2136742.80000000,TUSDT
2023-08-03 01:00:00,0.02364000,0.02374000,0.02357000,0.02368000,1324479.80000000,TUSDT
2023-08-03 02:00:00,0.02369000,0.02369000,0.02359000,0.02362000,536238.50000000,TUSDT
2023-08-03 03:00:00,0.02362000,0.02364000,0.02354000,0.02356000,930101.00000000,TUSDT
2023-08-03 04:00:00,0.02355000,0.02359000,0.02344000,0.02352000,907166.60000000,TUSDT
2023-08-03 05:00:00,0.02352000,0.02355000,0.02342000,0.02349000,1258408.40000000,TUSDT
2023-08-03 06:00:00,0.02349000,0.02350000,0.02332000,0.02336000,939800.50000000,TUSDT
2023-08-03 07:00:00,0.02335000,0.02342000,0.02330000,0.02333000,1165182.40000000,TUSDT
2023-08-03 08:00:00,0.02333000,0.02335000,0.02320000,0.02332000,1584275.20000000,TUSDT
2023-08-03 09:00:00,0.02332000,0.02343000,0.02332000,0.02342000,274107.90000000,TUSDT
2023-08-03 10:00:00,0.02341000,0.02344000,0.02340000,0.02343000,348581.70000000,TUSDT
2023-08-03 11:00:00,0.02342000,0.02349000,0.02337000,0.02348000,892174.40000000,TUSDT
2023-08-03 12:00:00,0.02348000,0.02349000,0.02332000,0.02338000,526257.40000000,TUSDT
2023-08-03 13:00:00,0.02338000,0.02352000,0.02338000,0.02351000,396473.90000000,TUSDT
2023-08-03 14:00:00,0.02353000,0.02361000,0.02346000,0.02358000,817132.90000000,TUSDT
2023-08-03 15:00:00,0.02360000,0.02361000,0.02352000,0.02356000,468672.40000000,TUSDT
2023-08-03 16:00:00,0.02355000,0.02362000,0.02352000,0.02362000,340515.40000000,TUSDT
2023-08-03 17:00:00,0.02362000,0.02373000,0.02358000,0.02360000,808956.70000000,TUSDT
2023-08-03 18:00:00,0.02360000,0.02369000,0.02359000,0.02367000,163958.80000000,TUSDT
2023-08-03 19:00:00,0.02367000,0.02367000,0.02358000,0.02362000,349600.50000000,TUSDT
2023-08-03 20:00:00,0.02364000,0.02379000,0.02363000,0.02371000,918483.40000000,TUSDT
2023-08-03 21:00:00,0.02370000,0.02370000,0.02361000,0.02362000,832921.40000000,TUSDT
2023-08-03 22:00:00,0.02363000,0.02363000,0.02344000,0.02353000,1080382.30000000,TUSDT
2023-08-03 23:00:00,0.02353000,0.02353000,0.02343000,0.02350000,1044337.20000000,TUSDT
2023-08-04 00:00:00,0.02349000,0.02351000,0.02335000,0.02346000,1250689.00000000,TUSDT
2023-08-04 01:00:00,0.02345000,0.02358000,0.02339000,0.02347000,1681751.50000000,TUSDT
2023-08-04 02:00:00,0.02347000,0.02359000,0.02345000,0.02354000,942158.60000000,TUSDT
2023-08-04 03:00:00,0.02354000,0.02356000,0.02343000,0.02345000,992110.00000000,TUSDT
2023-08-04 04:00:00,0.02348000,0.02349000,0.02337000,0.02339000,382250.60000000,TUSDT
2023-08-04 05:00:00,0.02339000,0.02343000,0.02324000,0.02325000,2691550.70000000,TUSDT
2023-08-04 06:00:00,0.02325000,0.02329000,0.02311000,0.02311000,1648347.70000000,TUSDT
2023-08-04 07:00:00,0.02313000,0.02318000,0.02305000,0.02314000,1056123.00000000,TUSDT
2023-08-04 08:00:00,0.02313000,0.02318000,0.02300000,0.02303000,2026759.40000000,TUSDT
2023-08-04 09:00:00,0.02304000,0.02315000,0.02304000,0.02315000,272269.40000000,TUSDT
2023-08-04 10:00:00,0.02315000,0.02315000,0.02300000,0.02303000,671878.60000000,TUSDT
2023-08-04 11:00:00,0.02302000,0.02312000,0.02302000,0.02311000,402375.00000000,TUSDT
2023-08-04 12:00:00,0.02310000,0.02339000,0.02307000,0.02334000,5970980.30000000,TUSDT
2023-08-04 13:00:00,0.02334000,0.02354000,0.02334000,0.02344000,2615850.20000000,TUSDT
2023-08-04 14:00:00,0.02344000,0.02357000,0.02336000,0.02355000,1551662.50000000,TUSDT
2023-08-04 15:00:00,0.02354000,0.02357000,0.02342000,0.02351000,3225659.70000000,TUSDT
2023-08-04 16:00:00,0.02351000,0.02354000,0.02342000,0.02350000,1574251.00000000,TUSDT
2023-08-04 17:00:00,0.02350000,0.02350000,0.02341000,0.02344000,849037.00000000,TUSDT
2023-08-04 18:00:00,0.02342000,0.02343000,0.02321000,0.02331000,5043556.30000000,TUSDT
2023-08-04 19:00:00,0.02332000,0.02335000,0.02326000,0.02329000,493936.50000000,TUSDT
2023-08-04 20:00:00,0.02330000,0.02334000,0.02315000,0.02324000,3126422.20000000,TUSDT
2023-08-04 21:00:00,0.02323000,0.02336000,0.02323000,0.02335000,996306.00000000,TUSDT
2023-08-04 22:00:00,0.02333000,0.02340000,0.02333000,0.02339000,294438.50000000,TUSDT
2023-08-04 23:00:00,0.02337000,0.02344000,0.02336000,0.02340000,299718.30000000,TUSDT
2023-08-05 00:00:00,0.02341000,0.02353000,0.02325000,0.02338000,13270805.40000000,TUSDT
2023-08-05 01:00:00,0.02338000,0.02354000,0.02325000,0.02335000,10382343.20000000,TUSDT
2023-08-05 02:00:00,0.02338000,0.02365000,0.02338000,0.02357000,1665214.90000000,TUSDT
2023-08-05 03:00:00,0.02358000,0.02415000,0.02347000,0.02381000,11741998.80000000,TUSDT
2023-08-05 04:00:00,0.02381000,0.02381000,0.02335000,0.02340000,10854733.80000000,TUSDT
2023-08-05 05:00:00,0.02339000,0.02349000,0.02331000,0.02340000,2147671.00000000,TUSDT
2023-08-05 06:00:00,0.02339000,0.02349000,0.02333000,0.02341000,3448783.80000000,TUSDT
2023-08-05 07:00:00,0.02343000,0.02351000,0.02343000,0.02344000,748516.30000000,TUSDT
2023-08-05 08:00:00,0.02343000,0.02352000,0.02338000,0.02350000,536716.10000000,TUSDT
2023-08-05 09:00:00,0.02348000,0.02349000,0.02340000,0.02342000,329547.50000000,TUSDT
2023-08-05 10:00:00,0.02341000,0.02349000,0.02339000,0.02340000,815300.10000000,TUSDT
2023-08-05 11:00:00,0.02342000,0.02346000,0.02336000,0.02341000,652040.10000000,TUSDT
2023-08-05 12:00:00,0.02342000,0.02346000,0.02330000,0.02332000,1632695.60000000,TUSDT
2023-08-05 13:00:00,0.02333000,0.02344000,0.02333000,0.02344000,505665.50000000,TUSDT
2023-08-05 14:00:00,0.02344000,0.02365000,0.02341000,0.02361000,1763441.60000000,TUSDT
2023-08-05 15:00:00,0.02362000,0.02366000,0.02346000,0.02363000,1178377.90000000,TUSDT
2023-08-05 16:00:00,0.02361000,0.02364000,0.02344000,0.02346000,2737915.60000000,TUSDT
2023-08-05 17:00:00,0.02345000,0.02357000,0.02345000,0.02355000,374235.50000000,TUSDT
2023-08-05 18:00:00,0.02355000,0.02360000,0.02355000,0.02360000,156750.30000000,TUSDT
2023-08-05 19:00:00,0.02358000,0.02358000,0.02354000,0.02357000,114338.60000000,TUSDT
2023-08-05 20:00:00,0.02356000,0.02362000,0.02353000,0.02354000,380105.80000000,TUSDT
2023-08-05 21:00:00,0.02353000,0.02363000,0.02353000,0.02361000,323636.20000000,TUSDT
2023-08-05 22:00:00,0.02361000,0.02364000,0.02357000,0.02363000,598991.30000000,TUSDT
2023-08-05 23:00:00,0.02363000,0.02365000,0.02358000,0.02365000,419948.60000000,TUSDT
2023-08-06 00:00:00,0.02363000,0.02363000,0.02340000,0.02345000,2125732.40000000,TUSDT
2023-08-06 01:00:00,0.02346000,0.02350000,0.02341000,0.02346000,883855.60000000,TUSDT
2023-08-06 02:00:00,0.02346000,0.02368000,0.02346000,0.02361000,1995862.30000000,TUSDT
2023-08-06 03:00:00,0.02363000,0.02363000,0.02351000,0.02351000,433682.50000000,TUSDT
2023-08-06 04:00:00,0.02353000,0.02362000,0.02353000,0.02357000,1324548.30000000,TUSDT
2023-08-06 05:00:00,0.02357000,0.02365000,0.02353000,0.02361000,3452511.60000000,TUSDT
2023-08-06 06:00:00,0.02362000,0.02365000,0.02354000,0.02360000,5194245.10000000,TUSDT
2023-08-06 07:00:00,0.02360000,0.02370000,0.02357000,0.02366000,3923659.00000000,TUSDT
2023-08-06 08:00:00,0.02366000,0.02382000,0.02365000,0.02372000,3598843.40000000,TUSDT
2023-08-06 09:00:00,0.02371000,0.02374000,0.02355000,0.02357000,1456429.30000000,TUSDT
2023-08-06 10:00:00,0.02359000,0.02359000,0.02349000,0.02355000,616944.60000000,TUSDT
2023-08-06 11:00:00,0.02355000,0.02356000,0.02344000,0.02346000,776268.20000000,TUSDT
2023-08-06 12:00:00,0.02347000,0.02356000,0.02339000,0.02340000,1975541.20000000,TUSDT
2023-08-06 13:00:00,0.02339000,0.02343000,0.02333000,0.02333000,1494168.50000000,TUSDT
2023-08-06 14:00:00,0.02335000,0.02336000,0.02325000,0.02335000,1405719.70000000,TUSDT
2023-08-06 15:00:00,0.02335000,0.02348000,0.02332000,0.02344000,2326071.50000000,TUSDT
2023-08-06 16:00:00,0.02344000,0.02347000,0.02334000,0.02344000,777848.70000000,TUSDT
2023-08-06 17:00:00,0.02344000,0.02349000,0.02341000,0.02346000,699305.60000000,TUSDT
2023-08-06 18:00:00,0.02347000,0.02352000,0.02344000,0.02345000,725714.80000000,TUSDT
2023-08-06 19:00:00,0.02345000,0.02348000,0.02341000,0.02344000,847158.30000000,TUSDT
2023-08-06 20:00:00,0.02344000,0.02355000,0.02344000,0.02353000,357975.10000000,TUSDT
2023-08-06 21:00:00,0.02353000,0.02362000,0.02346000,0.02348000,942427.30000000,TUSDT
2023-08-06 22:00:00,0.02348000,0.02354000,0.02344000,0.02345000,1495440.90000000,TUSDT
2023-08-06 23:00:00,0.02344000,0.02351000,0.02340000,0.02349000,965471.60000000,TUSDT
2023-08-07 00:00:00,0.02350000,0.02351000,0.02326000,0.02331000,1770555.00000000,TUSDT
2023-08-07 01:00:00,0.02331000,0.02356000,0.02328000,0.02349000,2143020.80000000,TUSDT
2023-08-07 02:00:00,0.02349000,0.02395000,0.02346000,0.02356000,8171574.80000000,TUSDT
2023-08-07 03:00:00,0.02358000,0.02360000,0.02344000,0.02344000,1566982.40000000,TUSDT
2023-08-07 04:00:00,0.02345000,0.02350000,0.02339000,0.02343000,1384245.90000000,TUSDT
2023-08-07 05:00:00,0.02344000,0.02354000,0.02340000,0.02349000,5743369.40000000,TUSDT
2023-08-07 06:00:00,0.02350000,0.02352000,0.02326000,0.02332000,12343881.60000000,TUSDT
2023-08-07 07:00:00,0.02331000,0.02346000,0.02330000,0.02340000,5130673.50000000,TUSDT
2023-08-07 08:00:00,0.02340000,0.02345000,0.02327000,0.02332000,6774738.60000000,TUSDT
2023-08-07 09:00:00,0.02332000,0.02347000,0.02330000,0.02342000,1394524.10000000,TUSDT
2023-08-07 10:00:00,0.02343000,0.02345000,0.02337000,0.02344000,400675.50000000,TUSDT
2023-08-07 11:00:00,0.02343000,0.02345000,0.02332000,0.02333000,2803434.70000000,TUSDT
2023-08-07 12:00:00,0.02332000,0.02351000,0.02331000,0.02340000,8469846.50000000,TUSDT
2023-08-07 13:00:00,0.02339000,0.02352000,0.02320000,0.02332000,15211368.90000000,TUSDT
2023-08-07 14:00:00,0.02332000,0.02342000,0.02317000,0.02325000,6146543.30000000,TUSDT
2023-08-07 15:00:00,0.02325000,0.02328000,0.02307000,0.02308000,9075928.20000000,TUSDT
2023-08-07 16:00:00,0.02306000,0.02320000,0.02270000,0.02315000,11821965.90000000,TUSDT
2023-08-07 17:00:00,0.02313000,0.02327000,0.02311000,0.02317000,2336116.10000000,TUSDT
2023-08-07 18:00:00,0.02317000,0.02342000,0.02316000,0.02330000,1818872.50000000,TUSDT
2023-08-07 19:00:00,0.02331000,0.02334000,0.02326000,0.02333000,753111.90000000,TUSDT
2023-08-07 20:00:00,0.02334000,0.02338000,0.02331000,0.02338000,997836.80000000,TUSDT
2023-08-07 21:00:00,0.02337000,0.02348000,0.02336000,0.02337000,678337.40000000,TUSDT
2023-08-07 22:00:00,0.02336000,0.02343000,0.02336000,0.02337000,255009.60000000,TUSDT
2023-08-07 23:00:00,0.02337000,0.02347000,0.02333000,0.02341000,1003068.70000000,TUSDT
2023-08-08 00:00:00,0.02342000,0.02342000,0.02331000,0.02338000,3875771.40000000,TUSDT
2023-08-08 01:00:00,0.02338000,0.02347000,0.02331000,0.02337000,4579225.20000000,TUSDT
2023-08-08 02:00:00,0.02338000,0.02346000,0.02334000,0.02336000,1565696.80000000,TUSDT
2023-08-08 03:00:00,0.02337000,0.02344000,0.02334000,0.02342000,1399976.00000000,TUSDT
2023-08-08 04:00:00,0.02343000,0.02365000,0.02341000,0.02362000,2546530.10000000,TUSDT
2023-08-08 05:00:00,0.02363000,0.02373000,0.02337000,0.02342000,19837227.20000000,TUSDT
2023-08-08 06:00:00,0.02343000,0.02347000,0.02338000,0.02340000,22179553.40000000,TUSDT
2023-08-08 07:00:00,0.02340000,0.02343000,0.02335000,0.02337000,2848528.50000000,TUSDT
2023-08-08 08:00:00,0.02337000,0.02341000,0.02329000,0.02333000,4215037.00000000,TUSDT
2023-08-08 09:00:00,0.02333000,0.02350000,0.02333000,0.02346000,3704660.50000000,TUSDT
2023-08-08 10:00:00,0.02346000,0.02356000,0.02342000,0.02356000,3613146.80000000,TUSDT
2023-08-08 11:00:00,0.02357000,0.02358000,0.02345000,0.02353000,1234511.20000000,TUSDT
2023-08-08 12:00:00,0.02355000,0.02369000,0.02349000,0.02364000,14582940.70000000,TUSDT
2023-08-08 13:00:00,0.02365000,0.02369000,0.02352000,0.02352000,2174568.20000000,TUSDT
2023-08-08 14:00:00,0.02352000,0.02365000,0.02351000,0.02361000,573192.70000000,TUSDT
2023-08-08 15:00:00,0.02363000,0.02368000,0.02356000,0.02365000,745960.50000000,TUSDT
2023-08-08 16:00:00,0.02364000,0.02381000,0.02361000,0.02379000,12085384.30000000,TUSDT
2023-08-08 17:00:00,0.02379000,0.02387000,0.02370000,0.02382000,3424444.10000000,TUSDT
2023-08-08 18:00:00,0.02382000,0.02389000,0.02374000,0.02380000,2555332.10000000,TUSDT
2023-08-08 19:00:00,0.02380000,0.02391000,0.02379000,0.02384000,1148127.70000000,TUSDT
2023-08-08 20:00:00,0.02385000,0.02395000,0.02380000,0.02395000,1738608.20000000,TUSDT
2023-08-08 21:00:00,0.02395000,0.02408000,0.02380000,0.02382000,3079639.10000000,TUSDT
2023-08-08 22:00:00,0.02382000,0.02388000,0.02377000,0.02383000,1546227.10000000,TUSDT
2023-08-08 23:00:00,0.02383000,0.02395000,0.02382000,0.02391000,685706.60000000,TUSDT
2023-08-09 00:00:00,0.02392000,0.02394000,0.02377000,0.02378000,710303.60000000,TUSDT
2023-08-09 01:00:00,0.02378000,0.02394000,0.02376000,0.02388000,1721067.90000000,TUSDT
2023-08-09 02:00:00,0.02389000,0.02389000,0.02371000,0.02375000,1281738.90000000,TUSDT
2023-08-09 03:00:00,0.02372000,0.02380000,0.02371000,0.02376000,448600.40000000,TUSDT
2023-08-09 04:00:00,0.02376000,0.02380000,0.02373000,0.02380000,293105.80000000,TUSDT
2023-08-09 05:00:00,0.02379000,0.02387000,0.02373000,0.02379000,3013351.70000000,TUSDT
2023-08-09 06:00:00,0.02381000,0.02384000,0.02369000,0.02382000,936761.20000000,TUSDT
2023-08-09 07:00:00,0.02380000,0.02397000,0.02375000,0.02381000,3980854.60000000,TUSDT
2023-08-09 08:00:00,0.02381000,0.02389000,0.02380000,0.02380000,880977.80000000,TUSDT
2023-08-09 09:00:00,0.02380000,0.02384000,0.02379000,0.02379000,1695738.00000000,TUSDT
2023-08-09 10:00:00,0.02379000,0.02387000,0.02379000,0.02385000,582054.70000000,TUSDT
2023-08-09 11:00:00,0.02385000,0.02388000,0.02377000,0.02384000,1107745.40000000,TUSDT
2023-08-09 12:00:00,0.02384000,0.02400000,0.02382000,0.02395000,2105368.50000000,TUSDT
2023-08-09 13:00:00,0.02395000,0.02400000,0.02387000,0.02391000,1293442.70000000,TUSDT
2023-08-09 14:00:00,0.02388000,0.02394000,0.02380000,0.02383000,10605554.40000000,TUSDT
2023-08-09 15:00:00,0.02382000,0.02393000,0.02374000,0.02391000,3478823.00000000,TUSDT
2023-08-09 16:00:00,0.02390000,0.02397000,0.02382000,0.02383000,1446651.90000000,TUSDT
2023-08-09 17:00:00,0.02383000,0.02388000,0.02374000,0.02374000,920926.80000000,TUSDT
2023-08-09 18:00:00,0.02374000,0.02383000,0.02373000,0.02381000,610552.70000000,TUSDT
2023-08-09 19:00:00,0.02380000,0.02384000,0.02371000,0.02373000,793638.00000000,TUSDT
2023-08-09 20:00:00,0.02372000,0.02378000,0.02371000,0.02377000,289491.40000000,TUSDT
2023-08-09 21:00:00,0.02376000,0.02376000,0.02358000,0.02365000,1748471.30000000,TUSDT
2023-08-09 22:00:00,0.02366000,0.02376000,0.02366000,0.02376000,1013171.90000000,TUSDT
2023-08-09 23:00:00,0.02374000,0.02378000,0.02374000,0.02376000,521909.10000000,TUSDT
2023-08-10 00:00:00,0.02377000,0.02381000,0.02372000,0.02374000,729565.50000000,TUSDT
2023-08-10 01:00:00,0.02375000,0.02375000,0.02361000,0.02364000,1688360.40000000,TUSDT
2023-08-10 02:00:00,0.02364000,0.02369000,0.02362000,0.02362000,1423093.20000000,TUSDT
2023-08-10 03:00:00,0.02362000,0.02363000,0.02355000,0.02358000,980861.10000000,TUSDT
2023-08-10 04:00:00,0.02358000,0.02360000,0.02356000,0.02359000,431125.20000000,TUSDT
2023-08-10 05:00:00,0.02358000,0.02361000,0.02354000,0.02358000,679371.50000000,TUSDT
2023-08-10 06:00:00,0.02358000,0.02363000,0.02348000,0.02349000,2010941.80000000,TUSDT
2023-08-10 07:00:00,0.02349000,0.02351000,0.02342000,0.02350000,1154283.50000000,TUSDT
2023-08-10 08:00:00,0.02351000,0.02361000,0.02351000,0.02355000,1213026.60000000,TUSDT
2023-08-10 09:00:00,0.02357000,0.02358000,0.02351000,0.02357000,825544.60000000,TUSDT
2023-08-10 10:00:00,0.02357000,0.02360000,0.02353000,0.02357000,1455995.30000000,TUSDT
2023-08-10 11:00:00,0.02357000,0.02360000,0.02345000,0.02349000,1768837.20000000,TUSDT
2023-08-10 12:00:00,0.02347000,0.02366000,0.02347000,0.02358000,1479152.30000000,TUSDT
2023-08-10 13:00:00,0.02358000,0.02371000,0.02353000,0.02368000,913239.90000000,TUSDT
2023-08-10 14:00:00,0.02368000,0.02375000,0.02348000,0.02349000,1252377.70000000,TUSDT
2023-08-10 15:00:00,0.02353000,0.02355000,0.02350000,0.02352000,1330570.30000000,TUSDT
2023-08-10 16:00:00,0.02352000,0.02356000,0.02349000,0.02351000,550812.60000000,TUSDT
2023-08-10 17:00:00,0.02352000,0.02352000,0.02345000,0.02350000,503129.80000000,TUSDT
2023-08-10 18:00:00,0.02349000,0.02355000,0.02349000,0.02353000,536032.60000000,TUSDT
2023-08-10 19:00:00,0.02353000,0.02358000,0.02350000,0.02355000,704745.80000000,TUSDT
2023-08-10 20:00:00,0.02356000,0.02360000,0.02351000,0.02353000,556832.40000000,TUSDT
2023-08-10 21:00:00,0.02354000,0.02358000,0.02352000,0.02353000,492086.80000000,TUSDT
2023-08-10 22:00:00,0.02351000,0.02359000,0.02351000,0.02356000,727408.60000000,TUSDT
2023-08-10 23:00:00,0.02356000,0.02361000,0.02355000,0.02361000,193354.00000000,TUSDT
2023-08-11 00:00:00,0.02361000,0.02376000,0.02356000,0.02375000,1479272.10000000,TUSDT
2023-08-11 01:00:00,0.02372000,0.02372000,0.02357000,0.02368000,1218708.00000000,TUSDT
2023-08-11 02:00:00,0.02367000,0.02376000,0.02354000,0.02355000,1475184.70000000,TUSDT
2023-08-11 03:00:00,0.02354000,0.02358000,0.02354000,0.02356000,651851.40000000,TUSDT
2023-08-11 04:00:00,0.02356000,0.02362000,0.02356000,0.02360000,240801.00000000,TUSDT
2023-08-11 05:00:00,0.02359000,0.02365000,0.02354000,0.02364000,649481.20000000,TUSDT
2023-08-11 06:00:00,0.02365000,0.02365000,0.02355000,0.02360000,730817.80000000,TUSDT
2023-08-11 07:00:00,0.02360000,0.02362000,0.02350000,0.02350000,710517.00000000,TUSDT
2023-08-11 08:00:00,0.02351000,0.02355000,0.02338000,0.02340000,743365.40000000,TUSDT
2023-08-11 09:00:00,0.02339000,0.02347000,0.02338000,0.02339000,1085216.70000000,TUSDT
2023-08-11 10:00:00,0.02340000,0.02348000,0.02340000,0.02341000,543516.10000000,TUSDT
2023-08-11 11:00:00,0.02342000,0.02358000,0.02342000,0.02358000,1078908.80000000,TUSDT
2023-08-11 12:00:00,0.02360000,0.02360000,0.02353000,0.02354000,738925.30000000,TUSDT
2023-08-11 13:00:00,0.02354000,0.02366000,0.02352000,0.02365000,1060007.80000000,TUSDT
2023-08-11 14:00:00,0.02365000,0.02382000,0.02363000,0.02378000,2390854.00000000,TUSDT
2023-08-11 15:00:00,0.02377000,0.02379000,0.02351000,0.02354000,1688108.30000000,TUSDT
2023-08-11 16:00:00,0.02354000,0.02356000,0.02342000,0.02343000,1176221.20000000,TUSDT
2023-08-11 17:00:00,0.02343000,0.02355000,0.02340000,0.02348000,880927.00000000,TUSDT
2023-08-11 18:00:00,0.02348000,0.02349000,0.02340000,0.02344000,675722.20000000,TUSDT
2023-08-11 19:00:00,0.02339000,0.02347000,0.02338000,0.02345000,742181.10000000,TUSDT
2023-08-11 20:00:00,0.02346000,0.02353000,0.02345000,0.02350000,348640.50000000,TUSDT
2023-08-11 21:00:00,0.02351000,0.02359000,0.02349000,0.02351000,725659.60000000,TUSDT
2023-08-11 22:00:00,0.02350000,0.02362000,0.02348000,0.02362000,1192465.70000000,TUSDT
2023-08-11 23:00:00,0.02361000,0.02365000,0.02359000,0.02364000,399496.00000000,TUSDT
2023-08-12 00:00:00,0.02364000,0.02383000,0.02354000,0.02381000,5455297.50000000,TUSDT
2023-08-12 01:00:00,0.02378000,0.02378000,0.02364000,0.02370000,1976601.10000000,TUSDT
2023-08-12 02:00:00,0.02372000,0.02372000,0.02357000,0.02360000,1244097.60000000,TUSDT
2023-08-12 03:00:00,0.02358000,0.02359000,0.02349000,0.02352000,317379.20000000,TUSDT
2023-08-12 04:00:00,0.02354000,0.02361000,0.02354000,0.02357000,1064342.60000000,TUSDT
2023-08-12 05:00:00,0.02355000,0.02355000,0.02351000,0.02355000,525283.10000000,TUSDT
2023-08-12 06:00:00,0.02356000,0.02361000,0.02354000,0.02359000,1013194.10000000,TUSDT
2023-08-12 07:00:00,0.02361000,0.02366000,0.02354000,0.02355000,1767902.90000000,TUSDT
2023-08-12 08:00:00,0.02355000,0.02358000,0.02353000,0.02357000,1324393.80000000,TUSDT
2023-08-12 09:00:00,0.02357000,0.02362000,0.02356000,0.02358000,488212.40000000,TUSDT
2023-08-12 10:00:00,0.02358000,0.02363000,0.02358000,0.02362000,536484.40000000,TUSDT
2023-08-12 11:00:00,0.02363000,0.02365000,0.02361000,0.02365000,501570.00000000,TUSDT
2023-08-12 12:00:00,0.02364000,0.02365000,0.02357000,0.02361000,628808.30000000,TUSDT
2023-08-12 13:00:00,0.02360000,0.02361000,0.02355000,0.02356000,927495.50000000,TUSDT
2023-08-12 14:00:00,0.02357000,0.02364000,0.02356000,0.02364000,557690.10000000,TUSDT
2023-08-12 15:00:00,0.02361000,0.02363000,0.02354000,0.02357000,855713.30000000,TUSDT
2023-08-12 16:00:00,0.02356000,0.02364000,0.02356000,0.02360000,220766.70000000,TUSDT
2023-08-12 17:00:00,0.02360000,0.02360000,0.02352000,0.02355000,278494.60000000,TUSDT
2023-08-12 18:00:00,0.02353000,0.02357000,0.02348000,0.02349000,1422384.60000000,TUSDT
2023-08-12 19:00:00,0.02349000,0.02356000,0.02345000,0.02346000,968718.00000000,TUSDT
2023-08-12 20:00:00,0.02348000,0.02353000,0.02346000,0.02350000,705341.90000000,TUSDT
2023-08-12 21:00:00,0.02350000,0.02359000,0.02349000,0.02357000,770967.00000000,TUSDT
2023-08-12 22:00:00,0.02358000,0.02361000,0.02357000,0.02357000,492196.90000000,TUSDT
2023-08-12 23:00:00,0.02357000,0.02359000,0.02356000,0.02358000,135322.90000000,TUSDT
2023-08-13 00:00:00,0.02359000,0.02363000,0.02351000,0.02363000,479950.20000000,TUSDT
2023-08-13 01:00:00,0.02360000,0.02360000,0.02351000,0.02356000,789567.00000000,TUSDT
2023-08-13 02:00:00,0.02355000,0.02357000,0.02353000,0.02353000,457848.60000000,TUSDT
2023-08-13 03:00:00,0.02353000,0.02354000,0.02350000,0.02351000,458664.80000000,TUSDT
2023-08-13 04:00:00,0.02350000,0.02352000,0.02347000,0.02351000,168988.90000000,TUSDT
2023-08-13 05:00:00,0.02350000,0.02350000,0.02345000,0.02345000,355764.90000000,TUSDT
2023-08-13 06:00:00,0.02345000,0.02347000,0.02344000,0.02346000,307411.80000000,TUSDT
2023-08-13 07:00:00,0.02347000,0.02347000,0.02343000,0.02345000,332209.20000000,TUSDT
2023-08-13 08:00:00,0.02347000,0.02353000,0.02347000,0.02353000,196618.70000000,TUSDT
2023-08-13 09:00:00,0.02353000,0.02353000,0.02346000,0.02350000,547366.00000000,TUSDT
2023-08-13 10:00:00,0.02350000,0.02351000,0.02348000,0.02348000,204683.00000000,TUSDT
2023-08-13 11:00:00,0.02348000,0.02349000,0.02346000,0.02348000,196215.80000000,TUSDT
2023-08-13 12:00:00,0.02349000,0.02354000,0.02347000,0.02352000,336064.00000000,TUSDT
2023-08-13 13:00:00,0.02352000,0.02354000,0.02347000,0.02349000,491529.40000000,TUSDT
2023-08-13 14:00:00,0.02350000,0.02353000,0.02350000,0.02351000,842811.30000000,TUSDT
2023-08-13 15:00:00,0.02352000,0.02354000,0.02337000,0.02344000,2155993.80000000,TUSDT
2023-08-13 16:00:00,0.02343000,0.02345000,0.02339000,0.02343000,1100239.50000000,TUSDT
2023-08-13 17:00:00,0.02342000,0.02348000,0.02341000,0.02348000,433523.10000000,TUSDT
2023-08-13 18:00:00,0.02347000,0.02358000,0.02345000,0.02357000,1660961.10000000,TUSDT
2023-08-13 19:00:00,0.02358000,0.02367000,0.02355000,0.02365000,649652.90000000,TUSDT
2023-08-13 20:00:00,0.02365000,0.02371000,0.02356000,0.02368000,1623708.50000000,TUSDT
2023-08-13 21:00:00,0.02366000,0.02366000,0.02350000,0.02353000,900246.60000000,TUSDT
2023-08-13 22:00:00,0.02354000,0.02354000,0.02336000,0.02343000,587750.10000000,TUSDT
2023-08-13 23:00:00,0.02341000,0.02351000,0.02341000,0.02347000,293838.50000000,TUSDT
2023-08-14 00:00:00,0.02346000,0.02348000,0.02335000,0.02343000,786990.90000000,TUSDT
2023-08-14 01:00:00,0.02342000,0.02344000,0.02327000,0.02331000,2121699.10000000,TUSDT
2023-08-14 02:00:00,0.02329000,0.02336000,0.02309000,0.02334000,3374260.20000000,TUSDT
2023-08-14 03:00:00,0.02333000,0.02339000,0.02329000,0.02333000,905289.90000000,TUSDT
2023-08-14 04:00:00,0.02333000,0.02342000,0.02329000,0.02340000,671017.60000000,TUSDT
2023-08-14 05:00:00,0.02338000,0.02341000,0.02337000,0.02337000,440289.00000000,TUSDT
2023-08-14 06:00:00,0.02337000,0.02338000,0.02331000,0.02333000,608866.70000000,TUSDT
2023-08-14 07:00:00,0.02332000,0.02338000,0.02329000,0.02338000,666432.50000000,TUSDT
2023-08-14 08:00:00,0.02338000,0.02354000,0.02338000,0.02354000,865303.00000000,TUSDT
2023-08-14 09:00:00,0.02353000,0.02354000,0.02349000,0.02352000,715774.20000000,TUSDT
2023-08-14 10:00:00,0.02351000,0.02351000,0.02342000,0.02349000,548454.70000000,TUSDT
2023-08-14 11:00:00,0.02347000,0.02347000,0.02336000,0.02336000,342153.20000000,TUSDT
2023-08-14 12:00:00,0.02336000,0.02338000,0.02331000,0.02334000,1027389.70000000,TUSDT
2023-08-14 13:00:00,0.02335000,0.02337000,0.02331000,0.02334000,405938.80000000,TUSDT
2023-08-14 14:00:00,0.02334000,0.02344000,0.02334000,0.02340000,737405.60000000,TUSDT
2023-08-14 15:00:00,0.02341000,0.02349000,0.02339000,0.02346000,664022.80000000,TUSDT
2023-08-14 16:00:00,0.02346000,0.02353000,0.02345000,0.02351000,290537.10000000,TUSDT
2023-08-14 17:00:00,0.02350000,0.02352000,0.02333000,0.02334000,1368368.40000000,TUSDT
2023-08-14 18:00:00,0.02332000,0.02332000,0.02317000,0.02326000,1985006.00000000,TUSDT
2023-08-14 19:00:00,0.02327000,0.02331000,0.02322000,0.02328000,356497.10000000,TUSDT
2023-08-14 20:00:00,0.02328000,0.02337000,0.02328000,0.02336000,1622538.50000000,TUSDT
2023-08-14 21:00:00,0.02337000,0.02340000,0.02332000,0.02340000,292431.50000000,TUSDT
2023-08-14 22:00:00,0.02338000,0.02343000,0.02338000,0.02340000,506636.00000000,TUSDT
2023-08-14 23:00:00,0.02340000,0.02340000,0.02334000,0.02336000,699155.80000000,TUSDT
2023-08-15 00:00:00,0.02335000,0.02335000,0.02325000,0.02326000,668495.80000000,TUSDT
2023-08-15 01:00:00,0.02326000,0.02329000,0.02314000,0.02316000,2188630.30000000,TUSDT
2023-08-15 02:00:00,0.02316000,0.02321000,0.02304000,0.02304000,2041516.10000000,TUSDT
2023-08-15 03:00:00,0.02305000,0.02310000,0.02301000,0.02308000,3793995.70000000,TUSDT
2023-08-15 04:00:00,0.02307000,0.02312000,0.02307000,0.02310000,412920.40000000,TUSDT
2023-08-15 05:00:00,0.02310000,0.02310000,0.02301000,0.02303000,1519346.60000000,TUSDT
2023-08-15 06:00:00,0.02303000,0.02308000,0.02303000,0.02304000,756146.00000000,TUSDT
2023-08-15 07:00:00,0.02304000,0.02305000,0.02297000,0.02303000,436058.30000000,TUSDT
2023-08-15 08:00:00,0.02301000,0.02308000,0.02301000,0.02307000,867888.20000000,TUSDT
2023-08-15 09:00:00,0.02305000,0.02309000,0.02304000,0.02307000,1037453.20000000,TUSDT
2023-08-15 10:00:00,0.02306000,0.02307000,0.02301000,0.02305000,388154.50000000,TUSDT
2023-08-15 11:00:00,0.02307000,0.02308000,0.02297000,0.02298000,1656309.60000000,TUSDT
2023-08-15 12:00:00,0.02298000,0.02300000,0.02293000,0.02298000,715960.30000000,TUSDT
2023-08-15 13:00:00,0.02297000,0.02302000,0.02296000,0.02296000,413966.20000000,TUSDT
2023-08-15 14:00:00,0.02297000,0.02318000,0.02289000,0.02318000,3637377.70000000,TUSDT
2023-08-15 15:00:00,0.02318000,0.02319000,0.02302000,0.02308000,3782881.80000000,TUSDT
2023-08-15 16:00:00,0.02307000,0.02324000,0.02307000,0.02324000,3677256.90000000,TUSDT
2023-08-15 17:00:00,0.02322000,0.02335000,0.02318000,0.02335000,3971193.80000000,TUSDT
2023-08-15 18:00:00,0.02336000,0.02342000,0.02314000,0.02314000,4330281.30000000,TUSDT
2023-08-15 19:00:00,0.02314000,0.02318000,0.02200000,0.02245000,12257276.10000000,TUSDT
2023-08-15 20:00:00,0.02245000,0.02276000,0.02240000,0.02248000,3047597.90000000,TUSDT
2023-08-15 21:00:00,0.02248000,0.02257000,0.02241000,0.02244000,2299900.40000000,TUSDT
2023-08-15 22:00:00,0.02243000,0.02247000,0.02229000,0.02233000,2049784.40000000,TUSDT
2023-08-15 23:00:00,0.02233000,0.02239000,0.02231000,0.02233000,845271.10000000,TUSDT
2023-08-16 00:00:00,0.02233000,0.02242000,0.02212000,0.02214000,1638496.30000000,TUSDT
2023-08-16 01:00:00,0.02215000,0.02215000,0.02183000,0.02184000,4485419.50000000,TUSDT
2023-08-16 02:00:00,0.02184000,0.02196000,0.02182000,0.02190000,1749332.20000000,TUSDT
2023-08-16 03:00:00,0.02189000,0.02199000,0.02189000,0.02196000,1927992.30000000,TUSDT
2023-08-16 04:00:00,0.02196000,0.02202000,0.02186000,0.02189000,979495.00000000,TUSDT
2023-08-16 05:00:00,0.02190000,0.02194000,0.02160000,0.02162000,3447965.80000000,TUSDT
2023-08-16 06:00:00,0.02162000,0.02165000,0.02138000,0.02143000,2711090.80000000,TUSDT
2023-08-16 07:00:00,0.02142000,0.02147000,0.02137000,0.02142000,2331076.80000000,TUSDT
2023-08-16 08:00:00,0.02143000,0.02143000,0.02114000,0.02116000,2749381.80000000,TUSDT
2023-08-16 09:00:00,0.02116000,0.02120000,0.02098000,0.02111000,2736542.00000000,TUSDT
2023-08-16 10:00:00,0.02112000,0.02131000,0.02110000,0.02130000,1662060.60000000,TUSDT
2023-08-16 11:00:00,0.02130000,0.02148000,0.02127000,0.02131000,4690580.00000000,TUSDT
2023-08-16 12:00:00,0.02130000,0.02131000,0.02085000,0.02111000,6815751.60000000,TUSDT
2023-08-16 13:00:00,0.02111000,0.02113000,0.02084000,0.02090000,2733208.00000000,TUSDT
2023-08-16 14:00:00,0.02090000,0.02109000,0.02087000,0.02107000,2085908.30000000,TUSDT
2023-08-16 15:00:00,0.02108000,0.02108000,0.02098000,0.02105000,2364279.70000000,TUSDT
2023-08-16 16:00:00,0.02104000,0.02118000,0.02090000,0.02117000,4227932.50000000,TUSDT
2023-08-16 17:00:00,0.02116000,0.02116000,0.02098000,0.02112000,3595045.50000000,TUSDT
2023-08-16 18:00:00,0.02113000,0.02117000,0.02101000,0.02103000,1325642.60000000,TUSDT
2023-08-16 19:00:00,0.02103000,0.02103000,0.02090000,0.02092000,1347426.00000000,TUSDT
2023-08-16 20:00:00,0.02091000,0.02094000,0.02018000,0.02045000,8530732.20000000,TUSDT
2023-08-16 21:00:00,0.02045000,0.02045000,0.02007000,0.02011000,6771139.30000000,TUSDT
2023-08-16 22:00:00,0.02011000,0.02031000,0.02006000,0.02024000,5805960.80000000,TUSDT
2023-08-16 23:00:00,0.02024000,0.02045000,0.02020000,0.02040000,1370038.10000000,TUSDT
2023-08-17 00:00:00,0.02040000,0.02042000,0.02001000,0.02026000,3749578.90000000,TUSDT
2023-08-17 01:00:00,0.02026000,0.02047000,0.02026000,0.02045000,2150935.80000000,TUSDT
2023-08-17 02:00:00,0.02046000,0.02047000,0.02041000,0.02042000,1054594.70000000,TUSDT
2023-08-17 03:00:00,0.02042000,0.02057000,0.02041000,0.02054000,917484.90000000,TUSDT
2023-08-17 04:00:00,0.02055000,0.02066000,0.02054000,0.02057000,1833354.00000000,TUSDT
2023-08-17 05:00:00,0.02057000,0.02072000,0.02054000,0.02072000,953072.40000000,TUSDT
2023-08-17 06:00:00,0.02073000,0.02159000,0.02066000,0.02105000,16005398.20000000,TUSDT
2023-08-17 07:00:00,0.02105000,0.02141000,0.02080000,0.02093000,10386750.90000000,TUSDT
2023-08-17 08:00:00,0.02094000,0.02119000,0.02090000,0.02119000,2150139.60000000,TUSDT
2023-08-17 09:00:00,0.02119000,0.02123000,0.02089000,0.02106000,3545841.60000000,TUSDT
2023-08-17 10:00:00,0.02105000,0.02108000,0.02082000,0.02089000,2420108.90000000,TUSDT
2023-08-17 11:00:00,0.02089000,0.02090000,0.02070000,0.02075000,4791399.80000000,TUSDT
2023-08-17 12:00:00,0.02076000,0.02081000,0.02055000,0.02068000,3358703.20000000,TUSDT
2023-08-17 13:00:00,0.02069000,0.02079000,0.02062000,0.02064000,1494511.60000000,TUSDT
2023-08-17 14:00:00,0.02064000,0.02072000,0.02048000,0.02059000,3018316.00000000,TUSDT
2023-08-17 15:00:00,0.02059000,0.02069000,0.02020000,0.02032000,5391476.80000000,TUSDT
2023-08-17 16:00:00,0.02033000,0.02057000,0.02009000,0.02046000,4238263.90000000,TUSDT
2023-08-17 17:00:00,0.02048000,0.02059000,0.02044000,0.02049000,1655928.00000000,TUSDT
2023-08-17 18:00:00,0.02051000,0.02055000,0.02040000,0.02040000,1386487.30000000,TUSDT
2023-08-17 19:00:00,0.02041000,0.02051000,0.02040000,0.02042000,868624.10000000,TUSDT
2023-08-17 20:00:00,0.02043000,0.02045000,0.02010000,0.02018000,2759634.20000000,TUSDT
2023-08-17 21:00:00,0.02019000,0.02022000,0.01700000,0.01831000,15883081.40000000,TUSDT
2023-08-17 22:00:00,0.01831000,0.01875000,0.01804000,0.01875000,18945258.50000000,TUSDT
2023-08-17 23:00:00,0.01871000,0.01904000,0.01860000,0.01881000,7257364.10000000,TUSDT
2023-08-18 00:00:00,0.01881000,0.01905000,0.01872000,0.01892000,4406526.90000000,TUSDT
2023-08-18 01:00:00,0.01892000,0.01895000,0.01855000,0.01860000,3930087.70000000,TUSDT
2023-08-18 02:00:00,0.01861000,0.01876000,0.01836000,0.01836000,3482433.30000000,TUSDT
2023-08-18 03:00:00,0.01836000,0.01859000,0.01833000,0.01852000,4221521.40000000,TUSDT
2023-08-18 04:00:00,0.01853000,0.01864000,0.01832000,0.01848000,3216784.90000000,TUSDT
2023-08-18 05:00:00,0.01847000,0.01872000,0.01842000,0.01867000,2092282.70000000,TUSDT
2023-08-18 06:00:00,0.01868000,0.01905000,0.01868000,0.01894000,4783101.20000000,TUSDT
2023-08-18 07:00:00,0.01892000,0.01892000,0.01880000,0.01885000,2620678.00000000,TUSDT
2023-08-18 08:00:00,0.01884000,0.01895000,0.01879000,0.01895000,4268632.10000000,TUSDT
2023-08-18 09:00:00,0.01894000,0.01894000,0.01883000,0.01885000,1857432.60000000,TUSDT
2023-08-18 10:00:00,0.01885000,0.01890000,0.01879000,0.01887000,1106129.00000000,TUSDT
2023-08-18 11:00:00,0.01886000,0.01919000,0.01879000,0.01916000,2220636.20000000,TUSDT
2023-08-18 12:00:00,0.01916000,0.01919000,0.01878000,0.01889000,4314095.90000000,TUSDT
2023-08-18 13:00:00,0.01888000,0.01911000,0.01881000,0.01891000,4377830.60000000,TUSDT
2023-08-18 14:00:00,0.01890000,0.01896000,0.01874000,0.01880000,4156213.40000000,TUSDT
2023-08-18 15:00:00,0.01878000,0.01894000,0.01867000,0.01868000,3550759.80000000,TUSDT
2023-08-18 16:00:00,0.01868000,0.01879000,0.01856000,0.01862000,2854637.30000000,TUSDT
2023-08-18 17:00:00,0.01863000,0.01880000,0.01840000,0.01877000,3111823.40000000,TUSDT
2023-08-18 18:00:00,0.01877000,0.01906000,0.01870000,0.01893000,3624350.20000000,TUSDT
2023-08-18 19:00:00,0.01893000,0.01893000,0.01876000,0.01877000,1754710.40000000,TUSDT
2023-08-18 20:00:00,0.01878000,0.01894000,0.01877000,0.01885000,956129.00000000,TUSDT
2023-08-18 21:00:00,0.01885000,0.01899000,0.01884000,0.01897000,1338819.90000000,TUSDT
2023-08-18 22:00:00,0.01897000,0.01905000,0.01895000,0.01897000,627987.90000000,TUSDT
2023-08-18 23:00:00,0.01897000,0.01909000,0.01896000,0.01902000,1038280.50000000,TUSDT
2023-08-19 00:00:00,0.01903000,0.01923000,0.01898000,0.01917000,2436269.00000000,TUSDT
2023-08-19 01:00:00,0.01916000,0.01917000,0.01897000,0.01898000,1193422.20000000,TUSDT
2023-08-19 02:00:00,0.01898000,0.01916000,0.01896000,0.01907000,2612234.20000000,TUSDT
2023-08-19 03:00:00,0.01906000,0.01915000,0.01897000,0.01915000,1402974.60000000,TUSDT
2023-08-19 04:00:00,0.01914000,0.01920000,0.01907000,0.01913000,1064649.40000000,TUSDT
2023-08-19 05:00:00,0.01913000,0.01917000,0.01905000,0.01907000,3226954.20000000,TUSDT
2023-08-19 06:00:00,0.01906000,0.01917000,0.01906000,0.01908000,980780.60000000,TUSDT
2023-08-19 07:00:00,0.01908000,0.01917000,0.01903000,0.01915000,1747790.10000000,TUSDT
2023-08-19 08:00:00,0.01915000,0.01929000,0.01911000,0.01918000,928808.70000000,TUSDT
2023-08-19 09:00:00,0.01918000,0.01932000,0.01918000,0.01926000,2369480.90000000,TUSDT
2023-08-19 10:00:00,0.01926000,0.01927000,0.01917000,0.01920000,1078857.70000000,TUSDT
2023-08-19 11:00:00,0.01920000,0.01925000,0.01914000,0.01917000,707013.70000000,TUSDT
2023-08-19 12:00:00,0.01917000,0.01919000,0.01901000,0.01902000,2702233.60000000,TUSDT
2023-08-19 13:00:00,0.01902000,0.01908000,0.01896000,0.01905000,2407749.30000000,TUSDT
2023-08-19 14:00:00,0.01905000,0.01914000,0.01903000,0.01911000,1755588.10000000,TUSDT
2023-08-19 15:00:00,0.01911000,0.01925000,0.01910000,0.01925000,2003752.10000000,TUSDT
2023-08-19 16:00:00,0.01925000,0.01936000,0.01919000,0.01933000,751079.00000000,TUSDT
2023-08-19 17:00:00,0.01932000,0.01932000,0.01919000,0.01922000,1004357.40000000,TUSDT
2023-08-19 18:00:00,0.01923000,0.01926000,0.01918000,0.01924000,250093.00000000,TUSDT
2023-08-19 19:00:00,0.01924000,0.01929000,0.01921000,0.01922000,322033.80000000,TUSDT
2023-08-19 20:00:00,0.01922000,0.01924000,0.01913000,0.01917000,583179.40000000,TUSDT
2023-08-19 21:00:00,0.01917000,0.01924000,0.01916000,0.01923000,550609.50000000,TUSDT
2023-08-19 22:00:00,0.01922000,0.01930000,0.01918000,0.01923000,316397.10000000,TUSDT
2023-08-19 23:00:00,0.01920000,0.01936000,0.01920000,0.01936000,516528.70000000,TUSDT
2023-08-20 00:00:00,0.01936000,0.01962000,0.01934000,0.01956000,5900979.80000000,TUSDT
2023-08-20 01:00:00,0.01956000,0.01957000,0.01931000,0.01931000,1566909.50000000,TUSDT
2023-08-20 02:00:00,0.01931000,0.01932000,0.01925000,0.01926000,1007122.90000000,TUSDT
2023-08-20 03:00:00,0.01926000,0.01929000,0.01924000,0.01927000,285531.10000000,TUSDT
2023-08-20 04:00:00,0.01927000,0.01932000,0.01926000,0.01928000,652629.50000000,TUSDT
2023-08-20 05:00:00,0.01928000,0.01932000,0.01923000,0.01925000,936394.20000000,TUSDT
2023-08-20 06:00:00,0.01924000,0.01925000,0.01910000,0.01910000,1351661.20000000,TUSDT
2023-08-20 07:00:00,0.01910000,0.01921000,0.01909000,0.01918000,434992.30000000,TUSDT
2023-08-20 08:00:00,0.01918000,0.01926000,0.01916000,0.01924000,696355.30000000,TUSDT
2023-08-20 09:00:00,0.01924000,0.01935000,0.01921000,0.01932000,838478.50000000,TUSDT
2023-08-20 10:00:00,0.01932000,0.01940000,0.01925000,0.01937000,1231237.20000000,TUSDT
2023-08-20 11:00:00,0.01937000,0.01943000,0.01935000,0.01942000,430831.70000000,TUSDT
2023-08-20 12:00:00,0.01942000,0.01950000,0.01933000,0.01947000,446066.80000000,TUSDT
2023-08-20 13:00:00,0.01947000,0.01948000,0.01940000,0.01941000,773806.10000000,TUSDT
2023-08-20 14:00:00,0.01941000,0.01951000,0.01934000,0.01934000,1844546.30000000,TUSDT
2023-08-20 15:00:00,0.01932000,0.01938000,0.01917000,0.01931000,1617651.70000000,TUSDT
2023-08-20 16:00:00,0.01931000,0.01936000,0.01923000,0.01926000,463146.40000000,TUSDT
2023-08-20 17:00:00,0.01926000,0.01942000,0.01923000,0.01935000,537640.70000000,TUSDT
2023-08-20 18:00:00,0.01935000,0.01942000,0.01934000,0.01935000,464000.70000000,TUSDT
2023-08-20 19:00:00,0.01935000,0.01946000,0.01935000,0.01942000,610291.40000000,TUSDT
2023-08-20 20:00:00,0.01941000,0.01956000,0.01941000,0.01951000,758289.90000000,TUSDT
2023-08-20 21:00:00,0.01952000,0.01965000,0.01948000,0.01960000,1614660.20000000,TUSDT
2023-08-20 22:00:00,0.01958000,0.01961000,0.01954000,0.01959000,981155.90000000,TUSDT
2023-08-20 23:00:00,0.01959000,0.01970000,0.01950000,0.01966000,1483581.20000000,TUSDT
2023-08-21 00:00:00,0.01966000,0.01967000,0.01939000,0.01944000,2202455.20000000,TUSDT
2023-08-21 01:00:00,0.01944000,0.01950000,0.01941000,0.01946000,1068570.70000000,TUSDT
2023-08-21 02:00:00,0.01946000,0.01949000,0.01931000,0.01933000,772896.20000000,TUSDT
2023-08-21 03:00:00,0.01933000,0.01934000,0.01919000,0.01927000,836864.80000000,TUSDT
2023-08-21 04:00:00,0.01927000,0.01929000,0.01918000,0.01921000,946459.90000000,TUSDT
2023-08-21 05:00:00,0.01920000,0.01937000,0.01919000,0.01928000,1184370.20000000,TUSDT
2023-08-21 06:00:00,0.01928000,0.01936000,0.01917000,0.01918000,875675.00000000,TUSDT
2023-08-21 07:00:00,0.01918000,0.01921000,0.01901000,0.01910000,2096964.20000000,TUSDT
2023-08-21 08:00:00,0.01910000,0.01915000,0.01899000,0.01906000,1198610.90000000,TUSDT
2023-08-21 09:00:00,0.01906000,0.01914000,0.01901000,0.01904000,1136015.50000000,TUSDT
2023-08-21 10:00:00,0.01903000,0.01905000,0.01879000,0.01883000,7758834.50000000,TUSDT
2023-08-21 11:00:00,0.01883000,0.01902000,0.01883000,0.01902000,1179975.30000000,TUSDT
2023-08-21 12:00:00,0.01902000,0.01911000,0.01895000,0.01896000,958618.40000000,TUSDT
2023-08-21 13:00:00,0.01897000,0.01907000,0.01885000,0.01907000,1151579.90000000,TUSDT
2023-08-21 14:00:00,0.01905000,0.01915000,0.01901000,0.01906000,998398.10000000,TUSDT
2023-08-21 15:00:00,0.01906000,0.01908000,0.01855000,0.01874000,2982729.20000000,TUSDT
2023-08-21 16:00:00,0.01874000,0.01895000,0.01874000,0.01890000,1837625.20000000,TUSDT
2023-08-21 17:00:00,0.01891000,0.01897000,0.01884000,0.01893000,633487.50000000,TUSDT
2023-08-21 18:00:00,0.01893000,0.01900000,0.01892000,0.01893000,564722.40000000,TUSDT
2023-08-21 19:00:00,0.01893000,0.01908000,0.01893000,0.01904000,783574.80000000,TUSDT
2023-08-21 20:00:00,0.01904000,0.01913000,0.01904000,0.01909000,483876.60000000,TUSDT
2023-08-21 21:00:00,0.01909000,0.01913000,0.01902000,0.01913000,646215.10000000,TUSDT
2023-08-21 22:00:00,0.01913000,0.01918000,0.01912000,0.01917000,864086.50000000,TUSDT
2023-08-21 23:00:00,0.01917000,0.01922000,0.01906000,0.01906000,846833.70000000,TUSDT
2023-08-22 00:00:00,0.01906000,0.01910000,0.01901000,0.01905000,1334763.20000000,TUSDT
2023-08-22 01:00:00,0.01905000,0.01909000,0.01890000,0.01890000,747532.20000000,TUSDT
2023-08-22 02:00:00,0.01891000,0.01902000,0.01890000,0.01898000,730971.10000000,TUSDT
2023-08-22 03:00:00,0.01898000,0.01901000,0.01888000,0.01892000,608539.10000000,TUSDT
2023-08-22 04:00:00,0.01892000,0.01893000,0.01885000,0.01885000,244700.60000000,TUSDT
2023-08-22 05:00:00,0.01885000,0.01891000,0.01873000,0.01874000,1152495.60000000,TUSDT
2023-08-22 06:00:00,0.01874000,0.01889000,0.01874000,0.01888000,707976.10000000,TUSDT
2023-08-22 07:00:00,0.01886000,0.01899000,0.01885000,0.01898000,667603.60000000,TUSDT
2023-08-22 08:00:00,0.01898000,0.01899000,0.01886000,0.01888000,674878.10000000,TUSDT
2023-08-22 09:00:00,0.01888000,0.01895000,0.01887000,0.01889000,719493.40000000,TUSDT
2023-08-22 10:00:00,0.01889000,0.01890000,0.01874000,0.01876000,471659.50000000,TUSDT
2023-08-22 11:00:00,0.01876000,0.01882000,0.01871000,0.01874000,404369.40000000,TUSDT
2023-08-22 12:00:00,0.01874000,0.01886000,0.01874000,0.01879000,554696.10000000,TUSDT
2023-08-22 13:00:00,0.01879000,0.01879000,0.01853000,0.01856000,2329134.40000000,TUSDT
2023-08-22 14:00:00,0.01856000,0.01866000,0.01851000,0.01858000,1239789.90000000,TUSDT
2023-08-22 15:00:00,0.01858000,0.01864000,0.01853000,0.01853000,953170.10000000,TUSDT
2023-08-22 16:00:00,0.01853000,0.01861000,0.01835000,0.01859000,1928704.30000000,TUSDT
2023-08-22 17:00:00,0.01859000,0.01860000,0.01827000,0.01830000,1923474.00000000,TUSDT
2023-08-22 18:00:00,0.01830000,0.01838000,0.01816000,0.01831000,3233399.80000000,TUSDT
2023-08-22 19:00:00,0.01832000,0.01836000,0.01821000,0.01822000,592527.40000000,TUSDT
2023-08-22 20:00:00,0.01824000,0.01841000,0.01822000,0.01839000,1369341.40000000,TUSDT
2023-08-22 21:00:00,0.01840000,0.01843000,0.01804000,0.01819000,4375910.70000000,TUSDT
2023-08-22 22:00:00,0.01817000,0.01844000,0.01816000,0.01843000,811357.80000000,TUSDT
2023-08-22 23:00:00,0.01844000,0.01866000,0.01843000,0.01866000,2476640.60000000,TUSDT
2023-08-23 00:00:00,0.01866000,0.01872000,0.01855000,0.01855000,1956797.10000000,TUSDT
2023-08-23 01:00:00,0.01857000,0.01863000,0.01849000,0.01859000,567526.60000000,TUSDT
2023-08-23 02:00:00,0.01860000,0.01868000,0.01859000,0.01866000,790073.30000000,TUSDT
2023-08-23 03:00:00,0.01867000,0.01869000,0.01858000,0.01867000,702610.80000000,TUSDT
2023-08-23 04:00:00,0.01867000,0.01880000,0.01862000,0.01874000,1245606.10000000,TUSDT
2023-08-23 05:00:00,0.01875000,0.01875000,0.01861000,0.01870000,538437.40000000,TUSDT
2023-08-23 06:00:00,0.01870000,0.01876000,0.01864000,0.01868000,1710212.00000000,TUSDT
2023-08-23 07:00:00,0.01869000,0.01871000,0.01856000,0.01860000,899408.40000000,TUSDT
2023-08-23 08:00:00,0.01860000,0.01862000,0.01858000,0.01859000,552021.20000000,TUSDT
2023-08-23 09:00:00,0.01859000,0.01861000,0.01857000,0.01859000,418156.70000000,TUSDT
2023-08-23 10:00:00,0.01858000,0.01859000,0.01850000,0.01851000,896707.10000000,TUSDT
2023-08-23 11:00:00,0.01852000,0.01852000,0.01846000,0.01848000,749267.30000000,TUSDT
2023-08-23 12:00:00,0.01848000,0.01852000,0.01841000,0.01841000,619976.60000000,TUSDT
2023-08-23 13:00:00,0.01841000,0.01856000,0.01835000,0.01855000,1304576.10000000,TUSDT
2023-08-23 14:00:00,0.01855000,0.01868000,0.01854000,0.01866000,1112975.70000000,TUSDT
2023-08-23 15:00:00,0.01864000,0.01879000,0.01864000,0.01877000,1206472.90000000,TUSDT
2023-08-23 16:00:00,0.01877000,0.01916000,0.01876000,0.01907000,1855006.20000000,TUSDT
2023-08-23 17:00:00,0.01908000,0.01920000,0.01902000,0.01902000,1550505.20000000,TUSDT
2023-08-23 18:00:00,0.01902000,0.01907000,0.01894000,0.01896000,1144465.30000000,TUSDT
2023-08-23 19:00:00,0.01896000,0.01913000,0.01896000,0.01906000,1134656.00000000,TUSDT
2023-08-23 20:00:00,0.01906000,0.01914000,0.01903000,0.01906000,1022394.40000000,TUSDT
2023-08-23 21:00:00,0.01906000,0.01906000,0.01883000,0.01885000,1305984.20000000,TUSDT
2023-08-23 22:00:00,0.01886000,0.01898000,0.01885000,0.01897000,609760.90000000,TUSDT
2023-08-23 23:00:00,0.01896000,0.01904000,0.01894000,0.01904000,825438.20000000,TUSDT
2023-08-24 00:00:00,0.01905000,0.01906000,0.01895000,0.01899000,628450.50000000,TUSDT
2023-08-24 01:00:00,0.01897000,0.01898000,0.01885000,0.01885000,523939.50000000,TUSDT
2023-08-24 02:00:00,0.01885000,0.01897000,0.01884000,0.01893000,630393.10000000,TUSDT
2023-08-24 03:00:00,0.01893000,0.01898000,0.01891000,0.01895000,185148.80000000,TUSDT
2023-08-24 04:00:00,0.01895000,0.01897000,0.01887000,0.01895000,671619.90000000,TUSDT
2023-08-24 05:00:00,0.01895000,0.01899000,0.01893000,0.01894000,665180.50000000,TUSDT
2023-08-24 06:00:00,0.01893000,0.01904000,0.01889000,0.01896000,936561.80000000,TUSDT
2023-08-24 07:00:00,0.01896000,0.01901000,0.01893000,0.01898000,869505.20000000,TUSDT
2023-08-24 08:00:00,0.01898000,0.01898000,0.01888000,0.01894000,1760467.80000000,TUSDT
2023-08-24 09:00:00,0.01894000,0.01897000,0.01888000,0.01889000,545104.90000000,TUSDT
2023-08-24 10:00:00,0.01889000,0.01899000,0.01886000,0.01894000,1155681.90000000,TUSDT
2023-08-24 11:00:00,0.01895000,0.01900000,0.01895000,0.01895000,665910.90000000,TUSDT
2023-08-24 12:00:00,0.01894000,0.01900000,0.01886000,0.01897000,1508753.00000000,TUSDT
2023-08-24 13:00:00,0.01897000,0.01899000,0.01889000,0.01893000,704519.10000000,TUSDT
2023-08-24 14:00:00,0.01890000,0.01894000,0.01866000,0.01867000,1459656.70000000,TUSDT
2023-08-24 15:00:00,0.01866000,0.01871000,0.01860000,0.01861000,857152.40000000,TUSDT
2023-08-24 16:00:00,0.01861000,0.01873000,0.01860000,0.01868000,477119.90000000,TUSDT
2023-08-24 17:00:00,0.01868000,0.01870000,0.01855000,0.01861000,819503.40000000,TUSDT
2023-08-24 18:00:00,0.01863000,0.01866000,0.01857000,0.01863000,565023.50000000,TUSDT
2023-08-24 19:00:00,0.01863000,0.01870000,0.01861000,0.01861000,358800.20000000,TUSDT
2023-08-24 20:00:00,0.01861000,0.01861000,0.01830000,0.01836000,3021315.00000000,TUSDT
2023-08-24 21:00:00,0.01836000,0.01848000,0.01836000,0.01847000,2036497.50000000,TUSDT
2023-08-24 22:00:00,0.01848000,0.01853000,0.01845000,0.01852000,1018908.60000000,TUSDT
2023-08-24 23:00:00,0.01852000,0.01865000,0.01852000,0.01864000,1004602.90000000,TUSDT
2023-08-25 00:00:00,0.01864000,0.01866000,0.01846000,0.01846000,1585371.90000000,TUSDT
2023-08-25 01:00:00,0.01846000,0.01851000,0.01838000,0.01851000,762696.30000000,TUSDT
2023-08-25 02:00:00,0.01850000,0.01855000,0.01844000,0.01844000,573411.00000000,TUSDT
2023-08-25 03:00:00,0.01844000,0.01846000,0.01812000,0.01831000,2289459.30000000,TUSDT
2023-08-25 04:00:00,0.01832000,0.01833000,0.01812000,0.01815000,2141588.00000000,TUSDT
2023-08-25 05:00:00,0.01815000,0.01833000,0.01814000,0.01832000,1112557.90000000,TUSDT
2023-08-25 06:00:00,0.01830000,0.01831000,0.01826000,0.01828000,835541.00000000,TUSDT
2023-08-25 07:00:00,0.01828000,0.01836000,0.01825000,0.01825000,1262231.30000000,TUSDT
2023-08-25 08:00:00,0.01825000,0.01834000,0.01825000,0.01830000,1007711.90000000,TUSDT
2023-08-25 09:00:00,0.01830000,0.01836000,0.01827000,0.01828000,651130.80000000,TUSDT
2023-08-25 10:00:00,0.01828000,0.01839000,0.01828000,0.01833000,897645.40000000,TUSDT
2023-08-25 11:00:00,0.01834000,0.01841000,0.01834000,0.01837000,874236.40000000,TUSDT
2023-08-25 12:00:00,0.01837000,0.01842000,0.01834000,0.01837000,319460.00000000,TUSDT
2023-08-25 13:00:00,0.01837000,0.01843000,0.01835000,0.01835000,1147709.50000000,TUSDT
2023-08-25 14:00:00,0.01835000,0.01852000,0.01820000,0.01821000,2692109.70000000,TUSDT
2023-08-25 15:00:00,0.01821000,0.01841000,0.01819000,0.01836000,1896730.60000000,TUSDT
2023-08-25 16:00:00,0.01833000,0.01838000,0.01824000,0.01828000,1256408.70000000,TUSDT
2023-08-25 17:00:00,0.01828000,0.01834000,0.01826000,0.01830000,759912.40000000,TUSDT
2023-08-25 18:00:00,0.01828000,0.01847000,0.01826000,0.01846000,923585.90000000,TUSDT
2023-08-25 19:00:00,0.01846000,0.01848000,0.01837000,0.01839000,586710.50000000,TUSDT
2023-08-25 20:00:00,0.01839000,0.01844000,0.01838000,0.01844000,393160.00000000,TUSDT
2023-08-25 21:00:00,0.01844000,0.01848000,0.01839000,0.01846000,747316.10000000,TUSDT
2023-08-25 22:00:00,0.01846000,0.01850000,0.01845000,0.01850000,390352.50000000,TUSDT
2023-08-25 23:00:00,0.01849000,0.01851000,0.01846000,0.01851000,253752.40000000,TUSDT
2023-08-26 00:00:00,0.01851000,0.01852000,0.01834000,0.01839000,1479299.00000000,TUSDT
2023-08-26 01:00:00,0.01840000,0.01851000,0.01840000,0.01846000,897068.20000000,TUSDT
2023-08-26 02:00:00,0.01846000,0.01849000,0.01844000,0.01847000,221973.30000000,TUSDT
2023-08-26 03:00:00,0.01847000,0.01859000,0.01845000,0.01857000,820689.30000000,TUSDT
2023-08-26 04:00:00,0.01857000,0.01857000,0.01850000,0.01853000,322045.20000000,TUSDT
2023-08-26 05:00:00,0.01852000,0.01854000,0.01847000,0.01850000,373738.60000000,TUSDT
2023-08-26 06:00:00,0.01849000,0.01852000,0.01848000,0.01851000,183346.40000000,TUSDT
2023-08-26 07:00:00,0.01851000,0.01852000,0.01846000,0.01846000,498600.80000000,TUSDT
2023-08-26 08:00:00,0.01846000,0.01848000,0.01839000,0.01840000,263989.50000000,TUSDT
2023-08-26 09:00:00,0.01839000,0.01839000,0.01835000,0.01835000,694498.50000000,TUSDT
2023-08-26 10:00:00,0.01835000,0.01838000,0.01832000,0.01838000,328733.30000000,TUSDT
2023-08-26 11:00:00,0.01835000,0.01840000,0.01834000,0.01837000,357085.30000000,TUSDT
2023-08-26 12:00:00,0.01837000,0.01837000,0.01830000,0.01831000,608683.80000000,TUSDT
2023-08-26 13:00:00,0.01831000,0.01836000,0.01831000,0.01836000,283373.70000000,TUSDT
2023-08-26 14:00:00,0.01835000,0.01838000,0.01833000,0.01837000,292585.90000000,TUSDT
2023-08-26 15:00:00,0.01837000,0.01837000,0.01831000,0.01831000,197891.30000000,TUSDT
2023-08-26 16:00:00,0.01831000,0.01831000,0.01825000,0.01827000,1737743.70000000,TUSDT
2023-08-26 17:00:00,0.01827000,0.01831000,0.01824000,0.01826000,725528.60000000,TUSDT
2023-08-26 18:00:00,0.01825000,0.01828000,0.01822000,0.01824000,1019232.80000000,TUSDT
2023-08-26 19:00:00,0.01824000,0.01828000,0.01823000,0.01828000,245127.70000000,TUSDT
2023-08-26 20:00:00,0.01827000,0.01831000,0.01826000,0.01828000,327533.60000000,TUSDT
2023-08-26 21:00:00,0.01827000,0.01831000,0.01826000,0.01831000,315317.10000000,TUSDT
2023-08-26 22:00:00,0.01831000,0.01833000,0.01827000,0.01828000,226746.90000000,TUSDT
2023-08-26 23:00:00,0.01828000,0.01831000,0.01826000,0.01829000,369725.90000000,TUSDT
2023-08-27 00:00:00,0.01829000,0.01836000,0.01825000,0.01827000,1575266.00000000,TUSDT
2023-08-27 01:00:00,0.01827000,0.01828000,0.01824000,0.01826000,621592.80000000,TUSDT
2023-08-27 02:00:00,0.01826000,0.01828000,0.01825000,0.01826000,426947.80000000,TUSDT
2023-08-27 03:00:00,0.01827000,0.01834000,0.01827000,0.01830000,849819.90000000,TUSDT
2023-08-27 04:00:00,0.01830000,0.01835000,0.01830000,0.01833000,630054.30000000,TUSDT
2023-08-27 05:00:00,0.01833000,0.01834000,0.01828000,0.01831000,1294847.10000000,TUSDT
2023-08-27 06:00:00,0.01832000,0.01839000,0.01831000,0.01837000,623526.40000000,TUSDT
2023-08-27 07:00:00,0.01837000,0.01842000,0.01834000,0.01840000,582361.10000000,TUSDT
2023-08-27 08:00:00,0.01840000,0.01881000,0.01827000,0.01841000,25607824.60000000,TUSDT
2023-08-27 09:00:00,0.01840000,0.01840000,0.01829000,0.01831000,1006830.00000000,TUSDT
2023-08-27 10:00:00,0.01832000,0.01837000,0.01831000,0.01835000,571309.60000000,TUSDT
2023-08-27 11:00:00,0.01835000,0.01837000,0.01830000,0.01831000,645675.40000000,TUSDT
2023-08-27 12:00:00,0.01831000,0.01833000,0.01829000,0.01832000,391513.30000000,TUSDT
2023-08-27 13:00:00,0.01832000,0.01834000,0.01830000,0.01832000,657703.80000000,TUSDT
2023-08-27 14:00:00,0.01833000,0.01843000,0.01831000,0.01841000,665855.60000000,TUSDT
2023-08-27 15:00:00,0.01841000,0.01843000,0.01837000,0.01837000,449778.00000000,TUSDT
2023-08-27 16:00:00,0.01837000,0.01842000,0.01835000,0.01837000,1502698.60000000,TUSDT
2023-08-27 17:00:00,0.01837000,0.01838000,0.01827000,0.01829000,1087574.90000000,TUSDT
2023-08-27 18:00:00,0.01829000,0.01832000,0.01824000,0.01832000,634299.30000000,TUSDT
2023-08-27 19:00:00,0.01832000,0.01836000,0.01832000,0.01832000,496684.90000000,TUSDT
2023-08-27 20:00:00,0.01832000,0.01835000,0.01830000,0.01832000,1397290.70000000,TUSDT
2023-08-27 21:00:00,0.01831000,0.01836000,0.01828000,0.01829000,670070.20000000,TUSDT
2023-08-27 22:00:00,0.01829000,0.01832000,0.01827000,0.01832000,406223.70000000,TUSDT
2023-08-27 23:00:00,0.01832000,0.01837000,0.01831000,0.01837000,509536.10000000,TUSDT
2023-08-28 00:00:00,0.01837000,0.01837000,0.01812000,0.01818000,3642793.90000000,TUSDT
2023-08-28 01:00:00,0.01818000,0.01819000,0.01795000,0.01797000,3456480.30000000,TUSDT
2023-08-28 02:00:00,0.01797000,0.01802000,0.01795000,0.01798000,2229485.70000000,TUSDT
2023-08-28 03:00:00,0.01797000,0.01813000,0.01797000,0.01807000,2261876.10000000,TUSDT
2023-08-28 04:00:00,0.01807000,0.01807000,0.01796000,0.01800000,1154607.40000000,TUSDT
2023-08-28 05:00:00,0.01800000,0.01802000,0.01782000,0.01796000,1643788.40000000,TUSDT
2023-08-28 06:00:00,0.01795000,0.01801000,0.01794000,0.01795000,397498.30000000,TUSDT
2023-08-28 07:00:00,0.01796000,0.01797000,0.01781000,0.01786000,1350807.60000000,TUSDT
2023-08-28 08:00:00,0.01787000,0.01787000,0.01767000,0.01777000,3536884.10000000,TUSDT
2023-08-28 09:00:00,0.01777000,0.01778000,0.01763000,0.01775000,1350529.00000000,TUSDT
2023-08-28 10:00:00,0.01775000,0.01781000,0.01774000,0.01780000,417180.40000000,TUSDT
2023-08-28 11:00:00,0.01779000,0.01779000,0.01773000,0.01778000,263318.20000000,TUSDT
2023-08-28 12:00:00,0.01780000,0.01805000,0.01779000,0.01797000,2048967.30000000,TUSDT
2023-08-28 13:00:00,0.01795000,0.01797000,0.01785000,0.01791000,2372860.10000000,TUSDT
2023-08-28 14:00:00,0.01792000,0.01793000,0.01785000,0.01788000,723941.90000000,TUSDT
2023-08-28 15:00:00,0.01789000,0.01800000,0.01786000,0.01794000,1770402.50000000,TUSDT
2023-08-28 16:00:00,0.01793000,0.01805000,0.01787000,0.01804000,1602376.10000000,TUSDT
2023-08-28 17:00:00,0.01805000,0.01818000,0.01798000,0.01817000,1335933.30000000,TUSDT
2023-08-28 18:00:00,0.01815000,0.01815000,0.01806000,0.01810000,749522.20000000,TUSDT
2023-08-28 19:00:00,0.01810000,0.01810000,0.01790000,0.01798000,1040907.90000000,TUSDT
2023-08-28 20:00:00,0.01798000,0.01802000,0.01795000,0.01798000,634617.60000000,TUSDT
2023-08-28 21:00:00,0.01797000,0.01804000,0.01795000,0.01797000,458089.90000000,TUSDT
2023-08-28 22:00:00,0.01796000,0.01806000,0.01795000,0.01805000,1454280.70000000,TUSDT
2023-08-28 23:00:00,0.01806000,0.01813000,0.01806000,0.01806000,269677.30000000,TUSDT
2023-08-29 00:00:00,0.01808000,0.01810000,0.01790000,0.01797000,1420292.30000000,TUSDT
2023-08-29 01:00:00,0.01798000,0.01805000,0.01790000,0.01790000,1653975.20000000,TUSDT
2023-08-29 02:00:00,0.01791000,0.01791000,0.01784000,0.01786000,745386.30000000,TUSDT
2023-08-29 03:00:00,0.01786000,0.01787000,0.01774000,0.01785000,3056382.10000000,TUSDT
2023-08-29 04:00:00,0.01784000,0.01788000,0.01781000,0.01782000,433456.80000000,TUSDT
2023-08-29 05:00:00,0.01782000,0.01783000,0.01776000,0.01777000,960746.30000000,TUSDT
2023-08-29 06:00:00,0.01778000,0.01781000,0.01771000,0.01772000,569448.20000000,TUSDT
2023-08-29 07:00:00,0.01772000,0.01777000,0.01770000,0.01773000,933945.00000000,TUSDT
2023-08-29 08:00:00,0.01772000,0.01776000,0.01769000,0.01770000,1420740.50000000,TUSDT
2023-08-29 09:00:00,0.01771000,0.01773000,0.01763000,0.01767000,2961434.20000000,TUSDT
2023-08-29 10:00:00,0.01765000,0.01769000,0.01755000,0.01761000,2247433.30000000,TUSDT
2023-08-29 11:00:00,0.01762000,0.01767000,0.01759000,0.01761000,1015566.30000000,TUSDT
2023-08-29 12:00:00,0.01761000,0.01769000,0.01756000,0.01769000,1604291.00000000,TUSDT
2023-08-29 13:00:00,0.01770000,0.01775000,0.01765000,0.01768000,534716.20000000,TUSDT
2023-08-29 14:00:00,0.01770000,0.01893000,0.01770000,0.01881000,15837265.40000000,TUSDT
2023-08-29 15:00:00,0.01882000,0.01927000,0.01877000,0.01913000,21696247.00000000,TUSDT
2023-08-29 16:00:00,0.01913000,0.01941000,0.01905000,0.01911000,6417118.40000000,TUSDT
2023-08-29 17:00:00,0.01909000,0.01933000,0.01902000,0.01908000,6584361.50000000,TUSDT
2023-08-29 18:00:00,0.01910000,0.01917000,0.01907000,0.01911000,1617712.80000000,TUSDT
2023-08-29 19:00:00,0.01911000,0.01915000,0.01897000,0.01898000,2091592.90000000,TUSDT
2023-08-29 20:00:00,0.01899000,0.01906000,0.01891000,0.01891000,1973046.00000000,TUSDT
2023-08-29 21:00:00,0.01891000,0.01939000,0.01890000,0.01936000,6094955.80000000,TUSDT
2023-08-29 22:00:00,0.01936000,0.01967000,0.01929000,0.01961000,13037441.30000000,TUSDT
2023-08-29 23:00:00,0.01961000,0.01965000,0.01936000,0.01941000,6704036.40000000,TUSDT
2023-08-30 00:00:00,0.01942000,0.01949000,0.01924000,0.01924000,2358211.70000000,TUSDT
2023-08-30 01:00:00,0.01924000,0.01926000,0.01914000,0.01919000,1943939.40000000,TUSDT
2023-08-30 02:00:00,0.01918000,0.01921000,0.01906000,0.01908000,1822018.00000000,TUSDT
2023-08-30 03:00:00,0.01908000,0.01908000,0.01886000,0.01897000,3548912.50000000,TUSDT
2023-08-30 04:00:00,0.01895000,0.01899000,0.01891000,0.01894000,1307778.20000000,TUSDT
2023-08-30 05:00:00,0.01894000,0.01896000,0.01890000,0.01893000,1504450.70000000,TUSDT
2023-08-30 06:00:00,0.01894000,0.01894000,0.01886000,0.01886000,1092922.70000000,TUSDT
2023-08-30 07:00:00,0.01886000,0.01898000,0.01886000,0.01897000,1658496.50000000,TUSDT
2023-08-30 08:00:00,0.01897000,0.01897000,0.01890000,0.01891000,1265364.90000000,TUSDT
2023-08-30 09:00:00,0.01891000,0.01894000,0.01882000,0.01885000,2368169.00000000,TUSDT
2023-08-30 10:00:00,0.01886000,0.01895000,0.01883000,0.01891000,4770871.80000000,TUSDT
2023-08-30 11:00:00,0.01891000,0.01892000,0.01878000,0.01879000,3357234.30000000,TUSDT
2023-08-30 12:00:00,0.01879000,0.01885000,0.01874000,0.01881000,2176896.50000000,TUSDT
2023-08-30 13:00:00,0.01881000,0.01892000,0.01865000,0.01872000,5370927.20000000,TUSDT
2023-08-30 14:00:00,0.01872000,0.01885000,0.01837000,0.01844000,13342876.90000000,TUSDT
2023-08-30 15:00:00,0.01844000,0.01861000,0.01836000,0.01853000,2747656.10000000,TUSDT
2023-08-30 16:00:00,0.01853000,0.01854000,0.01837000,0.01841000,4264472.70000000,TUSDT
2023-08-30 17:00:00,0.01841000,0.01851000,0.01838000,0.01845000,1695064.40000000,TUSDT
2023-08-30 18:00:00,0.01845000,0.01853000,0.01843000,0.01851000,937831.80000000,TUSDT
2023-08-30 19:00:00,0.01851000,0.01851000,0.01845000,0.01845000,542405.60000000,TUSDT
2023-08-30 20:00:00,0.01846000,0.01852000,0.01844000,0.01846000,1071335.90000000,TUSDT
2023-08-30 21:00:00,0.01846000,0.01850000,0.01840000,0.01843000,1642250.70000000,TUSDT
2023-08-30 22:00:00,0.01844000,0.01847000,0.01842000,0.01842000,472926.50000000,TUSDT
2023-08-30 23:00:00,0.01842000,0.01845000,0.01842000,0.01844000,413899.10000000,TUSDT
2023-08-31 00:00:00,0.01845000,0.01845000,0.01787000,0.01806000,13047594.00000000,TUSDT
2023-08-31 01:00:00,0.01806000,0.01808000,0.01789000,0.01790000,4119562.00000000,TUSDT
2023-08-31 02:00:00,0.01790000,0.01803000,0.01789000,0.01790000,2978993.20000000,TUSDT
2023-08-31 03:00:00,0.01790000,0.01799000,0.01787000,0.01798000,1934704.00000000,TUSDT
2023-08-31 04:00:00,0.01798000,0.01804000,0.01790000,0.01799000,16070389.40000000,TUSDT
2023-08-31 05:00:00,0.01799000,0.01818000,0.01799000,0.01809000,3278082.50000000,TUSDT
2023-08-31 06:00:00,0.01810000,0.01812000,0.01801000,0.01809000,1233969.00000000,TUSDT
2023-08-31 07:00:00,0.01808000,0.01812000,0.01801000,0.01810000,1353740.00000000,TUSDT
2023-08-31 08:00:00,0.01810000,0.01816000,0.01801000,0.01803000,1883375.00000000,TUSDT
2023-08-31 09:00:00,0.01802000,0.01803000,0.01790000,0.01793000,1955239.30000000,TUSDT
2023-08-31 10:00:00,0.01793000,0.01795000,0.01788000,0.01793000,2215568.00000000,TUSDT
2023-08-31 11:00:00,0.01793000,0.01819000,0.01790000,0.01809000,4702116.60000000,TUSDT
2023-08-31 12:00:00,0.01809000,0.01811000,0.01797000,0.01804000,2895625.10000000,TUSDT
2023-08-31 13:00:00,0.01805000,0.01807000,0.01792000,0.01797000,1716454.50000000,TUSDT
2023-08-31 14:00:00,0.01798000,0.01811000,0.01790000,0.01798000,4629821.80000000,TUSDT
2023-08-31 15:00:00,0.01799000,0.01799000,0.01769000,0.01780000,5647671.10000000,TUSDT
2023-08-31 16:00:00,0.01781000,0.01783000,0.01731000,0.01734000,11513499.40000000,TUSDT
2023-08-31 17:00:00,0.01735000,0.01754000,0.01710000,0.01753000,6678458.70000000,TUSDT
2023-08-31 18:00:00,0.01752000,0.01761000,0.01751000,0.01756000,1816905.00000000,TUSDT
2023-08-31 19:00:00,0.01755000,0.01758000,0.01738000,0.01744000,2490576.80000000,TUSDT
2023-08-31 20:00:00,0.01744000,0.01747000,0.01738000,0.01741000,1567153.80000000,TUSDT
2023-08-31 21:00:00,0.01741000,0.01741000,0.01721000,0.01736000,2567794.60000000,TUSDT
2023-08-31 22:00:00,0.01736000,0.01740000,0.01733000,0.01739000,1394683.00000000,TUSDT
2023-08-31 23:00:00,0.01740000,0.01742000,0.01730000,0.01737000,958460.00000000,TUSDT
2023-09-01 00:00:00,0.01737000,0.01745000,0.01732000,0.01742000,1123464.00000000,TUSDT
2023-09-01 01:00:00,0.01741000,0.01743000,0.01726000,0.01728000,2028040.80000000,TUSDT
2023-09-01 02:00:00,0.01728000,0.01741000,0.01724000,0.01738000,1455651.30000000,TUSDT
2023-09-01 03:00:00,0.01738000,0.01739000,0.01733000,0.01734000,861271.30000000,TUSDT
2023-09-01 04:00:00,0.01734000,0.01736000,0.01731000,0.01732000,1907280.50000000,TUSDT
2023-09-01 05:00:00,0.01731000,0.01736000,0.01730000,0.01734000,1551944.40000000,TUSDT
2023-09-01 06:00:00,0.01734000,0.01738000,0.01715000,0.01722000,3074800.70000000,TUSDT
2023-09-01 07:00:00,0.01722000,0.01731000,0.01722000,0.01729000,2476298.20000000,TUSDT
2023-09-01 08:00:00,0.01729000,0.01729000,0.01720000,0.01720000,746299.80000000,TUSDT
2023-09-01 09:00:00,0.01720000,0.01728000,0.01719000,0.01724000,1714033.90000000,TUSDT
2023-09-01 10:00:00,0.01724000,0.01724000,0.01718000,0.01720000,627417.40000000,TUSDT
2023-09-01 11:00:00,0.01721000,0.01732000,0.01719000,0.01729000,720486.00000000,TUSDT
2023-09-01 12:00:00,0.01730000,0.01734000,0.01725000,0.01728000,1844130.30000000,TUSDT
2023-09-01 13:00:00,0.01728000,0.01732000,0.01720000,0.01728000,822397.80000000,TUSDT
2023-09-01 14:00:00,0.01724000,0.01725000,0.01705000,0.01709000,2377568.30000000,TUSDT
2023-09-01 15:00:00,0.01708000,0.01722000,0.01703000,0.01712000,1552399.10000000,TUSDT
2023-09-01 16:00:00,0.01712000,0.01718000,0.01707000,0.01707000,1215998.00000000,TUSDT
2023-09-01 17:00:00,0.01706000,0.01709000,0.01680000,0.01684000,10108775.50000000,TUSDT
2023-09-01 18:00:00,0.01684000,0.01712000,0.01683000,0.01701000,2782290.40000000,TUSDT
2023-09-01 19:00:00,0.01703000,0.01703000,0.01694000,0.01700000,770409.30000000,TUSDT
2023-09-01 20:00:00,0.01699000,0.01716000,0.01697000,0.01706000,1006668.60000000,TUSDT
2023-09-01 21:00:00,0.01706000,0.01710000,0.01698000,0.01704000,1077464.10000000,TUSDT
2023-09-01 22:00:00,0.01704000,0.01705000,0.01698000,0.01703000,1481440.90000000,TUSDT
2023-09-01 23:00:00,0.01702000,0.01708000,0.01699000,0.01702000,353074.70000000,TUSDT
2023-09-02 00:00:00,0.01702000,0.01708000,0.01697000,0.01698000,1807717.00000000,TUSDT
2023-09-02 01:00:00,0.01696000,0.01700000,0.01687000,0.01687000,810844.40000000,TUSDT
2023-09-02 02:00:00,0.01688000,0.01692000,0.01682000,0.01682000,1850729.50000000,TUSDT
2023-09-02 03:00:00,0.01682000,0.01695000,0.01682000,0.01695000,1353838.40000000,TUSDT
2023-09-02 04:00:00,0.01695000,0.01700000,0.01694000,0.01698000,1017339.70000000,TUSDT
2023-09-02 05:00:00,0.01697000,0.01700000,0.01691000,0.01693000,1354991.00000000,TUSDT
2023-09-02 06:00:00,0.01694000,0.01695000,0.01689000,0.01690000,619525.40000000,TUSDT
2023-09-02 07:00:00,0.01690000,0.01695000,0.01685000,0.01693000,1282001.80000000,TUSDT
2023-09-02 08:00:00,0.01692000,0.01694000,0.01676000,0.01679000,3053636.20000000,TUSDT
2023-09-02 09:00:00,0.01678000,0.01691000,0.01677000,0.01690000,1761724.00000000,TUSDT
2023-09-02 10:00:00,0.01690000,0.01692000,0.01685000,0.01688000,1572431.60000000,TUSDT
2023-09-02 11:00:00,0.01688000,0.01691000,0.01686000,0.01688000,1349282.90000000,TUSDT
2023-09-02 12:00:00,0.01688000,0.01694000,0.01687000,0.01689000,1193689.30000000,TUSDT
2023-09-02 13:00:00,0.01689000,0.01689000,0.01680000,0.01684000,2682021.00000000,TUSDT
2023-09-02 14:00:00,0.01684000,0.01693000,0.01679000,0.01692000,4074339.50000000,TUSDT
2023-09-02 15:00:00,0.01692000,0.01704000,0.01692000,0.01702000,1884951.30000000,TUSDT
2023-09-02 16:00:00,0.01702000,0.01703000,0.01695000,0.01697000,1513646.80000000,TUSDT
2023-09-02 17:00:00,0.01697000,0.01712000,0.01697000,0.01702000,2310758.50000000,TUSDT
2023-09-02 18:00:00,0.01702000,0.01705000,0.01695000,0.01701000,1204726.90000000,TUSDT
2023-09-02 19:00:00,0.01701000,0.01712000,0.01701000,0.01711000,1332924.60000000,TUSDT
2023-09-02 20:00:00,0.01711000,0.01713000,0.01709000,0.01712000,597316.80000000,TUSDT
2023-09-02 21:00:00,0.01712000,0.01717000,0.01709000,0.01712000,1090877.30000000,TUSDT
2023-09-02 22:00:00,0.01712000,0.01721000,0.01712000,0.01721000,1213272.90000000,TUSDT
2023-09-02 23:00:00,0.01720000,0.01721000,0.01712000,0.01717000,1308716.00000000,TUSDT
2023-09-03 00:00:00,0.01717000,0.01753000,0.01712000,0.01730000,7518780.90000000,TUSDT
2023-09-03 01:00:00,0.01729000,0.01737000,0.01718000,0.01718000,5229823.30000000,TUSDT
2023-09-03 02:00:00,0.01718000,0.01727000,0.01717000,0.01725000,930630.50000000,TUSDT
2023-09-03 03:00:00,0.01726000,0.01740000,0.01723000,0.01739000,1894065.90000000,TUSDT
2023-09-03 04:00:00,0.01738000,0.01749000,0.01737000,0.01744000,2260563.70000000,TUSDT
2023-09-03 05:00:00,0.01743000,0.01785000,0.01740000,0.01750000,11194999.30000000,TUSDT
2023-09-03 06:00:00,0.01749000,0.01752000,0.01735000,0.01751000,3011075.20000000,TUSDT
2023-09-03 07:00:00,0.01751000,0.01751000,0.01728000,0.01728000,1844890.20000000,TUSDT
2023-09-03 08:00:00,0.01727000,0.01730000,0.01715000,0.01718000,2365975.00000000,TUSDT
2023-09-03 09:00:00,0.01718000,0.01718000,0.01714000,0.01715000,756944.10000000,TUSDT
2023-09-03 10:00:00,0.01715000,0.01734000,0.01713000,0.01730000,1966826.50000000,TUSDT
2023-09-03 11:00:00,0.01730000,0.01739000,0.01730000,0.01739000,1221002.60000000,TUSDT
2023-09-03 12:00:00,0.01739000,0.01742000,0.01725000,0.01727000,3600812.60000000,TUSDT
2023-09-03 13:00:00,0.01727000,0.01728000,0.01711000,0.01711000,1916458.50000000,TUSDT
2023-09-03 14:00:00,0.01711000,0.01732000,0.01711000,0.01728000,1587273.80000000,TUSDT
2023-09-03 15:00:00,0.01728000,0.01728000,0.01719000,0.01719000,599562.40000000,TUSDT
2023-09-03 16:00:00,0.01719000,0.01720000,0.01702000,0.01711000,2640583.30000000,TUSDT
2023-09-03 17:00:00,0.01711000,0.01716000,0.01707000,0.01713000,2621568.00000000,TUSDT
2023-09-03 18:00:00,0.01713000,0.01729000,0.01713000,0.01722000,1086657.90000000,TUSDT
2023-09-03 19:00:00,0.01722000,0.01723000,0.01716000,0.01717000,429908.90000000,TUSDT
2023-09-03 20:00:00,0.01717000,0.01725000,0.01713000,0.01723000,934167.20000000,TUSDT
2023-09-03 21:00:00,0.01723000,0.01727000,0.01716000,0.01718000,894812.20000000,TUSDT
2023-09-03 22:00:00,0.01719000,0.01725000,0.01717000,0.01719000,900646.10000000,TUSDT
2023-09-03 23:00:00,0.01719000,0.01724000,0.01718000,0.01721000,590276.80000000,TUSDT
2023-09-04 00:00:00,0.01721000,0.01721000,0.01710000,0.01714000,2153395.40000000,TUSDT
2023-09-04 01:00:00,0.01713000,0.01718000,0.01708000,0.01713000,877704.40000000,TUSDT
2023-09-04 02:00:00,0.01713000,0.01726000,0.01708000,0.01724000,2174147.60000000,TUSDT
2023-09-04 03:00:00,0.01725000,0.01738000,0.01713000,0.01717000,2436657.90000000,TUSDT
2023-09-04 04:00:00,0.01718000,0.01723000,0.01715000,0.01717000,1062725.90000000,TUSDT
2023-09-04 05:00:00,0.01717000,0.01721000,0.01710000,0.01711000,1580628.10000000,TUSDT
2023-09-04 06:00:00,0.01711000,0.01720000,0.01709000,0.01713000,2047147.10000000,TUSDT
2023-09-04 07:00:00,0.01713000,0.01719000,0.01711000,0.01712000,603834.80000000,TUSDT
2023-09-04 08:00:00,0.01711000,0.01723000,0.01711000,0.01716000,863512.80000000,TUSDT
2023-09-04 09:00:00,0.01716000,0.01716000,0.01709000,0.01710000,668564.70000000,TUSDT
2023-09-04 10:00:00,0.01710000,0.01713000,0.01706000,0.01710000,783282.90000000,TUSDT
2023-09-04 11:00:00,0.01710000,0.01712000,0.01703000,0.01709000,1130238.50000000,TUSDT
2023-09-04 12:00:00,0.01708000,0.01710000,0.01693000,0.01694000,2567924.90000000,TUSDT
2023-09-04 13:00:00,0.01694000,0.01721000,0.01688000,0.01711000,4110272.00000000,TUSDT
2023-09-04 14:00:00,0.01711000,0.01719000,0.01705000,0.01706000,1168007.50000000,TUSDT
2023-09-04 15:00:00,0.01706000,0.01714000,0.01685000,0.01709000,4784963.00000000,TUSDT
2023-09-04 16:00:00,0.01709000,0.01717000,0.01707000,0.01714000,1312606.10000000,TUSDT
2023-09-04 17:00:00,0.01714000,0.01724000,0.01713000,0.01717000,1122597.60000000,TUSDT
2023-09-04 18:00:00,0.01718000,0.01718000,0.01712000,0.01716000,400312.40000000,TUSDT
2023-09-04 19:00:00,0.01717000,0.01722000,0.01717000,0.01720000,1526389.20000000,TUSDT
2023-09-04 20:00:00,0.01720000,0.01731000,0.01718000,0.01729000,2356188.70000000,TUSDT
2023-09-04 21:00:00,0.01730000,0.01732000,0.01705000,0.01706000,2100393.30000000,TUSDT
2023-09-04 22:00:00,0.01706000,0.01715000,0.01702000,0.01711000,1063108.90000000,TUSDT
2023-09-04 23:00:00,0.01711000,0.01718000,0.01708000,0.01715000,788522.30000000,TUSDT
2023-09-05 00:00:00,0.01716000,0.01716000,0.01703000,0.01705000,969483.70000000,TUSDT
2023-09-05 01:00:00,0.01704000,0.01708000,0.01699000,0.01703000,533595.60000000,TUSDT
2023-09-05 02:00:00,0.01704000,0.01710000,0.01701000,0.01702000,1108887.70000000,TUSDT
2023-09-05 03:00:00,0.01701000,0.01701000,0.01690000,0.01697000,1171268.30000000,TUSDT
2023-09-05 04:00:00,0.01697000,0.01700000,0.01695000,0.01696000,840384.50000000,TUSDT
2023-09-05 05:00:00,0.01696000,0.01702000,0.01694000,0.01700000,740503.80000000,TUSDT
2023-09-05 06:00:00,0.01699000,0.01700000,0.01692000,0.01695000,372282.20000000,TUSDT
2023-09-05 07:00:00,0.01696000,0.01703000,0.01693000,0.01701000,660906.20000000,TUSDT
2023-09-05 08:00:00,0.01701000,0.01706000,0.01693000,0.01702000,814377.10000000,TUSDT
2023-09-05 09:00:00,0.01703000,0.01708000,0.01698000,0.01707000,1355392.30000000,TUSDT
2023-09-05 10:00:00,0.01707000,0.01714000,0.01707000,0.01712000,750317.80000000,TUSDT
2023-09-05 11:00:00,0.01712000,0.01729000,0.01707000,0.01721000,3306478.50000000,TUSDT
2023-09-05 12:00:00,0.01720000,0.01726000,0.01711000,0.01724000,2781924.10000000,TUSDT
2023-09-05 13:00:00,0.01724000,0.01724000,0.01710000,0.01710000,1883049.60000000,TUSDT
2023-09-05 14:00:00,0.01711000,0.01720000,0.01705000,0.01716000,1900374.10000000,TUSDT
2023-09-05 15:00:00,0.01717000,0.01735000,0.01715000,0.01725000,2677304.30000000,TUSDT
2023-09-05 16:00:00,0.01726000,0.01743000,0.01724000,0.01731000,3903244.80000000,TUSDT
2023-09-05 17:00:00,0.01732000,0.01747000,0.01730000,0.01735000,2008025.90000000,TUSDT
2023-09-05 18:00:00,0.01736000,0.01738000,0.01726000,0.01731000,3355321.40000000,TUSDT
2023-09-05 19:00:00,0.01731000,0.01736000,0.01725000,0.01725000,714554.30000000,TUSDT
2023-09-05 20:00:00,0.01726000,0.01733000,0.01725000,0.01733000,839342.50000000,TUSDT
2023-09-05 21:00:00,0.01732000,0.01736000,0.01728000,0.01729000,734613.90000000,TUSDT
2023-09-05 22:00:00,0.01729000,0.01731000,0.01725000,0.01729000,730491.20000000,TUSDT
2023-09-05 23:00:00,0.01729000,0.01732000,0.01726000,0.01727000,793822.60000000,TUSDT
2023-09-06 00:00:00,0.01728000,0.01733000,0.01720000,0.01727000,1819213.90000000,TUSDT
2023-09-06 01:00:00,0.01727000,0.01734000,0.01723000,0.01727000,1964553.40000000,TUSDT
2023-09-06 02:00:00,0.01726000,0.01735000,0.01723000,0.01734000,826588.10000000,TUSDT
2023-09-06 03:00:00,0.01734000,0.01738000,0.01724000,0.01725000,860794.30000000,TUSDT
2023-09-06 04:00:00,0.01725000,0.01726000,0.01714000,0.01714000,617405.90000000,TUSDT
2023-09-06 05:00:00,0.01714000,0.01736000,0.01708000,0.01709000,4337023.70000000,TUSDT
2023-09-06 06:00:00,0.01708000,0.01715000,0.01708000,0.01715000,607459.00000000,TUSDT
2023-09-06 07:00:00,0.01715000,0.01723000,0.01713000,0.01719000,1377916.10000000,TUSDT
2023-09-06 08:00:00,0.01718000,0.01728000,0.01716000,0.01727000,1297011.80000000,TUSDT
2023-09-06 09:00:00,0.01727000,0.01800000,0.01700000,0.01734000,33787667.00000000,TUSDT
2023-09-06 10:00:00,0.01734000,0.01736000,0.01725000,0.01726000,1134030.80000000,TUSDT
2023-09-06 11:00:00,0.01726000,0.01730000,0.01724000,0.01725000,608721.50000000,TUSDT
2023-09-06 12:00:00,0.01726000,0.01730000,0.01720000,0.01722000,1280121.40000000,TUSDT
2023-09-06 13:00:00,0.01722000,0.01725000,0.01717000,0.01721000,1480285.60000000,TUSDT
2023-09-06 14:00:00,0.01720000,0.01722000,0.01704000,0.01709000,3711210.30000000,TUSDT
2023-09-06 15:00:00,0.01709000,0.01711000,0.01694000,0.01701000,2058495.70000000,TUSDT
2023-09-06 16:00:00,0.01700000,0.01704000,0.01698000,0.01699000,1184127.50000000,TUSDT
2023-09-06 17:00:00,0.01698000,0.01736000,0.01677000,0.01724000,7751356.40000000,TUSDT
2023-09-06 18:00:00,0.01724000,0.01729000,0.01706000,0.01706000,1803596.90000000,TUSDT
2023-09-06 19:00:00,0.01705000,0.01712000,0.01703000,0.01705000,568381.10000000,TUSDT
2023-09-06 20:00:00,0.01706000,0.01710000,0.01700000,0.01700000,527046.10000000,TUSDT
2023-09-06 21:00:00,0.01700000,0.01707000,0.01700000,0.01707000,321176.30000000,TUSDT
2023-09-06 22:00:00,0.01707000,0.01717000,0.01706000,0.01717000,1457559.90000000,TUSDT
2023-09-06 23:00:00,0.01716000,0.01718000,0.01710000,0.01718000,1062622.40000000,TUSDT
2023-09-07 00:00:00,0.01718000,0.01718000,0.01698000,0.01705000,2654978.70000000,TUSDT
2023-09-07 01:00:00,0.01706000,0.01708000,0.01703000,0.01707000,930130.00000000,TUSDT
2023-09-07 02:00:00,0.01706000,0.01709000,0.01702000,0.01705000,785600.50000000,TUSDT
2023-09-07 03:00:00,0.01705000,0.01714000,0.01705000,0.01714000,608985.70000000,TUSDT
2023-09-07 04:00:00,0.01714000,0.01715000,0.01706000,0.01708000,335201.60000000,TUSDT
2023-09-07 05:00:00,0.01708000,0.01715000,0.01706000,0.01711000,1038930.90000000,TUSDT
2023-09-07 06:00:00,0.01709000,0.01712000,0.01707000,0.01708000,388158.00000000,TUSDT
2023-09-07 07:00:00,0.01708000,0.01709000,0.01704000,0.01706000,709195.80000000,TUSDT
2023-09-07 08:00:00,0.01705000,0.01707000,0.01701000,0.01704000,1397602.00000000,TUSDT
2023-09-07 09:00:00,0.01704000,0.01707000,0.01700000,0.01701000,592970.10000000,TUSDT
2023-09-07 10:00:00,0.01701000,0.01705000,0.01696000,0.01700000,3440834.90000000,TUSDT
2023-09-07 11:00:00,0.01700000,0.01703000,0.01692000,0.01696000,1104522.70000000,TUSDT
2023-09-07 12:00:00,0.01695000,0.01700000,0.01690000,0.01693000,894665.70000000,TUSDT
2023-09-07 13:00:00,0.01693000,0.01712000,0.01692000,0.01705000,2533913.80000000,TUSDT
2023-09-07 14:00:00,0.01705000,0.01712000,0.01700000,0.01710000,1518610.40000000,TUSDT
2023-09-07 15:00:00,0.01712000,0.01714000,0.01705000,0.01710000,1577304.40000000,TUSDT
2023-09-07 16:00:00,0.01710000,0.01721000,0.01705000,0.01714000,4226723.40000000,TUSDT
2023-09-07 17:00:00,0.01714000,0.01719000,0.01711000,0.01717000,672299.90000000,TUSDT
2023-09-07 18:00:00,0.01718000,0.01719000,0.01711000,0.01713000,1440633.70000000,TUSDT
2023-09-07 19:00:00,0.01714000,0.01715000,0.01711000,0.01715000,335313.60000000,TUSDT
2023-09-07 20:00:00,0.01716000,0.01718000,0.01713000,0.01715000,575968.20000000,TUSDT
2023-09-07 21:00:00,0.01716000,0.01730000,0.01715000,0.01716000,2185668.30000000,TUSDT
2023-09-07 22:00:00,0.01716000,0.01732000,0.01716000,0.01729000,1577717.00000000,TUSDT
2023-09-07 23:00:00,0.01730000,0.01740000,0.01723000,0.01739000,2645144.50000000,TUSDT
2023-09-08 00:00:00,0.01739000,0.01754000,0.01726000,0.01748000,2960117.70000000,TUSDT
2023-09-08 01:00:00,0.01748000,0.01751000,0.01731000,0.01732000,1495554.10000000,TUSDT
2023-09-08 02:00:00,0.01733000,0.01736000,0.01724000,0.01732000,1593367.90000000,TUSDT
2023-09-08 03:00:00,0.01733000,0.01743000,0.01732000,0.01738000,2651377.00000000,TUSDT
2023-09-08 04:00:00,0.01739000,0.01745000,0.01736000,0.01742000,1744728.80000000,TUSDT
2023-09-08 05:00:00,0.01743000,0.01745000,0.01735000,0.01736000,2371710.30000000,TUSDT
2023-09-08 06:00:00,0.01736000,0.01739000,0.01732000,0.01736000,828502.00000000,TUSDT
2023-09-08 07:00:00,0.01737000,0.01744000,0.01736000,0.01743000,2118551.50000000,TUSDT
2023-09-08 08:00:00,0.01739000,0.01751000,0.01738000,0.01744000,3692643.50000000,TUSDT
2023-09-08 09:00:00,0.01743000,0.01746000,0.01730000,0.01730000,1921024.20000000,TUSDT
2023-09-08 10:00:00,0.01729000,0.01729000,0.01702000,0.01706000,5909251.70000000,TUSDT
2023-09-08 11:00:00,0.01706000,0.01713000,0.01702000,0.01709000,1867157.60000000,TUSDT
2023-09-08 12:00:00,0.01708000,0.01716000,0.01704000,0.01713000,1316063.10000000,TUSDT
2023-09-08 13:00:00,0.01714000,0.01721000,0.01713000,0.01716000,735937.40000000,TUSDT
2023-09-08 14:00:00,0.01716000,0.01721000,0.01713000,0.01715000,1172351.20000000,TUSDT
2023-09-08 15:00:00,0.01715000,0.01717000,0.01713000,0.01714000,441143.70000000,TUSDT
2023-09-08 16:00:00,0.01713000,0.01723000,0.01711000,0.01717000,2157253.50000000,TUSDT
2023-09-08 17:00:00,0.01717000,0.01728000,0.01717000,0.01727000,1224726.90000000,TUSDT
2023-09-08 18:00:00,0.01727000,0.01729000,0.01718000,0.01723000,2151930.00000000,TUSDT
2023-09-08 19:00:00,0.01723000,0.01725000,0.01721000,0.01723000,424482.60000000,TUSDT
2023-09-08 20:00:00,0.01722000,0.01725000,0.01718000,0.01721000,840516.80000000,TUSDT
2023-09-08 21:00:00,0.01721000,0.01728000,0.01719000,0.01725000,2034285.50000000,TUSDT
2023-09-08 22:00:00,0.01726000,0.01726000,0.01724000,0.01724000,198759.80000000,TUSDT
2023-09-08 23:00:00,0.01724000,0.01730000,0.01724000,0.01729000,339521.10000000,TUSDT
2023-09-09 00:00:00,0.01729000,0.01734000,0.01728000,0.01730000,521570.60000000,TUSDT
2023-09-09 01:00:00,0.01730000,0.01742000,0.01728000,0.01739000,2085516.00000000,TUSDT
2023-09-09 02:00:00,0.01738000,0.01740000,0.01728000,0.01740000,1765512.80000000,TUSDT
2023-09-09 03:00:00,0.01739000,0.01742000,0.01731000,0.01740000,820200.20000000,TUSDT
2023-09-09 04:00:00,0.01740000,0.01749000,0.01739000,0.01743000,4640814.80000000,TUSDT
2023-09-09 05:00:00,0.01743000,0.01750000,0.01730000,0.01734000,3735588.20000000,TUSDT
2023-09-09 06:00:00,0.01734000,0.01740000,0.01732000,0.01738000,895457.20000000,TUSDT
2023-09-09 07:00:00,0.01738000,0.01744000,0.01737000,0.01741000,1430348.50000000,TUSDT
2023-09-09 08:00:00,0.01742000,0.01748000,0.01738000,0.01740000,2120921.50000000,TUSDT
2023-09-09 09:00:00,0.01739000,0.01745000,0.01738000,0.01741000,480050.00000000,TUSDT
2023-09-09 10:00:00,0.01741000,0.01743000,0.01740000,0.01740000,406265.90000000,TUSDT
2023-09-09 11:00:00,0.01741000,0.01754000,0.01741000,0.01743000,2746489.20000000,TUSDT
2023-09-09 12:00:00,0.01743000,0.01747000,0.01739000,0.01742000,1461034.10000000,TUSDT
2023-09-09 13:00:00,0.01742000,0.01757000,0.01739000,0.01745000,3595161.40000000,TUSDT
2023-09-09 14:00:00,0.01745000,0.01750000,0.01740000,0.01741000,1845191.40000000,TUSDT
2023-09-09 15:00:00,0.01741000,0.01759000,0.01740000,0.01758000,1060296.70000000,TUSDT
2023-09-09 16:00:00,0.01755000,0.01795000,0.01755000,0.01769000,13373180.70000000,TUSDT
2023-09-09 17:00:00,0.01770000,0.01771000,0.01754000,0.01770000,4124947.20000000,TUSDT
2023-09-09 18:00:00,0.01771000,0.01771000,0.01754000,0.01763000,3906069.20000000,TUSDT
2023-09-09 19:00:00,0.01764000,0.01776000,0.01762000,0.01772000,3775344.20000000,TUSDT
2023-09-09 20:00:00,0.01771000,0.01776000,0.01766000,0.01774000,1736172.00000000,TUSDT
2023-09-09 21:00:00,0.01774000,0.01785000,0.01766000,0.01772000,4861466.80000000,TUSDT
2023-09-09 22:00:00,0.01770000,0.01772000,0.01758000,0.01762000,2738401.90000000,TUSDT
2023-09-09 23:00:00,0.01762000,0.01767000,0.01760000,0.01765000,699821.70000000,TUSDT
2023-09-10 00:00:00,0.01766000,0.01766000,0.01737000,0.01758000,3557159.10000000,TUSDT
2023-09-10 01:00:00,0.01758000,0.01758000,0.01738000,0.01752000,2395466.10000000,TUSDT
2023-09-10 02:00:00,0.01751000,0.01760000,0.01747000,0.01752000,1996337.50000000,TUSDT
2023-09-10 03:00:00,0.01752000,0.01760000,0.01745000,0.01757000,2763015.90000000,TUSDT
2023-09-10 04:00:00,0.01754000,0.01754000,0.01656000,0.01696000,16289941.90000000,TUSDT
2023-09-10 05:00:00,0.01695000,0.01703000,0.01691000,0.01701000,2803345.10000000,TUSDT
2023-09-10 06:00:00,0.01701000,0.01723000,0.01700000,0.01715000,4712057.00000000,TUSDT
2023-09-10 07:00:00,0.01716000,0.01727000,0.01712000,0.01713000,2029170.70000000,TUSDT
2023-09-10 08:00:00,0.01712000,0.01722000,0.01705000,0.01715000,3848371.60000000,TUSDT
2023-09-10 09:00:00,0.01715000,0.01715000,0.01710000,0.01711000,824304.20000000,TUSDT
2023-09-10 10:00:00,0.01712000,0.01712000,0.01697000,0.01697000,3674481.20000000,TUSDT
2023-09-10 11:00:00,0.01698000,0.01705000,0.01695000,0.01703000,2742338.50000000,TUSDT
2023-09-10 12:00:00,0.01702000,0.01711000,0.01702000,0.01708000,1153781.50000000,TUSDT
2023-09-10 13:00:00,0.01707000,0.01713000,0.01701000,0.01709000,1188013.30000000,TUSDT
2023-09-10 14:00:00,0.01709000,0.01715000,0.01697000,0.01699000,2336179.10000000,TUSDT
2023-09-10 15:00:00,0.01699000,0.01702000,0.01687000,0.01701000,2014079.10000000,TUSDT
2023-09-10 16:00:00,0.01699000,0.01700000,0.01678000,0.01688000,5331450.30000000,TUSDT
2023-09-10 17:00:00,0.01690000,0.01690000,0.01679000,0.01686000,1856070.10000000,TUSDT
2023-09-10 18:00:00,0.01684000,0.01691000,0.01678000,0.01687000,7180943.70000000,TUSDT
2023-09-10 19:00:00,0.01686000,0.01692000,0.01675000,0.01690000,2169368.00000000,TUSDT
2023-09-10 20:00:00,0.01687000,0.01699000,0.01685000,0.01696000,1701254.40000000,TUSDT
2023-09-10 21:00:00,0.01695000,0.01700000,0.01693000,0.01697000,1439781.00000000,TUSDT
2023-09-10 22:00:00,0.01698000,0.01707000,0.01697000,0.01697000,2667964.40000000,TUSDT
2023-09-10 23:00:00,0.01697000,0.01701000,0.01696000,0.01698000,1106881.20000000,TUSDT
2023-09-11 00:00:00,0.01700000,0.01707000,0.01682000,0.01687000,2351391.30000000,TUSDT
2023-09-11 01:00:00,0.01687000,0.01691000,0.01657000,0.01663000,4203557.40000000,TUSDT
2023-09-11 02:00:00,0.01663000,0.01676000,0.01661000,0.01670000,1119178.80000000,TUSDT
2023-09-11 03:00:00,0.01670000,0.01679000,0.01670000,0.01676000,705331.60000000,TUSDT
2023-09-11 04:00:00,0.01676000,0.01685000,0.01674000,0.01682000,1595446.00000000,TUSDT
2023-09-11 05:00:00,0.01682000,0.01686000,0.01676000,0.01685000,867919.90000000,TUSDT
2023-09-11 06:00:00,0.01685000,0.01689000,0.01682000,0.01684000,593475.90000000,TUSDT
2023-09-11 07:00:00,0.01682000,0.01685000,0.01676000,0.01679000,623893.60000000,TUSDT
2023-09-11 08:00:00,0.01679000,0.01679000,0.01649000,0.01663000,2956445.20000000,TUSDT
2023-09-11 09:00:00,0.01662000,0.01667000,0.01641000,0.01645000,6405660.80000000,TUSDT
2023-09-11 10:00:00,0.01644000,0.01644000,0.01596000,0.01625000,12309583.90000000,TUSDT
2023-09-11 11:00:00,0.01624000,0.01637000,0.01621000,0.01625000,3086395.20000000,TUSDT
2023-09-11 12:00:00,0.01625000,0.01642000,0.01623000,0.01641000,4134663.70000000,TUSDT
2023-09-11 13:00:00,0.01641000,0.01645000,0.01632000,0.01632000,1870455.80000000,TUSDT
2023-09-11 14:00:00,0.01632000,0.01634000,0.01582000,0.01602000,11144085.30000000,TUSDT
2023-09-11 15:00:00,0.01602000,0.01618000,0.01595000,0.01617000,4265157.40000000,TUSDT
2023-09-11 16:00:00,0.01617000,0.01624000,0.01617000,0.01618000,1989063.10000000,TUSDT
2023-09-11 17:00:00,0.01618000,0.01624000,0.01611000,0.01623000,1020004.60000000,TUSDT
2023-09-11 18:00:00,0.01622000,0.01624000,0.01605000,0.01605000,1409172.70000000,TUSDT
2023-09-11 19:00:00,0.01604000,0.01608000,0.01582000,0.01588000,3133506.10000000,TUSDT
2023-09-11 20:00:00,0.01588000,0.01604000,0.01583000,0.01603000,2310233.90000000,TUSDT
2023-09-11 21:00:00,0.01603000,0.01609000,0.01597000,0.01599000,1260932.70000000,TUSDT
2023-09-11 22:00:00,0.01600000,0.01611000,0.01600000,0.01609000,1536726.90000000,TUSDT
2023-09-11 23:00:00,0.01609000,0.01612000,0.01605000,0.01610000,645742.10000000,TUSDT
2023-09-12 00:00:00,0.01610000,0.01620000,0.01604000,0.01614000,1989020.70000000,TUSDT
2023-09-12 01:00:00,0.01615000,0.01616000,0.01593000,0.01601000,3044772.50000000,TUSDT
2023-09-12 02:00:00,0.01601000,0.01613000,0.01601000,0.01613000,1126646.50000000,TUSDT
2023-09-12 03:00:00,0.01614000,0.01660000,0.01614000,0.01651000,5958380.40000000,TUSDT
2023-09-12 04:00:00,0.01651000,0.01655000,0.01645000,0.01646000,2904708.40000000,TUSDT
2023-09-12 05:00:00,0.01646000,0.01646000,0.01634000,0.01637000,940149.30000000,TUSDT
2023-09-12 06:00:00,0.01638000,0.01642000,0.01632000,0.01633000,922254.20000000,TUSDT
2023-09-12 07:00:00,0.01633000,0.01636000,0.01624000,0.01629000,2004982.70000000,TUSDT
2023-09-12 08:00:00,0.01629000,0.01634000,0.01623000,0.01624000,1103365.70000000,TUSDT
2023-09-12 09:00:00,0.01624000,0.01638000,0.01622000,0.01635000,1536021.50000000,TUSDT
2023-09-12 10:00:00,0.01637000,0.01666000,0.01630000,0.01658000,5201713.90000000,TUSDT
2023-09-12 11:00:00,0.01659000,0.01662000,0.01654000,0.01662000,760473.00000000,TUSDT
2023-09-12 12:00:00,0.01660000,0.01664000,0.01648000,0.01650000,814160.30000000,TUSDT
2023-09-12 13:00:00,0.01648000,0.01659000,0.01641000,0.01658000,1651084.90000000,TUSDT
2023-09-12 14:00:00,0.01658000,0.01662000,0.01639000,0.01646000,2293439.30000000,TUSDT
2023-09-12 15:00:00,0.01646000,0.01655000,0.01646000,0.01653000,915750.00000000,TUSDT
2023-09-12 16:00:00,0.01654000,0.01669000,0.01642000,0.01643000,1548256.50000000,TUSDT
2023-09-12 17:00:00,0.01642000,0.01647000,0.01626000,0.01630000,2239244.00000000,TUSDT
2023-09-12 18:00:00,0.01630000,0.01637000,0.01628000,0.01633000,1289237.10000000,TUSDT
2023-09-12 19:00:00,0.01633000,0.01645000,0.01633000,0.01636000,1036161.10000000,TUSDT
2023-09-12 20:00:00,0.01636000,0.01642000,0.01635000,0.01635000,582764.90000000,TUSDT
2023-09-12 21:00:00,0.01635000,0.01644000,0.01634000,0.01635000,739380.70000000,TUSDT
2023-09-12 22:00:00,0.01635000,0.01636000,0.01626000,0.01628000,1197415.00000000,TUSDT
2023-09-12 23:00:00,0.01628000,0.01631000,0.01623000,0.01626000,1089402.00000000,TUSDT
2023-09-13 00:00:00,0.01626000,0.01642000,0.01622000,0.01636000,1679119.50000000,TUSDT
2023-09-13 01:00:00,0.01636000,0.01639000,0.01632000,0.01635000,450485.00000000,TUSDT
2023-09-13 02:00:00,0.01634000,0.01637000,0.01625000,0.01627000,1419443.30000000,TUSDT
2023-09-13 03:00:00,0.01627000,0.01629000,0.01612000,0.01613000,763542.60000000,TUSDT
2023-09-13 04:00:00,0.01612000,0.01635000,0.01610000,0.01635000,2619726.90000000,TUSDT
2023-09-13 05:00:00,0.01635000,0.01635000,0.01620000,0.01627000,1793728.60000000,TUSDT
2023-09-13 06:00:00,0.01627000,0.01638000,0.01624000,0.01635000,891962.40000000,TUSDT
2023-09-13 07:00:00,0.01635000,0.01668000,0.01629000,0.01635000,7751074.40000000,TUSDT
2023-09-13 08:00:00,0.01635000,0.01648000,0.01633000,0.01644000,1293127.80000000,TUSDT
2023-09-13 09:00:00,0.01645000,0.01655000,0.01638000,0.01652000,1529528.20000000,TUSDT
2023-09-13 10:00:00,0.01653000,0.01655000,0.01646000,0.01650000,927887.70000000,TUSDT
2023-09-13 11:00:00,0.01650000,0.01662000,0.01644000,0.01660000,1358928.00000000,TUSDT
2023-09-13 12:00:00,0.01659000,0.01665000,0.01647000,0.01664000,5213092.30000000,TUSDT
2023-09-13 13:00:00,0.01665000,0.01672000,0.01651000,0.01669000,2499485.90000000,TUSDT
2023-09-13 14:00:00,0.01668000,0.01687000,0.01659000,0.01674000,2480344.50000000,TUSDT
2023-09-13 15:00:00,0.01677000,0.01680000,0.01672000,0.01672000,658423.70000000,TUSDT
2023-09-13 16:00:00,0.01673000,0.01687000,0.01671000,0.01671000,2101312.70000000,TUSDT
2023-09-13 17:00:00,0.01671000,0.01674000,0.01661000,0.01661000,1251330.80000000,TUSDT
2023-09-13 18:00:00,0.01661000,0.01664000,0.01656000,0.01660000,1301676.80000000,TUSDT
2023-09-13 19:00:00,0.01659000,0.01669000,0.01656000,0.01662000,781732.90000000,TUSDT
2023-09-13 20:00:00,0.01661000,0.01667000,0.01660000,0.01666000,412422.20000000,TUSDT
2023-09-13 21:00:00,0.01666000,0.01666000,0.01660000,0.01661000,341853.10000000,TUSDT
2023-09-13 22:00:00,0.01660000,0.01669000,0.01660000,0.01668000,1631073.80000000,TUSDT
2023-09-13 23:00:00,0.01668000,0.01689000,0.01668000,0.01681000,3383806.10000000,TUSDT
2023-09-14 00:00:00,0.01682000,0.01708000,0.01677000,0.01708000,2478681.70000000,TUSDT
2023-09-14 01:00:00,0.01708000,0.01710000,0.01686000,0.01687000,1537131.00000000,TUSDT
2023-09-14 02:00:00,0.01688000,0.01692000,0.01684000,0.01688000,568618.40000000,TUSDT
2023-09-14 03:00:00,0.01689000,0.01689000,0.01677000,0.01682000,481162.80000000,TUSDT
2023-09-14 04:00:00,0.01682000,0.01686000,0.01671000,0.01677000,1785136.60000000,TUSDT
2023-09-14 05:00:00,0.01676000,0.01690000,0.01676000,0.01684000,2613260.00000000,TUSDT
2023-09-14 06:00:00,0.01685000,0.01691000,0.01685000,0.01688000,924048.80000000,TUSDT
2023-09-14 07:00:00,0.01689000,0.01696000,0.01688000,0.01693000,674677.70000000,TUSDT
2023-09-14 08:00:00,0.01692000,0.01703000,0.01692000,0.01697000,2103774.90000000,TUSDT
2023-09-14 09:00:00,0.01697000,0.01739000,0.01697000,0.01728000,27332814.70000000,TUSDT
2023-09-14 10:00:00,0.01728000,0.01770000,0.01724000,0.01739000,19447632.00000000,TUSDT
2023-09-14 11:00:00,0.01739000,0.01746000,0.01723000,0.01729000,9366869.50000000,TUSDT
2023-09-14 12:00:00,0.01728000,0.01740000,0.01725000,0.01731000,4233766.60000000,TUSDT
2023-09-14 13:00:00,0.01730000,0.01735000,0.01719000,0.01734000,4997522.70000000,TUSDT
2023-09-14 14:00:00,0.01734000,0.01745000,0.01727000,0.01737000,3668695.50000000,TUSDT
2023-09-14 15:00:00,0.01738000,0.01742000,0.01727000,0.01738000,4390192.90000000,TUSDT
2023-09-14 16:00:00,0.01740000,0.01749000,0.01734000,0.01744000,4400345.40000000,TUSDT
2023-09-14 17:00:00,0.01744000,0.01769000,0.01744000,0.01762000,6939751.30000000,TUSDT
2023-09-14 18:00:00,0.01762000,0.01784000,0.01754000,0.01756000,7872074.50000000,TUSDT
2023-09-14 19:00:00,0.01756000,0.01761000,0.01749000,0.01758000,1935071.90000000,TUSDT
2023-09-14 20:00:00,0.01760000,0.01763000,0.01751000,0.01753000,2374467.70000000,TUSDT
2023-09-14 21:00:00,0.01753000,0.01768000,0.01752000,0.01758000,1943612.50000000,TUSDT
2023-09-14 22:00:00,0.01761000,0.01774000,0.01758000,0.01772000,2933852.50000000,TUSDT
2023-09-14 23:00:00,0.01771000,0.01779000,0.01765000,0.01767000,3141515.00000000,TUSDT
2023-09-15 00:00:00,0.01767000,0.01768000,0.01752000,0.01758000,3389851.20000000,TUSDT
2023-09-15 01:00:00,0.01759000,0.01794000,0.01749000,0.01770000,7477186.90000000,TUSDT
2023-09-15 02:00:00,0.01771000,0.01785000,0.01771000,0.01775000,4054845.70000000,TUSDT
2023-09-15 03:00:00,0.01776000,0.01777000,0.01759000,0.01762000,2975698.60000000,TUSDT
2023-09-15 04:00:00,0.01762000,0.01785000,0.01762000,0.01776000,3320935.90000000,TUSDT
2023-09-15 05:00:00,0.01775000,0.01775000,0.01751000,0.01753000,1807331.30000000,TUSDT
2023-09-15 06:00:00,0.01753000,0.01757000,0.01733000,0.01734000,3566450.20000000,TUSDT
2023-09-15 07:00:00,0.01735000,0.01737000,0.01727000,0.01728000,2561514.10000000,TUSDT
2023-09-15 08:00:00,0.01729000,0.01746000,0.01727000,0.01746000,1077333.50000000,TUSDT
2023-09-15 09:00:00,0.01746000,0.01750000,0.01740000,0.01746000,619495.30000000,TUSDT
2023-09-15 10:00:00,0.01746000,0.01755000,0.01733000,0.01752000,2413745.10000000,TUSDT
2023-09-15 11:00:00,0.01753000,0.01754000,0.01736000,0.01736000,1095334.60000000,TUSDT
2023-09-15 12:00:00,0.01739000,0.01757000,0.01738000,0.01754000,3728503.00000000,TUSDT
2023-09-15 13:00:00,0.01754000,0.01793000,0.01754000,0.01784000,6537866.70000000,TUSDT
2023-09-15 14:00:00,0.01782000,0.01784000,0.01755000,0.01765000,6990924.70000000,TUSDT
2023-09-15 15:00:00,0.01764000,0.01774000,0.01759000,0.01773000,1874392.60000000,TUSDT
2023-09-15 16:00:00,0.01774000,0.01808000,0.01773000,0.01799000,5042741.00000000,TUSDT
2023-09-15 17:00:00,0.01799000,0.01799000,0.01785000,0.01789000,2112255.90000000,TUSDT
2023-09-15 18:00:00,0.01788000,0.01790000,0.01780000,0.01783000,2022912.60000000,TUSDT
2023-09-15 19:00:00,0.01783000,0.01799000,0.01783000,0.01788000,2438179.40000000,TUSDT
2023-09-15 20:00:00,0.01789000,0.01792000,0.01786000,0.01791000,911324.50000000,TUSDT
2023-09-15 21:00:00,0.01790000,0.01800000,0.01789000,0.01793000,4817702.90000000,TUSDT
2023-09-15 22:00:00,0.01794000,0.01815000,0.01794000,0.01811000,3279316.50000000,TUSDT
2023-09-15 23:00:00,0.01811000,0.01815000,0.01800000,0.01813000,3361587.30000000,TUSDT
2023-09-16 00:00:00,0.01814000,0.01822000,0.01803000,0.01814000,3038405.70000000,TUSDT
2023-09-16 01:00:00,0.01813000,0.01829000,0.01810000,0.01818000,3895150.30000000,TUSDT
2023-09-16 02:00:00,0.01817000,0.01834000,0.01811000,0.01824000,4706422.60000000,TUSDT
2023-09-16 03:00:00,0.01824000,0.01833000,0.01811000,0.01820000,4207460.60000000,TUSDT
2023-09-16 04:00:00,0.01819000,0.01821000,0.01809000,0.01814000,1437951.70000000,TUSDT
2023-09-16 05:00:00,0.01814000,0.01817000,0.01805000,0.01812000,1883487.80000000,TUSDT
2023-09-16 06:00:00,0.01811000,0.01820000,0.01808000,0.01816000,1614115.90000000,TUSDT
2023-09-16 07:00:00,0.01816000,0.01833000,0.01811000,0.01821000,4683333.10000000,TUSDT
2023-09-16 08:00:00,0.01822000,0.01824000,0.01810000,0.01813000,6550842.20000000,TUSDT
2023-09-16 09:00:00,0.01812000,0.01820000,0.01809000,0.01809000,2189400.50000000,TUSDT
2023-09-16 10:00:00,0.01808000,0.01814000,0.01806000,0.01811000,1141954.70000000,TUSDT
2023-09-16 11:00:00,0.01812000,0.01815000,0.01805000,0.01813000,2761331.90000000,TUSDT
2023-09-16 12:00:00,0.01813000,0.01821000,0.01802000,0.01803000,1664649.00000000,TUSDT
2023-09-16 13:00:00,0.01803000,0.01806000,0.01793000,0.01795000,2009379.50000000,TUSDT
2023-09-16 14:00:00,0.01795000,0.01802000,0.01782000,0.01784000,3489941.30000000,TUSDT
2023-09-16 15:00:00,0.01782000,0.01795000,0.01781000,0.01792000,5484671.00000000,TUSDT
2023-09-16 16:00:00,0.01791000,0.01797000,0.01789000,0.01793000,880587.90000000,TUSDT
2023-09-16 17:00:00,0.01793000,0.01799000,0.01787000,0.01798000,976303.30000000,TUSDT
2023-09-16 18:00:00,0.01798000,0.01799000,0.01793000,0.01796000,501194.20000000,TUSDT
2023-09-16 19:00:00,0.01796000,0.01797000,0.01789000,0.01792000,752117.50000000,TUSDT
2023-09-16 20:00:00,0.01791000,0.01798000,0.01791000,0.01793000,884416.00000000,TUSDT
2023-09-16 21:00:00,0.01793000,0.01803000,0.01793000,0.01803000,600591.50000000,TUSDT
2023-09-16 22:00:00,0.01803000,0.01805000,0.01798000,0.01802000,755820.40000000,TUSDT
2023-09-16 23:00:00,0.01802000,0.01809000,0.01800000,0.01809000,1004704.10000000,TUSDT
2023-09-17 00:00:00,0.01809000,0.01809000,0.01780000,0.01786000,3501913.50000000,TUSDT
2023-09-17 01:00:00,0.01783000,0.01783000,0.01769000,0.01772000,3959596.50000000,TUSDT
2023-09-17 02:00:00,0.01771000,0.01779000,0.01771000,0.01775000,1243676.60000000,TUSDT
2023-09-17 03:00:00,0.01774000,0.01780000,0.01770000,0.01778000,1122633.80000000,TUSDT
2023-09-17 04:00:00,0.01778000,0.01778000,0.01773000,0.01775000,559810.40000000,TUSDT
2023-09-17 05:00:00,0.01775000,0.01775000,0.01763000,0.01765000,1096636.40000000,TUSDT
2023-09-17 06:00:00,0.01765000,0.01766000,0.01748000,0.01751000,2236828.60000000,TUSDT
2023-09-17 07:00:00,0.01752000,0.01759000,0.01743000,0.01743000,1025937.70000000,TUSDT
2023-09-17 08:00:00,0.01743000,0.01755000,0.01737000,0.01755000,4291146.40000000,TUSDT
2023-09-17 09:00:00,0.01756000,0.01762000,0.01753000,0.01755000,1429763.60000000,TUSDT
2023-09-17 10:00:00,0.01755000,0.01759000,0.01753000,0.01755000,1390931.50000000,TUSDT
2023-09-17 11:00:00,0.01755000,0.01756000,0.01741000,0.01744000,2791134.00000000,TUSDT
2023-09-17 12:00:00,0.01743000,0.01750000,0.01743000,0.01748000,1154742.70000000,TUSDT
2023-09-17 13:00:00,0.01748000,0.01753000,0.01745000,0.01746000,1016986.00000000,TUSDT
2023-09-17 14:00:00,0.01746000,0.01752000,0.01746000,0.01748000,498352.70000000,TUSDT
2023-09-17 15:00:00,0.01748000,0.01753000,0.01746000,0.01750000,715776.80000000,TUSDT
2023-09-17 16:00:00,0.01751000,0.01752000,0.01742000,0.01742000,2691866.10000000,TUSDT
2023-09-17 17:00:00,0.01742000,0.01743000,0.01732000,0.01732000,476236.00000000,TUSDT
2023-09-17 18:00:00,0.01732000,0.01735000,0.01730000,0.01733000,1250979.80000000,TUSDT
2023-09-17 19:00:00,0.01733000,0.01741000,0.01732000,0.01734000,1086583.10000000,TUSDT
2023-09-17 20:00:00,0.01734000,0.01735000,0.01694000,0.01696000,6865855.50000000,TUSDT
2023-09-17 21:00:00,0.01694000,0.01703000,0.01681000,0.01691000,8973108.80000000,TUSDT
2023-09-17 22:00:00,0.01690000,0.01694000,0.01685000,0.01693000,734091.80000000,TUSDT
2023-09-17 23:00:00,0.01693000,0.01700000,0.01688000,0.01697000,857537.30000000,TUSDT
2023-09-18 00:00:00,0.01698000,0.01700000,0.01676000,0.01690000,4041010.60000000,TUSDT
2023-09-18 01:00:00,0.01690000,0.01696000,0.01684000,0.01692000,761662.30000000,TUSDT
2023-09-18 02:00:00,0.01693000,0.01730000,0.01690000,0.01726000,3237520.70000000,TUSDT
2023-09-18 03:00:00,0.01726000,0.01726000,0.01717000,0.01719000,1607792.50000000,TUSDT
2023-09-18 04:00:00,0.01719000,0.01721000,0.01708000,0.01719000,1798543.00000000,TUSDT
2023-09-18 05:00:00,0.01720000,0.01729000,0.01719000,0.01723000,1388580.70000000,TUSDT
2023-09-18 06:00:00,0.01723000,0.01730000,0.01717000,0.01717000,1268065.20000000,TUSDT
2023-09-18 07:00:00,0.01717000,0.01722000,0.01715000,0.01719000,2002839.40000000,TUSDT
2023-09-18 08:00:00,0.01719000,0.01724000,0.01718000,0.01724000,1224521.60000000,TUSDT
2023-09-18 09:00:00,0.01724000,0.01734000,0.01724000,0.01732000,2378107.80000000,TUSDT
2023-09-18 10:00:00,0.01733000,0.01745000,0.01729000,0.01743000,2247711.30000000,TUSDT
2023-09-18 11:00:00,0.01744000,0.01759000,0.01743000,0.01756000,1822213.60000000,TUSDT
2023-09-18 12:00:00,0.01759000,0.01766000,0.01740000,0.01765000,6386386.50000000,TUSDT
2023-09-18 13:00:00,0.01765000,0.01772000,0.01745000,0.01747000,5667513.00000000,TUSDT
2023-09-18 14:00:00,0.01748000,0.01752000,0.01742000,0.01748000,1304512.30000000,TUSDT
2023-09-18 15:00:00,0.01749000,0.01751000,0.01743000,0.01746000,1199162.00000000,TUSDT
2023-09-18 16:00:00,0.01748000,0.01761000,0.01741000,0.01756000,1810510.90000000,TUSDT
2023-09-18 17:00:00,0.01756000,0.01757000,0.01724000,0.01728000,2607660.50000000,TUSDT
2023-09-18 18:00:00,0.01728000,0.01735000,0.01723000,0.01726000,2247650.80000000,TUSDT
2023-09-18 19:00:00,0.01724000,0.01740000,0.01724000,0.01733000,823228.80000000,TUSDT
2023-09-18 20:00:00,0.01734000,0.01735000,0.01730000,0.01732000,926175.00000000,TUSDT
2023-09-18 21:00:00,0.01732000,0.01745000,0.01730000,0.01744000,2048680.50000000,TUSDT
2023-09-18 22:00:00,0.01745000,0.01751000,0.01742000,0.01746000,788245.10000000,TUSDT
2023-09-18 23:00:00,0.01747000,0.01748000,0.01733000,0.01738000,2101728.30000000,TUSDT
2023-09-19 00:00:00,0.01739000,0.01783000,0.01737000,0.01737000,15086498.60000000,TUSDT
2023-09-19 01:00:00,0.01738000,0.01808000,0.01734000,0.01800000,21078759.00000000,TUSDT
2023-09-19 02:00:00,0.01798000,0.01824000,0.01790000,0.01801000,9652991.40000000,TUSDT
2023-09-19 03:00:00,0.01800000,0.01828000,0.01797000,0.01814000,8892807.40000000,TUSDT
2023-09-19 04:00:00,0.01813000,0.01839000,0.01804000,0.01823000,15094804.60000000,TUSDT
2023-09-19 05:00:00,0.01823000,0.01824000,0.01806000,0.01807000,4879733.30000000,TUSDT
2023-09-19 06:00:00,0.01807000,0.01821000,0.01802000,0.01808000,5507024.70000000,TUSDT
2023-09-19 07:00:00,0.01808000,0.01815000,0.01794000,0.01807000,7568985.00000000,TUSDT
2023-09-19 08:00:00,0.01808000,0.01828000,0.01801000,0.01823000,4443199.00000000,TUSDT
2023-09-19 09:00:00,0.01822000,0.01828000,0.01809000,0.01824000,5136527.50000000,TUSDT
2023-09-19 10:00:00,0.01823000,0.01921000,0.01816000,0.01899000,33249406.50000000,TUSDT
2023-09-19 11:00:00,0.01900000,0.01904000,0.01852000,0.01867000,30698233.10000000,TUSDT
2023-09-19 12:00:00,0.01866000,0.01905000,0.01853000,0.01861000,20111154.80000000,TUSDT
2023-09-19 13:00:00,0.01860000,0.01866000,0.01823000,0.01825000,13698067.00000000,TUSDT
2023-09-19 14:00:00,0.01825000,0.01844000,0.01814000,0.01844000,11356609.10000000,TUSDT
2023-09-19 15:00:00,0.01843000,0.01858000,0.01836000,0.01855000,3437529.50000000,TUSDT
2023-09-19 16:00:00,0.01855000,0.01865000,0.01850000,0.01862000,4526344.80000000,TUSDT
2023-09-19 17:00:00,0.01863000,0.01864000,0.01844000,0.01847000,3472617.90000000,TUSDT
2023-09-19 18:00:00,0.01847000,0.01852000,0.01837000,0.01838000,2022530.00000000,TUSDT
2023-09-19 19:00:00,0.01838000,0.01840000,0.01825000,0.01831000,2626838.80000000,TUSDT
2023-09-19 20:00:00,0.01830000,0.01830000,0.01820000,0.01822000,2081450.20000000,TUSDT
2023-09-19 21:00:00,0.01822000,0.01850000,0.01821000,0.01843000,5223676.90000000,TUSDT
2023-09-19 22:00:00,0.01844000,0.01849000,0.01837000,0.01848000,2114211.80000000,TUSDT
2023-09-19 23:00:00,0.01848000,0.01865000,0.01847000,0.01853000,2596261.00000000,TUSDT
2023-09-20 00:00:00,0.01854000,0.01857000,0.01828000,0.01831000,3024685.40000000,TUSDT
2023-09-20 01:00:00,0.01831000,0.01848000,0.01831000,0.01846000,2709296.30000000,TUSDT
2023-09-20 02:00:00,0.01846000,0.01847000,0.01825000,0.01829000,4303545.80000000,TUSDT
2023-09-20 03:00:00,0.01829000,0.01833000,0.01820000,0.01824000,2690253.50000000,TUSDT
2023-09-20 04:00:00,0.01823000,0.01828000,0.01821000,0.01822000,1005670.90000000,TUSDT
2023-09-20 05:00:00,0.01821000,0.01824000,0.01809000,0.01811000,7253719.40000000,TUSDT
2023-09-20 06:00:00,0.01811000,0.01817000,0.01806000,0.01810000,1626744.20000000,TUSDT
2023-09-20 07:00:00,0.01810000,0.01825000,0.01810000,0.01819000,2588926.30000000,TUSDT
2023-09-20 08:00:00,0.01819000,0.01829000,0.01814000,0.01829000,2136518.80000000,TUSDT
2023-09-20 09:00:00,0.01829000,0.01831000,0.01807000,0.01817000,4944068.10000000,TUSDT
2023-09-20 10:00:00,0.01816000,0.01828000,0.01803000,0.01826000,6405617.00000000,TUSDT
2023-09-20 11:00:00,0.01826000,0.01829000,0.01819000,0.01827000,2240369.40000000,TUSDT
2023-09-20 12:00:00,0.01828000,0.01829000,0.01809000,0.01819000,5606922.50000000,TUSDT
2023-09-20 13:00:00,0.01820000,0.01838000,0.01819000,0.01838000,3984770.90000000,TUSDT
2023-09-20 14:00:00,0.01839000,0.01879000,0.01837000,0.01870000,10678214.00000000,TUSDT
2023-09-20 15:00:00,0.01869000,0.01882000,0.01855000,0.01866000,4521808.50000000,TUSDT
2023-09-20 16:00:00,0.01865000,0.01865000,0.01846000,0.01852000,3821413.50000000,TUSDT
2023-09-20 17:00:00,0.01854000,0.01870000,0.01851000,0.01855000,4353120.40000000,TUSDT
2023-09-20 18:00:00,0.01852000,0.01872000,0.01847000,0.01872000,3322379.00000000,TUSDT
2023-09-20 19:00:00,0.01873000,0.01875000,0.01838000,0.01841000,3672038.20000000,TUSDT
2023-09-20 20:00:00,0.01842000,0.01856000,0.01841000,0.01855000,1228559.80000000,TUSDT
2023-09-20 21:00:00,0.01856000,0.01867000,0.01851000,0.01864000,2291923.50000000,TUSDT
2023-09-20 22:00:00,0.01864000,0.01874000,0.01862000,0.01871000,2664046.30000000,TUSDT
2023-09-20 23:00:00,0.01872000,0.01898000,0.01867000,0.01897000,6702861.40000000,TUSDT
2023-09-21 00:00:00,0.01897000,0.01897000,0.01855000,0.01868000,9791704.30000000,TUSDT
2023-09-21 01:00:00,0.01868000,0.01868000,0.01845000,0.01856000,3037325.80000000,TUSDT
2023-09-21 02:00:00,0.01857000,0.01862000,0.01841000,0.01843000,3002997.90000000,TUSDT
2023-09-21 03:00:00,0.01844000,0.01845000,0.01832000,0.01840000,2661451.50000000,TUSDT
2023-09-21 04:00:00,0.01841000,0.01848000,0.01832000,0.01848000,1881406.00000000,TUSDT
2023-09-21 05:00:00,0.01849000,0.01850000,0.01841000,0.01846000,2929873.20000000,TUSDT
2023-09-21 06:00:00,0.01846000,0.01847000,0.01833000,0.01836000,1730374.50000000,TUSDT
2023-09-21 07:00:00,0.01836000,0.01844000,0.01835000,0.01836000,2940586.10000000,TUSDT
2023-09-21 08:00:00,0.01836000,0.01850000,0.01836000,0.01840000,2231864.70000000,TUSDT
2023-09-21 09:00:00,0.01840000,0.01840000,0.01808000,0.01812000,11150487.20000000,TUSDT
2023-09-21 10:00:00,0.01811000,0.01819000,0.01797000,0.01800000,7037818.30000000,TUSDT
2023-09-21 11:00:00,0.01800000,0.01811000,0.01800000,0.01810000,3464909.80000000,TUSDT
2023-09-21 12:00:00,0.01809000,0.01814000,0.01800000,0.01803000,2971028.80000000,TUSDT
2023-09-21 13:00:00,0.01802000,0.01806000,0.01782000,0.01795000,6431137.50000000,TUSDT
2023-09-21 14:00:00,0.01795000,0.01813000,0.01794000,0.01807000,2671490.20000000,TUSDT
2023-09-21 15:00:00,0.01807000,0.01814000,0.01805000,0.01807000,2275902.10000000,TUSDT
2023-09-21 16:00:00,0.01807000,0.01809000,0.01805000,0.01806000,821704.20000000,TUSDT
2023-09-21 17:00:00,0.01806000,0.01820000,0.01805000,0.01810000,2167557.70000000,TUSDT
2023-09-21 18:00:00,0.01810000,0.01816000,0.01809000,0.01814000,843611.20000000,TUSDT
2023-09-21 19:00:00,0.01813000,0.01815000,0.01804000,0.01810000,1813238.50000000,TUSDT
2023-09-21 20:00:00,0.01809000,0.01813000,0.01799000,0.01808000,2890989.20000000,TUSDT
2023-09-21 21:00:00,0.01808000,0.01816000,0.01798000,0.01811000,2199973.40000000,TUSDT
2023-09-21 22:00:00,0.01811000,0.01819000,0.01807000,0.01819000,1691119.20000000,TUSDT
2023-09-21 23:00:00,0.01817000,0.01820000,0.01808000,0.01812000,1396959.70000000,TUSDT
2023-09-22 00:00:00,0.01811000,0.01813000,0.01776000,0.01792000,7332100.90000000,TUSDT
2023-09-22 01:00:00,0.01791000,0.01796000,0.01784000,0.01794000,1483565.30000000,TUSDT
2023-09-22 02:00:00,0.01794000,0.01798000,0.01790000,0.01792000,747935.40000000,TUSDT
2023-09-22 03:00:00,0.01792000,0.01807000,0.01790000,0.01805000,1591244.30000000,TUSDT
2023-09-22 04:00:00,0.01805000,0.01809000,0.01800000,0.01801000,888975.00000000,TUSDT
2023-09-22 05:00:00,0.01800000,0.01806000,0.01797000,0.01806000,905417.20000000,TUSDT
2023-09-22 06:00:00,0.01806000,0.01807000,0.01794000,0.01797000,1533938.90000000,TUSDT
2023-09-22 07:00:00,0.01796000,0.01807000,0.01793000,0.01804000,1098532.20000000,TUSDT
2023-09-22 08:00:00,0.01804000,0.01815000,0.01804000,0.01808000,1183501.40000000,TUSDT
2023-09-22 09:00:00,0.01809000,0.01812000,0.01806000,0.01812000,663411.20000000,TUSDT
2023-09-22 10:00:00,0.01812000,0.01815000,0.01800000,0.01802000,4203275.40000000,TUSDT
2023-09-22 11:00:00,0.01802000,0.01807000,0.01798000,0.01805000,2086302.00000000,TUSDT
2023-09-22 12:00:00,0.01805000,0.01812000,0.01803000,0.01809000,1298968.60000000,TUSDT
2023-09-22 13:00:00,0.01809000,0.01811000,0.01804000,0.01807000,1685597.10000000,TUSDT
2023-09-22 14:00:00,0.01808000,0.01826000,0.01806000,0.01825000,2962848.00000000,TUSDT
2023-09-22 15:00:00,0.01825000,0.01836000,0.01820000,0.01826000,3638726.30000000,TUSDT
2023-09-22 16:00:00,0.01824000,0.01829000,0.01817000,0.01820000,3799020.30000000,TUSDT
2023-09-22 17:00:00,0.01820000,0.01834000,0.01820000,0.01832000,2124423.40000000,TUSDT
2023-09-22 18:00:00,0.01832000,0.01836000,0.01829000,0.01836000,717660.00000000,TUSDT
2023-09-22 19:00:00,0.01836000,0.01838000,0.01831000,0.01835000,597990.30000000,TUSDT
2023-09-22 20:00:00,0.01835000,0.01845000,0.01834000,0.01841000,1206367.00000000,TUSDT
2023-09-22 21:00:00,0.01841000,0.01851000,0.01836000,0.01851000,2337516.90000000,TUSDT
2023-09-22 22:00:00,0.01850000,0.01855000,0.01844000,0.01845000,689837.70000000,TUSDT
2023-09-22 23:00:00,0.01845000,0.01858000,0.01838000,0.01856000,1749317.40000000,TUSDT
2023-09-23 00:00:00,0.01855000,0.01866000,0.01849000,0.01853000,7912960.60000000,TUSDT
2023-09-23 01:00:00,0.01852000,0.01856000,0.01840000,0.01852000,3193270.60000000,TUSDT
2023-09-23 02:00:00,0.01852000,0.01856000,0.01835000,0.01837000,1059389.30000000,TUSDT
2023-09-23 03:00:00,0.01837000,0.01840000,0.01831000,0.01835000,1225938.20000000,TUSDT
2023-09-23 04:00:00,0.01834000,0.01841000,0.01833000,0.01838000,525061.90000000,TUSDT
2023-09-23 05:00:00,0.01838000,0.01843000,0.01838000,0.01838000,677301.20000000,TUSDT
2023-09-23 06:00:00,0.01839000,0.01847000,0.01838000,0.01846000,581155.90000000,TUSDT
2023-09-23 07:00:00,0.01847000,0.01851000,0.01843000,0.01847000,1524312.80000000,TUSDT
2023-09-23 08:00:00,0.01847000,0.01848000,0.01838000,0.01841000,1560330.00000000,TUSDT
2023-09-23 09:00:00,0.01841000,0.01847000,0.01838000,0.01844000,1336594.30000000,TUSDT
2023-09-23 10:00:00,0.01844000,0.01845000,0.01838000,0.01845000,1979212.60000000,TUSDT
2023-09-23 11:00:00,0.01844000,0.01846000,0.01838000,0.01845000,2697499.20000000,TUSDT
2023-09-23 12:00:00,0.01845000,0.01848000,0.01842000,0.01846000,3489762.20000000,TUSDT
2023-09-23 13:00:00,0.01846000,0.01863000,0.01845000,0.01853000,5089373.00000000,TUSDT
2023-09-23 14:00:00,0.01854000,0.01867000,0.01851000,0.01862000,3766362.30000000,TUSDT
2023-09-23 15:00:00,0.01861000,0.01863000,0.01840000,0.01844000,4239514.50000000,TUSDT
2023-09-23 16:00:00,0.01844000,0.01859000,0.01841000,0.01853000,5282293.10000000,TUSDT
2023-09-23 17:00:00,0.01852000,0.01863000,0.01851000,0.01861000,1781089.20000000,TUSDT
2023-09-23 18:00:00,0.01861000,0.01864000,0.01853000,0.01857000,3350657.90000000,TUSDT
2023-09-23 19:00:00,0.01858000,0.01868000,0.01854000,0.01860000,1729938.00000000,TUSDT
2023-09-23 20:00:00,0.01860000,0.01860000,0.01855000,0.01857000,690483.30000000,TUSDT
2023-09-23 21:00:00,0.01857000,0.01859000,0.01852000,0.01854000,632292.00000000,TUSDT
2023-09-23 22:00:00,0.01854000,0.01856000,0.01846000,0.01852000,1270038.20000000,TUSDT
2023-09-23 23:00:00,0.01852000,0.01859000,0.01849000,0.01859000,883956.10000000,TUSDT
2023-09-24 00:00:00,0.01859000,0.01861000,0.01814000,0.01825000,4716065.40000000,TUSDT
2023-09-24 01:00:00,0.01825000,0.01825000,0.01815000,0.01818000,1100830.30000000,TUSDT
2023-09-24 02:00:00,0.01818000,0.01823000,0.01817000,0.01820000,760709.80000000,TUSDT
2023-09-24 03:00:00,0.01820000,0.01832000,0.01819000,0.01824000,1644402.60000000,TUSDT
2023-09-24 04:00:00,0.01824000,0.01829000,0.01819000,0.01827000,4278208.20000000,TUSDT
2023-09-24 05:00:00,0.01827000,0.01834000,0.01825000,0.01827000,1579291.00000000,TUSDT
2023-09-24 06:00:00,0.01826000,0.01833000,0.01820000,0.01824000,3574865.40000000,TUSDT
2023-09-24 07:00:00,0.01823000,0.01825000,0.01818000,0.01821000,643975.90000000,TUSDT
2023-09-24 08:00:00,0.01822000,0.01827000,0.01821000,0.01825000,332498.80000000,TUSDT
2023-09-24 09:00:00,0.01825000,0.01825000,0.01813000,0.01816000,2065984.70000000,TUSDT
2023-09-24 10:00:00,0.01817000,0.01819000,0.01814000,0.01817000,701848.90000000,TUSDT
2023-09-24 11:00:00,0.01817000,0.01818000,0.01808000,0.01818000,3668535.00000000,TUSDT
2023-09-24 12:00:00,0.01817000,0.01835000,0.01817000,0.01830000,4206201.50000000,TUSDT
2023-09-24 13:00:00,0.01831000,0.01838000,0.01825000,0.01825000,1723766.20000000,TUSDT
2023-09-24 14:00:00,0.01825000,0.01826000,0.01813000,0.01821000,2812085.30000000,TUSDT
2023-09-24 15:00:00,0.01822000,0.01824000,0.01808000,0.01812000,3409624.70000000,TUSDT
2023-09-24 16:00:00,0.01810000,0.01811000,0.01797000,0.01800000,1536638.40000000,TUSDT
2023-09-24 17:00:00,0.01799000,0.01809000,0.01796000,0.01805000,457966.70000000,TUSDT
2023-09-24 18:00:00,0.01806000,0.01808000,0.01792000,0.01802000,1092709.80000000,TUSDT
2023-09-24 19:00:00,0.01802000,0.01802000,0.01790000,0.01795000,1203118.50000000,TUSDT
2023-09-24 20:00:00,0.01794000,0.01798000,0.01790000,0.01797000,616218.60000000,TUSDT
2023-09-24 21:00:00,0.01797000,0.01808000,0.01795000,0.01801000,3936076.90000000,TUSDT
2023-09-24 22:00:00,0.01802000,0.01806000,0.01798000,0.01803000,611650.00000000,TUSDT
2023-09-24 23:00:00,0.01802000,0.01802000,0.01769000,0.01799000,7579989.20000000,TUSDT
2023-09-25 00:00:00,0.01799000,0.01799000,0.01780000,0.01799000,3247939.00000000,TUSDT
2023-09-25 01:00:00,0.01800000,0.01809000,0.01797000,0.01797000,1318427.10000000,TUSDT
2023-09-25 02:00:00,0.01797000,0.01801000,0.01796000,0.01798000,1101959.50000000,TUSDT
2023-09-25 03:00:00,0.01798000,0.01807000,0.01796000,0.01803000,1331985.70000000,TUSDT
2023-09-25 04:00:00,0.01803000,0.01819000,0.01801000,0.01816000,2613660.40000000,TUSDT
2023-09-25 05:00:00,0.01816000,0.01817000,0.01810000,0.01813000,1240355.00000000,TUSDT
2023-09-25 06:00:00,0.01813000,0.01817000,0.01805000,0.01812000,3255239.60000000,TUSDT
2023-09-25 07:00:00,0.01810000,0.01820000,0.01810000,0.01815000,873548.40000000,TUSDT
2023-09-25 08:00:00,0.01815000,0.01818000,0.01797000,0.01803000,3303014.70000000,TUSDT
2023-09-25 09:00:00,0.01803000,0.01805000,0.01792000,0.01792000,2825486.80000000,TUSDT
2023-09-25 10:00:00,0.01792000,0.01794000,0.01787000,0.01787000,1194391.70000000,TUSDT
2023-09-25 11:00:00,0.01787000,0.01789000,0.01773000,0.01777000,2206267.00000000,TUSDT
2023-09-25 12:00:00,0.01778000,0.01782000,0.01773000,0.01781000,1594388.60000000,TUSDT
2023-09-25 13:00:00,0.01781000,0.01793000,0.01777000,0.01792000,2384076.60000000,TUSDT
2023-09-25 14:00:00,0.01792000,0.01802000,0.01792000,0.01797000,3252598.20000000,TUSDT
2023-09-25 15:00:00,0.01796000,0.01814000,0.01790000,0.01810000,2057973.00000000,TUSDT
2023-09-25 16:00:00,0.01811000,0.01816000,0.01801000,0.01802000,2373771.10000000,TUSDT
2023-09-25 17:00:00,0.01803000,0.01809000,0.01802000,0.01806000,1236796.80000000,TUSDT
2023-09-25 18:00:00,0.01807000,0.01810000,0.01805000,0.01805000,916756.50000000,TUSDT
2023-09-25 19:00:00,0.01806000,0.01808000,0.01798000,0.01801000,2462076.50000000,TUSDT
2023-09-25 20:00:00,0.01801000,0.01807000,0.01800000,0.01800000,1080171.40000000,TUSDT
2023-09-25 21:00:00,0.01799000,0.01805000,0.01797000,0.01804000,1153011.60000000,TUSDT
2023-09-25 22:00:00,0.01805000,0.01821000,0.01805000,0.01818000,2012532.90000000,TUSDT
2023-09-25 23:00:00,0.01817000,0.01819000,0.01811000,0.01818000,2474368.40000000,TUSDT
2023-09-26 00:00:00,0.01818000,0.01820000,0.01814000,0.01817000,3335685.50000000,TUSDT
2023-09-26 01:00:00,0.01817000,0.01826000,0.01816000,0.01823000,1847514.70000000,TUSDT
2023-09-26 02:00:00,0.01824000,0.01830000,0.01821000,0.01827000,2220184.50000000,TUSDT
2023-09-26 03:00:00,0.01827000,0.01830000,0.01821000,0.01822000,1280588.00000000,TUSDT
2023-09-26 04:00:00,0.01822000,0.01824000,0.01817000,0.01824000,1092716.40000000,TUSDT
2023-09-26 05:00:00,0.01824000,0.01825000,0.01816000,0.01820000,2566544.80000000,TUSDT
2023-09-26 06:00:00,0.01821000,0.01825000,0.01813000,0.01815000,2877077.60000000,TUSDT
2023-09-26 07:00:00,0.01814000,0.01817000,0.01810000,0.01814000,1495715.10000000,TUSDT
2023-09-26 08:00:00,0.01814000,0.01815000,0.01804000,0.01804000,985045.40000000,TUSDT
2023-09-26 09:00:00,0.01804000,0.01805000,0.01786000,0.01795000,6350068.00000000,TUSDT
2023-09-26 10:00:00,0.01796000,0.01798000,0.01787000,0.01787000,1867800.80000000,TUSDT
2023-09-26 11:00:00,0.01787000,0.01794000,0.01787000,0.01794000,1315474.30000000,TUSDT
2023-09-26 12:00:00,0.01793000,0.01793000,0.01782000,0.01783000,2874627.70000000,TUSDT
2023-09-26 13:00:00,0.01783000,0.01785000,0.01776000,0.01777000,1133117.70000000,TUSDT
2023-09-26 14:00:00,0.01777000,0.01778000,0.01770000,0.01777000,1526693.40000000,TUSDT
2023-09-26 15:00:00,0.01776000,0.01777000,0.01765000,0.01767000,2639540.70000000,TUSDT
2023-09-26 16:00:00,0.01767000,0.01781000,0.01765000,0.01778000,814948.10000000,TUSDT
2023-09-26 17:00:00,0.01779000,0.01781000,0.01772000,0.01775000,565759.10000000,TUSDT
2023-09-26 18:00:00,0.01775000,0.01775000,0.01772000,0.01772000,223781.60000000,TUSDT
2023-09-26 19:00:00,0.01773000,0.01781000,0.01772000,0.01781000,498565.60000000,TUSDT
2023-09-26 20:00:00,0.01781000,0.01782000,0.01777000,0.01777000,1130023.10000000,TUSDT
2023-09-26 21:00:00,0.01778000,0.01779000,0.01760000,0.01772000,1794168.80000000,TUSDT
2023-09-26 22:00:00,0.01772000,0.01779000,0.01772000,0.01778000,1008087.00000000,TUSDT
2023-09-26 23:00:00,0.01778000,0.01788000,0.01776000,0.01788000,757874.20000000,TUSDT
2023-09-27 00:00:00,0.01787000,0.01789000,0.01779000,0.01789000,855598.00000000,TUSDT
2023-09-27 01:00:00,0.01790000,0.01796000,0.01786000,0.01786000,1200811.70000000,TUSDT
2023-09-27 02:00:00,0.01785000,0.01785000,0.01776000,0.01777000,1015423.40000000,TUSDT
2023-09-27 03:00:00,0.01778000,0.01785000,0.01776000,0.01783000,634391.50000000,TUSDT
2023-09-27 04:00:00,0.01783000,0.01788000,0.01779000,0.01784000,1176114.30000000,TUSDT
2023-09-27 05:00:00,0.01784000,0.01785000,0.01775000,0.01780000,2294603.30000000,TUSDT
2023-09-27 06:00:00,0.01780000,0.01784000,0.01775000,0.01783000,1300414.00000000,TUSDT
2023-09-27 07:00:00,0.01783000,0.01785000,0.01773000,0.01782000,2057011.70000000,TUSDT
2023-09-27 08:00:00,0.01782000,0.01785000,0.01775000,0.01778000,1483840.90000000,TUSDT
2023-09-27 09:00:00,0.01777000,0.01793000,0.01772000,0.01792000,3642112.60000000,TUSDT
2023-09-27 10:00:00,0.01793000,0.01794000,0.01783000,0.01791000,1682738.30000000,TUSDT
2023-09-27 11:00:00,0.01791000,0.01814000,0.01789000,0.01808000,7920300.80000000,TUSDT
2023-09-27 12:00:00,0.01807000,0.01812000,0.01801000,0.01802000,3059119.60000000,TUSDT
2023-09-27 13:00:00,0.01803000,0.01811000,0.01801000,0.01805000,1613497.10000000,TUSDT
2023-09-27 14:00:00,0.01804000,0.01807000,0.01776000,0.01776000,5155304.40000000,TUSDT
2023-09-27 15:00:00,0.01776000,0.01787000,0.01775000,0.01776000,2608973.70000000,TUSDT
2023-09-27 16:00:00,0.01777000,0.01777000,0.01771000,0.01773000,1184689.00000000,TUSDT
2023-09-27 17:00:00,0.01772000,0.01775000,0.01768000,0.01772000,1059965.20000000,TUSDT
2023-09-27 18:00:00,0.01772000,0.01774000,0.01764000,0.01769000,2964295.30000000,TUSDT
2023-09-27 19:00:00,0.01769000,0.01774000,0.01764000,0.01765000,1488879.70000000,TUSDT
2023-09-27 20:00:00,0.01765000,0.01778000,0.01760000,0.01766000,1577262.30000000,TUSDT
2023-09-27 21:00:00,0.01766000,0.01768000,0.01763000,0.01767000,1158914.40000000,TUSDT
2023-09-27 22:00:00,0.01768000,0.01782000,0.01767000,0.01782000,1676114.50000000,TUSDT
2023-09-27 23:00:00,0.01783000,0.01796000,0.01783000,0.01789000,2343343.50000000,TUSDT
2023-09-28 00:00:00,0.01789000,0.01791000,0.01779000,0.01784000,2507165.60000000,TUSDT
2023-09-28 01:00:00,0.01784000,0.01785000,0.01776000,0.01782000,871030.80000000,TUSDT
2023-09-28 02:00:00,0.01782000,0.01787000,0.01776000,0.01783000,1681422.60000000,TUSDT
2023-09-28 03:00:00,0.01784000,0.01785000,0.01776000,0.01778000,558361.80000000,TUSDT
2023-09-28 04:00:00,0.01779000,0.01779000,0.01772000,0.01776000,947447.10000000,TUSDT
2023-09-28 05:00:00,0.01776000,0.01779000,0.01773000,0.01778000,408875.20000000,TUSDT
2023-09-28 06:00:00,0.01778000,0.01783000,0.01775000,0.01782000,725570.80000000,TUSDT
2023-09-28 07:00:00,0.01782000,0.01784000,0.01769000,0.01781000,7150638.20000000,TUSDT
2023-09-28 08:00:00,0.01781000,0.01789000,0.01773000,0.01788000,2347722.10000000,TUSDT
2023-09-28 09:00:00,0.01787000,0.01795000,0.01777000,0.01793000,3357678.70000000,TUSDT
2023-09-28 10:00:00,0.01792000,0.01794000,0.01780000,0.01789000,6136635.20000000,TUSDT
2023-09-28 11:00:00,0.01790000,0.01791000,0.01781000,0.01784000,1455977.80000000,TUSDT
2023-09-28 12:00:00,0.01783000,0.01795000,0.01782000,0.01791000,2247460.30000000,TUSDT
2023-09-28 13:00:00,0.01790000,0.01797000,0.01788000,0.01797000,1131582.40000000,TUSDT
2023-09-28 14:00:00,0.01798000,0.01815000,0.01796000,0.01810000,3338917.50000000,TUSDT
2023-09-28 15:00:00,0.01809000,0.01822000,0.01801000,0.01822000,4194804.80000000,TUSDT
2023-09-28 16:00:00,0.01821000,0.01835000,0.01821000,0.01829000,7873948.50000000,TUSDT
2023-09-28 17:00:00,0.01829000,0.01838000,0.01825000,0.01830000,2197835.20000000,TUSDT
2023-09-28 18:00:00,0.01831000,0.01832000,0.01811000,0.01817000,2533743.40000000,TUSDT
2023-09-28 19:00:00,0.01815000,0.01830000,0.01814000,0.01825000,2061053.40000000,TUSDT
2023-09-28 20:00:00,0.01826000,0.01829000,0.01819000,0.01824000,1088246.80000000,TUSDT
2023-09-28 21:00:00,0.01824000,0.01825000,0.01813000,0.01821000,1179420.50000000,TUSDT
2023-09-28 22:00:00,0.01821000,0.01823000,0.01819000,0.01822000,912046.80000000,TUSDT
2023-09-28 23:00:00,0.01823000,0.01828000,0.01822000,0.01826000,1095138.40000000,TUSDT
2023-09-29 00:00:00,0.01826000,0.01840000,0.01822000,0.01834000,4641116.30000000,TUSDT
2023-09-29 01:00:00,0.01833000,0.01835000,0.01819000,0.01825000,3263199.40000000,TUSDT
2023-09-29 02:00:00,0.01824000,0.01825000,0.01807000,0.01811000,2116614.50000000,TUSDT
2023-09-29 03:00:00,0.01811000,0.01817000,0.01811000,0.01815000,610933.70000000,TUSDT
2023-09-29 04:00:00,0.01814000,0.01815000,0.01808000,0.01814000,1220144.70000000,TUSDT
2023-09-29 05:00:00,0.01813000,0.01821000,0.01813000,0.01814000,1333647.50000000,TUSDT
2023-09-29 06:00:00,0.01814000,0.01830000,0.01813000,0.01828000,1764329.50000000,TUSDT
2023-09-29 07:00:00,0.01828000,0.01839000,0.01825000,0.01838000,1802108.70000000,TUSDT
2023-09-29 08:00:00,0.01837000,0.01837000,0.01821000,0.01821000,843953.20000000,TUSDT
2023-09-29 09:00:00,0.01822000,0.01829000,0.01822000,0.01827000,972711.60000000,TUSDT
2023-09-29 10:00:00,0.01826000,0.01832000,0.01825000,0.01831000,1442323.50000000,TUSDT
2023-09-29 11:00:00,0.01830000,0.01834000,0.01824000,0.01824000,779446.70000000,TUSDT
2023-09-29 12:00:00,0.01824000,0.01826000,0.01802000,0.01812000,4266082.70000000,TUSDT
2023-09-29 13:00:00,0.01812000,0.01817000,0.01810000,0.01811000,1252581.30000000,TUSDT
2023-09-29 14:00:00,0.01811000,0.01823000,0.01795000,0.01818000,3037623.40000000,TUSDT
2023-09-29 15:00:00,0.01818000,0.01821000,0.01813000,0.01819000,1668134.50000000,TUSDT
2023-09-29 16:00:00,0.01819000,0.01820000,0.01815000,0.01818000,595566.60000000,TUSDT
2023-09-29 17:00:00,0.01818000,0.01822000,0.01818000,0.01818000,457688.50000000,TUSDT
2023-09-29 18:00:00,0.01818000,0.01821000,0.01812000,0.01821000,565493.60000000,TUSDT
2023-09-29 19:00:00,0.01821000,0.01823000,0.01817000,0.01819000,572413.20000000,TUSDT
2023-09-29 20:00:00,0.01819000,0.01822000,0.01816000,0.01820000,563034.60000000,TUSDT
2023-09-29 21:00:00,0.01820000,0.01824000,0.01820000,0.01823000,771991.60000000,TUSDT
2023-09-29 22:00:00,0.01821000,0.01827000,0.01821000,0.01826000,684049.00000000,TUSDT
2023-09-29 23:00:00,0.01826000,0.01835000,0.01826000,0.01832000,1605136.20000000,TUSDT
2023-09-30 00:00:00,0.01832000,0.01838000,0.01825000,0.01835000,2018041.80000000,TUSDT
2023-09-30 01:00:00,0.01835000,0.01838000,0.01822000,0.01825000,1828643.30000000,TUSDT
2023-09-30 02:00:00,0.01825000,0.01830000,0.01823000,0.01829000,1060317.60000000,TUSDT
2023-09-30 03:00:00,0.01828000,0.01834000,0.01824000,0.01829000,1163886.40000000,TUSDT
2023-09-30 04:00:00,0.01829000,0.01834000,0.01825000,0.01825000,955082.70000000,TUSDT
2023-09-30 05:00:00,0.01825000,0.01828000,0.01821000,0.01827000,384457.50000000,TUSDT
2023-09-30 06:00:00,0.01827000,0.01831000,0.01825000,0.01827000,521108.50000000,TUSDT
2023-09-30 07:00:00,0.01826000,0.01829000,0.01822000,0.01826000,741515.60000000,TUSDT
2023-09-30 08:00:00,0.01825000,0.01829000,0.01825000,0.01828000,432063.20000000,TUSDT
2023-09-30 09:00:00,0.01828000,0.01830000,0.01823000,0.01826000,776633.00000000,TUSDT
2023-09-30 10:00:00,0.01826000,0.01834000,0.01825000,0.01833000,1086931.80000000,TUSDT
2023-09-30 11:00:00,0.01832000,0.01833000,0.01824000,0.01833000,1274793.20000000,TUSDT
2023-09-30 12:00:00,0.01833000,0.01839000,0.01829000,0.01831000,1159087.00000000,TUSDT
2023-09-30 13:00:00,0.01830000,0.01837000,0.01829000,0.01837000,836592.50000000,TUSDT
2023-09-30 14:00:00,0.01838000,0.01843000,0.01835000,0.01836000,1084371.60000000,TUSDT
2023-09-30 15:00:00,0.01836000,0.01847000,0.01834000,0.01842000,2541670.10000000,TUSDT
2023-09-30 16:00:00,0.01843000,0.01849000,0.01841000,0.01846000,1052782.50000000,TUSDT
2023-09-30 17:00:00,0.01846000,0.01846000,0.01837000,0.01843000,1146266.10000000,TUSDT
2023-09-30 18:00:00,0.01843000,0.01844000,0.01838000,0.01840000,683150.80000000,TUSDT
2023-09-30 19:00:00,0.01840000,0.01843000,0.01838000,0.01841000,699698.80000000,TUSDT
2023-09-30 20:00:00,0.01841000,0.01845000,0.01840000,0.01845000,425041.80000000,TUSDT
2023-09-30 21:00:00,0.01844000,0.01847000,0.01838000,0.01839000,921822.20000000,TUSDT
2023-09-30 22:00:00,0.01839000,0.01846000,0.01836000,0.01843000,839652.80000000,TUSDT
2023-09-30 23:00:00,0.01843000,0.01846000,0.01839000,0.01841000,670249.60000000,TUSDT
2023-10-01 00:00:00,0.01841000,0.01849000,0.01841000,0.01848000,904278.20000000,TUSDT
2023-10-01 01:00:00,0.01848000,0.01854000,0.01847000,0.01849000,1323587.00000000,TUSDT
2023-10-01 02:00:00,0.01850000,0.01857000,0.01850000,0.01854000,992304.10000000,TUSDT
2023-10-01 03:00:00,0.01854000,0.01855000,0.01850000,0.01855000,1053006.90000000,TUSDT
2023-10-01 04:00:00,0.01853000,0.01858000,0.01849000,0.01850000,1063592.50000000,TUSDT
2023-10-01 05:00:00,0.01851000,0.01858000,0.01849000,0.01856000,1094720.30000000,TUSDT
2023-10-01 06:00:00,0.01856000,0.01868000,0.01856000,0.01866000,4449866.40000000,TUSDT
2023-10-01 07:00:00,0.01866000,0.01870000,0.01861000,0.01862000,3175981.50000000,TUSDT
2023-10-01 08:00:00,0.01861000,0.01862000,0.01858000,0.01859000,1982414.50000000,TUSDT
2023-10-01 09:00:00,0.01860000,0.01871000,0.01859000,0.01866000,1654582.70000000,TUSDT
2023-10-01 10:00:00,0.01867000,0.01885000,0.01865000,0.01877000,3676996.80000000,TUSDT
2023-10-01 11:00:00,0.01876000,0.01879000,0.01867000,0.01869000,3381031.20000000,TUSDT
2023-10-01 12:00:00,0.01870000,0.01880000,0.01862000,0.01877000,4565021.40000000,TUSDT
2023-10-01 13:00:00,0.01877000,0.01885000,0.01868000,0.01884000,8605513.50000000,TUSDT
2023-10-01 14:00:00,0.01884000,0.01894000,0.01871000,0.01873000,3093675.50000000,TUSDT
2023-10-01 15:00:00,0.01874000,0.01877000,0.01867000,0.01872000,2524788.00000000,TUSDT
2023-10-01 16:00:00,0.01871000,0.01871000,0.01862000,0.01862000,1550613.90000000,TUSDT
2023-10-01 17:00:00,0.01862000,0.01869000,0.01859000,0.01860000,1158616.30000000,TUSDT
2023-10-01 18:00:00,0.01860000,0.01864000,0.01860000,0.01861000,433714.50000000,TUSDT
2023-10-01 19:00:00,0.01861000,0.01861000,0.01854000,0.01857000,1550332.30000000,TUSDT
2023-10-01 20:00:00,0.01857000,0.01863000,0.01849000,0.01854000,1767065.50000000,TUSDT
2023-10-01 21:00:00,0.01854000,0.01864000,0.01854000,0.01864000,389133.00000000,TUSDT
2023-10-01 22:00:00,0.01864000,0.01901000,0.01862000,0.01901000,5689444.20000000,TUSDT
2023-10-01 23:00:00,0.01900000,0.01906000,0.01884000,0.01888000,5331179.10000000,TUSDT
2023-10-02 00:00:00,0.01889000,0.02025000,0.01880000,0.01959000,79158988.60000000,TUSDT
2023-10-02 01:00:00,0.01958000,0.01983000,0.01956000,0.01964000,8497855.60000000,TUSDT
2023-10-02 02:00:00,0.01964000,0.01969000,0.01927000,0.01933000,8362683.30000000,TUSDT
2023-10-02 03:00:00,0.01934000,0.01954000,0.01934000,0.01939000,5200419.20000000,TUSDT
2023-10-02 04:00:00,0.01939000,0.01940000,0.01924000,0.01928000,6045239.10000000,TUSDT
2023-10-02 05:00:00,0.01926000,0.01932000,0.01913000,0.01918000,4148909.70000000,TUSDT
2023-10-02 06:00:00,0.01919000,0.01932000,0.01913000,0.01930000,2964195.70000000,TUSDT
2023-10-02 07:00:00,0.01931000,0.01981000,0.01925000,0.01940000,16204989.20000000,TUSDT
2023-10-02 08:00:00,0.01941000,0.01950000,0.01938000,0.01945000,4977287.30000000,TUSDT
2023-10-02 09:00:00,0.01944000,0.01975000,0.01926000,0.01951000,9965906.20000000,TUSDT
2023-10-02 10:00:00,0.01952000,0.01978000,0.01945000,0.01945000,8124212.70000000,TUSDT
2023-10-02 11:00:00,0.01945000,0.01990000,0.01941000,0.01978000,19600529.80000000,TUSDT
2023-10-02 12:00:00,0.01977000,0.02008000,0.01950000,0.01952000,32972308.70000000,TUSDT
2023-10-02 13:00:00,0.01952000,0.01989000,0.01948000,0.01962000,12431530.70000000,TUSDT
2023-10-02 14:00:00,0.01963000,0.01964000,0.01919000,0.01923000,11240379.10000000,TUSDT
2023-10-02 15:00:00,0.01922000,0.01947000,0.01911000,0.01913000,7427658.90000000,TUSDT
2023-10-02 16:00:00,0.01912000,0.01927000,0.01906000,0.01921000,4968382.00000000,TUSDT
2023-10-02 17:00:00,0.01921000,0.01935000,0.01914000,0.01934000,4743556.90000000,TUSDT
2023-10-02 18:00:00,0.01935000,0.01935000,0.01884000,0.01898000,6432004.00000000,TUSDT
2023-10-02 19:00:00,0.01897000,0.01921000,0.01889000,0.01914000,5072858.30000000,TUSDT
2023-10-02 20:00:00,0.01914000,0.01914000,0.01905000,0.01909000,3124831.10000000,TUSDT
2023-10-02 21:00:00,0.01909000,0.01922000,0.01886000,0.01892000,7360429.40000000,TUSDT
2023-10-02 22:00:00,0.01893000,0.01895000,0.01872000,0.01880000,4334185.70000000,TUSDT
2023-10-02 23:00:00,0.01880000,0.01890000,0.01875000,0.01882000,1887553.90000000,TUSDT
2023-10-03 00:00:00,0.01882000,0.01921000,0.01852000,0.01854000,16980643.60000000,TUSDT
2023-10-03 01:00:00,0.01854000,0.01868000,0.01849000,0.01866000,4023685.10000000,TUSDT
2023-10-03 02:00:00,0.01867000,0.01869000,0.01854000,0.01860000,1369007.10000000,TUSDT
2023-10-03 03:00:00,0.01860000,0.01861000,0.01849000,0.01854000,1198262.80000000,TUSDT
2023-10-03 04:00:00,0.01854000,0.01855000,0.01845000,0.01850000,1441346.30000000,TUSDT
2023-10-03 05:00:00,0.01850000,0.01851000,0.01837000,0.01839000,2125456.30000000,TUSDT
2023-10-03 06:00:00,0.01840000,0.01860000,0.01840000,0.01858000,2243644.20000000,TUSDT
2023-10-03 07:00:00,0.01858000,0.01864000,0.01856000,0.01859000,1598754.80000000,TUSDT
2023-10-03 08:00:00,0.01859000,0.01872000,0.01856000,0.01868000,1471320.30000000,TUSDT
2023-10-03 09:00:00,0.01869000,0.01869000,0.01863000,0.01863000,1116270.00000000,TUSDT
2023-10-03 10:00:00,0.01864000,0.01864000,0.01849000,0.01857000,3083434.30000000,TUSDT
2023-10-03 11:00:00,0.01857000,0.01859000,0.01843000,0.01854000,3587485.90000000,TUSDT
2023-10-03 12:00:00,0.01853000,0.01853000,0.01829000,0.01837000,3061160.50000000,TUSDT
2023-10-03 13:00:00,0.01837000,0.01844000,0.01832000,0.01839000,2452471.60000000,TUSDT
2023-10-03 14:00:00,0.01839000,0.01839000,0.01820000,0.01823000,3247779.50000000,TUSDT
2023-10-03 15:00:00,0.01822000,0.01830000,0.01814000,0.01818000,2083025.20000000,TUSDT
2023-10-03 16:00:00,0.01819000,0.01828000,0.01817000,0.01824000,1286531.00000000,TUSDT
2023-10-03 17:00:00,0.01824000,0.01830000,0.01823000,0.01824000,855436.60000000,TUSDT
2023-10-03 18:00:00,0.01824000,0.01827000,0.01810000,0.01811000,1576879.20000000,TUSDT
2023-10-03 19:00:00,0.01811000,0.01820000,0.01808000,0.01813000,2385781.20000000,TUSDT
2023-10-03 20:00:00,0.01813000,0.01831000,0.01810000,0.01827000,1491098.70000000,TUSDT
2023-10-03 21:00:00,0.01828000,0.01828000,0.01816000,0.01822000,1935577.70000000,TUSDT
2023-10-03 22:00:00,0.01822000,0.01832000,0.01816000,0.01830000,2941197.20000000,TUSDT
2023-10-03 23:00:00,0.01831000,0.01848000,0.01814000,0.01829000,7205547.70000000,TUSDT
2023-10-04 00:00:00,0.01829000,0.01829000,0.01767000,0.01773000,11432609.90000000,TUSDT
2023-10-04 01:00:00,0.01772000,0.01776000,0.01759000,0.01775000,5522490.80000000,TUSDT
2023-10-04 02:00:00,0.01774000,0.01783000,0.01771000,0.01780000,1758208.90000000,TUSDT
2023-10-04 03:00:00,0.01780000,0.01786000,0.01777000,0.01784000,1087197.10000000,TUSDT
2023-10-04 04:00:00,0.01784000,0.01784000,0.01704000,0.01771000,12990487.30000000,TUSDT
2023-10-04 05:00:00,0.01771000,0.01777000,0.01767000,0.01777000,1303818.10000000,TUSDT
2023-10-04 06:00:00,0.01778000,0.01780000,0.01762000,0.01772000,1191933.40000000,TUSDT
2023-10-04 07:00:00,0.01773000,0.01780000,0.01772000,0.01775000,998714.70000000,TUSDT
2023-10-04 08:00:00,0.01775000,0.01785000,0.01774000,0.01780000,1322077.80000000,TUSDT
2023-10-04 09:00:00,0.01781000,0.01785000,0.01778000,0.01785000,1141704.30000000,TUSDT
2023-10-04 10:00:00,0.01785000,0.01788000,0.01783000,0.01785000,1212284.10000000,TUSDT
2023-10-04 11:00:00,0.01785000,0.01787000,0.01782000,0.01786000,675907.10000000,TUSDT
2023-10-04 12:00:00,0.01786000,0.01790000,0.01782000,0.01788000,496746.30000000,TUSDT
2023-10-04 13:00:00,0.01788000,0.01788000,0.01769000,0.01774000,2152898.30000000,TUSDT
2023-10-04 14:00:00,0.01774000,0.01775000,0.01765000,0.01771000,810083.30000000,TUSDT
2023-10-04 15:00:00,0.01771000,0.01777000,0.01769000,0.01770000,620356.00000000,TUSDT
2023-10-04 16:00:00,0.01770000,0.01780000,0.01768000,0.01777000,870651.70000000,TUSDT
2023-10-04 17:00:00,0.01777000,0.01778000,0.01771000,0.01771000,856036.90000000,TUSDT
2023-10-04 18:00:00,0.01771000,0.01774000,0.01766000,0.01771000,648225.40000000,TUSDT
2023-10-04 19:00:00,0.01772000,0.01786000,0.01771000,0.01779000,1572345.60000000,TUSDT
2023-10-04 20:00:00,0.01778000,0.01785000,0.01775000,0.01784000,694072.50000000,TUSDT
2023-10-04 21:00:00,0.01784000,0.01792000,0.01783000,0.01786000,730780.50000000,TUSDT
2023-10-04 22:00:00,0.01786000,0.01792000,0.01786000,0.01791000,490178.20000000,TUSDT
2023-10-04 23:00:00,0.01792000,0.01801000,0.01790000,0.01798000,1976775.70000000,TUSDT
2023-10-05 00:00:00,0.01799000,0.01799000,0.01779000,0.01788000,2302519.10000000,TUSDT
2023-10-05 01:00:00,0.01788000,0.01788000,0.01769000,0.01775000,1772429.80000000,TUSDT
2023-10-05 02:00:00,0.01775000,0.01777000,0.01768000,0.01772000,1874013.00000000,TUSDT
2023-10-05 03:00:00,0.01772000,0.01781000,0.01772000,0.01776000,1025086.90000000,TUSDT
2023-10-05 04:00:00,0.01775000,0.01776000,0.01771000,0.01775000,769299.40000000,TUSDT
2023-10-05 05:00:00,0.01776000,0.01779000,0.01765000,0.01777000,3000799.80000000,TUSDT
2023-10-05 06:00:00,0.01777000,0.01782000,0.01767000,0.01769000,2087293.30000000,TUSDT
2023-10-05 07:00:00,0.01770000,0.01770000,0.01762000,0.01767000,1757923.00000000,TUSDT
2023-10-05 08:00:00,0.01767000,0.01770000,0.01763000,0.01768000,944288.90000000,TUSDT
2023-10-05 09:00:00,0.01769000,0.01775000,0.01768000,0.01770000,334578.80000000,TUSDT
2023-10-05 10:00:00,0.01771000,0.01776000,0.01767000,0.01776000,858287.70000000,TUSDT
2023-10-05 11:00:00,0.01776000,0.01777000,0.01766000,0.01766000,623130.50000000,TUSDT
2023-10-05 12:00:00,0.01765000,0.01796000,0.01763000,0.01771000,23577053.60000000,TUSDT
2023-10-05 13:00:00,0.01771000,0.01789000,0.01771000,0.01778000,3404796.90000000,TUSDT
2023-10-05 14:00:00,0.01778000,0.01783000,0.01774000,0.01778000,1650199.10000000,TUSDT
2023-10-05 15:00:00,0.01779000,0.01780000,0.01759000,0.01760000,3103699.80000000,TUSDT
2023-10-05 16:00:00,0.01759000,0.01759000,0.01743000,0.01745000,2260069.50000000,TUSDT
2023-10-05 17:00:00,0.01745000,0.01752000,0.01743000,0.01749000,1716411.00000000,TUSDT
2023-10-05 18:00:00,0.01749000,0.01758000,0.01747000,0.01754000,1500869.10000000,TUSDT
2023-10-05 19:00:00,0.01754000,0.01757000,0.01750000,0.01752000,437526.30000000,TUSDT
2023-10-05 20:00:00,0.01752000,0.01757000,0.01750000,0.01752000,701705.80000000,TUSDT
2023-10-05 21:00:00,0.01753000,0.01758000,0.01753000,0.01758000,619045.20000000,TUSDT
2023-10-05 22:00:00,0.01758000,0.01760000,0.01755000,0.01758000,798583.90000000,TUSDT
2023-10-05 23:00:00,0.01759000,0.01782000,0.01759000,0.01763000,8632714.30000000,TUSDT
2023-10-06 00:00:00,0.01763000,0.01849000,0.01762000,0.01808000,16714557.10000000,TUSDT
2023-10-06 01:00:00,0.01808000,0.01849000,0.01800000,0.01824000,23599634.50000000,TUSDT
2023-10-06 02:00:00,0.01824000,0.01830000,0.01811000,0.01816000,5684981.00000000,TUSDT
2023-10-06 03:00:00,0.01817000,0.01834000,0.01815000,0.01834000,3365375.50000000,TUSDT
2023-10-06 04:00:00,0.01834000,0.01836000,0.01824000,0.01830000,6652841.50000000,TUSDT
2023-10-06 05:00:00,0.01828000,0.01829000,0.01808000,0.01810000,8523541.80000000,TUSDT
2023-10-06 06:00:00,0.01809000,0.01818000,0.01800000,0.01816000,4109083.00000000,TUSDT
2023-10-06 07:00:00,0.01817000,0.01849000,0.01811000,0.01833000,16667924.20000000,TUSDT
2023-10-06 08:00:00,0.01832000,0.01859000,0.01829000,0.01843000,11707433.30000000,TUSDT
2023-10-06 09:00:00,0.01842000,0.01881000,0.01840000,0.01871000,16230629.60000000,TUSDT
2023-10-06 10:00:00,0.01870000,0.01933000,0.01862000,0.01894000,42645073.80000000,TUSDT
2023-10-06 11:00:00,0.01893000,0.02263000,0.01893000,0.02136000,302083703.90000000,TUSDT
2023-10-06 12:00:00,0.02136000,0.02217000,0.02085000,0.02114000,180041637.30000000,TUSDT
2023-10-06 13:00:00,0.02116000,0.02135000,0.01988000,0.02027000,136975335.20000000,TUSDT
2023-10-06 14:00:00,0.02027000,0.02063000,0.02010000,0.02049000,48631573.10000000,TUSDT
2023-10-06 15:00:00,0.02048000,0.02099000,0.02012000,0.02025000,53118536.80000000,TUSDT
2023-10-06 16:00:00,0.02026000,0.02028000,0.01969000,0.01999000,41761048.60000000,TUSDT
2023-10-06 17:00:00,0.02000000,0.02001000,0.01947000,0.01967000,28854578.30000000,TUSDT
2023-10-06 18:00:00,0.01967000,0.01985000,0.01954000,0.01971000,19189285.40000000,TUSDT
2023-10-06 19:00:00,0.01972000,0.02021000,0.01964000,0.02004000,23083452.60000000,TUSDT
2023-10-06 20:00:00,0.02005000,0.02007000,0.01980000,0.01990000,12243153.70000000,TUSDT
2023-10-06 21:00:00,0.01989000,0.02001000,0.01956000,0.01998000,31037202.30000000,TUSDT
2023-10-06 22:00:00,0.01998000,0.02001000,0.01915000,0.01932000,42917540.50000000,TUSDT
2023-10-06 23:00:00,0.01931000,0.01953000,0.01920000,0.01943000,21243793.60000000,TUSDT
2023-10-07 00:00:00,0.01943000,0.01974000,0.01916000,0.01952000,40413941.00000000,TUSDT
2023-10-07 01:00:00,0.01951000,0.01985000,0.01943000,0.01965000,22712706.40000000,TUSDT
2023-10-07 02:00:00,0.01965000,0.01974000,0.01933000,0.01934000,10309458.30000000,TUSDT
2023-10-07 03:00:00,0.01935000,0.01936000,0.01914000,0.01921000,8658016.60000000,TUSDT
2023-10-07 04:00:00,0.01922000,0.02044000,0.01921000,0.02030000,55862707.00000000,TUSDT
2023-10-07 05:00:00,0.02030000,0.02094000,0.01978000,0.01997000,108996587.40000000,TUSDT
2023-10-07 06:00:00,0.01998000,0.02011000,0.01973000,0.01984000,20568527.40000000,TUSDT
2023-10-07 07:00:00,0.01984000,0.02000000,0.01957000,0.01967000,16933023.10000000,TUSDT
2023-10-07 08:00:00,0.01967000,0.01979000,0.01959000,0.01974000,8715100.80000000,TUSDT
2023-10-07 09:00:00,0.01975000,0.02000000,0.01970000,0.01983000,17754472.10000000,TUSDT
2023-10-07 10:00:00,0.01985000,0.01988000,0.01969000,0.01986000,6548873.70000000,TUSDT
2023-10-07 11:00:00,0.01987000,0.01997000,0.01973000,0.01976000,9045671.70000000,TUSDT
2023-10-07 12:00:00,0.01976000,0.01981000,0.01959000,0.01962000,10400156.10000000,TUSDT
2023-10-07 13:00:00,0.01963000,0.01969000,0.01949000,0.01956000,12230651.50000000,TUSDT
2023-10-07 14:00:00,0.01956000,0.01958000,0.01936000,0.01950000,13878602.70000000,TUSDT
2023-10-07 15:00:00,0.01949000,0.01951000,0.01941000,0.01949000,5305155.20000000,TUSDT
2023-10-07 16:00:00,0.01949000,0.01953000,0.01930000,0.01930000,4830743.10000000,TUSDT
2023-10-07 17:00:00,0.01930000,0.01948000,0.01927000,0.01935000,8115506.50000000,TUSDT
2023-10-07 18:00:00,0.01936000,0.01943000,0.01929000,0.01932000,4047684.50000000,TUSDT
2023-10-07 19:00:00,0.01932000,0.01934000,0.01919000,0.01924000,4919424.90000000,TUSDT
2023-10-07 20:00:00,0.01924000,0.01941000,0.01924000,0.01936000,2931652.20000000,TUSDT
2023-10-07 21:00:00,0.01937000,0.01946000,0.01935000,0.01945000,3336354.90000000,TUSDT
2023-10-07 22:00:00,0.01946000,0.01951000,0.01938000,0.01941000,7709187.60000000,TUSDT
2023-10-07 23:00:00,0.01942000,0.01954000,0.01941000,0.01952000,5490904.20000000,TUSDT
2023-10-08 00:00:00,0.01952000,0.02015000,0.01944000,0.01981000,58068034.50000000,TUSDT
2023-10-08 01:00:00,0.01981000,0.02020000,0.01968000,0.01998000,33400983.90000000,TUSDT
2023-10-08 02:00:00,0.01999000,0.02012000,0.01968000,0.01970000,18302344.70000000,TUSDT
2023-10-08 03:00:00,0.01971000,0.02051000,0.01949000,0.01997000,74855207.40000000,TUSDT
2023-10-08 04:00:00,0.01997000,0.02037000,0.01981000,0.02007000,49016406.20000000,TUSDT
2023-10-08 05:00:00,0.02007000,0.02015000,0.01990000,0.01992000,9714190.70000000,TUSDT
2023-10-08 06:00:00,0.01992000,0.02030000,0.01988000,0.02002000,15504862.30000000,TUSDT
2023-10-08 07:00:00,0.02002000,0.02014000,0.01995000,0.02006000,4305216.30000000,TUSDT
2023-10-08 08:00:00,0.02006000,0.02085000,0.01997000,0.02073000,31252473.70000000,TUSDT
2023-10-08 09:00:00,0.02072000,0.02095000,0.02026000,0.02036000,29770109.30000000,TUSDT
2023-10-08 10:00:00,0.02036000,0.02047000,0.02018000,0.02045000,14821298.30000000,TUSDT
2023-10-08 11:00:00,0.02045000,0.02048000,0.02022000,0.02025000,7989549.10000000,TUSDT
2023-10-08 12:00:00,0.02026000,0.02037000,0.02010000,0.02011000,10081695.00000000,TUSDT
2023-10-08 13:00:00,0.02011000,0.02017000,0.01998000,0.02012000,9104085.50000000,TUSDT
2023-10-08 14:00:00,0.02013000,0.02027000,0.01983000,0.02000000,11398406.40000000,TUSDT
2023-10-08 15:00:00,0.01999000,0.01999000,0.01968000,0.01968000,8274522.70000000,TUSDT
2023-10-08 16:00:00,0.01969000,0.02009000,0.01968000,0.01994000,9287615.90000000,TUSDT
2023-10-08 17:00:00,0.01994000,0.01994000,0.01976000,0.01980000,3661955.40000000,TUSDT
2023-10-08 18:00:00,0.01980000,0.01985000,0.01967000,0.01974000,4797628.20000000,TUSDT
2023-10-08 19:00:00,0.01974000,0.01993000,0.01970000,0.01977000,3434817.20000000,TUSDT
2023-10-08 20:00:00,0.01978000,0.01987000,0.01971000,0.01985000,2274846.80000000,TUSDT
2023-10-08 21:00:00,0.01986000,0.01988000,0.01972000,0.01972000,1682778.20000000,TUSDT
2023-10-08 22:00:00,0.01972000,0.01974000,0.01962000,0.01966000,1632466.20000000,TUSDT
2023-10-08 23:00:00,0.01965000,0.01991000,0.01960000,0.01982000,14252047.60000000,TUSDT
2023-10-09 00:00:00,0.01982000,0.01989000,0.01929000,0.01936000,30142148.30000000,TUSDT
2023-10-09 01:00:00,0.01937000,0.01953000,0.01920000,0.01943000,15641679.10000000,TUSDT
2023-10-09 02:00:00,0.01944000,0.01946000,0.01931000,0.01939000,4761439.50000000,TUSDT
2023-10-09 03:00:00,0.01939000,0.01954000,0.01939000,0.01949000,2475035.60000000,TUSDT
2023-10-09 04:00:00,0.01951000,0.01951000,0.01934000,0.01935000,3320495.00000000,TUSDT
2023-10-09 05:00:00,0.01935000,0.01949000,0.01935000,0.01938000,5128747.80000000,TUSDT
2023-10-09 06:00:00,0.01938000,0.01944000,0.01935000,0.01940000,2373430.80000000,TUSDT
2023-10-09 07:00:00,0.01940000,0.01940000,0.01903000,0.01908000,11046671.20000000,TUSDT
2023-10-09 08:00:00,0.01908000,0.01916000,0.01893000,0.01899000,9004369.90000000,TUSDT
2023-10-09 09:00:00,0.01899000,0.01906000,0.01855000,0.01865000,17339050.70000000,TUSDT
2023-10-09 10:00:00,0.01865000,0.01873000,0.01855000,0.01860000,10922238.20000000,TUSDT
2023-10-09 11:00:00,0.01859000,0.01868000,0.01853000,0.01855000,6812057.70000000,TUSDT
2023-10-09 12:00:00,0.01855000,0.01877000,0.01852000,0.01867000,5503491.60000000,TUSDT
2023-10-09 13:00:00,0.01868000,0.01873000,0.01858000,0.01872000,3569876.90000000,TUSDT
2023-10-09 14:00:00,0.01873000,0.01874000,0.01854000,0.01855000,4624963.60000000,TUSDT
2023-10-09 15:00:00,0.01856000,0.01856000,0.01835000,0.01836000,5940834.80000000,TUSDT
2023-10-09 16:00:00,0.01836000,0.01845000,0.01803000,0.01825000,12012793.50000000,TUSDT
2023-10-09 17:00:00,0.01826000,0.01839000,0.01821000,0.01827000,7572338.50000000,TUSDT
2023-10-09 18:00:00,0.01827000,0.01842000,0.01827000,0.01832000,4081399.60000000,TUSDT
2023-10-09 19:00:00,0.01833000,0.01854000,0.01830000,0.01848000,2049948.50000000,TUSDT
2023-10-09 20:00:00,0.01849000,0.01862000,0.01849000,0.01858000,1478630.10000000,TUSDT
2023-10-09 21:00:00,0.01858000,0.01890000,0.01849000,0.01886000,8766426.00000000,TUSDT
2023-10-09 22:00:00,0.01888000,0.01888000,0.01867000,0.01872000,3916738.00000000,TUSDT
2023-10-09 23:00:00,0.01873000,0.01876000,0.01866000,0.01871000,1945544.10000000,TUSDT
2023-10-10 00:00:00,0.01873000,0.01874000,0.01844000,0.01846000,12370313.70000000,TUSDT
2023-10-10 01:00:00,0.01846000,0.01851000,0.01835000,0.01843000,6781601.40000000,TUSDT
2023-10-10 02:00:00,0.01844000,0.01865000,0.01833000,0.01859000,6990859.30000000,TUSDT
2023-10-10 03:00:00,0.01860000,0.01864000,0.01849000,0.01854000,4532451.40000000,TUSDT
2023-10-10 04:00:00,0.01854000,0.01854000,0.01837000,0.01840000,7937873.40000000,TUSDT
2023-10-10 05:00:00,0.01841000,0.01844000,0.01832000,0.01843000,3550052.40000000,TUSDT
2023-10-10 06:00:00,0.01843000,0.01846000,0.01838000,0.01843000,2709926.00000000,TUSDT
2023-10-10 07:00:00,0.01844000,0.01849000,0.01840000,0.01843000,4156483.80000000,TUSDT
2023-10-10 08:00:00,0.01843000,0.01845000,0.01836000,0.01840000,4799361.30000000,TUSDT
2023-10-10 09:00:00,0.01841000,0.01841000,0.01821000,0.01836000,6082965.90000000,TUSDT
2023-10-10 10:00:00,0.01836000,0.01856000,0.01836000,0.01842000,7465761.40000000,TUSDT
2023-10-10 11:00:00,0.01841000,0.01845000,0.01834000,0.01836000,6287272.20000000,TUSDT
2023-10-10 12:00:00,0.01837000,0.01847000,0.01821000,0.01828000,5863625.90000000,TUSDT
2023-10-10 13:00:00,0.01826000,0.01836000,0.01822000,0.01833000,4113564.50000000,TUSDT
2023-10-10 14:00:00,0.01833000,0.01877000,0.01833000,0.01847000,11224701.80000000,TUSDT
2023-10-10 15:00:00,0.01846000,0.01908000,0.01846000,0.01890000,30058749.40000000,TUSDT
2023-10-10 16:00:00,0.01890000,0.01905000,0.01873000,0.01895000,13566088.60000000,TUSDT
2023-10-10 17:00:00,0.01895000,0.01901000,0.01881000,0.01889000,8728603.00000000,TUSDT
2023-10-10 18:00:00,0.01889000,0.01895000,0.01884000,0.01887000,4026954.60000000,TUSDT
2023-10-10 19:00:00,0.01887000,0.01891000,0.01881000,0.01886000,4101389.90000000,TUSDT
2023-10-10 20:00:00,0.01886000,0.01888000,0.01870000,0.01883000,4275517.50000000,TUSDT
2023-10-10 21:00:00,0.01883000,0.01891000,0.01879000,0.01889000,2143363.50000000,TUSDT
2023-10-10 22:00:00,0.01889000,0.01906000,0.01888000,0.01891000,4457388.50000000,TUSDT
2023-10-10 23:00:00,0.01891000,0.01893000,0.01880000,0.01885000,3206968.60000000,TUSDT
2023-10-11 00:00:00,0.01885000,0.01885000,0.01861000,0.01870000,5531620.30000000,TUSDT
2023-10-11 01:00:00,0.01871000,0.01877000,0.01865000,0.01875000,2427648.50000000,TUSDT
2023-10-11 02:00:00,0.01874000,0.01877000,0.01826000,0.01834000,12246883.80000000,TUSDT
2023-10-11 03:00:00,0.01835000,0.01840000,0.01812000,0.01814000,6876197.00000000,TUSDT
2023-10-11 04:00:00,0.01815000,0.01834000,0.01813000,0.01828000,3232141.90000000,TUSDT
2023-10-11 05:00:00,0.01827000,0.01833000,0.01816000,0.01829000,2831559.60000000,TUSDT
2023-10-11 06:00:00,0.01829000,0.01831000,0.01821000,0.01824000,2069566.70000000,TUSDT
2023-10-11 07:00:00,0.01824000,0.01828000,0.01805000,0.01807000,5230723.10000000,TUSDT
2023-10-11 08:00:00,0.01806000,0.01818000,0.01806000,0.01814000,2611331.30000000,TUSDT
2023-10-11 09:00:00,0.01814000,0.01836000,0.01813000,0.01831000,3359004.60000000,TUSDT
2023-10-11 10:00:00,0.01831000,0.01832000,0.01824000,0.01829000,3612238.70000000,TUSDT
2023-10-11 11:00:00,0.01829000,0.01831000,0.01789000,0.01795000,9806578.30000000,TUSDT
2023-10-11 12:00:00,0.01794000,0.01798000,0.01783000,0.01793000,3251664.50000000,TUSDT
2023-10-11 13:00:00,0.01792000,0.01796000,0.01785000,0.01796000,2369773.20000000,TUSDT
2023-10-11 14:00:00,0.01795000,0.01796000,0.01783000,0.01788000,1898109.90000000,TUSDT
2023-10-11 15:00:00,0.01788000,0.01789000,0.01768000,0.01774000,4340177.20000000,TUSDT
2023-10-11 16:00:00,0.01774000,0.01783000,0.01764000,0.01775000,2958317.70000000,TUSDT
2023-10-11 17:00:00,0.01774000,0.01779000,0.01765000,0.01773000,2085328.80000000,TUSDT
2023-10-11 18:00:00,0.01772000,0.01783000,0.01767000,0.01783000,1370269.00000000,TUSDT
2023-10-11 19:00:00,0.01782000,0.01789000,0.01777000,0.01786000,1460130.40000000,TUSDT
2023-10-11 20:00:00,0.01785000,0.01790000,0.01784000,0.01790000,876852.90000000,TUSDT
2023-10-11 21:00:00,0.01790000,0.01800000,0.01790000,0.01798000,1879704.90000000,TUSDT
2023-10-11 22:00:00,0.01798000,0.01802000,0.01797000,0.01801000,1329755.70000000,TUSDT
2023-10-11 23:00:00,0.01800000,0.01805000,0.01798000,0.01802000,2321325.80000000,TUSDT
2023-10-12 00:00:00,0.01803000,0.01875000,0.01803000,0.01845000,73011556.00000000,TUSDT
2023-10-12 01:00:00,0.01844000,0.01877000,0.01829000,0.01869000,15911429.30000000,TUSDT
2023-10-12 02:00:00,0.01869000,0.01870000,0.01855000,0.01857000,8115371.90000000,TUSDT
2023-10-12 03:00:00,0.01857000,0.01857000,0.01843000,0.01849000,3639630.40000000,TUSDT
2023-10-12 04:00:00,0.01849000,0.01868000,0.01848000,0.01860000,4977976.20000000,TUSDT
2023-10-12 05:00:00,0.01859000,0.01865000,0.01851000,0.01858000,4511486.40000000,TUSDT
2023-10-12 06:00:00,0.01858000,0.01875000,0.01849000,0.01869000,5511689.70000000,TUSDT
2023-10-12 07:00:00,0.01869000,0.01883000,0.01864000,0.01867000,8891687.30000000,TUSDT
2023-10-12 08:00:00,0.01867000,0.01873000,0.01854000,0.01865000,7021726.00000000,TUSDT
2023-10-12 09:00:00,0.01864000,0.01865000,0.01837000,0.01845000,3552563.50000000,TUSDT
2023-10-12 10:00:00,0.01844000,0.01876000,0.01844000,0.01869000,5185730.50000000,TUSDT
2023-10-12 11:00:00,0.01868000,0.01902000,0.01868000,0.01875000,17388746.20000000,TUSDT
2023-10-12 12:00:00,0.01876000,0.01911000,0.01874000,0.01904000,16383351.00000000,TUSDT
2023-10-12 13:00:00,0.01904000,0.02127000,0.01903000,0.02105000,263611168.70000000,TUSDT
2023-10-12 14:00:00,0.02104000,0.02143000,0.01993000,0.02058000,140957679.10000000,TUSDT
2023-10-12 15:00:00,0.02057000,0.02057000,0.01971000,0.02000000,113661303.10000000,TUSDT
2023-10-12 16:00:00,0.01998000,0.02009000,0.01956000,0.01986000,53392502.80000000,TUSDT
2023-10-12 17:00:00,0.01985000,0.01989000,0.01941000,0.01958000,37863927.10000000,TUSDT
2023-10-12 18:00:00,0.01958000,0.01979000,0.01953000,0.01969000,11407974.10000000,TUSDT
2023-10-12 19:00:00,0.01967000,0.01971000,0.01952000,0.01961000,10094972.70000000,TUSDT
2023-10-12 20:00:00,0.01960000,0.01960000,0.01933000,0.01936000,11860322.00000000,TUSDT
2023-10-12 21:00:00,0.01937000,0.01964000,0.01927000,0.01961000,19877142.00000000,TUSDT
2023-10-12 22:00:00,0.01960000,0.01965000,0.01943000,0.01962000,14694156.40000000,TUSDT
2023-10-12 23:00:00,0.01961000,0.01964000,0.01947000,0.01962000,15206840.00000000,TUSDT
2023-10-13 00:00:00,0.01961000,0.02142000,0.01943000,0.02106000,220506877.80000000,TUSDT
2023-10-13 01:00:00,0.02107000,0.02249000,0.02085000,0.02203000,119714274.20000000,TUSDT
2023-10-13 02:00:00,0.02204000,0.02314000,0.02192000,0.02208000,112220471.60000000,TUSDT
2023-10-13 03:00:00,0.02207000,0.02219000,0.02125000,0.02177000,63126478.90000000,TUSDT
2023-10-13 04:00:00,0.02177000,0.02216000,0.02152000,0.02210000,43007376.40000000,TUSDT
2023-10-13 05:00:00,0.02208000,0.02278000,0.02188000,0.02258000,75262278.30000000,TUSDT
2023-10-13 06:00:00,0.02258000,0.02267000,0.02177000,0.02202000,36537657.70000000,TUSDT
2023-10-13 07:00:00,0.02202000,0.02254000,0.02173000,0.02229000,48728810.00000000,TUSDT
2023-10-13 08:00:00,0.02229000,0.02335000,0.02195000,0.02210000,93926101.40000000,TUSDT
2023-10-13 09:00:00,0.02211000,0.02222000,0.02158000,0.02191000,39637098.60000000,TUSDT
2023-10-13 10:00:00,0.02191000,0.02214000,0.02182000,0.02184000,18373351.60000000,TUSDT
2023-10-13 11:00:00,0.02184000,0.02192000,0.02136000,0.02150000,25231595.90000000,TUSDT
2023-10-13 12:00:00,0.02150000,0.02187000,0.02138000,0.02163000,27219899.60000000,TUSDT
2023-10-13 13:00:00,0.02162000,0.02179000,0.02145000,0.02156000,15714840.80000000,TUSDT
2023-10-13 14:00:00,0.02157000,0.02164000,0.02104000,0.02135000,24278278.00000000,TUSDT
2023-10-13 15:00:00,0.02134000,0.02160000,0.02131000,0.02140000,21736277.30000000,TUSDT
2023-10-13 16:00:00,0.02141000,0.02157000,0.02128000,0.02151000,10475074.10000000,TUSDT
2023-10-13 17:00:00,0.02151000,0.02200000,0.02151000,0.02191000,23864409.10000000,TUSDT
2023-10-13 18:00:00,0.02190000,0.02194000,0.02140000,0.02145000,19066334.70000000,TUSDT
2023-10-13 19:00:00,0.02145000,0.02152000,0.02132000,0.02134000,9375366.10000000,TUSDT
2023-10-13 20:00:00,0.02135000,0.02172000,0.02135000,0.02158000,7954326.20000000,TUSDT
2023-10-13 21:00:00,0.02157000,0.02180000,0.02146000,0.02166000,8299333.40000000,TUSDT
2023-10-13 22:00:00,0.02165000,0.02178000,0.02152000,0.02156000,11995060.50000000,TUSDT
2023-10-13 23:00:00,0.02155000,0.02156000,0.02140000,0.02147000,4769752.00000000,TUSDT
2023-10-14 00:00:00,0.02149000,0.02190000,0.02089000,0.02137000,35817867.30000000,TUSDT
2023-10-14 01:00:00,0.02136000,0.02143000,0.02100000,0.02116000,9836513.00000000,TUSDT
2023-10-14 02:00:00,0.02116000,0.02237000,0.02113000,0.02197000,28943939.10000000,TUSDT
2023-10-14 03:00:00,0.02198000,0.02201000,0.02144000,0.02154000,10303533.90000000,TUSDT
2023-10-14 04:00:00,0.02154000,0.02189000,0.02152000,0.02169000,9859927.80000000,TUSDT
2023-10-14 05:00:00,0.02173000,0.02297000,0.02173000,0.02274000,37881345.00000000,TUSDT
2023-10-14 06:00:00,0.02274000,0.02304000,0.02253000,0.02256000,23147548.00000000,TUSDT
2023-10-14 07:00:00,0.02257000,0.02268000,0.02220000,0.02234000,15086932.40000000,TUSDT
2023-10-14 08:00:00,0.02233000,0.02289000,0.02205000,0.02217000,20239384.50000000,TUSDT
2023-10-14 09:00:00,0.02217000,0.02247000,0.02209000,0.02240000,6664938.60000000,TUSDT
2023-10-14 10:00:00,0.02240000,0.02280000,0.02222000,0.02253000,16063758.00000000,TUSDT
2023-10-14 11:00:00,0.02251000,0.02280000,0.02215000,0.02233000,18047965.40000000,TUSDT
2023-10-14 12:00:00,0.02235000,0.02243000,0.02208000,0.02214000,10679283.30000000,TUSDT
2023-10-14 13:00:00,0.02214000,0.02222000,0.02198000,0.02203000,11056716.60000000,TUSDT
2023-10-14 14:00:00,0.02202000,0.02208000,0.02177000,0.02179000,9267592.50000000,TUSDT
2023-10-14 15:00:00,0.02180000,0.02210000,0.02175000,0.02204000,7053503.60000000,TUSDT
2023-10-14 16:00:00,0.02205000,0.02226000,0.02194000,0.02213000,17095650.30000000,TUSDT
2023-10-14 17:00:00,0.02213000,0.02233000,0.02213000,0.02216000,8248159.60000000,TUSDT
2023-10-14 18:00:00,0.02217000,0.02217000,0.02202000,0.02207000,4249450.60000000,TUSDT
2023-10-14 19:00:00,0.02205000,0.02228000,0.02200000,0.02221000,7559502.10000000,TUSDT
2023-10-14 20:00:00,0.02220000,0.02243000,0.02214000,0.02216000,6879788.30000000,TUSDT
2023-10-14 21:00:00,0.02216000,0.02267000,0.02214000,0.02257000,7506581.20000000,TUSDT
2023-10-14 22:00:00,0.02257000,0.02281000,0.02244000,0.02247000,13470936.00000000,TUSDT
2023-10-14 23:00:00,0.02247000,0.02253000,0.02230000,0.02250000,5010761.50000000,TUSDT
2023-10-15 00:00:00,0.02249000,0.02328000,0.02216000,0.02305000,27259567.70000000,TUSDT
2023-10-15 01:00:00,0.02304000,0.02470000,0.02294000,0.02426000,64351934.10000000,TUSDT
2023-10-15 02:00:00,0.02426000,0.02505000,0.02379000,0.02393000,62334099.80000000,TUSDT
2023-10-15 03:00:00,0.02395000,0.02409000,0.02354000,0.02379000,23305158.10000000,TUSDT
2023-10-15 04:00:00,0.02379000,0.02406000,0.02331000,0.02344000,19398506.00000000,TUSDT
2023-10-15 05:00:00,0.02344000,0.02358000,0.02324000,0.02329000,10795325.80000000,TUSDT
2023-10-15 06:00:00,0.02329000,0.02344000,0.02314000,0.02337000,16819850.30000000,TUSDT
2023-10-15 07:00:00,0.02338000,0.02344000,0.02277000,0.02287000,16118727.40000000,TUSDT
2023-10-15 08:00:00,0.02286000,0.02293000,0.02257000,0.02273000,11093621.60000000,TUSDT
2023-10-15 09:00:00,0.02273000,0.02307000,0.02265000,0.02301000,9863406.90000000,TUSDT
2023-10-15 10:00:00,0.02299000,0.02340000,0.02294000,0.02309000,11397314.90000000,TUSDT
2023-10-15 11:00:00,0.02309000,0.02361000,0.02306000,0.02339000,13574921.30000000,TUSDT
2023-10-15 12:00:00,0.02339000,0.02347000,0.02316000,0.02318000,8927035.60000000,TUSDT
2023-10-15 13:00:00,0.02318000,0.02389000,0.02204000,0.02247000,41255570.40000000,TUSDT
2023-10-15 14:00:00,0.02249000,0.02294000,0.02231000,0.02244000,59395723.20000000,TUSDT
2023-10-15 15:00:00,0.02244000,0.02255000,0.02223000,0.02226000,14515917.30000000,TUSDT
2023-10-15 16:00:00,0.02226000,0.02249000,0.02214000,0.02228000,10789006.60000000,TUSDT
2023-10-15 17:00:00,0.02228000,0.02252000,0.02227000,0.02248000,5618160.30000000,TUSDT
2023-10-15 18:00:00,0.02249000,0.02254000,0.02239000,0.02243000,3861859.90000000,TUSDT
2023-10-15 19:00:00,0.02244000,0.02246000,0.02234000,0.02236000,4201616.20000000,TUSDT
2023-10-15 20:00:00,0.02237000,0.02251000,0.02234000,0.02246000,7106870.30000000,TUSDT
2023-10-15 21:00:00,0.02247000,0.02252000,0.02213000,0.02214000,5642600.50000000,TUSDT
2023-10-15 22:00:00,0.02215000,0.02238000,0.02212000,0.02229000,3642705.20000000,TUSDT
2023-10-15 23:00:00,0.02228000,0.02229000,0.02212000,0.02218000,4676964.40000000,TUSDT
2023-10-16 00:00:00,0.02219000,0.02400000,0.02164000,0.02328000,76641021.90000000,TUSDT
2023-10-16 01:00:00,0.02329000,0.02384000,0.02320000,0.02327000,39670168.20000000,TUSDT
2023-10-16 02:00:00,0.02329000,0.02341000,0.02304000,0.02326000,12513584.30000000,TUSDT
2023-10-16 03:00:00,0.02326000,0.02354000,0.02317000,0.02340000,13796451.00000000,TUSDT
2023-10-16 04:00:00,0.02341000,0.02358000,0.02320000,0.02323000,10891764.50000000,TUSDT
2023-10-16 05:00:00,0.02324000,0.02358000,0.02229000,0.02243000,17467197.60000000,TUSDT
2023-10-16 06:00:00,0.02245000,0.02282000,0.02235000,0.02279000,8408344.80000000,TUSDT
2023-10-16 07:00:00,0.02279000,0.02294000,0.02273000,0.02293000,3271140.40000000,TUSDT
2023-10-16 08:00:00,0.02293000,0.02340000,0.02293000,0.02315000,11789164.90000000,TUSDT
2023-10-16 09:00:00,0.02315000,0.02317000,0.02288000,0.02295000,5465233.90000000,TUSDT
2023-10-16 10:00:00,0.02295000,0.02358000,0.02290000,0.02314000,17827794.00000000,TUSDT
2023-10-16 11:00:00,0.02312000,0.02423000,0.02306000,0.02348000,39496316.90000000,TUSDT
2023-10-16 12:00:00,0.02349000,0.02353000,0.02245000,0.02263000,23136868.00000000,TUSDT
2023-10-16 13:00:00,0.02261000,0.02311000,0.02205000,0.02254000,26503899.60000000,TUSDT
2023-10-16 14:00:00,0.02254000,0.02279000,0.02247000,0.02252000,9207587.60000000,TUSDT
2023-10-16 15:00:00,0.02252000,0.02255000,0.02236000,0.02241000,5582126.10000000,TUSDT
2023-10-16 16:00:00,0.02242000,0.02249000,0.02236000,0.02249000,2942713.60000000,TUSDT
2023-10-16 17:00:00,0.02249000,0.02295000,0.02249000,0.02292000,7873265.80000000,TUSDT
2023-10-16 18:00:00,0.02293000,0.02332000,0.02292000,0.02330000,15902103.70000000,TUSDT
2023-10-16 19:00:00,0.02331000,0.02336000,0.02313000,0.02315000,11192161.20000000,TUSDT
2023-10-16 20:00:00,0.02314000,0.02323000,0.02303000,0.02305000,4591509.70000000,TUSDT
2023-10-16 21:00:00,0.02305000,0.02311000,0.02295000,0.02310000,4047113.20000000,TUSDT
2023-10-16 22:00:00,0.02308000,0.02342000,0.02308000,0.02324000,7872093.40000000,TUSDT
2023-10-16 23:00:00,0.02324000,0.02352000,0.02322000,0.02336000,7381051.20000000,TUSDT
2023-10-17 00:00:00,0.02336000,0.02386000,0.02314000,0.02355000,24547810.50000000,TUSDT
2023-10-17 01:00:00,0.02353000,0.02405000,0.02341000,0.02384000,17510926.00000000,TUSDT
2023-10-17 02:00:00,0.02385000,0.02407000,0.02366000,0.02388000,16660061.90000000,TUSDT
2023-10-17 03:00:00,0.02389000,0.02397000,0.02361000,0.02367000,13824572.90000000,TUSDT
2023-10-17 04:00:00,0.02367000,0.02368000,0.02317000,0.02345000,15341527.30000000,TUSDT
2023-10-17 05:00:00,0.02344000,0.02346000,0.02314000,0.02346000,10573209.70000000,TUSDT
2023-10-17 06:00:00,0.02346000,0.02372000,0.02340000,0.02351000,10066779.50000000,TUSDT
2023-10-17 07:00:00,0.02353000,0.02356000,0.02300000,0.02304000,9700784.50000000,TUSDT
2023-10-17 08:00:00,0.02304000,0.02334000,0.02301000,0.02307000,6705589.70000000,TUSDT
2023-10-17 09:00:00,0.02306000,0.02307000,0.02267000,0.02278000,9076968.70000000,TUSDT
2023-10-17 10:00:00,0.02279000,0.02284000,0.02254000,0.02281000,10703573.30000000,TUSDT
2023-10-17 11:00:00,0.02282000,0.02282000,0.02262000,0.02270000,7458897.80000000,TUSDT
2023-10-17 12:00:00,0.02271000,0.02291000,0.02257000,0.02278000,10950010.40000000,TUSDT
2023-10-17 13:00:00,0.02278000,0.02317000,0.02243000,0.02275000,17987429.90000000,TUSDT
2023-10-17 14:00:00,0.02274000,0.02295000,0.02267000,0.02288000,7197672.10000000,TUSDT
2023-10-17 15:00:00,0.02288000,0.02327000,0.02287000,0.02319000,12629483.40000000,TUSDT
2023-10-17 16:00:00,0.02318000,0.02319000,0.02295000,0.02313000,5019703.50000000,TUSDT
2023-10-17 17:00:00,0.02312000,0.02333000,0.02304000,0.02311000,7580320.10000000,TUSDT
2023-10-17 18:00:00,0.02311000,0.02329000,0.02297000,0.02298000,6806007.70000000,TUSDT
2023-10-17 19:00:00,0.02298000,0.02320000,0.02295000,0.02316000,4949736.20000000,TUSDT
2023-10-17 20:00:00,0.02315000,0.02322000,0.02309000,0.02319000,3130420.70000000,TUSDT
2023-10-17 21:00:00,0.02319000,0.02340000,0.02319000,0.02323000,3675821.30000000,TUSDT
2023-10-17 22:00:00,0.02320000,0.02345000,0.02316000,0.02345000,10105110.90000000,TUSDT
2023-10-17 23:00:00,0.02347000,0.02401000,0.02341000,0.02397000,17888893.70000000,TUSDT
2023-10-18 00:00:00,0.02396000,0.02513000,0.02355000,0.02440000,107525748.40000000,TUSDT
2023-10-18 01:00:00,0.02440000,0.02490000,0.02299000,0.02350000,74466615.10000000,TUSDT
2023-10-18 02:00:00,0.02351000,0.02353000,0.02227000,0.02259000,55072050.10000000,TUSDT
2023-10-18 03:00:00,0.02258000,0.02260000,0.02158000,0.02204000,39712465.00000000,TUSDT
2023-10-18 04:00:00,0.02204000,0.02218000,0.02178000,0.02205000,8507473.70000000,TUSDT
2023-10-18 05:00:00,0.02205000,0.02209000,0.02176000,0.02196000,9898468.10000000,TUSDT
2023-10-18 06:00:00,0.02195000,0.02213000,0.02187000,0.02202000,5153813.80000000,TUSDT
2023-10-18 07:00:00,0.02202000,0.02203000,0.02191000,0.02199000,3862062.40000000,TUSDT
2023-10-18 08:00:00,0.02197000,0.02201000,0.02176000,0.02196000,6736289.30000000,TUSDT
2023-10-18 09:00:00,0.02195000,0.02204000,0.02180000,0.02182000,3884063.50000000,TUSDT
2023-10-18 10:00:00,0.02181000,0.02194000,0.02169000,0.02174000,4201523.20000000,TUSDT
2023-10-18 11:00:00,0.02172000,0.02188000,0.02153000,0.02186000,5352294.50000000,TUSDT
2023-10-18 12:00:00,0.02183000,0.02191000,0.02152000,0.02162000,6624930.10000000,TUSDT
2023-10-18 13:00:00,0.02161000,0.02162000,0.02110000,0.02117000,10160739.80000000,TUSDT
2023-10-18 14:00:00,0.02117000,0.02145000,0.02112000,0.02142000,9280428.30000000,TUSDT
2023-10-18 15:00:00,0.02143000,0.02145000,0.02131000,0.02138000,3481157.80000000,TUSDT
2023-10-18 16:00:00,0.02137000,0.02147000,0.02120000,0.02120000,4206052.20000000,TUSDT
2023-10-18 17:00:00,0.02121000,0.02128000,0.02099000,0.02099000,6779110.00000000,TUSDT
2023-10-18 18:00:00,0.02100000,0.02110000,0.02084000,0.02099000,9595853.60000000,TUSDT
2023-10-18 19:00:00,0.02099000,0.02099000,0.02061000,0.02074000,9385232.80000000,TUSDT
2023-10-18 20:00:00,0.02074000,0.02085000,0.02069000,0.02072000,3913176.70000000,TUSDT
2023-10-18 21:00:00,0.02072000,0.02074000,0.02061000,0.02071000,3782714.20000000,TUSDT
2023-10-18 22:00:00,0.02071000,0.02097000,0.02068000,0.02086000,4973660.90000000,TUSDT
2023-10-18 23:00:00,0.02085000,0.02097000,0.02067000,0.02088000,9438927.70000000,TUSDT
2023-10-19 00:00:00,0.02086000,0.02087000,0.02038000,0.02044000,29536126.40000000,TUSDT
2023-10-19 01:00:00,0.02045000,0.02045000,0.01950000,0.01956000,41264347.10000000,TUSDT
2023-10-19 02:00:00,0.01956000,0.01957000,0.01918000,0.01921000,18140566.40000000,TUSDT
2023-10-19 03:00:00,0.01920000,0.01937000,0.01896000,0.01911000,32764995.20000000,TUSDT
2023-10-19 04:00:00,0.01910000,0.01935000,0.01899000,0.01925000,11539359.90000000,TUSDT
2023-10-19 05:00:00,0.01925000,0.01957000,0.01924000,0.01956000,8841911.20000000,TUSDT
2023-10-19 06:00:00,0.01956000,0.01958000,0.01944000,0.01950000,3533190.90000000,TUSDT
2023-10-19 07:00:00,0.01952000,0.01960000,0.01946000,0.01948000,3399494.00000000,TUSDT
2023-10-19 08:00:00,0.01949000,0.01984000,0.01948000,0.01977000,7842343.40000000,TUSDT
2023-10-19 09:00:00,0.01976000,0.01978000,0.01928000,0.01935000,4885336.40000000,TUSDT
2023-10-19 10:00:00,0.01935000,0.01944000,0.01925000,0.01932000,4894064.60000000,TUSDT
2023-10-19 11:00:00,0.01932000,0.01932000,0.01912000,0.01920000,5804828.30000000,TUSDT
2023-10-19 12:00:00,0.01920000,0.01945000,0.01914000,0.01941000,9885178.50000000,TUSDT
2023-10-19 13:00:00,0.01941000,0.01953000,0.01935000,0.01938000,6427084.50000000,TUSDT
2023-10-19 14:00:00,0.01938000,0.01945000,0.01915000,0.01925000,9443762.20000000,TUSDT
2023-10-19 15:00:00,0.01925000,0.01931000,0.01916000,0.01925000,8268847.00000000,TUSDT
2023-10-19 16:00:00,0.01924000,0.01934000,0.01906000,0.01918000,11507425.90000000,TUSDT
2023-10-19 17:00:00,0.01918000,0.01930000,0.01912000,0.01928000,6110938.90000000,TUSDT
2023-10-19 18:00:00,0.01927000,0.01936000,0.01919000,0.01920000,6900873.90000000,TUSDT
2023-10-19 19:00:00,0.01920000,0.01934000,0.01919000,0.01934000,3309518.60000000,TUSDT
2023-10-19 20:00:00,0.01934000,0.01952000,0.01931000,0.01948000,8702449.30000000,TUSDT
2023-10-19 21:00:00,0.01948000,0.01950000,0.01919000,0.01927000,5015537.10000000,TUSDT
2023-10-19 22:00:00,0.01927000,0.01928000,0.01918000,0.01925000,1999605.60000000,TUSDT
2023-10-19 23:00:00,0.01924000,0.01935000,0.01923000,0.01935000,1874488.80000000,TUSDT
2023-10-20 00:00:00,0.01934000,0.02002000,0.01879000,0.01886000,32410521.70000000,TUSDT
2023-10-20 01:00:00,0.01886000,0.01925000,0.01870000,0.01913000,13470965.40000000,TUSDT
2023-10-20 02:00:00,0.01913000,0.01945000,0.01909000,0.01937000,6659093.30000000,TUSDT
2023-10-20 03:00:00,0.01937000,0.01939000,0.01907000,0.01909000,11026971.60000000,TUSDT
2023-10-20 04:00:00,0.01909000,0.01933000,0.01904000,0.01930000,5710299.40000000,TUSDT
2023-10-20 05:00:00,0.01930000,0.01942000,0.01925000,0.01933000,5161836.30000000,TUSDT
2023-10-20 06:00:00,0.01932000,0.01986000,0.01927000,0.01969000,12144065.80000000,TUSDT
2023-10-20 07:00:00,0.01969000,0.02043000,0.01968000,0.01975000,48759581.00000000,TUSDT
2023-10-20 08:00:00,0.01976000,0.02016000,0.01968000,0.01997000,10200627.40000000,TUSDT
2023-10-20 09:00:00,0.01996000,0.02014000,0.01991000,0.02004000,12147629.40000000,TUSDT
2023-10-20 10:00:00,0.02006000,0.02051000,0.01992000,0.01992000,32118450.30000000,TUSDT
2023-10-20 11:00:00,0.01993000,0.01999000,0.01954000,0.01958000,25710342.40000000,TUSDT
2023-10-20 12:00:00,0.01958000,0.01977000,0.01953000,0.01966000,15629202.90000000,TUSDT
2023-10-20 13:00:00,0.01968000,0.02001000,0.01968000,0.01992000,7464056.60000000,TUSDT
2023-10-20 14:00:00,0.01994000,0.01998000,0.01977000,0.01990000,6656213.10000000,TUSDT
2023-10-20 15:00:00,0.01990000,0.01991000,0.01979000,0.01987000,9707202.80000000,TUSDT
2023-10-20 16:00:00,0.01986000,0.01987000,0.01969000,0.01970000,5094162.80000000,TUSDT
2023-10-20 17:00:00,0.01971000,0.01976000,0.01966000,0.01972000,4452874.10000000,TUSDT
2023-10-20 18:00:00,0.01972000,0.01974000,0.01961000,0.01961000,4606971.20000000,TUSDT
2023-10-20 19:00:00,0.01961000,0.01967000,0.01958000,0.01965000,5446038.80000000,TUSDT
2023-10-20 20:00:00,0.01964000,0.01975000,0.01955000,0.01965000,8699438.90000000,TUSDT
2023-10-20 21:00:00,0.01966000,0.01974000,0.01964000,0.01974000,3900486.10000000,TUSDT
2023-10-20 22:00:00,0.01974000,0.01995000,0.01972000,0.01992000,7517747.30000000,TUSDT
2023-10-20 23:00:00,0.01993000,0.01993000,0.01980000,0.01985000,5616122.10000000,TUSDT
2023-10-21 00:00:00,0.01988000,0.02022000,0.01970000,0.01972000,29777453.80000000,TUSDT
2023-10-21 01:00:00,0.01971000,0.01987000,0.01969000,0.01987000,10402593.90000000,TUSDT
2023-10-21 02:00:00,0.01987000,0.01990000,0.01972000,0.01977000,11520702.40000000,TUSDT
2023-10-21 03:00:00,0.01977000,0.01979000,0.01964000,0.01976000,3573337.60000000,TUSDT
2023-10-21 04:00:00,0.01976000,0.01988000,0.01972000,0.01988000,2995413.60000000,TUSDT
2023-10-21 05:00:00,0.01988000,0.02002000,0.01985000,0.01997000,4299910.40000000,TUSDT
2023-10-21 06:00:00,0.01997000,0.02023000,0.01997000,0.02018000,9696029.60000000,TUSDT
2023-10-21 07:00:00,0.02016000,0.02024000,0.02005000,0.02024000,5454924.80000000,TUSDT
2023-10-21 08:00:00,0.02025000,0.02029000,0.02011000,0.02011000,5055683.50000000,TUSDT
2023-10-21 09:00:00,0.02011000,0.02011000,0.02003000,0.02010000,5095521.30000000,TUSDT
2023-10-21 10:00:00,0.02011000,0.02024000,0.02009000,0.02021000,2624081.60000000,TUSDT
2023-10-21 11:00:00,0.02021000,0.02027000,0.02014000,0.02022000,6100614.30000000,TUSDT
2023-10-21 12:00:00,0.02024000,0.02027000,0.02012000,0.02013000,5699008.30000000,TUSDT
2023-10-21 13:00:00,0.02013000,0.02028000,0.02012000,0.02018000,10117590.40000000,TUSDT
2023-10-21 14:00:00,0.02018000,0.02020000,0.02001000,0.02007000,16316104.70000000,TUSDT
2023-10-21 15:00:00,0.02007000,0.02017000,0.01997000,0.02010000,5928333.70000000,TUSDT
2023-10-21 16:00:00,0.02008000,0.02027000,0.02008000,0.02020000,6732890.70000000,TUSDT
2023-10-21 17:00:00,0.02019000,0.02048000,0.02019000,0.02045000,7509951.50000000,TUSDT
2023-10-21 18:00:00,0.02045000,0.02053000,0.02029000,0.02037000,7000431.20000000,TUSDT
2023-10-21 19:00:00,0.02037000,0.02039000,0.02025000,0.02038000,2386131.50000000,TUSDT
2023-10-21 20:00:00,0.02039000,0.02043000,0.02031000,0.02033000,2614669.30000000,TUSDT
2023-10-21 21:00:00,0.02033000,0.02040000,0.02028000,0.02032000,3684917.00000000,TUSDT
2023-10-21 22:00:00,0.02033000,0.02044000,0.02030000,0.02038000,4124113.70000000,TUSDT
2023-10-21 23:00:00,0.02039000,0.02058000,0.02026000,0.02045000,8146946.60000000,TUSDT
2023-10-22 00:00:00,0.02045000,0.02047000,0.02020000,0.02024000,11343228.50000000,TUSDT
2023-10-22 01:00:00,0.02024000,0.02039000,0.02014000,0.02031000,8876160.80000000,TUSDT
2023-10-22 02:00:00,0.02030000,0.02030000,0.02011000,0.02019000,5983133.50000000,TUSDT
2023-10-22 03:00:00,0.02018000,0.02019000,0.02006000,0.02010000,3115777.10000000,TUSDT
2023-10-22 04:00:00,0.02012000,0.02026000,0.02012000,0.02026000,2863047.30000000,TUSDT
2023-10-22 05:00:00,0.02026000,0.02042000,0.02026000,0.02039000,7456525.70000000,TUSDT
2023-10-22 06:00:00,0.02039000,0.02044000,0.02029000,0.02035000,4825644.00000000,TUSDT
2023-10-22 07:00:00,0.02035000,0.02036000,0.01988000,0.02009000,10239867.80000000,TUSDT
2023-10-22 08:00:00,0.02008000,0.02029000,0.02001000,0.02018000,7838191.30000000,TUSDT
2023-10-22 09:00:00,0.02018000,0.02043000,0.02016000,0.02019000,15976395.40000000,TUSDT
2023-10-22 10:00:00,0.02019000,0.02027000,0.02015000,0.02018000,4466369.60000000,TUSDT
2023-10-22 11:00:00,0.02019000,0.02020000,0.02002000,0.02005000,7447259.90000000,TUSDT
2023-10-22 12:00:00,0.02005000,0.02017000,0.02002000,0.02007000,8937739.60000000,TUSDT
2023-10-22 13:00:00,0.02007000,0.02014000,0.02005000,0.02012000,4053443.10000000,TUSDT
2023-10-22 14:00:00,0.02011000,0.02015000,0.01998000,0.02002000,2593702.20000000,TUSDT
2023-10-22 15:00:00,0.02002000,0.02003000,0.01992000,0.01996000,7129389.00000000,TUSDT
2023-10-22 16:00:00,0.01996000,0.02010000,0.01996000,0.02005000,8245449.10000000,TUSDT
2023-10-22 17:00:00,0.02005000,0.02013000,0.02002000,0.02009000,2884756.80000000,TUSDT
2023-10-22 18:00:00,0.02011000,0.02011000,0.01999000,0.02001000,5322348.90000000,TUSDT
2023-10-22 19:00:00,0.02002000,0.02015000,0.02002000,0.02010000,3011638.20000000,TUSDT
2023-10-22 20:00:00,0.02009000,0.02017000,0.02009000,0.02017000,1676695.60000000,TUSDT
2023-10-22 21:00:00,0.02017000,0.02018000,0.02006000,0.02008000,2505538.20000000,TUSDT
2023-10-22 22:00:00,0.02005000,0.02030000,0.01999000,0.02029000,4784182.90000000,TUSDT
2023-10-22 23:00:00,0.02029000,0.02049000,0.02021000,0.02043000,6977529.10000000,TUSDT
2023-10-23 00:00:00,0.02043000,0.02061000,0.02016000,0.02027000,11355745.10000000,TUSDT
2023-10-23 01:00:00,0.02027000,0.02052000,0.02019000,0.02039000,7925227.60000000,TUSDT
2023-10-23 02:00:00,0.02041000,0.02042000,0.02030000,0.02036000,5111809.20000000,TUSDT
2023-10-23 03:00:00,0.02036000,0.02039000,0.02019000,0.02029000,6722684.60000000,TUSDT
2023-10-23 04:00:00,0.02031000,0.02037000,0.02026000,0.02034000,3924534.90000000,TUSDT
2023-10-23 05:00:00,0.02033000,0.02037000,0.02023000,0.02027000,4582633.00000000,TUSDT
2023-10-23 06:00:00,0.02027000,0.02030000,0.02006000,0.02006000,5638328.30000000,TUSDT
2023-10-23 07:00:00,0.02005000,0.02010000,0.01982000,0.01993000,5327046.70000000,TUSDT
2023-10-23 08:00:00,0.01994000,0.02007000,0.01993000,0.02006000,4592716.10000000,TUSDT
2023-10-23 09:00:00,0.02006000,0.02007000,0.01966000,0.01982000,6306684.40000000,TUSDT
2023-10-23 10:00:00,0.01982000,0.01997000,0.01980000,0.01994000,4463115.50000000,TUSDT
2023-10-23 11:00:00,0.01994000,0.02008000,0.01990000,0.01997000,3625320.50000000,TUSDT
2023-10-23 12:00:00,0.01997000,0.02014000,0.01994000,0.02010000,5708056.30000000,TUSDT
2023-10-23 13:00:00,0.02009000,0.02009000,0.01984000,0.01993000,6230297.10000000,TUSDT
2023-10-23 14:00:00,0.01992000,0.02005000,0.01992000,0.02002000,1923814.00000000,TUSDT
2023-10-23 15:00:00,0.02002000,0.02017000,0.02002000,0.02009000,4874977.90000000,TUSDT
2023-10-23 16:00:00,0.02011000,0.02030000,0.02003000,0.02030000,4035189.20000000,TUSDT
2023-10-23 17:00:00,0.02028000,0.02034000,0.02011000,0.02026000,3856203.80000000,TUSDT
2023-10-23 18:00:00,0.02026000,0.02038000,0.02018000,0.02038000,1936526.10000000,TUSDT
2023-10-23 19:00:00,0.02037000,0.02050000,0.02033000,0.02039000,2413057.50000000,TUSDT
2023-10-23 20:00:00,0.02038000,0.02042000,0.02004000,0.02021000,7347093.40000000,TUSDT
2023-10-23 21:00:00,0.02021000,0.02042000,0.02017000,0.02041000,2606918.10000000,TUSDT
2023-10-23 22:00:00,0.02041000,0.02116000,0.02036000,0.02112000,13834724.40000000,TUSDT
2023-10-23 23:00:00,0.02111000,0.02133000,0.02084000,0.02121000,10871150.20000000,TUSDT
2023-10-24 00:00:00,0.02122000,0.02170000,0.02099000,0.02159000,19685053.00000000,TUSDT
2023-10-24 01:00:00,0.02159000,0.02215000,0.02155000,0.02195000,39926071.00000000,TUSDT
2023-10-24 02:00:00,0.02194000,0.02265000,0.02183000,0.02239000,27121758.90000000,TUSDT
2023-10-24 03:00:00,0.02238000,0.02326000,0.02216000,0.02250000,40178567.70000000,TUSDT
2023-10-24 04:00:00,0.02251000,0.02276000,0.02216000,0.02220000,23563737.90000000,TUSDT
2023-10-24 05:00:00,0.02220000,0.02225000,0.02183000,0.02189000,17498680.90000000,TUSDT
2023-10-24 06:00:00,0.02188000,0.02215000,0.02150000,0.02210000,21012345.80000000,TUSDT
2023-10-24 07:00:00,0.02211000,0.02211000,0.02163000,0.02180000,19835808.90000000,TUSDT
2023-10-24 08:00:00,0.02181000,0.02203000,0.02175000,0.02195000,6549717.40000000,TUSDT
2023-10-24 09:00:00,0.02195000,0.02232000,0.02188000,0.02214000,12173080.20000000,TUSDT
2023-10-24 10:00:00,0.02215000,0.02231000,0.02215000,0.02227000,4420616.50000000,TUSDT
2023-10-24 11:00:00,0.02225000,0.02268000,0.02222000,0.02246000,15872464.70000000,TUSDT
2023-10-24 12:00:00,0.02246000,0.02257000,0.02216000,0.02221000,17833061.50000000,TUSDT
2023-10-24 13:00:00,0.02220000,0.02271000,0.02182000,0.02257000,44726011.20000000,TUSDT
2023-10-24 14:00:00,0.02256000,0.02256000,0.02219000,0.02247000,9591730.90000000,TUSDT
2023-10-24 15:00:00,0.02248000,0.02259000,0.02142000,0.02170000,29099776.20000000,TUSDT
2023-10-24 16:00:00,0.02173000,0.02217000,0.02153000,0.02202000,9285990.70000000,TUSDT
2023-10-24 17:00:00,0.02202000,0.02224000,0.02201000,0.02203000,6322508.60000000,TUSDT
2023-10-24 18:00:00,0.02204000,0.02210000,0.02185000,0.02207000,5220303.70000000,TUSDT
2023-10-24 19:00:00,0.02209000,0.02220000,0.02201000,0.02217000,3019186.70000000,TUSDT
2023-10-24 20:00:00,0.02215000,0.02230000,0.02214000,0.02215000,7629990.30000000,TUSDT
2023-10-24 21:00:00,0.02215000,0.02250000,0.02200000,0.02247000,7058317.10000000,TUSDT
2023-10-24 22:00:00,0.02247000,0.02254000,0.02235000,0.02249000,6141186.80000000,TUSDT
2023-10-24 23:00:00,0.02249000,0.02252000,0.02229000,0.02244000,3076177.20000000,TUSDT
2023-10-25 00:00:00,0.02245000,0.02261000,0.02201000,0.02241000,13098902.70000000,TUSDT
2023-10-25 01:00:00,0.02240000,0.02268000,0.02239000,0.02255000,9900096.30000000,TUSDT
2023-10-25 02:00:00,0.02254000,0.02257000,0.02214000,0.02226000,5127938.50000000,TUSDT
2023-10-25 03:00:00,0.02225000,0.02227000,0.02205000,0.02210000,5164988.60000000,TUSDT
2023-10-25 04:00:00,0.02211000,0.02235000,0.02194000,0.02235000,10121990.10000000,TUSDT
2023-10-25 05:00:00,0.02235000,0.02235000,0.02212000,0.02213000,5861462.20000000,TUSDT
2023-10-25 06:00:00,0.02213000,0.02236000,0.02212000,0.02230000,4497930.50000000,TUSDT
2023-10-25 07:00:00,0.02231000,0.02231000,0.02164000,0.02179000,11587995.80000000,TUSDT
2023-10-25 08:00:00,0.02179000,0.02206000,0.02174000,0.02201000,13713883.30000000,TUSDT
2023-10-25 09:00:00,0.02201000,0.02222000,0.02194000,0.02205000,4267526.60000000,TUSDT
2023-10-25 10:00:00,0.02205000,0.02220000,0.02197000,0.02214000,3633900.10000000,TUSDT
2023-10-25 11:00:00,0.02212000,0.02221000,0.02201000,0.02204000,3751333.10000000,TUSDT
2023-10-25 12:00:00,0.02204000,0.02216000,0.02204000,0.02213000,3792459.20000000,TUSDT
2023-10-25 13:00:00,0.02213000,0.02234000,0.02205000,0.02222000,7433689.10000000,TUSDT
2023-10-25 14:00:00,0.02222000,0.02250000,0.02215000,0.02248000,5458866.50000000,TUSDT
2023-10-25 15:00:00,0.02246000,0.02276000,0.02236000,0.02255000,13493885.00000000,TUSDT
2023-10-25 16:00:00,0.02255000,0.02261000,0.02193000,0.02194000,9363228.80000000,TUSDT
2023-10-25 17:00:00,0.02196000,0.02214000,0.02184000,0.02207000,5234116.40000000,TUSDT
2023-10-25 18:00:00,0.02208000,0.02225000,0.02207000,0.02217000,4612903.60000000,TUSDT
2023-10-25 19:00:00,0.02216000,0.02217000,0.02206000,0.02215000,2754564.40000000,TUSDT
2023-10-25 20:00:00,0.02217000,0.02226000,0.02211000,0.02212000,1817481.20000000,TUSDT
2023-10-25 21:00:00,0.02212000,0.02224000,0.02206000,0.02216000,1801154.50000000,TUSDT
2023-10-25 22:00:00,0.02217000,0.02249000,0.02216000,0.02247000,3130465.90000000,TUSDT
2023-10-25 23:00:00,0.02245000,0.02249000,0.02224000,0.02247000,3910498.70000000,TUSDT
2023-10-26 00:00:00,0.02246000,0.02246000,0.02206000,0.02224000,9560478.70000000,TUSDT
2023-10-26 01:00:00,0.02222000,0.02242000,0.02219000,0.02236000,4507166.90000000,TUSDT
2023-10-26 02:00:00,0.02235000,0.02249000,0.02220000,0.02236000,8776080.60000000,TUSDT
2023-10-26 03:00:00,0.02236000,0.02275000,0.02234000,0.02273000,7788724.00000000,TUSDT
2023-10-26 04:00:00,0.02274000,0.02304000,0.02268000,0.02280000,19424417.70000000,TUSDT
2023-10-26 05:00:00,0.02280000,0.02320000,0.02276000,0.02278000,11390331.20000000,TUSDT
2023-10-26 06:00:00,0.02278000,0.02297000,0.02244000,0.02293000,7132134.60000000,TUSDT
2023-10-26 07:00:00,0.02292000,0.02313000,0.02289000,0.02308000,5928432.50000000,TUSDT
2023-10-26 08:00:00,0.02307000,0.02311000,0.02269000,0.02279000,10505990.00000000,TUSDT
2023-10-26 09:00:00,0.02280000,0.02287000,0.02250000,0.02254000,5686115.60000000,TUSDT
2023-10-26 10:00:00,0.02253000,0.02266000,0.02241000,0.02252000,5436500.00000000,TUSDT
2023-10-26 11:00:00,0.02252000,0.02264000,0.02218000,0.02239000,5430994.70000000,TUSDT
2023-10-26 12:00:00,0.02238000,0.02267000,0.02238000,0.02263000,10715178.00000000,TUSDT
2023-10-26 13:00:00,0.02263000,0.02270000,0.02228000,0.02228000,4152466.40000000,TUSDT
2023-10-26 14:00:00,0.02228000,0.02240000,0.02138000,0.02192000,21714459.30000000,TUSDT
2023-10-26 15:00:00,0.02194000,0.02200000,0.02132000,0.02159000,9855464.80000000,TUSDT
2023-10-26 16:00:00,0.02159000,0.02171000,0.02152000,0.02156000,2652514.40000000,TUSDT
2023-10-26 17:00:00,0.02156000,0.02195000,0.02155000,0.02193000,3802963.70000000,TUSDT
2023-10-26 18:00:00,0.02194000,0.02198000,0.02184000,0.02189000,2202674.00000000,TUSDT
2023-10-26 19:00:00,0.02188000,0.02204000,0.02188000,0.02200000,1751517.70000000,TUSDT
2023-10-26 20:00:00,0.02199000,0.02212000,0.02198000,0.02212000,1712371.60000000,TUSDT
2023-10-26 21:00:00,0.02212000,0.02213000,0.02204000,0.02213000,1134965.30000000,TUSDT
2023-10-26 22:00:00,0.02213000,0.02228000,0.02212000,0.02226000,4043749.00000000,TUSDT
2023-10-26 23:00:00,0.02227000,0.02246000,0.02224000,0.02239000,3576364.50000000,TUSDT
2023-10-27 00:00:00,0.02239000,0.02258000,0.02196000,0.02198000,8175468.30000000,TUSDT
2023-10-27 01:00:00,0.02197000,0.02199000,0.02153000,0.02157000,6925614.30000000,TUSDT
2023-10-27 02:00:00,0.02156000,0.02211000,0.02145000,0.02202000,8478134.70000000,TUSDT
2023-10-27 03:00:00,0.02203000,0.02214000,0.02201000,0.02208000,1696915.40000000,TUSDT
2023-10-27 04:00:00,0.02207000,0.02207000,0.02183000,0.02197000,3146982.80000000,TUSDT
2023-10-27 05:00:00,0.02199000,0.02199000,0.02175000,0.02186000,2273302.80000000,TUSDT
2023-10-27 06:00:00,0.02187000,0.02217000,0.02187000,0.02217000,2484496.40000000,TUSDT
2023-10-27 07:00:00,0.02216000,0.02216000,0.02187000,0.02187000,1547121.40000000,TUSDT
2023-10-27 08:00:00,0.02189000,0.02212000,0.02189000,0.02212000,993536.30000000,TUSDT
2023-10-27 09:00:00,0.02210000,0.02218000,0.02209000,0.02218000,1528471.30000000,TUSDT
2023-10-27 10:00:00,0.02218000,0.02222000,0.02207000,0.02215000,1595250.40000000,TUSDT
2023-10-27 11:00:00,0.02216000,0.02220000,0.02202000,0.02213000,4022783.90000000,TUSDT
2023-10-27 12:00:00,0.02210000,0.02235000,0.02202000,0.02235000,5759938.20000000,TUSDT
2023-10-27 13:00:00,0.02232000,0.02246000,0.02227000,0.02245000,4383701.40000000,TUSDT
2023-10-27 14:00:00,0.02246000,0.02246000,0.02205000,0.02217000,4706236.10000000,TUSDT
2023-10-27 15:00:00,0.02217000,0.02231000,0.02206000,0.02222000,2608154.70000000,TUSDT
2023-10-27 16:00:00,0.02223000,0.02225000,0.02193000,0.02201000,1616505.30000000,TUSDT
2023-10-27 17:00:00,0.02200000,0.02204000,0.02172000,0.02184000,3305135.70000000,TUSDT
2023-10-27 18:00:00,0.02184000,0.02188000,0.02157000,0.02170000,3141477.80000000,TUSDT
2023-10-27 19:00:00,0.02171000,0.02193000,0.02171000,0.02192000,1957670.10000000,TUSDT
2023-10-27 20:00:00,0.02194000,0.02202000,0.02190000,0.02202000,956747.80000000,TUSDT
2023-10-27 21:00:00,0.02201000,0.02201000,0.02191000,0.02200000,830714.80000000,TUSDT
2023-10-27 22:00:00,0.02200000,0.02200000,0.02185000,0.02187000,2076877.40000000,TUSDT
2023-10-27 23:00:00,0.02189000,0.02200000,0.02187000,0.02199000,1322627.80000000,TUSDT
2023-10-28 00:00:00,0.02199000,0.02204000,0.02184000,0.02184000,2779756.40000000,TUSDT
2023-10-28 01:00:00,0.02185000,0.02242000,0.02183000,0.02215000,10140926.10000000,TUSDT
2023-10-28 02:00:00,0.02217000,0.02224000,0.02198000,0.02222000,2919906.90000000,TUSDT
2023-10-28 03:00:00,0.02223000,0.02224000,0.02209000,0.02217000,2356801.60000000,TUSDT
2023-10-28 04:00:00,0.02219000,0.02236000,0.02211000,0.02232000,2639930.10000000,TUSDT
2023-10-28 05:00:00,0.02231000,0.02232000,0.02214000,0.02215000,1333379.70000000,TUSDT
2023-10-28 06:00:00,0.02217000,0.02225000,0.02213000,0.02215000,1013198.10000000,TUSDT
2023-10-28 07:00:00,0.02215000,0.02227000,0.02214000,0.02227000,1089235.20000000,TUSDT
2023-10-28 08:00:00,0.02225000,0.02230000,0.02221000,0.02225000,2778713.60000000,TUSDT
2023-10-28 09:00:00,0.02225000,0.02226000,0.02217000,0.02218000,2611665.70000000,TUSDT
2023-10-28 10:00:00,0.02217000,0.02226000,0.02217000,0.02225000,1624430.60000000,TUSDT
2023-10-28 11:00:00,0.02224000,0.02240000,0.02223000,0.02226000,3621092.90000000,TUSDT
2023-10-28 12:00:00,0.02225000,0.02230000,0.02209000,0.02216000,14798075.90000000,TUSDT
2023-10-28 13:00:00,0.02217000,0.02223000,0.02212000,0.02221000,1909826.50000000,TUSDT
2023-10-28 14:00:00,0.02222000,0.02222000,0.02215000,0.02219000,1624267.20000000,TUSDT
2023-10-28 15:00:00,0.02220000,0.02230000,0.02214000,0.02230000,2793562.80000000,TUSDT
2023-10-28 16:00:00,0.02230000,0.02233000,0.02219000,0.02222000,2281475.20000000,TUSDT
2023-10-28 17:00:00,0.02222000,0.02233000,0.02222000,0.02232000,1785965.60000000,TUSDT
2023-10-28 18:00:00,0.02231000,0.02231000,0.02222000,0.02227000,1147219.60000000,TUSDT
2023-10-28 19:00:00,0.02228000,0.02228000,0.02216000,0.02216000,1012711.90000000,TUSDT
2023-10-28 20:00:00,0.02218000,0.02224000,0.02216000,0.02218000,520622.80000000,TUSDT
2023-10-28 21:00:00,0.02220000,0.02234000,0.02220000,0.02234000,720895.40000000,TUSDT
2023-10-28 22:00:00,0.02234000,0.02234000,0.02221000,0.02227000,1404097.50000000,TUSDT
2023-10-28 23:00:00,0.02226000,0.02235000,0.02219000,0.02235000,1397157.20000000,TUSDT
2023-10-29 00:00:00,0.02235000,0.02255000,0.02226000,0.02236000,5727979.50000000,TUSDT
2023-10-29 01:00:00,0.02235000,0.02240000,0.02214000,0.02236000,6447691.10000000,TUSDT
2023-10-29 02:00:00,0.02235000,0.02235000,0.02218000,0.02227000,3645884.10000000,TUSDT
2023-10-29 03:00:00,0.02227000,0.02228000,0.02205000,0.02213000,2715564.00000000,TUSDT
2023-10-29 04:00:00,0.02210000,0.02221000,0.02206000,0.02221000,546571.70000000,TUSDT
2023-10-29 05:00:00,0.02221000,0.02222000,0.02213000,0.02217000,1173860.80000000,TUSDT
2023-10-29 06:00:00,0.02216000,0.02229000,0.02213000,0.02226000,1195362.40000000,TUSDT
2023-10-29 07:00:00,0.02226000,0.02226000,0.02218000,0.02218000,2330140.90000000,TUSDT
2023-10-29 08:00:00,0.02219000,0.02241000,0.02218000,0.02239000,1824252.20000000,TUSDT
2023-10-29 09:00:00,0.02239000,0.02241000,0.02229000,0.02236000,2503947.10000000,TUSDT
2023-10-29 10:00:00,0.02236000,0.02238000,0.02229000,0.02236000,2995743.50000000,TUSDT
2023-10-29 11:00:00,0.02238000,0.02245000,0.02233000,0.02245000,1191569.50000000,TUSDT
2023-10-29 12:00:00,0.02245000,0.02250000,0.02236000,0.02249000,634204.00000000,TUSDT
2023-10-29 13:00:00,0.02250000,0.02253000,0.02237000,0.02248000,2901627.10000000,TUSDT
2023-10-29 14:00:00,0.02250000,0.02285000,0.02246000,0.02275000,3796350.70000000,TUSDT
2023-10-29 15:00:00,0.02275000,0.02290000,0.02264000,0.02275000,8285924.30000000,TUSDT
2023-10-29 16:00:00,0.02276000,0.02283000,0.02265000,0.02268000,5043081.20000000,TUSDT
2023-10-29 17:00:00,0.02270000,0.02298000,0.02265000,0.02288000,3107614.60000000,TUSDT
2023-10-29 18:00:00,0.02289000,0.02295000,0.02280000,0.02282000,5040230.50000000,TUSDT
2023-10-29 19:00:00,0.02283000,0.02283000,0.02266000,0.02276000,5603029.30000000,TUSDT
2023-10-29 20:00:00,0.02277000,0.02282000,0.02269000,0.02280000,1652948.80000000,TUSDT
2023-10-29 21:00:00,0.02282000,0.02304000,0.02278000,0.02282000,5530625.90000000,TUSDT
2023-10-29 22:00:00,0.02282000,0.02299000,0.02277000,0.02296000,3955376.00000000,TUSDT
2023-10-29 23:00:00,0.02298000,0.02300000,0.02276000,0.02286000,4724038.60000000,TUSDT
2023-10-30 00:00:00,0.02289000,0.02341000,0.02279000,0.02312000,22396442.80000000,TUSDT
2023-10-30 01:00:00,0.02313000,0.02315000,0.02289000,0.02294000,7215792.80000000,TUSDT
2023-10-30 02:00:00,0.02293000,0.02293000,0.02266000,0.02277000,6750298.30000000,TUSDT
2023-10-30 03:00:00,0.02277000,0.02278000,0.02263000,0.02271000,1840728.00000000,TUSDT
2023-10-30 04:00:00,0.02272000,0.02286000,0.02271000,0.02277000,2810783.00000000,TUSDT
2023-10-30 05:00:00,0.02276000,0.02283000,0.02261000,0.02262000,2194493.60000000,TUSDT
2023-10-30 06:00:00,0.02261000,0.02273000,0.02251000,0.02269000,2375359.30000000,TUSDT
2023-10-30 07:00:00,0.02268000,0.02275000,0.02252000,0.02254000,2531025.30000000,TUSDT
2023-10-30 08:00:00,0.02254000,0.02284000,0.02244000,0.02283000,3495896.20000000,TUSDT
2023-10-30 09:00:00,0.02285000,0.02313000,0.02284000,0.02301000,4598358.10000000,TUSDT
2023-10-30 10:00:00,0.02303000,0.02309000,0.02288000,0.02305000,2576804.30000000,TUSDT
2023-10-30 11:00:00,0.02306000,0.02346000,0.02305000,0.02335000,9864052.40000000,TUSDT
2023-10-30 12:00:00,0.02335000,0.02341000,0.02309000,0.02313000,5012096.40000000,TUSDT
2023-10-30 13:00:00,0.02311000,0.02334000,0.02301000,0.02320000,5096717.90000000,TUSDT
2023-10-30 14:00:00,0.02319000,0.02344000,0.02300000,0.02317000,12476953.10000000,TUSDT
2023-10-30 15:00:00,0.02315000,0.02329000,0.02310000,0.02328000,4861638.30000000,TUSDT
2023-10-30 16:00:00,0.02328000,0.02330000,0.02319000,0.02327000,2841764.20000000,TUSDT
2023-10-30 17:00:00,0.02326000,0.02326000,0.02255000,0.02305000,11083405.70000000,TUSDT
2023-10-30 18:00:00,0.02305000,0.02322000,0.02305000,0.02312000,2387039.00000000,TUSDT
2023-10-30 19:00:00,0.02312000,0.02334000,0.02310000,0.02331000,2522883.30000000,TUSDT
2023-10-30 20:00:00,0.02330000,0.02355000,0.02325000,0.02347000,6066408.50000000,TUSDT
2023-10-30 21:00:00,0.02347000,0.02353000,0.02335000,0.02343000,3292151.70000000,TUSDT
2023-10-30 22:00:00,0.02343000,0.02344000,0.02326000,0.02339000,3220568.80000000,TUSDT
2023-10-30 23:00:00,0.02339000,0.02346000,0.02335000,0.02339000,2823750.10000000,TUSDT
2023-10-31 00:00:00,0.02339000,0.02354000,0.02331000,0.02341000,6165340.90000000,TUSDT
2023-10-31 01:00:00,0.02343000,0.02347000,0.02323000,0.02333000,3749632.10000000,TUSDT
2023-10-31 02:00:00,0.02335000,0.02337000,0.02310000,0.02323000,3036374.10000000,TUSDT
2023-10-31 03:00:00,0.02322000,0.02327000,0.02292000,0.02298000,4140851.10000000,TUSDT
2023-10-31 04:00:00,0.02298000,0.02324000,0.02293000,0.02305000,3439526.60000000,TUSDT
2023-10-31 05:00:00,0.02308000,0.02321000,0.02294000,0.02320000,1929041.80000000,TUSDT
2023-10-31 06:00:00,0.02320000,0.02331000,0.02308000,0.02314000,1803550.70000000,TUSDT
2023-10-31 07:00:00,0.02311000,0.02317000,0.02278000,0.02284000,5233936.90000000,TUSDT
2023-10-31 08:00:00,0.02283000,0.02312000,0.02252000,0.02312000,4199522.80000000,TUSDT
2023-10-31 09:00:00,0.02311000,0.02314000,0.02294000,0.02309000,2236089.30000000,TUSDT
2023-10-31 10:00:00,0.02310000,0.02314000,0.02294000,0.02294000,5897112.50000000,TUSDT
2023-10-31 11:00:00,0.02294000,0.02298000,0.02272000,0.02288000,10199880.20000000,TUSDT
2023-10-31 12:00:00,0.02291000,0.02298000,0.02232000,0.02240000,6479846.70000000,TUSDT
2023-10-31 13:00:00,0.02239000,0.02248000,0.02186000,0.02203000,10986514.10000000,TUSDT
2023-10-31 14:00:00,0.02201000,0.02226000,0.02189000,0.02203000,6513256.70000000,TUSDT
2023-10-31 15:00:00,0.02205000,0.02209000,0.02139000,0.02175000,11058042.00000000,TUSDT
2023-10-31 16:00:00,0.02174000,0.02212000,0.02160000,0.02208000,6643927.90000000,TUSDT
2023-10-31 17:00:00,0.02206000,0.02210000,0.02200000,0.02207000,2550414.30000000,TUSDT
2023-10-31 18:00:00,0.02208000,0.02216000,0.02205000,0.02214000,3094262.30000000,TUSDT
2023-10-31 19:00:00,0.02214000,0.02226000,0.02211000,0.02215000,5067902.70000000,TUSDT
2023-10-31 20:00:00,0.02215000,0.02239000,0.02215000,0.02238000,4023867.60000000,TUSDT
2023-10-31 21:00:00,0.02239000,0.02239000,0.02214000,0.02222000,8445496.20000000,TUSDT
2023-10-31 22:00:00,0.02220000,0.02271000,0.02211000,0.02271000,8831361.00000000,TUSDT
2023-10-31 23:00:00,0.02270000,0.02286000,0.02257000,0.02282000,7048378.80000000,TUSDT
2023-11-01 00:00:00,0.02283000,0.02490000,0.02280000,0.02427000,121777355.20000000,TUSDT
2023-11-01 01:00:00,0.02423000,0.02469000,0.02368000,0.02390000,36421789.20000000,TUSDT
2023-11-01 02:00:00,0.02394000,0.02423000,0.02361000,0.02386000,16229343.40000000,TUSDT
2023-11-01 03:00:00,0.02385000,0.02413000,0.02354000,0.02385000,14050592.80000000,TUSDT
2023-11-01 04:00:00,0.02387000,0.02526000,0.02374000,0.02439000,54160157.90000000,TUSDT
2023-11-01 05:00:00,0.02439000,0.02509000,0.02433000,0.02464000,32981496.80000000,TUSDT
2023-11-01 06:00:00,0.02460000,0.02463000,0.02389000,0.02433000,20529946.50000000,TUSDT
2023-11-01 07:00:00,0.02431000,0.02472000,0.02415000,0.02446000,14802295.30000000,TUSDT
2023-11-01 08:00:00,0.02446000,0.02585000,0.02438000,0.02478000,90746366.20000000,TUSDT
2023-11-01 09:00:00,0.02479000,0.02652000,0.02465000,0.02601000,99027727.40000000,TUSDT
2023-11-01 10:00:00,0.02600000,0.02618000,0.02514000,0.02535000,46024947.50000000,TUSDT
2023-11-01 11:00:00,0.02535000,0.02581000,0.02522000,0.02547000,24823321.90000000,TUSDT
2023-11-01 12:00:00,0.02548000,0.02596000,0.02452000,0.02469000,46851017.00000000,TUSDT
2023-11-01 13:00:00,0.02466000,0.02485000,0.02397000,0.02433000,35779935.40000000,TUSDT
2023-11-01 14:00:00,0.02433000,0.02467000,0.02393000,0.02413000,18395480.30000000,TUSDT
2023-11-01 15:00:00,0.02410000,0.02432000,0.02381000,0.02390000,25477611.40000000,TUSDT
2023-11-01 16:00:00,0.02390000,0.02449000,0.02389000,0.02436000,16089875.60000000,TUSDT
2023-11-01 17:00:00,0.02436000,0.02458000,0.02410000,0.02417000,16789643.60000000,TUSDT
2023-11-01 18:00:00,0.02418000,0.02507000,0.02413000,0.02507000,23637459.40000000,TUSDT
2023-11-01 19:00:00,0.02507000,0.02544000,0.02468000,0.02476000,21441016.80000000,TUSDT
2023-11-01 20:00:00,0.02479000,0.02593000,0.02479000,0.02528000,29879409.10000000,TUSDT
2023-11-01 21:00:00,0.02529000,0.02594000,0.02526000,0.02537000,15917501.90000000,TUSDT
2023-11-01 22:00:00,0.02540000,0.02582000,0.02524000,0.02539000,7622790.50000000,TUSDT
2023-11-01 23:00:00,0.02538000,0.02544000,0.02508000,0.02518000,10577670.10000000,TUSDT
2023-11-02 00:00:00,0.02519000,0.02613000,0.02464000,0.02573000,33194714.40000000,TUSDT
2023-11-02 01:00:00,0.02573000,0.02575000,0.02504000,0.02512000,12363701.00000000,TUSDT
2023-11-02 02:00:00,0.02512000,0.02535000,0.02495000,0.02528000,6604773.30000000,TUSDT
2023-11-02 03:00:00,0.02531000,0.02584000,0.02529000,0.02543000,9512051.50000000,TUSDT
2023-11-02 04:00:00,0.02546000,0.02547000,0.02502000,0.02515000,4579143.10000000,TUSDT
2023-11-02 05:00:00,0.02517000,0.02521000,0.02463000,0.02473000,8022791.80000000,TUSDT
2023-11-02 06:00:00,0.02472000,0.02536000,0.02466000,0.02530000,6479351.90000000,TUSDT
2023-11-02 07:00:00,0.02530000,0.02545000,0.02510000,0.02510000,4493010.20000000,TUSDT
2023-11-02 08:00:00,0.02512000,0.02531000,0.02480000,0.02524000,9613175.90000000,TUSDT
2023-11-02 09:00:00,0.02525000,0.02542000,0.02516000,0.02532000,4341898.50000000,TUSDT
2023-11-02 10:00:00,0.02526000,0.02550000,0.02480000,0.02491000,9401877.80000000,TUSDT
2023-11-02 11:00:00,0.02491000,0.02500000,0.02467000,0.02484000,7728985.10000000,TUSDT
2023-11-02 12:00:00,0.02483000,0.02483000,0.02451000,0.02456000,21042243.30000000,TUSDT
2023-11-02 13:00:00,0.02456000,0.02456000,0.02389000,0.02416000,21591407.60000000,TUSDT
2023-11-02 14:00:00,0.02418000,0.02436000,0.02377000,0.02402000,15903048.20000000,TUSDT
2023-11-02 15:00:00,0.02404000,0.02404000,0.02360000,0.02380000,12225044.00000000,TUSDT
2023-11-02 16:00:00,0.02379000,0.02398000,0.02347000,0.02377000,14719282.20000000,TUSDT
2023-11-02 17:00:00,0.02377000,0.02400000,0.02370000,0.02400000,5215692.90000000,TUSDT
2023-11-02 18:00:00,0.02399000,0.02413000,0.02388000,0.02409000,8062766.40000000,TUSDT
2023-11-02 19:00:00,0.02404000,0.02422000,0.02401000,0.02419000,2856180.20000000,TUSDT
2023-11-02 20:00:00,0.02420000,0.02426000,0.02397000,0.02413000,1986969.20000000,TUSDT
2023-11-02 21:00:00,0.02409000,0.02416000,0.02395000,0.02416000,1227420.90000000,TUSDT
2023-11-02 22:00:00,0.02415000,0.02418000,0.02404000,0.02413000,1875739.50000000,TUSDT
2023-11-02 23:00:00,0.02412000,0.02419000,0.02394000,0.02410000,3808157.40000000,TUSDT
2023-11-03 00:00:00,0.02408000,0.02408000,0.02304000,0.02315000,10616060.80000000,TUSDT
2023-11-03 01:00:00,0.02315000,0.02339000,0.02285000,0.02317000,11496441.80000000,TUSDT
2023-11-03 02:00:00,0.02314000,0.02342000,0.02305000,0.02341000,5980978.00000000,TUSDT
2023-11-03 03:00:00,0.02342000,0.02352000,0.02335000,0.02344000,2570493.10000000,TUSDT
2023-11-03 04:00:00,0.02341000,0.02362000,0.02312000,0.02316000,5185342.10000000,TUSDT
2023-11-03 05:00:00,0.02317000,0.02348000,0.02311000,0.02345000,4388072.30000000,TUSDT
2023-11-03 06:00:00,0.02348000,0.02366000,0.02312000,0.02326000,11408515.60000000,TUSDT
2023-11-03 07:00:00,0.02326000,0.02338000,0.02314000,0.02330000,9478521.20000000,TUSDT
2023-11-03 08:00:00,0.02328000,0.02357000,0.02318000,0.02339000,5683599.50000000,TUSDT
2023-11-03 09:00:00,0.02340000,0.02343000,0.02310000,0.02315000,7456468.20000000,TUSDT
2023-11-03 10:00:00,0.02315000,0.02319000,0.02295000,0.02318000,7190930.10000000,TUSDT
2023-11-03 11:00:00,0.02318000,0.02330000,0.02310000,0.02327000,3116208.00000000,TUSDT
2023-11-03 12:00:00,0.02325000,0.02350000,0.02308000,0.02340000,3754842.90000000,TUSDT
2023-11-03 13:00:00,0.02343000,0.02360000,0.02331000,0.02358000,3239020.80000000,TUSDT
2023-11-03 14:00:00,0.02357000,0.02381000,0.02344000,0.02381000,5752048.70000000,TUSDT
2023-11-03 15:00:00,0.02381000,0.02427000,0.02361000,0.02413000,12888626.40000000,TUSDT
2023-11-03 16:00:00,0.02412000,0.02440000,0.02368000,0.02387000,12639187.10000000,TUSDT
2023-11-03 17:00:00,0.02387000,0.02404000,0.02368000,0.02401000,5364274.20000000,TUSDT
2023-11-03 18:00:00,0.02399000,0.02402000,0.02387000,0.02390000,1762280.70000000,TUSDT
2023-11-03 19:00:00,0.02394000,0.02403000,0.02383000,0.02401000,3619508.90000000,TUSDT
2023-11-03 20:00:00,0.02397000,0.02413000,0.02392000,0.02404000,1334651.80000000,TUSDT
2023-11-03 21:00:00,0.02404000,0.02416000,0.02399000,0.02400000,1260987.90000000,TUSDT
2023-11-03 22:00:00,0.02401000,0.02421000,0.02398000,0.02420000,3147965.80000000,TUSDT
2023-11-03 23:00:00,0.02419000,0.02432000,0.02407000,0.02418000,7657302.00000000,TUSDT
2023-11-04 00:00:00,0.02419000,0.02422000,0.02392000,0.02412000,10814215.00000000,TUSDT
2023-11-04 01:00:00,0.02411000,0.02411000,0.02383000,0.02398000,6389398.30000000,TUSDT
2023-11-04 02:00:00,0.02398000,0.02402000,0.02387000,0.02392000,2666227.30000000,TUSDT
2023-11-04 03:00:00,0.02391000,0.02392000,0.02370000,0.02388000,2618092.20000000,TUSDT
2023-11-04 04:00:00,0.02389000,0.02391000,0.02378000,0.02383000,2316922.80000000,TUSDT
2023-11-04 05:00:00,0.02383000,0.02405000,0.02379000,0.02405000,4790904.50000000,TUSDT
2023-11-04 06:00:00,0.02406000,0.02419000,0.02396000,0.02410000,5928256.60000000,TUSDT
2023-11-04 07:00:00,0.02411000,0.02429000,0.02408000,0.02410000,7237706.30000000,TUSDT
2023-11-04 08:00:00,0.02410000,0.02427000,0.02397000,0.02422000,4572849.20000000,TUSDT
2023-11-04 09:00:00,0.02423000,0.02438000,0.02413000,0.02425000,11746461.70000000,TUSDT
2023-11-04 10:00:00,0.02425000,0.02428000,0.02417000,0.02424000,2767027.10000000,TUSDT
2023-11-04 11:00:00,0.02424000,0.02443000,0.02420000,0.02422000,2914506.00000000,TUSDT
2023-11-04 12:00:00,0.02421000,0.02426000,0.02415000,0.02422000,3304994.30000000,TUSDT
2023-11-04 13:00:00,0.02424000,0.02429000,0.02400000,0.02404000,3223418.10000000,TUSDT
2023-11-04 14:00:00,0.02405000,0.02408000,0.02389000,0.02397000,4943527.90000000,TUSDT
2023-11-04 15:00:00,0.02397000,0.02399000,0.02378000,0.02387000,7146885.20000000,TUSDT
2023-11-04 16:00:00,0.02387000,0.02415000,0.02382000,0.02410000,2713088.90000000,TUSDT
2023-11-04 17:00:00,0.02411000,0.02425000,0.02407000,0.02412000,4245767.40000000,TUSDT
2023-11-04 18:00:00,0.02410000,0.02416000,0.02398000,0.02415000,2344552.80000000,TUSDT
2023-11-04 19:00:00,0.02416000,0.02418000,0.02409000,0.02413000,1177100.60000000,TUSDT
2023-11-04 20:00:00,0.02413000,0.02422000,0.02408000,0.02420000,1296992.20000000,TUSDT
2023-11-04 21:00:00,0.02423000,0.02440000,0.02422000,0.02440000,922564.30000000,TUSDT
2023-11-04 22:00:00,0.02440000,0.02456000,0.02435000,0.02455000,4455389.80000000,TUSDT
2023-11-04 23:00:00,0.02457000,0.02465000,0.02441000,0.02447000,4581666.20000000,TUSDT
2023-11-05 00:00:00,0.02447000,0.02457000,0.02415000,0.02430000,8331718.40000000,TUSDT
2023-11-05 01:00:00,0.02430000,0.02462000,0.02428000,0.02462000,5218603.60000000,TUSDT
2023-11-05 02:00:00,0.02456000,0.02456000,0.02440000,0.02444000,2775783.80000000,TUSDT
2023-11-05 03:00:00,0.02446000,0.02474000,0.02439000,0.02473000,5713674.20000000,TUSDT
2023-11-05 04:00:00,0.02471000,0.02475000,0.02460000,0.02470000,3088981.20000000,TUSDT
2023-11-05 05:00:00,0.02467000,0.02468000,0.02439000,0.02441000,2857070.60000000,TUSDT
2023-11-05 06:00:00,0.02442000,0.02443000,0.02414000,0.02422000,7255550.70000000,TUSDT
2023-11-05 07:00:00,0.02423000,0.02460000,0.02423000,0.02452000,3752146.60000000,TUSDT
2023-11-05 08:00:00,0.02453000,0.02462000,0.02410000,0.02417000,9942880.50000000,TUSDT
2023-11-05 09:00:00,0.02418000,0.02431000,0.02415000,0.02424000,3133584.50000000,TUSDT
2023-11-05 10:00:00,0.02426000,0.02429000,0.02414000,0.02429000,2921923.30000000,TUSDT
2023-11-05 11:00:00,0.02429000,0.02431000,0.02410000,0.02425000,4869707.90000000,TUSDT
2023-11-05 12:00:00,0.02423000,0.02436000,0.02416000,0.02434000,4683928.30000000,TUSDT
2023-11-05 13:00:00,0.02434000,0.02439000,0.02365000,0.02372000,4222868.80000000,TUSDT
2023-11-05 14:00:00,0.02374000,0.02402000,0.02369000,0.02397000,8184994.20000000,TUSDT
2023-11-05 15:00:00,0.02397000,0.02402000,0.02384000,0.02395000,3521047.10000000,TUSDT
2023-11-05 16:00:00,0.02395000,0.02407000,0.02390000,0.02400000,2688170.40000000,TUSDT
2023-11-05 17:00:00,0.02398000,0.02422000,0.02395000,0.02404000,2994789.00000000,TUSDT
2023-11-05 18:00:00,0.02404000,0.02416000,0.02395000,0.02406000,1545340.90000000,TUSDT
2023-11-05 19:00:00,0.02405000,0.02415000,0.02400000,0.02404000,747429.90000000,TUSDT
2023-11-05 20:00:00,0.02404000,0.02412000,0.02389000,0.02396000,1200959.60000000,TUSDT
2023-11-05 21:00:00,0.02394000,0.02395000,0.02342000,0.02363000,4702632.30000000,TUSDT
2023-11-05 22:00:00,0.02365000,0.02388000,0.02364000,0.02388000,3164510.50000000,TUSDT
2023-11-05 23:00:00,0.02387000,0.02405000,0.02387000,0.02395000,1940667.70000000,TUSDT
2023-11-06 00:00:00,0.02394000,0.02394000,0.02359000,0.02368000,8505324.80000000,TUSDT
2023-11-06 01:00:00,0.02368000,0.02399000,0.02367000,0.02372000,4096822.90000000,TUSDT
2023-11-06 02:00:00,0.02372000,0.02389000,0.02368000,0.02380000,3330507.00000000,TUSDT
2023-11-06 03:00:00,0.02381000,0.02389000,0.02373000,0.02382000,2292814.70000000,TUSDT
2023-11-06 04:00:00,0.02382000,0.02386000,0.02322000,0.02328000,8155649.40000000,TUSDT
2023-11-06 05:00:00,0.02329000,0.02341000,0.02293000,0.02331000,8679706.70000000,TUSDT
2023-11-06 06:00:00,0.02331000,0.02339000,0.02317000,0.02336000,2909868.00000000,TUSDT
2023-11-06 07:00:00,0.02334000,0.02345000,0.02322000,0.02345000,2482571.90000000,TUSDT
2023-11-06 08:00:00,0.02345000,0.02360000,0.02332000,0.02359000,3443955.50000000,TUSDT
2023-11-06 09:00:00,0.02358000,0.02372000,0.02352000,0.02370000,3914389.20000000,TUSDT
2023-11-06 10:00:00,0.02371000,0.02394000,0.02366000,0.02386000,8299342.00000000,TUSDT
2023-11-06 11:00:00,0.02385000,0.02401000,0.02384000,0.02392000,2978767.80000000,TUSDT
2023-11-06 12:00:00,0.02392000,0.02395000,0.02375000,0.02382000,4132093.90000000,TUSDT
2023-11-06 13:00:00,0.02381000,0.02384000,0.02351000,0.02369000,8921584.60000000,TUSDT
2023-11-06 14:00:00,0.02370000,0.02387000,0.02368000,0.02387000,3752048.60000000,TUSDT
2023-11-06 15:00:00,0.02387000,0.02400000,0.02377000,0.02381000,3364545.60000000,TUSDT
2023-11-06 16:00:00,0.02384000,0.02393000,0.02370000,0.02388000,3438480.70000000,TUSDT
2023-11-06 17:00:00,0.02388000,0.02412000,0.02372000,0.02398000,22432654.80000000,TUSDT
2023-11-06 18:00:00,0.02397000,0.02415000,0.02375000,0.02390000,19395713.30000000,TUSDT
2023-11-06 19:00:00,0.02389000,0.02409000,0.02385000,0.02409000,1615800.30000000,TUSDT
2023-11-06 20:00:00,0.02409000,0.02409000,0.02392000,0.02403000,1205362.70000000,TUSDT
2023-11-06 21:00:00,0.02406000,0.02406000,0.02388000,0.02404000,2336807.50000000,TUSDT
2023-11-06 22:00:00,0.02404000,0.02432000,0.02402000,0.02429000,2316225.40000000,TUSDT
2023-11-06 23:00:00,0.02429000,0.02432000,0.02411000,0.02430000,3409075.90000000,TUSDT
2023-11-07 00:00:00,0.02427000,0.02430000,0.02376000,0.02395000,6648297.70000000,TUSDT
2023-11-07 01:00:00,0.02395000,0.02406000,0.02388000,0.02397000,3951578.20000000,TUSDT
2023-11-07 02:00:00,0.02396000,0.02406000,0.02352000,0.02353000,4386220.70000000,TUSDT
2023-11-07 03:00:00,0.02353000,0.02392000,0.02346000,0.02388000,5517809.20000000,TUSDT
2023-11-07 04:00:00,0.02388000,0.02402000,0.02381000,0.02391000,3270469.20000000,TUSDT
2023-11-07 05:00:00,0.02389000,0.02389000,0.02373000,0.02385000,1239100.60000000,TUSDT
2023-11-07 06:00:00,0.02387000,0.02431000,0.02381000,0.02421000,9846098.40000000,TUSDT
2023-11-07 07:00:00,0.02422000,0.02492000,0.02422000,0.02470000,43017506.30000000,TUSDT
2023-11-07 08:00:00,0.02470000,0.02491000,0.02437000,0.02438000,12839951.40000000,TUSDT
2023-11-07 09:00:00,0.02438000,0.02471000,0.02392000,0.02413000,15397652.90000000,TUSDT
2023-11-07 10:00:00,0.02412000,0.02412000,0.02348000,0.02394000,15377890.50000000,TUSDT
2023-11-07 11:00:00,0.02391000,0.02420000,0.02391000,0.02399000,3827071.60000000,TUSDT
2023-11-07 12:00:00,0.02400000,0.02471000,0.02372000,0.02454000,16679693.00000000,TUSDT
2023-11-07 13:00:00,0.02455000,0.02483000,0.02428000,0.02474000,20455218.30000000,TUSDT
2023-11-07 14:00:00,0.02475000,0.02510000,0.02454000,0.02484000,25560953.80000000,TUSDT
2023-11-07 15:00:00,0.02485000,0.02503000,0.02423000,0.02448000,16230678.20000000,TUSDT
2023-11-07 16:00:00,0.02445000,0.02454000,0.02413000,0.02416000,10586320.70000000,TUSDT
2023-11-07 17:00:00,0.02416000,0.02448000,0.02393000,0.02445000,5624280.80000000,TUSDT
2023-11-07 18:00:00,0.02446000,0.02480000,0.02445000,0.02463000,4263796.60000000,TUSDT
2023-11-07 19:00:00,0.02464000,0.02480000,0.02458000,0.02465000,6190165.30000000,TUSDT
2023-11-07 20:00:00,0.02466000,0.02496000,0.02459000,0.02488000,5594721.00000000,TUSDT
2023-11-07 21:00:00,0.02488000,0.02498000,0.02473000,0.02487000,2835738.60000000,TUSDT
2023-11-07 22:00:00,0.02489000,0.02494000,0.02459000,0.02470000,4472096.00000000,TUSDT
2023-11-07 23:00:00,0.02470000,0.02506000,0.02464000,0.02505000,5229853.40000000,TUSDT
2023-11-08 00:00:00,0.02502000,0.02506000,0.02452000,0.02480000,11470214.60000000,TUSDT
2023-11-08 01:00:00,0.02479000,0.02527000,0.02474000,0.02521000,7504329.50000000,TUSDT
2023-11-08 02:00:00,0.02522000,0.02535000,0.02496000,0.02506000,10753133.70000000,TUSDT
2023-11-08 03:00:00,0.02507000,0.02534000,0.02499000,0.02506000,9654219.20000000,TUSDT
2023-11-08 04:00:00,0.02506000,0.02512000,0.02487000,0.02497000,6185754.70000000,TUSDT
2023-11-08 05:00:00,0.02498000,0.02504000,0.02473000,0.02487000,6533658.60000000,TUSDT
2023-11-08 06:00:00,0.02489000,0.02502000,0.02476000,0.02499000,3700449.50000000,TUSDT
2023-11-08 07:00:00,0.02497000,0.02520000,0.02494000,0.02515000,4751780.70000000,TUSDT
2023-11-08 08:00:00,0.02513000,0.02527000,0.02501000,0.02512000,4790387.40000000,TUSDT
2023-11-08 09:00:00,0.02513000,0.02527000,0.02511000,0.02511000,3021430.70000000,TUSDT
2023-11-08 10:00:00,0.02512000,0.02524000,0.02511000,0.02516000,2430384.00000000,TUSDT
2023-11-08 11:00:00,0.02517000,0.02519000,0.02502000,0.02504000,5561721.30000000,TUSDT
2023-11-08 12:00:00,0.02504000,0.02515000,0.02500000,0.02513000,6062842.40000000,TUSDT
2023-11-08 13:00:00,0.02511000,0.02520000,0.02486000,0.02497000,4886580.90000000,TUSDT
2023-11-08 14:00:00,0.02496000,0.02507000,0.02486000,0.02489000,3128605.60000000,TUSDT
2023-11-08 15:00:00,0.02489000,0.02495000,0.02463000,0.02479000,7292432.70000000,TUSDT
2023-11-08 16:00:00,0.02480000,0.02537000,0.02480000,0.02528000,4954510.50000000,TUSDT
2023-11-08 17:00:00,0.02528000,0.02545000,0.02518000,0.02540000,6468134.60000000,TUSDT
2023-11-08 18:00:00,0.02538000,0.02553000,0.02526000,0.02545000,4055704.10000000,TUSDT
2023-11-08 19:00:00,0.02546000,0.02565000,0.02540000,0.02555000,6756735.40000000,TUSDT
2023-11-08 20:00:00,0.02555000,0.02562000,0.02543000,0.02553000,4752669.90000000,TUSDT
2023-11-08 21:00:00,0.02554000,0.02564000,0.02531000,0.02541000,3196259.10000000,TUSDT
2023-11-08 22:00:00,0.02542000,0.02570000,0.02536000,0.02557000,11009079.90000000,TUSDT
2023-11-08 23:00:00,0.02558000,0.02572000,0.02549000,0.02551000,3570188.70000000,TUSDT
2023-11-09 00:00:00,0.02551000,0.02684000,0.02551000,0.02674000,40192146.20000000,TUSDT
2023-11-09 01:00:00,0.02671000,0.02688000,0.02607000,0.02617000,12383016.60000000,TUSDT
2023-11-09 02:00:00,0.02616000,0.02638000,0.02592000,0.02598000,6442532.00000000,TUSDT
2023-11-09 03:00:00,0.02598000,0.02603000,0.02567000,0.02578000,8226576.00000000,TUSDT
2023-11-09 04:00:00,0.02581000,0.02608000,0.02580000,0.02592000,5104691.80000000,TUSDT
2023-11-09 05:00:00,0.02593000,0.02596000,0.02578000,0.02588000,3561241.30000000,TUSDT
2023-11-09 06:00:00,0.02588000,0.02612000,0.02588000,0.02606000,4005547.90000000,TUSDT
2023-11-09 07:00:00,0.02603000,0.02614000,0.02568000,0.02569000,4652436.30000000,TUSDT
2023-11-09 08:00:00,0.02570000,0.02600000,0.02570000,0.02590000,5973930.10000000,TUSDT
2023-11-09 09:00:00,0.02590000,0.02600000,0.02580000,0.02590000,8007920.50000000,TUSDT
2023-11-09 10:00:00,0.02591000,0.02593000,0.02564000,0.02568000,11228727.40000000,TUSDT
2023-11-09 11:00:00,0.02569000,0.02570000,0.02528000,0.02547000,17483428.50000000,TUSDT
2023-11-09 12:00:00,0.02547000,0.02563000,0.02519000,0.02534000,28906972.20000000,TUSDT
2023-11-09 13:00:00,0.02533000,0.02547000,0.02506000,0.02536000,13092533.30000000,TUSDT
2023-11-09 14:00:00,0.02537000,0.02600000,0.02527000,0.02587000,9032306.00000000,TUSDT
2023-11-09 15:00:00,0.02587000,0.02598000,0.02531000,0.02537000,11752107.60000000,TUSDT
2023-11-09 16:00:00,0.02538000,0.02550000,0.02191000,0.02396000,46539577.80000000,TUSDT
2023-11-09 17:00:00,0.02394000,0.02445000,0.02374000,0.02439000,14688212.10000000,TUSDT
2023-11-09 18:00:00,0.02437000,0.02445000,0.02390000,0.02392000,7743045.30000000,TUSDT
2023-11-09 19:00:00,0.02395000,0.02412000,0.02372000,0.02397000,6363414.60000000,TUSDT
2023-11-09 20:00:00,0.02395000,0.02395000,0.02357000,0.02389000,6999877.20000000,TUSDT
2023-11-09 21:00:00,0.02390000,0.02429000,0.02388000,0.02429000,7352666.50000000,TUSDT
2023-11-09 22:00:00,0.02426000,0.02460000,0.02418000,0.02458000,5159861.80000000,TUSDT
2023-11-09 23:00:00,0.02458000,0.02487000,0.02452000,0.02475000,5715983.10000000,TUSDT
2023-11-10 00:00:00,0.02477000,0.02478000,0.02425000,0.02431000,11369868.00000000,TUSDT
2023-11-10 01:00:00,0.02431000,0.02480000,0.02423000,0.02476000,6251233.20000000,TUSDT
2023-11-10 02:00:00,0.02476000,0.02492000,0.02456000,0.02489000,4911716.70000000,TUSDT
2023-11-10 03:00:00,0.02490000,0.02502000,0.02463000,0.02469000,4458254.60000000,TUSDT
2023-11-10 04:00:00,0.02469000,0.02482000,0.02461000,0.02474000,6253034.70000000,TUSDT
2023-11-10 05:00:00,0.02474000,0.02491000,0.02467000,0.02488000,4799955.20000000,TUSDT
2023-11-10 06:00:00,0.02490000,0.02495000,0.02473000,0.02486000,3637973.80000000,TUSDT
2023-11-10 07:00:00,0.02483000,0.02493000,0.02454000,0.02467000,3096755.10000000,TUSDT
2023-11-10 08:00:00,0.02466000,0.02468000,0.02422000,0.02460000,6172456.20000000,TUSDT
2023-11-10 09:00:00,0.02462000,0.02491000,0.02460000,0.02491000,4076915.30000000,TUSDT
2023-11-10 10:00:00,0.02490000,0.02529000,0.02486000,0.02516000,9193628.60000000,TUSDT
2023-11-10 11:00:00,0.02516000,0.02524000,0.02481000,0.02511000,10330062.70000000,TUSDT
2023-11-10 12:00:00,0.02512000,0.02513000,0.02459000,0.02497000,10207546.90000000,TUSDT
2023-11-10 13:00:00,0.02495000,0.02499000,0.02443000,0.02445000,5827167.20000000,TUSDT
2023-11-10 14:00:00,0.02447000,0.02492000,0.02412000,0.02447000,12582904.50000000,TUSDT
2023-11-10 15:00:00,0.02446000,0.02481000,0.02446000,0.02479000,4001343.60000000,TUSDT
2023-11-10 16:00:00,0.02478000,0.02502000,0.02474000,0.02500000,3514338.10000000,TUSDT
2023-11-10 17:00:00,0.02500000,0.02509000,0.02493000,0.02504000,2624674.60000000,TUSDT
2023-11-10 18:00:00,0.02504000,0.02513000,0.02492000,0.02496000,3852250.60000000,TUSDT
2023-11-10 19:00:00,0.02496000,0.02507000,0.02490000,0.02500000,4341933.40000000,TUSDT
2023-11-10 20:00:00,0.02499000,0.02521000,0.02493000,0.02519000,4052436.90000000,TUSDT
2023-11-10 21:00:00,0.02520000,0.02546000,0.02513000,0.02545000,4946300.00000000,TUSDT
2023-11-10 22:00:00,0.02543000,0.02551000,0.02518000,0.02537000,3493956.40000000,TUSDT
2023-11-10 23:00:00,0.02538000,0.02554000,0.02535000,0.02540000,5155502.30000000,TUSDT
2023-11-11 00:00:00,0.02541000,0.02569000,0.02525000,0.02540000,9035525.60000000,TUSDT
2023-11-11 01:00:00,0.02540000,0.02557000,0.02486000,0.02510000,10131150.20000000,TUSDT
2023-11-11 02:00:00,0.02509000,0.02534000,0.02475000,0.02519000,10735092.20000000,TUSDT
2023-11-11 03:00:00,0.02520000,0.02526000,0.02494000,0.02496000,3103664.20000000,TUSDT
2023-11-11 04:00:00,0.02497000,0.02502000,0.02433000,0.02463000,11406471.70000000,TUSDT
2023-11-11 05:00:00,0.02463000,0.02484000,0.02455000,0.02476000,4747585.10000000,TUSDT
2023-11-11 06:00:00,0.02475000,0.02496000,0.02462000,0.02485000,3268394.20000000,TUSDT
2023-11-11 07:00:00,0.02485000,0.02496000,0.02468000,0.02479000,3804921.80000000,TUSDT
2023-11-11 08:00:00,0.02480000,0.02486000,0.02463000,0.02479000,5095318.30000000,TUSDT
2023-11-11 09:00:00,0.02479000,0.02520000,0.02479000,0.02510000,5220861.90000000,TUSDT
2023-11-11 10:00:00,0.02510000,0.02514000,0.02499000,0.02505000,2101429.50000000,TUSDT
2023-11-11 11:00:00,0.02507000,0.02516000,0.02490000,0.02490000,4707512.00000000,TUSDT
2023-11-11 12:00:00,0.02490000,0.02512000,0.02479000,0.02508000,4007939.50000000,TUSDT
2023-11-11 13:00:00,0.02508000,0.02529000,0.02506000,0.02521000,5230695.10000000,TUSDT
2023-11-11 14:00:00,0.02520000,0.02541000,0.02520000,0.02533000,3666584.10000000,TUSDT
2023-11-11 15:00:00,0.02534000,0.02539000,0.02521000,0.02525000,3133602.30000000,TUSDT
2023-11-11 16:00:00,0.02525000,0.02555000,0.02525000,0.02551000,1980491.90000000,TUSDT
2023-11-11 17:00:00,0.02551000,0.02567000,0.02520000,0.02562000,9431544.80000000,TUSDT
2023-11-11 18:00:00,0.02561000,0.02581000,0.02552000,0.02573000,3498423.70000000,TUSDT
2023-11-11 19:00:00,0.02574000,0.02604000,0.02570000,0.02595000,3092972.00000000,TUSDT
2023-11-11 20:00:00,0.02596000,0.02599000,0.02571000,0.02586000,2511610.30000000,TUSDT
2023-11-11 21:00:00,0.02587000,0.02589000,0.02559000,0.02566000,4742108.10000000,TUSDT
2023-11-11 22:00:00,0.02566000,0.02575000,0.02534000,0.02569000,3431042.30000000,TUSDT
2023-11-11 23:00:00,0.02566000,0.02595000,0.02540000,0.02590000,6258975.50000000,TUSDT
2023-11-12 00:00:00,0.02589000,0.02589000,0.02480000,0.02520000,14143237.10000000,TUSDT
2023-11-12 01:00:00,0.02520000,0.02553000,0.02496000,0.02536000,6544582.70000000,TUSDT
2023-11-12 02:00:00,0.02539000,0.02565000,0.02533000,0.02550000,10692642.80000000,TUSDT
2023-11-12 03:00:00,0.02549000,0.02558000,0.02540000,0.02550000,5305770.90000000,TUSDT
2023-11-12 04:00:00,0.02550000,0.02568000,0.02528000,0.02543000,7289072.60000000,TUSDT
2023-11-12 05:00:00,0.02543000,0.02570000,0.02534000,0.02568000,2198425.90000000,TUSDT
2023-11-12 06:00:00,0.02569000,0.02590000,0.02563000,0.02579000,6521954.70000000,TUSDT
2023-11-12 07:00:00,0.02581000,0.02595000,0.02576000,0.02586000,3869904.00000000,TUSDT
2023-11-12 08:00:00,0.02587000,0.02595000,0.02570000,0.02589000,5005344.40000000,TUSDT
2023-11-12 09:00:00,0.02589000,0.02595000,0.02556000,0.02565000,6067302.10000000,TUSDT
2023-11-12 10:00:00,0.02566000,0.02585000,0.02561000,0.02573000,4681678.40000000,TUSDT
2023-11-12 11:00:00,0.02573000,0.02594000,0.02572000,0.02579000,2998260.50000000,TUSDT
2023-11-12 12:00:00,0.02579000,0.02582000,0.02559000,0.02572000,2433227.30000000,TUSDT
2023-11-12 13:00:00,0.02572000,0.02578000,0.02544000,0.02570000,8155099.60000000,TUSDT
2023-11-12 14:00:00,0.02569000,0.02598000,0.02561000,0.02596000,4467102.50000000,TUSDT
2023-11-12 15:00:00,0.02595000,0.02603000,0.02571000,0.02576000,4690006.80000000,TUSDT
2023-11-12 16:00:00,0.02577000,0.02585000,0.02561000,0.02567000,1515752.20000000,TUSDT
2023-11-12 17:00:00,0.02566000,0.02577000,0.02560000,0.02567000,2586581.50000000,TUSDT
2023-11-12 18:00:00,0.02567000,0.02583000,0.02552000,0.02573000,1565506.40000000,TUSDT
2023-11-12 19:00:00,0.02576000,0.02586000,0.02564000,0.02576000,2109206.10000000,TUSDT
2023-11-12 20:00:00,0.02576000,0.02594000,0.02570000,0.02583000,3558515.90000000,TUSDT
2023-11-12 21:00:00,0.02581000,0.02599000,0.02570000,0.02593000,3286988.50000000,TUSDT
2023-11-12 22:00:00,0.02595000,0.02601000,0.02582000,0.02595000,2929252.90000000,TUSDT
2023-11-12 23:00:00,0.02596000,0.02613000,0.02562000,0.02606000,6541071.70000000,TUSDT
2023-11-13 00:00:00,0.02606000,0.02608000,0.02570000,0.02599000,5437186.90000000,TUSDT
2023-11-13 01:00:00,0.02598000,0.02628000,0.02592000,0.02604000,6382140.80000000,TUSDT
2023-11-13 02:00:00,0.02603000,0.02659000,0.02603000,0.02633000,7147365.30000000,TUSDT
2023-11-13 03:00:00,0.02631000,0.02633000,0.02552000,0.02566000,13964590.70000000,TUSDT
2023-11-13 04:00:00,0.02565000,0.02583000,0.02538000,0.02555000,9685865.10000000,TUSDT
2023-11-13 05:00:00,0.02555000,0.02581000,0.02532000,0.02576000,8820500.00000000,TUSDT
2023-11-13 06:00:00,0.02575000,0.02576000,0.02536000,0.02573000,4691355.20000000,TUSDT
2023-11-13 07:00:00,0.02574000,0.02598000,0.02565000,0.02584000,4237697.30000000,TUSDT
2023-11-13 08:00:00,0.02586000,0.02603000,0.02572000,0.02599000,3202204.70000000,TUSDT
2023-11-13 09:00:00,0.02601000,0.02702000,0.02589000,0.02624000,26577631.60000000,TUSDT
2023-11-13 10:00:00,0.02623000,0.02634000,0.02604000,0.02628000,20393444.20000000,TUSDT
2023-11-13 11:00:00,0.02629000,0.02631000,0.02560000,0.02570000,10544002.50000000,TUSDT
2023-11-13 12:00:00,0.02571000,0.02597000,0.02542000,0.02593000,6909434.20000000,TUSDT
2023-11-13 13:00:00,0.02593000,0.02594000,0.02568000,0.02586000,6297151.20000000,TUSDT
2023-11-13 14:00:00,0.02586000,0.02594000,0.02530000,0.02572000,5839602.00000000,TUSDT
2023-11-13 15:00:00,0.02572000,0.02594000,0.02549000,0.02590000,10423994.70000000,TUSDT
2023-11-13 16:00:00,0.02592000,0.02614000,0.02586000,0.02605000,3134103.20000000,TUSDT
2023-11-13 17:00:00,0.02598000,0.02598000,0.02556000,0.02579000,6104274.50000000,TUSDT
2023-11-13 18:00:00,0.02579000,0.02596000,0.02569000,0.02595000,1570883.10000000,TUSDT
2023-11-13 19:00:00,0.02594000,0.02605000,0.02590000,0.02605000,568295.90000000,TUSDT
2023-11-13 20:00:00,0.02604000,0.02619000,0.02594000,0.02601000,3316261.30000000,TUSDT
2023-11-13 21:00:00,0.02600000,0.02602000,0.02493000,0.02535000,9621083.40000000,TUSDT
2023-11-13 22:00:00,0.02532000,0.02557000,0.02530000,0.02533000,4092610.60000000,TUSDT
2023-11-13 23:00:00,0.02534000,0.02561000,0.02531000,0.02534000,5358090.90000000,TUSDT
2023-11-14 00:00:00,0.02536000,0.02543000,0.02462000,0.02470000,14289881.20000000,TUSDT
2023-11-14 01:00:00,0.02470000,0.02506000,0.02465000,0.02488000,4370191.20000000,TUSDT
2023-11-14 02:00:00,0.02487000,0.02504000,0.02484000,0.02490000,3202678.10000000,TUSDT
2023-11-14 03:00:00,0.02490000,0.02502000,0.02490000,0.02493000,2933543.50000000,TUSDT
2023-11-14 04:00:00,0.02492000,0.02515000,0.02485000,0.02513000,2925458.60000000,TUSDT
2023-11-14 05:00:00,0.02514000,0.02571000,0.02510000,0.02560000,9481198.50000000,TUSDT
2023-11-14 06:00:00,0.02560000,0.02562000,0.02533000,0.02537000,3672033.50000000,TUSDT
2023-11-14 07:00:00,0.02538000,0.02545000,0.02530000,0.02538000,2429650.20000000,TUSDT
2023-11-14 08:00:00,0.02538000,0.02538000,0.02524000,0.02538000,3226231.70000000,TUSDT
2023-11-14 09:00:00,0.02538000,0.02544000,0.02499000,0.02499000,3902290.20000000,TUSDT
2023-11-14 10:00:00,0.02499000,0.02501000,0.02463000,0.02486000,6629836.40000000,TUSDT
2023-11-14 11:00:00,0.02486000,0.02486000,0.02443000,0.02459000,4550842.10000000,TUSDT
2023-11-14 12:00:00,0.02458000,0.02477000,0.02450000,0.02469000,3742537.00000000,TUSDT
2023-11-14 13:00:00,0.02470000,0.02515000,0.02466000,0.02497000,11386619.30000000,TUSDT
2023-11-14 14:00:00,0.02497000,0.02509000,0.02485000,0.02506000,5784951.70000000,TUSDT
2023-11-14 15:00:00,0.02507000,0.02513000,0.02459000,0.02481000,8301102.30000000,TUSDT
2023-11-14 16:00:00,0.02481000,0.02506000,0.02481000,0.02499000,2196201.30000000,TUSDT
2023-11-14 17:00:00,0.02499000,0.02501000,0.02463000,0.02464000,2484456.90000000,TUSDT
2023-11-14 18:00:00,0.02465000,0.02471000,0.02354000,0.02382000,12009082.40000000,TUSDT
2023-11-14 19:00:00,0.02383000,0.02427000,0.02375000,0.02410000,5219788.10000000,TUSDT
2023-11-14 20:00:00,0.02410000,0.02452000,0.02407000,0.02420000,3179223.80000000,TUSDT
2023-11-14 21:00:00,0.02419000,0.02437000,0.02413000,0.02434000,2851155.20000000,TUSDT
2023-11-14 22:00:00,0.02437000,0.02450000,0.02434000,0.02444000,1880036.60000000,TUSDT
2023-11-14 23:00:00,0.02443000,0.02449000,0.02436000,0.02440000,1632336.00000000,TUSDT
2023-11-15 00:00:00,0.02440000,0.02464000,0.02436000,0.02445000,4072773.80000000,TUSDT
2023-11-15 01:00:00,0.02443000,0.02461000,0.02429000,0.02440000,3739502.60000000,TUSDT
2023-11-15 02:00:00,0.02437000,0.02445000,0.02406000,0.02422000,4497546.60000000,TUSDT
2023-11-15 03:00:00,0.02424000,0.02424000,0.02370000,0.02375000,9601107.10000000,TUSDT
2023-11-15 04:00:00,0.02375000,0.02420000,0.02373000,0.02420000,2292796.50000000,TUSDT
2023-11-15 05:00:00,0.02420000,0.02422000,0.02397000,0.02416000,3017495.10000000,TUSDT
2023-11-15 06:00:00,0.02417000,0.02425000,0.02411000,0.02415000,1831159.30000000,TUSDT
2023-11-15 07:00:00,0.02415000,0.02426000,0.02407000,0.02424000,1363364.30000000,TUSDT
2023-11-15 08:00:00,0.02426000,0.02438000,0.02426000,0.02432000,1154831.10000000,TUSDT
2023-11-15 09:00:00,0.02433000,0.02444000,0.02423000,0.02425000,2782441.50000000,TUSDT
2023-11-15 10:00:00,0.02426000,0.02442000,0.02425000,0.02440000,1495690.90000000,TUSDT
2023-11-15 11:00:00,0.02440000,0.02471000,0.02437000,0.02471000,3203040.80000000,TUSDT
2023-11-15 12:00:00,0.02471000,0.02472000,0.02456000,0.02464000,2384673.30000000,TUSDT
2023-11-15 13:00:00,0.02463000,0.02472000,0.02436000,0.02452000,4405573.80000000,TUSDT
2023-11-15 14:00:00,0.02452000,0.02466000,0.02441000,0.02449000,2091015.90000000,TUSDT
2023-11-15 15:00:00,0.02449000,0.02465000,0.02449000,0.02464000,1905332.00000000,TUSDT
2023-11-15 16:00:00,0.02464000,0.02484000,0.02464000,0.02480000,2486574.00000000,TUSDT
2023-11-15 17:00:00,0.02481000,0.02484000,0.02457000,0.02460000,3119687.50000000,TUSDT
2023-11-15 18:00:00,0.02459000,0.02491000,0.02446000,0.02490000,7179738.10000000,TUSDT
2023-11-15 19:00:00,0.02489000,0.02503000,0.02475000,0.02499000,1994506.30000000,TUSDT
2023-11-15 20:00:00,0.02499000,0.02506000,0.02490000,0.02500000,4183280.40000000,TUSDT
2023-11-15 21:00:00,0.02499000,0.02508000,0.02491000,0.02498000,3162262.20000000,TUSDT
2023-11-15 22:00:00,0.02499000,0.02526000,0.02493000,0.02520000,2917537.50000000,TUSDT
2023-11-15 23:00:00,0.02520000,0.02538000,0.02514000,0.02536000,3289499.00000000,TUSDT
2023-11-16 00:00:00,0.02536000,0.02540000,0.02513000,0.02535000,3928840.40000000,TUSDT
2023-11-16 01:00:00,0.02535000,0.02540000,0.02507000,0.02508000,2844191.30000000,TUSDT
2023-11-16 02:00:00,0.02508000,0.02524000,0.02506000,0.02515000,2193033.70000000,TUSDT
2023-11-16 03:00:00,0.02517000,0.02518000,0.02498000,0.02515000,9216928.30000000,TUSDT
2023-11-16 04:00:00,0.02516000,0.02526000,0.02509000,0.02523000,1846364.90000000,TUSDT
2023-11-16 05:00:00,0.02524000,0.02527000,0.02509000,0.02526000,2648991.20000000,TUSDT
2023-11-16 06:00:00,0.02526000,0.02539000,0.02516000,0.02539000,3000036.70000000,TUSDT
2023-11-16 07:00:00,0.02538000,0.02546000,0.02518000,0.02519000,3534771.70000000,TUSDT
2023-11-16 08:00:00,0.02519000,0.02529000,0.02484000,0.02498000,5145823.10000000,TUSDT
2023-11-16 09:00:00,0.02498000,0.02502000,0.02472000,0.02490000,6011622.50000000,TUSDT
2023-11-16 10:00:00,0.02491000,0.02501000,0.02487000,0.02488000,1244951.10000000,TUSDT
2023-11-16 11:00:00,0.02489000,0.02511000,0.02480000,0.02485000,6294576.00000000,TUSDT
2023-11-16 12:00:00,0.02485000,0.02499000,0.02466000,0.02490000,6435516.70000000,TUSDT
2023-11-16 13:00:00,0.02488000,0.02490000,0.02443000,0.02464000,5288406.90000000,TUSDT
2023-11-16 14:00:00,0.02463000,0.02478000,0.02446000,0.02465000,3012374.90000000,TUSDT
2023-11-16 15:00:00,0.02465000,0.02473000,0.02415000,0.02432000,6207147.80000000,TUSDT
2023-11-16 16:00:00,0.02433000,0.02449000,0.02432000,0.02447000,1913903.80000000,TUSDT
2023-11-16 17:00:00,0.02447000,0.02459000,0.02437000,0.02444000,2807408.70000000,TUSDT
2023-11-16 18:00:00,0.02443000,0.02447000,0.02428000,0.02439000,3304018.40000000,TUSDT
2023-11-16 19:00:00,0.02439000,0.02443000,0.02365000,0.02421000,7101134.60000000,TUSDT
2023-11-16 20:00:00,0.02420000,0.02429000,0.02395000,0.02396000,3341215.70000000,TUSDT
2023-11-16 21:00:00,0.02398000,0.02412000,0.02391000,0.02400000,1834975.80000000,TUSDT
2023-11-16 22:00:00,0.02399000,0.02421000,0.02398000,0.02409000,1321009.70000000,TUSDT
2023-11-16 23:00:00,0.02409000,0.02410000,0.02382000,0.02393000,3386274.00000000,TUSDT
2023-11-17 00:00:00,0.02393000,0.02405000,0.02380000,0.02404000,4082613.90000000,TUSDT
2023-11-17 01:00:00,0.02404000,0.02433000,0.02400000,0.02432000,2392244.50000000,TUSDT
2023-11-17 02:00:00,0.02434000,0.02439000,0.02421000,0.02425000,1606145.60000000,TUSDT
2023-11-17 03:00:00,0.02425000,0.02432000,0.02410000,0.02430000,1957872.00000000,TUSDT
2023-11-17 04:00:00,0.02430000,0.02436000,0.02417000,0.02424000,1284862.50000000,TUSDT
2023-11-17 05:00:00,0.02424000,0.02432000,0.02414000,0.02432000,3764512.20000000,TUSDT
2023-11-17 06:00:00,0.02433000,0.02446000,0.02428000,0.02429000,2884499.10000000,TUSDT
2023-11-17 07:00:00,0.02430000,0.02432000,0.02408000,0.02414000,3133351.50000000,TUSDT
2023-11-17 08:00:00,0.02414000,0.02452000,0.02410000,0.02443000,3874102.30000000,TUSDT
2023-11-17 09:00:00,0.02443000,0.02444000,0.02416000,0.02431000,2537589.60000000,TUSDT
2023-11-17 10:00:00,0.02429000,0.02432000,0.02377000,0.02393000,5554004.80000000,TUSDT
2023-11-17 11:00:00,0.02392000,0.02401000,0.02384000,0.02390000,4167029.00000000,TUSDT
2023-11-17 12:00:00,0.02391000,0.02397000,0.02366000,0.02396000,5599046.00000000,TUSDT
2023-11-17 13:00:00,0.02397000,0.02413000,0.02385000,0.02386000,3844041.10000000,TUSDT
2023-11-17 14:00:00,0.02387000,0.02398000,0.02336000,0.02347000,6737924.70000000,TUSDT
2023-11-17 15:00:00,0.02345000,0.02357000,0.02297000,0.02307000,8926601.00000000,TUSDT
2023-11-17 16:00:00,0.02309000,0.02335000,0.02295000,0.02312000,5703963.00000000,TUSDT
2023-11-17 17:00:00,0.02313000,0.02371000,0.02313000,0.02369000,7456551.10000000,TUSDT
2023-11-17 18:00:00,0.02370000,0.02376000,0.02357000,0.02373000,2114554.50000000,TUSDT
2023-11-17 19:00:00,0.02374000,0.02380000,0.02366000,0.02367000,1781685.10000000,TUSDT
2023-11-17 20:00:00,0.02368000,0.02385000,0.02366000,0.02371000,1393114.80000000,TUSDT
2023-11-17 21:00:00,0.02373000,0.02390000,0.02370000,0.02388000,2771655.00000000,TUSDT
2023-11-17 22:00:00,0.02389000,0.02418000,0.02386000,0.02413000,3428343.50000000,TUSDT
2023-11-17 23:00:00,0.02413000,0.02418000,0.02398000,0.02414000,1630142.50000000,TUSDT
2023-11-18 00:00:00,0.02414000,0.02429000,0.02401000,0.02416000,5496644.70000000,TUSDT
2023-11-18 01:00:00,0.02416000,0.02461000,0.02415000,0.02437000,15488284.30000000,TUSDT
2023-11-18 02:00:00,0.02438000,0.02445000,0.02420000,0.02426000,3885699.30000000,TUSDT
2023-11-18 03:00:00,0.02426000,0.02467000,0.02390000,0.02397000,30800785.20000000,TUSDT
2023-11-18 04:00:00,0.02396000,0.02450000,0.02396000,0.02431000,6238372.30000000,TUSDT
2023-11-18 05:00:00,0.02431000,0.02444000,0.02395000,0.02398000,17207029.10000000,TUSDT
2023-11-18 06:00:00,0.02397000,0.02410000,0.02341000,0.02341000,6569046.30000000,TUSDT
2023-11-18 07:00:00,0.02340000,0.02360000,0.02301000,0.02357000,8588160.20000000,TUSDT
2023-11-18 08:00:00,0.02358000,0.02394000,0.02353000,0.02379000,4600355.60000000,TUSDT
2023-11-18 09:00:00,0.02379000,0.02419000,0.02370000,0.02385000,5555727.50000000,TUSDT
2023-11-18 10:00:00,0.02385000,0.02407000,0.02380000,0.02403000,7496472.70000000,TUSDT
2023-11-18 11:00:00,0.02401000,0.02402000,0.02388000,0.02389000,1544380.20000000,TUSDT
2023-11-18 12:00:00,0.02390000,0.02441000,0.02386000,0.02418000,11769436.80000000,TUSDT
2023-11-18 13:00:00,0.02418000,0.02433000,0.02382000,0.02393000,7784785.90000000,TUSDT
2023-11-18 14:00:00,0.02391000,0.02415000,0.02378000,0.02406000,6340536.00000000,TUSDT
2023-11-18 15:00:00,0.02406000,0.02432000,0.02405000,0.02427000,4203448.30000000,TUSDT
2023-11-18 16:00:00,0.02429000,0.02440000,0.02404000,0.02405000,7025293.00000000,TUSDT
2023-11-18 17:00:00,0.02406000,0.02418000,0.02399000,0.02412000,3485841.50000000,TUSDT
2023-11-18 18:00:00,0.02413000,0.02425000,0.02400000,0.02423000,1783665.10000000,TUSDT
2023-11-18 19:00:00,0.02423000,0.02429000,0.02417000,0.02422000,1799673.40000000,TUSDT
2023-11-18 20:00:00,0.02424000,0.02430000,0.02385000,0.02419000,6622227.80000000,TUSDT
2023-11-18 21:00:00,0.02420000,0.02422000,0.02411000,0.02414000,1341824.90000000,TUSDT
2023-11-18 22:00:00,0.02414000,0.02438000,0.02401000,0.02436000,2350444.10000000,TUSDT
2023-11-18 23:00:00,0.02433000,0.02451000,0.02431000,0.02450000,1653110.60000000,TUSDT
2023-11-19 00:00:00,0.02450000,0.02453000,0.02410000,0.02411000,4975526.10000000,TUSDT
2023-11-19 01:00:00,0.02412000,0.02425000,0.02395000,0.02411000,4402642.60000000,TUSDT
2023-11-19 02:00:00,0.02410000,0.02417000,0.02400000,0.02408000,2306134.00000000,TUSDT
2023-11-19 03:00:00,0.02406000,0.02419000,0.02400000,0.02418000,1289967.60000000,TUSDT
2023-11-19 04:00:00,0.02417000,0.02418000,0.02408000,0.02418000,1253936.80000000,TUSDT
2023-11-19 05:00:00,0.02417000,0.02426000,0.02412000,0.02415000,1200244.20000000,TUSDT
2023-11-19 06:00:00,0.02416000,0.02438000,0.02416000,0.02435000,2378682.20000000,TUSDT
2023-11-19 07:00:00,0.02435000,0.02451000,0.02424000,0.02429000,7369172.30000000,TUSDT
2023-11-19 08:00:00,0.02430000,0.02443000,0.02422000,0.02424000,2150379.40000000,TUSDT
2023-11-19 09:00:00,0.02424000,0.02433000,0.02418000,0.02427000,1390598.10000000,TUSDT
2023-11-19 10:00:00,0.02428000,0.02428000,0.02412000,0.02420000,1326612.10000000,TUSDT
2023-11-19 11:00:00,0.02419000,0.02422000,0.02405000,0.02417000,4105989.70000000,TUSDT
2023-11-19 12:00:00,0.02417000,0.02422000,0.02404000,0.02411000,2868653.40000000,TUSDT
2023-11-19 13:00:00,0.02410000,0.02425000,0.02410000,0.02420000,1321978.80000000,TUSDT
2023-11-19 14:00:00,0.02420000,0.02432000,0.02410000,0.02421000,5006377.50000000,TUSDT
2023-11-19 15:00:00,0.02421000,0.02423000,0.02399000,0.02421000,3135943.20000000,TUSDT
2023-11-19 16:00:00,0.02420000,0.02424000,0.02411000,0.02414000,1451293.20000000,TUSDT
2023-11-19 17:00:00,0.02414000,0.02429000,0.02414000,0.02425000,839482.30000000,TUSDT
2023-11-19 18:00:00,0.02425000,0.02440000,0.02423000,0.02435000,1199204.80000000,TUSDT
2023-11-19 19:00:00,0.02437000,0.02447000,0.02431000,0.02445000,2151475.80000000,TUSDT
2023-11-19 20:00:00,0.02445000,0.02450000,0.02436000,0.02442000,3172471.70000000,TUSDT
2023-11-19 21:00:00,0.02442000,0.02447000,0.02436000,0.02446000,888047.60000000,TUSDT
2023-11-19 22:00:00,0.02445000,0.02452000,0.02438000,0.02450000,1741934.50000000,TUSDT
2023-11-19 23:00:00,0.02452000,0.02473000,0.02452000,0.02460000,3446897.30000000,TUSDT
2023-11-20 00:00:00,0.02461000,0.02464000,0.02440000,0.02455000,5347957.90000000,TUSDT
2023-11-20 01:00:00,0.02455000,0.02462000,0.02444000,0.02446000,2161637.50000000,TUSDT
2023-11-20 02:00:00,0.02449000,0.02453000,0.02439000,0.02452000,3265559.40000000,TUSDT
2023-11-20 03:00:00,0.02452000,0.02452000,0.02432000,0.02439000,1763558.90000000,TUSDT
2023-11-20 04:00:00,0.02439000,0.02448000,0.02432000,0.02447000,1201335.00000000,TUSDT
2023-11-20 05:00:00,0.02447000,0.02447000,0.02426000,0.02432000,1040213.80000000,TUSDT
2023-11-20 06:00:00,0.02433000,0.02441000,0.02430000,0.02441000,1141931.80000000,TUSDT
2023-11-20 07:00:00,0.02440000,0.02448000,0.02433000,0.02447000,5274993.80000000,TUSDT
2023-11-20 08:00:00,0.02447000,0.02447000,0.02437000,0.02441000,1904078.60000000,TUSDT
2023-11-20 09:00:00,0.02441000,0.02459000,0.02440000,0.02458000,3802234.50000000,TUSDT
2023-11-20 10:00:00,0.02458000,0.02459000,0.02451000,0.02453000,2423346.20000000,TUSDT
2023-11-20 11:00:00,0.02453000,0.02461000,0.02437000,0.02445000,5201827.30000000,TUSDT
2023-11-20 12:00:00,0.02444000,0.02446000,0.02430000,0.02436000,2638116.10000000,TUSDT
2023-11-20 13:00:00,0.02437000,0.02446000,0.02435000,0.02435000,1937308.90000000,TUSDT
2023-11-20 14:00:00,0.02436000,0.02456000,0.02404000,0.02452000,7721682.20000000,TUSDT
2023-11-20 15:00:00,0.02450000,0.02454000,0.02431000,0.02441000,5278909.60000000,TUSDT
2023-11-20 16:00:00,0.02441000,0.02450000,0.02420000,0.02424000,6043892.00000000,TUSDT
2023-11-20 17:00:00,0.02423000,0.02471000,0.02415000,0.02468000,8031982.80000000,TUSDT
2023-11-20 18:00:00,0.02467000,0.02469000,0.02440000,0.02449000,4531468.00000000,TUSDT
2023-11-20 19:00:00,0.02447000,0.02459000,0.02433000,0.02435000,4638229.90000000,TUSDT
2023-11-20 20:00:00,0.02434000,0.02443000,0.02426000,0.02432000,1535523.90000000,TUSDT
2023-11-20 21:00:00,0.02432000,0.02432000,0.02407000,0.02430000,4962328.60000000,TUSDT
2023-11-20 22:00:00,0.02430000,0.02438000,0.02416000,0.02424000,1275261.40000000,TUSDT
2023-11-20 23:00:00,0.02424000,0.02433000,0.02414000,0.02420000,1169844.50000000,TUSDT
2023-11-21 00:00:00,0.02420000,0.02421000,0.02403000,0.02411000,5034661.10000000,TUSDT
2023-11-21 01:00:00,0.02411000,0.02428000,0.02400000,0.02423000,2642208.00000000,TUSDT
2023-11-21 02:00:00,0.02422000,0.02424000,0.02380000,0.02385000,3115458.40000000,TUSDT
2023-11-21 03:00:00,0.02385000,0.02396000,0.02383000,0.02389000,1569775.10000000,TUSDT
2023-11-21 04:00:00,0.02390000,0.02391000,0.02382000,0.02387000,648562.80000000,TUSDT
2023-11-21 05:00:00,0.02385000,0.02390000,0.02377000,0.02383000,1680745.50000000,TUSDT
2023-11-21 06:00:00,0.02383000,0.02393000,0.02378000,0.02386000,1138405.80000000,TUSDT
2023-11-21 07:00:00,0.02387000,0.02387000,0.02359000,0.02362000,3491397.50000000,TUSDT
2023-11-21 08:00:00,0.02363000,0.02379000,0.02362000,0.02379000,1474629.10000000,TUSDT
2023-11-21 09:00:00,0.02378000,0.02386000,0.02371000,0.02372000,2093698.40000000,TUSDT
2023-11-21 10:00:00,0.02372000,0.02385000,0.02370000,0.02383000,1341474.10000000,TUSDT
2023-11-21 11:00:00,0.02383000,0.02385000,0.02354000,0.02357000,1871965.60000000,TUSDT
2023-11-21 12:00:00,0.02357000,0.02360000,0.02347000,0.02356000,3018330.70000000,TUSDT
2023-11-21 13:00:00,0.02356000,0.02357000,0.02329000,0.02334000,8437932.50000000,TUSDT
2023-11-21 14:00:00,0.02333000,0.02334000,0.02297000,0.02310000,10057162.70000000,TUSDT
2023-11-21 15:00:00,0.02311000,0.02325000,0.02247000,0.02303000,19274026.50000000,TUSDT
2023-11-21 16:00:00,0.02304000,0.02327000,0.02292000,0.02313000,4928223.80000000,TUSDT
2023-11-21 17:00:00,0.02313000,0.02329000,0.02246000,0.02264000,6891148.00000000,TUSDT
2023-11-21 18:00:00,0.02264000,0.02264000,0.02214000,0.02254000,8267165.10000000,TUSDT
2023-11-21 19:00:00,0.02254000,0.02275000,0.02246000,0.02253000,3898488.40000000,TUSDT
2023-11-21 20:00:00,0.02252000,0.02275000,0.02236000,0.02256000,5449430.50000000,TUSDT
2023-11-21 21:00:00,0.02254000,0.02267000,0.02241000,0.02246000,1842901.60000000,TUSDT
2023-11-21 22:00:00,0.02244000,0.02247000,0.02160000,0.02180000,8207246.50000000,TUSDT
2023-11-21 23:00:00,0.02178000,0.02190000,0.02131000,0.02131000,11647224.60000000,TUSDT
2023-11-22 00:00:00,0.02131000,0.02176000,0.02125000,0.02167000,9023723.30000000,TUSDT
2023-11-22 01:00:00,0.02166000,0.02176000,0.02158000,0.02158000,3827730.00000000,TUSDT
2023-11-22 02:00:00,0.02159000,0.02192000,0.02152000,0.02192000,2190678.80000000,TUSDT
2023-11-22 03:00:00,0.02191000,0.02201000,0.02182000,0.02200000,1741527.40000000,TUSDT
2023-11-22 04:00:00,0.02199000,0.02206000,0.02190000,0.02205000,1693959.70000000,TUSDT
2023-11-22 05:00:00,0.02204000,0.02226000,0.02203000,0.02208000,5403708.50000000,TUSDT
2023-11-22 06:00:00,0.02209000,0.02235000,0.02209000,0.02225000,3231960.50000000,TUSDT
2023-11-22 07:00:00,0.02225000,0.02231000,0.02217000,0.02219000,1982526.50000000,TUSDT
2023-11-22 08:00:00,0.02220000,0.02234000,0.02218000,0.02233000,1295551.90000000,TUSDT
2023-11-22 09:00:00,0.02234000,0.02252000,0.02230000,0.02248000,2662109.90000000,TUSDT
2023-11-22 10:00:00,0.02249000,0.02263000,0.02242000,0.02260000,3008346.80000000,TUSDT
2023-11-22 11:00:00,0.02258000,0.02259000,0.02235000,0.02235000,1009743.40000000,TUSDT
2023-11-22 12:00:00,0.02234000,0.02243000,0.02229000,0.02239000,1921230.10000000,TUSDT
2023-11-22 13:00:00,0.02240000,0.02261000,0.02230000,0.02250000,8399402.40000000,TUSDT
2023-11-22 14:00:00,0.02250000,0.02259000,0.02225000,0.02233000,1751260.40000000,TUSDT
2023-11-22 15:00:00,0.02232000,0.02253000,0.02218000,0.02244000,2449881.70000000,TUSDT
2023-11-22 16:00:00,0.02245000,0.02257000,0.02236000,0.02246000,2761311.20000000,TUSDT
2023-11-22 17:00:00,0.02246000,0.02271000,0.02246000,0.02266000,1823438.50000000,TUSDT
2023-11-22 18:00:00,0.02266000,0.02309000,0.02261000,0.02301000,3182110.60000000,TUSDT
2023-11-22 19:00:00,0.02302000,0.02311000,0.02298000,0.02305000,1234416.10000000,TUSDT
2023-11-22 20:00:00,0.02306000,0.02320000,0.02302000,0.02317000,1170856.50000000,TUSDT
2023-11-22 21:00:00,0.02317000,0.02323000,0.02310000,0.02316000,1563378.00000000,TUSDT
2023-11-22 22:00:00,0.02315000,0.02321000,0.02305000,0.02306000,749776.30000000,TUSDT
2023-11-22 23:00:00,0.02307000,0.02310000,0.02296000,0.02306000,1901158.60000000,TUSDT
2023-11-23 00:00:00,0.02306000,0.02326000,0.02291000,0.02296000,3781229.80000000,TUSDT
2023-11-23 01:00:00,0.02297000,0.02328000,0.02294000,0.02314000,2194398.00000000,TUSDT
2023-11-23 02:00:00,0.02314000,0.02317000,0.02297000,0.02308000,2259917.20000000,TUSDT
2023-11-23 03:00:00,0.02306000,0.02310000,0.02295000,0.02299000,1130013.50000000,TUSDT
2023-11-23 04:00:00,0.02299000,0.02333000,0.02289000,0.02302000,18721507.20000000,TUSDT
2023-11-23 05:00:00,0.02302000,0.02304000,0.02286000,0.02294000,3761587.40000000,TUSDT
2023-11-23 06:00:00,0.02295000,0.02297000,0.02286000,0.02296000,865054.80000000,TUSDT
2023-11-23 07:00:00,0.02297000,0.02308000,0.02293000,0.02297000,1865653.50000000,TUSDT
2023-11-23 08:00:00,0.02299000,0.02306000,0.02296000,0.02306000,1401812.10000000,TUSDT
2023-11-23 09:00:00,0.02306000,0.02317000,0.02302000,0.02317000,902770.90000000,TUSDT
2023-11-23 10:00:00,0.02319000,0.02319000,0.02298000,0.02301000,728381.30000000,TUSDT
2023-11-23 11:00:00,0.02300000,0.02302000,0.02279000,0.02284000,1767542.80000000,TUSDT
2023-11-23 12:00:00,0.02285000,0.02302000,0.02268000,0.02270000,4034599.20000000,TUSDT
2023-11-23 13:00:00,0.02270000,0.02277000,0.02266000,0.02269000,1903712.40000000,TUSDT
2023-11-23 14:00:00,0.02271000,0.02278000,0.02257000,0.02264000,4948468.40000000,TUSDT
2023-11-23 15:00:00,0.02264000,0.02268000,0.02248000,0.02259000,4914334.20000000,TUSDT
2023-11-23 16:00:00,0.02259000,0.02278000,0.02257000,0.02274000,823204.40000000,TUSDT
2023-11-23 17:00:00,0.02275000,0.02308000,0.02275000,0.02297000,2691573.00000000,TUSDT
2023-11-23 18:00:00,0.02298000,0.02308000,0.02292000,0.02296000,1337324.40000000,TUSDT
2023-11-23 19:00:00,0.02296000,0.02297000,0.02283000,0.02285000,1579326.60000000,TUSDT
2023-11-23 20:00:00,0.02285000,0.02300000,0.02284000,0.02291000,2101793.30000000,TUSDT
2023-11-23 21:00:00,0.02292000,0.02301000,0.02291000,0.02300000,516472.40000000,TUSDT
2023-11-23 22:00:00,0.02300000,0.02304000,0.02297000,0.02304000,805939.80000000,TUSDT
2023-11-23 23:00:00,0.02304000,0.02318000,0.02298000,0.02302000,1840696.50000000,TUSDT
2023-11-24 00:00:00,0.02301000,0.02302000,0.02286000,0.02294000,2280145.40000000,TUSDT
2023-11-24 01:00:00,0.02293000,0.02311000,0.02289000,0.02292000,2700892.40000000,TUSDT
2023-11-24 02:00:00,0.02291000,0.02304000,0.02285000,0.02297000,2550276.70000000,TUSDT
2023-11-24 03:00:00,0.02296000,0.02300000,0.02289000,0.02295000,1459840.20000000,TUSDT
2023-11-24 04:00:00,0.02294000,0.02296000,0.02288000,0.02294000,566613.60000000,TUSDT
2023-11-24 05:00:00,0.02292000,0.02298000,0.02284000,0.02298000,1478229.20000000,TUSDT
2023-11-24 06:00:00,0.02297000,0.02298000,0.02284000,0.02293000,2114829.50000000,TUSDT
2023-11-24 07:00:00,0.02293000,0.02310000,0.02288000,0.02308000,1262400.30000000,TUSDT
2023-11-24 08:00:00,0.02308000,0.02311000,0.02302000,0.02306000,1053371.50000000,TUSDT
2023-11-24 09:00:00,0.02306000,0.02327000,0.02303000,0.02320000,2689956.00000000,TUSDT
2023-11-24 10:00:00,0.02320000,0.02334000,0.02307000,0.02309000,3455252.70000000,TUSDT
2023-11-24 11:00:00,0.02309000,0.02331000,0.02306000,0.02312000,3377073.20000000,TUSDT
2023-11-24 12:00:00,0.02313000,0.02334000,0.02311000,0.02313000,2847142.20000000,TUSDT
2023-11-24 13:00:00,0.02312000,0.02317000,0.02305000,0.02314000,3102221.50000000,TUSDT
2023-11-24 14:00:00,0.02314000,0.02318000,0.02301000,0.02313000,1969863.00000000,TUSDT
2023-11-24 15:00:00,0.02313000,0.02346000,0.02313000,0.02331000,4003395.30000000,TUSDT
2023-11-24 16:00:00,0.02331000,0.02349000,0.02309000,0.02319000,3632134.90000000,TUSDT
2023-11-24 17:00:00,0.02320000,0.02334000,0.02317000,0.02327000,1365915.00000000,TUSDT
2023-11-24 18:00:00,0.02327000,0.02329000,0.02312000,0.02317000,709262.40000000,TUSDT
2023-11-24 19:00:00,0.02316000,0.02318000,0.02307000,0.02314000,811888.90000000,TUSDT
2023-11-24 20:00:00,0.02315000,0.02324000,0.02314000,0.02323000,926495.70000000,TUSDT
2023-11-24 21:00:00,0.02322000,0.02327000,0.02315000,0.02316000,992633.00000000,TUSDT
2023-11-24 22:00:00,0.02316000,0.02321000,0.02302000,0.02311000,2909457.50000000,TUSDT
2023-11-24 23:00:00,0.02309000,0.02322000,0.02305000,0.02322000,914080.60000000,TUSDT
2023-11-25 00:00:00,0.02322000,0.02330000,0.02308000,0.02321000,3785583.70000000,TUSDT
2023-11-25 01:00:00,0.02320000,0.02344000,0.02320000,0.02341000,2671612.40000000,TUSDT
2023-11-25 02:00:00,0.02341000,0.02342000,0.02326000,0.02341000,1475727.30000000,TUSDT
2023-11-25 03:00:00,0.02343000,0.02348000,0.02339000,0.02346000,1184070.30000000,TUSDT
2023-11-25 04:00:00,0.02346000,0.02348000,0.02336000,0.02342000,850381.10000000,TUSDT
2023-11-25 05:00:00,0.02340000,0.02344000,0.02330000,0.02338000,1073117.60000000,TUSDT
2023-11-25 06:00:00,0.02338000,0.02347000,0.02334000,0.02342000,1547725.00000000,TUSDT
2023-11-25 07:00:00,0.02342000,0.02354000,0.02342000,0.02354000,1740823.00000000,TUSDT
2023-11-25 08:00:00,0.02354000,0.02357000,0.02349000,0.02350000,720684.80000000,TUSDT
2023-11-25 09:00:00,0.02349000,0.02355000,0.02345000,0.02347000,1773586.20000000,TUSDT
2023-11-25 10:00:00,0.02346000,0.02351000,0.02330000,0.02339000,1218124.60000000,TUSDT
2023-11-25 11:00:00,0.02340000,0.02343000,0.02321000,0.02327000,1074432.70000000,TUSDT
2023-11-25 12:00:00,0.02327000,0.02340000,0.02326000,0.02338000,939472.70000000,TUSDT
2023-11-25 13:00:00,0.02338000,0.02344000,0.02328000,0.02340000,1358900.70000000,TUSDT
2023-11-25 14:00:00,0.02340000,0.02341000,0.02330000,0.02337000,787445.60000000,TUSDT
2023-11-25 15:00:00,0.02336000,0.02346000,0.02332000,0.02346000,1196041.20000000,TUSDT
2023-11-25 16:00:00,0.02344000,0.02350000,0.02340000,0.02346000,927473.70000000,TUSDT
2023-11-25 17:00:00,0.02347000,0.02382000,0.02346000,0.02380000,9643434.80000000,TUSDT
2023-11-25 18:00:00,0.02380000,0.02394000,0.02372000,0.02378000,7150648.40000000,TUSDT
2023-11-25 19:00:00,0.02378000,0.02378000,0.02364000,0.02364000,2335491.20000000,TUSDT
2023-11-25 20:00:00,0.02364000,0.02370000,0.02360000,0.02366000,473823.10000000,TUSDT
2023-11-25 21:00:00,0.02364000,0.02380000,0.02363000,0.02378000,1092587.60000000,TUSDT
2023-11-25 22:00:00,0.02378000,0.02382000,0.02366000,0.02367000,1459862.00000000,TUSDT
2023-11-25 23:00:00,0.02368000,0.02381000,0.02367000,0.02378000,888791.90000000,TUSDT
2023-11-26 00:00:00,0.02379000,0.02417000,0.02369000,0.02394000,6747079.70000000,TUSDT
2023-11-26 01:00:00,0.02393000,0.02396000,0.02372000,0.02381000,3877956.80000000,TUSDT
2023-11-26 02:00:00,0.02381000,0.02389000,0.02372000,0.02385000,1768308.90000000,TUSDT
2023-11-26 03:00:00,0.02384000,0.02388000,0.02368000,0.02375000,2663828.20000000,TUSDT
2023-11-26 04:00:00,0.02375000,0.02380000,0.02367000,0.02379000,1478786.20000000,TUSDT
2023-11-26 05:00:00,0.02381000,0.02383000,0.02377000,0.02378000,763099.20000000,TUSDT
2023-11-26 06:00:00,0.02378000,0.02384000,0.02374000,0.02384000,1208710.90000000,TUSDT
2023-11-26 07:00:00,0.02384000,0.02387000,0.02379000,0.02383000,1115724.80000000,TUSDT
2023-11-26 08:00:00,0.02382000,0.02391000,0.02378000,0.02382000,1422332.50000000,TUSDT
2023-11-26 09:00:00,0.02382000,0.02384000,0.02377000,0.02383000,2675224.00000000,TUSDT
2023-11-26 10:00:00,0.02382000,0.02384000,0.02375000,0.02375000,1035126.60000000,TUSDT
2023-11-26 11:00:00,0.02375000,0.02381000,0.02370000,0.02372000,2581671.10000000,TUSDT
2023-11-26 12:00:00,0.02371000,0.02380000,0.02352000,0.02380000,3612090.30000000,TUSDT
2023-11-26 13:00:00,0.02380000,0.02388000,0.02369000,0.02384000,2510763.30000000,TUSDT
2023-11-26 14:00:00,0.02383000,0.02387000,0.02347000,0.02349000,3041438.90000000,TUSDT
2023-11-26 15:00:00,0.02347000,0.02362000,0.02343000,0.02345000,2040336.70000000,TUSDT
2023-11-26 16:00:00,0.02345000,0.02359000,0.02303000,0.02324000,6555462.00000000,TUSDT
2023-11-26 17:00:00,0.02321000,0.02342000,0.02318000,0.02333000,1870202.80000000,TUSDT
2023-11-26 18:00:00,0.02333000,0.02347000,0.02327000,0.02333000,833047.20000000,TUSDT
2023-11-26 19:00:00,0.02334000,0.02344000,0.02329000,0.02344000,983820.20000000,TUSDT
2023-11-26 20:00:00,0.02342000,0.02356000,0.02338000,0.02351000,1724799.50000000,TUSDT
2023-11-26 21:00:00,0.02352000,0.02355000,0.02346000,0.02351000,1559573.80000000,TUSDT
2023-11-26 22:00:00,0.02351000,0.02359000,0.02351000,0.02358000,995786.30000000,TUSDT
2023-11-26 23:00:00,0.02360000,0.02361000,0.02343000,0.02345000,1578006.70000000,TUSDT
2023-11-27 00:00:00,0.02345000,0.02364000,0.02337000,0.02348000,3501967.50000000,TUSDT
2023-11-27 01:00:00,0.02349000,0.02357000,0.02341000,0.02343000,1551478.30000000,TUSDT
2023-11-27 02:00:00,0.02341000,0.02344000,0.02314000,0.02317000,1882457.80000000,TUSDT
2023-11-27 03:00:00,0.02317000,0.02329000,0.02307000,0.02310000,4186867.90000000,TUSDT
2023-11-27 04:00:00,0.02311000,0.02331000,0.02310000,0.02330000,1156749.30000000,TUSDT
2023-11-27 05:00:00,0.02329000,0.02330000,0.02316000,0.02316000,775714.70000000,TUSDT
2023-11-27 06:00:00,0.02316000,0.02320000,0.02297000,0.02298000,6021598.10000000,TUSDT
2023-11-27 07:00:00,0.02298000,0.02303000,0.02257000,0.02288000,8275828.90000000,TUSDT
2023-11-27 08:00:00,0.02288000,0.02293000,0.02273000,0.02274000,1920060.50000000,TUSDT
2023-11-27 09:00:00,0.02274000,0.02291000,0.02274000,0.02281000,1911201.40000000,TUSDT
2023-11-27 10:00:00,0.02281000,0.02284000,0.02242000,0.02255000,2940847.30000000,TUSDT
2023-11-27 11:00:00,0.02256000,0.02272000,0.02249000,0.02267000,2837731.50000000,TUSDT
2023-11-27 12:00:00,0.02267000,0.02276000,0.02261000,0.02262000,1743707.40000000,TUSDT
2023-11-27 13:00:00,0.02261000,0.02279000,0.02258000,0.02272000,1548474.40000000,TUSDT
2023-11-27 14:00:00,0.02274000,0.02279000,0.02249000,0.02251000,2177139.00000000,TUSDT
2023-11-27 15:00:00,0.02251000,0.02275000,0.02251000,0.02257000,1704633.20000000,TUSDT
2023-11-27 16:00:00,0.02254000,0.02272000,0.02252000,0.02270000,1193923.20000000,TUSDT
2023-11-27 17:00:00,0.02271000,0.02278000,0.02260000,0.02263000,1590834.00000000,TUSDT
2023-11-27 18:00:00,0.02261000,0.02266000,0.02254000,0.02254000,994047.30000000,TUSDT
2023-11-27 19:00:00,0.02253000,0.02269000,0.02235000,0.02247000,2748128.00000000,TUSDT
2023-11-27 20:00:00,0.02248000,0.02255000,0.02229000,0.02238000,2939104.30000000,TUSDT
2023-11-27 21:00:00,0.02240000,0.02258000,0.02237000,0.02256000,780095.30000000,TUSDT
2023-11-27 22:00:00,0.02257000,0.02262000,0.02250000,0.02261000,638607.60000000,TUSDT
2023-11-27 23:00:00,0.02261000,0.02273000,0.02261000,0.02272000,711588.20000000,TUSDT
2023-11-28 00:00:00,0.02273000,0.02279000,0.02262000,0.02275000,1244895.70000000,TUSDT
2023-11-28 01:00:00,0.02274000,0.02278000,0.02265000,0.02276000,1210219.00000000,TUSDT
2023-11-28 02:00:00,0.02276000,0.02284000,0.02261000,0.02278000,2387458.90000000,TUSDT
2023-11-28 03:00:00,0.02278000,0.02279000,0.02258000,0.02262000,1655007.50000000,TUSDT
2023-11-28 04:00:00,0.02262000,0.02264000,0.02239000,0.02244000,2554777.50000000,TUSDT
2023-11-28 05:00:00,0.02242000,0.02243000,0.02214000,0.02227000,5516561.60000000,TUSDT
2023-11-28 06:00:00,0.02220000,0.02247000,0.02216000,0.02243000,4553119.20000000,TUSDT
2023-11-28 07:00:00,0.02242000,0.02244000,0.02223000,0.02241000,2887912.40000000,TUSDT
2023-11-28 08:00:00,0.02241000,0.02244000,0.02224000,0.02226000,3402667.10000000,TUSDT
2023-11-28 09:00:00,0.02224000,0.02243000,0.02222000,0.02240000,1423052.30000000,TUSDT
2023-11-28 10:00:00,0.02240000,0.02241000,0.02224000,0.02241000,2407402.20000000,TUSDT
2023-11-28 11:00:00,0.02243000,0.02261000,0.02239000,0.02260000,1323137.40000000,TUSDT
2023-11-28 12:00:00,0.02259000,0.02261000,0.02247000,0.02251000,1517116.60000000,TUSDT
2023-11-28 13:00:00,0.02252000,0.02270000,0.02241000,0.02269000,1107852.30000000,TUSDT
2023-11-28 14:00:00,0.02268000,0.02278000,0.02263000,0.02276000,2284059.00000000,TUSDT
2023-11-28 15:00:00,0.02277000,0.02293000,0.02270000,0.02291000,6918216.10000000,TUSDT
2023-11-28 16:00:00,0.02291000,0.02320000,0.02289000,0.02309000,2685588.90000000,TUSDT
2023-11-28 17:00:00,0.02312000,0.02330000,0.02293000,0.02316000,5892582.20000000,TUSDT
2023-11-28 18:00:00,0.02318000,0.02323000,0.02304000,0.02310000,1883451.20000000,TUSDT
2023-11-28 19:00:00,0.02310000,0.02329000,0.02310000,0.02321000,1698689.80000000,TUSDT
2023-11-28 20:00:00,0.02323000,0.02331000,0.02319000,0.02330000,1384228.80000000,TUSDT
2023-11-28 21:00:00,0.02330000,0.02334000,0.02323000,0.02325000,1745089.60000000,TUSDT
2023-11-28 22:00:00,0.02325000,0.02328000,0.02315000,0.02318000,1147247.10000000,TUSDT
2023-11-28 23:00:00,0.02319000,0.02320000,0.02303000,0.02313000,1575068.50000000,TUSDT
2023-11-29 00:00:00,0.02314000,0.02318000,0.02293000,0.02311000,3185178.40000000,TUSDT
2023-11-29 01:00:00,0.02311000,0.02315000,0.02299000,0.02300000,1720535.00000000,TUSDT
2023-11-29 02:00:00,0.02299000,0.02304000,0.02286000,0.02293000,1931565.10000000,TUSDT
2023-11-29 03:00:00,0.02293000,0.02299000,0.02284000,0.02292000,1089466.30000000,TUSDT
2023-11-29 04:00:00,0.02293000,0.02295000,0.02287000,0.02292000,827084.60000000,TUSDT
2023-11-29 05:00:00,0.02292000,0.02298000,0.02286000,0.02296000,1711330.70000000,TUSDT
2023-11-29 06:00:00,0.02296000,0.02314000,0.02294000,0.02312000,3670729.60000000,TUSDT
2023-11-29 07:00:00,0.02312000,0.02314000,0.02305000,0.02306000,1331001.70000000,TUSDT
2023-11-29 08:00:00,0.02308000,0.02322000,0.02303000,0.02319000,2386094.40000000,TUSDT
2023-11-29 09:00:00,0.02320000,0.02323000,0.02304000,0.02308000,2031976.20000000,TUSDT
2023-11-29 10:00:00,0.02309000,0.02312000,0.02267000,0.02275000,7037075.50000000,TUSDT
2023-11-29 11:00:00,0.02275000,0.02281000,0.02241000,0.02276000,10388629.80000000,TUSDT
2023-11-29 12:00:00,0.02276000,0.02319000,0.02273000,0.02315000,6305062.70000000,TUSDT
2023-11-29 13:00:00,0.02315000,0.02422000,0.02315000,0.02362000,39727765.70000000,TUSDT
2023-11-29 14:00:00,0.02362000,0.02416000,0.02325000,0.02332000,27346237.80000000,TUSDT
2023-11-29 15:00:00,0.02330000,0.02347000,0.02302000,0.02343000,9106619.30000000,TUSDT
2023-11-29 16:00:00,0.02342000,0.02352000,0.02323000,0.02343000,3938288.00000000,TUSDT
2023-11-29 17:00:00,0.02343000,0.02345000,0.02324000,0.02341000,1570039.10000000,TUSDT
2023-11-29 18:00:00,0.02340000,0.02343000,0.02324000,0.02343000,1126284.40000000,TUSDT
2023-11-29 19:00:00,0.02344000,0.02353000,0.02340000,0.02347000,2596956.30000000,TUSDT
2023-11-29 20:00:00,0.02347000,0.02353000,0.02334000,0.02339000,2512534.70000000,TUSDT
2023-11-29 21:00:00,0.02341000,0.02344000,0.02327000,0.02338000,1222371.80000000,TUSDT
2023-11-29 22:00:00,0.02333000,0.02341000,0.02327000,0.02333000,1173174.80000000,TUSDT
2023-11-29 23:00:00,0.02333000,0.02364000,0.02329000,0.02364000,2318951.30000000,TUSDT
2023-11-30 00:00:00,0.02365000,0.02373000,0.02338000,0.02345000,3812550.90000000,TUSDT
2023-11-30 01:00:00,0.02346000,0.02353000,0.02338000,0.02345000,1560984.60000000,TUSDT
2023-11-30 02:00:00,0.02345000,0.02347000,0.02329000,0.02342000,4769878.00000000,TUSDT
2023-11-30 03:00:00,0.02342000,0.02356000,0.02342000,0.02355000,2556368.50000000,TUSDT
2023-11-30 04:00:00,0.02354000,0.02361000,0.02343000,0.02349000,2020605.10000000,TUSDT
2023-11-30 05:00:00,0.02350000,0.02353000,0.02335000,0.02353000,2043547.80000000,TUSDT
2023-11-30 06:00:00,0.02351000,0.02381000,0.02351000,0.02363000,5360178.90000000,TUSDT
2023-11-30 07:00:00,0.02363000,0.02363000,0.02334000,0.02341000,6000245.50000000,TUSDT
2023-11-30 08:00:00,0.02340000,0.02343000,0.02320000,0.02333000,4095129.80000000,TUSDT
2023-11-30 09:00:00,0.02333000,0.02338000,0.02320000,0.02334000,1731169.20000000,TUSDT
2023-11-30 10:00:00,0.02334000,0.02346000,0.02329000,0.02334000,1553938.90000000,TUSDT
2023-11-30 11:00:00,0.02334000,0.02376000,0.02334000,0.02360000,6650244.20000000,TUSDT
2023-11-30 12:00:00,0.02360000,0.02404000,0.02357000,0.02394000,14874518.80000000,TUSDT
2023-11-30 13:00:00,0.02394000,0.02416000,0.02370000,0.02374000,14776689.70000000,TUSDT
2023-11-30 14:00:00,0.02373000,0.02467000,0.02364000,0.02383000,24172946.00000000,TUSDT
2023-11-30 15:00:00,0.02383000,0.02399000,0.02373000,0.02381000,6849124.00000000,TUSDT
2023-11-30 16:00:00,0.02381000,0.02407000,0.02373000,0.02404000,7357638.90000000,TUSDT
2023-11-30 17:00:00,0.02403000,0.02412000,0.02380000,0.02398000,3028648.40000000,TUSDT
2023-11-30 18:00:00,0.02397000,0.02400000,0.02391000,0.02397000,1596647.90000000,TUSDT
2023-11-30 19:00:00,0.02396000,0.02422000,0.02388000,0.02411000,6431229.60000000,TUSDT
2023-11-30 20:00:00,0.02411000,0.02417000,0.02402000,0.02411000,1493080.90000000,TUSDT
2023-11-30 21:00:00,0.02410000,0.02445000,0.02410000,0.02434000,5201235.20000000,TUSDT
2023-11-30 22:00:00,0.02434000,0.02443000,0.02430000,0.02430000,2340983.10000000,TUSDT
2023-11-30 23:00:00,0.02428000,0.02480000,0.02420000,0.02459000,10386016.70000000,TUSDT
2023-12-01 00:00:00,0.02459000,0.02545000,0.02387000,0.02388000,41258061.80000000,TUSDT
2023-12-01 01:00:00,0.02386000,0.02415000,0.02380000,0.02408000,5572459.60000000,TUSDT
2023-12-01 02:00:00,0.02409000,0.02419000,0.02405000,0.02412000,1863682.50000000,TUSDT
2023-12-01 03:00:00,0.02411000,0.02416000,0.02400000,0.02403000,1869913.40000000,TUSDT
2023-12-01 04:00:00,0.02404000,0.02408000,0.02398000,0.02401000,1717150.10000000,TUSDT
2023-12-01 05:00:00,0.02402000,0.02407000,0.02396000,0.02396000,4216060.20000000,TUSDT
2023-12-01 06:00:00,0.02396000,0.02397000,0.02379000,0.02394000,6636088.50000000,TUSDT
2023-12-01 07:00:00,0.02395000,0.02408000,0.02383000,0.02386000,4061785.10000000,TUSDT
2023-12-01 08:00:00,0.02386000,0.02392000,0.02381000,0.02390000,2282043.80000000,TUSDT
2023-12-01 09:00:00,0.02390000,0.02403000,0.02390000,0.02397000,2008072.80000000,TUSDT
2023-12-01 10:00:00,0.02397000,0.02408000,0.02392000,0.02401000,3116255.50000000,TUSDT
2023-12-01 11:00:00,0.02401000,0.02406000,0.02394000,0.02401000,3267529.20000000,TUSDT
2023-12-01 12:00:00,0.02401000,0.02403000,0.02391000,0.02398000,4137677.00000000,TUSDT
2023-12-01 13:00:00,0.02398000,0.02403000,0.02393000,0.02398000,2065514.90000000,TUSDT
2023-12-01 14:00:00,0.02399000,0.02399000,0.02381000,0.02386000,2410362.40000000,TUSDT
2023-12-01 15:00:00,0.02387000,0.02399000,0.02387000,0.02395000,1289622.10000000,TUSDT
2023-12-01 16:00:00,0.02394000,0.02419000,0.02392000,0.02419000,2645877.00000000,TUSDT
2023-12-01 17:00:00,0.02418000,0.02423000,0.02402000,0.02408000,1253614.20000000,TUSDT
2023-12-01 18:00:00,0.02408000,0.02414000,0.02406000,0.02408000,603518.40000000,TUSDT
2023-12-01 19:00:00,0.02406000,0.02418000,0.02404000,0.02414000,1404040.20000000,TUSDT
2023-12-01 20:00:00,0.02415000,0.02422000,0.02414000,0.02419000,922543.30000000,TUSDT
2023-12-01 21:00:00,0.02420000,0.02423000,0.02418000,0.02421000,942993.20000000,TUSDT
2023-12-01 22:00:00,0.02421000,0.02428000,0.02415000,0.02416000,1323133.60000000,TUSDT
2023-12-01 23:00:00,0.02415000,0.02427000,0.02415000,0.02426000,1017633.60000000,TUSDT
2023-12-02 00:00:00,0.02426000,0.02428000,0.02402000,0.02407000,3718631.60000000,TUSDT
2023-12-02 01:00:00,0.02407000,0.02423000,0.02407000,0.02415000,2789316.70000000,TUSDT
2023-12-02 02:00:00,0.02415000,0.02422000,0.02410000,0.02418000,2252970.90000000,TUSDT
2023-12-02 03:00:00,0.02418000,0.02423000,0.02408000,0.02410000,3761127.50000000,TUSDT
2023-12-02 04:00:00,0.02410000,0.02422000,0.02410000,0.02420000,1071204.50000000,TUSDT
2023-12-02 05:00:00,0.02419000,0.02464000,0.02413000,0.02422000,19125786.40000000,TUSDT
2023-12-02 06:00:00,0.02422000,0.02427000,0.02417000,0.02426000,2204299.00000000,TUSDT
2023-12-02 07:00:00,0.02426000,0.02426000,0.02405000,0.02417000,4993637.20000000,TUSDT
2023-12-02 08:00:00,0.02420000,0.02427000,0.02417000,0.02420000,1416251.70000000,TUSDT
2023-12-02 09:00:00,0.02420000,0.02429000,0.02420000,0.02425000,1113804.30000000,TUSDT
2023-12-02 10:00:00,0.02424000,0.02430000,0.02418000,0.02422000,3040162.10000000,TUSDT
2023-12-02 11:00:00,0.02422000,0.02425000,0.02412000,0.02423000,1268602.50000000,TUSDT
2023-12-02 12:00:00,0.02421000,0.02434000,0.02421000,0.02428000,1084664.70000000,TUSDT
2023-12-02 13:00:00,0.02429000,0.02432000,0.02424000,0.02425000,1011122.20000000,TUSDT
2023-12-02 14:00:00,0.02426000,0.02428000,0.02406000,0.02415000,3786033.80000000,TUSDT
2023-12-02 15:00:00,0.02413000,0.02421000,0.02407000,0.02418000,1207018.30000000,TUSDT
2023-12-02 16:00:00,0.02418000,0.02424000,0.02408000,0.02412000,1939288.70000000,TUSDT
2023-12-02 17:00:00,0.02412000,0.02423000,0.02411000,0.02420000,1675861.90000000,TUSDT
2023-12-02 18:00:00,0.02420000,0.02433000,0.02418000,0.02431000,5363615.60000000,TUSDT
2023-12-02 19:00:00,0.02431000,0.02457000,0.02429000,0.02438000,3814504.30000000,TUSDT
2023-12-02 20:00:00,0.02439000,0.02443000,0.02436000,0.02442000,1491469.70000000,TUSDT
2023-12-02 21:00:00,0.02440000,0.02446000,0.02436000,0.02443000,1599183.00000000,TUSDT
2023-12-02 22:00:00,0.02442000,0.02444000,0.02425000,0.02430000,1446523.90000000,TUSDT
2023-12-02 23:00:00,0.02431000,0.02440000,0.02430000,0.02440000,735607.30000000,TUSDT
2023-12-03 00:00:00,0.02441000,0.02442000,0.02429000,0.02437000,3289202.60000000,TUSDT
2023-12-03 01:00:00,0.02437000,0.02441000,0.02424000,0.02426000,6089348.10000000,TUSDT
2023-12-03 02:00:00,0.02427000,0.02433000,0.02416000,0.02416000,1734885.00000000,TUSDT
2023-12-03 03:00:00,0.02416000,0.02420000,0.02404000,0.02414000,2338845.20000000,TUSDT
2023-12-03 04:00:00,0.02415000,0.02417000,0.02399000,0.02410000,2667764.30000000,TUSDT
2023-12-03 05:00:00,0.02411000,0.02417000,0.02402000,0.02415000,2016063.60000000,TUSDT
2023-12-03 06:00:00,0.02416000,0.02416000,0.02405000,0.02408000,2059694.80000000,TUSDT
2023-12-03 07:00:00,0.02409000,0.02415000,0.02407000,0.02415000,2286214.80000000,TUSDT
2023-12-03 08:00:00,0.02414000,0.02418000,0.02408000,0.02409000,2266792.30000000,TUSDT
2023-12-03 09:00:00,0.02409000,0.02415000,0.02407000,0.02413000,1111299.30000000,TUSDT
2023-12-03 10:00:00,0.02411000,0.02413000,0.02405000,0.02409000,2720241.80000000,TUSDT
2023-12-03 11:00:00,0.02408000,0.02410000,0.02393000,0.02402000,2952620.60000000,TUSDT
2023-12-03 12:00:00,0.02404000,0.02404000,0.02382000,0.02387000,2678886.30000000,TUSDT
2023-12-03 13:00:00,0.02387000,0.02399000,0.02383000,0.02387000,2919836.00000000,TUSDT
2023-12-03 14:00:00,0.02386000,0.02388000,0.02372000,0.02375000,4734090.50000000,TUSDT
2023-12-03 15:00:00,0.02373000,0.02378000,0.02366000,0.02369000,2237411.10000000,TUSDT
2023-12-03 16:00:00,0.02370000,0.02381000,0.02369000,0.02378000,1406088.60000000,TUSDT
2023-12-03 17:00:00,0.02377000,0.02377000,0.02362000,0.02366000,804753.60000000,TUSDT
2023-12-03 18:00:00,0.02367000,0.02376000,0.02367000,0.02371000,353951.50000000,TUSDT
2023-12-03 19:00:00,0.02371000,0.02372000,0.02361000,0.02364000,857177.80000000,TUSDT
2023-12-03 20:00:00,0.02367000,0.02375000,0.02367000,0.02372000,1046491.50000000,TUSDT
2023-12-03 21:00:00,0.02373000,0.02388000,0.02372000,0.02384000,3089774.20000000,TUSDT
2023-12-03 22:00:00,0.02384000,0.02409000,0.02383000,0.02409000,2737985.90000000,TUSDT
2023-12-03 23:00:00,0.02408000,0.02417000,0.02384000,0.02398000,3026444.40000000,TUSDT
2023-12-04 00:00:00,0.02399000,0.02408000,0.02390000,0.02403000,3588293.00000000,TUSDT
2023-12-04 01:00:00,0.02403000,0.02430000,0.02398000,0.02419000,6949062.20000000,TUSDT
2023-12-04 02:00:00,0.02419000,0.02432000,0.02411000,0.02420000,2276112.20000000,TUSDT
2023-12-04 03:00:00,0.02420000,0.02481000,0.02418000,0.02476000,22127427.70000000,TUSDT
2023-12-04 04:00:00,0.02477000,0.02551000,0.02470000,0.02491000,49104822.30000000,TUSDT
2023-12-04 05:00:00,0.02491000,0.02513000,0.02454000,0.02477000,20634316.20000000,TUSDT
2023-12-04 06:00:00,0.02476000,0.02501000,0.02462000,0.02485000,17570198.20000000,TUSDT
2023-12-04 07:00:00,0.02484000,0.02510000,0.02478000,0.02482000,8885729.70000000,TUSDT
2023-12-04 08:00:00,0.02482000,0.02511000,0.02478000,0.02491000,10623941.70000000,TUSDT
2023-12-04 09:00:00,0.02492000,0.02504000,0.02458000,0.02461000,9783918.80000000,TUSDT
2023-12-04 10:00:00,0.02461000,0.02493000,0.02461000,0.02467000,3946353.50000000,TUSDT
2023-12-04 11:00:00,0.02469000,0.02471000,0.02317000,0.02414000,26730984.70000000,TUSDT
2023-12-04 12:00:00,0.02415000,0.02453000,0.02405000,0.02438000,10965272.60000000,TUSDT
2023-12-04 13:00:00,0.02439000,0.02519000,0.02427000,0.02494000,37926306.30000000,TUSDT
2023-12-04 14:00:00,0.02495000,0.02565000,0.02475000,0.02523000,76558290.70000000,TUSDT
2023-12-04 15:00:00,0.02525000,0.02600000,0.02495000,0.02556000,49505495.90000000,TUSDT
2023-12-04 16:00:00,0.02556000,0.02608000,0.02515000,0.02541000,36672300.20000000,TUSDT
2023-12-04 17:00:00,0.02543000,0.02570000,0.02505000,0.02556000,16276247.40000000,TUSDT
2023-12-04 18:00:00,0.02556000,0.02561000,0.02530000,0.02540000,5854028.80000000,TUSDT
2023-12-04 19:00:00,0.02540000,0.02569000,0.02532000,0.02568000,5352608.80000000,TUSDT
2023-12-04 20:00:00,0.02568000,0.02579000,0.02560000,0.02564000,7468072.40000000,TUSDT
2023-12-04 21:00:00,0.02564000,0.02572000,0.02546000,0.02558000,11182437.30000000,TUSDT
2023-12-04 22:00:00,0.02556000,0.02589000,0.02533000,0.02545000,6053071.60000000,TUSDT
2023-12-04 23:00:00,0.02544000,0.02709000,0.02541000,0.02693000,51133099.70000000,TUSDT
2023-12-05 00:00:00,0.02693000,0.02820000,0.02665000,0.02730000,62077848.80000000,TUSDT
2023-12-05 01:00:00,0.02729000,0.02731000,0.02634000,0.02693000,27255174.80000000,TUSDT
2023-12-05 02:00:00,0.02692000,0.02756000,0.02673000,0.02713000,25780984.90000000,TUSDT
2023-12-05 03:00:00,0.02713000,0.02730000,0.02655000,0.02668000,13703163.20000000,TUSDT
2023-12-05 04:00:00,0.02668000,0.02714000,0.02661000,0.02703000,7559680.20000000,TUSDT
2023-12-05 05:00:00,0.02703000,0.02783000,0.02703000,0.02776000,16295911.70000000,TUSDT
2023-12-05 06:00:00,0.02775000,0.02795000,0.02675000,0.02711000,17906904.60000000,TUSDT
2023-12-05 07:00:00,0.02708000,0.02712000,0.02643000,0.02679000,12215720.40000000,TUSDT
2023-12-05 08:00:00,0.02679000,0.02700000,0.02649000,0.02670000,8393834.40000000,TUSDT
2023-12-05 09:00:00,0.02671000,0.02673000,0.02649000,0.02650000,9868057.90000000,TUSDT
2023-12-05 10:00:00,0.02650000,0.02689000,0.02642000,0.02669000,9330222.90000000,TUSDT
2023-12-05 11:00:00,0.02667000,0.02695000,0.02648000,0.02678000,17027208.80000000,TUSDT
2023-12-05 12:00:00,0.02679000,0.02689000,0.02657000,0.02673000,6578991.40000000,TUSDT
2023-12-05 13:00:00,0.02674000,0.02709000,0.02648000,0.02649000,14333024.60000000,TUSDT
2023-12-05 14:00:00,0.02649000,0.02702000,0.02621000,0.02678000,13586332.00000000,TUSDT
2023-12-05 15:00:00,0.02680000,0.02717000,0.02671000,0.02699000,9290530.60000000,TUSDT
2023-12-05 16:00:00,0.02699000,0.02750000,0.02663000,0.02706000,10754371.20000000,TUSDT
2023-12-05 17:00:00,0.02707000,0.02783000,0.02670000,0.02742000,29701826.20000000,TUSDT
2023-12-05 18:00:00,0.02746000,0.02754000,0.02703000,0.02713000,6497486.40000000,TUSDT
2023-12-05 19:00:00,0.02716000,0.02785000,0.02704000,0.02745000,26013951.90000000,TUSDT
2023-12-05 20:00:00,0.02745000,0.02754000,0.02692000,0.02723000,11446868.00000000,TUSDT
2023-12-05 21:00:00,0.02723000,0.02726000,0.02708000,0.02714000,2258312.90000000,TUSDT
2023-12-05 22:00:00,0.02715000,0.02725000,0.02670000,0.02685000,7388717.50000000,TUSDT
2023-12-05 23:00:00,0.02685000,0.02721000,0.02685000,0.02708000,5803267.50000000,TUSDT
2023-12-06 00:00:00,0.02708000,0.02778000,0.02708000,0.02762000,26919425.50000000,TUSDT
2023-12-06 01:00:00,0.02764000,0.02767000,0.02719000,0.02748000,12290016.80000000,TUSDT
2023-12-06 02:00:00,0.02747000,0.02818000,0.02733000,0.02808000,12829233.10000000,TUSDT
2023-12-06 03:00:00,0.02807000,0.02866000,0.02770000,0.02787000,28770576.00000000,TUSDT
2023-12-06 04:00:00,0.02787000,0.02787000,0.02741000,0.02753000,20134711.70000000,TUSDT
2023-12-06 05:00:00,0.02753000,0.02786000,0.02706000,0.02725000,15929367.90000000,TUSDT
2023-12-06 06:00:00,0.02724000,0.02728000,0.02653000,0.02667000,19655428.70000000,TUSDT
2023-12-06 07:00:00,0.02667000,0.02684000,0.02651000,0.02674000,8264899.30000000,TUSDT
2023-12-06 08:00:00,0.02677000,0.02689000,0.02662000,0.02688000,6616269.20000000,TUSDT
2023-12-06 09:00:00,0.02688000,0.02691000,0.02656000,0.02661000,6814676.50000000,TUSDT
2023-12-06 10:00:00,0.02659000,0.02672000,0.02628000,0.02634000,12433907.90000000,TUSDT
2023-12-06 11:00:00,0.02633000,0.02639000,0.02537000,0.02591000,22076501.90000000,TUSDT
2023-12-06 12:00:00,0.02591000,0.02621000,0.02588000,0.02610000,6652980.20000000,TUSDT
2023-12-06 13:00:00,0.02608000,0.02621000,0.02597000,0.02614000,4824498.30000000,TUSDT
2023-12-06 14:00:00,0.02613000,0.02616000,0.02586000,0.02592000,2850963.20000000,TUSDT
2023-12-06 15:00:00,0.02592000,0.02630000,0.02590000,0.02622000,2648103.30000000,TUSDT
2023-12-06 16:00:00,0.02622000,0.02634000,0.02536000,0.02624000,6960597.70000000,TUSDT
2023-12-06 17:00:00,0.02625000,0.02643000,0.02623000,0.02631000,3031530.40000000,TUSDT
2023-12-06 18:00:00,0.02631000,0.02642000,0.02626000,0.02637000,1847407.80000000,TUSDT
2023-12-06 19:00:00,0.02638000,0.02663000,0.02636000,0.02651000,4812521.40000000,TUSDT
2023-12-06 20:00:00,0.02651000,0.02653000,0.02625000,0.02625000,1305610.90000000,TUSDT
2023-12-06 21:00:00,0.02625000,0.02636000,0.02593000,0.02610000,2818495.70000000,TUSDT
2023-12-06 22:00:00,0.02611000,0.02624000,0.02578000,0.02596000,3916882.00000000,TUSDT
2023-12-06 23:00:00,0.02596000,0.02599000,0.02558000,0.02573000,6695853.60000000,TUSDT
2023-12-07 00:00:00,0.02574000,0.02619000,0.02574000,0.02605000,9012184.90000000,TUSDT
2023-12-07 01:00:00,0.02605000,0.02605000,0.02581000,0.02592000,6110958.90000000,TUSDT
2023-12-07 02:00:00,0.02592000,0.02598000,0.02583000,0.02592000,1797179.30000000,TUSDT
2023-12-07 03:00:00,0.02593000,0.02601000,0.02584000,0.02600000,2079933.70000000,TUSDT
2023-12-07 04:00:00,0.02599000,0.02629000,0.02596000,0.02622000,3007466.00000000,TUSDT
2023-12-07 05:00:00,0.02623000,0.02631000,0.02618000,0.02621000,1747762.00000000,TUSDT
2023-12-07 06:00:00,0.02621000,0.02623000,0.02597000,0.02600000,3926308.90000000,TUSDT
2023-12-07 07:00:00,0.02600000,0.02615000,0.02598000,0.02611000,3327693.00000000,TUSDT
2023-12-07 08:00:00,0.02614000,0.02625000,0.02560000,0.02562000,5260496.60000000,TUSDT
2023-12-07 09:00:00,0.02562000,0.02567000,0.02483000,0.02532000,17293315.30000000,TUSDT
2023-12-07 10:00:00,0.02532000,0.02546000,0.02515000,0.02536000,10023466.20000000,TUSDT
2023-12-07 11:00:00,0.02534000,0.02554000,0.02523000,0.02533000,3354467.90000000,TUSDT
2023-12-07 12:00:00,0.02532000,0.02563000,0.02521000,0.02561000,6558557.20000000,TUSDT
2023-12-07 13:00:00,0.02560000,0.02563000,0.02537000,0.02555000,6317659.20000000,TUSDT
2023-12-07 14:00:00,0.02553000,0.02586000,0.02551000,0.02586000,4935236.50000000,TUSDT
2023-12-07 15:00:00,0.02586000,0.02605000,0.02578000,0.02591000,4266255.90000000,TUSDT
2023-12-07 16:00:00,0.02590000,0.02638000,0.02579000,0.02634000,5268855.90000000,TUSDT
2023-12-07 17:00:00,0.02635000,0.02636000,0.02613000,0.02628000,3102929.00000000,TUSDT
2023-12-07 18:00:00,0.02629000,0.02630000,0.02602000,0.02613000,3980639.60000000,TUSDT
2023-12-07 19:00:00,0.02613000,0.02615000,0.02591000,0.02592000,2579577.10000000,TUSDT
2023-12-07 20:00:00,0.02591000,0.02605000,0.02575000,0.02592000,6050835.00000000,TUSDT
2023-12-07 21:00:00,0.02592000,0.02624000,0.02592000,0.02622000,4526057.60000000,TUSDT
2023-12-07 22:00:00,0.02622000,0.02626000,0.02602000,0.02605000,2642453.90000000,TUSDT
2023-12-07 23:00:00,0.02604000,0.02653000,0.02604000,0.02616000,8679269.10000000,TUSDT
2023-12-08 00:00:00,0.02616000,0.02626000,0.02583000,0.02585000,7357417.40000000,TUSDT
2023-12-08 01:00:00,0.02585000,0.02594000,0.02571000,0.02592000,3560145.80000000,TUSDT
2023-12-08 02:00:00,0.02593000,0.02604000,0.02584000,0.02604000,4512631.90000000,TUSDT
2023-12-08 03:00:00,0.02602000,0.02611000,0.02595000,0.02598000,3226642.00000000,TUSDT
2023-12-08 04:00:00,0.02598000,0.02625000,0.02598000,0.02607000,4192665.50000000,TUSDT
2023-12-08 05:00:00,0.02607000,0.02614000,0.02606000,0.02612000,2343433.70000000,TUSDT
2023-12-08 06:00:00,0.02613000,0.02623000,0.02586000,0.02613000,4766483.10000000,TUSDT
2023-12-08 07:00:00,0.02610000,0.02611000,0.02580000,0.02590000,5376867.20000000,TUSDT
2023-12-08 08:00:00,0.02590000,0.02596000,0.02584000,0.02587000,3492054.20000000,TUSDT
2023-12-08 09:00:00,0.02587000,0.02717000,0.02585000,0.02625000,62152999.80000000,TUSDT
2023-12-08 10:00:00,0.02627000,0.02660000,0.02618000,0.02654000,17833939.80000000,TUSDT
2023-12-08 11:00:00,0.02655000,0.02680000,0.02641000,0.02659000,19795357.10000000,TUSDT
2023-12-08 12:00:00,0.02660000,0.02660000,0.02635000,0.02657000,5606333.20000000,TUSDT
2023-12-08 13:00:00,0.02657000,0.02663000,0.02624000,0.02656000,8735315.30000000,TUSDT
2023-12-08 14:00:00,0.02656000,0.02736000,0.02648000,0.02682000,59693231.20000000,TUSDT
2023-12-08 15:00:00,0.02681000,0.02692000,0.02665000,0.02671000,10992941.80000000,TUSDT
2023-12-08 16:00:00,0.02672000,0.02704000,0.02670000,0.02688000,6252593.40000000,TUSDT
2023-12-08 17:00:00,0.02687000,0.02688000,0.02669000,0.02675000,2389584.80000000,TUSDT
2023-12-08 18:00:00,0.02675000,0.02704000,0.02674000,0.02699000,1706695.20000000,TUSDT
2023-12-08 19:00:00,0.02698000,0.02699000,0.02682000,0.02695000,1444487.50000000,TUSDT
2023-12-08 20:00:00,0.02695000,0.02705000,0.02690000,0.02700000,2644414.00000000,TUSDT
2023-12-08 21:00:00,0.02700000,0.02702000,0.02680000,0.02697000,2480448.70000000,TUSDT
2023-12-08 22:00:00,0.02697000,0.02698000,0.02679000,0.02679000,2107659.60000000,TUSDT
2023-12-08 23:00:00,0.02680000,0.02694000,0.02679000,0.02694000,1463637.60000000,TUSDT
2023-12-09 00:00:00,0.02694000,0.02724000,0.02686000,0.02719000,4609262.40000000,TUSDT
2023-12-09 01:00:00,0.02718000,0.02718000,0.02683000,0.02700000,4078635.10000000,TUSDT
2023-12-09 02:00:00,0.02700000,0.02708000,0.02695000,0.02695000,2761129.30000000,TUSDT
2023-12-09 03:00:00,0.02696000,0.02719000,0.02696000,0.02718000,1179952.60000000,TUSDT
2023-12-09 04:00:00,0.02718000,0.02745000,0.02718000,0.02731000,2948895.00000000,TUSDT
2023-12-09 05:00:00,0.02731000,0.02753000,0.02722000,0.02734000,8134615.70000000,TUSDT
2023-12-09 06:00:00,0.02734000,0.02739000,0.02721000,0.02721000,1929789.20000000,TUSDT
2023-12-09 07:00:00,0.02721000,0.02736000,0.02715000,0.02733000,3211225.10000000,TUSDT
2023-12-09 08:00:00,0.02732000,0.02742000,0.02659000,0.02674000,9676312.30000000,TUSDT
2023-12-09 09:00:00,0.02676000,0.02715000,0.02671000,0.02691000,5360748.90000000,TUSDT
2023-12-09 10:00:00,0.02691000,0.02710000,0.02686000,0.02704000,3059249.20000000,TUSDT
2023-12-09 11:00:00,0.02705000,0.02706000,0.02683000,0.02705000,3092189.20000000,TUSDT
2023-12-09 12:00:00,0.02705000,0.02720000,0.02699000,0.02719000,2168990.20000000,TUSDT
2023-12-09 13:00:00,0.02720000,0.02724000,0.02690000,0.02721000,4898921.10000000,TUSDT
2023-12-09 14:00:00,0.02719000,0.02723000,0.02669000,0.02688000,7940618.90000000,TUSDT
2023-12-09 15:00:00,0.02688000,0.02714000,0.02672000,0.02711000,4878264.30000000,TUSDT
2023-12-09 16:00:00,0.02711000,0.02768000,0.02680000,0.02700000,8135754.90000000,TUSDT
2023-12-09 17:00:00,0.02701000,0.02701000,0.02669000,0.02669000,3553564.00000000,TUSDT
2023-12-09 18:00:00,0.02670000,0.02700000,0.02662000,0.02693000,1686633.80000000,TUSDT
2023-12-09 19:00:00,0.02694000,0.02702000,0.02687000,0.02690000,1562515.70000000,TUSDT
2023-12-09 20:00:00,0.02689000,0.02693000,0.02670000,0.02681000,1392208.20000000,TUSDT
2023-12-09 21:00:00,0.02682000,0.02688000,0.02667000,0.02686000,1321454.50000000,TUSDT
2023-12-09 22:00:00,0.02686000,0.02702000,0.02674000,0.02679000,924483.00000000,TUSDT
2023-12-09 23:00:00,0.02679000,0.02691000,0.02637000,0.02664000,5422488.10000000,TUSDT
2023-12-10 00:00:00,0.02665000,0.02680000,0.02658000,0.02680000,2031980.30000000,TUSDT
2023-12-10 01:00:00,0.02680000,0.02685000,0.02664000,0.02675000,1930990.90000000,TUSDT
2023-12-10 02:00:00,0.02676000,0.02678000,0.02652000,0.02654000,3103963.30000000,TUSDT
2023-12-10 03:00:00,0.02655000,0.02667000,0.02650000,0.02665000,2640574.10000000,TUSDT
2023-12-10 04:00:00,0.02665000,0.02687000,0.02659000,0.02682000,3567487.00000000,TUSDT
2023-12-10 05:00:00,0.02683000,0.02695000,0.02677000,0.02682000,2277178.50000000,TUSDT
2023-12-10 06:00:00,0.02682000,0.02682000,0.02669000,0.02676000,2041506.30000000,TUSDT
2023-12-10 07:00:00,0.02674000,0.02676000,0.02643000,0.02670000,6051989.60000000,TUSDT
2023-12-10 08:00:00,0.02667000,0.02669000,0.02636000,0.02639000,7591416.90000000,TUSDT
2023-12-10 09:00:00,0.02640000,0.02651000,0.02574000,0.02577000,6091983.00000000,TUSDT
2023-12-10 10:00:00,0.02575000,0.02615000,0.02572000,0.02615000,5371468.20000000,TUSDT
2023-12-10 11:00:00,0.02614000,0.02634000,0.02614000,0.02618000,4601943.70000000,TUSDT
2023-12-10 12:00:00,0.02618000,0.02632000,0.02616000,0.02628000,1603936.60000000,TUSDT
2023-12-10 13:00:00,0.02629000,0.02633000,0.02616000,0.02628000,2410204.00000000,TUSDT
2023-12-10 14:00:00,0.02628000,0.02643000,0.02623000,0.02633000,1907429.30000000,TUSDT
2023-12-10 15:00:00,0.02634000,0.02652000,0.02633000,0.02643000,2083674.50000000,TUSDT
2023-12-10 16:00:00,0.02644000,0.02653000,0.02643000,0.02650000,2162158.90000000,TUSDT
2023-12-10 17:00:00,0.02651000,0.02652000,0.02638000,0.02639000,1619698.40000000,TUSDT
2023-12-10 18:00:00,0.02641000,0.02655000,0.02640000,0.02645000,2971717.80000000,TUSDT
2023-12-10 19:00:00,0.02646000,0.02654000,0.02645000,0.02653000,1377149.20000000,TUSDT
2023-12-10 20:00:00,0.02654000,0.02679000,0.02653000,0.02677000,2271710.40000000,TUSDT
2023-12-10 21:00:00,0.02678000,0.02683000,0.02667000,0.02669000,2155165.20000000,TUSDT
2023-12-10 22:00:00,0.02670000,0.02682000,0.02663000,0.02663000,2027533.60000000,TUSDT
2023-12-10 23:00:00,0.02664000,0.02669000,0.02646000,0.02666000,2225200.50000000,TUSDT
2023-12-11 00:00:00,0.02667000,0.02671000,0.02631000,0.02632000,5221009.10000000,TUSDT
2023-12-11 01:00:00,0.02632000,0.02633000,0.02591000,0.02622000,6724907.80000000,TUSDT
2023-12-11 02:00:00,0.02620000,0.02698000,0.02340000,0.02467000,36454620.40000000,TUSDT
2023-12-11 03:00:00,0.02462000,0.02526000,0.02452000,0.02495000,14069307.30000000,TUSDT
2023-12-11 04:00:00,0.02495000,0.02499000,0.02472000,0.02493000,4458430.50000000,TUSDT
2023-12-11 05:00:00,0.02493000,0.02502000,0.02467000,0.02488000,6368709.20000000,TUSDT
2023-12-11 06:00:00,0.02490000,0.02492000,0.02442000,0.02472000,4325460.00000000,TUSDT
2023-12-11 07:00:00,0.02471000,0.02491000,0.02460000,0.02464000,6605987.80000000,TUSDT
2023-12-11 08:00:00,0.02464000,0.02483000,0.02450000,0.02472000,3905477.90000000,TUSDT
2023-12-11 09:00:00,0.02475000,0.02489000,0.02465000,0.02484000,2893563.80000000,TUSDT
2023-12-11 10:00:00,0.02485000,0.02497000,0.02482000,0.02488000,2815448.40000000,TUSDT
2023-12-11 11:00:00,0.02490000,0.02516000,0.02490000,0.02516000,5667889.30000000,TUSDT
2023-12-11 12:00:00,0.02515000,0.02521000,0.02496000,0.02505000,4387398.60000000,TUSDT
2023-12-11 13:00:00,0.02505000,0.02510000,0.02444000,0.02472000,5817420.20000000,TUSDT
2023-12-11 14:00:00,0.02471000,0.02481000,0.02424000,0.02447000,10716573.20000000,TUSDT
2023-12-11 15:00:00,0.02449000,0.02472000,0.02427000,0.02463000,9803711.30000000,TUSDT
2023-12-11 16:00:00,0.02464000,0.02468000,0.02438000,0.02466000,6844303.30000000,TUSDT
2023-12-11 17:00:00,0.02466000,0.02466000,0.02431000,0.02433000,2759358.10000000,TUSDT
2023-12-11 18:00:00,0.02433000,0.02438000,0.02358000,0.02411000,13614887.90000000,TUSDT
2023-12-11 19:00:00,0.02411000,0.02419000,0.02374000,0.02412000,5542499.20000000,TUSDT
2023-12-11 20:00:00,0.02412000,0.02420000,0.02397000,0.02415000,2880292.20000000,TUSDT
2023-12-11 21:00:00,0.02416000,0.02449000,0.02416000,0.02448000,1716142.10000000,TUSDT
2023-12-11 22:00:00,0.02449000,0.02455000,0.02440000,0.02441000,1803508.00000000,TUSDT
2023-12-11 23:00:00,0.02442000,0.02447000,0.02431000,0.02437000,1572486.00000000,TUSDT
2023-12-12 00:00:00,0.02437000,0.02465000,0.02435000,0.02452000,2738624.00000000,TUSDT
2023-12-12 01:00:00,0.02455000,0.02468000,0.02452000,0.02464000,1288301.30000000,TUSDT
2023-12-12 02:00:00,0.02466000,0.02512000,0.02465000,0.02511000,3100002.50000000,TUSDT
2023-12-12 03:00:00,0.02509000,0.02530000,0.02488000,0.02494000,4943729.50000000,TUSDT
2023-12-12 04:00:00,0.02495000,0.02499000,0.02454000,0.02455000,3613468.00000000,TUSDT
2023-12-12 05:00:00,0.02455000,0.02484000,0.02452000,0.02472000,2675576.00000000,TUSDT
2023-12-12 06:00:00,0.02473000,0.02480000,0.02449000,0.02480000,2984030.10000000,TUSDT
2023-12-12 07:00:00,0.02478000,0.02546000,0.02478000,0.02546000,8077057.20000000,TUSDT
2023-12-12 08:00:00,0.02546000,0.02546000,0.02510000,0.02524000,5311165.80000000,TUSDT
2023-12-12 09:00:00,0.02526000,0.02527000,0.02487000,0.02501000,5525600.90000000,TUSDT
2023-12-12 10:00:00,0.02503000,0.02527000,0.02502000,0.02506000,4526568.80000000,TUSDT
2023-12-12 11:00:00,0.02508000,0.02510000,0.02460000,0.02460000,4428800.20000000,TUSDT
2023-12-12 12:00:00,0.02461000,0.02487000,0.02458000,0.02487000,11136510.50000000,TUSDT
2023-12-12 13:00:00,0.02487000,0.02508000,0.02472000,0.02498000,4664161.60000000,TUSDT
2023-12-12 14:00:00,0.02498000,0.02501000,0.02460000,0.02476000,7780291.60000000,TUSDT
2023-12-12 15:00:00,0.02476000,0.02482000,0.02431000,0.02459000,6564857.30000000,TUSDT
2023-12-12 16:00:00,0.02458000,0.02468000,0.02441000,0.02460000,2972912.20000000,TUSDT
2023-12-12 17:00:00,0.02461000,0.02461000,0.02415000,0.02415000,2770100.00000000,TUSDT
2023-12-12 18:00:00,0.02415000,0.02468000,0.02413000,0.02460000,2118281.40000000,TUSDT
2023-12-12 19:00:00,0.02460000,0.02463000,0.02436000,0.02452000,1983270.50000000,TUSDT
2023-12-12 20:00:00,0.02452000,0.02461000,0.02432000,0.02450000,1695775.70000000,TUSDT
2023-12-12 21:00:00,0.02451000,0.02478000,0.02439000,0.02440000,4516861.00000000,TUSDT
2023-12-12 22:00:00,0.02440000,0.02470000,0.02435000,0.02466000,2072345.40000000,TUSDT
2023-12-12 23:00:00,0.02466000,0.02498000,0.02465000,0.02486000,2007862.80000000,TUSDT
2023-12-13 00:00:00,0.02487000,0.02488000,0.02468000,0.02469000,5714205.10000000,TUSDT
2023-12-13 01:00:00,0.02469000,0.02470000,0.02425000,0.02426000,6186164.00000000,TUSDT
2023-12-13 02:00:00,0.02426000,0.02437000,0.02368000,0.02406000,14908021.80000000,TUSDT
2023-12-13 03:00:00,0.02406000,0.02409000,0.02374000,0.02381000,6606649.00000000,TUSDT
2023-12-13 04:00:00,0.02378000,0.02396000,0.02354000,0.02396000,4534169.20000000,TUSDT
2023-12-13 05:00:00,0.02396000,0.02397000,0.02379000,0.02396000,2194595.00000000,TUSDT
2023-12-13 06:00:00,0.02396000,0.02407000,0.02351000,0.02352000,2536685.50000000,TUSDT
2023-12-13 07:00:00,0.02352000,0.02403000,0.02338000,0.02390000,5748683.80000000,TUSDT
2023-12-13 08:00:00,0.02390000,0.02415000,0.02389000,0.02411000,1792864.10000000,TUSDT
2023-12-13 09:00:00,0.02411000,0.02411000,0.02389000,0.02393000,3733781.50000000,TUSDT
2023-12-13 10:00:00,0.02393000,0.02397000,0.02381000,0.02390000,2639586.40000000,TUSDT
2023-12-13 11:00:00,0.02392000,0.02403000,0.02371000,0.02376000,1941431.60000000,TUSDT
2023-12-13 12:00:00,0.02376000,0.02401000,0.02375000,0.02400000,1789191.50000000,TUSDT
2023-12-13 13:00:00,0.02401000,0.02423000,0.02395000,0.02415000,2306639.60000000,TUSDT
2023-12-13 14:00:00,0.02416000,0.02418000,0.02406000,0.02413000,1823905.60000000,TUSDT
2023-12-13 15:00:00,0.02413000,0.02457000,0.02413000,0.02447000,4927352.20000000,TUSDT
2023-12-13 16:00:00,0.02450000,0.02456000,0.02418000,0.02420000,2879554.70000000,TUSDT
2023-12-13 17:00:00,0.02421000,0.02440000,0.02420000,0.02438000,1013007.20000000,TUSDT
2023-12-13 18:00:00,0.02439000,0.02447000,0.02436000,0.02441000,685352.40000000,TUSDT
2023-12-13 19:00:00,0.02443000,0.02489000,0.02443000,0.02485000,4283552.60000000,TUSDT
2023-12-13 20:00:00,0.02485000,0.02497000,0.02473000,0.02497000,1833101.70000000,TUSDT
2023-12-13 21:00:00,0.02496000,0.02517000,0.02487000,0.02500000,2838034.90000000,TUSDT
2023-12-13 22:00:00,0.02500000,0.02524000,0.02493000,0.02500000,2154508.20000000,TUSDT
2023-12-13 23:00:00,0.02501000,0.02510000,0.02489000,0.02495000,1161480.80000000,TUSDT
2023-12-14 00:00:00,0.02496000,0.02505000,0.02479000,0.02495000,3311191.70000000,TUSDT
2023-12-14 01:00:00,0.02499000,0.02504000,0.02484000,0.02489000,2094270.30000000,TUSDT
2023-12-14 02:00:00,0.02489000,0.02505000,0.02479000,0.02499000,3542940.80000000,TUSDT
2023-12-14 03:00:00,0.02500000,0.02504000,0.02474000,0.02489000,3786563.70000000,TUSDT
2023-12-14 04:00:00,0.02490000,0.02499000,0.02478000,0.02478000,2301884.10000000,TUSDT
2023-12-14 05:00:00,0.02479000,0.02503000,0.02477000,0.02502000,2502935.60000000,TUSDT
2023-12-14 06:00:00,0.02502000,0.02526000,0.02500000,0.02524000,4828569.90000000,TUSDT
2023-12-14 07:00:00,0.02525000,0.02528000,0.02501000,0.02511000,1957981.10000000,TUSDT
2023-12-14 08:00:00,0.02511000,0.02575000,0.02505000,0.02534000,16332908.70000000,TUSDT
2023-12-14 09:00:00,0.02535000,0.02557000,0.02528000,0.02555000,2832693.10000000,TUSDT
2023-12-14 10:00:00,0.02555000,0.02566000,0.02550000,0.02560000,4089474.40000000,TUSDT
2023-12-14 11:00:00,0.02560000,0.02580000,0.02553000,0.02566000,5557363.30000000,TUSDT
2023-12-14 12:00:00,0.02566000,0.02571000,0.02553000,0.02569000,5205376.10000000,TUSDT
2023-12-14 13:00:00,0.02570000,0.02610000,0.02477000,0.02545000,30134315.50000000,TUSDT
2023-12-14 14:00:00,0.02544000,0.02574000,0.02519000,0.02565000,6561309.20000000,TUSDT
2023-12-14 15:00:00,0.02566000,0.02616000,0.02563000,0.02575000,10765397.10000000,TUSDT
2023-12-14 16:00:00,0.02574000,0.02587000,0.02558000,0.02573000,3922021.50000000,TUSDT
2023-12-14 17:00:00,0.02572000,0.02610000,0.02572000,0.02588000,4400720.80000000,TUSDT
2023-12-14 18:00:00,0.02588000,0.02591000,0.02569000,0.02574000,3587129.60000000,TUSDT
2023-12-14 19:00:00,0.02573000,0.02594000,0.02573000,0.02584000,1887192.20000000,TUSDT
2023-12-14 20:00:00,0.02582000,0.02589000,0.02568000,0.02580000,1892532.60000000,TUSDT
2023-12-14 21:00:00,0.02580000,0.02619000,0.02579000,0.02603000,1669090.70000000,TUSDT
2023-12-14 22:00:00,0.02602000,0.02615000,0.02600000,0.02610000,1014219.70000000,TUSDT
2023-12-14 23:00:00,0.02610000,0.02628000,0.02609000,0.02616000,2428722.70000000,TUSDT
2023-12-15 00:00:00,0.02615000,0.02618000,0.02584000,0.02585000,2512130.10000000,TUSDT
2023-12-15 01:00:00,0.02586000,0.02590000,0.02575000,0.02583000,3183905.20000000,TUSDT
2023-12-15 02:00:00,0.02583000,0.02587000,0.02566000,0.02569000,1357741.30000000,TUSDT
2023-12-15 03:00:00,0.02569000,0.02581000,0.02565000,0.02576000,1867454.20000000,TUSDT
2023-12-15 04:00:00,0.02576000,0.02578000,0.02556000,0.02558000,3347338.30000000,TUSDT
2023-12-15 05:00:00,0.02558000,0.02569000,0.02537000,0.02537000,2151635.00000000,TUSDT
2023-12-15 06:00:00,0.02535000,0.02554000,0.02534000,0.02537000,1992826.70000000,TUSDT
2023-12-15 07:00:00,0.02538000,0.02544000,0.02532000,0.02540000,2398876.60000000,TUSDT
2023-12-15 08:00:00,0.02540000,0.02555000,0.02518000,0.02554000,15042961.70000000,TUSDT
2023-12-15 09:00:00,0.02554000,0.02562000,0.02544000,0.02546000,3266159.90000000,TUSDT
2023-12-15 10:00:00,0.02545000,0.02557000,0.02540000,0.02553000,2596423.10000000,TUSDT
2023-12-15 11:00:00,0.02552000,0.02554000,0.02535000,0.02540000,4863936.40000000,TUSDT
2023-12-15 12:00:00,0.02541000,0.02547000,0.02504000,0.02535000,5620018.50000000,TUSDT
2023-12-15 13:00:00,0.02534000,0.02537000,0.02509000,0.02522000,3940794.30000000,TUSDT
2023-12-15 14:00:00,0.02521000,0.02528000,0.02489000,0.02504000,6954158.60000000,TUSDT
2023-12-15 15:00:00,0.02504000,0.02518000,0.02477000,0.02500000,4087398.20000000,TUSDT
2023-12-15 16:00:00,0.02500000,0.02516000,0.02491000,0.02497000,1630863.00000000,TUSDT
2023-12-15 17:00:00,0.02495000,0.02514000,0.02494000,0.02495000,3766390.20000000,TUSDT
2023-12-15 18:00:00,0.02495000,0.02519000,0.02493000,0.02518000,2514873.00000000,TUSDT
2023-12-15 19:00:00,0.02518000,0.02519000,0.02495000,0.02497000,10728049.90000000,TUSDT
2023-12-15 20:00:00,0.02497000,0.02506000,0.02485000,0.02503000,5933067.50000000,TUSDT
2023-12-15 21:00:00,0.02503000,0.02512000,0.02500000,0.02505000,2380997.40000000,TUSDT
2023-12-15 22:00:00,0.02506000,0.02506000,0.02472000,0.02472000,3125847.30000000,TUSDT
2023-12-15 23:00:00,0.02471000,0.02491000,0.02448000,0.02457000,7170363.40000000,TUSDT
2023-12-16 00:00:00,0.02458000,0.02461000,0.02397000,0.02433000,13550102.60000000,TUSDT
2023-12-16 01:00:00,0.02432000,0.02465000,0.02432000,0.02460000,1398522.10000000,TUSDT
2023-12-16 02:00:00,0.02461000,0.02481000,0.02460000,0.02479000,1537302.80000000,TUSDT
2023-12-16 03:00:00,0.02480000,0.02493000,0.02476000,0.02492000,3446344.20000000,TUSDT
2023-12-16 04:00:00,0.02491000,0.02499000,0.02479000,0.02498000,2153850.30000000,TUSDT
2023-12-16 05:00:00,0.02498000,0.02505000,0.02487000,0.02490000,2375655.20000000,TUSDT
2023-12-16 06:00:00,0.02490000,0.02494000,0.02472000,0.02474000,1416749.70000000,TUSDT
2023-12-16 07:00:00,0.02475000,0.02477000,0.02459000,0.02471000,3185211.00000000,TUSDT
2023-12-16 08:00:00,0.02470000,0.02482000,0.02470000,0.02476000,1878382.90000000,TUSDT
2023-12-16 09:00:00,0.02476000,0.02493000,0.02476000,0.02488000,1502121.60000000,TUSDT
2023-12-16 10:00:00,0.02488000,0.02493000,0.02483000,0.02488000,816929.80000000,TUSDT
2023-12-16 11:00:00,0.02487000,0.02489000,0.02484000,0.02488000,748140.40000000,TUSDT
2023-12-16 12:00:00,0.02487000,0.02502000,0.02476000,0.02497000,4967541.20000000,TUSDT
2023-12-16 13:00:00,0.02496000,0.02506000,0.02481000,0.02496000,2623902.30000000,TUSDT
2023-12-16 14:00:00,0.02495000,0.02502000,0.02485000,0.02502000,1649965.30000000,TUSDT
2023-12-16 15:00:00,0.02501000,0.02514000,0.02498000,0.02514000,1865204.10000000,TUSDT
2023-12-16 16:00:00,0.02514000,0.02527000,0.02506000,0.02517000,2164687.90000000,TUSDT
2023-12-16 17:00:00,0.02518000,0.02524000,0.02511000,0.02522000,1997898.40000000,TUSDT
2023-12-16 18:00:00,0.02520000,0.02520000,0.02488000,0.02496000,2701979.50000000,TUSDT
2023-12-16 19:00:00,0.02496000,0.02503000,0.02477000,0.02486000,2950320.70000000,TUSDT
2023-12-16 20:00:00,0.02488000,0.02505000,0.02488000,0.02501000,1858878.10000000,TUSDT
2023-12-16 21:00:00,0.02500000,0.02504000,0.02478000,0.02486000,2325416.80000000,TUSDT
2023-12-16 22:00:00,0.02484000,0.02495000,0.02472000,0.02494000,2158998.30000000,TUSDT
2023-12-16 23:00:00,0.02493000,0.02494000,0.02475000,0.02486000,1384855.40000000,TUSDT
2023-12-17 00:00:00,0.02487000,0.02494000,0.02473000,0.02473000,1942144.70000000,TUSDT
2023-12-17 01:00:00,0.02472000,0.02483000,0.02446000,0.02465000,3180127.20000000,TUSDT
2023-12-17 02:00:00,0.02465000,0.02479000,0.02453000,0.02453000,1806330.50000000,TUSDT
2023-12-17 03:00:00,0.02452000,0.02464000,0.02446000,0.02459000,1762609.70000000,TUSDT
2023-12-17 04:00:00,0.02458000,0.02472000,0.02458000,0.02468000,1118005.20000000,TUSDT
2023-12-17 05:00:00,0.02466000,0.02472000,0.02434000,0.02444000,2356795.80000000,TUSDT
2023-12-17 06:00:00,0.02445000,0.02455000,0.02424000,0.02440000,3267042.50000000,TUSDT
2023-12-17 07:00:00,0.02440000,0.02448000,0.02418000,0.02422000,2533223.00000000,TUSDT
2023-12-17 08:00:00,0.02421000,0.02441000,0.02400000,0.02439000,5791496.40000000,TUSDT
2023-12-17 09:00:00,0.02437000,0.02453000,0.02437000,0.02452000,1726404.90000000,TUSDT
2023-12-17 10:00:00,0.02451000,0.02455000,0.02445000,0.02449000,1686320.80000000,TUSDT
2023-12-17 11:00:00,0.02449000,0.02453000,0.02441000,0.02442000,3373550.90000000,TUSDT
2023-12-17 12:00:00,0.02442000,0.02447000,0.02419000,0.02442000,6610832.20000000,TUSDT
2023-12-17 13:00:00,0.02442000,0.02446000,0.02412000,0.02420000,3215978.20000000,TUSDT
2023-12-17 14:00:00,0.02420000,0.02436000,0.02397000,0.02418000,5877056.00000000,TUSDT
2023-12-17 15:00:00,0.02417000,0.02441000,0.02410000,0.02438000,2146669.20000000,TUSDT
2023-12-17 16:00:00,0.02437000,0.02456000,0.02429000,0.02456000,1624569.00000000,TUSDT
2023-12-17 17:00:00,0.02457000,0.02473000,0.02450000,0.02453000,4480772.20000000,TUSDT
2023-12-17 18:00:00,0.02455000,0.02471000,0.02437000,0.02469000,2297837.90000000,TUSDT
2023-12-17 19:00:00,0.02469000,0.02470000,0.02464000,0.02467000,1287488.30000000,TUSDT
2023-12-17 20:00:00,0.02466000,0.02470000,0.02463000,0.02467000,825460.60000000,TUSDT
2023-12-17 21:00:00,0.02467000,0.02468000,0.02449000,0.02454000,3255530.60000000,TUSDT
2023-12-17 22:00:00,0.02453000,0.02455000,0.02416000,0.02429000,3619859.90000000,TUSDT
2023-12-17 23:00:00,0.02429000,0.02429000,0.02394000,0.02405000,5156579.80000000,TUSDT
2023-12-18 00:00:00,0.02405000,0.02419000,0.02390000,0.02414000,3559748.00000000,TUSDT
2023-12-18 01:00:00,0.02413000,0.02429000,0.02371000,0.02375000,8375789.30000000,TUSDT
2023-12-18 02:00:00,0.02374000,0.02387000,0.02342000,0.02349000,6628544.50000000,TUSDT
2023-12-18 03:00:00,0.02349000,0.02367000,0.02347000,0.02366000,2097909.90000000,TUSDT
2023-12-18 04:00:00,0.02366000,0.02381000,0.02359000,0.02379000,2368453.70000000,TUSDT
2023-12-18 05:00:00,0.02379000,0.02381000,0.02353000,0.02356000,1913185.60000000,TUSDT
2023-12-18 06:00:00,0.02354000,0.02383000,0.02349000,0.02377000,4047199.90000000,TUSDT
2023-12-18 07:00:00,0.02378000,0.02379000,0.02334000,0.02341000,5236258.10000000,TUSDT
2023-12-18 08:00:00,0.02340000,0.02351000,0.02316000,0.02337000,6260954.20000000,TUSDT
2023-12-18 09:00:00,0.02337000,0.02339000,0.02282000,0.02307000,8998850.10000000,TUSDT
2023-12-18 10:00:00,0.02307000,0.02311000,0.02231000,0.02264000,14000657.90000000,TUSDT
2023-12-18 11:00:00,0.02262000,0.02287000,0.02261000,0.02276000,4836995.60000000,TUSDT
2023-12-18 12:00:00,0.02275000,0.02279000,0.02259000,0.02265000,2616362.40000000,TUSDT
2023-12-18 13:00:00,0.02261000,0.02318000,0.02261000,0.02316000,4207124.40000000,TUSDT
2023-12-18 14:00:00,0.02315000,0.02336000,0.02308000,0.02325000,2704332.90000000,TUSDT
2023-12-18 15:00:00,0.02325000,0.02328000,0.02300000,0.02302000,1426492.60000000,TUSDT
2023-12-18 16:00:00,0.02304000,0.02317000,0.02290000,0.02317000,1660291.60000000,TUSDT
2023-12-18 17:00:00,0.02316000,0.02327000,0.02309000,0.02313000,1200024.80000000,TUSDT
2023-12-18 18:00:00,0.02313000,0.02321000,0.02305000,0.02318000,1305847.80000000,TUSDT
2023-12-18 19:00:00,0.02319000,0.02335000,0.02319000,0.02329000,1272423.90000000,TUSDT
2023-12-18 20:00:00,0.02328000,0.02341000,0.02307000,0.02341000,1396734.60000000,TUSDT
2023-12-18 21:00:00,0.02339000,0.02379000,0.02339000,0.02377000,3019763.10000000,TUSDT
2023-12-18 22:00:00,0.02379000,0.02384000,0.02366000,0.02383000,2957750.50000000,TUSDT
2023-12-18 23:00:00,0.02383000,0.02400000,0.02382000,0.02398000,1203262.30000000,TUSDT
2023-12-19 00:00:00,0.02398000,0.02405000,0.02383000,0.02393000,2588603.20000000,TUSDT
2023-12-19 01:00:00,0.02395000,0.02431000,0.02388000,0.02429000,3001669.50000000,TUSDT
2023-12-19 02:00:00,0.02430000,0.02435000,0.02416000,0.02422000,1193921.70000000,TUSDT
2023-12-19 03:00:00,0.02420000,0.02423000,0.02413000,0.02417000,1779663.30000000,TUSDT
2023-12-19 04:00:00,0.02416000,0.02420000,0.02397000,0.02415000,2530664.80000000,TUSDT
2023-12-19 05:00:00,0.02415000,0.02424000,0.02412000,0.02418000,539329.80000000,TUSDT
2023-12-19 06:00:00,0.02417000,0.02431000,0.02406000,0.02419000,2106868.50000000,TUSDT
2023-12-19 07:00:00,0.02418000,0.02440000,0.02417000,0.02433000,2553481.70000000,TUSDT
2023-12-19 08:00:00,0.02435000,0.02483000,0.02427000,0.02469000,14176272.20000000,TUSDT
2023-12-19 09:00:00,0.02470000,0.02504000,0.02461000,0.02467000,27796204.90000000,TUSDT
2023-12-19 10:00:00,0.02466000,0.02469000,0.02445000,0.02462000,5238431.20000000,TUSDT
2023-12-19 11:00:00,0.02461000,0.02463000,0.02443000,0.02444000,3459979.70000000,TUSDT
2023-12-19 12:00:00,0.02444000,0.02453000,0.02419000,0.02421000,3627248.90000000,TUSDT
2023-12-19 13:00:00,0.02421000,0.02442000,0.02421000,0.02429000,4615793.30000000,TUSDT
2023-12-19 14:00:00,0.02427000,0.02430000,0.02365000,0.02374000,9742701.10000000,TUSDT
2023-12-19 15:00:00,0.02372000,0.02404000,0.02353000,0.02383000,7626602.40000000,TUSDT
2023-12-19 16:00:00,0.02383000,0.02399000,0.02378000,0.02382000,1980383.10000000,TUSDT
2023-12-19 17:00:00,0.02383000,0.02383000,0.02341000,0.02344000,3330959.20000000,TUSDT
2023-12-19 18:00:00,0.02344000,0.02372000,0.02338000,0.02372000,1860098.70000000,TUSDT
2023-12-19 19:00:00,0.02372000,0.02395000,0.02369000,0.02395000,2932618.40000000,TUSDT
2023-12-19 20:00:00,0.02395000,0.02400000,0.02377000,0.02379000,1844112.20000000,TUSDT
2023-12-19 21:00:00,0.02378000,0.02402000,0.02378000,0.02401000,1806580.20000000,TUSDT
2023-12-19 22:00:00,0.02400000,0.02405000,0.02379000,0.02384000,5161204.50000000,TUSDT
2023-12-19 23:00:00,0.02382000,0.02391000,0.02375000,0.02384000,2654054.80000000,TUSDT
2023-12-20 00:00:00,0.02383000,0.02399000,0.02379000,0.02398000,2869333.30000000,TUSDT
2023-12-20 01:00:00,0.02399000,0.02407000,0.02361000,0.02372000,4711077.90000000,TUSDT
2023-12-20 02:00:00,0.02372000,0.02384000,0.02353000,0.02384000,3705455.70000000,TUSDT
2023-12-20 03:00:00,0.02383000,0.02404000,0.02380000,0.02402000,2640267.60000000,TUSDT
2023-12-20 04:00:00,0.02402000,0.02446000,0.02390000,0.02442000,8671317.60000000,TUSDT
2023-12-20 05:00:00,0.02441000,0.02464000,0.02424000,0.02455000,4813981.40000000,TUSDT
2023-12-20 06:00:00,0.02455000,0.02477000,0.02443000,0.02455000,5079704.20000000,TUSDT
2023-12-20 07:00:00,0.02455000,0.02466000,0.02438000,0.02466000,2665206.10000000,TUSDT
2023-12-20 08:00:00,0.02464000,0.02514000,0.02445000,0.02491000,10715906.10000000,TUSDT
2023-12-20 09:00:00,0.02491000,0.02503000,0.02475000,0.02491000,5743714.60000000,TUSDT
2023-12-20 10:00:00,0.02490000,0.02501000,0.02477000,0.02492000,3549385.60000000,TUSDT
2023-12-20 11:00:00,0.02492000,0.02509000,0.02489000,0.02497000,3592727.00000000,TUSDT
2023-12-20 12:00:00,0.02496000,0.02512000,0.02487000,0.02509000,3169457.40000000,TUSDT
2023-12-20 13:00:00,0.02511000,0.02527000,0.02510000,0.02527000,3186902.30000000,TUSDT
2023-12-20 14:00:00,0.02527000,0.02537000,0.02509000,0.02510000,4064341.60000000,TUSDT
2023-12-20 15:00:00,0.02511000,0.02549000,0.02504000,0.02542000,10351593.60000000,TUSDT
2023-12-20 16:00:00,0.02543000,0.02554000,0.02526000,0.02531000,5310226.40000000,TUSDT
2023-12-20 17:00:00,0.02532000,0.02557000,0.02532000,0.02553000,2702593.10000000,TUSDT
2023-12-20 18:00:00,0.02551000,0.02558000,0.02538000,0.02543000,3701818.60000000,TUSDT
2023-12-20 19:00:00,0.02542000,0.02557000,0.02525000,0.02529000,3625974.20000000,TUSDT
2023-12-20 20:00:00,0.02527000,0.02531000,0.02488000,0.02503000,4636691.70000000,TUSDT
2023-12-20 21:00:00,0.02504000,0.02530000,0.02500000,0.02507000,7871359.20000000,TUSDT
2023-12-20 22:00:00,0.02506000,0.02536000,0.02505000,0.02525000,1788632.90000000,TUSDT
2023-12-20 23:00:00,0.02524000,0.02525000,0.02512000,0.02518000,3428830.30000000,TUSDT
2023-12-21 00:00:00,0.02519000,0.02524000,0.02509000,0.02511000,2704764.00000000,TUSDT
2023-12-21 01:00:00,0.02510000,0.02513000,0.02494000,0.02511000,3174935.20000000,TUSDT
2023-12-21 02:00:00,0.02510000,0.02524000,0.02497000,0.02517000,2445312.30000000,TUSDT
2023-12-21 03:00:00,0.02518000,0.02536000,0.02516000,0.02531000,2835216.00000000,TUSDT
2023-12-21 04:00:00,0.02532000,0.02535000,0.02519000,0.02522000,4765125.10000000,TUSDT
2023-12-21 05:00:00,0.02523000,0.02527000,0.02502000,0.02504000,1623790.00000000,TUSDT
2023-12-21 06:00:00,0.02503000,0.02527000,0.02501000,0.02527000,1346360.50000000,TUSDT
2023-12-21 07:00:00,0.02526000,0.02527000,0.02515000,0.02517000,2355555.80000000,TUSDT
2023-12-21 08:00:00,0.02516000,0.02533000,0.02512000,0.02523000,3503801.10000000,TUSDT
2023-12-21 09:00:00,0.02522000,0.02535000,0.02515000,0.02535000,3868401.70000000,TUSDT
2023-12-21 10:00:00,0.02535000,0.02568000,0.02534000,0.02555000,4740519.60000000,TUSDT
2023-12-21 11:00:00,0.02554000,0.02571000,0.02544000,0.02561000,4447140.50000000,TUSDT
2023-12-21 12:00:00,0.02564000,0.02581000,0.02552000,0.02555000,3999441.30000000,TUSDT
2023-12-21 13:00:00,0.02555000,0.02557000,0.02533000,0.02557000,5133003.80000000,TUSDT
2023-12-21 14:00:00,0.02557000,0.02557000,0.02504000,0.02505000,4929988.70000000,TUSDT
2023-12-21 15:00:00,0.02506000,0.02530000,0.02484000,0.02530000,5584904.90000000,TUSDT
2023-12-21 16:00:00,0.02530000,0.02544000,0.02521000,0.02533000,2674543.90000000,TUSDT
2023-12-21 17:00:00,0.02533000,0.02560000,0.02525000,0.02541000,6252753.70000000,TUSDT
2023-12-21 18:00:00,0.02549000,0.02558000,0.02543000,0.02551000,1588281.20000000,TUSDT
2023-12-21 19:00:00,0.02552000,0.02569000,0.02545000,0.02569000,2563516.80000000,TUSDT
2023-12-21 20:00:00,0.02567000,0.02574000,0.02554000,0.02574000,2508779.00000000,TUSDT
2023-12-21 21:00:00,0.02574000,0.02583000,0.02563000,0.02583000,4644770.70000000,TUSDT
2023-12-21 22:00:00,0.02584000,0.02586000,0.02573000,0.02578000,1386348.20000000,TUSDT
2023-12-21 23:00:00,0.02580000,0.02585000,0.02568000,0.02585000,2038121.70000000,TUSDT
2023-12-22 00:00:00,0.02586000,0.02597000,0.02563000,0.02589000,6284839.80000000,TUSDT
2023-12-22 01:00:00,0.02590000,0.02599000,0.02582000,0.02583000,2260900.70000000,TUSDT
2023-12-22 02:00:00,0.02582000,0.02584000,0.02563000,0.02568000,3604059.80000000,TUSDT
2023-12-22 03:00:00,0.02568000,0.02575000,0.02551000,0.02569000,3590500.30000000,TUSDT
2023-12-22 04:00:00,0.02569000,0.02579000,0.02558000,0.02577000,1695263.80000000,TUSDT
2023-12-22 05:00:00,0.02577000,0.02587000,0.02575000,0.02585000,1830954.00000000,TUSDT
2023-12-22 06:00:00,0.02585000,0.02594000,0.02536000,0.02545000,14142801.90000000,TUSDT
2023-12-22 07:00:00,0.02545000,0.02551000,0.02509000,0.02539000,10579899.90000000,TUSDT
2023-12-22 08:00:00,0.02536000,0.02563000,0.02532000,0.02554000,3527761.20000000,TUSDT
2023-12-22 09:00:00,0.02557000,0.02563000,0.02514000,0.02557000,7947619.60000000,TUSDT
2023-12-22 10:00:00,0.02559000,0.02571000,0.02549000,0.02569000,2292844.00000000,TUSDT
2023-12-22 11:00:00,0.02568000,0.02574000,0.02563000,0.02573000,1802790.50000000,TUSDT
2023-12-22 12:00:00,0.02571000,0.02573000,0.02551000,0.02553000,3321097.00000000,TUSDT
2023-12-22 13:00:00,0.02553000,0.02564000,0.02545000,0.02563000,3802275.70000000,TUSDT
2023-12-22 14:00:00,0.02563000,0.02563000,0.02525000,0.02556000,5100906.30000000,TUSDT
2023-12-22 15:00:00,0.02553000,0.02569000,0.02544000,0.02563000,4042735.30000000,TUSDT
2023-12-22 16:00:00,0.02562000,0.02566000,0.02546000,0.02553000,3460604.90000000,TUSDT
2023-12-22 17:00:00,0.02554000,0.02571000,0.02554000,0.02568000,2142075.90000000,TUSDT
2023-12-22 18:00:00,0.02568000,0.02587000,0.02564000,0.02581000,2563076.90000000,TUSDT
2023-12-22 19:00:00,0.02579000,0.02583000,0.02564000,0.02571000,1743562.70000000,TUSDT
2023-12-22 20:00:00,0.02572000,0.02591000,0.02571000,0.02590000,1495952.00000000,TUSDT
2023-12-22 21:00:00,0.02589000,0.02606000,0.02587000,0.02599000,1240889.70000000,TUSDT
2023-12-22 22:00:00,0.02600000,0.02612000,0.02593000,0.02608000,2812477.80000000,TUSDT
2023-12-22 23:00:00,0.02607000,0.02619000,0.02603000,0.02605000,1199187.50000000,TUSDT
2023-12-23 00:00:00,0.02609000,0.02613000,0.02593000,0.02594000,2306390.90000000,TUSDT
2023-12-23 01:00:00,0.02599000,0.02610000,0.02548000,0.02550000,6784435.40000000,TUSDT
2023-12-23 02:00:00,0.02549000,0.02570000,0.02542000,0.02544000,4075278.90000000,TUSDT
2023-12-23 03:00:00,0.02543000,0.02572000,0.02539000,0.02550000,2398808.20000000,TUSDT
2023-12-23 04:00:00,0.02550000,0.02558000,0.02527000,0.02555000,3331803.80000000,TUSDT
2023-12-23 05:00:00,0.02555000,0.02576000,0.02555000,0.02572000,2814596.90000000,TUSDT
2023-12-23 06:00:00,0.02572000,0.02572000,0.02554000,0.02555000,1430547.90000000,TUSDT
2023-12-23 07:00:00,0.02555000,0.02557000,0.02537000,0.02540000,1430619.60000000,TUSDT
2023-12-23 08:00:00,0.02538000,0.02555000,0.02536000,0.02555000,984219.30000000,TUSDT
2023-12-23 09:00:00,0.02556000,0.02560000,0.02546000,0.02550000,1292329.20000000,TUSDT
2023-12-23 10:00:00,0.02551000,0.02552000,0.02539000,0.02542000,3152861.20000000,TUSDT
2023-12-23 11:00:00,0.02542000,0.02544000,0.02525000,0.02538000,2803480.90000000,TUSDT
2023-12-23 12:00:00,0.02538000,0.02565000,0.02536000,0.02564000,3030282.90000000,TUSDT
2023-12-23 13:00:00,0.02563000,0.02580000,0.02560000,0.02563000,3875881.30000000,TUSDT
2023-12-23 14:00:00,0.02565000,0.02576000,0.02563000,0.02568000,2354693.20000000,TUSDT
2023-12-23 15:00:00,0.02572000,0.02574000,0.02565000,0.02565000,1195642.60000000,TUSDT
2023-12-23 16:00:00,0.02565000,0.02591000,0.02564000,0.02588000,2657441.70000000,TUSDT
2023-12-23 17:00:00,0.02587000,0.02595000,0.02584000,0.02585000,1032792.40000000,TUSDT
2023-12-23 18:00:00,0.02588000,0.02605000,0.02581000,0.02596000,2338930.60000000,TUSDT
2023-12-23 19:00:00,0.02597000,0.02603000,0.02583000,0.02597000,3322205.50000000,TUSDT
2023-12-23 20:00:00,0.02597000,0.02611000,0.02595000,0.02603000,3822328.20000000,TUSDT
2023-12-23 21:00:00,0.02603000,0.02608000,0.02595000,0.02603000,1114126.10000000,TUSDT
2023-12-23 22:00:00,0.02603000,0.02603000,0.02592000,0.02594000,1751052.00000000,TUSDT
2023-12-23 23:00:00,0.02596000,0.02602000,0.02591000,0.02593000,3056305.50000000,TUSDT
2023-12-24 00:00:00,0.02597000,0.02597000,0.02577000,0.02586000,1859959.60000000,TUSDT
2023-12-24 01:00:00,0.02586000,0.02610000,0.02581000,0.02582000,4374178.60000000,TUSDT
2023-12-24 02:00:00,0.02584000,0.02597000,0.02574000,0.02574000,2743020.40000000,TUSDT
2023-12-24 03:00:00,0.02575000,0.02576000,0.02562000,0.02571000,2283354.60000000,TUSDT
2023-12-24 04:00:00,0.02571000,0.02594000,0.02570000,0.02589000,2397248.50000000,TUSDT
2023-12-24 05:00:00,0.02591000,0.02592000,0.02522000,0.02548000,5677037.10000000,TUSDT
2023-12-24 06:00:00,0.02547000,0.02563000,0.02520000,0.02537000,7174648.00000000,TUSDT
2023-12-24 07:00:00,0.02538000,0.02567000,0.02530000,0.02560000,2425248.70000000,TUSDT
2023-12-24 08:00:00,0.02560000,0.02561000,0.02539000,0.02553000,2815658.00000000,TUSDT
2023-12-24 09:00:00,0.02553000,0.02562000,0.02542000,0.02556000,2703020.30000000,TUSDT
2023-12-24 10:00:00,0.02558000,0.02563000,0.02516000,0.02563000,10493481.90000000,TUSDT
2023-12-24 11:00:00,0.02564000,0.02592000,0.02555000,0.02592000,5970249.60000000,TUSDT
2023-12-24 12:00:00,0.02593000,0.02597000,0.02577000,0.02588000,3734345.20000000,TUSDT
2023-12-24 13:00:00,0.02589000,0.02624000,0.02588000,0.02621000,5051138.10000000,TUSDT
2023-12-24 14:00:00,0.02621000,0.02662000,0.02621000,0.02630000,11134836.60000000,TUSDT
2023-12-24 15:00:00,0.02629000,0.02673000,0.02629000,0.02655000,10124266.50000000,TUSDT
2023-12-24 16:00:00,0.02655000,0.02661000,0.02636000,0.02655000,7307473.90000000,TUSDT
2023-12-24 17:00:00,0.02655000,0.02656000,0.02644000,0.02653000,1500725.00000000,TUSDT
2023-12-24 18:00:00,0.02655000,0.02669000,0.02646000,0.02661000,4415983.00000000,TUSDT
2023-12-24 19:00:00,0.02662000,0.02671000,0.02651000,0.02657000,1193610.80000000,TUSDT
2023-12-24 20:00:00,0.02659000,0.02663000,0.02619000,0.02626000,4255771.80000000,TUSDT
2023-12-24 21:00:00,0.02626000,0.02641000,0.02620000,0.02621000,1719430.40000000,TUSDT
2023-12-24 22:00:00,0.02621000,0.02629000,0.02552000,0.02580000,11477819.20000000,TUSDT
2023-12-24 23:00:00,0.02578000,0.02608000,0.02576000,0.02597000,5558928.20000000,TUSDT
2023-12-25 00:00:00,0.02597000,0.02605000,0.02556000,0.02580000,6765147.20000000,TUSDT
2023-12-25 01:00:00,0.02580000,0.02613000,0.02580000,0.02606000,7428456.30000000,TUSDT
2023-12-25 02:00:00,0.02605000,0.02608000,0.02566000,0.02586000,3985182.90000000,TUSDT
2023-12-25 03:00:00,0.02588000,0.02593000,0.02576000,0.02592000,3157163.40000000,TUSDT
2023-12-25 04:00:00,0.02593000,0.02621000,0.02592000,0.02607000,6191047.90000000,TUSDT
2023-12-25 05:00:00,0.02607000,0.02621000,0.02606000,0.02621000,3160026.50000000,TUSDT
2023-12-25 06:00:00,0.02622000,0.02635000,0.02616000,0.02631000,3954461.00000000,TUSDT
2023-12-25 07:00:00,0.02631000,0.02645000,0.02618000,0.02632000,5313411.80000000,TUSDT
2023-12-25 08:00:00,0.02632000,0.02657000,0.02604000,0.02604000,5228486.30000000,TUSDT
2023-12-25 09:00:00,0.02605000,0.02627000,0.02599000,0.02615000,4510238.00000000,TUSDT
2023-12-25 10:00:00,0.02614000,0.02637000,0.02608000,0.02629000,6419494.90000000,TUSDT
2023-12-25 11:00:00,0.02630000,0.02655000,0.02624000,0.02649000,13163678.50000000,TUSDT
2023-12-25 12:00:00,0.02649000,0.02695000,0.02647000,0.02688000,16254056.30000000,TUSDT
2023-12-25 13:00:00,0.02688000,0.02700000,0.02670000,0.02697000,11381913.40000000,TUSDT
2023-12-25 14:00:00,0.02697000,0.02715000,0.02692000,0.02701000,11867018.30000000,TUSDT
2023-12-25 15:00:00,0.02703000,0.02729000,0.02650000,0.02690000,12914048.90000000,TUSDT
2023-12-25 16:00:00,0.02690000,0.02700000,0.02664000,0.02673000,6629443.30000000,TUSDT
2023-12-25 17:00:00,0.02672000,0.02718000,0.02672000,0.02687000,7807354.90000000,TUSDT
2023-12-25 18:00:00,0.02689000,0.02719000,0.02688000,0.02691000,5597050.30000000,TUSDT
2023-12-25 19:00:00,0.02693000,0.02699000,0.02683000,0.02683000,2208505.00000000,TUSDT
2023-12-25 20:00:00,0.02684000,0.02688000,0.02663000,0.02683000,2901372.20000000,TUSDT
2023-12-25 21:00:00,0.02683000,0.02699000,0.02675000,0.02696000,2827310.50000000,TUSDT
2023-12-25 22:00:00,0.02696000,0.02706000,0.02690000,0.02697000,2556136.50000000,TUSDT
2023-12-25 23:00:00,0.02692000,0.02705000,0.02680000,0.02687000,7122029.60000000,TUSDT
2023-12-26 00:00:00,0.02688000,0.02695000,0.02671000,0.02677000,8094720.70000000,TUSDT
2023-12-26 01:00:00,0.02677000,0.02701000,0.02677000,0.02689000,2718463.40000000,TUSDT
2023-12-26 02:00:00,0.02688000,0.02701000,0.02686000,0.02691000,2094327.70000000,TUSDT
2023-12-26 03:00:00,0.02691000,0.02725000,0.02686000,0.02709000,5154089.00000000,TUSDT
2023-12-26 04:00:00,0.02709000,0.02711000,0.02691000,0.02707000,4686398.70000000,TUSDT
2023-12-26 05:00:00,0.02706000,0.02706000,0.02534000,0.02608000,15828885.80000000,TUSDT
2023-12-26 06:00:00,0.02609000,0.02614000,0.02578000,0.02586000,4544235.90000000,TUSDT
2023-12-26 07:00:00,0.02585000,0.02609000,0.02564000,0.02592000,5408534.50000000,TUSDT
2023-12-26 08:00:00,0.02594000,0.02604000,0.02576000,0.02596000,4118621.90000000,TUSDT
2023-12-26 09:00:00,0.02596000,0.02601000,0.02554000,0.02572000,6479278.30000000,TUSDT
2023-12-26 10:00:00,0.02571000,0.02621000,0.02564000,0.02617000,12738467.30000000,TUSDT
2023-12-26 11:00:00,0.02616000,0.02636000,0.02596000,0.02630000,7574140.20000000,TUSDT
2023-12-26 12:00:00,0.02630000,0.02673000,0.02621000,0.02673000,4835783.50000000,TUSDT
2023-12-26 13:00:00,0.02672000,0.02674000,0.02643000,0.02651000,6016301.90000000,TUSDT
2023-12-26 14:00:00,0.02651000,0.02671000,0.02631000,0.02654000,8009157.70000000,TUSDT
2023-12-26 15:00:00,0.02654000,0.02674000,0.02618000,0.02621000,8951859.40000000,TUSDT
2023-12-26 16:00:00,0.02621000,0.02650000,0.02618000,0.02634000,7552801.80000000,TUSDT
2023-12-26 17:00:00,0.02635000,0.02641000,0.02501000,0.02554000,23202098.80000000,TUSDT
2023-12-26 18:00:00,0.02554000,0.02584000,0.02547000,0.02582000,4492399.60000000,TUSDT
2023-12-26 19:00:00,0.02582000,0.02592000,0.02567000,0.02574000,3522084.50000000,TUSDT
2023-12-26 20:00:00,0.02576000,0.02604000,0.02576000,0.02584000,3943635.20000000,TUSDT
2023-12-26 21:00:00,0.02586000,0.02607000,0.02565000,0.02605000,6105298.70000000,TUSDT
2023-12-26 22:00:00,0.02607000,0.02626000,0.02602000,0.02624000,4006490.10000000,TUSDT
2023-12-26 23:00:00,0.02624000,0.02647000,0.02616000,0.02645000,2775055.90000000,TUSDT
2023-12-27 00:00:00,0.02645000,0.02659000,0.02627000,0.02628000,7387177.80000000,TUSDT
2023-12-27 01:00:00,0.02627000,0.02629000,0.02603000,0.02620000,9541613.60000000,TUSDT
2023-12-27 02:00:00,0.02620000,0.02622000,0.02559000,0.02568000,6955486.70000000,TUSDT
2023-12-27 03:00:00,0.02566000,0.02583000,0.02539000,0.02553000,8745138.90000000,TUSDT
2023-12-27 04:00:00,0.02556000,0.02582000,0.02552000,0.02571000,3388559.90000000,TUSDT
2023-12-27 05:00:00,0.02567000,0.02586000,0.02567000,0.02586000,3428420.40000000,TUSDT
2023-12-27 06:00:00,0.02586000,0.02606000,0.02584000,0.02592000,3767343.60000000,TUSDT
2023-12-27 07:00:00,0.02589000,0.02591000,0.02575000,0.02580000,2000241.00000000,TUSDT
2023-12-27 08:00:00,0.02578000,0.02613000,0.02574000,0.02606000,7250749.90000000,TUSDT
2023-12-27 09:00:00,0.02607000,0.02613000,0.02598000,0.02607000,3187614.00000000,TUSDT
2023-12-27 10:00:00,0.02607000,0.02654000,0.02603000,0.02653000,3308254.50000000,TUSDT
2023-12-27 11:00:00,0.02654000,0.02664000,0.02639000,0.02650000,5036295.30000000,TUSDT
2023-12-27 12:00:00,0.02650000,0.02658000,0.02630000,0.02641000,3603513.90000000,TUSDT
2023-12-27 13:00:00,0.02642000,0.02653000,0.02627000,0.02641000,8928006.00000000,TUSDT
2023-12-27 14:00:00,0.02641000,0.02656000,0.02619000,0.02647000,10121081.70000000,TUSDT
2023-12-27 15:00:00,0.02648000,0.02674000,0.02645000,0.02660000,3682495.60000000,TUSDT
2023-12-27 16:00:00,0.02660000,0.02679000,0.02640000,0.02641000,5691845.80000000,TUSDT
2023-12-27 17:00:00,0.02643000,0.02675000,0.02632000,0.02673000,7059691.30000000,TUSDT
2023-12-27 18:00:00,0.02674000,0.02698000,0.02663000,0.02690000,4922094.00000000,TUSDT
2023-12-27 19:00:00,0.02688000,0.02698000,0.02682000,0.02691000,2939641.40000000,TUSDT
2023-12-27 20:00:00,0.02690000,0.02711000,0.02688000,0.02707000,4878721.40000000,TUSDT
2023-12-27 21:00:00,0.02706000,0.02707000,0.02693000,0.02699000,6762596.80000000,TUSDT
2023-12-27 22:00:00,0.02699000,0.02708000,0.02682000,0.02692000,7174857.10000000,TUSDT
2023-12-27 23:00:00,0.02693000,0.02718000,0.02693000,0.02715000,9181372.40000000,TUSDT
2023-12-28 00:00:00,0.02715000,0.02748000,0.02704000,0.02726000,7272955.80000000,TUSDT
2023-12-28 01:00:00,0.02726000,0.02732000,0.02703000,0.02710000,6347994.50000000,TUSDT
2023-12-28 02:00:00,0.02711000,0.02716000,0.02689000,0.02705000,3661039.50000000,TUSDT
2023-12-28 03:00:00,0.02705000,0.02710000,0.02695000,0.02702000,2305422.20000000,TUSDT
2023-12-28 04:00:00,0.02703000,0.02719000,0.02683000,0.02703000,6367655.50000000,TUSDT
2023-12-28 05:00:00,0.02703000,0.02717000,0.02682000,0.02712000,5825188.20000000,TUSDT
2023-12-28 06:00:00,0.02711000,0.02711000,0.02669000,0.02675000,7166385.90000000,TUSDT
2023-12-28 07:00:00,0.02675000,0.02685000,0.02661000,0.02685000,7212253.20000000,TUSDT
2023-12-28 08:00:00,0.02687000,0.02700000,0.02679000,0.02686000,2788286.60000000,TUSDT
2023-12-28 09:00:00,0.02686000,0.02693000,0.02681000,0.02682000,2125206.90000000,TUSDT
2023-12-28 10:00:00,0.02683000,0.02696000,0.02681000,0.02687000,2588252.00000000,TUSDT
2023-12-28 11:00:00,0.02686000,0.02694000,0.02680000,0.02686000,1018487.50000000,TUSDT
2023-12-28 12:00:00,0.02686000,0.02686000,0.02623000,0.02626000,9462868.50000000,TUSDT
2023-12-28 13:00:00,0.02626000,0.02660000,0.02601000,0.02646000,7981629.50000000,TUSDT
2023-12-28 14:00:00,0.02647000,0.02648000,0.02600000,0.02627000,7602468.90000000,TUSDT
2023-12-28 15:00:00,0.02627000,0.02634000,0.02597000,0.02599000,5432946.00000000,TUSDT
2023-12-28 16:00:00,0.02599000,0.02606000,0.02581000,0.02600000,4984005.10000000,TUSDT
2023-12-28 17:00:00,0.02601000,0.02620000,0.02598000,0.02604000,2865226.40000000,TUSDT
2023-12-28 18:00:00,0.02602000,0.02615000,0.02590000,0.02597000,1969479.00000000,TUSDT
2023-12-28 19:00:00,0.02595000,0.02616000,0.02595000,0.02609000,2991234.40000000,TUSDT
2023-12-28 20:00:00,0.02607000,0.02611000,0.02587000,0.02604000,3362732.80000000,TUSDT
2023-12-28 21:00:00,0.02603000,0.02621000,0.02590000,0.02596000,3016024.20000000,TUSDT
2023-12-28 22:00:00,0.02596000,0.02619000,0.02591000,0.02619000,1885451.90000000,TUSDT
2023-12-28 23:00:00,0.02619000,0.02620000,0.02602000,0.02606000,5927739.70000000,TUSDT
2023-12-29 00:00:00,0.02604000,0.02608000,0.02543000,0.02558000,10767200.90000000,TUSDT
2023-12-29 01:00:00,0.02557000,0.02577000,0.02524000,0.02551000,19100489.30000000,TUSDT
2023-12-29 02:00:00,0.02551000,0.02556000,0.02533000,0.02554000,6282499.90000000,TUSDT
2023-12-29 03:00:00,0.02554000,0.02581000,0.02549000,0.02565000,5963332.80000000,TUSDT
2023-12-29 04:00:00,0.02565000,0.02574000,0.02557000,0.02572000,2530491.30000000,TUSDT
2023-12-29 05:00:00,0.02571000,0.02573000,0.02550000,0.02572000,2692524.50000000,TUSDT
2023-12-29 06:00:00,0.02571000,0.02581000,0.02568000,0.02574000,2056635.20000000,TUSDT
2023-12-29 07:00:00,0.02573000,0.02578000,0.02532000,0.02536000,5477980.10000000,TUSDT
2023-12-29 08:00:00,0.02536000,0.02575000,0.02535000,0.02573000,3253223.50000000,TUSDT
2023-12-29 09:00:00,0.02574000,0.02609000,0.02568000,0.02609000,4575871.00000000,TUSDT
2023-12-29 10:00:00,0.02610000,0.02644000,0.02608000,0.02609000,7047076.00000000,TUSDT
2023-12-29 11:00:00,0.02608000,0.02623000,0.02603000,0.02611000,3324681.50000000,TUSDT
2023-12-29 12:00:00,0.02611000,0.02612000,0.02588000,0.02593000,6200572.10000000,TUSDT
2023-12-29 13:00:00,0.02592000,0.02607000,0.02578000,0.02606000,5861955.90000000,TUSDT
2023-12-29 14:00:00,0.02605000,0.02632000,0.02595000,0.02632000,7411180.10000000,TUSDT
2023-12-29 15:00:00,0.02632000,0.02632000,0.02542000,0.02561000,11166422.00000000,TUSDT
2023-12-29 16:00:00,0.02560000,0.02574000,0.02513000,0.02513000,8463043.60000000,TUSDT
2023-12-29 17:00:00,0.02514000,0.02533000,0.02506000,0.02517000,7089019.80000000,TUSDT
2023-12-29 18:00:00,0.02514000,0.02540000,0.02514000,0.02537000,5160417.50000000,TUSDT
2023-12-29 19:00:00,0.02537000,0.02547000,0.02529000,0.02546000,2968413.20000000,TUSDT
2023-12-29 20:00:00,0.02545000,0.02545000,0.02528000,0.02536000,2662714.00000000,TUSDT
2023-12-29 21:00:00,0.02535000,0.02548000,0.02521000,0.02526000,2261862.80000000,TUSDT
2023-12-29 22:00:00,0.02527000,0.02528000,0.02484000,0.02521000,6878295.10000000,TUSDT
2023-12-29 23:00:00,0.02521000,0.02538000,0.02517000,0.02528000,2820255.70000000,TUSDT
2023-12-30 00:00:00,0.02527000,0.02540000,0.02520000,0.02532000,3099602.50000000,TUSDT
2023-12-30 01:00:00,0.02534000,0.02556000,0.02533000,0.02552000,2404467.40000000,TUSDT
2023-12-30 02:00:00,0.02552000,0.02554000,0.02523000,0.02528000,2739371.40000000,TUSDT
2023-12-30 03:00:00,0.02527000,0.02535000,0.02513000,0.02524000,2512855.10000000,TUSDT
2023-12-30 04:00:00,0.02524000,0.02535000,0.02524000,0.02525000,1553817.80000000,TUSDT
2023-12-30 05:00:00,0.02525000,0.02543000,0.02518000,0.02542000,4153287.80000000,TUSDT
2023-12-30 06:00:00,0.02543000,0.02547000,0.02531000,0.02542000,3839541.80000000,TUSDT
2023-12-30 07:00:00,0.02543000,0.02548000,0.02525000,0.02528000,2054464.50000000,TUSDT
2023-12-30 08:00:00,0.02528000,0.02528000,0.02455000,0.02470000,13634666.90000000,TUSDT
2023-12-30 09:00:00,0.02472000,0.02486000,0.02452000,0.02468000,3069410.10000000,TUSDT
2023-12-30 10:00:00,0.02466000,0.02478000,0.02464000,0.02478000,2508882.60000000,TUSDT
2023-12-30 11:00:00,0.02479000,0.02487000,0.02473000,0.02479000,1742466.30000000,TUSDT
2023-12-30 12:00:00,0.02479000,0.02496000,0.02476000,0.02479000,2255084.10000000,TUSDT
2023-12-30 13:00:00,0.02480000,0.02483000,0.02467000,0.02479000,4479228.30000000,TUSDT
2023-12-30 14:00:00,0.02480000,0.02492000,0.02478000,0.02489000,4608870.00000000,TUSDT
2023-12-30 15:00:00,0.02489000,0.02507000,0.02482000,0.02506000,5110363.90000000,TUSDT
2023-12-30 16:00:00,0.02506000,0.02512000,0.02493000,0.02498000,5791226.20000000,TUSDT
2023-12-30 17:00:00,0.02498000,0.02517000,0.02492000,0.02515000,3396772.50000000,TUSDT
2023-12-30 18:00:00,0.02515000,0.02525000,0.02507000,0.02519000,2306053.10000000,TUSDT
2023-12-30 19:00:00,0.02518000,0.02521000,0.02509000,0.02511000,1237168.40000000,TUSDT
2023-12-30 20:00:00,0.02510000,0.02517000,0.02499000,0.02500000,869828.60000000,TUSDT
2023-12-30 21:00:00,0.02501000,0.02507000,0.02500000,0.02504000,260852.90000000,TUSDT
